#cV2024 12 29  0  0  0.00000000    5040 SLR   ECF   FIT JCET
## 2347   18.000000         120.000000 60673   0.0000000    
+    1   L51  0  0  0  0  0  0  0  0  0  0  0  0  0  0  0  0
+          0  0  0  0  0  0  0  0  0  0  0  0  0  0  0  0  0
+          0  0  0  0  0  0  0  0  0  0  0  0  0  0  0  0  0
+          0  0  0  0  0  0  0  0  0  0  0  0  0  0  0  0  0
+          0  0  0  0  0  0  0  0  0  0  0  0  0  0  0  0  0
++       000000000000000000000000000000000000000000000000000
++       000000000000000000000000000000000000000000000000000
++       000000000000000000000000000000000000000000000000000
++       000000000000000000000000000000000000000000000000000
++       000000000000000000000000000000000000000000000000000
%c L  cc UTC ccc cccc cccc cccc cccc ccccc ccccc ccccc ccccc
%c cc cc ccc ccc cccc cccc cccc cccc ccccc ccccc ccccc ccccc
%f  0.0000000  0.000000000  0.00000000000  0.000000000000000
%f  0.0000000  0.000000000  0.00000000000  0.000000000000000
%i    0    0    0    0      0      0      0      0         0
%i    0    0    0    0      0      0      0      0         0
/* CCCCCCCCCCCCCCCCCCCCCCCCCCCCCCCCCCCCCCCCCCCCCCCCCCCCCCCCC
/*  ECF (IERS/ITRF) orbital product from JCET ILRS AC       
/* jcet.pos+eop.250104.v80.snx.gz                           
/* CCCCCCCCCCCCCCCCCCCCCCCCCCCCCCCCCCCCCCCCCCCCCCCCCCCCCCCCC
*  2024 12 29  0  0   0.00000000                            
PL51  -2021.643565 -12000.660694  -1390.309889              
VL51 -28956.079012  -1042.398977  53351.829608              
*  2024 12 29  0  2   0.00000000                            
PL51  -2365.844024 -11991.852990   -748.247764              
VL51 -28385.654726   2508.709910  53630.658372              
*  2024 12 29  0  4   0.00000000                            
PL51  -2702.303063 -11940.518081   -103.844765              
VL51 -27666.199760   6043.214670  53741.830970              
*  2024 12 29  0  6   0.00000000                            
PL51  -3029.246584 -11846.936204    540.883112              
VL51 -26800.209400   9547.631561  53684.750029              
*  2024 12 29  0  8   0.00000000                            
PL51  -3344.934626 -11711.548782   1183.915949              
VL51 -25790.876337  13008.589188  53459.360695              
*  2024 12 29  0 10   0.00000000                            
PL51  -3647.669672 -11534.956740   1823.236444              
VL51 -24642.079832  16412.884738  53066.153768              
*  2024 12 29  0 12   0.00000000                            
PL51  -3935.804807 -11317.918145   2456.836465              
VL51 -23358.371454  19747.539798  52506.166768              
*  2024 12 29  0 14   0.00000000                            
PL51  -4207.751680 -11061.345183   3082.723605              
VL51 -21944.957448  22999.855481  51780.982897              
*  2024 12 29  0 16   0.00000000                            
PL51  -4461.988241 -10766.300478   3698.927717              
VL51 -20407.677774  26157.466529  50892.727873              
*  2024 12 29  0 18   0.00000000                            
PL51  -4697.066202 -10433.992773   4303.507389              
VL51 -18752.981929  29208.394119  49844.064638              
*  2024 12 29  0 20   0.00000000                            
PL51  -4911.618194 -10065.771977   4894.556355              
VL51 -16987.901641  32141.097064  48638.185935              
*  2024 12 29  0 22   0.00000000                            
PL51  -5104.364567  -9663.123622   5470.209791              
VL51 -15120.020576  34944.521149  47278.804792              
*  2024 12 29  0 24   0.00000000                            
PL51  -5274.119827  -9227.662734   6028.650498              
VL51 -13157.441206  37608.146304  45770.142944              
*  2024 12 29  0 26   0.00000000                            
PL51  -5419.798643  -8761.127145   6568.114919              
VL51 -11108.748995  40122.031391  44116.917236              
*  2024 12 29  0 28   0.00000000                            
PL51  -5540.421415  -8265.370299   7086.898996              
VL51  -8982.974105  42476.856340  42324.324079              
*  2024 12 29  0 30   0.00000000                            
PL51  -5635.119375  -7742.353555   7583.363818              
VL51  -6789.550801  44663.961423  40398.022025              
*  2024 12 29  0 32   0.00000000                            
PL51  -5703.139177  -7194.138043   8055.941053              
VL51  -4538.274788  46675.383465  38344.112546              
*  2024 12 29  0 34   0.00000000                            
PL51  -5743.846969  -6622.876108   8503.138143              
VL51  -2239.258693  48503.888790  36169.119114              
*  2024 12 29  0 36   0.00000000                            
PL51  -5756.731924  -6030.802370   8923.543231              
VL51     97.114066  50143.002767  33879.964693              
*  2024 12 29  0 38   0.00000000                            
PL51  -5741.409203  -5420.224460   9315.829812              
VL51   2460.236785  51587.035807  31483.947739              
*  2024 12 29  0 40   0.00000000                            
PL51  -5697.622345  -4793.513460   9678.761089              
VL51   4839.328093  52831.105686  28988.716843              
*  2024 12 29  0 42   0.00000000                            
PL51  -5625.245065  -4153.094099  10011.194020              
VL51   7223.481457  53871.156140  26402.244126              
*  2024 12 29  0 44   0.00000000                            
PL51  -5524.282458  -3501.434751  10312.083027              
VL51   9601.715292  54703.971615  23732.797515              
*  2024 12 29  0 46   0.00000000                            
PL51  -5394.871597  -2841.037276  10580.483381              
VL51  11963.023440  55327.188176  20988.912028              
*  2024 12 29  0 48   0.00000000                            
PL51  -5237.281522  -2174.426752  10815.554230              
VL51  14296.425762  55739.300512  18179.360189              
*  2024 12 29  0 50   0.00000000                            
PL51  -5051.912626  -1504.141154  11016.561263              
VL51  16591.018581  55939.665047  15313.121718              
*  2024 12 29  0 52   0.00000000                            
PL51  -4839.295438   -832.721011  11182.879015              
VL51  18836.024746  55928.499193  12399.352623              
*  2024 12 29  0 54   0.00000000                            
PL51  -4600.088805   -162.699097  11313.992796              
VL51  21020.843055  55706.876750   9447.353815              
*  2024 12 29  0 56   0.00000000                            
PL51  -4335.077491    503.409796  11409.500237              
VL51  23135.096828  55276.719559   6466.539389              
*  2024 12 29  0 58   0.00000000                            
PL51  -4045.169192   1163.118971  11469.112457              
VL51  25168.681380  54640.785447   3466.404690              
*  2024 12 29  1  0   0.00000000                            
PL51  -3731.391000   1813.979761  11492.654846              
VL51  27111.810205  53802.652577    456.494264              
*  2024 12 29  1  2   0.00000000                            
PL51  -3394.885310   2453.591267  11480.067465              
VL51  28955.059629  52766.700309  -2553.630158              
*  2024 12 29  1  4   0.00000000                            
PL51  -3036.905209   3079.609838  11431.405060              
VL51  30689.411760  51538.086677  -5554.421562              
*  2024 12 29  1  6   0.00000000                            
PL51  -2658.809357   3689.758265  11346.836691              
VL51  32306.295533  50122.722629  -8536.379305              
*  2024 12 29  1  8   0.00000000                            
PL51  -2262.056391   4281.834643  11226.644995              
VL51  33797.625661  48527.243167 -11490.080410              
*  2024 12 29  1 10   0.00000000                            
PL51  -1848.198872   4853.720875  11071.225060              
VL51  35155.839333  46758.975541 -14406.210414              
*  2024 12 29  1 12   0.00000000                            
PL51  -1418.876806   5403.390775  10881.082949              
VL51  36373.930509  44825.904683 -17275.593635              
*  2024 12 29  1 14   0.00000000                            
PL51   -975.810772   5928.917734  10656.833850              
VL51  37445.481648  42736.636043 -20089.222780              
*  2024 12 29  1 16   0.00000000                            
PL51   -520.794683   6428.481936  10399.199882              
VL51  38364.692763  40500.356030 -22838.287790              
*  2024 12 29  1 18   0.00000000                            
PL51    -55.688210   6900.377083  10109.007565              
VL51  39126.407670  38126.790249 -25514.203826              
*  2024 12 29  1 20   0.00000000                            
PL51    417.591078   7343.016597   9787.184945              
VL51  39726.137339  35626.159737 -28108.638321              
*  2024 12 29  1 22   0.00000000                            
PL51    897.075854   7754.939300   9434.758419              
VL51  40160.080252  33009.135414 -30613.537012              
*  2024 12 29  1 24   0.00000000                            
PL51   1380.757383   8134.814531   9052.849237              
VL51  40425.139692  30286.790953 -33021.148863              
*  2024 12 29  1 26   0.00000000                            
PL51   1866.594073   8481.446685   8642.669725              
VL51  40518.937903  27470.554293 -35324.049835              
*  2024 12 29  1 28   0.00000000                            
PL51   2352.520167   8793.779172   8205.519220              
VL51  40439.827071  24572.158016 -37515.165398              
*  2024 12 29  1 30   0.00000000                            
PL51   2836.454555   9070.897769   7742.779751              
VL51  40186.897091  21603.588812 -39587.791756              
*  2024 12 29  1 32   0.00000000                            
PL51   3316.309658   9312.033360   7255.911468              
VL51  39759.980092  18577.036240 -41535.615688              
*  2024 12 29  1 34   0.00000000                            
PL51   3790.000340   9516.564064   6746.447843              
VL51  39159.651722  15504.841049 -43352.732976              
*  2024 12 29  1 36   0.00000000                            
PL51   4255.452831   9684.016736   6215.990659              
VL51  38387.229200  12399.443246 -45033.665333              
*  2024 12 29  1 38   0.00000000                            
PL51   4710.613589   9814.067848   5666.204807              
VL51  37444.766158   9273.330177 -46573.375810              
*  2024 12 29  1 40   0.00000000                            
PL51   5153.458094   9906.543745   5098.812900              
VL51  36335.044319   6138.984837 -47967.282615              
*  2024 12 29  1 42   0.00000000                            
PL51   5581.999523   9961.420285   4515.589743              
VL51  35061.562079   3008.834643 -49211.271319              
*  2024 12 29  1 44   0.00000000                            
PL51   5994.297259   9978.821868   3918.356654              
VL51  33628.520055   -104.799113 -50301.705429              
*  2024 12 29  1 46   0.00000000                            
PL51   6388.465223   9959.019866   3308.975678              
VL51  32040.803699  -3189.750891 -51235.435298              
*  2024 12 29  1 48   0.00000000                            
PL51   6762.679969   9902.430457   2689.343695              
VL51  30303.963083  -6234.059433 -52009.805382              
*  2024 12 29  1 50   0.00000000                            
PL51   7115.188528   9809.611894   2061.386460              
VL51  28424.189961  -9226.014968 -52622.659836              
*  2024 12 29  1 52   0.00000000                            
PL51   7444.315954   9681.261208   1427.052578              
VL51  26408.292245 -12154.204915 -53072.346447              
*  2024 12 29  1 54   0.00000000                            
PL51   7748.472555   9518.210376    788.307450              
VL51  24263.666013 -15007.557911 -53357.718944              
*  2024 12 29  1 56   0.00000000                            
PL51   8026.160771   9321.421975    147.127187              
VL51  21998.265221 -17775.385975 -53478.137673              
*  2024 12 29  1 58   0.00000000                            
PL51   8275.981675   9091.984332   -494.507456              
VL51  19620.569244 -20447.424678 -53433.468692              
*  2024 12 29  2  0   0.00000000                            
PL51   8496.641073   8831.106217  -1134.617141              
VL51  17139.548430 -23013.871147 -53224.081306              
*  2024 12 29  2  2   0.00000000                            
PL51   8686.955182   8540.111084  -1771.229961              
VL51  14564.627826 -25465.419793 -52850.844089              
*  2024 12 29  2  4   0.00000000                            
PL51   8845.855857   8220.430905  -2402.387403              
VL51  11905.649250 -27793.295645 -52315.119440              
*  2024 12 29  2  6   0.00000000                            
PL51   8972.395361   7873.599610  -3026.150231              
VL51   9172.831886 -29989.285179 -51618.756723              
*  2024 12 29  2  8   0.00000000                            
PL51   9065.750648   7501.246180  -3640.604281              
VL51   6376.731577 -32045.764569 -50764.084059              
*  2024 12 29  2 10   0.00000000                            
PL51   9125.227153   7105.087416  -4243.866155              
VL51   3528.198997 -33955.725285 -49753.898812              
*  2024 12 29  2 12   0.00000000                            
PL51   9150.262074   6686.920412  -4834.088785              
VL51    638.336872 -35712.796978 -48591.456854              
*  2024 12 29  2 14   0.00000000                            
PL51   9140.427137   6248.614777  -5409.466863              
VL51  -2281.543564 -37311.267620 -47280.460656              
*  2024 12 29  2 16   0.00000000                            
PL51   9095.430835   5792.104625  -5968.242129              
VL51  -5219.966720 -38746.100858 -45825.046285              
*  2024 12 29  2 18   0.00000000                            
PL51   9015.120130   5319.380377  -6508.708486              
VL51  -8165.337229 -40012.950578 -44229.769366              
*  2024 12 29  2 20   0.00000000                            
PL51   8899.481622   4832.480409  -7029.216949              
VL51 -11105.984796 -41108.172658 -42499.590072              
*  2024 12 29  2 22   0.00000000                            
PL51   8748.642181   4333.482565  -7528.180400              
VL51 -14030.209158 -42028.833928 -40639.857228              
*  2024 12 29  2 24   0.00000000                            
PL51   8562.869035   3824.495590  -8004.078159              
VL51 -16926.324992 -42772.718355 -38656.291570              
*  2024 12 29  2 26   0.00000000                            
PL51   8342.569322   3307.650501  -8455.460337              
VL51 -19782.706627 -43338.330467 -36554.968247              
*  2024 12 29  2 28   0.00000000                            
PL51   8088.289109   2785.091932  -8880.951983              
VL51 -22587.832424 -43724.896066 -34342.298618              
*  2024 12 29  2 30   0.00000000                            
PL51   7800.711877   2258.969488  -9279.257006              
VL51 -25330.328677 -43932.360280 -32025.011403              
*  2024 12 29  2 32   0.00000000                            
PL51   7480.656488   1731.429137  -9649.161868              
VL51 -27999.012923 -43961.382989 -29610.133252              
*  2024 12 29  2 34   0.00000000                            
PL51   7129.074634   1204.604676  -9989.539036              
VL51 -30582.936525 -43813.331703 -27104.968772              
*  2024 12 29  2 36   0.00000000                            
PL51   6747.047776    680.609291 -10299.350200              
VL51 -33071.426427 -43490.271948 -24517.080062              
*  2024 12 29  2 38   0.00000000                            
PL51   6335.783595    161.527256 -10577.649236              
VL51 -35454.125967 -42994.955221 -21854.265793              
*  2024 12 29  2 40   0.00000000                            
PL51   5896.611955   -350.594221 -10823.584915              
VL51 -37721.034630 -42330.804587 -19124.539874              
*  2024 12 29  2 42   0.00000000                            
PL51   5430.980394   -853.752955 -11036.403360              
VL51 -39862.546668 -41501.897991 -16336.109728              
*  2024 12 29  2 44   0.00000000                            
PL51   4940.449164  -1345.999532 -11215.450234              
VL51 -41869.488452 -40512.949351 -13497.354211              
*  2024 12 29  2 46   0.00000000                            
PL51   4426.685826  -1825.444818 -11360.172660              
VL51 -43733.154494 -39369.287506 -10616.801200              
*  2024 12 29  2 48   0.00000000                            
PL51   3891.459426  -2290.267197 -11470.120880              
VL51 -45445.342017 -38076.833096  -7703.104863              
*  2024 12 29  2 50   0.00000000                            
PL51   3336.634260  -2738.719529 -11544.949626              
VL51 -46998.383996 -36642.073446  -4765.022646              
*  2024 12 29  2 52   0.00000000                            
PL51   2764.163256  -3169.135788 -11584.419224              
VL51 -48385.180571 -35072.035537  -1811.391975              
*  2024 12 29  2 54   0.00000000                            
PL51   2176.080987  -3579.937366 -11588.396412              
VL51 -49599.228732 -33374.257126   1148.893304              
*  2024 12 29  2 56   0.00000000                            
PL51   1574.496344  -3969.639019 -11556.854871              
VL51 -50634.650193 -31556.756110   4106.906720              
*  2024 12 29  2 58   0.00000000                            
PL51    961.584874  -4336.854439 -11489.875479              
VL51 -51486.217341 -29627.998195   7053.713210              
*  2024 12 29  3  0   0.00000000                            
PL51    339.580833  -4680.301425 -11387.646263              
VL51 -52149.377176 -27596.862972   9980.393353              
*  2024 12 29  3  2   0.00000000                            
PL51   -289.231044  -4998.806636 -11250.462067              
VL51 -52620.273139 -25472.608463  12878.067787              
*  2024 12 29  3  4   0.00000000                            
PL51   -922.524023  -5291.309917 -11078.723925              
VL51 -52895.764718 -23264.834245  15737.921790              
*  2024 12 29  3  6   0.00000000                            
PL51  -1557.938067  -5556.868164 -10872.938137              
VL51 -52973.444753 -20983.443236  18551.229986              
*  2024 12 29  3  8   0.00000000                            
PL51  -2193.088729  -5794.658733 -10633.715046              
VL51 -52851.654327 -18638.602243  21309.381145              
*  2024 12 29  3 10   0.00000000                            
PL51  -2825.576208  -6003.982362 -10361.767521              
VL51 -52529.495142 -16240.701375  24003.903053              
*  2024 12 29  3 12   0.00000000                            
PL51  -3452.994537  -6184.265602 -10057.909140              
VL51 -52006.839292 -13800.312428  26626.487386              
*  2024 12 29  3 14   0.00000000                            
PL51  -4072.940873  -6335.062746  -9723.052072              
VL51 -51284.336318 -11328.146362  29169.014568              
*  2024 12 29  3 16   0.00000000                            
PL51  -4683.024855  -6456.057233  -9358.204665              
VL51 -50363.417464  -8835.009988  31623.578525              
*  2024 12 29  3 18   0.00000000                            
PL51  -5280.877996  -6547.062544  -8964.468736              
VL51 -49246.297027  -6331.762001  33982.511292              
*  2024 12 29  3 20   0.00000000                            
PL51  -5864.163070  -6608.022550  -8543.036566              
VL51 -47935.970726  -3829.268503  36238.407382              
*  2024 12 29  3 22   0.00000000                            
PL51  -6430.583470  -6639.011337  -8095.187609              
VL51 -46436.211003  -1338.358165  38384.147855              
*  2024 12 29  3 24   0.00000000                            
PL51  -6977.892477  -6640.232485  -7622.284906              
VL51 -44751.559197   1130.222806  40412.923967              
*  2024 12 29  3 26   0.00000000                            
PL51  -7503.902432  -6612.017809  -7125.771226              
VL51 -42887.314530   3565.855725  42318.260341              
*  2024 12 29  3 28   0.00000000                            
PL51  -8006.493740  -6554.825558  -6607.164930              
VL51 -40849.519861   5958.094335  44094.037522              
*  2024 12 29  3 30   0.00000000                            
PL51  -8483.623700  -6469.238078  -6068.055566              
VL51 -38644.944184   8296.709363  45734.513840              
*  2024 12 29  3 32   0.00000000                            
PL51  -8933.335093  -6355.958944  -5510.099212              
VL51 -36281.061862  10571.732539  47234.346447              
*  2024 12 29  3 34   0.00000000                            
PL51  -9353.764503  -6215.809569  -4935.013564              
VL51 -33766.028589  12773.499865  48588.611423              
*  2024 12 29  3 36   0.00000000                            
PL51  -9743.150339  -6049.725294  -4344.572795              
VL51 -31108.654129  14892.693940  49792.822837              
*  2024 12 29  3 38   0.00000000                            
PL51 -10099.840499  -5858.750985  -3740.602195              
VL51 -28318.371860  16920.385104  50842.950636              
*  2024 12 29  3 40   0.00000000                            
PL51 -10422.299658  -5644.036136  -3124.972592              
VL51 -25405.205200  18848.071211  51735.437251              
*  2024 12 29  3 42   0.00000000                            
PL51 -10709.116130  -5406.829510  -2499.594593              
VL51 -22379.731013  20667.715795  52467.212803              
*  2024 12 29  3 44   0.00000000                            
PL51 -10959.008276  -5148.473332  -1866.412652              
VL51 -19253.040089  22371.784428  53035.708791              
*  2024 12 29  3 46   0.00000000                            
PL51 -11170.830421  -4870.397056  -1227.398971              
VL51 -16036.694864  23953.279041  53438.870167              
*  2024 12 29  3 48   0.00000000                            
PL51 -11343.578244  -4574.110730   -584.547283              
VL51 -12742.684510  25405.770021  53675.165675              
*  2024 12 29  3 50   0.00000000                            
PL51 -11476.393620  -4261.197999     60.133493              
VL51  -9383.377613  26723.425864  53743.596382              
*  2024 12 29  3 52   0.00000000                            
PL51 -11568.568877  -3933.308761    704.625678              
VL51  -5971.472613  27901.040209  53643.702299              
*  2024 12 29  3 54   0.00000000                            
PL51 -11619.550447  -3592.151516   1346.909331              
VL51  -2519.946263  28934.056063  53375.567031              
*  2024 12 29  3 56   0.00000000                            
PL51 -11628.941885  -3239.485446   1984.968788              
VL51    957.999665  29818.587062  52939.820393              
*  2024 12 29  3 58   0.00000000                            
PL51 -11596.506246  -2877.112249   2616.799228              
VL51   4448.993153  30551.435628  52337.638946              
*  2024 12 29  4  0   0.00000000                            
PL51 -11522.167792  -2506.867790   3240.413218              
VL51   7939.547927  31130.107873  51570.744424              
*  2024 12 29  4  2   0.00000000                            
PL51 -11406.013021  -2130.613575   3853.847242              
VL51  11416.120351  31552.825166  50641.400025              
*  2024 12 29  4  4   0.00000000                            
PL51 -11248.291009  -1750.228121   4455.168163              
VL51  14865.166955  31818.532265  49552.404577              
*  2024 12 29  4  6   0.00000000                            
PL51 -11049.413067  -1367.598245   5042.479603              
VL51  18273.202277  31926.901942  48307.084571              
*  2024 12 29  4  8   0.00000000                            
PL51 -10809.951693   -984.610312   5613.928221              
VL51  21626.856707  31878.336074  46909.284110              
*  2024 12 29  4 10   0.00000000                            
PL51 -10530.638837   -603.141501   6167.709850              
VL51  24912.934037  31673.963168  45363.352789              
*  2024 12 29  4 12   0.00000000                            
PL51 -10212.363477   -225.051120   6702.075482              
VL51  28118.468393  31315.632331  43674.131582              
*  2024 12 29  4 14   0.00000000                            
PL51  -9856.168520    147.827993   7215.337069              
VL51  31230.780267  30805.903713  41846.936794              
*  2024 12 29  4 16   0.00000000                            
PL51  -9463.247035    513.697923   7705.873123              
VL51  34237.531335  30148.035471  39887.542162              
*  2024 12 29  4 18   0.00000000                            
PL51  -9034.937833    870.803959   8172.134087              
VL51  37126.777804  29345.967334  37802.159188              
*  2024 12 29  4 20   0.00000000                            
PL51  -8572.720429   1217.442663   8612.647463              
VL51  39887.021990  28404.300855  35597.415808              
*  2024 12 29  4 22   0.00000000                            
PL51  -8078.209381   1551.969669   9026.022675              
VL51  42507.261900  27328.276462  33280.333494              
*  2024 12 29  4 24   0.00000000                            
PL51  -7553.148061   1872.807204   9410.955641              
VL51  44977.038548  26123.747448  30858.302900              
*  2024 12 29  4 26   0.00000000                            
PL51  -6999.401863   2178.451267   9766.233057              
VL51  47286.480793  24797.151038  28339.058166              
*  2024 12 29  4 28   0.00000000                            
PL51  -6418.950897   2467.478450  10090.736356              
VL51  49426.347481  23355.476695  25730.650004              
*  2024 12 29  4 30   0.00000000                            
PL51  -5813.882191   2738.552364  10383.445336              
VL51  51388.066689  21806.231847  23041.417684              
*  2024 12 29  4 32   0.00000000                            
PL51  -5186.381434   2990.429631  10643.441457              
VL51  53163.771904  20157.405223  20279.960056              
*  2024 12 29  4 34   0.00000000                            
PL51  -4538.724319   3221.965435  10869.910772              
VL51  54746.334967  18417.427997  17455.105734              
*  2024 12 29  4 36   0.00000000                            
PL51  -3873.267493   3432.118585  11062.146504              
VL51  56129.395645  16595.132956  14575.882586              
*  2024 12 29  4 38   0.00000000                            
PL51  -3192.439188   3619.956081  11219.551251              
VL51  57307.387729  14699.711909  11651.486661              
*  2024 12 29  4 40   0.00000000                            
PL51  -2498.729553   3784.657159  11341.638814              
VL51  58275.561550  12740.671568   8691.250688              
*  2024 12 29  4 42   0.00000000                            
PL51  -1794.680736   3925.516798  11428.035651              
VL51  59030.002853  10727.788125   5704.612279              
*  2024 12 29  4 44   0.00000000                            
PL51  -1082.876766   4041.948676  11478.481939              
VL51  59567.647974   8671.060768   2701.081964              
*  2024 12 29  4 46   0.00000000                            
PL51   -365.933273   4133.487564  11492.832257              
VL51  59886.295295   6580.664358   -309.788838              
*  2024 12 29  4 48   0.00000000                            
PL51    353.512905   4199.791145  11471.055889              
VL51  59984.612949   4466.901511  -3318.439772              
*  2024 12 29  4 50   0.00000000                            
PL51   1072.814189   4240.641259  11413.236738              
VL51  59862.142785   2340.154306  -6315.333345              
*  2024 12 29  4 52   0.00000000                            
PL51   1789.322746   4255.944566  11319.572860              
VL51  59519.300600    210.835851  -9290.986439              
*  2024 12 29  4 54   0.00000000                            
PL51   2500.400964   4245.732627  11190.375628              
VL51  58957.372664  -1910.658058 -12236.001450              
*  2024 12 29  4 56   0.00000000                            
PL51   3203.431850   4210.161408  11026.068519              
VL51  58178.508576  -4013.996976 -15141.096942              
*  2024 12 29  4 58   0.00000000                            
PL51   3895.829340   4149.510211  10827.185539              
VL51  57185.710517  -6088.963315 -17997.137730              
*  2024 12 29  5  0   0.00000000                            
PL51   4575.048437   4064.180037  10594.369292              
VL51  55982.818953  -8125.499101 -20795.164275              
*  2024 12 29  5  2   0.00000000                            
PL51   5238.595176   3954.691398  10328.368698              
VL51  54574.494882 -10113.751780 -23526.421318              
*  2024 12 29  5  4   0.00000000                            
PL51   5884.036340   3821.681576  10030.036377              
VL51  52966.198732 -12044.118855 -26182.385646              
*  2024 12 29  5  6   0.00000000                            
PL51   6509.008916   3665.901368   9700.325699              
VL51  51164.165994 -13907.291177 -28754.792913              
*  2024 12 29  5  8   0.00000000                            
PL51   7111.229230   3488.211312   9340.287525              
VL51  49175.379754 -15694.294672 -31235.663426              
*  2024 12 29  5 10   0.00000000                            
PL51   7688.501741   3289.577421   8951.066639              
VL51  47007.540219 -17396.530351 -33617.326827              
*  2024 12 29  5 12   0.00000000                            
PL51   8238.727447   3071.066456   8533.897895              
VL51  44669.031422 -19005.812412 -35892.445578              
*  2024 12 29  5 14   0.00000000                            
PL51   8759.911878   2833.840747   8090.102090              
VL51  42168.885234 -20514.404281 -38054.037190              
*  2024 12 29  5 16   0.00000000                            
PL51   9250.172645   2579.152596   7621.081576              
VL51  39516.742881 -21915.052433 -40095.495121              
*  2024 12 29  5 18   0.00000000                            
PL51   9707.746504   2308.338290   7128.315627              
VL51  36722.814139 -23201.017860 -42010.608270              
*  2024 12 29  5 20   0.00000000                            
PL51  10130.995928   2022.811754   6613.355589              
VL51  33797.834403 -24366.105045 -43793.579022              
*  2024 12 29  5 22   0.00000000                            
PL51  10518.415144   1724.057862   6077.819814              
VL51  30753.019841 -25404.688352 -45439.039789              
*  2024 12 29  5 24   0.00000000                            
PL51  10868.635625   1413.625458   5523.388409              
VL51  27600.020842 -26311.735700 -46942.067997              
*  2024 12 29  5 26   0.00000000                            
PL51  11180.431016   1093.120103   4951.797814              
VL51  24350.873973 -27082.829463 -48298.199492              
*  2024 12 29  5 28   0.00000000                            
PL51  11452.721472    764.196591   4364.835229              
VL51  21017.952669 -27714.184508 -49503.440332              
*  2024 12 29  5 30   0.00000000                            
PL51  11684.577398    428.551266   3764.332910              
VL51  17613.916886 -28202.663323 -50554.276940              
*  2024 12 29  5 32   0.00000000                            
PL51  11875.222583     87.914175   3152.162346              
VL51  14151.661940 -28545.788183 -51447.684610              
*  2024 12 29  5 34   0.00000000                            
PL51  12024.036711   -255.958911   2530.228358              
VL51  10644.266760 -28741.750342 -52181.134350              
*  2024 12 29  5 36   0.00000000                            
PL51  12130.557259   -601.294559   1900.463113              
VL51   7104.941795 -28789.416228 -52752.598072              
*  2024 12 29  5 38   0.00000000                            
PL51  12194.480754   -946.309805   1264.820091              
VL51   3546.976782 -28688.330643 -53160.552117              
*  2024 12 29  5 40   0.00000000                            
PL51  12215.663415  -1289.220293    625.268018              
VL51    -16.311370 -28438.716993 -53403.979161              
*  2024 12 29  5 42   0.00000000                            
PL51  12194.121169  -1628.248409    -16.215211              
VL51  -3571.630395 -28041.474576 -53482.368485              
*  2024 12 29  5 44   0.00000000                            
PL51  12130.029044  -1961.631358   -657.648606              
VL51  -7105.763933 -27498.172971 -53395.714668              
*  2024 12 29  5 46   0.00000000                            
PL51  12023.719958  -2287.629162  -1297.054132              
VL51 -10605.622054 -26811.043590 -53144.514729              
*  2024 12 29  5 48   0.00000000                            
PL51  11875.682900  -2604.532536  -1932.462710              
VL51 -14058.290837 -25982.968465 -52729.763754              
*  2024 12 29  5 50   0.00000000                            
PL51  11686.560526  -2910.670614  -2561.920163              
VL51 -17451.080807 -25017.466351 -52152.949073              
*  2024 12 29  5 52   0.00000000                            
PL51  11457.146186  -3204.418495  -3183.493079              
VL51 -20771.574062 -23918.676246 -51416.043028              
*  2024 12 29  5 54   0.00000000                            
PL51  11188.380382  -3484.204575  -3795.274582              
VL51 -24007.669910 -22691.338422 -50521.494403              
*  2024 12 29  5 56   0.00000000                            
PL51  10881.346703  -3748.517632  -4395.389994              
VL51 -27147.628874 -21340.773089 -49472.218572              
*  2024 12 29  5 58   0.00000000                            
PL51  10537.267232  -3995.913653  -4982.002363              
VL51 -30180.114916 -19872.856807 -48271.586438              
*  2024 12 29  6  0   0.00000000                            
PL51  10157.497462  -4225.022351  -5553.317861              
VL51 -33094.235759 -18293.996765 -46923.412225              
*  2024 12 29  6  2   0.00000000                            
PL51   9743.520736  -4434.553375  -6107.591027              
VL51 -35879.581185 -16611.103066 -45431.940195              
*  2024 12 29  6  4   0.00000000                            
PL51   9296.942247  -4623.302162  -6643.129839              
VL51 -38526.259222 -14831.559149 -43801.830360              
*  2024 12 29  6  6   0.00000000                            
PL51   8819.482611  -4790.155438  -7158.300613              
VL51 -41024.930113 -12963.190465 -42038.143246              
*  2024 12 29  6  8   0.00000000                            
PL51   8312.971047  -4934.096319  -7651.532715              
VL51 -43366.838003 -11014.231575 -40146.323792              
*  2024 12 29  6 10   0.00000000                            
PL51   7779.338194  -5054.209023  -8121.323073              
VL51 -45543.840277  -8993.291778 -38132.184431              
*  2024 12 29  6 12   0.00000000                            
PL51   7220.608588  -5149.683147  -8566.240481              
VL51 -47548.434484  -6909.319424 -36001.887434              
*  2024 12 29  6 14   0.00000000                            
PL51   6638.892828  -5219.817521  -8984.929688              
VL51 -49373.782819  -4771.565040 -33761.926558              
*  2024 12 29  6 16   0.00000000                            
PL51   6036.379469  -5264.023604  -9376.115262              
VL51 -51013.734116  -2589.543415 -31419.108072              
*  2024 12 29  6 18   0.00000000                            
PL51   5415.326660  -5281.828425  -9738.605224              
VL51 -52462.843336   -372.994765 -28980.531202              
*  2024 12 29  6 20   0.00000000                            
PL51   4778.053568  -5272.877049 -10071.294444              
VL51 -53716.388535   1868.154883 -26453.568041              
*  2024 12 29  6 22   0.00000000                            
PL51   4126.931613  -5236.934570 -10373.167790              
VL51 -54770.385285   4123.833963 -23845.842972              
*  2024 12 29  6 24   0.00000000                            
PL51   3464.375541  -5173.887607 -10643.303032              
VL51 -55621.598560   6383.866169 -21165.211638              
*  2024 12 29  6 26   0.00000000                            
PL51   2792.834372  -5083.745319 -10880.873489              
VL51 -56267.552069   8638.011654 -18419.739493              
*  2024 12 29  6 28   0.00000000                            
PL51   2114.782259  -4966.639917 -11085.150415              
VL51 -56706.535036  10876.008506 -15617.679966              
*  2024 12 29  6 30   0.00000000                            
PL51   1432.709264  -4822.826680 -11255.505123              
VL51 -56937.606442  13087.614379 -12767.452273              
*  2024 12 29  6 32   0.00000000                            
PL51    749.112115  -4652.683467 -11391.410837              
VL51 -56960.596728  15262.648151  -9877.618897              
*  2024 12 29  6 34   0.00000000                            
PL51     66.484948  -4456.709737 -11492.444277              
VL51 -56776.106964  17391.031488  -6956.862761              
*  2024 12 29  6 36   0.00000000                            
PL51   -612.689922  -4235.525066 -11558.286966              
VL51 -56385.505513  19462.830203  -4013.964122              
*  2024 12 29  6 38   0.00000000                            
PL51  -1285.951174  -3989.867169 -11588.726258              
VL51 -55790.922191  21468.295274  -1057.777195              
*  2024 12 29  6 40   0.00000000                            
PL51  -1950.867577  -3720.589435 -11583.656081              
VL51 -54995.239940  23397.903414   1902.793469              
*  2024 12 29  6 42   0.00000000                            
PL51  -2605.046958  -3428.657977 -11543.077403              
VL51 -54002.084035  25242.397065   4858.816840              
*  2024 12 29  6 44   0.00000000                            
PL51  -3246.145038  -3115.148210 -11467.098402              
VL51 -52815.808829  26992.823687   7801.359483              
*  2024 12 29  6 46   0.00000000                            
PL51  -3871.874088  -2781.240955 -11355.934349              
VL51 -51441.482064  28640.574232  10721.509828              
*  2024 12 29  6 48   0.00000000                            
PL51  -4480.011380  -2428.218092 -11209.907202              
VL51 -49884.866754  30177.420648  13610.402617              
*  2024 12 29  6 50   0.00000000                            
PL51  -5068.407416  -2057.457770 -11029.444902              
VL51 -48152.400665  31595.552312  16459.243504              
*  2024 12 29  6 52   0.00000000                            
PL51  -5634.993884  -1670.429184 -10815.080371              
VL51 -46251.173421  32887.611233  19259.333776              
*  2024 12 29  6 54   0.00000000                            
PL51  -6177.791334  -1268.686938 -10567.450219              
VL51 -44188.901245  34046.725895  22002.095172              
*  2024 12 29  6 56   0.00000000                            
PL51  -6694.916534   -853.865015 -10287.293149              
VL51 -41973.899385  35066.543605  24679.094744              
*  2024 12 29  6 58   0.00000000                            
PL51  -7184.589481   -427.670361  -9975.448061              
VL51 -39615.052244  35941.261193  27282.069735              
*  2024 12 29  7  0   0.00000000                            
PL51  -7645.140040      8.123882  -9632.851864              
VL51 -37121.781277  36665.653917  29802.952409              
*  2024 12 29  7  2   0.00000000                            
PL51  -8075.014185    451.685481  -9260.536986              
VL51 -34504.010682  37235.102432  32233.894771              
*  2024 12 29  7  4   0.00000000                            
PL51  -8472.779816    901.130528  -8859.628589              
VL51 -31772.130975  37645.617665  34567.293128              
*  2024 12 29  7  6   0.00000000                            
PL51  -8837.132126   1354.531145  -8431.341494              
VL51 -28936.960497  37893.863444  36795.812391              
*  2024 12 29  7  8   0.00000000                            
PL51  -9166.898493   1809.923436  -7976.976807              
VL51 -26009.704957  37977.176736  38912.410059              
*  2024 12 29  7 10   0.00000000                            
PL51  -9461.042879   2265.315681  -7497.918275              
VL51 -23001.915100  37893.585348  40910.359766              
*  2024 12 29  7 12   0.00000000                            
PL51  -9718.669702   2718.696712  -6995.628346              
VL51 -19925.442620  37641.822947  42783.274322              
*  2024 12 29  7 14   0.00000000                            
PL51  -9939.027181   3168.044464  -6471.643969              
VL51 -16792.394457  37221.341256  44525.128115              
*  2024 12 29  7 16   0.00000000                            
PL51 -10121.510113   3611.334649  -5927.572121              
VL51 -13615.085612  36632.319322  46130.278786              
*  2024 12 29  7 18   0.00000000                            
PL51 -10265.662084   4046.549524  -5365.085083              
VL51 -10405.990653  35875.669721  47593.488051              
*  2024 12 29  7 20   0.00000000                            
PL51 -10371.177082   4471.686715  -4785.915472              
VL51  -7177.694084  34953.041610  48909.941563              
*  2024 12 29  7 22   0.00000000                            
PL51 -10437.900517   4884.768058  -4191.851039              
VL51  -3942.839779  33866.820523  50075.267688              
*  2024 12 29  7 24   0.00000000                            
PL51 -10465.829625   5283.848417  -3584.729248              
VL51   -714.079681  32620.124860  51085.555086              
*  2024 12 29  7 26   0.00000000                            
PL51 -10455.113256   5667.024442  -2966.431657              
VL51   2495.978013  31216.798984  51937.368972              
*  2024 12 29  7 28   0.00000000                            
PL51 -10406.051035   6032.443221  -2338.878108              
VL51   5674.820937  29661.402916  52627.765945              
*  2024 12 29  7 30   0.00000000                            
PL51 -10319.091900   6378.310790  -1704.020746              
VL51   8810.084677  27959.198592  53154.307276              
*  2024 12 29  7 32   0.00000000                            
PL51 -10194.832014   6702.900454  -1063.837896              
VL51  11889.604663  26116.132687  53515.070546              
*  2024 12 29  7 34   0.00000000                            
PL51 -10034.012058   7004.560887   -420.327801              
VL51  14901.467576  24138.816042  53708.659535              
*  2024 12 29  7 36   0.00000000                            
PL51  -9837.513914   7281.723959    224.497736              
VL51  17834.061994  22034.499737  53734.212269              
*  2024 12 29  7 38   0.00000000                            
PL51  -9606.356737   7532.912260    868.619810              
VL51  20676.128014  19811.047879  53591.407152              
*  2024 12 29  7 40   0.00000000                            
PL51  -9341.692454   7756.746278   1510.018916              
VL51  23416.805560  17476.907213  53280.467098              
*  2024 12 29  7 42   0.00000000                            
PL51  -9044.800676   7951.951191   2146.681505              
VL51  26045.681130  15041.073666  52802.161629              
*  2024 12 29  7 44   0.00000000                            
PL51  -8717.083072   8117.363244   2776.606545              
VL51  28552.832694  12513.055980  52157.806867              
*  2024 12 29  7 46   0.00000000                            
PL51  -8360.057211   8251.935667   3397.812063              
VL51  30928.872502   9902.836580  51349.263415              
*  2024 12 29  7 48   0.00000000                            
PL51  -7975.349908   8354.744117   4008.341664              
VL51  33164.987539   7220.829890  50378.932104              
*  2024 12 29  7 50   0.00000000                            
PL51  -7564.690093   8424.991594   4606.270970              
VL51  35252.977411   4477.838273  49249.747592              
*  2024 12 29  7 52   0.00000000                            
PL51  -7129.901247   8462.012828   5189.713983              
VL51  37185.289419   1685.005837  47965.169860              
*  2024 12 29  7 54   0.00000000                            
PL51  -6672.893438   8465.278084   5756.829324              
VL51  38955.050643  -1146.229655  46529.173604              
*  2024 12 29  7 56   0.00000000                            
PL51  -6195.654983   8434.396398   6305.826335              
VL51  40556.096834  -4004.186540  44946.235593              
*  2024 12 29  7 58   0.00000000                            
PL51  -5700.243788   8369.118193   6834.971022              
VL51  41982.997969  -6876.990384  43221.320034              
*  2024 12 29  8  0   0.00000000                            
PL51  -5188.778403   8269.337280   7342.591803              
VL51  43231.080324  -9752.626254  41359.862027              
*  2024 12 29  8  2   0.00000000                            
PL51  -4663.428829   8135.092230   7827.085050              
VL51  44296.444951 -12618.991813  39367.749177              
*  2024 12 29  8  4   0.00000000                            
PL51  -4126.407130   7966.567095   8286.920404              
VL51  45175.982470 -15463.951003  37251.301466              
*  2024 12 29  8  6   0.00000000                            
PL51  -3579.957891   7764.091495   8720.645831              
VL51  45867.384112 -18275.388006  35017.249482              
*  2024 12 29  8  8   0.00000000                            
PL51  -3026.348558   7528.140045   9126.892411              
VL51  46369.148961 -21041.261210  32672.711109              
*  2024 12 29  8 10   0.00000000                            
PL51  -2467.859720   7259.331148   9504.378841              
VL51  46680.587389 -23749.656913  30225.166803              
*  2024 12 29  8 12   0.00000000                            
PL51  -1906.775378   6958.425139   9851.915629              
VL51  46801.820682 -26388.842486  27682.433571              
*  2024 12 29  8 14   0.00000000                            
PL51  -1345.373228   6626.321792  10168.408970              
VL51  46733.776892 -28947.318726  25052.637778              
*  2024 12 29  8 16   0.00000000                            
PL51   -785.915028   6264.057216  10452.864292              
VL51  46478.182959 -31413.871164  22344.186917              
*  2024 12 29  8 18   0.00000000                            
PL51   -230.637073   5872.800136  10704.389453              
VL51  46037.553189 -33777.620066  19565.740454              
*  2024 12 29  8 20   0.00000000                            
PL51    318.259162   5453.847578  10922.197588              
VL51  45415.174148 -36028.068902  16726.179894              
*  2024 12 29  8 22   0.00000000                            
PL51    858.616184   5008.619998  11105.609591              
VL51  44615.086119 -38155.151064  13834.578186              
*  2024 12 29  8 24   0.00000000                            
PL51   1388.329399   4538.655842  11254.056222              
VL51  43642.061201 -40149.274614  10900.168591              
*  2024 12 29  8 26   0.00000000                            
PL51   1905.355742   4045.605600  11367.079845              
VL51  42501.578218 -42001.364870   7932.313147              
*  2024 12 29  8 28   0.00000000                            
PL51   2407.721998   3531.225351  11444.335785              
VL51  41199.794570 -43702.904642   4940.470838              
*  2024 12 29  8 30   0.00000000                            
PL51   2893.532758   2997.369847  11485.593292              
VL51  39743.515199 -45245.971945   1934.165619              
*  2024 12 29  8 32   0.00000000                            
PL51   3360.977989   2445.985155  11490.736136              
VL51  38140.158828 -46623.275032  -1077.045626              
*  2024 12 29  8 34   0.00000000                            
PL51   3808.340186   1879.100898  11459.762808              
VL51  36397.721683 -47828.184598  -4083.605030              
*  2024 12 29  8 36   0.00000000                            
PL51   4234.001071   1298.822129  11392.786339              
VL51  34524.738860 -48854.763037  -7075.985518              
*  2024 12 29  8 38   0.00000000                            
PL51   4636.447819    707.320871  11290.033741              
VL51  32530.243559 -49697.790623 -10044.722278              
*  2024 12 29  8 40   0.00000000                            
PL51   5014.278777    106.827359  11151.845078              
VL51  30423.724386 -50352.788520 -12980.443827              
*  2024 12 29  8 42   0.00000000                            
PL51   5366.208669   -500.378973  10978.672156              
VL51  28215.080933 -50816.038540 -15873.902576              
*  2024 12 29  8 44   0.00000000                            
PL51   5691.073249  -1111.978720  10771.076861              
VL51  25914.577853 -51084.599572 -18716.004775              
*  2024 12 29  8 46   0.00000000                            
PL51   5987.833402  -1725.621911  10529.729132              
VL51  23532.797656 -51156.320619 -21497.839770              
*  2024 12 29  8 48   0.00000000                            
PL51   6255.578672  -2338.937556  10255.404596              
VL51  21080.592445 -51029.850415 -24210.708445              
*  2024 12 29  8 50   0.00000000                            
PL51   6493.530198  -2949.543281   9948.981861              
VL51  18569.034823 -50704.643583 -26846.150780              
*  2024 12 29  8 52   0.00000000                            
PL51   6701.043065  -3555.055015   9611.439489              
VL51  16009.368198 -50180.963330 -29395.972434              
*  2024 12 29  8 54   0.00000000                            
PL51   6877.608054  -4153.096697   9243.852650              
VL51  13412.956713 -49459.880680 -31852.270263              
*  2024 12 29  8 56   0.00000000                            
PL51   7022.852790  -4741.309947   8847.389482              
VL51  10791.235031 -48543.270263 -34207.456699              
*  2024 12 29  8 58   0.00000000                            
PL51   7136.542286  -5317.363663   8423.307165              
VL51   8155.658200 -47433.802704 -36454.282916              
*  2024 12 29  9  0   0.00000000                            
PL51   7218.578886  -5878.963515   7972.947723              
VL51   5517.651827 -46134.933641 -38585.860707              
*  2024 12 29  9  2   0.00000000                            
PL51   7269.001622  -6423.861281   7497.733569              
VL51   2888.562774 -44650.889465 -40595.683008              
*  2024 12 29  9  4   0.00000000                            
PL51   7287.984970  -6949.863993   6999.162820              
VL51    279.610607 -42986.649846 -42477.643008              
*  2024 12 29  9  6   0.00000000                            
PL51   7275.837038  -7454.842860   6478.804384              
VL51  -2298.160006 -41147.927137 -44226.051784              
*  2024 12 29  9  8   0.00000000                            
PL51   7232.997190  -7936.741916   5938.292845              
VL51  -4833.925726 -39141.142794 -45835.654423              
*  2024 12 29  9 10   0.00000000                            
PL51   7160.033115  -8393.586378   5379.323172              
VL51  -7317.129607 -36973.400905 -47301.644577              
*  2024 12 29  9 12   0.00000000                            
PL51   7057.637366  -8823.490663   4803.645250              
VL51  -9737.524620 -34652.458991 -48619.677427              
*  2024 12 29  9 14   0.00000000                            
PL51   6926.623397  -9224.666039   4213.058277              
VL51 -12085.215429 -32186.696224 -49785.881026              
*  2024 12 29  9 16   0.00000000                            
PL51   6767.921089  -9595.427888   3609.405027              
VL51 -14350.698278 -29585.079221 -50796.866004              
*  2024 12 29  9 18   0.00000000                            
PL51   6582.571832  -9934.202531   2994.566009              
VL51 -16524.898819 -26857.125579 -51649.733627              
*  2024 12 29  9 20   0.00000000                            
PL51   6371.723152 -10239.533616   2370.453543              
VL51 -18599.207743 -24012.865343 -52342.082203              
*  2024 12 29  9 22   0.00000000                            
PL51   6136.622929 -10510.088027   1739.005760              
VL51 -20565.514085 -21062.800580 -52872.011849              
*  2024 12 29  9 24   0.00000000                            
PL51   5878.613228 -10744.661291   1102.180562              
VL51 -22416.236080 -18017.863248 -53238.127617              
*  2024 12 29  9 26   0.00000000                            
PL51   5599.123777 -10942.182483    461.949554              
VL51 -24144.349485 -14889.371549 -53439.541001              
*  2024 12 29  9 28   0.00000000                            
PL51   5299.665120 -11101.718590   -179.708037              
VL51 -25743.413247 -11688.984976 -53475.869847              
*  2024 12 29  9 30   0.00000000                            
PL51   4981.821481 -11222.478328   -820.811428              
VL51 -27207.592469  -8428.658240 -53347.236681              
*  2024 12 29  9 32   0.00000000                            
PL51   4647.243359 -11303.815410  -1459.384320              
VL51 -28531.678579  -5120.594292 -53054.265503              
*  2024 12 29  9 34   0.00000000                            
PL51   4297.639914 -11345.231234  -2093.460886              
VL51 -29711.106676  -1777.196638 -52598.077075              
*  2024 12 29  9 36   0.00000000                            
PL51   3934.771147 -11346.377001  -2721.091701              
VL51 -30741.969999   1588.978830 -51980.282757              
*  2024 12 29  9 38   0.00000000                            
PL51   3560.439931 -11307.055258  -3340.349583              
VL51 -31621.031511   4965.272308 -51202.976946              
*  2024 12 29  9 40   0.00000000                            
PL51   3176.483922 -11227.220848  -3949.335334              
VL51 -32345.732580   8338.968635 -50268.728176              
*  2024 12 29  9 42   0.00000000                            
PL51   2784.767378 -11106.981287  -4546.183376              
VL51 -32914.198782  11697.345753 -49180.568944              
*  2024 12 29  9 44   0.00000000                            
PL51   2387.172930 -10946.596555  -5129.067248              
VL51 -33325.242840  15027.722873 -47941.984337              
*  2024 12 29  9 46   0.00000000                            
PL51   1985.593328 -10746.478315  -5696.204961              
VL51 -33578.364739  18317.508186 -46556.899524              
*  2024 12 29  9 48   0.00000000                            
PL51   1581.923214 -10507.188564  -6245.864205              
VL51 -33673.749068  21554.245941 -45029.666190              
*  2024 12 29  9 50   0.00000000                            
PL51   1178.050932 -10229.437717  -6776.367375              
VL51 -33612.259653  24725.662741 -43365.047980              
*  2024 12 29  9 52   0.00000000                            
PL51    775.850423  -9914.082150  -7286.096424              
VL51 -33395.431532  27819.712911 -41568.205020              
*  2024 12 29  9 54   0.00000000                            
PL51    377.173231  -9562.121198  -7773.497525              
VL51 -33025.460367  30824.622807 -39644.677587              
*  2024 12 29  9 56   0.00000000                            
PL51    -16.159346  -9174.693633  -8237.085531              
VL51 -32505.189360  33728.933930 -37600.368990              
*  2024 12 29  9 58   0.00000000                            
PL51   -402.363937  -8753.073625  -8675.448221              
VL51 -31838.093759  36521.544734 -35441.527716              
*  2024 12 29 10  0   0.00000000                            
PL51   -779.702580  -8298.666222  -9087.250338              
VL51 -31028.263055  39191.751021 -33174.728916              
*  2024 12 29 10  2   0.00000000                            
PL51  -1146.489972  -7813.002339  -9471.237390              
VL51 -30080.380957  41729.284816 -30806.855266              
*  2024 12 29 10  4   0.00000000                            
PL51  -1501.100470  -7297.733307  -9826.239224              
VL51 -28999.703241  44124.351634 -28345.077268              
*  2024 12 29 10  6   0.00000000                            
PL51  -1841.974815  -6754.624966 -10151.173358              
VL51 -27792.033579  46367.666045 -25796.833029              
*  2024 12 29 10  8   0.00000000                            
PL51  -2167.626548  -6185.551362 -10445.048072              
VL51 -26463.697450  48450.485473 -23169.807568              
*  2024 12 29 10 10   0.00000000                            
PL51  -2476.648107  -5592.488030 -10706.965240              
VL51 -25021.514235  50364.642129 -20471.911679              
*  2024 12 29 10 12   0.00000000                            
PL51  -2767.716582  -4977.504921 -10936.122914              
VL51 -23472.767595  52102.573041 -17711.260394              
*  2024 12 29 10 14   0.00000000                            
PL51  -3039.599093  -4342.758971 -11131.817643              
VL51 -21825.174244  53657.348080 -14896.151070              
*  2024 12 29 10 16   0.00000000                            
PL51  -3291.157799  -3690.486349 -11293.446525              
VL51 -20086.851229  55022.695948 -12035.041132              
*  2024 12 29 10 18   0.00000000                            
PL51  -3521.354496  -3022.994407 -11420.508997              
VL51 -18266.281797  56193.028050  -9136.525493              
*  2024 12 29 10 20   0.00000000                            
PL51  -3729.254797  -2342.653353 -11512.608344              
VL51 -16372.279992  57163.460210  -6209.313676              
*  2024 12 29 10 22   0.00000000                            
PL51  -3914.031888  -1651.887683 -11569.452938              
VL51 -14413.954055  57929.832150  -3262.206654              
*  2024 12 29 10 24   0.00000000                            
PL51  -4074.969831   -953.167381 -11590.857195              
VL51 -12400.668754  58488.724707   -304.073431              
*  2024 12 29 10 26   0.00000000                            
PL51  -4211.466410   -248.998943 -11576.742247              
VL51 -10342.006750  58837.474709   2656.172628              
*  2024 12 29 10 28   0.00000000                            
PL51  -4323.035514    458.083778 -11527.136336              
VL51  -8247.729102  58974.187475   5609.597694              
*  2024 12 29 10 30   0.00000000                            
PL51  -4409.309032   1165.528856 -11442.174909              
VL51  -6127.735023  58897.746863   8547.271589              
*  2024 12 29 10 32   0.00000000                            
PL51  -4470.038270   1870.775682 -11322.100435              
VL51  -3992.021006  58607.822827  11460.292100              
*  2024 12 29 10 34   0.00000000                            
PL51  -4505.094867   2571.264427 -11167.261918              
VL51  -1850.639434  58104.876414  14339.809476              
*  2024 12 29 10 36   0.00000000                            
PL51  -4514.471218   3264.445557 -10978.114120              
VL51    286.343214  57390.162138  17177.051073              
*  2024 12 29 10 38   0.00000000                            
PL51  -4498.280390   3947.789350 -10755.216489              
VL51   2408.888418  56465.727681  19963.346131              
*  2024 12 29 10 40   0.00000000                            
PL51  -4456.755536   4618.795405 -10499.231788              
VL51   4507.027820  55334.410855  22690.150638              
*  2024 12 29 10 42   0.00000000                            
PL51  -4390.248792   5275.002084 -10210.924421              
VL51   6570.905422  53999.833771  25349.072240              
*  2024 12 29 10 44   0.00000000                            
PL51  -4299.229686   5913.995880  -9891.158466              
VL51   8590.819644  52466.394172  27931.895140              
*  2024 12 29 10 46   0.00000000                            
PL51  -4184.283029   6533.420657  -9540.895410              
VL51  10557.265085  50739.253880  30430.604943              
*  2024 12 29 10 48   0.00000000                            
PL51  -4046.106309   7130.986734  -9161.191576              
VL51  12460.973839  48824.324320  32837.413368              
*  2024 12 29 10 50   0.00000000                            
PL51  -3885.506605   7704.479778  -8753.195270              
VL51  14292.956187  46728.249114  35144.782759              
*  2024 12 29 10 52   0.00000000                            
PL51  -3703.397001   8251.769474  -8318.143624              
VL51  16044.540521  44458.383698  37345.450323              
*  2024 12 29 10 54   0.00000000                            
PL51  -3500.792536   8770.817927  -7857.359155              
VL51  17707.412299  42022.771994  39432.451997              
*  2024 12 29 10 56   0.00000000                            
PL51  -3278.805693   9259.687770  -7372.246038              
VL51  19273.651872  39430.120115  41399.145872              
*  2024 12 29 10 58   0.00000000                            
PL51  -3038.641436   9716.549938  -6864.286106              
VL51  20735.771003  36689.767157  43239.235061              
*  2024 12 29 11  0   0.00000000                            
PL51  -2781.591825  10139.691073  -6335.034570              
VL51  22086.747876  33811.653085  44946.789910              
*  2024 12 29 11  2   0.00000000                            
PL51  -2509.030215  10527.520531  -5786.115487              
VL51  23320.060434  30806.283803  46516.269453              
*  2024 12 29 11  4   0.00000000                            
PL51  -2222.405070  10878.576944  -5219.216971              
VL51  24429.717842  27684.693452  47942.541995              
*  2024 12 29 11  6   0.00000000                            
PL51  -1923.233407  11191.534327  -4636.086161              
VL51  25410.289902  24458.404055  49220.904697              
*  2024 12 29 11  8   0.00000000                            
PL51  -1613.093905  11465.207668  -4038.523963              
VL51  26256.934235  21139.382611  50347.102059              
*  2024 12 29 11 10   0.00000000                            
PL51  -1293.619700  11698.558007  -3428.379581              
VL51  26965.421051  17739.995768  51317.343172              
*  2024 12 29 11 12   0.00000000                            
PL51   -966.490897  11890.696945  -2807.544841              
VL51  27532.155346  14272.962258  52128.317624              
*  2024 12 29 11 14   0.00000000                            
PL51   -633.426834  12040.890571  -2177.948335              
VL51  27954.196360  10751.303245  52777.209938              
*  2024 12 29 11 16   0.00000000                            
PL51   -296.178128  12148.562786  -1541.549411              
VL51  28229.274143   7188.290806  53261.712438              
*  2024 12 29 11 18   0.00000000                            
PL51     43.481457  12213.297999   -900.332001              
VL51  28355.803104   3597.394767  53580.036421              
*  2024 12 29 11 20   0.00000000                            
PL51    383.763294  12234.843168   -256.298344              
VL51  28332.892409     -7.771865  53730.921558              
*  2024 12 29 11 22   0.00000000                            
PL51    722.872267  12213.109190    388.537411              
VL51  28160.353144  -3613.508606  53713.643409              
*  2024 12 29 11 24   0.00000000                            
PL51   1059.015228  12148.171610   1032.155661              
VL51  27838.702149  -7206.084067  53528.019013              
*  2024 12 29 11 26   0.00000000                            
PL51   1390.409469  12040.270648   1672.537878              
VL51  27369.162467 -10771.793097  53174.410459              
*  2024 12 29 11 28   0.00000000                            
PL51   1715.291184  11889.810543   2307.673157              
VL51  26753.660375 -14297.014210  52653.726419              
*  2024 12 29 11 30   0.00000000                            
PL51   2031.923869  11697.358203   2935.564776              
VL51  25994.818969 -17768.267007  51967.421597              
*  2024 12 29 11 32   0.00000000                            
PL51   2338.606632  11463.641166   3554.236732              
VL51  25095.948318 -21172.269276  51117.494070              
*  2024 12 29 11 34   0.00000000                            
PL51   2633.682358  11189.544888   4161.740238              
VL51  24061.032196 -24495.993495  50106.480515              
*  2024 12 29 11 36   0.00000000                            
PL51   2915.545700  10876.109345   4756.160143              
VL51  22894.711454 -27726.722417  48937.449326              
*  2024 12 29 11 38   0.00000000                            
PL51   3182.650843  10524.524989   5335.621266              
VL51  21602.264077 -30852.103457  47613.991618              
*  2024 12 29 11 40   0.00000000                            
PL51   3433.519019  10136.128048   5898.294598              
VL51  20189.582035 -33860.201565  46140.210161              
*  2024 12 29 11 42   0.00000000                            
PL51   3666.745716   9712.395209   6442.403373              
VL51  18663.145020 -36739.550315  44520.706269              
*  2024 12 29 11 44   0.00000000                            
PL51   3881.007560   9254.937698   6966.228953              
VL51  17029.991217 -39479.200915  42760.564717              
*  2024 12 29 11 46   0.00000000                            
PL51   4075.068828   8765.494787   7468.116537              
VL51  15297.685249 -42068.768874  40865.336741              
*  2024 12 29 11 48   0.00000000                            
PL51   4247.787560   8245.926755   7946.480643              
VL51  13474.283472 -44498.478093  38841.021221              
*  2024 12 29 11 50   0.00000000                            
PL51   4398.121234   7698.207333   8399.810360              
VL51  11568.296816 -46759.202125  36694.044136              
*  2024 12 29 11 52   0.00000000                            
PL51   4525.131995   7124.415681   8826.674342              
VL51   9588.651355 -48842.502428  34431.236402              
*  2024 12 29 11 54   0.00000000                            
PL51   4627.991383   6526.727918   9225.725526              
VL51   7544.646832 -50740.663410  32059.810196              
*  2024 12 29 11 56   0.00000000                            
PL51   4705.984562   5907.408250   9595.705555              
VL51   5445.913360 -52446.724118  29587.333902              
*  2024 12 29 11 58   0.00000000                            
PL51   4758.514015   5268.799746   9935.448903              
VL51   3302.366516 -53954.506419  27021.705774              
*  2024 12 29 12  0   0.00000000                            
PL51   4785.102694   4613.314788  10243.886663              
VL51   1124.161079 -55258.639568  24371.126464              
*  2024 12 29 12  2   0.00000000                            
PL51   4785.396609   3943.425259  10520.050008              
VL51  -1078.356361 -56354.581065  21644.070526              
*  2024 12 29 12  4   0.00000000                            
PL51   4759.166837   3261.652495  10763.073305              
VL51  -3294.695664 -57238.633717  18849.257033              
*  2024 12 29 12  6   0.00000000                            
PL51   4706.310954   2570.557059  10972.196863              
VL51  -5514.272040 -57907.958864  15995.619438              
*  2024 12 29 12  8   0.00000000                            
PL51   4626.853876   1872.728375  11146.769329              
VL51  -7726.455332 -58360.585745  13092.274806              
*  2024 12 29 12 10   0.00000000                            
PL51   4520.948105   1170.774283  11286.249697              
VL51  -9920.619441 -58595.416980  10148.492552              
*  2024 12 29 12 12   0.00000000                            
PL51   4388.873385    467.310538  11390.208952              
VL51 -12086.191661 -58612.230197   7173.662793              
*  2024 12 29 12 14   0.00000000                            
PL51   4231.035768   -235.049674  11458.331325              
VL51 -14212.701677 -58411.675817   4177.264456              
*  2024 12 29 12 16   0.00000000                            
PL51   4047.966092   -933.706183  11490.415166              
VL51 -16289.830000 -57995.271054   1168.833237              
*  2024 12 29 12 18   0.00000000                            
PL51   3840.317886  -1626.082180  11486.373435              
VL51 -18307.455616 -57365.390177  -1842.070445              
*  2024 12 29 12 20   0.00000000                            
PL51   3608.864705  -2309.634422  11446.233803              
VL51 -20255.702611 -56525.251106  -4845.893417              
*  2024 12 29 12 22   0.00000000                            
PL51   3354.496918  -2981.863262  11370.138380              
VL51 -22124.985579 -55478.898446  -7833.121491              
*  2024 12 29 12 24   0.00000000                            
PL51   3078.217954  -3640.322447  11258.343053              
VL51 -23906.053579 -54231.183040 -10794.310884              
*  2024 12 29 12 26   0.00000000                            
PL51   2781.140037  -4282.628654  11111.216457              
VL51 -25590.032463 -52787.738191 -13720.119198              
*  2024 12 29 12 28   0.00000000                            
PL51   2464.479414  -4906.470721  10929.238575              
VL51 -27168.465366 -51154.952667 -16601.335839              
*  2024 12 29 12 30   0.00000000                            
PL51   2129.551116  -5509.618536  10712.998979              
VL51 -28633.351204 -49339.940664 -19428.911785              
*  2024 12 29 12 32   0.00000000                            
PL51   1777.763272  -6089.931547  10463.194711              
VL51 -29977.180998 -47350.508872 -22193.988597              
*  2024 12 29 12 34   0.00000000                            
PL51   1410.610995  -6645.366858  10180.627833              
VL51 -31192.971887 -45195.120844 -24887.926585              
*  2024 12 29 12 36   0.00000000                            
PL51   1029.669875  -7173.986889   9866.202631              
VL51 -32274.298687 -42882.858832 -27502.332041              
*  2024 12 29 12 38   0.00000000                            
PL51    636.589112  -7673.966559   9520.922509              
VL51 -33215.322873 -40423.383291 -30029.083476              
*  2024 12 29 12 40   0.00000000                            
PL51    233.084317  -8143.599967   9145.886572              
VL51 -34010.818870 -37826.890227 -32460.356778              
*  2024 12 29 12 42   0.00000000                            
PL51   -179.069990  -8581.306556   8742.285904              
VL51 -34656.197553 -35104.066603 -34788.649225              
*  2024 12 29 12 44   0.00000000                            
PL51   -598.048143  -8985.636729   8311.399584              
VL51 -35147.526848 -32266.043988 -37006.802284              
*  2024 12 29 12 46   0.00000000                            
PL51  -1021.981321  -9355.276895   7854.590416              
VL51 -35481.549375 -29324.350662 -39108.023129              
*  2024 12 29 12 48   0.00000000                            
PL51  -1448.965741  -9689.053937   7373.300425              
VL51 -35655.697046 -26290.862398 -41085.904808              
*  2024 12 29 12 50   0.00000000                            
PL51  -1877.070993  -9985.939082   6869.046108              
VL51 -35668.102567 -23177.752132 -42934.445008              
*  2024 12 29 12 52   0.00000000                            
PL51  -2304.348511 -10245.051160   6343.413475              
VL51 -35517.607821 -19997.438756 -44648.063336              
*  2024 12 29 12 54   0.00000000                            
PL51  -2728.840114 -10465.659242   5798.052890              
VL51 -35203.769090 -16762.535271 -46221.617096              
*  2024 12 29 12 56   0.00000000                            
PL51  -3148.586594 -10647.184662   5234.673731              
VL51 -34726.859127 -13485.796529 -47650.415496              
*  2024 12 29 12 58   0.00000000                            
PL51  -3561.636310 -10789.202397   4655.038890              
VL51 -34087.866086 -10180.066794 -48930.232249              
*  2024 12 29 13  0   0.00000000                            
PL51  -3966.053755 -10891.441834   4060.959133              
VL51 -33288.489334  -6858.227375 -50057.316556              
*  2024 12 29 13  2   0.00000000                            
PL51  -4359.928044 -10953.786895   3454.287334              
VL51 -32331.132198  -3533.144546 -51028.402430              
*  2024 12 29 13  4   0.00000000                            
PL51  -4741.381307 -10976.275549   2836.912610              
VL51 -31218.891700   -217.617982 -51840.716362              
*  2024 12 29 13  6   0.00000000                            
PL51  -5108.576936 -10959.098707   2210.754377              
VL51 -29955.545364   3075.670056 -52491.983328              
*  2024 12 29 13  8   0.00000000                            
PL51  -5459.727656 -10902.598513   1577.756335              
VL51 -28545.535169   6334.204589 -52980.431132              
*  2024 12 29 13 10   0.00000000                            
PL51  -5793.103393 -10807.266044    939.880421              
VL51 -26993.948764   9545.686631 -53304.793111              
*  2024 12 29 13 12   0.00000000                            
PL51  -6107.038891 -10673.738429    299.100731              
VL51 -25306.498038  12698.080555 -53464.309215              
*  2024 12 29 13 14   0.00000000                            
PL51  -6399.941062 -10502.795416   -342.602554              
VL51 -23489.495177  15779.659921 -53458.725490              
*  2024 12 29 13 16   0.00000000                            
PL51  -6670.296038 -10295.355394   -983.249234              
VL51 -21549.826331  18779.051608 -53288.291997              
*  2024 12 29 13 18   0.00000000                            
PL51  -6916.675887 -10052.470895  -1620.865118              
VL51 -19494.923025  21685.278079 -52953.759203              
*  2024 12 29 13 20   0.00000000                            
PL51  -7137.744973  -9775.323608  -2253.487996              
VL51 -17332.731471  24487.797628 -52456.372887              
*  2024 12 29 13 22   0.00000000                            
PL51  -7332.265941  -9465.218915  -2879.173547              
VL51 -15071.679917  27176.542478 -51797.867611              
*  2024 12 29 13 24   0.00000000                            
PL51  -7499.105297  -9123.579988  -3496.001161              
VL51 -12720.644213  29741.954596 -50980.458811              
*  2024 12 29 13 26   0.00000000                            
PL51  -7637.238563  -8751.941467  -4102.079650              
VL51 -10288.911734  32175.019133 -50006.833575              
*  2024 12 29 13 28   0.00000000                            
PL51  -7745.754989  -8351.942756  -4695.552853              
VL51  -7786.143852  34467.295370 -48880.140162              
*  2024 12 29 13 30   0.00000000                            
PL51  -7823.861816  -7925.320961  -5274.605093              
VL51  -5222.337096  36610.945115 -47603.976344              
*  2024 12 29 13 32   0.00000000                            
PL51  -7870.888052  -7473.903499  -5837.466503              
VL51  -2607.783190  38598.758484 -46182.376635              
*  2024 12 29 13 34   0.00000000                            
PL51  -7886.287775  -6999.600418  -6382.418181              
VL51     46.971884  40424.177006 -44619.798476              
*  2024 12 29 13 36   0.00000000                            
PL51  -7869.642928  -6504.396460  -6907.797179              
VL51   2731.169634  42081.314041 -42921.107452              
*  2024 12 29 13 38   0.00000000                            
PL51  -7820.665624  -5990.342881  -7412.001306              
VL51   5433.881456  43564.972466 -41091.561603              
*  2024 12 29 13 40   0.00000000                            
PL51  -7739.199922  -5459.549091  -7893.493741              
VL51   8144.051531  44870.659636 -39136.794895              
*  2024 12 29 13 42   0.00000000                            
PL51  -7625.223100  -4914.174125  -8350.807440              
VL51  10850.540080  45994.599615 -37062.799916              
*  2024 12 29 13 44   0.00000000                            
PL51  -7478.846399  -4356.417975  -8782.549330              
VL51  13542.166817  46933.742672 -34875.909847              
*  2024 12 29 13 46   0.00000000                            
PL51  -7300.315250  -3788.512842  -9187.404289              
VL51  16207.754474  47685.772079 -32582.779784              
*  2024 12 29 13 48   0.00000000                            
PL51  -7090.008974  -3212.714305  -9564.138890              
VL51  18836.172248  48249.108222 -30190.367435              
*  2024 12 29 13 50   0.00000000                            
PL51  -6848.439968  -2631.292468  -9911.604917              
VL51  21416.379046  48622.910047 -27705.913277              
*  2024 12 29 13 52   0.00000000                            
PL51  -6576.252368  -2046.523101 -10228.742631              
VL51  23937.466400  48807.073903 -25136.920188              
*  2024 12 29 13 54   0.00000000                            
PL51  -6274.220204  -1460.678811 -10514.583803              
VL51  26388.700917  48802.229793 -22491.132624              
*  2024 12 29 13 56   0.00000000                            
PL51  -5943.245046   -876.020271 -10768.254478              
VL51  28759.566161  48609.735112 -19776.515364              
*  2024 12 29 13 58   0.00000000                            
PL51  -5584.353154   -294.787547 -10988.977491              
VL51  31039.803839  48231.665895 -17001.231873              
*  2024 12 29 14  0   0.00000000                            
PL51  -5198.692136    280.808467 -11176.074724              
VL51  33219.454195  47670.805654 -14173.622294              
*  2024 12 29 14  2   0.00000000                            
PL51  -4787.527128    848.594457 -11328.969088              
VL51  35288.895486  46930.631841 -11302.181127              
*  2024 12 29 14  4   0.00000000                            
PL51  -4352.236504   1406.442924 -11447.186239              
VL51  37238.882460  46015.300012  -8395.534575              
*  2024 12 29 14  6   0.00000000                            
PL51  -3894.307139   1952.280216 -11530.356028              
VL51  39060.583704  44929.625734  -5462.417618              
*  2024 12 29 14  8   0.00000000                            
PL51  -3415.329216   2484.094324 -11578.213657              
VL51  40745.617783  43679.064303  -2511.650796              
*  2024 12 29 14 10   0.00000000                            
PL51  -2916.990623   2999.942435 -11590.600574              
VL51  42286.088049  42269.688327    447.883262              
*  2024 12 29 14 12   0.00000000                            
PL51  -2401.070931   3497.958185 -11567.465072              
VL51  43674.616026  40708.163224   3407.263560              
*  2024 12 29 14 14   0.00000000                            
PL51  -1869.434985   3976.358624 -11508.862605              
VL51  44904.373249  39001.720714   6357.554687              
*  2024 12 29 14 16   0.00000000                            
PL51  -1324.026117   4433.450836 -11414.955821              
VL51  45969.111456  37158.130337   9289.830992              
*  2024 12 29 14 18   0.00000000                            
PL51   -766.859015   4867.638217 -11286.014291              
VL51  46863.191026  35185.669086  12195.200951              
*  2024 12 29 14 20   0.00000000                            
PL51   -200.012259   5277.426373 -11122.413962              
VL51  47581.607527  33093.089198  15064.831716              
*  2024 12 29 14 22   0.00000000                            
PL51    374.379457   5661.428615 -10924.636294              
VL51  48120.016279  30889.584190  17889.973804              
*  2024 12 29 14 24   0.00000000                            
PL51    954.133371   6018.371051 -10693.267122              
VL51  48474.754789  28584.753200  20661.985914              
*  2024 12 29 14 26   0.00000000                            
PL51   1537.026968   6347.097225 -10428.995199              
VL51  48642.862960  26188.563723  23372.359816              
*  2024 12 29 14 28   0.00000000                            
PL51   2120.806517   6646.572307 -10132.610456              
VL51  48622.100930  23711.312824  26012.745263              
*  2024 12 29 14 30   0.00000000                            
PL51   2703.195806   6915.886810  -9805.001954              
VL51  48410.964439  21163.586935  28574.974903              
*  2024 12 29 14 32   0.00000000                            
PL51   3281.905054   7154.259813  -9447.155541              
VL51  48008.697600  18556.220326  31051.089090              
*  2024 12 29 14 34   0.00000000                            
PL51   3854.639948   7361.041680  -9060.151210              
VL51  47415.302951  15900.252367  33433.360572              
*  2024 12 29 14 36   0.00000000                            
PL51   4419.110795   7535.716260  -8645.160165              
VL51  46631.548693  13206.883719  35714.318950              
*  2024 12 29 14 38   0.00000000                            
PL51   4973.041739   7677.902553  -8203.441593              
VL51  45658.972994  10487.431565  37886.774838              
*  2024 12 29 14 40   0.00000000                            
PL51   5514.180008   7787.355840  -7736.339147              
VL51  44499.885272   7753.284042  39943.843649              
*  2024 12 29 14 42   0.00000000                            
PL51   6040.305162   7863.968250  -7245.277152              
VL51  43157.364358   5015.854026  41878.968894              
*  2024 12 29 14 44   0.00000000                            
PL51   6549.238302   7907.768786  -6731.756525              
VL51  41635.253475   2286.532438  43685.944899              
*  2024 12 29 14 46   0.00000000                            
PL51   7038.851193   7918.922771  -6197.350439              
VL51  39938.151953   -423.358752  45358.938840              
*  2024 12 29 14 48   0.00000000                            
PL51   7507.075273   7897.730747  -5643.699715              
VL51  38071.403642  -3102.613632  46892.511975              
*  2024 12 29 14 50   0.00000000                            
PL51   7951.910500   7844.626793  -5072.507973              
VL51  36041.081986  -5740.189353  48281.639962              
*  2024 12 29 14 52   0.00000000                            
PL51   8371.434002   7760.176290  -4485.536542              
VL51  33853.971748  -8325.252848  49521.732155              
*  2024 12 29 14 54   0.00000000                            
PL51   8763.808484   7645.073125  -3884.599145              
VL51  31517.547385 -10847.227022  50608.649743              
*  2024 12 29 14 56   0.00000000                            
PL51   9127.290361   7500.136350  -3271.556373              
VL51  29039.948105 -13295.836204  51538.722638              
*  2024 12 29 14 58   0.00000000                            
PL51   9460.237566   7326.306289  -2648.309971              
VL51  26429.949646 -15661.150632  52308.764974              
*  2024 12 29 15  0   0.00000000                            
PL51   9761.117007   7124.640134  -2016.796936              
VL51  23696.932858 -17933.629737  52916.089133              
*  2024 12 29 15  2   0.00000000                            
PL51  10028.511620   6896.307018  -1378.983463              
VL51  20850.849164 -20104.163990  53358.518166              
*  2024 12 29 15  4   0.00000000                            
PL51  10261.126994   6642.582599   -736.858754              
VL51  17902.183027 -22164.115088  53634.396527              
*  2024 12 29 15  6   0.00000000                            
PL51  10457.797533   6364.843176    -92.428702              
VL51  14861.911556 -24105.354252  53742.599021              
*  2024 12 29 15  8   0.00000000                            
PL51  10617.492104   6064.559353    552.290515              
VL51  11741.461405 -25920.298400  53682.537875              
*  2024 12 29 15 10   0.00000000                            
PL51  10739.319167   5743.289288   1195.278918              
VL51   8552.663158 -27601.943994  53454.167870              
*  2024 12 29 15 12   0.00000000                            
PL51  10822.531332   5402.671546   1834.519257              
VL51   5307.703389 -29143.898340  53057.989455              
*  2024 12 29 15 14   0.00000000                            
PL51  10866.529336   5044.417592   2468.003566              
VL51   2019.074642 -30540.408164  52495.049803              
*  2024 12 29 15 16   0.00000000                            
PL51  10870.865404   4670.303969   3093.739725              
VL51  -1300.476452 -31786.385261  51766.941767              
*  2024 12 29 15 18   0.00000000                            
PL51  10835.245978   4282.164170   3709.757984              
VL51  -4638.002632 -32877.429070  50875.800701              
*  2024 12 29 15 20   0.00000000                            
PL51  10759.533796   3881.880271   4314.117448              
VL51  -7980.410797 -33809.846022  49824.299155              
*  2024 12 29 15 22   0.00000000                            
PL51  10643.749313   3471.374349   4904.912479              
VL51 -11314.517806 -34580.665534  48615.639437              
*  2024 12 29 15 24   0.00000000                            
PL51  10488.071437   3052.599723   5480.279001              
VL51 -14627.107031 -35187.652544  47253.544061              
*  2024 12 29 15 26   0.00000000                            
PL51  10292.837591   2627.532075   6038.400670              
VL51 -17904.985327 -35629.316506  45742.244138              
*  2024 12 29 15 28   0.00000000                            
PL51  10058.543093   2198.160477   6577.514899              
VL51 -21135.040144 -35904.916783  44086.465729              
*  2024 12 29 15 30   0.00000000                            
PL51   9785.839839   1766.478377   7095.918709              
VL51 -24304.296461 -36014.464419  42291.414260              
*  2024 12 29 15 32   0.00000000                            
PL51   9475.534319   1334.474591   7591.974375              
VL51 -27399.973251 -35958.720249  40362.757044              
*  2024 12 29 15 34   0.00000000                            
PL51   9128.584954    904.124330   8064.114854              
VL51 -30409.539172 -35739.189400  38306.604018              
*  2024 12 29 15 36   0.00000000                            
PL51   8746.098766    477.380321   8510.848975              
VL51 -33320.767219 -35358.112183  36129.486776              
*  2024 12 29 15 38   0.00000000                            
PL51   8329.327412     56.164059   8930.766365              
VL51 -36121.788021 -34818.451461  33838.336009              
*  2024 12 29 15 40   0.00000000                            
PL51   7879.662571   -357.642772   9322.542094              
VL51 -38801.141557 -34123.876554  31440.457471              
*  2024 12 29 15 42   0.00000000                            
PL51   7398.630741   -762.206664   9684.941023              
VL51 -41347.827000 -33278.743796  28943.506568              
*  2024 12 29 15 44   0.00000000                            
PL51   6887.887430  -1155.750396  10016.821847              
VL51 -43751.350475 -32288.073859  26355.461722              
*  2024 12 29 15 46   0.00000000                            
PL51   6349.210807  -1536.560850  10317.140798              
VL51 -46001.770497 -31157.525967  23684.596602              
*  2024 12 29 15 48   0.00000000                            
PL51   5784.494806  -1902.996513  10584.955022              
VL51 -48089.740883 -29893.369181  20939.451379              
*  2024 12 29 15 50   0.00000000                            
PL51   5195.741741  -2253.494598  10819.425599              
VL51 -50006.550938 -28502.450883  18128.803107              
*  2024 12 29 15 52   0.00000000                            
PL51   4585.054454  -2586.577793  11019.820202              
VL51 -51744.162756 -26992.162665  15261.635374              
*  2024 12 29 15 54   0.00000000                            
PL51   3954.628033  -2900.860563  11185.515393              
VL51 -53295.245443 -25370.403793  12347.107349              
*  2024 12 29 15 56   0.00000000                            
PL51   3306.741137  -3195.055023  11315.998540              
VL51 -54653.206155 -23645.542470   9394.522363              
*  2024 12 29 15 58   0.00000000                            
PL51   2643.746970  -3467.976313  11410.869357              
VL51 -55812.217799 -21826.375071   6413.296145              
*  2024 12 29 16  0   0.00000000                            
PL51   1968.063944  -3718.547488  11469.841063              
VL51 -56767.243312 -19922.083617   3412.924862              
*  2024 12 29 16  2   0.00000000                            
PL51   1282.166072  -3945.803884  11492.741151              
VL51 -57514.056426 -17942.191671    402.953070              
*  2024 12 29 16  4   0.00000000                            
PL51    588.573127  -4148.896937  11479.511781              
VL51 -58049.258870 -15896.518913  -2607.058284              
*  2024 12 29 16  6   0.00000000                            
PL51   -110.159376  -4327.097469  11430.209781              
VL51 -58370.293953 -13795.134611  -5607.563708              
*  2024 12 29 16  8   0.00000000                            
PL51   -811.450341  -4479.798392  11345.006278              
VL51 -58475.456511 -11648.310227  -8589.064745              
*  2024 12 29 16 10   0.00000000                            
PL51  -1512.703356  -4606.516847  11224.185937              
VL51 -58363.899214  -9466.471379 -11542.141182              
*  2024 12 29 16 12   0.00000000                            
PL51  -2211.316999  -4706.895769  11068.145847              
VL51 -58035.635212  -7260.149385 -14457.481809              
*  2024 12 29 16 14   0.00000000                            
PL51  -2904.695168  -4780.704856  10877.394023              
VL51 -57491.537147  -5039.932629 -17325.914621              
*  2024 12 29 16 16   0.00000000                            
PL51  -3590.257369  -4827.840969  10652.547560              
VL51 -56733.332555  -2816.417936 -20138.436372              
*  2024 12 29 16 18   0.00000000                            
PL51  -4265.448926  -4848.327937  10394.330439              
VL51 -55763.595669   -600.162214 -22886.241405              
*  2024 12 29 16 20   0.00000000                            
PL51  -4927.751080  -4842.315795  10103.570979              
VL51 -54585.735698   1598.365442 -25560.749639              
*  2024 12 29 16 22   0.00000000                            
PL51  -5574.690916  -4810.079442   9781.198973              
VL51 -53203.981627   3768.830967 -28153.633632              
*  2024 12 29 16 24   0.00000000                            
PL51  -6203.851095  -4752.016744   9428.242495              
VL51 -51623.363632   5901.081633 -30656.844631              
*  2024 12 29 16 26   0.00000000                            
PL51  -6812.879340  -4668.646085   9045.824407              
VL51 -49849.691212   7985.191260 -33062.637514              
*  2024 12 29 16 28   0.00000000                            
PL51  -7399.497640  -4560.603384   8635.158572              
VL51 -47889.528151  10011.504114 -35363.594541              
*  2024 12 29 16 30   0.00000000                            
PL51  -7961.511135  -4428.638593   8197.545789              
VL51 -45750.164455  11970.677306 -37552.647859              
*  2024 12 29 16 32   0.00000000                            
PL51  -8496.816651  -4273.611698   7734.369464              
VL51 -43439.585389  13853.721509 -39623.100675              
*  2024 12 29 16 34   0.00000000                            
PL51  -9003.410839  -4096.488239   7247.091039              
VL51 -40966.437787  15652.039830 -41568.647056              
*  2024 12 29 16 36   0.00000000                            
PL51  -9479.397906  -3898.334378   6737.245189              
VL51 -38339.993792  17357.464653 -43383.390285              
*  2024 12 29 16 38   0.00000000                            
PL51  -9922.996878  -3680.311542   6206.434810              
VL51 -35570.112192  18962.292330 -45061.859748              
*  2024 12 29 16 40   0.00000000                            
PL51 -10332.548409  -3443.670650   5656.325811              
VL51 -32667.197548  20459.315560 -46599.026285              
*  2024 12 29 16 42   0.00000000                            
PL51 -10706.521065  -3189.745984   5088.641732              
VL51 -29642.157293  21841.853345 -47990.315980              
*  2024 12 29 16 44   0.00000000                            
PL51 -11043.517098  -2919.948697   4505.158207              
VL51 -26506.357010  23103.778391 -49231.622352              
*  2024 12 29 16 46   0.00000000                            
PL51 -11342.277662  -2635.760028   3907.697290              
VL51 -23271.574085  24239.541870 -50319.316926              
*  2024 12 29 16 48   0.00000000                            
PL51 -11601.687476  -2338.724214   3298.121662              
VL51 -19949.949968  25244.195442 -51250.258141              
*  2024 12 29 16 50   0.00000000                            
PL51 -11820.778893  -2030.441175   2678.328746              
VL51 -16553.941243  26113.410464 -52021.798622              
*  2024 12 29 16 52   0.00000000                            
PL51 -11998.735390  -1712.558972   2050.244737              
VL51 -13096.269756  26843.494343 -52631.790761              
*  2024 12 29 16 54   0.00000000                            
PL51 -12134.894444  -1386.766094   1415.818584              
VL51  -9589.872000  27431.403960 -53078.590663              
*  2024 12 29 16 56   0.00000000                            
PL51 -12228.749801  -1054.783594    777.015930              
VL51  -6047.848017  27874.756171 -53361.060432              
*  2024 12 29 16 58   0.00000000                            
PL51 -12279.953134   -718.357126    135.813027              
VL51  -2483.410016  28171.835356 -53478.568838              
*  2024 12 29 17  0   0.00000000                            
PL51 -12288.315076   -379.248900   -505.809328              
VL51   1090.169062  28321.598015 -53430.990396              
*  2024 12 29 17  2   0.00000000                            
PL51 -12253.805646    -39.229607  -1145.871859              
VL51   4659.606809  28323.674444 -53218.702885              
*  2024 12 29 17  4   0.00000000                            
PL51 -12176.554052    299.929666  -1782.402823              
VL51   8211.662254  28178.367513 -52842.583356              
*  2024 12 29 17  6   0.00000000                            
PL51 -12056.847894    636.465479  -2413.443969              
VL51  11733.186194  27886.648592 -52304.002677              
*  2024 12 29 17  8   0.00000000                            
PL51 -11895.131763    968.630031  -3037.056429              
VL51  15211.170764  27450.150676 -51604.818667              
*  2024 12 29 17 10   0.00000000                            
PL51 -11692.005251   1294.699036  -3651.326506              
VL51  18632.798068  26871.158785 -50747.367865              
*  2024 12 29 17 12   0.00000000                            
PL51 -11448.220391   1612.979483  -4254.371371              
VL51  21985.487684  26152.597702 -49734.456003              
*  2024 12 29 17 14   0.00000000                            
PL51 -11164.678521   1921.817224  -4844.344622              
VL51  25256.942892  25298.017143 -48569.347229              
*  2024 12 29 17 16   0.00000000                            
PL51 -10842.426614   2219.604369  -5419.441719              
VL51  28435.195452  24311.574453 -47255.752162              
*  2024 12 29 17 18   0.00000000                            
PL51 -10482.653074   2504.786469  -5977.905266              
VL51  31508.648794  23198.014926 -45797.814832              
*  2024 12 29 17 20   0.00000000                            
PL51 -10086.683024   2775.869434  -6518.030123              
VL51  34466.119483  21962.649871 -44200.098577              
*  2024 12 29 17 22   0.00000000                            
PL51  -9655.973114   3031.426189  -7038.168351              
VL51  37296.876841  20611.332526 -42467.570986              
*  2024 12 29 17 24   0.00000000                            
PL51  -9192.105853   3270.103018  -7536.733971              
VL51  39990.680620  19150.431962 -40605.587941              
*  2024 12 29 17 26   0.00000000                            
PL51  -8696.783512   3490.625590  -8012.207517              
VL51  42537.816627  17586.805087 -38619.876831              
*  2024 12 29 17 28   0.00000000                            
PL51  -8171.821609   3691.804638  -8463.140397              
VL51  44929.130238  15927.766882 -36516.519024              
*  2024 12 29 17 30   0.00000000                            
PL51  -7619.142000   3872.541264  -8888.159027              
VL51  47156.057706  14181.059002 -34301.931633              
*  2024 12 29 17 32   0.00000000                            
PL51  -7040.765615   4031.831869  -9285.968747              
VL51  49210.655242  12354.816866 -31982.848659              
*  2024 12 29 17 34   0.00000000                            
PL51  -6438.804856   4168.772668  -9655.357513              
VL51  51085.625788  10457.535366 -29566.301556              
*  2024 12 29 17 36   0.00000000                            
PL51  -5815.455684   4282.563796  -9995.199341              
VL51  52774.343463   8498.033314 -27059.599261              
*  2024 12 29 17 38   0.00000000                            
PL51  -5172.989433   4372.512975 -10304.457517              
VL51  54270.875641   6485.416771 -24470.307749              
*  2024 12 29 17 40   0.00000000                            
PL51  -4513.744370   4438.038734 -10582.187559              
VL51  55570.002646   4429.041360 -21806.229136              
*  2024 12 29 17 42   0.00000000                            
PL51  -3840.117030   4478.673174 -10827.539918              
VL51  56667.235014   2338.473701 -19075.380368              
*  2024 12 29 17 44   0.00000000                            
PL51  -3154.553369   4494.064267 -11039.762432              
VL51  57558.828341    223.452078 -16285.971543              
*  2024 12 29 17 46   0.00000000                            
PL51  -2459.539738   4483.977674 -11218.202506              
VL51  58241.795670  -1906.153531 -13446.383857              
*  2024 12 29 17 48   0.00000000                            
PL51  -1757.593740   4448.298082 -11362.309037              
VL51  58713.917418  -4040.381951 -10565.147236              
*  2024 12 29 17 50   0.00000000                            
PL51  -1051.254967   4387.030057 -11471.634058              
VL51  58973.748829  -6169.221719  -7650.917635              
*  2024 12 29 17 52   0.00000000                            
PL51   -343.075675   4300.298399 -11545.834116              
VL51  59020.624939  -8282.652275  -4712.454049              
*  2024 12 29 17 54   0.00000000                            
PL51    364.388594   4188.347999 -11584.671368              
VL51  58854.663031 -10370.685334  -1758.595221              
*  2024 12 29 17 56   0.00000000                            
PL51   1068.588399   4051.543211 -11588.014397              
VL51  58476.762576 -12423.406303   1201.763906              
*  2024 12 29 17 58   0.00000000                            
PL51   1766.989774   3890.366712 -11555.838741              
VL51  57888.602634 -14431.015628   4159.696003              
*  2024 12 29 18  0   0.00000000                            
PL51   2457.083555   3705.417878 -11488.227144              
VL51  57092.636707 -16383.869942   7106.265405              
*  2024 12 29 18  2   0.00000000                            
PL51   3136.394630   3497.410666 -11385.369504              
VL51  56092.085026 -18272.522890  10032.552377              
*  2024 12 29 18  4   0.00000000                            
PL51   3802.491078   3267.171002 -11247.562539              
VL51  54890.924274 -20087.765492  12929.677563              
*  2024 12 29 18  6   0.00000000                            
PL51   4452.993178   3015.633700 -11075.209154              
VL51  53493.874721 -21820.665909  15788.826607              
*  2024 12 29 18  8   0.00000000                            
PL51   5085.582233   2743.838894 -10868.817513              
VL51  51906.384789 -23462.608477  18601.274896              
*  2024 12 29 18 10   0.00000000                            
PL51   5698.009211   2452.928020 -10628.999812              
VL51  50134.613032 -25005.331874  21358.412408              
*  2024 12 29 18 12   0.00000000                            
PL51   6288.103139   2144.139337 -10356.470755              
VL51  48185.407550 -26440.966254  24051.768610              
*  2024 12 29 18 14   0.00000000                            
PL51   6853.779246   1818.803012 -10052.045731              
VL51  46066.282833 -27762.069224  26673.037368              
*  2024 12 29 18 16   0.00000000                            
PL51   7393.046805   1478.335783  -9716.638694              
VL51  43785.394070 -28961.660498  29214.101820              
*  2024 12 29 18 18   0.00000000                            
PL51   7904.016656   1124.235212  -9351.259737              
VL51  41351.508928 -30033.255070  31667.059153              
*  2024 12 29 18 20   0.00000000                            
PL51   8384.908374    758.073550  -8957.012382              
VL51  38773.976854 -30970.894767  34024.245206              
*  2024 12 29 18 22   0.00000000                            
PL51   8834.057051    381.491236  -8535.090567              
VL51  36062.695929 -31769.177993  36278.258850              
*  2024 12 29 18 24   0.00000000                            
PL51   9249.919675     -3.809951  -8086.775344              
VL51  33228.077335 -32423.287531  38421.986045              
*  2024 12 29 18 26   0.00000000                            
PL51   9631.081057   -396.074062  -7613.431291              
VL51  30281.007504 -32929.016223  40448.623485              
*  2024 12 29 18 28   0.00000000                            
PL51   9976.259296   -793.498440  -7116.502649              
VL51  27232.808041 -33282.790376  42351.701758              
*  2024 12 29 18 30   0.00000000                            
PL51  10284.310754  -1194.241451  -6597.509172              
VL51  24095.193503 -33481.690733  44125.107889              
*  2024 12 29 18 32   0.00000000                            
PL51  10554.234502  -1596.430450  -6058.041724              
VL51  20880.227169 -33523.470867  45763.107185              
*  2024 12 29 18 34   0.00000000                            
PL51  10785.176237  -1998.169951  -5499.757608              
VL51  17600.274924 -33406.572842  47260.364245              
*  2024 12 29 18 36   0.00000000                            
PL51  10976.431620  -2397.549969  -4924.375656              
VL51  14267.957415 -33130.140002  48611.963049              
*  2024 12 29 18 38   0.00000000                            
PL51  11127.449045  -2792.654498  -4333.671081              
VL51  10896.100643 -32694.026786  49813.425979              
*  2024 12 29 18 40   0.00000000                            
PL51  11237.831794  -3181.570087  -3729.470106              
VL51   7497.685190 -32098.805424  50860.731674              
*  2024 12 29 18 42   0.00000000                            
PL51  11307.339586  -3562.394477  -3113.644390              
VL51   4085.794268 -31345.769437  51750.331597              
*  2024 12 29 18 44   0.00000000                            
PL51  11335.889491  -3933.245263  -2488.105260              
VL51    673.560828 -30436.933853  52479.165193              
*  2024 12 29 18 46   0.00000000                            
PL51  11323.556203  -4292.268533  -1854.797775              
VL51  -2725.886048 -29375.032058  53044.673543              
*  2024 12 29 18 48   0.00000000                            
PL51  11270.571673  -4637.647457  -1215.694627              
VL51  -6099.475231 -28163.509264  53444.811388              
*  2024 12 29 18 50   0.00000000                            
PL51  11177.324087  -4967.610770   -572.789920              
VL51  -9434.247823 -26806.512528  53678.057433              
*  2024 12 29 18 52   0.00000000                            
PL51  11044.356191  -5280.441116     71.907177              
VL51 -12717.411384 -25308.877347  53743.422838              
*  2024 12 29 18 54   0.00000000                            
PL51  10872.362974  -5574.483215    716.378854              
VL51 -15936.393813 -23676.110828  53640.457807              
*  2024 12 29 18 56   0.00000000                            
PL51  10662.188700  -5848.151802   1358.605165              
VL51 -19078.896597 -21914.371478  53369.256201              
*  2024 12 29 18 58   0.00000000                            
PL51  10414.823312  -6099.939305   1996.570564              
VL51 -22132.947156 -20030.445672  52930.458121              
*  2024 12 29 19  0   0.00000000                            
PL51  10131.398213  -6328.423226   2628.270468              
VL51 -25086.949968 -18031.720900  52325.250402              
*  2024 12 29 19  2   0.00000000                            
PL51   9813.181438  -6532.273173   3251.717810              
VL51 -27929.736209 -15926.155881  51555.365000              
*  2024 12 29 19  4   0.00000000                            
PL51   9461.572251  -6710.257526   3864.949559              
VL51 -30650.611626 -13722.247707  50623.075247              
*  2024 12 29 19  6   0.00000000                            
PL51   9078.095166  -6861.249681   4466.033183              
VL51 -33239.402362 -11428.996144  49531.189978              
*  2024 12 29 19  8   0.00000000                            
PL51   8664.393446  -6984.233858   5053.073031              
VL51 -35686.498491  -9055.865279  48283.045532              
*  2024 12 29 19 10   0.00000000                            
PL51   8222.222079  -7078.310427   5624.216605              
VL51 -37982.895015  -6612.742698  46882.495669              
*  2024 12 29 19 12   0.00000000                            
PL51   7753.440293  -7142.700739   6177.660694              
VL51 -40120.230095  -4109.896401  45333.899430              
*  2024 12 29 19 14   0.00000000                            
PL51   7260.003621  -7176.751417   6711.657360              
VL51 -42090.820305  -1557.929683  43642.106996              
*  2024 12 29 19 16   0.00000000                            
PL51   6743.955565  -7179.938100   7224.519733              
VL51 -43887.692726   1032.265798  41812.443606              
*  2024 12 29 19 18   0.00000000                            
PL51   6207.418892  -7151.868618   7714.627609              
VL51 -45504.613696   3649.558503  39850.691614              
*  2024 12 29 19 20   0.00000000                            
PL51   5652.586611  -7092.285569   8180.432816              
VL51 -46936.114084   6282.626800  37763.070779              
*  2024 12 29 19 22   0.00000000                            
PL51   5081.712663  -7001.068298   8620.464337              
VL51 -48177.510942   8920.009790  35556.216869              
*  2024 12 29 19 24   0.00000000                            
PL51   4497.102374  -6878.234258   9033.333168              
VL51 -49224.925460  11550.158903  33237.158705              
*  2024 12 29 19 26   0.00000000                            
PL51   3901.102720  -6723.939751   9417.736885              
VL51 -50075.297132  14161.490003  30813.293748              
*  2024 12 29 19 28   0.00000000                            
PL51   3296.092439  -6538.480041   9772.463921              
VL51 -50726.394078  16742.435719  28292.362344              
*  2024 12 29 19 30   0.00000000                            
PL51   2684.472046  -6322.288837  10096.397513              
VL51 -51176.819507  19281.497756  25682.420775              
*  2024 12 29 19 32   0.00000000                            
PL51   2068.653791  -6075.937153  10388.519331              
VL51 -51426.014306  21767.298897  22991.813217              
*  2024 12 29 19 34   0.00000000                            
PL51   1451.051612  -5800.131546  10647.912757              
VL51 -51474.255781  24188.634459  20229.142753              
*  2024 12 29 19 36   0.00000000                            
PL51    834.071125  -5495.711740  10873.765815              
VL51 -51322.652580  26534.522949  17403.241578              
*  2024 12 29 19 38   0.00000000                            
PL51    220.099696  -5163.647651  11065.373739              
VL51 -50973.135877  28794.255669  14523.140514              
*  2024 12 29 19 40   0.00000000                            
PL51   -388.503357  -4805.035816  11222.141168              
VL51 -50428.446882  30957.445052  11598.037973              
*  2024 12 29 19 42   0.00000000                            
PL51   -989.416393  -4421.095266  11343.583973              
VL51 -49692.120788  33014.071503   8637.268491              
*  2024 12 29 19 44   0.00000000                            
PL51  -1580.364861  -4013.162828  11429.330693              
VL51 -48768.467252  34954.528530   5650.270961              
*  2024 12 29 19 46   0.00000000                            
PL51  -2159.130461  -3582.687914  11479.123605              
VL51 -47662.547560  36769.665980   2646.556672              
*  2024 12 29 19 48   0.00000000                            
PL51  -2723.560008  -3131.226793  11492.819393              
VL51 -46380.148582  38450.831171   -364.322709              
*  2024 12 29 19 50   0.00000000                            
PL51  -3271.573971  -2660.436385  11470.389443              
VL51 -44927.753701  39989.907762  -3372.807119              
*  2024 12 29 19 52   0.00000000                            
PL51  -3801.174637  -2172.067604  11411.919754              
VL51 -43312.510855  41379.352181  -6369.359913              
*  2024 12 29 19 54   0.00000000                            
PL51  -4310.453887  -1667.958282  11317.610467              
VL51 -41542.197867  42612.227456  -9344.499409              
*  2024 12 29 19 56   0.00000000                            
PL51  -4797.600528  -1150.025696  11187.775015              
VL51 -39625.185255  43682.234322 -12288.830055              
*  2024 12 29 19 58   0.00000000                            
PL51  -5260.907176   -620.258745  11022.838910              
VL51 -37570.396709  44583.739458 -15193.073101              
*  2024 12 29 20  0   0.00000000                            
PL51  -5698.776638    -80.709807  10823.338156              
VL51 -35387.267432  45311.800757 -18048.096692              
*  2024 12 29 20  2   0.00000000                            
PL51  -6109.727801    466.513697  10589.917310              
VL51 -33085.700559  45862.189517 -20844.945261              
*  2024 12 29 20  4   0.00000000                            
PL51  -6492.400968   1019.257979  10323.327195              
VL51 -30676.021859  46231.409488 -23574.868150              
*  2024 12 29 20  6   0.00000000                            
PL51  -6845.562654   1575.331768  10024.422274              
VL51 -28168.932944  46416.712683 -26229.347342              
*  2024 12 29 20  8   0.00000000                            
PL51  -7168.109811   2132.515376   9694.157696              
VL51 -25575.463210  46416.111921 -28800.124250              
*  2024 12 29 20 10   0.00000000                            
PL51  -7459.073462   2688.569878   9333.586025              
VL51 -22906.920716  46228.390046 -31279.225449              
*  2024 12 29 20 12   0.00000000                            
PL51  -7717.621751   3241.246395   8943.853674              
VL51 -20174.842257  45853.105806 -33658.987297              
*  2024 12 29 20 14   0.00000000                            
PL51  -7943.062386   3788.295424   8526.197043              
VL51 -17390.942823  45290.596380 -35932.079353              
*  2024 12 29 20 16   0.00000000                            
PL51  -8134.844464   4327.476174   8081.938386              
VL51 -14567.064708  44541.976559 -38091.526542              
*  2024 12 29 20 18   0.00000000                            
PL51  -8292.559704   4856.565880   7612.481419              
VL51 -11715.126467  43609.134594 -40130.729976              
*  2024 12 29 20 20   0.00000000                            
PL51  -8415.943047   5373.369042   7119.306694              
VL51  -8847.071965  42494.724756 -42043.486403              
*  2024 12 29 20 22   0.00000000                            
PL51  -8504.872659   5875.726552   6603.966733              
VL51  -5974.819738  41202.156652 -43824.006196              
*  2024 12 29 20 24   0.00000000                            
PL51  -8559.369326   6361.524684   6068.080972              
VL51  -3110.212880  39735.581362 -45466.929863              
*  2024 12 29 20 26   0.00000000                            
PL51  -8579.595252   6828.703892   5513.330502              
VL51   -264.969684  38099.874472 -46967.343011              
*  2024 12 29 20 28   0.00000000                            
PL51  -8565.852269   7275.267382   4941.452650              
VL51   2549.364759  36300.616106 -48320.789736              
*  2024 12 29 20 30   0.00000000                            
PL51  -8518.579472   7699.289439   4354.235402              
VL51   5321.465799  34344.068054 -49523.284404              
*  2024 12 29 20 32   0.00000000                            
PL51  -8438.350302   8098.923450   3753.511699              
VL51   8040.275092  32237.148127 -50571.321803              
*  2024 12 29 20 34   0.00000000                            
PL51  -8325.869079   8472.409614   3141.153619              
VL51  10695.044918  29987.401867 -51461.885642              
*  2024 12 29 20 36   0.00000000                            
PL51  -8181.967016   8818.082289   2519.066467              
VL51  13275.380764  27602.971764 -52192.455401              
*  2024 12 29 20 38   0.00000000                            
PL51  -8007.597738   9134.376960   1889.182791              
VL51  15771.282002  25092.564133 -52761.011520              
*  2024 12 29 20 40   0.00000000                            
PL51  -7803.832322   9419.836795   1253.456352              
VL51  18173.180519  22465.413808 -53166.038935              
*  2024 12 29 20 42   0.00000000                            
PL51  -7571.853881   9673.118767    613.856053              
VL51  20471.977137  19731.246840 -53406.528979              
*  2024 12 29 20 44   0.00000000                            
PL51  -7312.951734   9892.999312    -27.640139              
VL51  22659.075711  16900.241359 -53481.979664              
*  2024 12 29 20 46   0.00000000                            
PL51  -7028.515177  10078.379514   -669.051269              
VL51  24726.414761  13982.986808 -53392.394358              
*  2024 12 29 20 48   0.00000000                            
PL51  -6720.026886  10228.289789  -1308.399438              
VL51  26666.496559  10990.441719 -53138.278908              
*  2024 12 29 20 50   0.00000000                            
PL51  -6389.055998  10341.894052  -1943.715812              
VL51  28472.413554   7933.890254 -52720.637234              
*  2024 12 29 20 52   0.00000000                            
PL51  -6037.250877  10418.493358  -2573.046566              
VL51  30137.872076   4824.897691 -52140.965455              
*  2024 12 29 20 54   0.00000000                            
PL51  -5666.331621  10457.529008  -3194.458744              
VL51  31657.213248   1675.265066 -51401.244598              
*  2024 12 29 20 56   0.00000000                            
PL51  -5278.082337  10458.585099  -3806.046027              
VL51  33025.431076  -1503.016837 -50503.931959              
*  2024 12 29 20 58   0.00000000                            
PL51  -4874.343206  10421.390525  -4405.934397              
VL51  34238.187674  -4697.813950 -49451.951176              
*  2024 12 29 21  0   0.00000000                            
PL51  -4457.002394  10345.820414  -4992.287658              
VL51  35291.825629  -7896.895656 -48248.681106              
*  2024 12 29 21  2   0.00000000                            
PL51  -4027.987823  10231.897006  -5563.312835              
VL51  36183.377509 -11087.981615 -46897.943554              
*  2024 12 29 21  4   0.00000000                            
PL51  -3589.258849  10079.789970  -6117.265402              
VL51  36910.572522 -14258.788513 -45403.989958              
*  2024 12 29 21  6   0.00000000                            
PL51  -3142.797878   9889.816161  -6652.454360              
VL51  37471.840373 -17397.076577 -43771.487074              
*  2024 12 29 21  8   0.00000000                            
PL51  -2690.601949   9662.438817  -7167.247127              
VL51  37866.312346 -20490.695698 -42005.501743              
*  2024 12 29 21 10   0.00000000                            
PL51  -2234.674325   9398.266213  -7660.074243              
VL51  38093.819664 -23527.631028 -40111.484807              
*  2024 12 29 21 12   0.00000000                            
PL51  -1777.016112   9098.049765  -8129.433877              
VL51  38154.889187 -26496.047907 -38095.254218              
*  2024 12 29 21 14   0.00000000                            
PL51  -1319.617956   8762.681603  -8573.896129              
VL51  38050.736492 -29384.335995 -35962.977417              
*  2024 12 29 21 16   0.00000000                            
PL51   -864.451826   8393.191617  -8992.107116              
VL51  37783.256415 -32181.152477 -33721.153013              
*  2024 12 29 21 18   0.00000000                            
PL51   -413.462941   7990.743997  -9382.792828              
VL51  37355.011119 -34875.464235 -31376.591836              
*  2024 12 29 21 20   0.00000000                            
PL51     31.438165   7556.633263  -9744.762763              
VL51  36769.215755 -37456.588855 -28936.397399              
*  2024 12 29 21 22   0.00000000                            
PL51    468.383370   7092.279824 -10076.913314              
VL51  36029.721812 -39914.234373 -26407.945811              
*  2024 12 29 21 24   0.00000000                            
PL51    895.554499   6599.225055 -10378.230925              
VL51  35140.998215 -42238.537652 -23798.865207              
*  2024 12 29 21 26   0.00000000                            
PL51   1311.190603   6079.125931 -10647.794981              
VL51  34108.110286 -44420.101296 -21117.014715              
*  2024 12 29 21 28   0.00000000                            
PL51   1713.594980   5533.749223 -10884.780456              
VL51  32936.696631 -46450.029012 -18370.463005              
*  2024 12 29 21 30   0.00000000                            
PL51   2101.141907   4964.965283 -11088.460298              
VL51  31632.944059 -48319.959330 -15567.466459              
*  2024 12 29 21 32   0.00000000                            
PL51   2472.283058   4374.741431 -11258.207546              
VL51  30203.560629 -50022.097606 -12716.446976              
*  2024 12 29 21 34   0.00000000                            
PL51   2825.553589   3765.134966 -11393.497181              
VL51  28655.746903 -51549.246223  -9825.969457              
*  2024 12 29 21 36   0.00000000                            
PL51   3159.577865   3138.285839 -11493.907711              
VL51  26997.165506 -52894.832914  -6904.718971              
*  2024 12 29 21 38   0.00000000                            
PL51   3473.074818   2496.408979 -11559.122466              
VL51  25235.909094 -54052.937140  -3961.477638              
*  2024 12 29 21 40   0.00000000                            
PL51   3764.862902   1841.786331 -11588.930628              
VL51  23380.466819 -55018.314429  -1005.101246              
*  2024 12 29 21 42   0.00000000                            
PL51   4033.864647   1176.758604 -11583.227975              
VL51  21439.689377 -55786.418622   1955.504394              
*  2024 12 29 21 44   0.00000000                            
PL51   4279.110781    503.716768 -11542.017332              
VL51  19422.752765 -56353.421932   4911.407314              
*  2024 12 29 21 46   0.00000000                            
PL51   4499.743907   -174.906670 -11465.408747              
VL51  17339.120816 -56716.232759   7853.673485              
*  2024 12 29 21 48   0.00000000                            
PL51   4695.021732   -856.646604 -11353.619365              
VL51  15198.506640 -56872.511172  10773.391095              
*  2024 12 29 21 50   0.00000000                            
PL51   4864.319815  -1539.014422 -11206.973020              
VL51  13010.833049 -56820.681991  13661.695026              
*  2024 12 29 21 52   0.00000000                            
PL51   5007.133847  -2219.507255 -11025.899521              
VL51  10786.192106 -56559.945376  16509.791468              
*  2024 12 29 21 54   0.00000000                            
PL51   5123.081433  -2895.617328 -10810.933655              
VL51   8534.803877 -56090.284866  19308.982679              
*  2024 12 29 21 56   0.00000000                            
PL51   5211.903377  -3564.841397 -10562.713877              
VL51   6266.974523 -55412.472757  22050.691827              
*  2024 12 29 21 58   0.00000000                            
PL51   5273.464463  -4224.690233 -10281.980717              
VL51   3993.053851 -54528.072770  24726.487895              
*  2024 12 29 22  0   0.00000000                            
PL51   5307.753719  -4872.698123  -9969.574877              
VL51   1723.392453 -53439.439908  27328.110585              
*  2024 12 29 22  2   0.00000000                            
PL51   5314.884170  -5506.432344  -9626.435033              
VL51   -531.701429 -52149.717442  29847.495180              
*  2024 12 29 22  4   0.00000000                            
PL51   5295.092069  -6123.502597  -9253.595343              
VL51  -2762.005161 -50662.830964  32276.797276              
*  2024 12 29 22  6   0.00000000                            
PL51   5248.735611  -6721.570340  -8852.182650              
VL51  -4957.424944 -48983.479451  34608.417340              
*  2024 12 29 22  8   0.00000000                            
PL51   5176.293128  -7298.358000  -8423.413401              
VL51  -7108.038860 -47117.123288  36835.025002              
*  2024 12 29 22 10   0.00000000                            
PL51   5078.360770  -7851.658024  -7968.590276              
VL51  -9204.139550 -45069.969222  38949.583013              
*  2024 12 29 22 12   0.00000000                            
PL51   4955.649678  -8379.341728  -7489.098520              
VL51 -11236.276376 -42848.952216  40945.370768              
*  2024 12 29 22 14   0.00000000                            
PL51   4808.982652  -8879.367914  -6986.402014              
VL51 -13195.296865 -40461.714184  42816.007313              
*  2024 12 29 22 16   0.00000000                            
PL51   4639.290328  -9349.791206  -6462.039059              
VL51 -15072.387265 -37916.579609  44555.473732              
*  2024 12 29 22 18   0.00000000                            
PL51   4447.606879  -9788.770084  -5917.617902              
VL51 -16859.112013 -35222.528061  46158.134798              
*  2024 12 29 22 20   0.00000000                            
PL51   4235.065242 -10194.574559  -5354.812007              
VL51 -18547.451927 -32389.163641  47618.759781              
*  2024 12 29 22 22   0.00000000                            
PL51   4002.891904 -10565.593475  -4775.355078              
VL51 -20129.840908 -29426.681410  48932.542295              
*  2024 12 29 22 24   0.00000000                            
PL51   3752.401247 -10900.341379  -4181.035857              
VL51 -21599.200975 -26345.830876  50095.119058              
*  2024 12 29 22 26   0.00000000                            
PL51   3484.989498 -11197.464945  -3573.692698              
VL51 -22948.975408 -23157.876652  51102.587452              
*  2024 12 29 22 28   0.00000000                            
PL51   3202.128277 -11455.748903  -2955.207940              
VL51 -24173.159826 -19874.556378  51951.521757              
*  2024 12 29 22 30   0.00000000                            
PL51   2905.357797 -11674.121452  -2327.502096              
VL51 -25266.330991 -16508.036083  52638.987946              
*  2024 12 29 22 32   0.00000000                            
PL51   2596.279734 -11851.659118  -1692.527867              
VL51 -26223.673161 -13070.863139  53162.556934              
*  2024 12 29 22 34   0.00000000                            
PL51   2276.549783 -11987.591040  -1052.264018              
VL51 -27041.001823  -9575.916990  53520.316165              
*  2024 12 29 22 36   0.00000000                            
PL51   1947.869963 -12081.302646   -408.709114              
VL51 -27714.784630  -6036.357882  53710.879457              
*  2024 12 29 22 38   0.00000000                            
PL51   1611.980675 -12132.338707    236.124846              
VL51 -28242.159402  -2465.573811  53733.394994              
*  2024 12 29 22 40   0.00000000                            
PL51   1270.652570 -12140.405746    880.218878              
VL51 -28620.949053   1122.874069  53587.551409              
*  2024 12 29 22 42   0.00000000                            
PL51    925.678252 -12105.373778   1521.553524              
VL51 -28849.673321   4715.307297  53273.581873              
*  2024 12 29 22 44   0.00000000                            
PL51    578.863865 -12027.277382   2158.115405              
VL51 -28927.557210   8297.986962  52792.266139              
*  2024 12 29 22 46   0.00000000                            
PL51    232.020593 -11906.316077   2787.903779              
VL51 -28854.536046  11857.171257  52144.930496              
*  2024 12 29 22 48   0.00000000                            
PL51   -113.043876 -11742.854011   3408.937088              
VL51 -28631.257105  15379.173440  51333.445603              
*  2024 12 29 22 50   0.00000000                            
PL51   -454.533884 -11537.418954   4019.259467              
VL51 -28259.077762  18850.419886  50360.222195              
*  2024 12 29 22 52   0.00000000                            
PL51   -790.674298 -11290.700591   4616.947193              
VL51 -27740.060153  22257.507927  49228.204643              
*  2024 12 29 22 54   0.00000000                            
PL51  -1119.718918 -11003.548125   5200.115030              
VL51 -27076.962351  25587.263162  47940.862417              
*  2024 12 29 22 56   0.00000000                            
PL51  -1439.958754 -10676.967202   5766.922478              
VL51 -26273.226090  28826.795929  46502.179445              
*  2024 12 29 22 58   0.00000000                            
PL51  -1749.730145 -10312.116154   6315.579869              
VL51 -25332.961104  31963.556641  44916.641444              
*  2024 12 29 23  0   0.00000000                            
PL51  -2047.422659  -9910.301602   6844.354298              
VL51 -24260.926128  34985.389682  43189.221268              
*  2024 12 29 23  2   0.00000000                            
PL51  -2331.486756  -9472.973405   7351.575380              
VL51 -23062.506691  37880.585586  41325.362335              
*  2024 12 29 23  4   0.00000000                            
PL51  -2600.441156  -9001.719009   7835.640779              
VL51 -21743.689800  40637.931226  39330.960232              
*  2024 12 29 23  6   0.00000000                            
PL51  -2852.879892  -8498.257198   8295.021523              
VL51 -20311.035649  43246.757750  37212.342567              
*  2024 12 29 23  8   0.00000000                            
PL51  -3087.479006  -7964.431287   8728.267052              
VL51 -18771.646519  45696.986032  34976.247180              
*  2024 12 29 23 10   0.00000000                            
PL51  -3303.002851  -7402.201788   9134.010007              
VL51 -17133.133035  47979.169392  32629.798825              
*  2024 12 29 23 12   0.00000000                            
PL51  -3498.309977  -6813.638578   9510.970726              
VL51 -15403.577960  50084.533404  30180.484417              
*  2024 12 29 23 14   0.00000000                            
PL51  -3672.358571  -6200.912608   9857.961431              
VL51 -13591.497730  52005.012589  27636.127001              
*  2024 12 29 23 16   0.00000000                            
PL51  -3824.211416  -5566.287194  10173.890102              
VL51 -11705.801939  53733.283837  25004.858526              
*  2024 12 29 23 18   0.00000000                            
PL51  -3953.040358  -4912.108920  10457.764017              
VL51  -9755.750983  55262.796421  22295.091598              
*  2024 12 29 23 20   0.00000000                            
PL51  -4058.130255  -4240.798214  10708.692941              
VL51  -7750.912109  56587.798478  19515.490289              
*  2024 12 29 23 22   0.00000000                            
PL51  -4138.882385  -3554.839614  10925.891969              
VL51  -5701.114063  57703.359861  16674.940177              
*  2024 12 29 23 24   0.00000000                            
PL51  -4194.817310  -2856.771793  11108.684000              
VL51  -3616.400603  58605.391276  13782.517701              
*  2024 12 29 23 26   0.00000000                            
PL51  -4225.577169  -2149.177372  11256.501837              
VL51  -1506.983096  59290.659642  10847.458991              
*  2024 12 29 23 28   0.00000000                            
PL51  -4230.927403  -1434.672573  11368.889918              
VL51    616.807551  59756.799631   7879.128287              
*  2024 12 29 23 30   0.00000000                            
PL51  -4210.757901   -715.896752  11445.505663              
VL51   2744.569403  60002.321371   4886.986081              
*  2024 12 29 23 32   0.00000000                            
PL51  -4165.083554      4.498127  11486.120433              
VL51   4865.878189  60026.614301   1880.557100              
*  2024 12 29 23 34   0.00000000                            
PL51  -4094.044239    723.858054  11490.620114              
VL51   6970.335956  59829.947206  -1130.601733              
*  2024 12 29 23 36   0.00000000                            
PL51  -3997.904205   1439.537501  11459.005304              
VL51   9047.619452  59413.464473  -4136.933255              
*  2024 12 29 23 38   0.00000000                            
PL51  -3877.050895   2148.909894  11391.391133              
VL51  11087.527998  58779.178599  -7128.911825              
*  2024 12 29 23 40   0.00000000                            
PL51  -3731.993186   2849.377960  11288.006691              
VL51  13080.030644  57929.959046 -10097.074777              
*  2024 12 29 23 42   0.00000000                            
PL51  -3563.359078   3538.383932  11149.194087              
VL51  15015.312383  56869.517497 -13032.053466              
*  2024 12 29 23 44   0.00000000                            
PL51  -3371.892829   4213.419546  10975.407136              
VL51  16883.819213  55602.389620 -15924.603796              
*  2024 12 29 23 46   0.00000000                            
PL51  -3158.451560   4872.035804  10767.209686              
VL51  18676.301848  54133.913444 -18765.636142              
*  2024 12 29 23 48   0.00000000                            
PL51  -2924.001342   5511.852456  10525.273585              
VL51  20383.857890  52470.204460 -21546.244559              
*  2024 12 29 23 50   0.00000000                            
PL51  -2669.612793   6130.567162  10250.376310              
VL51  21997.972257  50618.127594 -24257.735186              
*  2024 12 29 23 52   0.00000000                            
PL51  -2396.456192   6725.964306   9943.398254              
VL51  23510.555714  48585.266181 -26891.653761              
*  2024 12 29 23 54   0.00000000                            
PL51  -2105.796152   7295.923414   9605.319689              
VL51  24913.981327  46379.888107 -29439.812144              
*  2024 12 29 23 56   0.00000000                            
PL51  -1798.985863   7838.427152   9237.217420              
VL51  26201.118689  44010.909290 -31894.313784              
*  2024 12 29 23 58   0.00000000                            
PL51  -1477.460938   8351.568873   8840.261140              
VL51  27365.365778  41487.854670 -34247.578038              
*  2024 12 30  0  0   0.00000000                            
PL51  -1142.733068   8833.559655   8415.709497              
VL51  28400.677573  38820.817445 -36492.363280              
*  2024 12 30  0  2   0.00000000                            
PL51   -796.382321   9282.734964   7964.905896              
VL51  29301.596485  36020.412971 -38621.788715              
*  2024 12 30  0  4   0.00000000                            
PL51   -440.051653   9697.560462   7489.274043              
VL51  30063.269035  33097.738820 -40629.354864              
*  2024 12 30  0  6   0.00000000                            
PL51    -75.437817  10076.637688   6990.313253              
VL51  30681.474362  30064.322449 -42508.962640              
*  2024 12 30  0  8   0.00000000                            
PL51    295.715482  10418.708845   6469.593539              
VL51  31152.638906  26932.075380 -44254.930976              
*  2024 12 30  0 10   0.00000000                            
PL51    671.625624  10722.661129   5928.750497              
VL51  31473.852485  23713.242931 -45862.012951              
*  2024 12 30  0 12   0.00000000                            
PL51   1050.479110  10987.530427   5369.480010              
VL51  31642.880638  20420.353440 -47325.410362              
*  2024 12 30  0 14   0.00000000                            
PL51   1430.439729  11212.504407   4793.532778              
VL51  31658.173915  17066.166671 -48640.786709              
*  2024 12 30  0 16   0.00000000                            
PL51   1809.656821  11396.924985   4202.708712              
VL51  31518.874099  13663.621663 -49804.278552              
*  2024 12 30  0 18   0.00000000                            
PL51   2186.273589  11540.290154   3598.851199              
VL51  31224.817351  10225.784228 -50812.505211              
*  2024 12 30  0 20   0.00000000                            
PL51   2558.435441  11642.255199   2983.841254              
VL51  30776.534295   6765.794368 -51662.576813              
*  2024 12 30  0 22   0.00000000                            
PL51   2924.298305  11702.633265   2359.591594              
VL51  30175.247068   3296.813825 -52352.100652              
*  2024 12 30  0 24   0.00000000                            
PL51   3282.036896  11721.395309   1728.040640              
VL51  29422.863394   -168.025996 -52879.185898              
*  2024 12 30  0 26   0.00000000                            
PL51   3629.852891  11698.669423   1091.146478              
VL51  28521.967720  -3615.675507 -53242.446647              
*  2024 12 30  0 28   0.00000000                            
PL51   3965.982985  11634.739552    450.880784              
VL51  27475.809506  -7033.217622 -53441.003350              
*  2024 12 30  0 30   0.00000000                            
PL51   4288.706785  11530.043601   -190.777246              
VL51  26288.288745 -10407.917428 -53474.482633              
*  2024 12 30  0 32   0.00000000                            
PL51   4596.354517  11385.170957   -831.846967              
VL51  24963.938805 -13727.270653 -53343.015567              
*  2024 12 30  0 34   0.00000000                            
PL51   4887.314509  11200.859439  -1470.352317              
VL51  23507.906703 -16979.050763 -53047.234400              
*  2024 12 30  0 36   0.00000000                            
PL51   5160.040428  10977.991690  -2104.327806              
VL51  21925.930912 -20151.354497 -52588.267818              
*  2024 12 30  0 38   0.00000000                            
PL51   5413.058226  10717.591032  -2731.824434              
VL51  20224.316839 -23232.645693 -51967.734766              
*  2024 12 30  0 40   0.00000000                            
PL51   5644.972792  10420.816807  -3350.915537              
VL51  18409.910082 -26211.797253 -51187.736896              
*  2024 12 30  0 42   0.00000000                            
PL51   5854.474260  10088.959228  -3959.702520              
VL51  16490.067618 -29078.131104 -50250.849681              
*  2024 12 30  0 44   0.00000000                            
PL51   6040.343962   9723.433759  -4556.320487              
VL51  14472.627053 -31821.456035 -49160.112275              
*  2024 12 30  0 46   0.00000000                            
PL51   6201.460003   9325.775060  -5138.943739              
VL51  12365.874086 -34432.103294 -47919.016161              
*  2024 12 30  0 48   0.00000000                            
PL51   6336.802436   8897.630513  -5705.791126              
VL51  10178.508341 -36900.959850 -46531.492679              
*  2024 12 30  0 50   0.00000000                            
PL51   6445.458016   8440.753365  -6255.131247              
VL51   7919.607701 -39219.499231 -45001.899477              
*  2024 12 30  0 52   0.00000000                            
PL51   6526.624515   7956.995521  -6785.287476              
VL51   5598.591326 -41379.809880 -43335.005977              
*  2024 12 30  0 54   0.00000000                            
PL51   6579.614596   7448.300004  -7294.642817              
VL51   3225.181477 -43374.620967 -41535.977908              
*  2024 12 30  0 56   0.00000000                            
PL51   6603.859208   6916.693123  -7781.644558              
VL51    809.364317 -45197.325607 -39610.360983              
*  2024 12 30  0 58   0.00000000                            
PL51   6598.910522   6364.276386  -8244.808728              
VL51  -1638.650179 -46842.001469 -37564.063773              
*  2024 12 30  1  0   0.00000000                            
PL51   6564.444363   5793.218165  -8682.724351              
VL51  -4108.469047 -48303.428743 -35403.339852              
*  2024 12 30  1  2   0.00000000                            
PL51   6500.262168   5205.745181  -9094.057470              
VL51  -6589.557748 -49577.105447 -33134.769261              
*  2024 12 30  1  4   0.00000000                            
PL51   6406.292423   4604.133807  -9477.554950              
VL51  -9071.282047 -50659.260086 -30765.239354              
*  2024 12 30  1  6   0.00000000                            
PL51   6282.591616   3990.701236  -9832.048052              
VL51 -11542.950197 -51546.861654 -28301.925075              
*  2024 12 30  1  8   0.00000000                            
PL51   6129.344668   3367.796557 -10156.455760              
VL51 -13993.855319 -52237.626999 -25752.268719              
*  2024 12 30  1 10   0.00000000                            
PL51   5946.864862   2737.791740 -10449.787867              
VL51 -16413.317830 -52730.025567 -23123.959216              
*  2024 12 30  1 12   0.00000000                            
PL51   5735.593259   2103.072598 -10711.147807              
VL51 -18790.727804 -53023.281554 -20424.910983              
*  2024 12 30  1 14   0.00000000                            
PL51   5496.097611   1466.029722 -10939.735232              
VL51 -21115.587139 -53117.373487 -17663.242378              
*  2024 12 30  1 16   0.00000000                            
PL51   5229.070767    829.049453 -11134.848329              
VL51 -23377.551424 -53013.031276 -14847.253784              
*  2024 12 30  1 18   0.00000000                            
PL51   4935.328578    194.504886 -11295.885870              
VL51 -25566.471363 -52711.730762 -11985.405344              
*  2024 12 30  1 20   0.00000000                            
PL51   4615.807314   -435.253028 -11422.348996              
VL51 -27672.433669 -52215.685797  -9086.294380              
*  2024 12 30  1 22   0.00000000                            
PL51   4271.560583  -1057.904283 -11513.842722              
VL51 -29685.801297 -51527.837894  -6158.632511              
*  2024 12 30  1 24   0.00000000                            
PL51   3903.755786  -1671.168476 -11570.077176              
VL51 -31597.252904 -50651.843484  -3211.222486              
*  2024 12 30  1 26   0.00000000                            
PL51   3513.670089  -2272.813292 -11590.868545              
VL51 -33397.821421 -49592.058809   -252.934746              
*  2024 12 30  1 28   0.00000000                            
PL51   3102.685953  -2860.662810 -11576.139753              
VL51 -35078.931627 -48353.522505   2707.316253              
*  2024 12 30  1 30   0.00000000                            
PL51   2672.286204  -3432.605563 -11525.920839              
VL51 -36632.436599 -46941.935899   5660.595962              
*  2024 12 30  1 32   0.00000000                            
PL51   2224.048687  -3986.602373 -11440.349058              
VL51 -38050.652930 -45363.641064   8597.973873              
*  2024 12 30  1 34   0.00000000                            
PL51   1759.640494  -4520.693889 -11319.668685              
VL51 -39326.394584 -43625.596684  11510.547849              
*  2024 12 30  1 36   0.00000000                            
PL51   1280.811806  -5033.007833 -11164.230527              
VL51 -40453.005266 -41735.351755  14389.468641              
*  2024 12 30  1 38   0.00000000                            
PL51    789.389344  -5521.765918 -10974.491144              
VL51 -41424.389184 -39701.017185  17225.964546              
*  2024 12 30  1 40   0.00000000                            
PL51    287.269471  -5985.290406 -10751.011765              
VL51 -42235.040067 -37531.235328  20011.366182              
*  2024 12 30  1 42   0.00000000                            
PL51   -223.589050  -6422.010295 -10494.456913              
VL51 -42880.068311 -35235.147527  22737.131358              
*  2024 12 30  1 44   0.00000000                            
PL51   -741.172607  -6830.467104 -10205.592733              
VL51 -43355.226124 -32822.359719  25394.869966              
*  2024 12 30  1 46   0.00000000                            
PL51  -1263.420581  -7209.320228  -9885.285010              
VL51 -43656.930524 -30302.906169  27976.368880              
*  2024 12 30  1 48   0.00000000                            
PL51  -1788.233452  -7557.351855  -9534.496902              
VL51 -43782.284072 -27687.211420  30473.616781              
*  2024 12 30  1 50   0.00000000                            
PL51  -2313.481134  -7873.471410  -9154.286371              
VL51 -43729.093194 -24986.050536  32878.828861              
*  2024 12 30  1 52   0.00000000                            
PL51  -2837.011526  -8156.719517  -8745.803312              
VL51 -43495.883962 -22210.507746  35184.471331              
*  2024 12 30  1 54   0.00000000                            
PL51  -3356.659221  -8406.271453  -8310.286398              
VL51 -43081.915212 -19371.933584  37383.285655              
*  2024 12 30  1 56   0.00000000                            
PL51  -3870.254368  -8621.440076  -7849.059635              
VL51 -42487.188865 -16481.900654  39468.312422              
*  2024 12 30  1 58   0.00000000                            
PL51  -4375.631640  -8801.678223  -7363.528628              
VL51 -41712.457330 -13552.158158  41432.914768              
*  2024 12 30  2  0   0.00000000                            
PL51  -4870.639259  -8946.580549  -6855.176577              
VL51 -40759.227901 -10594.585321  43270.801245              
*  2024 12 30  2  2   0.00000000                            
PL51  -5353.148078  -9055.884801  -6325.559992              
VL51 -39629.764015  -7621.143884  44976.048038              
*  2024 12 30  2  4   0.00000000                            
PL51  -5821.060635  -9129.472522  -5776.304159              
VL51 -38327.083317  -4643.829838  46543.120412              
*  2024 12 30  2  6   0.00000000                            
PL51  -6272.320184  -9167.369168  -5209.098339              
VL51 -36854.952429  -1674.624574  47966.893288              
*  2024 12 30  2  8   0.00000000                            
PL51  -6704.919630  -9169.743639  -4625.690742              
VL51 -35217.878383   1274.554332  49242.670815              
*  2024 12 30  2 10   0.00000000                            
PL51  -7116.910345  -9136.907215  -4027.883257              
VL51 -33421.096667   4191.902506  50366.204834              
*  2024 12 30  2 12   0.00000000                            
PL51  -7506.410825  -9069.311902  -3417.525978              
VL51 -31470.555866   7065.778107  51333.712110              
*  2024 12 30  2 14   0.00000000                            
PL51  -7871.615135  -8967.548190  -2796.511529              
VL51 -29372.898895   9884.750861  52141.890204              
*  2024 12 30  2 16   0.00000000                            
PL51  -8210.801112  -8832.342218  -2166.769207              
VL51 -27135.440842  12637.650569  52787.931897              
*  2024 12 30  2 18   0.00000000                            
PL51  -8522.338279  -8664.552368  -1530.258955              
VL51 -24766.143470  15313.614844  53269.538023              
*  2024 12 30  2 20   0.00000000                            
PL51  -8804.695440  -8465.165289   -888.965207              
VL51 -22273.586433  17902.135816  53584.928637              
*  2024 12 30  2 22   0.00000000                            
PL51  -9056.447905  -8235.291373   -244.890587              
VL51 -19666.935304  20393.105562  53732.852406              
*  2024 12 30  2 24   0.00000000                            
PL51  -9276.284310  -7976.159682    399.950471              
VL51 -16955.906524  22776.860017  53712.594128              
*  2024 12 30  2 26   0.00000000                            
PL51  -9463.013005  -7689.112375   1043.538198              
VL51 -14150.729407  25044.221092  53523.980328              
*  2024 12 30  2 28   0.00000000                            
PL51  -9615.567970  -7375.598630   1683.854011              
VL51 -11262.105360  27186.536784  53167.382829              
*  2024 12 30  2 30   0.00000000                            
PL51  -9733.014214  -7037.168103   2318.887072              
VL51  -8301.164510  29195.719026  52643.720278              
*  2024 12 30  2 32   0.00000000                            
PL51  -9814.552656  -6675.463943   2946.640844              
VL51  -5279.419922  31064.279047  51954.457563              
*  2024 12 30  2 34   0.00000000                            
PL51  -9859.524429  -6292.215406   3565.139634              
VL51  -2208.719645  32785.360040  51101.603109              
*  2024 12 30  2 36   0.00000000                            
PL51  -9867.414603  -5889.230085   4172.435089              
VL51    898.803169  34352.766946  50087.704045              
*  2024 12 30  2 38   0.00000000                            
PL51  -9837.855301  -5468.385811   4766.612617              
VL51   4030.781850  35760.993151  48915.839231              
*  2024 12 30  2 40   0.00000000                            
PL51  -9770.628182  -5031.622243   5345.797723              
VL51   7174.669191  37005.243963  47589.610189              
*  2024 12 30  2 42   0.00000000                            
PL51  -9665.666284  -4580.932201   5908.162208              
VL51  10317.791586  38081.456714  46113.129939              
*  2024 12 30  2 44   0.00000000                            
PL51  -9523.055215  -4118.352784   6451.930235              
VL51  13447.404005  38986.317370  44491.009819              
*  2024 12 30  2 46   0.00000000                            
PL51  -9343.033670  -3645.956297   6975.384216              
VL51  16550.745551  39717.273558  42728.344327              
*  2024 12 30  2 48   0.00000000                            
PL51  -9125.993293  -3165.841057   7476.870515              
VL51  19615.095270  40272.543942  40830.694068              
*  2024 12 30  2 50   0.00000000                            
PL51  -8872.477862  -2680.122099   7954.804924              
VL51  22627.827951  40651.123889  38804.066895              
*  2024 12 30  2 52   0.00000000                            
PL51  -8583.181804  -2190.921843   8407.677911              
VL51  25576.469608  40852.787424  36654.897331              
*  2024 12 30  2 54   0.00000000                            
PL51  -8258.948052  -1700.360756   8834.059609              
VL51  28448.752370  40878.085451  34390.024375              
*  2024 12 30  2 56   0.00000000                            
PL51  -7900.765245  -1210.548057   9232.604527              
VL51  31232.668503  40728.340291  32016.667811              
*  2024 12 30  2 58   0.00000000                            
PL51  -7509.764290   -723.572513   9602.055971              
VL51  33916.523277  40405.636557  29542.403116              
*  2024 12 30  3  0   0.00000000                            
PL51  -7087.214295   -241.493364   9941.250158              
VL51  36488.986446  39912.808453  26975.135104              
*  2024 12 30  3  2   0.00000000                            
PL51  -6634.517894    233.668579  10249.120000              
VL51  38939.142057  39253.423576  24323.070421              
*  2024 12 30  3  4   0.00000000                            
PL51  -6153.205986    699.939620  10524.698557              
VL51  41256.536377  38431.763327  21594.689024              
*  2024 12 30  3  6   0.00000000                            
PL51  -5644.931909   1155.401610  10767.122144              
VL51  43431.223704  37452.800058  18798.714763              
*  2024 12 30  3  8   0.00000000                            
PL51  -5111.465086   1598.200085  10975.633072              
VL51  45453.809854  36322.171106  15944.085213              
*  2024 12 30  3 10   0.00000000                            
PL51  -4554.684153   2026.552078  11149.582035              
VL51  47315.493130  35046.149841  13039.920861              
*  2024 12 30  3 12   0.00000000                            
PL51  -3976.569620   2438.753558  11288.430110              
VL51  49008.102596  33631.613934  10095.493801              
*  2024 12 30  3 14   0.00000000                            
PL51  -3379.196083   2833.186484  11391.750395              
VL51  50524.133497  32086.010988   7120.196054              
*  2024 12 30  3 16   0.00000000                            
PL51  -2764.724036   3208.325422  11459.229247              
VL51  51856.779665  30417.321747   4123.507637              
*  2024 12 30  3 18   0.00000000                            
PL51  -2135.391308   3562.743712  11490.667157              
VL51  52999.962807  28634.021071   1114.964525              
*  2024 12 30  3 20   0.00000000                            
PL51  -1493.504166   3895.119151  11485.979217              
VL51  53948.358537  26745.036899  -1895.873392              
*  2024 12 30  3 22   0.00000000                            
PL51   -841.428134   4204.239178  11445.195227              
VL51  54697.419083  24759.707395  -4899.454224              
*  2024 12 30  3 24   0.00000000                            
PL51   -181.578548   4489.005531  11368.459400              
VL51  55243.392583  22687.736522  -7886.265761              
*  2024 12 30  3 26   0.00000000                            
PL51    483.589086   4748.438359  11256.029701              
VL51  55583.338907  20539.148244 -10846.866813              
*  2024 12 30  3 28   0.00000000                            
PL51   1151.588918   4981.679787  11108.276808              
VL51  55715.141971  18324.239602 -13771.918101              
*  2024 12 30  3 30   0.00000000                            
PL51   1819.914692   5187.996903  10925.682709              
VL51  55637.518497  16053.532876 -16652.212603              
*  2024 12 30  3 32   0.00000000                            
PL51   2486.049778   5366.784172  10708.838931              
VL51  55350.023216  13737.727064 -19478.705266              
*  2024 12 30  3 34   0.00000000                            
PL51   3147.477243   5517.565262  10458.444427              
VL51  54853.050503  11387.648906 -22242.541979              
*  2024 12 30  3 36   0.00000000                            
PL51   3801.689914   5639.994283  10175.303111              
VL51  54147.832453   9014.203677 -24935.087732              
*  2024 12 30  3 38   0.00000000                            
PL51   4446.200404   5733.856431   9860.321066              
VL51  53236.433435   6628.325975 -27547.953860              
*  2024 12 30  3 40   0.00000000                            
PL51   5078.551050   5799.068053   9514.503430              
VL51  52121.741148   4240.930722 -30073.024295              
*  2024 12 30  3 42   0.00000000                            
PL51   5696.323721   5835.676108   9138.950970              
VL51  50807.454256   1862.864605 -32502.480742              
*  2024 12 30  3 44   0.00000000                            
PL51   6297.149460   5843.857071   8734.856367              
VL51  49298.066645   -495.141841 -34828.826712              
*  2024 12 30  3 46   0.00000000                            
PL51   6878.717911   5823.915247   8303.500213              
VL51  47598.848422  -2822.521273 -37044.910317              
*  2024 12 30  3 48   0.00000000                            
PL51   7438.786511   5776.280541   7846.246748              
VL51  45715.823717  -5108.915537 -39143.945790              
*  2024 12 30  3 50   0.00000000                            
PL51   7975.189385   5701.505676   7364.539343              
VL51  43655.745420  -7344.220381 -41119.533636              
*  2024 12 30  3 52   0.00000000                            
PL51   8485.845923   5600.262888   6859.895749              
VL51  41426.066977  -9518.628718 -42965.679363              
*  2024 12 30  3 54   0.00000000                            
PL51   8968.769010   5473.340101   6333.903137              
VL51  39034.911377 -11622.672252 -44676.810740              
*  2024 12 30  3 56   0.00000000                            
PL51   9422.072853   5321.636631   5788.212929              
VL51  36491.037500 -13647.261269 -46247.793524              
*  2024 12 30  3 58   0.00000000                            
PL51   9843.980405   5146.158406   5224.535459              
VL51  33803.803974 -15583.722459 -47673.945620              
*  2024 12 30  4  0   0.00000000                            
PL51  10232.830329   4948.012756   4644.634471              
VL51  30983.130739 -17423.834587 -48951.049639              
*  2024 12 30  4  2   0.00000000                            
PL51  10587.083491   4728.402786   4050.321472              
VL51  28039.458500 -19159.861890 -50075.363828              
*  2024 12 30  4  4   0.00000000                            
PL51  10905.328961   4488.621362   3443.449972              
VL51  24983.706248 -20784.585065 -51043.631353              
*  2024 12 30  4  6   0.00000000                            
PL51  11186.289487   4230.044736   2825.909610              
VL51  21827.227081 -22291.329735 -51853.087925              
*  2024 12 30  4  8   0.00000000                            
PL51  11428.826429   3954.125857   2199.620215              
VL51  18581.762505 -23673.992292 -52501.467765              
*  2024 12 30  4 10   0.00000000                            
PL51  11631.944142   3662.387371   1566.525789              
VL51  15259.395450 -24927.063031 -52987.007905              
*  2024 12 30  4 12   0.00000000                            
PL51  11794.793785   3356.414378    928.588461              
VL51  11872.502203 -26045.646507 -53308.450857              
*  2024 12 30  4 14   0.00000000                            
PL51  11916.676549   3037.846945    287.782408              
VL51   8433.703480 -27025.479058 -53465.045649              
*  2024 12 30  4 16   0.00000000                            
PL51  11997.046290   2708.372440   -353.912215              
VL51   4955.814862 -27862.943448 -53456.547266              
*  2024 12 30  4 18   0.00000000                            
PL51  12035.511575   2369.717699   -994.515343              
VL51   1451.796788 -28555.080612 -53283.214534              
*  2024 12 30  4 20   0.00000000                            
PL51  12031.837108   2023.641071  -1632.053018              
VL51  -2065.295667 -29099.598487 -52945.806481              
*  2024 12 30  4 22   0.00000000                            
PL51  11985.944577   1671.924377  -2264.563369              
VL51  -5582.363021 -29494.877931 -52445.577213              
*  2024 12 30  4 24   0.00000000                            
PL51  11897.912876   1316.364815  -2890.102513              
VL51  -9086.311436 -29739.975745 -51784.269376              
*  2024 12 30  4 26   0.00000000                            
PL51  11767.977742    958.766842  -3506.750370              
VL51 -12564.102373 -29834.624821 -50964.106233              
*  2024 12 30  4 28   0.00000000                            
PL51  11596.530800    600.934075  -4112.616378              
VL51 -16002.801679 -29779.231471 -49987.782436              
*  2024 12 30  4 30   0.00000000                            
PL51  11384.118014    244.661244  -4705.845087              
VL51 -19389.627904 -29574.869974 -48858.453543              
*  2024 12 30  4 32   0.00000000                            
PL51  11131.437573   -108.273784  -5284.621622              
VL51 -22711.999704 -29223.274416 -47579.724356              
*  2024 12 30  4 34   0.00000000                            
PL51  10839.337209   -456.117857  -5847.176997              
VL51 -25957.582135 -28726.827895 -46155.636143              
*  2024 12 30  4 36   0.00000000                            
PL51  10508.810968   -797.150246  -6391.793272              
VL51 -29114.331721 -28088.549173 -44590.652815              
*  2024 12 30  4 38   0.00000000                            
PL51  10140.995452  -1129.690186  -6916.808536              
VL51 -32170.540136 -27312.076873 -42889.646138              
*  2024 12 30  4 40   0.00000000                            
PL51   9737.165538  -1452.104204  -7420.621708              
VL51 -35114.876384 -26401.651309 -41057.880030              
*  2024 12 30  4 42   0.00000000                            
PL51   9298.729608  -1762.813220  -7901.697145              
VL51 -37936.427362 -25362.094064 -39100.994031              
*  2024 12 30  4 44   0.00000000                            
PL51   8827.224300  -2060.299388  -8358.569046              
VL51 -40624.736705 -24198.785415 -37024.985993              
*  2024 12 30  4 46   0.00000000                            
PL51   8324.308801  -2343.112657  -8789.845644              
VL51 -43169.841812 -22917.639714 -34836.194062              
*  2024 12 30  4 48   0.00000000                            
PL51   7791.758709  -2609.877020  -9194.213180              
VL51 -45562.308978 -21525.078848 -32541.277996              
*  2024 12 30  4 50   0.00000000                            
PL51   7231.459487  -2859.296437  -9570.439643              
VL51 -47793.266540 -20028.003877 -30147.199887              
*  2024 12 30  4 52   0.00000000                            
PL51   6645.399531  -3090.160406  -9917.378284              
VL51 -49854.435994 -18433.764982 -27661.204331              
*  2024 12 30  4 54   0.00000000                            
PL51   6035.662871  -3301.349164 -10233.970882              
VL51 -51738.160994 -16750.129830 -25090.798088              
*  2024 12 30  4 56   0.00000000                            
PL51   5404.421547  -3491.838502 -10519.250767              
VL51 -53437.434202 -14985.250477 -22443.729277              
*  2024 12 30  4 58   0.00000000                            
PL51   4753.927667  -3660.704168 -10772.345589              
VL51 -54945.921932 -13147.628918 -19727.966147              
*  2024 12 30  5  0   0.00000000                            
PL51   4086.505190  -3807.125858 -10992.479828              
VL51 -56257.986545 -11246.081419 -16951.675440              
*  2024 12 30  5  2   0.00000000                            
PL51   3404.541447  -3930.390765 -11178.977047              
VL51 -57368.706558  -9289.701719 -14123.200389              
*  2024 12 30  5  4   0.00000000                            
PL51   2710.478442  -4029.896681 -11331.261877              
VL51 -58273.894412  -7287.823237 -11251.038362              
*  2024 12 30  5  6   0.00000000                            
PL51   2006.803945  -4105.154646 -11448.861725              
VL51 -58970.111882  -5249.980398  -8343.818183              
*  2024 12 30  5  8   0.00000000                            
PL51   1296.042425  -4155.791123 -11531.408221              
VL51 -59454.683071  -3185.869177  -5410.277150              
*  2024 12 30  5 10   0.00000000                            
PL51    580.745833  -4181.549694 -11578.638376              
VL51 -59725.704967  -1105.307003  -2459.237774              
*  2024 12 30  5 12   0.00000000                            
PL51   -136.515724  -4182.292277 -11590.395466              
VL51 -59782.055525    981.807877    500.415745              
*  2024 12 30  5 14   0.00000000                            
PL51   -853.163387  -4157.999848 -11566.629627              
VL51 -59623.399245   3065.537445   3459.761284              
*  2024 12 30  5 16   0.00000000                            
PL51  -1566.619010  -4108.772673 -11507.398171              
VL51 -59250.190216   5135.945259   6409.862786              
*  2024 12 30  5 18   0.00000000                            
PL51  -2274.314633  -4034.830035 -11412.865601              
VL51 -58663.672604   7183.137957   9341.794449              
*  2024 12 30  5 20   0.00000000                            
PL51  -2973.701962  -3936.509475 -11283.303351              
VL51 -57865.878537   9197.306820  12246.665109              
*  2024 12 30  5 22   0.00000000                            
PL51  -3662.261790  -3814.265521 -11119.089216              
VL51 -56859.623383  11168.769242  15115.642779              
*  2024 12 30  5 24   0.00000000                            
PL51  -4337.513361  -3668.667929 -10920.706497              
VL51 -55648.498366  13088.009987  17939.979329              
*  2024 12 30  5 26   0.00000000                            
PL51  -4997.023618  -3500.399430 -10688.742845              
VL51 -54236.860517  14945.722098  20711.035279              
*  2024 12 30  5 28   0.00000000                            
PL51  -5638.416322  -3310.252985 -10423.888809              
VL51 -52629.819919  16732.847306  23420.304656              
*  2024 12 30  5 30   0.00000000                            
PL51  -6259.380998  -3099.128565 -10126.936084              
VL51 -50833.224224  18440.615811  26059.439887              
*  2024 12 30  5 32   0.00000000                            
PL51  -6857.681676  -2868.029450  -9798.775462              
VL51 -48853.640442  20060.585263  28620.276675              
*  2024 12 30  5 34   0.00000000                            
PL51  -7431.165405  -2618.058076  -9440.394482              
VL51 -46698.333979  21584.678805  31094.858784              
*  2024 12 30  5 36   0.00000000                            
PL51  -7977.770491  -2350.411419  -9052.874786              
VL51 -44375.244929  23005.222006  33475.462701              
*  2024 12 30  5 38   0.00000000                            
PL51  -8495.534439  -2066.375957  -8637.389179              
VL51 -41892.961633  24314.978526  35754.622071              
*  2024 12 30  5 40   0.00000000                            
PL51  -8982.601560  -1767.322203  -8195.198400              
VL51 -39260.691527  25507.184337  37925.151850              
*  2024 12 30  5 42   0.00000000                            
PL51  -9437.230208  -1454.698842  -7727.647601              
VL51 -36488.229304  26575.580340  39980.172071              
*  2024 12 30  5 44   0.00000000                            
PL51  -9857.799629  -1130.026482  -7236.162546              
VL51 -33585.922453  27514.443198  41913.131142              
*  2024 12 30  5 46   0.00000000                            
PL51 -10242.816370   -794.891051  -6722.245533              
VL51 -30564.634224  28318.614213  43717.828580              
*  2024 12 30  5 48   0.00000000                            
PL51 -10590.920237   -450.936859  -6187.471051              
VL51 -27435.704118  28983.526076  45388.437047              
*  2024 12 30  5 50   0.00000000                            
PL51 -10900.889756    -99.859351  -5633.481169              
VL51 -24210.905979  29505.227324  46919.523616              
*  2024 12 30  5 52   0.00000000                            
PL51 -11171.647128    256.602414  -5061.980683              
VL51 -20902.403825  29880.404332  48306.070119              
*  2024 12 30  5 54   0.00000000                            
PL51 -11402.262632    616.673541  -4474.732023              
VL51 -17522.705552  30106.400689  49543.492470              
*  2024 12 30  5 56   0.00000000                            
PL51 -11591.958465    978.551287  -3873.549931              
VL51 -14084.614661  30181.233803  50627.658850              
*  2024 12 30  5 58   0.00000000                            
PL51 -11740.111990   1340.413227  -3260.295930              
VL51 -10601.180195  30103.608599  51554.906621              
*  2024 12 30  6  0   0.00000000                            
PL51 -11846.258374   1700.425579  -2636.872604              
VL51  -7085.645088  29872.928174  52322.057853              
*  2024 12 30  6  2   0.00000000                            
PL51 -11910.092598   2056.751624  -2005.217692              
VL51  -3551.393129  29489.301315  52926.433356              
*  2024 12 30  6  4   0.00000000                            
PL51 -11931.470823   2407.560206  -1367.298027              
VL51    -11.894797  28953.546762  53365.865108              
*  2024 12 30  6  6   0.00000000                            
PL51 -11910.411102   2751.034261   -725.103339              
VL51   3519.347802  28267.194159  53638.706966              
*  2024 12 30  6  8   0.00000000                            
PL51 -11847.093423   3085.379333    -80.639932              
VL51   7028.856615  27432.481615  53743.843582              
*  2024 12 30  6 10   0.00000000                            
PL51 -11741.859088   3408.832051    564.075725              
VL51  10503.233682  26452.349858  53680.697437              
*  2024 12 30  6 12   0.00000000                            
PL51 -11595.209413   3719.668499   1207.023486              
VL51  13929.217235  25330.432937  53449.233910              
*  2024 12 30  6 14   0.00000000                            
PL51 -11407.803758   4016.212471   1846.186063              
VL51  17293.737575  24071.045507  53049.964334              
*  2024 12 30  6 16   0.00000000                            
PL51 -11180.456890   4296.843539   2479.555586              
VL51  20583.972430  22679.166693  52483.946976              
*  2024 12 30  6 18   0.00000000                            
PL51 -10914.135686   4560.004919   3105.140163              
VL51  23787.401482  21160.420608  51752.785913              
*  2024 12 30  6 20   0.00000000                            
PL51 -10609.955186   4804.211070   3720.970408              
VL51  26891.859779  19521.053585  50858.627780              
*  2024 12 30  6 22   0.00000000                            
PL51 -10269.174019   5028.055015   4325.105926              
VL51  29885.589728  17767.908225  49804.156381              
*  2024 12 30  6 24   0.00000000                            
PL51  -9893.189206   5230.215321   4915.641712              
VL51  32757.291377  15908.394378  48592.585174              
*  2024 12 30  6 26   0.00000000                            
PL51  -9483.530380   5409.462718   5490.714456              
VL51  35496.170725  13950.457200  47227.647659              
*  2024 12 30  6 28   0.00000000                            
PL51  -9041.853436   5564.666320   6048.508710              
VL51  38091.985778  11902.542435  45713.585694              
*  2024 12 30  6 30   0.00000000                            
PL51  -8569.933639   5694.799404   6587.262914              
VL51  40535.090110   9773.559111  44055.135801              
*  2024 12 30  6 32   0.00000000                            
PL51  -8069.658235   5798.944741   7105.275235              
VL51  42816.473691   7572.839836  42257.513519              
*  2024 12 30  6 34   0.00000000                            
PL51  -7543.018579   5876.299426   7600.909214              
VL51  44927.800775   5310.098897  40326.395875              
*  2024 12 30  6 36   0.00000000                            
PL51  -6992.101835   5926.179194   8072.599191              
VL51  46861.444642   2995.388391  38267.902068              
*  2024 12 30  6 38   0.00000000                            
PL51  -6419.082274   5948.022210   8518.855482              
VL51  48610.519024    639.052608  36088.572449              
*  2024 12 30  6 40   0.00000000                            
PL51  -5826.212219   5941.392283   8938.269305              
VL51  50168.906051  -1748.319080  33795.345901              
*  2024 12 30  6 42   0.00000000                            
PL51  -5215.812672   5905.981529   9329.517415              
VL51  51531.280601  -4155.940587  31395.535740              
*  2024 12 30  6 44   0.00000000                            
PL51  -4590.263677   5841.612426   9691.366446              
VL51  52693.130928  -6572.878467  28896.804254              
*  2024 12 30  6 46   0.00000000                            
PL51  -3951.994449   5748.239292  10022.676942              
VL51  53650.775492  -8988.102016  26307.135997              
*  2024 12 30  6 48   0.00000000                            
PL51  -3303.473338   5625.949140  10322.407054              
VL51  54401.375940 -11390.533838  23634.809987              
*  2024 12 30  6 50   0.00000000                            
PL51  -2647.197645   5474.961941  10589.615906              
VL51  54942.946196 -13769.100639  20888.370932              
*  2024 12 30  6 52   0.00000000                            
PL51  -1985.683361   5295.630267  10823.466607              
VL51  55274.357665 -16112.783980  18076.599614              
*  2024 12 30  6 54   0.00000000                            
PL51  -1321.454871   5088.438327  11023.228897              
VL51  55395.340556 -18410.670748  15208.482571              
*  2024 12 30  6 56   0.00000000                            
PL51   -657.034652   4854.000407  11188.281437              
VL51  55306.481362 -20652.003107  12293.181195              
*  2024 12 30  6 58   0.00000000                            
PL51      5.066965   4593.058710  11318.113717              
VL51  55009.216555 -22826.227683   9340.000381              
*  2024 12 30  7  0   0.00000000                            
PL51    662.361937   4306.480610  11412.327588              
VL51  54505.822552 -24923.043768   6358.356834              
*  2024 12 30  7  2   0.00000000                            
PL51   1312.394511   3995.255337  11470.638412              
VL51  53799.402045 -26932.450313   3357.747171              
*  2024 12 30  7  4   0.00000000                            
PL51   1952.751041   3660.490108  11492.875832              
VL51  52893.866782 -28844.791497    347.715924              
*  2024 12 30  7  6   0.00000000                            
PL51   2581.069572   3303.405719  11478.984151              
VL51  51793.916925 -30650.800677  -2662.176439              
*  2024 12 30  7  8   0.00000000                            
PL51   3195.049167   2925.331617  11429.022335              
VL51  50505.017096 -32341.642509  -5662.385359              
*  2024 12 30  7 10   0.00000000                            
PL51   3792.458915   2527.700484  11343.163632              
VL51  49033.369254 -33908.953076  -8643.413783              
*  2024 12 30  7 12   0.00000000                            
PL51   4371.146602   2112.042351  11221.694810              
VL51  47385.882563 -35344.877824 -11595.843411              
*  2024 12 30  7 14   0.00000000                            
PL51   4929.047007   1679.978267  11065.015033              
VL51  45570.140389 -36642.107166 -14510.365489              
*  2024 12 30  7 16   0.00000000                            
PL51   5464.189774   1233.213559  10873.634361              
VL51  43594.364631 -37793.909588 -17377.811035              
*  2024 12 30  7 18   0.00000000                            
PL51   5974.706855    773.530713  10648.171892              
VL51  41467.377531 -38794.162128 -20189.180412              
*  2024 12 30  7 20   0.00000000                            
PL51   6458.839466    302.781895  10389.353563              
VL51  39198.561182 -39637.378095 -22935.672146              
*  2024 12 30  7 22   0.00000000                            
PL51   6914.944557   -177.118830  10098.009596              
VL51  36797.814917 -40318.731920 -25608.710894              
*  2024 12 30  7 24   0.00000000                            
PL51   7341.500751   -664.203567   9775.071628              
VL51  34275.510788 -40834.081037 -28199.974488              
*  2024 12 30  7 26   0.00000000                            
PL51   7737.113743  -1156.458905   9421.569510              
VL51  31642.447341 -41179.984711 -30701.419941              
*  2024 12 30  7 28   0.00000000                            
PL51   8100.521130  -1651.834436   9038.627808              
VL51  28909.801921 -41353.719738 -33105.308374              
*  2024 12 30  7 30   0.00000000                            
PL51   8430.596667  -2148.251441   8627.462014              
VL51  26089.081699 -41353.292964 -35404.228742              
*  2024 12 30  7 32   0.00000000                            
PL51   8726.353922  -2643.611712   8189.374469              
VL51  23192.073684 -41177.450589 -37591.120327              
*  2024 12 30  7 34   0.00000000                            
PL51   8986.949337  -3135.806466   7725.750035              
VL51  20230.793911 -40825.684208 -39659.293900              
*  2024 12 30  7 36   0.00000000                            
PL51   9211.684659  -3622.725303   7238.051517              
VL51  17217.436066 -40298.233607 -41602.451511              
*  2024 12 30  7 38   0.00000000                            
PL51   9400.008769  -4102.265193   6727.814856              
VL51  14164.319760 -39596.086293 -43414.704831              
*  2024 12 30  7 40   0.00000000                            
PL51   9551.518881  -4572.339421   6196.644107              
VL51  11083.838690 -38720.973796 -45090.592008              
*  2024 12 30  7 42   0.00000000                            
PL51   9665.961116  -5030.886486   5646.206235              
VL51   7988.408921 -37675.364765 -46625.092982              
*  2024 12 30  7 44   0.00000000                            
PL51   9743.230468  -5475.878883   5078.225722              
VL51   4890.417516 -36462.454926 -48013.643226              
*  2024 12 30  7 46   0.00000000                            
PL51   9783.370144  -5905.331752   4494.479032              
VL51   1802.171730 -35086.153951 -49252.145872              
*  2024 12 30  7 48   0.00000000                            
PL51   9786.570312  -6317.311357   3896.788931              
VL51  -1264.150994 -33551.069333 -50336.982213              
*  2024 12 30  7 50   0.00000000                            
PL51   9753.166243  -6709.943342   3287.018696              
VL51  -4296.552037 -31862.487361 -51265.020549              
*  2024 12 30  7 52   0.00000000                            
PL51   9683.635879  -7081.420756   2667.066226              
VL51  -7283.259392 -30026.351295 -52033.623373              
*  2024 12 30  7 54   0.00000000                            
PL51   9578.596834  -7430.011782   2038.858075              
VL51 -10212.774064 -28049.236879 -52640.652904              
*  2024 12 30  7 56   0.00000000                            
PL51   9438.802848  -7754.067177   1404.343433              
VL51 -13073.914857 -25938.325314 -53084.474962              
*  2024 12 30  7 58   0.00000000                            
PL51   9265.139710  -8052.027359    765.488065              
VL51 -15855.861415 -23701.373833 -53363.961208              
*  2024 12 30  8  0   0.00000000                            
PL51   9058.620685  -8322.429129    124.268240              
VL51 -18548.195317 -21346.684044 -53478.489772              
*  2024 12 30  8  2   0.00000000                            
PL51   8820.381447  -8563.912008   -517.335347              
VL51 -21140.939109 -18883.068185 -53427.944292              
*  2024 12 30  8  4   0.00000000                            
PL51   8551.674573  -8775.224151  -1157.343628              
VL51 -23624.593111 -16319.813463 -53212.711410              
*  2024 12 30  8  6   0.00000000                            
PL51   8253.863592  -8955.227820  -1793.785169              
VL51 -25990.169896 -13666.644656 -52833.676752              
*  2024 12 30  8  8   0.00000000                            
PL51   7928.416651  -9102.904410  -2424.702135              
VL51 -28229.226325 -10933.685131 -52292.219453              
*  2024 12 30  8 10   0.00000000                            
PL51   7576.899796  -9217.358982  -3048.156165              
VL51 -30333.893046  -8131.416479 -51590.205274              
*  2024 12 30  8 12   0.00000000                            
PL51   7200.969931  -9297.824322  -3662.234169              
VL51 -32296.901368  -5270.636925 -50729.978354              
*  2024 12 30  8 14   0.00000000                            
PL51   6802.367454  -9343.664479  -4265.054006              
VL51 -34111.607465  -2362.418702 -49714.351677              
*  2024 12 30  8 16   0.00000000                            
PL51   6382.908634  -9354.377797  -4854.770054              
VL51 -35772.013830    581.935432 -48546.596301              
*  2024 12 30  8 18   0.00000000                            
PL51   5944.477735  -9329.599417  -5429.578632              
VL51 -37272.787965   3550.936362 -47230.429414              
*  2024 12 30  8 20   0.00000000                            
PL51   5489.018943  -9269.103241  -5987.723278              
VL51 -38609.278258   6532.953296 -45770.001298              
*  2024 12 30  8 22   0.00000000                            
PL51   5018.528109  -9172.803370  -6527.499860              
VL51 -39777.527054   9516.258780 -44169.881250              
*  2024 12 30  8 24   0.00000000                            
PL51   4535.044360  -9040.754984  -7047.261519              
VL51 -40774.280911  12489.073881 -42435.042550              
*  2024 12 30  8 26   0.00000000                            
PL51   4040.641601  -8873.154696  -7545.423419              
VL51 -41596.998051  15439.613387 -40570.846532              
*  2024 12 30  8 28   0.00000000                            
PL51   3537.419942  -8670.340353  -8020.467305              
VL51 -42243.853046  18356.130865 -38583.025834              
*  2024 12 30  8 30   0.00000000                            
PL51   3027.497091  -8432.790302  -8470.945856              
VL51 -42713.738756  21226.963431 -36477.666893              
*  2024 12 30  8 32   0.00000000                            
PL51   2512.999732  -8161.122123  -8895.486817              
VL51 -43006.265576  24040.576104 -34261.191739              
*  2024 12 30  8 34   0.00000000                            
PL51   1996.054938  -7856.090826  -9292.796921              
VL51 -43121.758041  26785.605596 -31940.339154              
*  2024 12 30  8 36   0.00000000                            
PL51   1478.781628  -7518.586538  -9661.665567              
VL51 -43061.248838  29450.903438 -29522.145236              
*  2024 12 30  8 38   0.00000000                            
PL51    963.282123  -7149.631663 -10000.968272              
VL51 -42826.470291  32025.578298 -27013.923429              
*  2024 12 30  8 40   0.00000000                            
PL51    451.633812  -6750.377554 -10309.669877              
VL51 -42419.843382  34499.037399 -24423.244048              
*  2024 12 30  8 42   0.00000000                            
PL51    -54.119034  -6322.100682 -10586.827504              
VL51 -41844.464378  36861.026907 -21757.913358              
*  2024 12 30  8 44   0.00000000                            
PL51   -551.973275  -5866.198332 -10831.593258              
VL51 -41104.089128  39101.671205 -19025.952218              
*  2024 12 30  8 46   0.00000000                            
PL51  -1039.974708  -5384.183838 -11043.216675              
VL51 -40203.115111  41211.510929 -16235.574349              
*  2024 12 30  8 48   0.00000000                            
PL51  -1516.225651  -4877.681364 -11221.046900              
VL51 -39146.561311  43181.539694 -13395.164236              
*  2024 12 30  8 50   0.00000000                            
PL51  -1978.892270  -4348.420256 -11364.534607              
VL51 -37940.045983  45003.239395 -10513.254696              
*  2024 12 30  8 52   0.00000000                            
PL51  -2426.211622  -3798.228978 -11473.233638              
VL51 -36589.762405  46668.613999  -7598.504134              
*  2024 12 30  8 54   0.00000000                            
PL51  -2856.498406  -3229.028651 -11546.802377              
VL51 -35102.452682  48170.221734  -4659.673512              
*  2024 12 30  8 56   0.00000000                            
PL51  -3268.151380  -2642.826219 -11585.004837              
VL51 -33485.379681  49501.205591  -1705.603035              
*  2024 12 30  8 58   0.00000000                            
PL51  -3659.659432  -2041.707256 -11587.711470              
VL51 -31746.297190  50655.322028   1254.811412              
*  2024 12 30  9  0   0.00000000                            
PL51  -4029.607284  -1427.828446 -11554.899696              
VL51 -29893.418362  51626.967819   4212.642064              
*  2024 12 30  9  2   0.00000000                            
PL51  -4376.680805   -803.409740 -11486.654138              
VL51 -27935.382552  52411.204914   7158.953308              
*  2024 12 30  9  4   0.00000000                            
PL51  -4699.671925   -170.726242 -11383.166573              
VL51 -25881.220607  53003.783255  10084.825909              
*  2024 12 30  9  6   0.00000000                            
PL51  -4997.483110    467.900176 -11244.735588              
VL51 -23740.318720  53401.161430  12981.381427              
*  2024 12 30  9  8   0.00000000                            
PL51  -5269.131406   1110.109491 -11071.765945              
VL51 -21522.380918  53600.525076  15839.806794              
*  2024 12 30  9 10   0.00000000                            
PL51  -5513.752020   1753.512349 -10864.767646              
VL51 -19237.390294  53599.802937  18651.379034              
*  2024 12 30  9 12   0.00000000                            
PL51  -5730.601435   2395.699072 -10624.354703              
VL51 -16895.569069  53397.680467  21407.490083              
*  2024 12 30  9 14   0.00000000                            
PL51  -5919.060027   3034.248803 -10351.243614              
VL51 -14507.337602  52993.610886  24099.671684              
*  2024 12 30  9 16   0.00000000                            
PL51  -6078.634198   3666.738773 -10046.251530              
VL51 -12083.272438  52387.823581  26719.620306              
*  2024 12 30  9 18   0.00000000                            
PL51  -6208.957992   4290.753653  -9710.294132              
VL51  -9634.063541  51581.329761  29259.222027              
*  2024 12 30  9 20   0.00000000                            
PL51  -6309.794194   4903.894954  -9344.383206              
VL51  -7170.470816  50575.925260  31710.577333              
*  2024 12 30  9 22   0.00000000                            
PL51  -6381.034911   5503.790446  -8949.623925              
VL51  -4703.280077  49374.190416  34066.025750              
*  2024 12 30  9 24   0.00000000                            
PL51  -6422.701610   6088.103558  -8527.211828              
VL51  -2243.258594  47979.486932  36318.170241              
*  2024 12 30  9 26   0.00000000                            
PL51  -6434.944633   6654.542716  -8078.429520              
VL51    198.889613  46395.951657  38459.901277              
*  2024 12 30  9 28   0.00000000                            
PL51  -6418.042165   7200.870593  -7604.643074              
VL51   2612.568572  44628.487224  40484.420500              
*  2024 12 30  9 30   0.00000000                            
PL51  -6372.398671   7724.913229  -7107.298162              
VL51   4987.335072  42682.749499  42385.263872              
*  2024 12 30  9 32   0.00000000                            
PL51  -6298.542796   8224.568975  -6587.915906              
VL51   7312.943105  40565.131801  44156.324226              
*  2024 12 30  9 34   0.00000000                            
PL51  -6197.124733   8697.817236  -6048.088462              
VL51   9579.387862  38282.745890  45791.873096              
*  2024 12 30  9 36   0.00000000                            
PL51  -6068.913071   9142.726955  -5489.474350              
VL51  11776.949060  35843.399691  47286.581725              
*  2024 12 30  9 38   0.00000000                            
PL51  -5914.791118   9557.464824  -4913.793537              
VL51  13896.233430  33255.571800  48635.541144              
*  2024 12 30  9 40   0.00000000                            
PL51  -5735.752734   9940.303159  -4322.822282              
VL51  15928.216126  30528.382782  49834.281194              
*  2024 12 30  9 42   0.00000000                            
PL51  -5532.897666  10289.627418  -3718.387763              
VL51  17864.280874  27671.563313  50878.788381              
*  2024 12 30  9 44   0.00000000                            
PL51  -5307.426409  10603.943314  -3102.362498              
VL51  19696.258626  24695.419266  51765.522444              
*  2024 12 30  9 46   0.00000000                            
PL51  -5060.634619  10881.883493  -2476.658571              
VL51  21416.464517  21610.793800  52491.431515              
*  2024 12 30  9 48   0.00000000                            
PL51  -4793.907087  11122.213742  -1843.221689              
VL51  23017.732909  18429.026616  53053.965772              
*  2024 12 30  9 50   0.00000000                            
PL51  -4508.711312  11323.838685  -1204.025083              
VL51  24493.450314  15161.910482  53451.089447              
*  2024 12 30  9 52   0.00000000                            
PL51  -4206.590689  11485.806951   -561.063280              
VL51  25837.585993  11821.645227  53681.291125              
*  2024 12 30  9 54   0.00000000                            
PL51  -3889.157341  11607.315767     83.654250              
VL51  27044.720043   8420.789375  53743.592193              
*  2024 12 30  9 56   0.00000000                            
PL51  -3558.084638  11687.714966    728.109522              
VL51  28110.068764   4972.209642  53637.553388              
*  2024 12 30  9 58   0.00000000                            
PL51  -3215.099422  11726.510365   1370.282539              
VL51  29029.507164   1489.028541  53363.279344              
*  2024 12 30 10  0   0.00000000                            
PL51  -2861.973986  11723.366521   2008.157837              
VL51  29799.588413  -2015.429660  52921.421096              
*  2024 12 30 10  2   0.00000000                            
PL51  -2500.517832  11678.108812   2639.731048              
VL51  30417.560137  -5527.694334  52313.176486              
*  2024 12 30 10  4   0.00000000                            
PL51  -2132.569255  11590.724864   3263.015447              
VL51  30881.377413  -9034.204968  51540.288454              
*  2024 12 30 10  6   0.00000000                            
PL51  -1759.986798  11461.365280   3876.048482              
VL51  31189.712385 -12521.368426  50605.041206              
*  2024 12 30 10  8   0.00000000                            
PL51  -1384.640600  11290.343687   4476.898227              
VL51  31341.960431 -15975.616679  49510.254260              
*  2024 12 30 10 10   0.00000000                            
PL51  -1008.403704  11078.136092   5063.669763              
VL51  31338.242815 -19383.464739  48259.274382              
*  2024 12 30 10 12   0.00000000                            
PL51   -633.143344  10825.379529   5634.511447              
VL51  31179.405815 -22731.568465  46855.965445              
*  2024 12 30 10 14   0.00000000                            
PL51   -260.712267  10532.870034   6187.621045              
VL51  30867.016308 -26006.781952  45304.696245              
*  2024 12 30 10 16   0.00000000                            
PL51    107.059866  10201.559919   6721.251708              
VL51  30403.353824 -29196.214209  43610.326326              
*  2024 12 30 10 18   0.00000000                            
PL51    468.374968   9832.554378   7233.717766              
VL51  29791.399118 -32287.284804  41778.189860              
*  2024 12 30 10 20   0.00000000                            
PL51    821.474859   9427.107436   7723.400319              
VL51  29034.819295 -35267.778206  39814.077679              
*  2024 12 30 10 22   0.00000000                            
PL51   1164.649389   8986.617251   8188.752598              
VL51  28137.949588 -38125.896518  37724.217529              
*  2024 12 30 10 24   0.00000000                            
PL51   1496.244338   8512.620793   8628.305083              
VL51  27105.771882 -40850.310338  35515.252654              
*  2024 12 30 10 26   0.00000000                            
PL51   1814.669023   8006.787931   9040.670350              
VL51  25943.890108 -43430.207488  33194.218823              
*  2024 12 30 10 28   0.00000000                            
PL51   2118.403607   7470.914941   9424.547641              
VL51  24658.502645 -45855.339377  30768.519902              
*  2024 12 30 10 30   0.00000000                            
PL51   2406.006047   6906.917483   9778.727121              
VL51  23256.371893 -48116.064764  28245.902109              
*  2024 12 30 10 32   0.00000000                            
PL51   2676.118671   6316.823059  10102.093834              
VL51  21744.791184 -50203.390742  25634.427064              
*  2024 12 30 10 34   0.00000000                            
PL51   2927.474334   5702.763008  10393.631313              
VL51  20131.549216 -52109.010732  22942.443760              
*  2024 12 30 10 36   0.00000000                            
PL51   3158.902141   5066.964051  10652.424859              
VL51  18424.892207 -53825.339351  20178.559587              
*  2024 12 30 10 38   0.00000000                            
PL51   3369.332697   4411.739446  10877.664464              
VL51  16633.483979 -55345.543976  17351.610536              
*  2024 12 30 10 40   0.00000000                            
PL51   3557.802871   3739.479787  11068.647372              
VL51  14766.364173 -56663.572908  14470.630706              
*  2024 12 30 10 42   0.00000000                            
PL51   3723.460045   3052.643476  11224.780269              
VL51  12832.904833 -57774.180000  11544.821260              
*  2024 12 30 10 44   0.00000000                            
PL51   3865.565839   2353.746927  11345.581100              
VL51  10842.765574 -58672.945690   8583.518940              
*  2024 12 30 10 46   0.00000000                            
PL51   3983.499283   1645.354543  11430.680507              
VL51   8805.847572 -59356.294348   5596.164278              
*  2024 12 30 10 48   0.00000000                            
PL51   4076.759434    930.068499  11479.822879              
VL51   6732.246597 -59821.507909   2592.269627              
*  2024 12 30 10 50   0.00000000                            
PL51   4144.967431    210.518393  11492.867026              
VL51   4632.205338 -60066.735745   -418.612879              
*  2024 12 30 10 52   0.00000000                            
PL51   4187.867964   -510.649210  11469.786460              
VL51   2516.065239 -60091.000778  -3426.923313              
*  2024 12 30 10 54   0.00000000                            
PL51   4205.330172  -1230.781272  11410.669303              
VL51    394.218085 -59894.201819  -6423.125784              
*  2024 12 30 10 56   0.00000000                            
PL51   4197.347955  -1947.228794  11315.717803              
VL51  -1722.942434 -59477.112162  -9397.739995              
*  2024 12 30 10 58   0.00000000                            
PL51   4164.039706  -2657.357276  11185.247481              
VL51  -3825.068950 -58841.374444 -12341.372420              
*  2024 12 30 11  0   0.00000000                            
PL51   4105.647471  -3358.557107  11019.685910              
VL51  -5901.908208 -57989.491848 -15244.746996              
*  2024 12 30 11  2   0.00000000                            
PL51   4022.535534  -4048.253814  10819.571116              
VL51  -7943.348206 -56924.815683 -18098.735222              
*  2024 12 30 11  4   0.00000000                            
PL51   3915.188443  -4723.918153  10585.549635              
VL51  -9939.464452 -55651.529441 -20894.385568              
*  2024 12 30 11  6   0.00000000                            
PL51   3784.208489  -5383.075978  10318.374219              
VL51 -11880.565146 -54174.629417 -23622.952080              
*  2024 12 30 11  8   0.00000000                            
PL51   3630.312648  -6023.317865  10018.901196              
VL51 -13757.235069 -52499.902011 -26275.922114              
*  2024 12 30 11 10   0.00000000                            
PL51   3454.329006  -6642.308438   9688.087512              
VL51 -15560.377997 -50633.897840 -28845.043081              
*  2024 12 30 11 12   0.00000000                            
PL51   3257.192686  -7237.795372   9326.987455              
VL51 -17281.257443 -48583.902789 -31322.348149              
*  2024 12 30 11 14   0.00000000                            
PL51   3039.941293  -7807.618025   8936.749077              
VL51 -18911.535574 -46357.906164 -33700.180798              
*  2024 12 30 11 16   0.00000000                            
PL51   2803.709911  -8349.715677   8518.610330              
VL51 -20443.310119 -43964.566097 -35971.218188              
*  2024 12 30 11 18   0.00000000                            
PL51   2549.725661  -8862.135333   8073.894926              
VL51 -21869.149137 -41413.172374 -38128.493246              
*  2024 12 30 11 20   0.00000000                            
PL51   2279.301863  -9343.039067   7604.007941              
VL51 -23182.123481 -38713.606864 -40165.415430              
*  2024 12 30 11 22   0.00000000                            
PL51   1993.831818  -9790.710884   7110.431184              
VL51 -24375.836851 -35876.301735 -42075.790105              
*  2024 12 30 11 24   0.00000000                            
PL51   1694.782246 -10203.563056   6594.718332              
VL51 -25444.453295 -32912.195639 -43853.836468              
*  2024 12 30 11 26   0.00000000                            
PL51   1383.686411 -10580.141930   6058.489866              
VL51 -26382.722073 -29832.688093 -45494.204003              
*  2024 12 30 11 28   0.00000000                            
PL51   1062.136965 -10919.133179   5503.427815              
VL51 -27185.999764 -26649.592235 -46991.987385              
*  2024 12 30 11 30   0.00000000                            
PL51    731.778535 -11219.366470   4931.270336              
VL51 -27850.269570 -23375.086190 -48342.739832              
*  2024 12 30 11 32   0.00000000                            
PL51    394.300110 -11479.819553   4343.806134              
VL51 -28372.157712 -20021.663254 -49542.484853              
*  2024 12 30 11 34   0.00000000                            
PL51     51.427235 -11699.621731   3742.868759              
VL51 -28748.946899 -16602.081126 -50587.726370              
*  2024 12 30 11 36   0.00000000                            
PL51   -295.085928 -11878.056730   3130.330790              
VL51 -28978.586809 -13129.310403 -51475.457204              
*  2024 12 30 11 38   0.00000000                            
PL51   -643.464657 -12014.564943   2508.097921              
VL51 -29059.701574  -9616.482588 -52203.165893              
*  2024 12 30 11 40   0.00000000                            
PL51   -991.921786 -12108.745042   1878.102986              
VL51 -28991.594244  -6076.837821 -52768.841851              
*  2024 12 30 11 42   0.00000000                            
PL51  -1338.665873 -12160.354971   1242.299919              
VL51 -28774.248268  -2523.672590 -53170.978865              
*  2024 12 30 11 44   0.00000000                            
PL51  -1681.909349 -12169.312313    602.657695              
VL51 -28408.325989   1029.712364 -53408.576946              
*  2024 12 30 11 46   0.00000000                            
PL51  -2019.876649 -12135.694023    -38.845751              
VL51 -27895.164212   4570.063715 -53481.142554              
*  2024 12 30 11 48   0.00000000                            
PL51  -2350.812260 -12059.735558   -680.229596              
VL51 -27236.766905   8084.226578 -53388.687245              
*  2024 12 30 11 50   0.00000000                            
PL51  -2672.988671 -11941.829390  -1319.516171              
VL51 -26435.795083  11559.194685 -53131.724756              
*  2024 12 30 11 52   0.00000000                            
PL51  -2984.714181 -11782.522929  -1954.736963              
VL51 -25495.553972  14982.159530 -52711.266605              
*  2024 12 30 11 54   0.00000000                            
PL51  -3284.340543 -11582.515861  -2583.938556              
VL51 -24419.977542  18340.558282 -52128.816230              
*  2024 12 30 11 56   0.00000000                            
PL51  -3570.270400 -11342.656918  -3205.188493              
VL51 -23213.610494  21622.120312 -51386.361739              
*  2024 12 30 11 58   0.00000000                            
PL51  -3840.964496 -11063.940100  -3816.581036              
VL51 -21881.587816  24814.912159 -50486.367316              
*  2024 12 30 12  0   0.00000000                            
PL51  -4094.948622 -10747.500369  -4416.242829              
VL51 -20429.612029  27907.380791 -49431.763347              
*  2024 12 30 12  2   0.00000000                            
PL51  -4330.820283 -10394.608832  -5002.338420              
VL51 -18863.928230  30888.395023 -48225.935338              
*  2024 12 30 12  4   0.00000000                            
PL51  -4547.255045 -10006.667443  -5573.075655              
VL51 -17191.297073  33747.284959 -46872.711673              
*  2024 12 30 12  6   0.00000000                            
PL51  -4743.012550  -9585.203237  -6126.710912              
VL51 -15418.965816  36473.879348 -45376.350303              
*  2024 12 30 12  8   0.00000000                            
PL51  -4916.942178  -9131.862136  -6661.554168              
VL51 -13554.637569  39058.540759 -43741.524421              
*  2024 12 30 12 10   0.00000000                            
PL51  -5067.988317  -8648.402342  -7175.973898              
VL51 -11606.438886  41492.198486 -41973.307201              
*  2024 12 30 12 12   0.00000000                            
PL51  -5195.195245  -8136.687352  -7668.401771              
VL51  -9582.885838  43766.379110 -40077.155664              
*  2024 12 30 12 14   0.00000000                            
PL51  -5297.711596  -7598.678618  -8137.337161              
VL51  -7492.848710  45873.234665 -38058.893747              
*  2024 12 30 12 16   0.00000000                            
PL51  -5374.794390  -7036.427884  -8581.351442              
VL51  -5345.515452  47805.568361 -35924.694623              
*  2024 12 30 12 18   0.00000000                            
PL51  -5425.812620  -6452.069232  -8999.092071              
VL51  -3150.354034  49556.857819 -33681.062335              
*  2024 12 30 12 20   0.00000000                            
PL51  -5450.250383  -5847.810862  -9389.286443              
VL51   -917.073826  51121.275788 -31334.812811              
*  2024 12 30 12 22   0.00000000                            
PL51  -5447.709538  -5225.926637  -9750.745517              
VL51   1344.413843  52493.708336 -28893.054285              
*  2024 12 30 12 24   0.00000000                            
PL51  -5417.911894  -4588.747426 -10082.367208              
VL51   3624.035840  53669.770482 -26363.167198              
*  2024 12 30 12 26   0.00000000                            
PL51  -5360.700903  -3938.652282 -10383.139523              
VL51   5911.597941  54645.819268 -23752.783603              
*  2024 12 30 12 28   0.00000000                            
PL51  -5276.042871  -3278.059463 -10652.143460              
VL51   8196.825986  55418.964270 -21069.766128              
*  2024 12 30 12 30   0.00000000                            
PL51  -5164.027663  -2609.417359 -10888.555644              
VL51  10469.407353  55987.075552 -18322.186515              
*  2024 12 30 12 32   0.00000000                            
PL51  -5024.868921  -1935.195325 -11091.650708              
VL51  12719.032618  56348.789057 -15518.303797              
*  2024 12 30 12 34   0.00000000                            
PL51  -4858.903770  -1257.874478 -11260.803405              
VL51  14935.437275  56503.509460 -12666.542115              
*  2024 12 30 12 36   0.00000000                            
PL51  -4666.592033   -579.938459 -11395.490458              
VL51  17108.443415  56451.410497  -9775.468210              
*  2024 12 30 12 38   0.00000000                            
PL51  -4448.514940     96.135776 -11495.292129              
VL51  19228.001225  56193.432773  -6853.768621              
*  2024 12 30 12 40   0.00000000                            
PL51  -4205.373342    767.887142 -11559.893527              
VL51  21284.230195  55731.279077  -3910.226591              
*  2024 12 30 12 42   0.00000000                            
PL51  -3937.985440   1432.879521 -11589.085618              
VL51  23267.459921  55067.407221   -953.698705              
*  2024 12 30 12 44   0.00000000                            
PL51  -3647.284015   2088.710776 -11582.765973              
VL51  25168.270382  54205.020410   2006.908720              
*  2024 12 30 12 46   0.00000000                            
PL51  -3334.313187   2733.021621 -11540.939217              
VL51  26977.531561  53148.055171   4962.663499              
*  2024 12 30 12 48   0.00000000                            
PL51  -3000.224703   3363.504334 -11463.717196              
VL51  28686.442301  51901.166843   7904.631655              
*  2024 12 30 12 50   0.00000000                            
PL51  -2646.273759   3977.911289 -11351.318852              
VL51  30286.568261  50469.712658  10823.901709              
*  2024 12 30 12 52   0.00000000                            
PL51  -2273.814379   4574.063263 -11204.069810              
VL51  31769.878842  48859.732422  13711.609159              
*  2024 12 30 12 54   0.00000000                            
PL51  -1884.294350   5149.857499 -11022.401661              
VL51  33128.782954  47077.926816  16558.961113              
*  2024 12 30 12 56   0.00000000                            
PL51  -1479.249744   5703.275492 -10806.850960              
VL51  34356.163486  45131.633353  19357.261056              
*  2024 12 30 12 58   0.00000000                            
PL51  -1060.299027   6232.390480 -10558.057916              
VL51  35445.410331  43028.800006  22097.933714              
*  2024 12 30 13  0   0.00000000                            
PL51   -629.136787   6735.374595 -10276.764790              
VL51  36390.451842  40777.956549  24772.549970              
*  2024 12 30 13  2   0.00000000                            
PL51   -187.527092   7210.505667  -9963.813990              
VL51  37185.784548  38388.183657  27372.851784              
*  2024 12 30 13  4   0.00000000                            
PL51    262.703500   7656.173631  -9620.145871              
VL51  37826.501010  35869.079808  29890.777072              
*  2024 12 30 13  6   0.00000000                            
PL51    719.673245   8070.886538  -9246.796232              
VL51  38308.315643  33230.726046  32318.484463              
*  2024 12 30 13  8   0.00000000                            
PL51   1181.452824   8453.276122  -8844.893522              
VL51  38627.588374  30483.648683  34648.377889              
*  2024 12 30 13 10   0.00000000                            
PL51   1646.073219   8802.102907  -8415.655749              
VL51  38781.345984  27638.780014  36873.130913              
*  2024 12 30 13 12   0.00000000                            
PL51   2111.533829   9116.260836  -7960.387101              
VL51  38767.300976  24707.417131  38985.710714              
*  2024 12 30 13 14   0.00000000                            
PL51   2575.810800   9394.781392  -7480.474278              
VL51  38583.867844  21701.178960  40979.401649              
*  2024 12 30 13 16   0.00000000                            
PL51   3036.865533   9636.837195  -6977.382550              
VL51  38230.176599  18631.961630  42847.828274              
*  2024 12 30 13 18   0.00000000                            
PL51   3492.653338   9841.745050  -6452.651542              
VL51  37706.083418  15511.892312  44584.977742              
*  2024 12 30 13 20   0.00000000                            
PL51   3941.132194  10008.968437  -5907.890744              
VL51  37012.178303  12353.281681  46185.221444              
*  2024 12 30 13 22   0.00000000                            
PL51   4380.271589  10138.119424  -5344.774783              
VL51  36149.789636   9168.575172  47643.335805              
*  2024 12 30 13 24   0.00000000                            
PL51   4808.061389  10228.959983  -4765.038438              
VL51  35120.985531   5970.303202  48954.522095              
*  2024 12 30 13 26   0.00000000                            
PL51   5222.520709  10281.402708  -4170.471428              
VL51  33928.571909   2771.030576  50114.425147              
*  2024 12 30 13 28   0.00000000                            
PL51   5621.706737  10295.510921  -3562.912988              
VL51  32576.087221   -416.694735  51119.150866              
*  2024 12 30 13 30   0.00000000                            
PL51   6003.723476  10271.498163  -2944.246230              
VL51  31067.793782  -3580.393188  51965.282402              
*  2024 12 30 13 32   0.00000000                            
PL51   6366.730359  10209.727057  -2316.392333              
VL51  29408.665679  -6707.705420  52649.894879              
*  2024 12 30 13 34   0.00000000                            
PL51   6708.950706  10110.707561  -1681.304557              
VL51  27604.373262  -9786.443900  53170.568581              
*  2024 12 30 13 36   0.00000000                            
PL51   7028.679965   9975.094595  -1040.962105              
VL51  25661.264221 -12804.644220  53525.400472              
*  2024 12 30 13 38   0.00000000                            
PL51   7324.293709   9803.685059   -397.363870              
VL51  23586.341285 -15750.615775  53713.013977              
*  2024 12 30 13 40   0.00000000                            
PL51   7594.255350   9597.414249    247.477937              
VL51  21387.236620 -18612.991564  53732.566931              
*  2024 12 30 13 42   0.00000000                            
PL51   7837.123517   9357.351679    891.544235              
VL51  19072.182981 -21380.776836  53583.757611              
*  2024 12 30 13 44   0.00000000                            
PL51   8051.559079   9084.696328   1532.815589              
VL51  16649.981751 -24043.396341  53266.828801              
*  2024 12 30 13 46   0.00000000                            
PL51   8236.331761   8780.771336   2169.278753              
VL51  14129.967962 -26590.739901  52782.569814              
*  2024 12 30 13 48   0.00000000                            
PL51   8390.326321   8447.018150   2798.933234              
VL51  11521.972472 -29013.206054  52132.316443              
*  2024 12 30 13 50   0.00000000                            
PL51   8512.548262   8084.990179   3419.797838              
VL51   8836.281454 -31301.743522  51317.948790              
*  2024 12 30 13 52   0.00000000                            
PL51   8602.129037   7696.345947   4029.917176              
VL51   6083.593389 -33447.890255  50341.886967              
*  2024 12 30 13 54   0.00000000                            
PL51   8658.330731   7282.841803   4627.368112              
VL51   3274.973779 -35443.809824  49207.084663              
*  2024 12 30 13 56   0.00000000                            
PL51   8680.550182   6846.324214   5210.266110              
VL51    421.807817 -37282.324949  47917.020581              
*  2024 12 30 13 58   0.00000000                            
PL51   8668.322522   6388.721661   5776.771481              
VL51  -2464.248755 -38956.947963  46475.687791              
*  2024 12 30 14  0   0.00000000                            
PL51   8621.324124   5912.036205   6325.095473              
VL51  -5371.320335 -40461.908043  44887.581026              
*  2024 12 30 14  2   0.00000000                            
PL51   8539.374927   5418.334732   6853.506210              
VL51  -8287.363418 -41792.175047  43157.681992              
*  2024 12 30 14  4   0.00000000                            
PL51   8422.440136   4909.739946   7360.334436              
VL51 -11200.219572 -42943.479841  41291.442755              
*  2024 12 30 14  6   0.00000000                            
PL51   8270.631277   4388.421126   7843.979049              
VL51 -14097.669124 -43912.330989  39294.767291              
*  2024 12 30 14  8   0.00000000                            
PL51   8084.206609   3856.584715   8302.912408              
VL51 -16967.485298 -44696.027753  37173.991297              
*  2024 12 30 14 10   0.00000000                            
PL51   7863.570887   3316.464776   8735.685382              
VL51 -19797.488510 -45292.669317  34935.860351              
*  2024 12 30 14 12   0.00000000                            
PL51   7609.274462   2770.313350   9140.932129              
VL51 -22575.600543 -45701.160226  32587.506546              
*  2024 12 30 14 14   0.00000000                            
PL51   7322.011750   2220.390782   9517.374589              
VL51 -25289.898328 -45921.212022  30136.423699              
*  2024 12 30 14 16   0.00000000                            
PL51   7002.619044   1668.956046   9863.826668              
VL51 -27928.667059 -45953.341082  27590.441276              
*  2024 12 30 14 18   0.00000000                            
PL51   6652.071706   1118.257117  10179.198105              
VL51 -30480.452378 -45798.862713  24957.697137              
*  2024 12 30 14 20   0.00000000                            
PL51   6271.480730    570.521441  10462.498000              
VL51 -32934.111386 -45459.881557  22246.609242              
*  2024 12 30 14 22   0.00000000                            
PL51   5862.088709     27.946535  10712.838005              
VL51 -35278.862227 -44939.278374  19465.846448              
*  2024 12 30 14 24   0.00000000                            
PL51   5425.265210   -507.309228  10929.435155              
VL51 -37504.332027 -44240.693315  16624.298506              
*  2024 12 30 14 26   0.00000000                            
PL51   4962.501590  -1033.135614  11111.614332              
VL51 -39600.602955 -43368.505790  13731.045409              
*  2024 12 30 14 28   0.00000000                            
PL51   4475.405270  -1547.479261  11258.810367              
VL51 -41558.256209 -42327.811049  10795.326189              
*  2024 12 30 14 30   0.00000000                            
PL51   3965.693490  -2048.352115  11370.569752              
VL51 -43368.413721 -41124.393636   7826.507314              
*  2024 12 30 14 32   0.00000000                            
PL51   3435.186586  -2533.839525  11446.551985              
VL51 -45022.777397 -39764.697845   4834.050792              
*  2024 12 30 14 34   0.00000000                            
PL51   2885.800807  -3002.107972  11486.530519              
VL51 -46513.665722 -38255.795373   1827.482127              
*  2024 12 30 14 36   0.00000000                            
PL51   2319.540712  -3451.412384  11490.393335              
VL51 -47834.047566 -36605.350323  -1183.641755              
*  2024 12 30 14 38   0.00000000                            
PL51   1738.491173  -3880.103031  11458.143124              
VL51 -48977.573074 -34821.581783  -4189.764485              
*  2024 12 30 14 40   0.00000000                            
PL51   1144.809031  -4286.631942  11389.897094              
VL51 -49938.601494 -32913.224160  -7181.362005              
*  2024 12 30 14 42   0.00000000                            
PL51    540.714440  -4669.558843  11285.886387              
VL51 -50712.225866 -30889.485498 -10148.973995              
*  2024 12 30 14 44   0.00000000                            
PL51    -71.518077  -5027.556584  11146.455134              
VL51 -51294.294482 -28760.003988 -13083.234861              
*  2024 12 30 14 46   0.00000000                            
PL51   -689.568799  -5359.416029  10972.059131              
VL51 -51681.429042 -26534.802900 -15974.904185              
*  2024 12 30 14 48   0.00000000                            
PL51  -1311.082184  -5664.050397  10763.264159              
VL51 -51871.039465 -24224.244144 -18814.896562              
*  2024 12 30 14 50   0.00000000                            
PL51  -1933.676393  -5940.499049  10520.743947              
VL51 -51861.335297 -21838.980690 -21594.310719              
*  2024 12 30 14 52   0.00000000                            
PL51  -2554.952946  -6187.930683  10245.277793              
VL51 -51651.333689 -19389.908056 -24304.457852              
*  2024 12 30 14 54   0.00000000                            
PL51  -3172.506434  -6405.645954   9937.747847              
VL51 -51240.863916 -16888.115086 -26936.889092              
*  2024 12 30 14 56   0.00000000                            
PL51  -3783.934281  -6593.079492   9599.136076              
VL51 -50630.568426 -14344.834238 -29483.422002              
*  2024 12 30 14 58   0.00000000                            
PL51  -4386.846491  -6749.801333   9230.520905              
VL51 -49821.900421 -11771.391607 -31936.166043              
*  2024 12 30 15  0   0.00000000                            
PL51  -4978.875340  -6875.517733   8833.073576              
VL51 -48817.117984  -9179.156901 -34287.546896              
*  2024 12 30 15  2   0.00000000                            
PL51  -5557.684987  -6970.071401   8408.054207              
VL51 -47619.274811  -6579.493619 -36530.329578              
*  2024 12 30 15  4   0.00000000                            
PL51  -6120.980948  -7033.441120   7956.807590              
VL51 -46232.207583  -3983.709631 -38657.640258              
*  2024 12 30 15  6   0.00000000                            
PL51  -6666.519398  -7065.740791   7480.758736              
VL51 -44660.520079  -1403.008403 -40662.986716              
*  2024 12 30 15  8   0.00000000                            
PL51  -7192.116269  -7067.217891   6981.408172              
VL51 -42909.564111   1151.558923 -42540.277386              
*  2024 12 30 15 10   0.00000000                            
PL51  -7695.656090  -7038.251360   6460.327036              
VL51 -40985.417396   3669.140387 -44283.838924              
*  2024 12 30 15 12   0.00000000                            
PL51  -8175.100557  -6979.348938   5919.151953              
VL51 -38894.858473   6139.128812 -45888.432274              
*  2024 12 30 15 14   0.00000000                            
PL51  -8628.496773  -6891.143963   5359.579739              
VL51 -36645.338804   8551.205944 -47349.267169              
*  2024 12 30 15 16   0.00000000                            
PL51  -9053.985147  -6774.391642   4783.361934              
VL51 -34244.952199  10895.384969 -48662.015072              
*  2024 12 30 15 18   0.00000000                            
PL51  -9449.806901  -6629.964834   4192.299193              
VL51 -31702.401701  13162.051218 -49822.820488              
*  2024 12 30 15 20   0.00000000                            
PL51  -9814.311174  -6458.849342   3588.235550              
VL51 -29026.964110  15342.000907 -50828.310660              
*  2024 12 30 15 22   0.00000000                            
PL51 -10145.961682  -6262.138770   2973.052573              
VL51 -26228.452300  17426.477757 -51675.603613              
*  2024 12 30 15 24   0.00000000                            
PL51 -10443.342913  -6041.028935   2348.663439              
VL51 -23317.175524  19407.207356 -52362.314545              
*  2024 12 30 15 26   0.00000000                            
PL51 -10705.165840  -5796.811898   1717.006931              
VL51 -20303.897890  21276.429123 -52886.560561              
*  2024 12 30 15 28   0.00000000                            
PL51 -10930.273116  -5530.869613   1080.041404              
VL51 -17199.795198  23026.925773 -53246.963754              
*  2024 12 30 15 30   0.00000000                            
PL51 -11117.643755  -5244.667248    439.738706              
VL51 -14016.410366  24652.050178 -53442.652657              
*  2024 12 30 15 32   0.00000000                            
PL51 -11266.397258  -4939.746191   -201.921894              
VL51 -10765.607622  26145.749521 -53473.262073              
*  2024 12 30 15 34   0.00000000                            
PL51 -11375.797191  -4617.716791   -842.959776              
VL51  -7459.525696  27502.586700 -53338.931335              
*  2024 12 30 15 36   0.00000000                            
PL51 -11445.254196  -4280.250854  -1481.399002              
VL51  -4110.530211  28717.758902 -53040.301019              
*  2024 12 30 15 38   0.00000000                            
PL51 -11474.328421  -3929.073934  -2115.274305              
VL51   -731.165492  29787.113322 -52578.508160              
*  2024 12 30 15 40   0.00000000                            
PL51 -11462.731375  -3565.957452  -2742.637011              
VL51   2665.894013  30707.159999 -51955.180039              
*  2024 12 30 15 42   0.00000000                            
PL51 -11410.327201  -3192.710681  -3361.560880              
VL51   6067.892501  31475.081763 -51172.426577              
*  2024 12 30 15 44   0.00000000                            
PL51 -11317.133351  -2811.172626  -3970.147839              
VL51   9462.041562  32088.741294 -50232.831417              
*  2024 12 30 15 46   0.00000000                            
PL51 -11183.320694  -2423.203838  -4566.533614              
VL51  12835.568753  32546.685325 -49139.441745              
*  2024 12 30 15 48   0.00000000                            
PL51 -11009.213030  -2030.678197  -5148.893220              
VL51  16175.765787  32848.145992 -47895.756918              
*  2024 12 30 15 50   0.00000000                            
PL51 -10795.286036  -1635.474689  -5715.446316              
VL51  19470.036197  32993.039409 -46505.715959              
*  2024 12 30 15 52   0.00000000                            
PL51 -10542.165638  -1239.469221  -6264.462401              
VL51  22705.942291  32981.961477 -44973.683995              
*  2024 12 30 15 54   0.00000000                            
PL51 -10250.625834   -844.526506  -6794.265838              
VL51  25871.251249  32816.181016 -43304.437687              
*  2024 12 30 15 56   0.00000000                            
PL51  -9921.585958   -452.492038  -7303.240703              
VL51  28953.980219  32497.630275 -41503.149732              
*  2024 12 30 15 58   0.00000000                            
PL51  -9556.107419    -65.184204  -7789.835440              
VL51  31942.440258  32028.892893 -39575.372504              
*  2024 12 30 16  0   0.00000000                            
PL51  -9155.389916    315.613452  -8252.567314              
VL51  34825.279009  31413.189407 -37527.020889              
*  2024 12 30 16  2   0.00000000                            
PL51  -8720.767149    688.159767  -8690.026652              
VL51  37591.521976  30654.360385 -35364.354390              
*  2024 12 30 16  4   0.00000000                            
PL51  -8253.702047   1050.763295  -9100.880873              
VL51  40230.612299  29756.847288 -33093.958563              
*  2024 12 30 16  6   0.00000000                            
PL51  -7755.781521   1401.789383  -9483.878283              
VL51  42732.448931  28725.671159 -30722.725841              
*  2024 12 30 16  8   0.00000000                            
PL51  -7228.710778   1739.666996  -9837.851639              
VL51  45087.423118  27566.409248 -28257.835795              
*  2024 12 30 16 10   0.00000000                            
PL51  -6674.307203   2062.895235 -10161.721475              
VL51  47286.453118  26285.169668 -25706.734898              
*  2024 12 30 16 12   0.00000000                            
PL51  -6094.493831   2370.049549 -10454.499182              
VL51  49321.017073  24888.564199 -23077.115811              
*  2024 12 30 16 14   0.00000000                            
PL51  -5491.292448   2659.787607 -10715.289833              
VL51  51183.183974  23383.679348 -20376.896251              
*  2024 12 30 16 16   0.00000000                            
PL51  -4866.816319   2930.854811 -10943.294758              
VL51  52865.642649  21778.045757 -17614.197467              
*  2024 12 30 16 18   0.00000000                            
PL51  -4223.262587   3182.089438 -11137.813851              
VL51  54361.728733  20079.606085 -14797.322343              
*  2024 12 30 16 20   0.00000000                            
PL51  -3562.904365   3412.427379 -11298.247624              
VL51  55665.449536  18296.681458 -11934.733173              
*  2024 12 30 16 22   0.00000000                            
PL51  -2888.082531   3620.906479 -11424.098976              
VL51  56771.506785  16437.936598  -9035.029107              
*  2024 12 30 16 24   0.00000000                            
PL51  -2201.197270   3806.670437 -11514.974706              
VL51  57675.317170  14512.343733  -6106.923306              
*  2024 12 30 16 26   0.00000000                            
PL51  -1504.699388   3968.972282 -11570.586737              
VL51  58373.030643  12529.145399  -3159.219804              
*  2024 12 30 16 28   0.00000000                            
PL51   -801.081409   4107.177384 -11590.753070              
VL51  58861.546424  10497.816235   -200.790094              
*  2024 12 30 16 30   0.00000000                            
PL51    -92.868501   4220.766005 -11575.398451              
VL51  59138.526652   8428.023881   2759.450538              
*  2024 12 30 16 32   0.00000000                            
PL51    617.390748   4309.335379 -11524.554753              
VL51  59202.407622   6329.589084   5712.566938              
*  2024 12 30 16 34   0.00000000                            
PL51   1327.133675   4372.601303 -11438.361066              
VL51  59052.408552   4212.445128   8649.628237              
*  2024 12 30 16 36   0.00000000                            
PL51   2033.792979   4410.399246 -11317.063507              
VL51  58688.537814   2086.596707  11561.732210              
*  2024 12 30 16 38   0.00000000                            
PL51   2734.806213   4422.684952 -11161.014723              
VL51  58111.596577    -37.921645  14440.029824              
*  2024 12 30 16 40   0.00000000                            
PL51   3427.625307   4409.534549 -10970.673108              
VL51  57323.179804  -2151.087439  17275.749940              
*  2024 12 30 16 42   0.00000000                            
PL51   4109.726087   4371.144154 -10746.601718              
VL51  56325.674535  -4242.932294  20060.224130              
*  2024 12 30 16 44   0.00000000                            
PL51   4778.617754   4307.828969 -10489.466888              
VL51  55122.255441  -6303.584048  22784.911582              
*  2024 12 30 16 46   0.00000000                            
PL51   5431.852297   4220.021873 -10200.036554              
VL51  53716.877559  -8323.308774  25441.424031              
*  2024 12 30 16 48   0.00000000                            
PL51   6067.033797   4108.271516  -9879.178271              
VL51  52114.266204 -10292.552559  28021.550684              
*  2024 12 30 16 50   0.00000000                            
PL51   6681.827599   3973.239904  -9527.856934              
VL51  50319.904001 -12201.982881  30517.283076              
*  2024 12 30 16 52   0.00000000                            
PL51   7273.969305   3815.699505  -9147.132201              
VL51  48340.015013 -14042.529451  32920.839789              
*  2024 12 30 16 54   0.00000000                            
PL51   7841.273561   3636.529852  -8738.155625              
VL51  46181.545946 -15805.424326  35224.690970              
*  2024 12 30 16 56   0.00000000                            
PL51   8381.642602   3436.713686  -8302.167483              
VL51  43852.144422 -17482.241149  37421.582564              
*  2024 12 30 16 58   0.00000000                            
PL51   8893.074520   3217.332621  -7840.493328              
VL51  41360.134315 -19064.933334  39504.560185              
*  2024 12 30 17  0   0.00000000                            
PL51   9373.671212   2979.562366  -7354.540250              
VL51  38714.488184 -20545.871012  41466.992521              
*  2024 12 30 17  2   0.00000000                            
PL51   9821.645990   2724.667511  -6845.792863              
VL51  35924.796806 -21917.876577  43302.594192              
*  2024 12 30 17  4   0.00000000                            
PL51  10235.330796   2453.995892  -6315.809016              
VL51  33001.235878 -23174.258621  45005.447943              
*  2024 12 30 17  6   0.00000000                            
PL51  10613.183013   2168.972564  -5766.215252              
VL51  29954.529940 -24308.844106  46570.026071              
*  2024 12 30 17  8   0.00000000                            
PL51  10953.791820   1871.093395  -5198.702003              
VL51  26795.913604 -25316.008565  47991.210973              
*  2024 12 30 17 10   0.00000000                            
PL51  11255.884063   1561.918314  -4615.018555              
VL51  23537.090187 -26190.704163  49264.314692              
*  2024 12 30 17 12   0.00000000                            
PL51  11518.329626   1243.064235  -4016.967778              
VL51  20190.187875 -26928.485442  50385.097350              
*  2024 12 30 17 14   0.00000000                            
PL51  11740.146247    916.197685  -3406.400647              
VL51  16767.713567 -27525.532572  51349.784339              
*  2024 12 30 17 16   0.00000000                            
PL51  11920.503781    583.027172  -2785.210558              
VL51  13282.504552 -27978.671951  52155.082163              
*  2024 12 30 17 18   0.00000000                            
PL51  12058.727861    245.295317  -2155.327472              
VL51   9747.678229 -28285.394000  52798.192815              
*  2024 12 30 17 20   0.00000000                            
PL51  12154.302951    -95.229201  -1518.711887              
VL51   6176.580050 -28443.868019  53276.826572              
*  2024 12 30 17 22   0.00000000                            
PL51  12206.874761   -436.759871   -877.348674              
VL51   2582.729936 -28452.953962  53589.213121              
*  2024 12 30 17 24   0.00000000                            
PL51  12216.252013   -777.500688   -233.240779              
VL51  -1020.232614 -28312.211050  53734.110914              
*  2024 12 30 17 26   0.00000000                            
PL51  12182.407540  -1115.654584    411.597159              
VL51  -4618.604454 -28021.903089  53710.814658              
*  2024 12 30 17 28   0.00000000                            
PL51  12105.478715  -1449.431892   1055.145289              
VL51  -8198.675488 -27583.000452  53519.160874              
*  2024 12 30 17 30   0.00000000                            
PL51  11985.767184  -1777.058826   1695.385064              
VL51 -11746.785857 -26997.178649  53159.531446              
*  2024 12 30 17 32   0.00000000                            
PL51  11823.737925  -2096.785916   2330.305803              
VL51 -15249.383305 -26266.813461  52632.855111              
*  2024 12 30 17 34   0.00000000                            
PL51  11620.017611  -2406.896358   2957.911246              
VL51 -18693.080441 -25394.972616  51940.606852              
*  2024 12 30 17 36   0.00000000                            
PL51  11375.392290  -2705.714261   3576.226100              
VL51 -22064.711567 -24385.404030  51084.805157              
*  2024 12 30 17 38   0.00000000                            
PL51  11090.804387  -2991.612712   4183.302532              
VL51 -25351.388777 -23242.520646  50068.007148              
*  2024 12 30 17 40   0.00000000                            
PL51  10767.349040  -3263.021654   4777.226590              
VL51 -28540.557008 -21971.381918  48893.301575              
*  2024 12 30 17 42   0.00000000                            
PL51  10406.269779  -3518.435515   5356.124534              
VL51 -31620.047761 -20577.672038  47564.299701              
*  2024 12 30 17 44   0.00000000                            
PL51  10008.953579  -3756.420560   5918.169038              
VL51 -34578.131178 -19067.674997  46085.124116              
*  2024 12 30 17 46   0.00000000                            
PL51   9576.925286  -3975.621919   6461.585252              
VL51 -37403.566206 -17448.246608  44460.395512              
*  2024 12 30 17 48   0.00000000                            
PL51   9111.841467  -4174.770274   6984.656686              
VL51 -40085.648584 -15726.783628  42695.217505              
*  2024 12 30 17 50   0.00000000                            
PL51   8615.483689  -4352.688143   7485.730908              
VL51 -42614.256391 -13911.190151  40795.159550              
*  2024 12 30 17 52   0.00000000                            
PL51   8089.751274  -4508.295760   7963.225019              
VL51 -44979.892922 -12009.841433  38766.238049              
*  2024 12 30 17 54   0.00000000                            
PL51   7536.653550  -4640.616497   8415.630897              
VL51 -47173.726674 -10031.545353  36614.895725              
*  2024 12 30 17 56   0.00000000                            
PL51   6958.301646  -4748.781813   8841.520182              
VL51 -49187.628240  -7985.501714  34347.979385              
*  2024 12 30 17 58   0.00000000                            
PL51   6356.899863  -4832.035704   9239.548979              
VL51 -51014.203928  -5881.259594  31972.716167              
*  2024 12 30 18  0   0.00000000                            
PL51   5734.736657  -4889.738631   9608.462278              
VL51 -52646.825952  -3728.672984  29496.688388              
*  2024 12 30 18  2   0.00000000                            
PL51   5094.175288  -4921.370902   9947.098056              
VL51 -54079.659056  -1537.854950  26927.807130              
*  2024 12 30 18  4   0.00000000                            
PL51   4437.644168  -4926.535502  10254.391057              
VL51 -55307.683465    680.869454  24274.284678              
*  2024 12 30 18  6   0.00000000                            
PL51   3767.626956  -4904.960350  10529.376239              
VL51 -56326.714074   2917.011248  21544.605948              
*  2024 12 30 18  8   0.00000000                            
PL51   3086.652443  -4856.499970  10771.191866              
VL51 -57133.415807   5159.966353  18747.499034              
*  2024 12 30 18 10   0.00000000                            
PL51   2397.284284  -4781.136580  10979.082248              
VL51 -57725.315109   7399.064888  15891.905010              
*  2024 12 30 18 12   0.00000000                            
PL51   1702.110605  -4678.980586  11152.400115              
VL51 -58100.807559   9623.620738  12986.947121              
*  2024 12 30 18 14   0.00000000                            
PL51   1003.733553  -4550.270474  11290.608608              
VL51 -58259.161581  11822.981105  10041.899483              
*  2024 12 30 18 16   0.00000000                            
PL51    304.758813  -4395.372118  11393.282908              
VL51 -58200.518320  13986.575830   7066.155440              
*  2024 12 30 18 18   0.00000000                            
PL51   -392.214841  -4214.777493  11460.111470              
VL51 -57925.887674  16103.966245   4069.195683              
*  2024 12 30 18 20   0.00000000                            
PL51  -1084.605931  -4009.102810  11490.896882              
VL51 -57437.140593  18164.893318   1060.556262              
*  2024 12 30 18 22   0.00000000                            
PL51  -1769.860540  -3779.086070  11485.556339              
VL51 -56736.997673  20159.324880  -1950.203407              
*  2024 12 30 18 24   0.00000000                            
PL51  -2445.462424  -3525.584071  11444.121727              
VL51 -55829.014159  22077.501721  -4953.532415              
*  2024 12 30 18 26   0.00000000                            
PL51  -3108.942917  -3249.568858  11366.739333              
VL51 -54717.561453  23909.982339  -7939.920019              
*  2024 12 30 18 28   0.00000000                            
PL51  -3757.890601  -2952.123652  11253.669178              
VL51 -53407.805220  25647.686151 -10899.926968              
*  2024 12 30 18 30   0.00000000                            
PL51  -4389.960687  -2634.438266  11105.283968              
VL51 -51905.680236  27281.934965 -13824.216403              
*  2024 12 30 18 32   0.00000000                            
PL51  -5002.884078  -2297.804038  10922.067686              
VL51 -50217.862099  28804.492545 -16703.584221              
*  2024 12 30 18 34   0.00000000                            
PL51  -5594.476074  -1943.608302  10704.613818              
VL51 -48351.735969  30207.602081 -19528.988799              
*  2024 12 30 18 36   0.00000000                            
PL51  -6162.644684  -1573.328418  10453.623229              
VL51 -46315.362477  31484.021414 -22291.579988              
*  2024 12 30 18 38   0.00000000                            
PL51  -6705.398518  -1188.525401  10169.901697              
VL51 -44117.440991  32627.055853 -24982.727275              
*  2024 12 30 18 40   0.00000000                            
PL51  -7220.854214   -790.837161   9854.357111              
VL51 -41767.270422  33630.588464 -27594.047032              
*  2024 12 30 18 42   0.00000000                            
PL51  -7707.243388   -381.971411   9507.996349              
VL51 -39274.707754  34489.107690 -30117.428755              
*  2024 12 30 18 44   0.00000000                            
PL51  -8162.919071     36.301762   9131.921852              
VL51 -36650.124497  35197.732196 -32545.060221              
*  2024 12 30 18 46   0.00000000                            
PL51  -8586.361614    462.157582   8727.327897              
VL51 -33904.361281  35752.232847 -34869.451478              
*  2024 12 30 18 48   0.00000000                            
PL51  -8976.184037    893.724536   8295.496592              
VL51 -31048.680794  36149.051719 -37083.457606              
*  2024 12 30 18 50   0.00000000                            
PL51  -9331.136799   1329.092524   7837.793606              
VL51 -28094.719290  36385.318091 -39180.300167              
*  2024 12 30 18 52   0.00000000                            
PL51  -9650.111992   1766.321188   7355.663648              
VL51 -25054.436882  36458.861356 -41153.587297              
*  2024 12 30 18 54   0.00000000                            
PL51  -9932.146916   2203.448370   6850.625719              
VL51 -21940.066854  36368.220801 -42997.332375              
*  2024 12 30 18 56   0.00000000                            
PL51 -10176.427054   2638.498683   6324.268138              
VL51 -18764.064221  36112.652252 -44705.971213              
*  2024 12 30 18 58   0.00000000                            
PL51 -10382.288420   3069.492124   5778.243382              
VL51 -15539.053758  35692.131549 -46274.377740              
*  2024 12 30 19  0   0.00000000                            
PL51 -10549.219282   3494.452725   5214.262740              
VL51 -12277.777743  35107.354877 -47697.878116              
*  2024 12 30 19  2   0.00000000                            
PL51 -10676.861260   3911.417181   4634.090813              
VL51  -8993.043631  34359.735962 -48972.263263              
*  2024 12 30 19  4   0.00000000                            
PL51 -10765.009791   4318.443430   4039.539862              
VL51  -5697.671890  33451.400168 -50093.799776              
*  2024 12 30 19  6   0.00000000                            
PL51 -10813.613979   4713.619141   3432.464053              
VL51  -2404.444232  32385.175544 -51059.239195              
*  2024 12 30 19  8   0.00000000                            
PL51 -10822.775820   5095.070077   2814.753580              
VL51    873.947550  31164.580887 -51865.825634              
*  2024 12 30 19 10   0.00000000                            
PL51 -10792.748817   5460.968296   2188.328726              
VL51   4124.951914  29793.810899 -52511.301741              
*  2024 12 30 19 12   0.00000000                            
PL51 -10723.936006   5809.540166   1555.133845              
VL51   7336.206865  28277.718523 -52993.913024              
*  2024 12 30 19 14   0.00000000                            
PL51 -10616.887387   6139.074135    917.131316              
VL51  10495.588018  26621.794573 -53312.410518              
*  2024 12 30 19 16   0.00000000                            
PL51 -10472.296794   6447.928256    276.295465              
VL51  13591.255225  24832.144767 -53466.051839              
*  2024 12 30 19 18   0.00000000                            
PL51 -10290.998210   6734.537413   -365.393511              
VL51  16611.697598  22915.464278 -53454.600643              
*  2024 12 30 19 20   0.00000000                            
PL51 -10073.961558   6997.420233  -1005.955604              
VL51  19545.776755  20879.009959 -53278.324498              
*  2024 12 30 19 22   0.00000000                            
PL51  -9822.287977   7235.185645  -1643.417025              
VL51  22382.768125  18730.570368 -52937.991246              
*  2024 12 30 19 24   0.00000000                            
PL51  -9537.204622   7446.539072  -2275.816172              
VL51  25112.400169  16478.433748 -52434.863853              
*  2024 12 30 19 26   0.00000000                            
PL51  -9220.059002   7630.288226  -2901.209542              
VL51  27724.891381  14131.354127 -51770.693827              
*  2024 12 30 19 28   0.00000000                            
PL51  -8872.312888   7785.348483  -3517.677538              
VL51  30210.984947  11698.515697 -50947.713252              
*  2024 12 30 19 30   0.00000000                            
PL51  -8495.535825   7910.747828  -4123.330189              
VL51  32561.980959   9189.495643 -49968.625487              
*  2024 12 30 19 32   0.00000000                            
PL51  -8091.398263   8005.631335  -4716.312736              
VL51  34769.766085   6614.225601 -48836.594620              
*  2024 12 30 19 34   0.00000000                            
PL51  -7661.664358   8069.265189  -5294.811099              
VL51  36826.840637   3982.951899 -47555.233733              
*  2024 12 30 19 36   0.00000000                            
PL51  -7208.184456   8101.040213  -5857.057184              
VL51  38726.342968   1306.194770 -46128.592056              
*  2024 12 30 19 38   0.00000000                            
PL51  -6732.887304   8100.474911  -6401.334034              
VL51  40462.071165  -1405.293311 -44561.141085              
*  2024 12 30 19 40   0.00000000                            
PL51  -6237.772019   8067.217996  -6925.980812              
VL51  42028.502003  -4140.569988 -42857.759747              
*  2024 12 30 19 42   0.00000000                            
PL51  -5724.899841   8001.050416  -7429.397594              
VL51  43420.807165  -6888.545947 -41023.718662              
*  2024 12 30 19 44   0.00000000                            
PL51  -5196.385713   7901.886855  -7910.049971              
VL51  44634.866702  -9638.028229 -39064.663599              
*  2024 12 30 19 46   0.00000000                            
PL51  -4654.389710   7769.776718  -8366.473448              
VL51  45667.279771 -12377.763800 -36986.598168              
*  2024 12 30 19 48   0.00000000                            
PL51  -4101.108364   7604.904586  -8797.277630              
VL51  46515.372649 -15096.483229 -34795.865811              
*  2024 12 30 19 50   0.00000000                            
PL51  -3538.765897   7407.590156  -9201.150190              
VL51  47177.204056 -17782.944356 -32499.131156              
*  2024 12 30 19 52   0.00000000                            
PL51  -2969.605420   7178.287649  -9576.860608              
VL51  47651.567816 -20425.975793 -30103.360765              
*  2024 12 30 19 54   0.00000000                            
PL51  -2395.880106   6917.584699  -9923.263675              
VL51  47937.992892 -23014.520155 -27615.803341              
*  2024 12 30 19 56   0.00000000                            
PL51  -1819.844381   6626.200734 -10239.302759              
VL51  48036.740832 -25537.676878 -25043.969413              
*  2024 12 30 19 58   0.00000000                            
PL51  -1243.745159   6304.984834 -10524.012820              
VL51  47948.800665 -27984.744520 -22395.610557              
*  2024 12 30 20  0   0.00000000                            
PL51   -669.813160   5954.913093 -10776.523179              
VL51  47675.881311 -30345.262412 -19678.698180              
*  2024 12 30 20  2   0.00000000                            
PL51   -100.254326   5577.085485 -10996.060024              
VL51  47220.401527 -32609.051556 -16901.401893              
*  2024 12 30 20  4   0.00000000                            
PL51    462.758625   5172.722239 -11181.948657              
VL51  46585.477468 -34766.254658 -14072.067520              
*  2024 12 30 20  6   0.00000000                            
PL51   1017.094480   4743.159747 -11333.615477              
VL51  45774.907909 -36807.375180 -11199.194750              
*  2024 12 30 20  8   0.00000000                            
PL51   1560.671621   4289.846004 -11450.589689              
VL51  44793.157174 -38723.315315  -8291.414463              
*  2024 12 30 20 10   0.00000000                            
PL51   2091.465903   3814.335602 -11532.504741              
VL51  43645.335847 -40505.412767  -5357.465757              
*  2024 12 30 20 12   0.00000000                            
PL51   2607.518277   3318.284290 -11579.099482              
VL51  42337.179317 -42145.476241  -2406.172681              
*  2024 12 30 20 14   0.00000000                            
PL51   3106.942153   2803.443114 -11590.219044              
VL51  40875.024212 -43635.819528    553.579294              
*  2024 12 30 20 16   0.00000000                            
PL51   3587.930457   2271.652161 -11565.815432              
VL51  39265.782792 -44969.294080   3512.867056              
*  2024 12 30 20 18   0.00000000                            
PL51   4048.762383   1724.833919 -11505.947837              
VL51  37516.915369 -46139.319974   6462.753857              
*  2024 12 30 20 20   0.00000000                            
PL51   4487.809789   1164.986276 -11410.782649              
VL51  35636.400808 -47139.915145   9394.313536              
*  2024 12 30 20 22   0.00000000                            
PL51   4903.543234    594.175181 -11280.593188              
VL51  33632.705192 -47965.722789  12298.654920              
*  2024 12 30 20 24   0.00000000                            
PL51   5294.537630     14.526982 -11115.759135              
VL51  31514.748718 -48612.036818  15166.946399              
*  2024 12 30 20 26   0.00000000                            
PL51   5659.477482   -571.779520 -10916.765671              
VL51  29291.870897 -49074.825265  17990.440629              
*  2024 12 30 20 28   0.00000000                            
PL51   5997.161705  -1162.521292 -10684.202312              
VL51  26973.794150 -49350.751507  20760.499355              
*  2024 12 30 20 30   0.00000000                            
PL51   6306.507989  -1755.439532 -10418.761457              
VL51  24570.585859 -49437.193214  23468.618296              
*  2024 12 30 20 32   0.00000000                            
PL51   6586.556710  -2348.248337 -10121.236627              
VL51  22092.618995 -49332.258881  26106.452065              
*  2024 12 30 20 34   0.00000000                            
PL51   6836.474346  -2938.643564  -9792.520411              
VL51  19550.531392 -49034.801843  28665.839071              
*  2024 12 30 20 36   0.00000000                            
PL51   7055.556412  -3524.311838  -9433.602107              
VL51  16955.183795 -48544.431651  31138.826338              
*  2024 12 30 20 38   0.00000000                            
PL51   7243.229873  -4102.939677  -9045.565078              
VL51  14317.616786 -47861.522690  33517.694183              
*  2024 12 30 20 40   0.00000000                            
PL51   7399.055042  -4672.222714  -8629.583796              
VL51  11649.006719 -46987.219938  35794.980666              
*  2024 12 30 20 42   0.00000000                            
PL51   7522.726936  -5229.874961  -8186.920613              
VL51   8960.620814 -45923.441772  37963.505745              
*  2024 12 30 20 44   0.00000000                            
PL51   7614.076099  -5773.638088  -7718.922229              
VL51   6263.771538 -44672.879711  40016.395032              
*  2024 12 30 20 46   0.00000000                            
PL51   7673.068862  -6301.290691  -7227.015888              
VL51   3569.770461 -43238.995040  41947.103077              
*  2024 12 30 20 48   0.00000000                            
PL51   7699.807060  -6810.657485  -6712.705289              
VL51    889.881727 -41626.012230  43749.436057              
*  2024 12 30 20 50   0.00000000                            
PL51   7694.527180  -7299.618412  -6177.566238              
VL51  -1764.724652 -39838.909091  45417.573793              
*  2024 12 30 20 52   0.00000000                            
PL51   7657.598947  -7766.117605  -5623.242037              
VL51  -4383.019520 -37883.403632  46946.090963              
*  2024 12 30 20 54   0.00000000                            
PL51   7589.523362  -8208.172171  -5051.438617              
VL51  -6954.161089 -35765.937580  48329.977417              
*  2024 12 30 20 56   0.00000000                            
PL51   7490.930170  -8623.880763  -4463.919446              
VL51  -9467.541061 -33493.656558  49564.657462              
*  2024 12 30 20 58   0.00000000                            
PL51   7362.574788  -9011.431892  -3862.500199              
VL51 -11912.830118 -31074.386924  50646.008010              
*  2024 12 30 21  0   0.00000000                            
PL51   7205.334687  -9369.111939  -3249.043231              
VL51 -14280.022576 -28516.609297  51570.375454              
*  2024 12 30 21  2   0.00000000                            
PL51   7020.205244  -9695.312829  -2625.451842              
VL51 -16559.479963 -25829.428842  52334.591174              
*  2024 12 30 21  4   0.00000000                            
PL51   6808.295086  -9988.539337  -1993.664376              
VL51 -18741.973293 -23022.542359  52935.985533              
*  2024 12 30 21  6   0.00000000                            
PL51   6570.820924 -10247.415966  -1355.648157              
VL51 -20818.723800 -20106.202309  53372.400279              
*  2024 12 30 21  8   0.00000000                            
PL51   6309.101916 -10470.693393   -713.393283              
VL51 -22781.441907 -17091.177884  53642.199225              
*  2024 12 30 21 10   0.00000000                            
PL51   6024.553576 -10657.254418    -68.906311              
VL51 -24622.364196 -13988.713269  53744.277132              
*  2024 12 30 21 12   0.00000000                            
PL51   5718.681247 -10806.119400    575.796163              
VL51 -26334.288165 -10810.483284  53678.066703              
*  2024 12 30 21 14   0.00000000                            
PL51   5393.073172 -10916.451145   1218.693987              
VL51 -27910.604555  -7568.546580  53443.543614              
*  2024 12 30 21 16   0.00000000                            
PL51   5049.393197 -10987.559226   1857.769993              
VL51 -29345.327052  -4275.296619  53041.229523              
*  2024 12 30 21 18   0.00000000                            
PL51   4689.373131 -11018.903687   2491.016553              
VL51 -30633.119171   -943.410661  52472.193002              
*  2024 12 30 21 20   0.00000000                            
PL51   4314.804798 -11010.098144   3116.442140              
VL51 -31769.318159   2414.202983  51738.048370              
*  2024 12 30 21 22   0.00000000                            
PL51   3927.531831 -10960.912226   3732.077856              
VL51 -32749.955751   5784.459170  50840.952392              
*  2024 12 30 21 24   0.00000000                            
PL51   3529.441223 -10871.273367   4335.983915              
VL51 -33571.775655   9154.151339  49783.598850              
*  2024 12 30 21 26   0.00000000                            
PL51   3122.454699 -10741.267930   4926.256040              
VL51 -34232.247644  12510.007829  48569.210981              
*  2024 12 30 21 28   0.00000000                            
PL51   2708.519938 -10571.141642   5501.031763              
VL51 -34729.578167  15838.748798  47201.531829              
*  2024 12 30 21 30   0.00000000                            
PL51   2289.601681 -10361.299351   6058.496594              
VL51 -35062.717402  19127.143464  45684.812516              
*  2024 12 30 21 32   0.00000000                            
PL51   1867.672788 -10112.304096   6596.890037              
VL51 -35231.362716  22362.067338  44023.798512              
*  2024 12 30 21 34   0.00000000                            
PL51   1444.705265  -9824.875484   7114.511430              
VL51 -35235.958488  25530.559167  42223.713949              
*  2024 12 30 21 36   0.00000000                            
PL51   1022.661322  -9499.887398   7609.725586              
VL51 -35077.692316  28619.877277  40290.244057              
*  2024 12 30 21 38   0.00000000                            
PL51    603.484492  -9138.365024   8080.968212              
VL51 -34758.487619  31617.555026  38229.515815              
*  2024 12 30 21 40   0.00000000                            
PL51    189.090866  -8741.481228   8526.751083              
VL51 -34280.992672  34511.455070  36048.076900              
*  2024 12 30 21 42   0.00000000                            
PL51   -218.639523  -8310.552280   8945.666960              
VL51 -33648.566165  37289.822178  33752.873059              
*  2024 12 30 21 44   0.00000000                            
PL51   -617.871121  -7847.032967   9336.394221              
VL51 -32865.259355  39941.334319  31351.223991              
*  2024 12 30 21 46   0.00000000                            
PL51  -1006.821041  -7352.511093   9697.701195              
VL51 -31935.794927  42455.151775  28850.797889              
*  2024 12 30 21 48   0.00000000                            
PL51  -1383.766976  -6828.701409  10028.450192              
VL51 -30865.542698  44820.964041  26259.584740              
*  2024 12 30 21 50   0.00000000                            
PL51  -1747.054805  -6277.438992  10327.601190              
VL51 -29660.492301  47029.034301  23585.868526              
*  2024 12 30 21 52   0.00000000                            
PL51  -2095.105852  -5700.672111  10594.215197              
VL51 -28327.223020  49070.241268  20838.198455              
*  2024 12 30 21 54   0.00000000                            
PL51  -2426.423768  -5100.454599  10827.457255              
VL51 -26872.870934  50936.118218  18025.359342              
*  2024 12 30 21 56   0.00000000                            
PL51  -2739.601000  -4478.937779  11026.599087              
VL51 -25305.093576  52618.889048  15156.341279              
*  2024 12 30 21 58   0.00000000                            
PL51  -3033.324830  -3838.361981  11191.021372              
VL51 -23632.032278  54111.501210  12240.308711              
*  2024 12 30 22  0   0.00000000                            
PL51  -3306.382938  -3181.047670  11320.215655              
VL51 -21862.272432  55407.655392   9286.569048              
*  2024 12 30 22  2   0.00000000                            
PL51  -3557.668488  -2509.386253  11413.785867              
VL51 -20004.801849  56501.831822   6304.540936              
*  2024 12 30 22  4   0.00000000                            
PL51  -3786.184696  -1825.830579  11471.449470              
VL51 -18068.967458  57389.313112   3303.722301              
*  2024 12 30 22  6   0.00000000                            
PL51  -3991.048872  -1132.885196  11493.038218              
VL51 -16064.430549  58066.203542    293.658313              
*  2024 12 30 22  8   0.00000000                            
PL51  -4171.495919   -433.096387  11478.498530              
VL51 -14001.120804  58529.444731  -2716.090634              
*  2024 12 30 22 10   0.00000000                            
PL51  -4326.881272    270.957947  11427.891481              
VL51 -11889.189333  58776.827655  -5715.980794              
*  2024 12 30 22 12   0.00000000                            
PL51  -4456.683269    976.678540  11341.392414              
VL51  -9738.960957  58807.000985  -8696.516673              
*  2024 12 30 22 14   0.00000000                            
PL51  -4560.504948   1681.455079  11219.290171              
VL51  -7560.885970  58619.475731 -11648.282275              
*  2024 12 30 22 16   0.00000000                            
PL51  -4638.075260   2382.676563  11061.985956              
VL51  -5365.491594  58214.626215 -14561.971863              
*  2024 12 30 22 18   0.00000000                            
PL51  -4689.249703   3077.741653  10869.991827              
VL51  -3163.333381  57593.687385 -17428.420157              
*  2024 12 30 22 20   0.00000000                            
PL51  -4714.010366   3764.068964  10643.928836              
VL51   -964.946763  56758.748506 -20238.631859              
*  2024 12 30 22 22   0.00000000                            
PL51  -4712.465404   4439.107258  10384.524815              
VL51   1219.201013  55712.743286 -22983.810421              
*  2024 12 30 22 24   0.00000000                            
PL51  -4684.847933   5100.345504  10092.611821              
VL51   3378.758356  54459.436495 -25655.385965              
*  2024 12 30 22 26   0.00000000                            
PL51  -4631.514358   5745.322753   9769.123255              
VL51   5503.535995  53003.407160 -28245.042262              
*  2024 12 30 22 28   0.00000000                            
PL51  -4552.942154   6371.637791   9415.090659              
VL51   7583.552624  51350.028414 -30744.742704              
*  2024 12 30 22 30   0.00000000                            
PL51  -4449.727101   6976.958529   9031.640212              
VL51   9609.079331  49505.444126 -33146.755160              
*  2024 12 30 22 32   0.00000000                            
PL51  -4322.579996   7559.031099   8619.988935              
VL51  11570.682616  47476.542411 -35443.675675              
*  2024 12 30 22 34   0.00000000                            
PL51  -4172.322855   8115.688611   8181.440612              
VL51  13459.265814  45270.926166 -37628.450904              
*  2024 12 30 22 36   0.00000000                            
PL51  -3999.884638   8644.859537   7717.381457              
VL51  15266.108738  42896.880769 -39694.399242              
*  2024 12 30 22 38   0.00000000                            
PL51  -3806.296496   9144.575695   7229.275536              
VL51  16982.905387  40363.339102 -41635.230562              
*  2024 12 30 22 40   0.00000000                            
PL51  -3592.686588   9612.979798   6718.659953              
VL51  18601.799547  37679.844085 -43445.064524              
*  2024 12 30 22 42   0.00000000                            
PL51  -3360.274482  10048.332533   6187.139833              
VL51  20115.418163  34856.508867 -45118.447398              
*  2024 12 30 22 44   0.00000000                            
PL51  -3110.365166  10449.019161   5636.383110              
VL51  21516.902324  31903.974899 -46650.367355              
*  2024 12 30 22 46   0.00000000                            
PL51  -2844.342708  10813.555590   5068.115137              
VL51  22799.935760  28833.368058 -48036.268191              
*  2024 12 30 22 48   0.00000000                            
PL51  -2563.663584  11140.593917   4484.113148              
VL51  23958.770737  25656.253038 -49272.061452              
*  2024 12 30 22 50   0.00000000                            
PL51  -2269.849713  11428.927417   3886.200578              
VL51  24988.251249  22384.586215 -50354.136935              
*  2024 12 30 22 52   0.00000000                            
PL51  -1964.481233  11677.494945   3276.241271              
VL51  25883.833436  19030.667202 -51279.371535              
*  2024 12 30 22 54   0.00000000                            
PL51  -1649.189047  11885.384767   2656.133587              
VL51  26641.603150  15607.089315 -52045.136437              
*  2024 12 30 22 56   0.00000000                            
PL51  -1325.647175  12051.837778   2027.804438              
VL51  27258.290623  12126.689186 -52649.302641              
*  2024 12 30 22 58   0.00000000                            
PL51   -995.564945  12176.250119   1393.203267              
VL51  27731.282194   8602.495738 -53090.244821              
*  2024 12 30 23  0   0.00000000                            
PL51   -660.679071  12258.175172    754.295984              
VL51  28058.629088   5047.678770 -53366.843538              
*  2024 12 30 23  2   0.00000000                            
PL51   -322.745628  12297.324948    113.058895              
VL51  28239.053222   1475.497368 -53478.485824              
*  2024 12 30 23  4   0.00000000                            
PL51     16.468008  12293.570841   -528.527373              
VL51  28271.950071  -2100.751626 -53425.064164              
*  2024 12 30 23  6   0.00000000                            
PL51    355.191252  12246.943779  -1168.483924              
VL51  28157.388608  -5667.784873 -53206.973921              
*  2024 12 30 23  8   0.00000000                            
PL51    691.658372  12157.633756  -1804.839604              
VL51  27896.108360  -9212.383298 -52825.109254              
*  2024 12 30 23 10   0.00000000                            
PL51   1024.116508  12025.988757  -2435.636953              
VL51  27489.513650 -12721.442181 -52280.857575              
*  2024 12 30 23 12   0.00000000                            
PL51   1350.833600  11852.513091  -3058.938088              
VL51  26939.665067 -16182.020362 -51576.092614              
*  2024 12 30 23 14   0.00000000                            
PL51   1670.106195  11637.865139  -3672.830486              
VL51  26249.268263 -19581.388412 -50713.166137              
*  2024 12 30 23 16   0.00000000                            
PL51   1980.267113  11382.854527  -4275.432668              
VL51  25421.660145 -22907.075584 -49694.898401              
*  2024 12 30 23 18   0.00000000                            
PL51   2279.692924  11088.438753  -4864.899753              
VL51  24460.792558 -26146.915408 -48524.567376              
*  2024 12 30 23 20   0.00000000                            
PL51   2566.811215  10755.719263  -5439.428886              
VL51  23371.213551 -29289.089774 -47205.896827              
*  2024 12 30 23 22   0.00000000                            
PL51   2840.107625  10385.937018  -5997.264506              
VL51  22158.046350 -32322.171373 -45743.043294              
*  2024 12 30 23 24   0.00000000                            
PL51   3098.132608   9980.467557  -6536.703457              
VL51  20826.966113 -35235.164360 -44140.582051              
*  2024 12 30 23 26   0.00000000                            
PL51   3339.507904   9540.815587  -7056.099924              
VL51  19384.174624 -38017.543141 -42403.492098              
*  2024 12 30 23 28   0.00000000                            
PL51   3562.932699   9068.609113  -7553.870185              
VL51  17836.373016 -40659.289162 -40537.140261              
*  2024 12 30 23 30   0.00000000                            
PL51   3767.189446   8565.593149  -8028.497161              
VL51  16190.732668 -43150.925617 -38547.264463              
*  2024 12 30 23 32   0.00000000                            
PL51   3951.149320   8033.623014  -8478.534771              
VL51  14454.864397 -45483.550005 -36439.956227              
*  2024 12 30 23 34   0.00000000                            
PL51   4113.777305   7474.657259  -8902.612059              
VL51  12636.786069 -47648.864445 -34221.642473              
*  2024 12 30 23 36   0.00000000                            
PL51   4254.136868   6890.750240  -9299.437113              
VL51  10744.888769 -49639.203719 -31899.066674              
*  2024 12 30 23 38   0.00000000                            
PL51   4371.394239   6284.044372  -9667.800746              
VL51   8787.901653 -51447.560971 -29479.269407              
*  2024 12 30 23 40   0.00000000                            
PL51   4464.822241   5656.762083 -10006.579939              
VL51   6774.855612 -53067.611035 -26969.568367              
*  2024 12 30 23 42   0.00000000                            
PL51   4533.803692   5011.197506 -10314.741046              
VL51   4715.045873 -54493.731354 -24377.537883              
*  2024 12 30 23 44   0.00000000                            
PL51   4577.834350   4349.707936 -10591.342749              
VL51   2617.993667 -55721.020464 -21710.987963              
*  2024 12 30 23 46   0.00000000                            
PL51   4596.525386   3674.705079 -10835.538757              
VL51    493.407091 -56745.314021 -18977.942939              
*  2024 12 30 23 48   0.00000000                            
PL51   4589.605392   2988.646119 -11046.580249              
VL51  -1648.858716 -57563.198352 -16186.619708              
*  2024 12 30 23 50   0.00000000                            
PL51   4556.921901   2294.024647 -11223.818051              
VL51  -3798.841967 -58172.021524 -13345.405626              
*  2024 12 30 23 52   0.00000000                            
PL51   4498.442425   1593.361458 -11366.704548              
VL51  -5946.515055 -58569.901914 -10462.836064              
*  2024 12 30 23 54   0.00000000                            
PL51   4414.254995    889.195277 -11474.795325              
VL51  -8081.825706 -58755.734280  -7547.571664              
*  2024 12 30 23 56   0.00000000                            
PL51   4304.568211    184.073413 -11547.750530              
VL51 -10194.738329 -58729.193314  -4608.375289              
*  2024 12 30 23 58   0.00000000                            
PL51   4169.710792   -519.457607 -11585.335963              
VL51 -12275.275460 -58490.734687  -1654.088714              
*  2024 12 31  0  0   0.00000000                            
PL51   4010.130653  -1218.861344 -11587.423881              
VL51 -14313.558259 -58041.593789   1306.390947              
*  2024 12 31  0  2   0.00000000                            
PL51   3826.393358  -1911.621090 -11553.993519              
VL51 -16299.852298 -57383.780588   4264.135056              
*  2024 12 31  0  4   0.00000000                            
PL51   3619.180393  -2595.248497 -11485.131325              
VL51 -18224.599185 -56520.075405   7210.207492              
*  2024 12 31  0  6   0.00000000                            
PL51   3389.286532  -3267.293409 -11381.030904              
VL51 -20078.466643 -55454.017466  10135.688895              
*  2024 12 31  0  8   0.00000000                            
PL51   3137.617037  -3925.352578 -11241.992671              
VL51 -21852.383616 -54189.894490  13031.701104              
*  2024 12 31  0 10   0.00000000                            
PL51   2865.184251  -4567.078628 -11068.423208              
VL51 -23537.580585 -52732.728264  15889.431758              
*  2024 12 31  0 12   0.00000000                            
PL51   2573.103752  -5190.188766 -10860.834329              
VL51 -25125.628078 -51088.257932  18700.159026              
*  2024 12 31  0 14   0.00000000                            
PL51   2262.590039  -5792.473279 -10619.841841              
VL51 -26608.474214 -49262.920724  21455.276451              
*  2024 12 31  0 16   0.00000000                            
PL51   1934.951788  -6371.803781 -10346.164011              
VL51 -27978.481158 -47263.830156  24146.317838              
*  2024 12 31  0 18   0.00000000                            
PL51   1591.586667  -6926.141186 -10040.619735              
VL51 -29228.460322 -45098.751698  26764.982179              
*  2024 12 31  0 20   0.00000000                            
PL51   1233.975742  -7453.543370  -9704.126407              
VL51 -30351.706168 -42776.075947  29303.158523              
*  2024 12 31  0 22   0.00000000                            
PL51    863.677486  -7952.172506  -9337.697486              
VL51 -31342.028449 -40304.789317  31752.950762              
*  2024 12 31  0 24   0.00000000                            
PL51    482.321408  -8420.302018  -8942.439773              
VL51 -32193.782742 -37694.442302  34106.702259              
*  2024 12 31  0 26   0.00000000                            
PL51     91.601331  -8856.323151  -8519.550390              
VL51 -32901.899100 -34955.115334  36357.020233              
*  2024 12 31  0 28   0.00000000                            
PL51   -306.731661  -9258.751116  -8070.313468              
VL51 -33461.908672 -32097.382329  38496.799832              
*  2024 12 31  0 30   0.00000000                            
PL51   -710.876591  -9626.230776  -7596.096550              
VL51 -33869.968125 -29132.271970  40519.247792              
*  2024 12 31  0 32   0.00000000                            
PL51  -1118.990224  -9957.541867  -7098.346712              
VL51 -34122.881719 -26071.226828  42417.905604              
*  2024 12 31  0 34   0.00000000                            
PL51  -1529.194964 -10251.603704  -6578.586414              
VL51 -34218.120872 -22926.060430  44186.672056              
*  2024 12 31  0 36   0.00000000                            
PL51  -1939.586957 -10507.479365  -6038.409073              
VL51 -34153.841078 -19708.912393  45819.825070              
*  2024 12 31  0 38   0.00000000                            
PL51  -2348.244395 -10724.379330  -5479.474392              
VL51 -33928.896026 -16432.201765  47312.042718              
*  2024 12 31  0 40   0.00000000                            
PL51  -2753.235958 -10901.664543  -4903.503436              
VL51 -33542.848807 -13108.578724  48658.423280              
*  2024 12 31  0 42   0.00000000                            
PL51  -3152.629385 -11038.848887  -4312.273473              
VL51 -32995.980061  -9750.874824  49854.504264              
*  2024 12 31  0 44   0.00000000                            
PL51  -3544.500111 -11135.601059  -3707.612598              
VL51 -32289.292990  -6372.051953  50896.280229              
*  2024 12 31  0 46   0.00000000                            
PL51  -3926.939958 -11191.745821  -3091.394141              
VL51 -31424.515108  -2985.150240  51780.219330              
*  2024 12 31  0 48   0.00000000                            
PL51  -4298.065817 -11207.264620  -2465.530901              
VL51 -30404.096682    396.764888  52503.278439              
*  2024 12 31  0 50   0.00000000                            
PL51  -4656.028295 -11182.295574  -1831.969191              
VL51 -29231.205780   3760.656256  53062.916748              
*  2024 12 31  0 52   0.00000000                            
PL51  -4999.020284 -11117.132806  -1192.682738              
VL51 -27909.719905   7093.568827  53457.107733              
*  2024 12 31  0 54   0.00000000                            
PL51  -5325.285403 -11012.225140   -549.666454              
VL51 -26444.214185  10382.683696  53684.349393              
*  2024 12 31  0 56   0.00000000                            
PL51  -5633.126287 -10868.174137     95.069921              
VL51 -24839.946129  13615.371878  53743.672655              
*  2024 12 31  0 58   0.00000000                            
PL51  -5920.912661 -10685.731503    739.508245              
VL51 -23102.836975  16779.247647  53634.647874              
*  2024 12 31  1  0   0.00000000                            
PL51  -6187.089180 -10465.795848   1381.628482              
VL51 -21239.449681  19862.221110  53357.389356              
*  2024 12 31  1  2   0.00000000                            
PL51  -6430.182980 -10209.408826   2019.415244              
VL51 -19256.963635  22852.549757  52912.557839              
*  2024 12 31  1  4   0.00000000                            
PL51  -6648.810907  -9917.750668   2650.864354              
VL51 -17163.146177  25738.888680  52301.360896              
*  2024 12 31  1  6   0.00000000                            
PL51  -6841.686388  -9592.135113   3273.989401              
VL51 -14966.321063  28510.339193  51525.551218              
*  2024 12 31  1  8   0.00000000                            
PL51  -7007.625900  -9234.003770   3886.828255              
VL51 -12675.333998  31156.495586  50587.422778              
*  2024 12 31  1 10   0.00000000                            
PL51  -7145.555017  -8844.919938   4487.449537              
VL51 -10299.515417  33667.489726  49489.804852              
*  2024 12 31  1 12   0.00000000                            
PL51  -7254.513990  -8426.561894   5073.958988              
VL51  -7848.640690  36034.033284  48236.053932              
*  2024 12 31  1 14   0.00000000                            
PL51  -7333.662833  -7980.715696   5644.505743              
VL51  -5332.887934  38247.457329  46830.043538              
*  2024 12 31  1 16   0.00000000                            
PL51  -7382.285892  -7509.267529   6197.288459              
VL51  -2762.793684  40299.749073  45276.151981              
*  2024 12 31  1 18   0.00000000                            
PL51  -7399.795873  -7014.195625   6730.561293              
VL51   -149.206607  42183.585580  43579.248125              
*  2024 12 31  1 20   0.00000000                            
PL51  -7385.737299  -6497.561795   7242.639691              
VL51   2496.760457  43892.364229  41744.675218              
*  2024 12 31  1 22   0.00000000                            
PL51  -7339.789388  -5961.502626   7731.905976              
VL51   5163.779898  45420.229796  39778.232866              
*  2024 12 31  1 24   0.00000000                            
PL51  -7261.768321  -5408.220362   8196.814704              
VL51   7840.359922  46762.097998  37686.157246              
*  2024 12 31  1 26   0.00000000                            
PL51  -7151.628914  -4839.973531   8635.897781              
VL51  10514.896038  47913.675406  35475.099649              
*  2024 12 31  1 28   0.00000000                            
PL51  -7009.465648  -4259.067355   9047.769304              
VL51  13175.723205  48871.475614  33152.103469              
*  2024 12 31  1 30   0.00000000                            
PL51  -6835.513087  -3667.843988   9431.130119              
VL51  15811.168340  49632.831625  30724.579749              
*  2024 12 31  1 32   0.00000000                            
PL51  -6630.145658  -3068.672625   9784.772086              
VL51  18409.602946  50195.904389  28200.281390              
*  2024 12 31  1 34   0.00000000                            
PL51  -6393.876799  -2463.939536  10107.582015              
VL51  20959.495577  50559.687492  25587.276167              
*  2024 12 31  1 36   0.00000000                            
PL51  -6127.357483  -1856.038070  10398.545278              
VL51  23449.463887  50724.007977  22893.918657              
*  2024 12 31  1 38   0.00000000                            
PL51  -5831.374119  -1247.358658  10656.749079              
VL51  25868.325991  50689.523351  20128.821223              
*  2024 12 31  1 40   0.00000000                            
PL51  -5506.845843   -640.278896  10881.385368              
VL51  28205.150911  50457.714796  17300.824182              
*  2024 12 31  1 42   0.00000000                            
PL51  -5154.821210    -37.153710  11071.753394              
VL51  30449.307846  50030.876673  14418.965290              
*  2024 12 31  1 44   0.00000000                            
PL51  -4776.474304    559.694313  11227.261889              
VL51  32590.514046  49412.102399  11492.448674              
*  2024 12 31  1 46   0.00000000                            
PL51  -4373.100281   1147.984419  11347.430875              
VL51  34618.881075  48605.266806   8530.613334              
*  2024 12 31  1 48   0.00000000                            
PL51  -3946.110371   1725.486932  11431.893094              
VL51  36524.959244  47615.005094   5542.901342              
*  2024 12 31  1 50   0.00000000                            
PL51  -3497.026351   2290.032245  11480.395048              
VL51  38299.780040  46446.688522   2538.825857              
*  2024 12 31  1 52   0.00000000                            
PL51  -3027.474535   2839.519485  11492.797667              
VL51  39934.896327  45106.396962   -472.060927              
*  2024 12 31  1 54   0.00000000                            
PL51  -2539.179281   3371.924837  11469.076578              
VL51  41422.420189  43600.888493  -3480.199770              
*  2024 12 31  1 56   0.00000000                            
PL51  -2033.956070   3885.309490  11409.322006              
VL51  42755.058212  41937.566191  -6476.056218              
*  2024 12 31  1 58   0.00000000                            
PL51  -1513.704172   4377.827161  11313.738278              
VL51  43926.144091  40124.442297  -9450.152132              
*  2024 12 31  2  0   0.00000000                            
PL51   -980.398941   4847.731178  11182.642969              
VL51  44929.668411  38170.099961 -12393.096832              
*  2024 12 31  2  2   0.00000000                            
PL51   -436.083766   5293.381093  11016.465662              
VL51  45760.305485  36083.652754 -15295.617731              
*  2024 12 31  2  4   0.00000000                            
PL51    117.138280   5713.248789  10815.746353              
VL51  46413.437162  33874.702161 -18148.590367              
*  2024 12 31  2  6   0.00000000                            
PL51    677.113053   6105.924075  10581.133493              
VL51  46885.173497  31553.293257 -20943.067737              
*  2024 12 31  2  8   0.00000000                            
PL51   1241.644192   6470.119734  10313.381693              
VL51  47172.370228  29129.868796 -23670.308837              
*  2024 12 31  2 10   0.00000000                            
PL51   1808.502148   6804.676012  10013.349079              
VL51  47272.642988  26615.221914 -26321.806331              
*  2024 12 31  2 12   0.00000000                            
PL51   2375.433378   7108.564532   9681.994330              
VL51  47184.378201  24020.447683 -28889.313255              
*  2024 12 31  2 14   0.00000000                            
PL51   2940.169638   7380.891625   9320.373396              
VL51  46906.740648  21356.893728 -31364.868688              
*  2024 12 31  2 16   0.00000000                            
PL51   3500.437355   7620.901056   8929.635920              
VL51  46439.677661  18636.110139 -33740.822301              
*  2024 12 31  2 18   0.00000000                            
PL51   4053.967026   7827.976157   8511.021367              
VL51  45783.919956  15869.798898 -36009.857718              
*  2024 12 31  2 20   0.00000000                            
PL51   4598.502605   8001.641337   8065.854884              
VL51  44940.979106  13069.763048 -38165.014628              
*  2024 12 31  2 22   0.00000000                            
PL51   5131.810843   8141.562996   7595.542901              
VL51  43913.141689  10247.855837 -40199.709556              
*  2024 12 31  2 24   0.00000000                            
PL51   5651.690536   8247.549820   7101.568491              
VL51  42703.460138   7415.930045 -42107.755256              
*  2024 12 31  2 26   0.00000000                            
PL51   6155.981642   8319.552475   6585.486505              
VL51  41315.740363   4585.787736 -43883.378656              
*  2024 12 31  2 28   0.00000000                            
PL51   6642.574237   8357.662696   6048.918504              
VL51  39754.526209   1769.130637 -45521.237301              
*  2024 12 31  2 30   0.00000000                            
PL51   7109.417259   8362.111796   5493.547500              
VL51  38025.080835  -1022.488628 -47016.434251              
*  2024 12 31  2 32   0.00000000                            
PL51   7554.527012   8333.268583   4921.112526              
VL51  36133.365130  -3777.714237 -48364.531392              
*  2024 12 31  2 34   0.00000000                            
PL51   7975.995396   8271.636724   4333.403061              
VL51  34086.013267  -6485.433609 -49561.561134              
*  2024 12 31  2 36   0.00000000                            
PL51   8371.997829   8177.851549   3732.253322              
VL51  31890.305546  -9134.822371 -50604.036470              
*  2024 12 31  2 38   0.00000000                            
PL51   8740.800819   8052.676335   3119.536442              
VL51  29554.138641 -11715.387687 -51488.959385              
*  2024 12 31  2 40   0.00000000                            
PL51   9080.769173   7896.998076   2497.158563              
VL51  27085.993437 -14217.009764 -52213.827608              
*  2024 12 31  2 42   0.00000000                            
PL51   9390.372805   7711.822766   1867.052852              
VL51  24494.900582 -16629.981368 -52776.639699              
*  2024 12 31  2 44   0.00000000                            
PL51   9668.193111   7498.270221   1231.173471              
VL51  21790.403956 -18945.045215 -53175.898498              
*  2024 12 31  2 46   0.00000000                            
PL51   9912.928903   7257.568471    591.489513              
VL51  18982.522224 -21153.429080 -53410.612924              
*  2024 12 31  2 48   0.00000000                            
PL51  10123.401866   6991.047734    -50.021075              
VL51  16081.708655 -23246.878515 -53480.298176              
*  2024 12 31  2 50   0.00000000                            
PL51  10298.561522   6700.134026   -691.377560              
VL51  13098.809410 -25217.687057 -53384.974343              
*  2024 12 31  2 52   0.00000000                            
PL51  10437.489692   6386.342410  -1330.602464              
VL51  10045.020484 -27058.723832 -53125.163485              
*  2024 12 31  2 54   0.00000000                            
PL51  10539.404426   6051.269943  -1965.727567              
VL51   6931.843500 -28763.458492 -52701.885207              
*  2024 12 31  2 56   0.00000000                            
PL51  10603.663402   5696.588328  -2594.799839              
VL51   3771.040538 -30325.983398 -52116.650803              
*  2024 12 31  2 58   0.00000000                            
PL51  10629.766777   5324.036326  -3215.887300              
VL51    574.588217 -31741.033019 -51371.455991              
*  2024 12 31  3  0   0.00000000                            
PL51  10617.359481   4935.411949  -3827.084784              
VL51  -2645.368817 -33004.000506 -50468.772327              
*  2024 12 31  3  2   0.00000000                            
PL51  10566.232956   4532.564466  -4426.519588              
VL51  -5876.564782 -34110.951421 -49411.537338              
*  2024 12 31  3  4   0.00000000                            
PL51  10476.326322   4117.386271  -5012.357003              
VL51  -9106.659854 -35058.634602 -48203.143438              
*  2024 12 31  3  6   0.00000000                            
PL51  10347.726987   3691.804631  -5582.805695              
VL51 -12323.287299 -35844.490189 -46847.425704              
*  2024 12 31  3  8   0.00000000                            
PL51  10180.670687   3257.773356  -6136.122943              
VL51 -15514.100445 -36466.654799 -45348.648562              
*  2024 12 31  3 10   0.00000000                            
PL51   9975.540962   2817.264423  -6670.619703              
VL51 -18666.819350 -36923.963895 -43711.491458              
*  2024 12 31  3 12   0.00000000                            
PL51   9732.868081   2372.259592  -7184.665499              
VL51 -21769.276984 -37215.951388 -41941.033594              
*  2024 12 31  3 14   0.00000000                            
PL51   9453.327413   1924.742041  -7676.693123              
VL51 -24809.464794 -37342.846510 -40042.737780              
*  2024 12 31  3 16   0.00000000                            
PL51   9137.737251   1476.688051  -8145.203138              
VL51 -27775.577494 -37305.568029 -38022.433488              
*  2024 12 31  3 18   0.00000000                            
PL51   8787.056115   1030.058782  -8588.768175              
VL51 -30656.056957 -37105.715867 -35886.299154              
*  2024 12 31  3 20   0.00000000                            
PL51   8402.379523    586.792161  -9006.037004              
VL51 -33439.635089 -36745.560197 -33640.843812              
*  2024 12 31  3 22   0.00000000                            
PL51   7984.936262    148.794917  -9395.738396              
VL51 -36115.375555 -36228.028101 -31292.888090              
*  2024 12 31  3 24   0.00000000                            
PL51   7536.084160   -282.065210  -9756.684741              
VL51 -38672.714276 -35556.687863 -28849.544640              
*  2024 12 31  3 26   0.00000000                            
PL51   7057.305385   -703.967057 -10087.775430              
VL51 -41101.498568 -34735.730989 -26318.198034              
*  2024 12 31  3 28   0.00000000                            
PL51   6550.201279  -1115.143400 -10388.000002              
VL51 -43392.024844 -33769.952046 -23706.484176              
*  2024 12 31  3 30   0.00000000                            
PL51   6016.486751  -1513.888058 -10656.441025              
VL51 -45535.074790 -32664.726391 -21022.269275              
*  2024 12 31  3 32   0.00000000                            
PL51   5457.984244  -1898.562716 -10892.276741              
VL51 -47521.949917 -31425.985912 -18273.628394              
*  2024 12 31  3 34   0.00000000                            
PL51   4876.617299  -2267.603455 -11094.783434              
VL51 -49344.504426 -30060.192845 -15468.823631              
*  2024 12 31  3 36   0.00000000                            
PL51   4274.403735  -2619.526942 -11263.337545              
VL51 -50995.176288 -28574.311777 -12616.281940              
*  2024 12 31  3 38   0.00000000                            
PL51   3653.448466  -2952.936288 -11397.417517              
VL51 -52467.016490 -26975.779930  -9724.572618              
*  2024 12 31  3 40   0.00000000                            
PL51   3015.935975  -3266.526530 -11496.605362              
VL51 -53753.716344 -25272.475812  -6802.384487              
*  2024 12 31  3 42   0.00000000                            
PL51   2364.122484  -3559.089729 -11560.587961              
VL51 -54849.632806 -23472.686338  -3858.502771              
*  2024 12 31  3 44   0.00000000                            
PL51   1700.327817  -3829.519672 -11589.158079              
VL51 -55749.811715 -21585.072506   -901.785706              
*  2024 12 31  3 46   0.00000000                            
PL51   1026.927011  -4076.816142 -11582.215101              
VL51 -56450.008891 -19618.633743   2058.859119              
*  2024 12 31  3 48   0.00000000                            
PL51    346.341675  -4300.088763 -11539.765479              
VL51 -56946.709001 -17582.671004   5014.498654              
*  2024 12 31  3 50   0.00000000                            
PL51   -338.968852  -4498.560390 -11461.922892              
VL51 -57237.142130 -15486.748734   7956.198502              
*  2024 12 31  3 52   0.00000000                            
PL51  -1026.516540  -4671.570037 -11348.908120              
VL51 -57319.297984 -13340.655804  10875.047231              
*  2024 12 31  3 54   0.00000000                            
PL51  -1713.793850  -4818.575332 -11201.048622              
VL51 -57191.937645 -11154.365511  13762.180859              
*  2024 12 31  3 56   0.00000000                            
PL51  -2398.283056  -4939.154486 -11018.777813              
VL51 -56854.602812  -8937.994783  16608.807491              
*  2024 12 31  3 58   0.00000000                            
PL51  -3077.465646  -5033.007765 -10802.634058              
VL51 -56307.622450  -6701.762674  19406.232072              
*  2024 12 31  4  0   0.00000000                            
PL51  -3748.831803  -5099.958469 -10553.259356              
VL51 -55552.116780  -4455.948293  22145.881237              
*  2024 12 31  4  2   0.00000000                            
PL51  -4409.889908  -5139.953394 -10271.397730              
VL51 -54589.998531  -2210.848278  24819.328207              
*  2024 12 31  4  4   0.00000000                            
PL51  -5058.176042  -5153.062789  -9957.893324              
VL51 -53423.971384     23.266047  27418.317692              
*  2024 12 31  4  6   0.00000000                            
PL51  -5691.263457  -5139.479788  -9613.688188              
VL51 -52057.525540   2236.191692  29934.790750              
*  2024 12 31  4  8   0.00000000                            
PL51  -6306.771970  -5099.519338  -9239.819782              
VL51 -50494.930356   4417.837057  32360.909534              
*  2024 12 31  4 10   0.00000000                            
PL51  -6902.377254  -5033.616603  -8837.418168              
VL51 -48741.223982   6558.264865  34689.081858              
*  2024 12 31  4 12   0.00000000                            
PL51  -7475.819989  -4942.324852  -8407.702917              
VL51 -46802.199969   8647.734810  36911.985514              
*  2024 12 31  4 14   0.00000000                            
PL51  -8024.914829  -4826.312848  -7951.979730              
VL51 -44684.390797  10676.745750  39022.592246              
*  2024 12 31  4 16   0.00000000                            
PL51  -8547.559154  -4686.361721  -7471.636763              
VL51 -42395.048320  12636.077275  41014.191295              
*  2024 12 31  4 18   0.00000000                            
PL51  -9041.741572  -4523.361361  -6968.140682              
VL51 -39942.121107  14516.830463  42880.412410              
*  2024 12 31  4 20   0.00000000                            
PL51  -9505.550125  -4338.306313  -6443.032441              
VL51 -37334.228683  16310.467635  44615.248240              
*  2024 12 31  4 22   0.00000000                            
PL51  -9937.180175  -4132.291216  -5897.922793              
VL51 -34580.632713  18008.850922  46213.075975              
*  2024 12 31  4 24   0.00000000                            
PL51 -10334.941916  -3906.505777  -5334.487558              
VL51 -31691.205148  19604.279452  47668.678141              
*  2024 12 31  4 26   0.00000000                            
PL51 -10697.267498  -3662.229312  -4754.462630              
VL51 -28676.393412  21089.524946  48977.262423              
*  2024 12 31  4 28   0.00000000                            
PL51 -11022.717703  -3400.824872  -4159.638767              
VL51 -25547.182704  22457.865549  50134.480398              
*  2024 12 31  4 30   0.00000000                            
PL51 -11309.988163  -3123.732971  -3551.856158              
VL51 -22315.055528  23703.117678  51136.445072              
*  2024 12 31  4 32   0.00000000                            
PL51 -11557.915068  -2832.464946  -2932.998782              
VL51 -18991.948567  24819.665708  51979.747078              
*  2024 12 31  4 34   0.00000000                            
PL51 -11765.480347  -2528.595976  -2304.988594              
VL51 -15590.207052  25802.489310  52661.469442              
*  2024 12 31  4 36   0.00000000                            
PL51 -11931.816285  -2213.757787  -1669.779529              
VL51 -12122.536811  26647.188249  53179.200788              
*  2024 12 31  4 38   0.00000000                            
PL51 -12056.209549  -1889.631077  -1029.351366              
VL51  -8601.954177  27350.004486  53531.046887              
*  2024 12 31  4 40   0.00000000                            
PL51 -12138.104609  -1557.937687   -385.703465              
VL51  -5041.733976  27907.841421  53715.640437              
*  2024 12 31  4 42   0.00000000                            
PL51 -12177.106514  -1220.432567    259.151612              
VL51  -1455.355843  28318.280121  53732.148993              
*  2024 12 31  4 44   0.00000000                            
PL51 -12172.983022   -878.895562    903.194552              
VL51   2143.550899  28579.592432  53580.280977              
*  2024 12 31  4 46   0.00000000                            
PL51 -12125.666063   -535.123057   1544.405810              
VL51   5741.263507  28690.750835  53260.289676              
*  2024 12 31  4 48   0.00000000                            
PL51 -12035.252511   -190.919532   2180.772158              
VL51   9324.022972  28651.434983  52772.975206              
*  2024 12 31  4 50   0.00000000                            
PL51 -11902.004281    151.910953   2810.293256              
VL51  12878.091750  28462.034827  52119.684374              
*  2024 12 31  4 52   0.00000000                            
PL51 -11726.347718    491.573275   3430.988190              
VL51  16389.811774  28123.650295  51302.308421              
*  2024 12 31  4 54   0.00000000                            
PL51 -11508.872296    826.289756   4040.901990              
VL51  19845.662445  27638.087493  50323.278631              
*  2024 12 31  4 56   0.00000000                            
PL51 -11250.328626   1154.308593   4638.112069              
VL51  23232.318282  27007.851420  49185.559808              
*  2024 12 31  4 58   0.00000000                            
PL51 -10951.625764   1473.912184   5220.734577              
VL51  26536.705917  26236.135222  47892.641632              
*  2024 12 31  5  0   0.00000000                            
PL51 -10613.827857   1783.425303   5786.930636              
VL51  29746.060138  25326.806018  46448.527929              
*  2024 12 31  5  2   0.00000000                            
PL51 -10238.150109   2081.223090   6334.912437              
VL51  32847.978671  24284.387381  44857.723909              
*  2024 12 31  5  4   0.00000000                            
PL51  -9825.954108   2365.738802   6862.949169              
VL51  35830.475397  23114.038537  43125.221413              
*  2024 12 31  5  6   0.00000000                            
PL51  -9378.742519   2635.471304   7369.372759              
VL51  38682.031757  21821.530409  41256.482261              
*  2024 12 31  5  8   0.00000000                            
PL51  -8898.153177   2888.992248   7852.583406              
VL51  41391.646041  20413.218627  39257.419771              
*  2024 12 31  5 10   0.00000000                            
PL51  -8385.952602   3124.952913   8311.054877              
VL51  43948.880337  18896.013643  37134.378534              
*  2024 12 31  5 12   0.00000000                            
PL51  -7844.028961   3342.090673   8743.339553              
VL51  46343.904902  17277.348119  34894.112558              
*  2024 12 31  5 14   0.00000000                            
PL51  -7274.384520   3539.235050   9148.073203              
VL51  48567.539718  15565.141760  32543.761868              
*  2024 12 31  5 16   0.00000000                            
PL51  -6679.127614   3715.313339   9523.979470              
VL51  50611.293059  13767.763786  30090.827685              
*  2024 12 31  5 18   0.00000000                            
PL51  -6060.464169   3869.355766   9869.874047              
VL51  52467.396860  11893.993236  27543.146298              
*  2024 12 31  5 20   0.00000000                            
PL51  -5420.688825   4000.500157  10184.668539              
VL51  54128.838747   9952.977331  24908.861753              
*  2024 12 31  5 22   0.00000000                            
PL51  -4762.175690   4107.996096  10467.373984              
VL51  55589.390559   7954.188111  22196.397491              
*  2024 12 31  5 24   0.00000000                            
PL51  -4087.368781   4191.208560  10717.104032              
VL51  56843.633277   5907.377583  19414.427077              
*  2024 12 31  5 26   0.00000000                            
PL51  -3398.772177   4249.620996  10933.077764              
VL51  57886.978243   3822.531617  16571.844144              
*  2024 12 31  5 28   0.00000000                            
PL51  -2698.939953   4282.837853  11114.622156              
VL51  58715.684608   1709.822829  13677.731708              
*  2024 12 31  5 30   0.00000000                            
PL51  -1990.465916   4290.586531  11261.174158              
VL51  59326.872971   -420.437298  10741.330968              
*  2024 12 31  5 32   0.00000000                            
PL51  -1275.973204   4272.718759  11372.282406              
VL51  59718.535188  -2557.846837   7772.009734              
*  2024 12 31  5 34   0.00000000                            
PL51   -558.103797   4229.211389  11447.608552              
VL51  59889.540332  -4691.962112   4779.230602              
*  2024 12 31  5 36   0.00000000                            
PL51    160.492032   4160.166603  11486.928206              
VL51  59839.636842  -6812.346464   1772.518987              
*  2024 12 31  5 38   0.00000000                            
PL51    877.166261   4065.811539  11490.131502              
VL51  59569.450863  -8908.618832  -1238.568861              
*  2024 12 31  5 40   0.00000000                            
PL51   1589.283621   3946.497331  11457.223271              
VL51  59080.480835 -10970.501942  -4244.477755              
*  2024 12 31  5 42   0.00000000                            
PL51   2294.232018   3802.697582  11388.322846              
VL51  58375.088384 -12987.869860  -7235.685270              
*  2024 12 31  5 44   0.00000000                            
PL51   2989.432810   3635.006262  11283.663471              
VL51  57456.485583 -14950.794709 -10202.733137              
*  2024 12 31  5 46   0.00000000                            
PL51   3672.350926   3444.135059  11143.591352              
VL51  56328.718658 -16849.592328 -13136.258233              
*  2024 12 31  5 48   0.00000000                            
PL51   4340.504758   3230.910186  10968.564328              
VL51  54996.648263 -18674.866675 -16027.023053              
*  2024 12 31  5 50   0.00000000                            
PL51   4991.475796   2996.268664  10759.150185              
VL51  53465.926402 -20417.552768 -18865.945575              
*  2024 12 31  5 52   0.00000000                            
PL51   5622.917974   2741.254100  10516.024612              
VL51  51742.970155 -22068.957976 -21644.128418              
*  2024 12 31  5 54   0.00000000                            
PL51   6232.566678   2467.011981  10239.968821              
VL51  49834.932319 -23620.801490 -24352.887198              
*  2024 12 31  5 56   0.00000000                            
PL51   6818.247377   2174.784503   9931.866816              
VL51  47749.669132 -25065.251782 -26983.777992              
*  2024 12 31  5 58   0.00000000                            
PL51   7377.883867   1865.904969   9592.702356              
VL51  45495.705232 -26394.961915 -29528.623832              
*  2024 12 31  6  0   0.00000000                            
PL51   7909.506060   1541.791769   9223.555591              
VL51  43082.196021 -27603.102533 -31979.540134              
*  2024 12 31  6  2   0.00000000                            
PL51   8411.257318   1203.941988   8825.599413              
VL51  40518.887615 -28683.392407 -34328.958991              
*  2024 12 31  6  4   0.00000000                            
PL51   8881.401292    853.924656   8400.095511              
VL51  37816.074576 -29630.126401 -36569.652247              
*  2024 12 31  6  6   0.00000000                            
PL51   9318.328238    493.373677   7948.390164              
VL51  34984.555616 -30438.200757 -38694.753294              
*  2024 12 31  6  8   0.00000000                            
PL51   9720.560789    123.980481   7471.909777              
VL51  32035.587488 -31103.135578 -40697.777502              
*  2024 12 31  6 10   0.00000000                            
PL51  10086.759174   -252.513585   6972.156184              
VL51  28980.837286 -31621.094452 -42572.641247              
*  2024 12 31  6 12   0.00000000                            
PL51  10415.725840   -634.325087   6450.701729              
VL51  25832.333357 -31988.901120 -44313.679464              
*  2024 12 31  6 14   0.00000000                            
PL51  10706.409494  -1019.636503   5909.184143              
VL51  22602.415074 -32204.053151 -45915.661692              
*  2024 12 31  6 16   0.00000000                            
PL51  10957.908524  -1406.604380   5349.301241              
VL51  19303.681680 -32264.732570 -47373.806558              
*  2024 12 31  6 18   0.00000000                            
PL51  11169.473811  -1793.367598   4772.805457              
VL51  15948.940444 -32169.813422 -48683.794674              
*  2024 12 31  6 20   0.00000000                            
PL51  11340.510910  -2178.055698   4181.498225              
VL51  12551.154361 -31918.866257 -49841.779910              
*  2024 12 31  6 22   0.00000000                            
PL51  11470.581602  -2558.797258   3577.224249              
VL51   9123.389623 -31512.159538 -50844.399039              
*  2024 12 31  6 24   0.00000000                            
PL51  11559.404820  -2933.728256   2961.865648              
VL51   5678.763100 -30950.657997 -51688.779725              
*  2024 12 31  6 26   0.00000000                            
PL51  11606.856942  -3301.000405   2337.336036              
VL51   2230.390050 -30236.017975 -52372.546851              
*  2024 12 31  6 28   0.00000000                            
PL51  11612.971460  -3658.789406   1705.574518              
VL51  -1208.667718 -29370.579777 -52893.827195              
*  2024 12 31  6 30   0.00000000                            
PL51  11577.938030  -4005.303095   1068.539651              
VL51  -4625.452996 -28357.357131 -53251.252459              
*  2024 12 31  6 32   0.00000000                            
PL51  11502.100916  -4338.789449    428.203374              
VL51  -8007.163446 -27200.023812 -53443.960660              
*  2024 12 31  6 34   0.00000000                            
PL51  11385.956834  -4657.544412   -213.455067              
VL51 -11341.200776 -25902.897512 -53471.595923              
*  2024 12 31  6 36   0.00000000                            
PL51  11230.152215  -4959.919509   -854.455184              
VL51 -14615.218625 -24470.921088 -53334.306692              
*  2024 12 31  6 38   0.00000000                            
PL51  11035.479901  -5244.329227  -1492.821281              
VL51 -17817.168973 -22909.641264 -53032.742418              
*  2024 12 31  6 40   0.00000000                            
PL51  10802.875298  -5509.258120  -2126.588439              
VL51 -20935.346914 -21225.184934 -52568.048744              
*  2024 12 31  6 42   0.00000000                            
PL51  10533.411993  -5753.267614  -2753.808432              
VL51 -23958.433621 -19424.233191 -51941.861271              
*  2024 12 31  6 44   0.00000000                            
PL51  10228.296880  -5975.002497  -3372.555563              
VL51 -26875.537367 -17513.993208 -51156.297935              
*  2024 12 31  6 46   0.00000000                            
PL51   9888.864792  -6173.197049  -3980.932401              
VL51 -29676.232469 -15502.168120 -50213.950067              
*  2024 12 31  6 48   0.00000000                            
PL51   9516.572691  -6346.680802  -4577.075402              
VL51 -32350.596041 -13396.925064 -49117.872202              
*  2024 12 31  6 50   0.00000000                            
PL51   9112.993423  -6494.383915  -5159.160399              
VL51 -34889.242447 -11206.861501 -47871.570696              
*  2024 12 31  6 52   0.00000000                            
PL51   8679.809077  -6615.342118  -5725.407948              
VL51 -37283.355374  -8940.969992 -46478.991216              
*  2024 12 31  6 54   0.00000000                            
PL51   8218.803971  -6708.701243  -6274.088524              
VL51 -39524.717445  -6608.601567 -44944.505179              
*  2024 12 31  6 56   0.00000000                            
PL51   7731.857303  -6773.721295  -6803.527540              
VL51 -41605.737302  -4219.427857 -43272.895194              
*  2024 12 31  6 58   0.00000000                            
PL51   7220.935485  -6809.780069  -7312.110191              
VL51 -43519.474118  -1783.402115 -41469.339586              
*  2024 12 31  7  0   0.00000000                            
PL51   6688.084209  -6816.376289  -7798.286105              
VL51 -45259.659491    689.280698 -39539.396057              
*  2024 12 31  7  2   0.00000000                            
PL51   6135.420251  -6793.132265  -8260.573792              
VL51 -46820.716702   3188.224627 -37488.984565              
*  2024 12 31  7  4   0.00000000                            
PL51   5565.123076  -6739.796058  -8697.564889              
VL51 -48197.777305   5702.874085 -35324.369457              
*  2024 12 31  7  6   0.00000000                            
PL51   4979.426250  -6656.243145  -9107.928177              
VL51 -49386.695060   8222.555725 -33052.140947              
*  2024 12 31  7  8   0.00000000                            
PL51   4380.608700  -6542.477579  -9490.413379              
VL51 -50384.057204  10736.520689 -30679.195966              
*  2024 12 31  7 10   0.00000000                            
PL51   3770.985865  -6398.632640  -9843.854724              
VL51 -51187.193069  13233.987081 -28212.718451              
*  2024 12 31  7 12   0.00000000                            
PL51   3152.900745  -6224.970976 -10167.174270              
VL51 -51794.180057  15704.182559 -25660.159108              
*  2024 12 31  7 14   0.00000000                            
PL51   2528.714907  -6021.884232 -10459.384981              
VL51 -52203.847009  18136.386894 -23029.214700              
*  2024 12 31  7 16   0.00000000                            
PL51   1900.799455  -5789.892172 -10719.593549              
VL51 -52415.774976  20519.974386 -20327.806891              
*  2024 12 31  7 18   0.00000000                            
PL51   1271.526019  -5529.641289 -10947.002974              
VL51 -52430.295431  22844.456009 -17564.060682              
*  2024 12 31  7 20   0.00000000                            
PL51    643.257765  -5241.902918 -11140.914861              
VL51 -52248.485947  25099.521159 -14746.282479              
*  2024 12 31  7 22   0.00000000                            
PL51     18.340486  -4927.570840 -11300.731473              
VL51 -51872.163394  27275.078902 -11882.937804              
*  2024 12 31  7 24   0.00000000                            
PL51   -600.906216  -4587.658411 -11425.957498              
VL51 -51303.874672  29361.298584  -8982.628694              
*  2024 12 31  7 26   0.00000000                            
PL51  -1212.197627  -4223.295188 -11516.201556              
VL51 -50546.885036  31348.649719  -6054.070794              
*  2024 12 31  7 28   0.00000000                            
PL51  -1813.292459  -3835.723101 -11571.177418              
VL51 -49605.164053  33227.941010  -3106.070169              
*  2024 12 31  7 30   0.00000000                            
PL51  -2402.001200  -3426.292148 -11590.704954              
VL51 -48483.369223  34990.358416   -147.499847              
*  2024 12 31  7 32   0.00000000                            
PL51  -2976.194265  -2996.455647 -11574.710796              
VL51 -47186.827319  36627.502131   2812.723879              
*  2024 12 31  7 34   0.00000000                            
PL51  -3533.809903  -2547.765049 -11523.228707              
VL51 -45721.513470  38131.422373   5765.665393              
*  2024 12 31  7 36   0.00000000                            
PL51  -4072.861841  -2081.864328 -11436.399678              
VL51 -44094.028063  39494.653854   8702.393897              
*  2024 12 31  7 38   0.00000000                            
PL51  -4591.446635  -1600.483969 -11314.471714              
VL51 -42311.571473  40710.248824  11614.007760              
*  2024 12 31  7 40   0.00000000                            
PL51  -5087.750710  -1105.434567 -11157.799346              
VL51 -40381.916699  41771.808550  14491.659031              
*  2024 12 31  7 42   0.00000000                            
PL51  -5560.057058   -598.600058 -10966.842832              
VL51 -38313.379949  42673.513130  17326.578102              
*  2024 12 31  7 44   0.00000000                            
PL51  -6006.751567    -81.930602 -10742.167074              
VL51 -36114.789225  43410.149492  20110.098483              
*  2024 12 31  7 46   0.00000000                            
PL51  -6426.328967    442.564856 -10484.440228              
VL51 -33795.450973  43977.137464  22833.681671              
*  2024 12 31  7 48   0.00000000                            
PL51  -6817.398362    972.826327 -10194.432018              
VL51 -31365.114859  44370.553781  25488.942053              
*  2024 12 31  7 50   0.00000000                            
PL51  -7178.688324   1506.750796  -9873.011757              
VL51 -28833.936757  44587.153890  28067.671809              
*  2024 12 31  7 52   0.00000000                            
PL51  -7509.051542   2042.200482  -9521.146056              
VL51 -26212.440002  44624.391432  30561.865755              
*  2024 12 31  7 54   0.00000000                            
PL51  -7807.468988   2577.011325  -9139.896253              
VL51 -23511.475025  44480.435249  32963.746070              
*  2024 12 31  7 56   0.00000000                            
PL51  -8073.053594   3109.001654  -8730.415531              
VL51 -20742.177456  44154.183799  35265.786818              
*  2024 12 31  7 58   0.00000000                            
PL51  -8305.053414   3635.981020  -8293.945752              
VL51 -17915.924811  43645.276846  37460.738206              
*  2024 12 31  8  0   0.00000000                            
PL51  -8502.854261   4155.759142  -7831.813998              
VL51 -15044.291892  42954.104299  39541.650466              
*  2024 12 31  8  2   0.00000000                            
PL51  -8665.981802   4666.154950  -7345.428832              
VL51 -12139.005034  42081.812097  41501.897292              
*  2024 12 31  8  4   0.00000000                            
PL51  -8794.103095   5165.005677  -6836.276276              
VL51  -9211.895366  41030.305030  43335.198700              
*  2024 12 31  8  6   0.00000000                            
PL51  -8887.027563   5650.175969  -6305.915524              
VL51  -6274.851228  39802.246398  45035.643245              
*  2024 12 31  8  8   0.00000000                            
PL51  -8944.707391   6119.566963  -5755.974388              
VL51  -3339.769948  38401.054443  46597.709447              
*  2024 12 31  8 10   0.00000000                            
PL51  -8967.237344   6571.125314  -5188.144493              
VL51   -418.509149  36830.895474  48016.286347              
*  2024 12 31  8 12   0.00000000                            
PL51  -8954.853995   7002.852111  -4604.176237              
VL51   2477.162207  35096.673637  49286.693049              
*  2024 12 31  8 14   0.00000000                            
PL51  -8907.934366   7412.811653  -4005.873513              
VL51   5335.612825  33204.017298  50404.697157              
*  2024 12 31  8 16   0.00000000                            
PL51  -8826.993986   7799.140042  -3395.088227              
VL51   8145.397908  31159.262025  51366.531970              
*  2024 12 31  8 18   0.00000000                            
PL51  -8712.684361   8160.053549  -2773.714609              
VL51  10895.307588  28969.430165  52168.912323              
*  2024 12 31  8 20   0.00000000                            
PL51  -8565.789863   8493.856718  -2143.683353              
VL51  13574.414720  26642.207057  52809.048968              
*  2024 12 31  8 22   0.00000000                            
PL51  -8387.224061   8798.950160  -1506.955580              
VL51  16172.121784  24185.913917  53284.661367              
*  2024 12 31  8 24   0.00000000                            
PL51  -8178.025487   9073.838004   -865.516670              
VL51  18678.206659  21609.477475  53593.988812              
*  2024 12 31  8 26   0.00000000                            
PL51  -7939.352862   9317.134970   -221.369965              
VL51  21082.867009  18922.396458  53735.799756              
*  2024 12 31  8 28   0.00000000                            
PL51  -7672.479803   9527.573012    423.469627              
VL51  23376.763041  16134.705049  53709.399277              
*  2024 12 31  8 30   0.00000000                            
PL51  -7378.789024   9704.007510   1066.982108              
VL51  25551.058388  13256.933449  53514.634594              
*  2024 12 31  8 32   0.00000000                            
PL51  -7059.766057   9845.422974   1707.148919              
VL51  27597.458865  10300.065732  53151.898562              
*  2024 12 31  8 34   0.00000000                            
PL51  -6716.992532   9950.938226   2341.959495              
VL51  29508.248890   7275.495160  52622.131102              
*  2024 12 31  8 36   0.00000000                            
PL51  -6352.139021  10019.811024   2969.417832              
VL51  31276.325318   4194.977197  51926.818510              
*  2024 12 31  8 38   0.00000000                            
PL51  -5966.957503  10051.442125   3587.549025              
VL51  32895.228505   1070.580429  51067.990640              
*  2024 12 31  8 40   0.00000000                            
PL51  -5563.273470  10045.378731   4194.405768              
VL51  34359.170397  -2085.364335  50048.215932              
*  2024 12 31  8 42   0.00000000                            
PL51  -5142.977715  10001.317326   4788.074769              
VL51  35663.059473  -5260.316538  48870.594323              
*  2024 12 31  8 44   0.00000000                            
PL51  -4708.017839   9919.105872   5366.683082              
VL51  36802.522405  -8441.579643  47538.748031              
*  2024 12 31  8 46   0.00000000                            
PL51  -4260.389522   9798.745350   5928.404306              
VL51  37773.922288 -11616.355903  46056.810287              
*  2024 12 31  8 48   0.00000000                            
PL51  -3802.127592   9640.390647   6471.464639              
VL51  38574.373358 -14771.801868  44429.412034              
*  2024 12 31  8 50   0.00000000                            
PL51  -3335.296944   9444.350761   6994.148760              
VL51  39201.752103 -17895.084318  42661.666672              
*  2024 12 31  8 52   0.00000000                            
PL51  -2861.983340   9211.088353   7494.805521              
VL51  39654.704715 -20973.436340  40759.152918              
*  2024 12 31  8 54   0.00000000                            
PL51  -2384.284150   8941.218605   7971.853414              
VL51  39932.650840 -23994.213252  38727.895856              
*  2024 12 31  8 56   0.00000000                            
PL51  -1904.299065   8635.507426   8423.785811              
VL51  40035.783628 -26944.948091  36574.346278              
*  2024 12 31  8 58   0.00000000                            
PL51  -1424.120835   8294.868986   8849.175933              
VL51  39965.066074 -29813.406363  34305.358418              
*  2024 12 31  9  0   0.00000000                            
PL51   -945.826067   7920.362607   9246.681559              
VL51  39722.223703 -32587.639798  31928.166181              
*  2024 12 31  9  2   0.00000000                            
PL51   -471.466143   7513.189010   9615.049425              
VL51  39309.733638 -35256.038821  29450.358000              
*  2024 12 31  9  4   0.00000000                            
PL51     -3.058277   7074.685940   9953.119323              
VL51  38730.810147 -37807.383501  26879.850424              
*  2024 12 31  9  6   0.00000000                            
PL51    457.423221   6606.323201  10259.827878              
VL51  37989.386752 -40230.892717  24224.860591              
*  2024 12 31  9  8   0.00000000                            
PL51    908.055455   6109.697096  10534.211980              
VL51  37090.095021 -42516.271326  21493.877675              
*  2024 12 31  9 10   0.00000000                            
PL51   1346.975176   5586.524332  10775.411874              
VL51  36038.240178 -44653.755110  18695.633473              
*  2024 12 31  9 12   0.00000000                            
PL51   1772.386704   5038.635385  10982.673895              
VL51  34839.773673 -46634.153302  15839.072237              
*  2024 12 31  9 14   0.00000000                            
PL51   2182.569503   4467.967379  11155.352827              
VL51  33501.262881 -48448.888501  12933.319878              
*  2024 12 31  9 16   0.00000000                            
PL51   2575.885378   3876.556498  11292.913900              
VL51  32029.858093 -50090.033818   9987.652692              
*  2024 12 31  9 18   0.00000000                            
PL51   2950.785258   3266.529977  11394.934403              
VL51  30433.256991 -51550.347078   7011.465702              
*  2024 12 31  9 20   0.00000000                            
PL51   3305.815541   2640.097687  11461.104918              
VL51  28719.666803 -52823.301960   4014.240772              
*  2024 12 31  9 22   0.00000000                            
PL51   3639.623969   1999.543382  11491.230173              
VL51  26897.764333 -53903.115941   1005.514591              
*  2024 12 31  9 24   0.00000000                            
PL51   3950.965016   1347.215615  11485.229501              
VL51  24976.654080 -54784.774946  -2005.153342              
*  2024 12 31  9 26   0.00000000                            
PL51   4238.704759    685.518394  11443.136929              
VL51  22965.824673 -55464.054609  -5008.212618              
*  2024 12 31  9 28   0.00000000                            
PL51   4501.825217     16.901585  11365.100877              
VL51  20875.103818 -55937.538083  -7994.153592              
*  2024 12 31  9 30   0.00000000                            
PL51   4739.428147   -656.148859  11251.383475              
VL51  18714.611999 -56202.630329 -10953.538727              
*  2024 12 31  9 32   0.00000000                            
PL51   4950.738272  -1331.120831  11102.359520              
VL51  16494.715157 -56257.568856 -13877.033502              
*  2024 12 31  9 34   0.00000000                            
PL51   5135.105937  -2005.486107  10918.515051              
VL51  14225.976566 -56101.430862 -16755.436773              
*  2024 12 31  9 36   0.00000000                            
PL51   5292.009190  -2676.710449  10700.445573              
VL51  11919.108137 -55734.136795 -19579.710498              
*  2024 12 31  9 38   0.00000000                            
PL51   5421.055265  -3342.263723  10448.853921              
VL51   9584.921389 -55156.450303 -22341.008724              
*  2024 12 31  9 40   0.00000000                            
PL51   5521.981489  -3999.630002  10164.547791              
VL51   7234.278303 -54369.974625 -25030.705746              
*  2024 12 31  9 42   0.00000000                            
PL51   5594.655590  -4646.317604   9848.436926              
VL51   4878.042286 -53377.145434 -27640.423337              
*  2024 12 31  9 44   0.00000000                            
PL51   5639.075421  -5279.869014   9501.529994              
VL51   2527.029480 -52181.220191 -30162.056975              
*  2024 12 31  9 46   0.00000000                            
PL51   5655.368103  -5897.870672   9124.931147              
VL51    191.960624 -50786.264089 -32587.800984              
*  2024 12 31  9 48   0.00000000                            
PL51   5643.788599  -6497.962560   8719.836292              
VL51  -2116.586313 -49197.132640 -34910.172498              
*  2024 12 31  9 50   0.00000000                            
PL51   5604.717715  -7077.847567   8287.529080              
VL51  -4388.222514 -47419.451025 -37122.034192              
*  2024 12 31  9 52   0.00000000                            
PL51   5538.659565  -7635.300584   7829.376628              
VL51  -6612.793521 -45459.590316 -39216.615694              
*  2024 12 31  9 54   0.00000000                            
PL51   5446.238488  -8168.177298   7346.824995              
VL51  -8780.423048 -43324.640670 -41187.533633              
*  2024 12 31  9 56   0.00000000                            
PL51   5328.195457  -8674.422645   6841.394425              
VL51 -10881.555248 -41022.381673 -43028.810247              
*  2024 12 31  9 58   0.00000000                            
PL51   5185.383991  -9152.078894   6314.674375              
VL51 -12906.995216 -38561.249938 -44734.890513              
*  2024 12 31 10  0   0.00000000                            
PL51   5018.765587  -9599.293319   5768.318347              
VL51 -14847.947603 -35950.304164 -46300.657756              
*  2024 12 31 10  2   0.00000000                            
PL51   4829.404705 -10014.325447   5204.038542              
VL51 -16696.053143 -33199.187791 -47721.447689              
*  2024 12 31 10  4   0.00000000                            
PL51   4618.463327 -10395.553838   4623.600354              
VL51 -18443.422989 -30318.089453 -48993.060864              
*  2024 12 31 10  6   0.00000000                            
PL51   4387.195118 -10741.482380   4028.816728              
VL51 -20082.670696 -27317.701419 -50111.773519              
*  2024 12 31 10  8   0.00000000                            
PL51   4136.939216 -11050.746073   3421.542393              
VL51 -21606.941751 -24209.176195 -51074.346784              
*  2024 12 31 10 10   0.00000000                            
PL51   3869.113687 -11322.116286   2803.667995              
VL51 -23009.940544 -21004.081507 -51878.034266              
*  2024 12 31 10 12   0.00000000                            
PL51   3585.208665 -11554.505459   2177.114152              
VL51 -24285.954674 -17714.353856 -52520.587979              
*  2024 12 31 10 14   0.00000000                            
PL51   3286.779229 -11746.971244   1543.825446              
VL51 -25429.876530 -14352.250856 -53000.262645              
*  2024 12 31 10 16   0.00000000                            
PL51   2975.438021 -11898.720071    905.764371              
VL51 -26437.222061 -10930.302557 -53315.818348              
*  2024 12 31 10 18   0.00000000                            
PL51   2652.847672 -12009.110115    264.905263              
VL51 -27304.146690  -7461.261990 -53466.521572              
*  2024 12 31 10 20   0.00000000                            
PL51   2320.713042 -12077.653677   -376.771779              
VL51 -28027.458334  -3958.055135 -53452.144623              
*  2024 12 31 10 22   0.00000000                            
PL51   1980.773331 -12104.018957  -1017.286945              
VL51 -28604.627496   -433.730549 -53272.963490              
*  2024 12 31 10 24   0.00000000                            
PL51   1634.794080 -12088.031217  -1654.666744              
VL51 -29033.794433   3098.591128 -52929.754153              
*  2024 12 31 10 26   0.00000000                            
PL51   1284.559106 -12029.673352  -2286.949970              
VL51 -29313.773402   6625.767584 -52423.787420              
*  2024 12 31 10 28   0.00000000                            
PL51    931.862401 -11929.085839  -2912.193604              
VL51 -29444.054013  10134.684941 -51756.822320              
*  2024 12 31 10 30   0.00000000                            
PL51    578.500037 -11786.566105  -3528.478626              
VL51 -29424.799726  13612.307365 -50931.098135              
*  2024 12 31 10 32   0.00000000                            
PL51    226.262101 -11602.567295  -4133.915721              
VL51 -29256.843539  17045.726004 -49949.325116              
*  2024 12 31 10 34   0.00000000                            
PL51   -123.075298 -11377.696455  -4726.650874              
VL51 -28941.680942  20422.207061 -48814.673969              
*  2024 12 31 10 36   0.00000000                            
PL51   -467.757926 -11112.712151  -5304.870822              
VL51 -28481.460195  23729.238857 -47530.764159              
*  2024 12 31 10 38   0.00000000                            
PL51   -806.061185 -10808.521527  -5866.808362              
VL51 -27878.970009  26954.577711 -46101.651108              
*  2024 12 31 10 40   0.00000000                            
PL51  -1136.297709 -10466.176820  -6410.747507              
VL51 -27137.624736  30086.292508 -44531.812356              
*  2024 12 31 10 42   0.00000000                            
PL51  -1456.824775 -10086.871348  -6935.028459              
VL51 -26261.447135  33112.807809 -42826.132751              
*  2024 12 31 10 44   0.00000000                            
PL51  -1766.051486  -9671.934991  -7438.052401              
VL51 -25255.048834  36022.945391 -40989.888737              
*  2024 12 31 10 46   0.00000000                            
PL51  -2062.445711  -9222.829186  -7918.286103              
VL51 -24123.608594  38805.964091 -39028.731795              
*  2024 12 31 10 48   0.00000000                            
PL51  -2344.540749  -8741.141448  -8374.266317              
VL51 -22872.848466  41451.597868 -36948.671127              
*  2024 12 31 10 50   0.00000000                            
PL51  -2610.941693  -8228.579455  -8804.603961              
VL51 -21509.007982  43950.091981 -34756.055617              
*  2024 12 31 10 52   0.00000000                            
PL51  -2860.331480  -7686.964699  -9207.988083              
VL51 -20038.816470  46292.237212 -32457.555140              
*  2024 12 31 10 54   0.00000000                            
PL51  -3091.476591  -7118.225750  -9583.189603              
VL51 -18469.463630  48469.402049 -30060.141273              
*  2024 12 31 10 56   0.00000000                            
PL51  -3303.232391  -6524.391136  -9929.064809              
VL51 -16808.568473  50473.562783 -27571.067444              
*  2024 12 31 10 58   0.00000000                            
PL51  -3494.548086  -5907.581884 -10244.558618              
VL51 -15064.146754  52297.331444 -24997.848589              
*  2024 12 31 11  0   0.00000000                            
PL51  -3664.471283  -5270.003730 -10528.707595              
VL51 -13244.577008  53933.981536 -22348.240321              
*  2024 12 31 11  2   0.00000000                            
PL51  -3812.152133  -4613.939044 -10780.642709              
VL51 -11358.565315  55377.471518 -19630.217687              
*  2024 12 31 11  4   0.00000000                            
PL51  -3936.847044  -3941.738475 -10999.591836              
VL51  -9415.108904  56622.465994 -16851.953517              
*  2024 12 31 11  6   0.00000000                            
PL51  -4037.921949  -3255.812365 -11184.882005              
VL51  -7423.458724  57664.354576 -14021.796412              
*  2024 12 31 11  8   0.00000000                            
PL51  -4114.855126  -2558.621947 -11335.941372              
VL51  -5393.081088  58499.268373 -11148.248385              
*  2024 12 31 11 10   0.00000000                            
PL51  -4167.239543  -1852.670360 -11452.300921              
VL51  -3333.618518  59124.094100  -8239.942200              
*  2024 12 31 11 12   0.00000000                            
PL51  -4194.784739  -1140.493510 -11533.595904              
VL51  -1254.849900  59536.485749  -5305.618399              
*  2024 12 31 11 14   0.00000000                            
PL51  -4197.318214   -424.650802 -11579.566985              
VL51    833.349931  59734.873824  -2354.102062              
*  2024 12 31 11 16   0.00000000                            
PL51  -4174.786339    292.284217 -11590.061121              
VL51   2921.051054  59718.472088    605.720690              
*  2024 12 31 11 18   0.00000000                            
PL51  -4127.254768   1007.733288 -11565.032152              
VL51   4998.309667  59487.281809   3564.926450              
*  2024 12 31 11 20   0.00000000                            
PL51  -4054.908357   1719.122902 -11504.541099              
VL51   7055.209505  59042.093482   6514.578505              
*  2024 12 31 11 22   0.00000000                            
PL51  -3958.050584   2423.893769 -11408.756186              
VL51   9081.903346  58384.485975   9445.751032              
*  2024 12 31 11 24   0.00000000                            
PL51  -3837.102473   3119.510259 -11277.952557              
VL51  11068.654493  57516.823097  12349.553493              
*  2024 12 31 11 26   0.00000000                            
PL51  -3692.601017   3803.469789 -11112.511709              
VL51  13005.878091  56442.247535  15217.155210              
*  2024 12 31 11 28   0.00000000                            
PL51  -3525.197112   4473.312118 -10912.920626              
VL51  14884.182146  55164.672141  18039.810084              
*  2024 12 31 11 30   0.00000000                            
PL51  -3335.652999   5126.628526 -10679.770610              
VL51  16694.408113  53688.768546  20808.881429              
*  2024 12 31 11 32   0.00000000                            
PL51  -3124.839216   5761.070836 -10413.755826              
VL51  18427.670905  52019.953073  23515.866882              
*  2024 12 31 11 34   0.00000000                            
PL51  -2893.731090   6374.360252 -10115.671535              
VL51  20075.398171  50164.369933  26152.423346              
*  2024 12 31 11 36   0.00000000                            
PL51  -2643.404743   6964.295980  -9786.412034              
VL51  21629.368700  48128.871701  28710.391903              
*  2024 12 31 11 38   0.00000000                            
PL51  -2375.032659   7528.763596  -9426.968299              
VL51  23081.749775  45920.997064  31181.822648              
*  2024 12 31 11 40   0.00000000                            
PL51  -2089.878803   8065.743135  -9038.425327              
VL51  24425.133340  43548.945852  33558.999384              
*  2024 12 31 11 42   0.00000000                            
PL51  -1789.293312   8573.316858  -8621.959185              
VL51  25652.570791  41021.551362  35834.464078              
*  2024 12 31 11 44   0.00000000                            
PL51  -1474.706785   9049.676678  -8178.833766              
VL51  26757.606237  38348.250021  38001.041035              
*  2024 12 31 11 46   0.00000000                            
PL51  -1147.624174   9493.131200  -7710.397258              
VL51  27734.308054  35539.048410  40051.860671              
*  2024 12 31 11 48   0.00000000                            
PL51   -809.618317   9902.112351  -7218.078330              
VL51  28577.298571  32604.487716  41980.382808              
*  2024 12 31 11 50   0.00000000                            
PL51   -462.323121  10275.181571  -6703.382045              
VL51  29281.781700  29555.605687  43780.419390              
*  2024 12 31 11 52   0.00000000                            
PL51   -107.426428  10611.035534  -6167.885498              
VL51  29843.568364  26403.896167  45446.156508              
*  2024 12 31 11 54   0.00000000                            
PL51    253.337409  10908.511359  -5613.233198              
VL51  30259.099532  23161.266327  46972.175625              
*  2024 12 31 11 56   0.00000000                            
PL51    618.195214  11166.591313  -5041.132206              
VL51  30525.466725  19839.991712  48353.473885              
*  2024 12 31 11 58   0.00000000                            
PL51    985.342902  11384.406941  -4453.347021              
VL51  30640.429820  16452.669249  49585.483391              
*  2024 12 31 12  0   0.00000000                            
PL51   1352.953592  11561.242640  -3851.694262              
VL51  30602.432021  13012.168380  50664.089330              
*  2024 12 31 12  2   0.00000000                            
PL51   1719.185886  11696.538619  -3238.037116              
VL51  30410.611857   9531.580508  51585.646816              
*  2024 12 31 12  4   0.00000000                            
PL51   2082.192263  11789.893259  -2614.279617              
VL51  30064.812081   6024.166952  52346.996345              
*  2024 12 31 12  6   0.00000000                            
PL51   2440.127572  11841.064831  -1982.360725              
VL51  29565.585386   2503.305650  52945.477737              
*  2024 12 31 12  8   0.00000000                            
PL51   2791.157569  11849.972567  -1344.248267              
VL51  28914.196822  -1017.563174  53378.942470              
*  2024 12 31 12 10   0.00000000                            
PL51   3133.467459  11816.697083   -701.932728              
VL51  28112.622880  -4524.992085  53645.764285              
*  2024 12 31 12 12   0.00000000                            
PL51   3465.270417  11741.480128    -57.420928              
VL51  27163.547162  -8005.582030  53744.847991              
*  2024 12 31 12 14   0.00000000                            
PL51   3784.816024  11624.723671    587.270390              
VL51  26070.352644 -11446.038138  53675.636392              
*  2024 12 31 12 16   0.00000000                            
PL51   4090.398600  11466.988316   1230.121054              
VL51  24837.110496 -14833.225453  53438.115246              
*  2024 12 31 12 18   0.00000000                            
PL51   4380.365377  11268.991048   1869.113991              
VL51  23468.565503 -18154.224329  53032.816230              
*  2024 12 31 12 20   0.00000000                            
PL51   4653.124477  11031.602324   2502.241792              
VL51  21970.118096 -21396.385174  52460.817834              
*  2024 12 31 12 22   0.00000000                            
PL51   4907.152659  10755.842505   3127.513265              
VL51  20347.803074 -24547.382264  51723.744178              
*  2024 12 31 12 24   0.00000000                            
PL51   5141.002781  10442.877654   3742.959964              
VL51  18608.265085 -27595.266336  50823.761698              
*  2024 12 31 12 26   0.00000000                            
PL51   5353.310962  10094.014709   4346.642671              
VL51  16758.730967 -30528.515677  49763.573717              
*  2024 12 31 12 28   0.00000000                            
PL51   5542.803383   9710.696059   4936.657790              
VL51  14806.979081 -33336.085406  48546.412881              
*  2024 12 31 12 30   0.00000000                            
PL51   5708.302710   9294.493529   5511.143647              
VL51  12761.305775 -36007.454696  47176.031496              
*  2024 12 31 12 32   0.00000000                            
PL51   5848.734089   8847.101828   6068.286655              
VL51  10630.489145 -38532.671659  45656.689785              
*  2024 12 31 12 34   0.00000000                            
PL51   5963.130706   8370.331458   6606.327330              
VL51   8423.750295 -40902.395636  43993.142121              
*  2024 12 31 12 36   0.00000000                            
PL51   6050.638851   7866.101145   7123.566127              
VL51   6150.712275 -43107.936682  42190.621306              
*  2024 12 31 12 38   0.00000000                            
PL51   6110.522488   7336.429804   7618.369078              
VL51   3821.356940 -45141.292002  40254.820961              
*  2024 12 31 12 40   0.00000000                            
PL51   6142.167294   6783.428096   8089.173209              
VL51   1445.979943 -46995.179192  38191.876130              
*  2024 12 31 12 42   0.00000000                            
PL51   6145.084141   6209.289595   8534.491708              
VL51   -964.855894 -48663.066073  36008.342195              
*  2024 12 31 12 44   0.00000000                            
PL51   6118.912021   5616.281627   8952.918839              
VL51  -3400.368574 -50139.197014  33711.172197              
*  2024 12 31 12 46   0.00000000                            
PL51   6063.420378   5006.735810   9343.134567              
VL51  -5849.606058 -51418.615609  31307.692698              
*  2024 12 31 12 48   0.00000000                            
PL51   5978.510854   4383.038350   9703.908891              
VL51  -8301.496250 -52497.183612  28805.578284              
*  2024 12 31 12 50   0.00000000                            
PL51   5864.218419   3747.620122  10034.105859              
VL51 -10744.897600 -53371.596066  26212.824842              
*  2024 12 31 12 52   0.00000000                            
PL51   5720.711909   3102.946605  10332.687261              
VL51 -13168.650057 -54039.392578  23537.721733              
*  2024 12 31 12 54   0.00000000                            
PL51   5548.293932   2451.507694  10598.715974              
VL51 -15561.626119 -54498.964698  20788.822999              
*  2024 12 31 12 56   0.00000000                            
PL51   5347.400179   1795.807458  10831.358965              
VL51 -17912.781723 -54749.559436  17974.917721              
*  2024 12 31 12 58   0.00000000                            
PL51   5118.598115   1138.353864  11029.889929              
VL51 -20211.206729 -54791.278891  15104.999665              
*  2024 12 31 13  0   0.00000000                            
PL51   4862.585074    481.648547  11193.691560              
VL51 -22446.174766 -54625.076073  12188.236347              
*  2024 12 31 13  2   0.00000000                            
PL51   4580.185758   -171.823364  11322.257447              
VL51 -24607.192188 -54252.746942   9233.937629              
*  2024 12 31 13  4   0.00000000                            
PL51   4272.349157   -819.603293  11415.193594              
VL51 -26684.045922 -53676.918758   6251.523977              
*  2024 12 31 13  6   0.00000000                            
PL51   3940.144900  -1459.269104  11472.219553              
VL51 -28666.849993 -52901.034811   3250.494498              
*  2024 12 31 13  8   0.00000000                            
PL51   3584.759063  -2088.444784  11493.169178              
VL51 -30546.090495 -51929.335647    240.394875              
*  2024 12 31 13 10   0.00000000                            
PL51   3207.489435  -2704.809880  11477.990990              
VL51 -32312.668812 -50766.836893  -2769.214668              
*  2024 12 31 13 12   0.00000000                            
PL51   2809.740291  -3306.108655  11426.748161              
VL51 -33957.942900 -49419.303822  -5768.791270              
*  2024 12 31 13 14   0.00000000                            
PL51   2393.016674  -3890.158907  11339.618113              
VL51 -35473.766427 -47893.222805  -8748.841063              
*  2024 12 31 13 16   0.00000000                            
PL51   1958.918225  -4454.860445  11216.891746              
VL51 -36852.525624 -46195.769807 -11699.950426              
*  2024 12 31 13 18   0.00000000                            
PL51   1509.132579  -4998.203156  11058.972287              
VL51 -38087.173679 -44334.776112 -14612.816751              
*  2024 12 31 13 20   0.00000000                            
PL51   1045.428373  -5518.274649  10866.373777              
VL51 -39171.262536 -42318.691471 -17478.278604              
*  2024 12 31 13 22   0.00000000                            
PL51    569.647879  -6013.267449  10639.719200              
VL51 -40098.971988 -40156.544844 -20287.345200              
*  2024 12 31 13 24   0.00000000                            
PL51     83.699313  -6481.485696  10379.738260              
VL51 -40865.135937 -37857.902974 -23031.225100              
*  2024 12 31 13 26   0.00000000                            
PL51   -410.451158  -6921.351341  10087.264824              
VL51 -41465.265739 -35432.826959 -25701.354047              
*  2024 12 31 13 28   0.00000000                            
PL51   -910.787674  -7331.409810   9763.234033              
VL51 -41895.570543 -32891.827052 -28289.421869              
*  2024 12 31 13 30   0.00000000                            
PL51  -1415.253155  -7710.335114   9408.679093              
VL51 -42152.974532 -30245.815881 -30787.398374              
*  2024 12 31 13 32   0.00000000                            
PL51  -1921.757978  -8056.934389   9024.727770              
VL51 -42235.131029 -27506.060305 -33187.558159              
*  2024 12 31 13 34   0.00000000                            
PL51  -2428.188788  -8370.151852   8612.598585              
VL51 -42140.433375 -24684.132108 -35482.504265              
*  2024 12 31 13 36   0.00000000                            
PL51  -2932.417431  -8649.072161   8173.596741              
VL51 -41868.022577 -21791.857772 -37665.190594              
*  2024 12 31 13 38   0.00000000                            
PL51  -3432.309953  -8892.923167   7709.109783              
VL51 -41417.791667 -18841.267534 -39728.943017              
*  2024 12 31 13 40   0.00000000                            
PL51  -3925.735639  -9101.078048   7220.603013              
VL51 -40790.386794 -15844.543975 -41667.479107              
*  2024 12 31 13 42   0.00000000                            
PL51  -4410.576033  -9273.056828   6709.614680              
VL51 -39987.205042 -12813.970364 -43474.926431              
*  2024 12 31 13 44   0.00000000                            
PL51  -4884.733928  -9408.527277   6177.750958              
VL51 -39010.389009  -9761.879006 -45145.839350              
*  2024 12 31 13 46   0.00000000                            
PL51  -5346.142257  -9507.305189   5626.680730              
VL51 -37862.818202  -6700.599805 -46675.214271              
*  2024 12 31 13 48   0.00000000                            
PL51  -5792.772873  -9569.354049   5058.130203              
VL51 -36548.097297  -3642.409294 -48058.503330              
*  2024 12 31 13 50   0.00000000                            
PL51  -6222.645163  -9594.784087   4473.877359              
VL51 -35070.541353   -599.480333 -49291.626462              
*  2024 12 31 13 52   0.00000000                            
PL51  -6633.834469  -9583.850737   3875.746285              
VL51 -33435.158063   2416.167300 -50370.981846              
*  2024 12 31 13 54   0.00000000                            
PL51  -7024.480282  -9536.952510   3265.601372              
VL51 -31647.627148   5392.715222 -51293.454706              
*  2024 12 31 13 56   0.00000000                            
PL51  -7392.794163  -9454.628294   2645.341432              
VL51 -29714.277006   8318.593457 -52056.424462              
*  2024 12 31 13 58   0.00000000                            
PL51  -7737.067380  -9337.554099   2016.893728              
VL51 -27642.058740  11182.525975 -52657.770235              
*  2024 12 31 14  0   0.00000000                            
PL51  -8055.678208  -9186.539260   1382.207959              
VL51 -25438.517707  13973.574562 -53095.874698              
*  2024 12 31 14  2   0.00000000                            
PL51  -8347.098880  -9002.522136    743.250195              
VL51 -23111.762719  16681.180852 -53369.626307              
*  2024 12 31 14  4   0.00000000                            
PL51  -8609.902149  -8786.565305    101.996808              
VL51 -20670.433062  19295.206383 -53478.419904              
*  2024 12 31 14  6   0.00000000                            
PL51  -8842.767452  -8539.850295   -539.571604              
VL51 -18123.663496  21805.970496 -53422.155739              
*  2024 12 31 14  8   0.00000000                            
PL51  -9044.486631  -8263.671877  -1179.476264              
VL51 -15481.047398  24204.285972 -53201.236929              
*  2024 12 31 14 10   0.00000000                            
PL51  -9213.969206  -7959.431940  -1815.746233              
VL51 -12752.598229  26481.492272 -52816.565400              
*  2024 12 31 14 12   0.00000000                            
PL51  -9350.247184  -7628.632987  -2446.424358              
VL51  -9948.709518  28629.486269 -52269.536361              
*  2024 12 31 14 14   0.00000000                            
PL51  -9452.479365  -7272.871267  -3069.573156              
VL51  -7080.113528  30640.750391 -51562.031353              
*  2024 12 31 14 16   0.00000000                            
PL51  -9519.955158  -6893.829603  -3683.280600              
VL51  -4157.838805  32508.378096 -50696.409950              
*  2024 12 31 14 18   0.00000000                            
PL51  -9552.097876  -6493.269911  -4285.665798              
VL51  -1193.166790  34226.096617 -49675.500160              
*  2024 12 31 14 20   0.00000000                            
PL51  -9548.467507  -6073.025479  -4874.884550              
VL51   1802.412328  35788.286939 -48502.587608              
*  2024 12 31 14 22   0.00000000                            
PL51  -9508.762949  -5634.993014  -5449.134773              
VL51   4817.244345  37190.000979 -47181.403562              
*  2024 12 31 14 24   0.00000000                            
PL51  -9432.823710  -5181.124497  -6006.661765              
VL51   7839.556175  38426.975955 -45716.111864              
*  2024 12 31 14 26   0.00000000                            
PL51  -9320.631060  -4713.418896  -6545.763318              
VL51  10857.501239  39495.645939 -44111.294852              
*  2024 12 31 14 28   0.00000000                            
PL51  -9172.308643  -4233.913741  -7064.794647              
VL51  13859.204927  40393.150603 -42371.938322              
*  2024 12 31 14 30   0.00000000                            
PL51  -8988.122538  -3744.676622  -7562.173138              
VL51  16832.809993  41117.341182 -40503.415604              
*  2024 12 31 14 32   0.00000000                            
PL51  -8768.480784  -3247.796629  -8036.382899              
VL51  19766.521728  41666.783674 -38511.470808              
*  2024 12 31 14 34   0.00000000                            
PL51  -8513.932353  -2745.375765  -8485.979106              
VL51  22648.652760  42040.759318 -36402.201313              
*  2024 12 31 14 36   0.00000000                            
PL51  -8225.165602  -2239.520378  -8909.592130              
VL51  25467.667355  42239.262388 -34182.039544              
*  2024 12 31 14 38   0.00000000                            
PL51  -7903.006188  -1732.332628  -9305.931451              
VL51  28212.225074  42262.995365 -31857.734101              
*  2024 12 31 14 40   0.00000000                            
PL51  -7548.414466  -1225.902035  -9673.789328              
VL51  30871.223668  42113.361529 -29436.330302              
*  2024 12 31 14 42   0.00000000                            
PL51  -7162.482379   -722.297119 -10012.044247              
VL51  33433.841083  41792.455054 -26925.150174              
*  2024 12 31 14 44   0.00000000                            
PL51  -6746.429847   -223.557188 -10319.664116              
VL51  35889.576473  41303.048659 -24331.771959              
*  2024 12 31 14 46   0.00000000                            
PL51  -6301.600674    268.315724 -10595.709214              
VL51  38228.290109  40648.578899 -21664.009168              
*  2024 12 31 14 48   0.00000000                            
PL51  -5829.457980    751.364717 -10839.334887              
VL51  40440.242076  39833.129172 -18929.889219              
*  2024 12 31 14 50   0.00000000                            
PL51  -5331.579175   1223.685682 -11049.793987              
VL51  42516.129682  38861.410518 -16137.631702              
*  2024 12 31 14 52   0.00000000                            
PL51  -4809.650500   1683.434701 -11226.439040              
VL51  44447.123470  37738.740294 -13295.626291              
*  2024 12 31 14 54   0.00000000                            
PL51  -4265.461135   2128.835185 -11368.724161              
VL51  46224.901747  36471.018797 -10412.410323              
*  2024 12 31 14 56   0.00000000                            
PL51  -3700.896909   2558.184723 -11476.206683              
VL51  47841.683557  35064.703926  -7496.646078              
*  2024 12 31 14 58   0.00000000                            
PL51  -3117.933620   2969.861608 -11548.548521              
VL51  49290.259984  33526.783959  -4557.097758              
*  2024 12 31 15  0   0.00000000                            
PL51  -2518.629992   3362.331029 -11585.517256              
VL51  50564.023725  31864.748519  -1602.608204              
*  2024 12 31 15  2   0.00000000                            
PL51  -1905.120288   3734.150908 -11586.986938              
VL51  51656.996828  30086.557821   1357.924667              
*  2024 12 31 15  4   0.00000000                            
PL51  -1279.606600   4083.977350 -11552.938604              
VL51  52563.856511  28200.610271   4315.571653              
*  2024 12 31 15  6   0.00000000                            
PL51   -644.350842   4410.569703 -11483.460506              
VL51  53279.958965  26215.708511   7261.396310              
*  2024 12 31 15  8   0.00000000                            
PL51     -1.666470   4712.795194 -11378.748060              
VL51  53801.361062  24141.023983  10186.479204              
*  2024 12 31 15 10   0.00000000                            
PL51    646.090044   4989.633137 -11239.103487              
VL51  54124.839843  21986.060109  13081.942362              
*  2024 12 31 15 12   0.00000000                            
PL51   1296.527962   5240.178688 -11064.935175              
VL51  54247.909713  19760.614179  15938.973900              
*  2024 12 31 15 14   0.00000000                            
PL51   1947.231218   5463.646141 -10856.756732              
VL51  54168.837229  17474.738034  18748.852788              
*  2024 12 31 15 16   0.00000000                            
PL51   2595.767519   5659.371735 -10615.185750              
VL51  53886.653390  15138.697672  21502.973724              
*  2024 12 31 15 18   0.00000000                            
PL51   3239.697582   5826.815979 -10340.942265              
VL51  53401.163320  12762.931858  24192.872067              
*  2024 12 31 15 20   0.00000000                            
PL51   3876.584466   5965.565475 -10034.846921              
VL51  52712.953265  10358.009885  26810.248796              
*  2024 12 31 15 22   0.00000000                            
PL51   4504.002974   6075.334225  -9697.818831              
VL51  51823.394807   7934.588591  29346.995416              
*  2024 12 31 15 24   0.00000000                            
PL51   5119.549088   6155.964419  -9330.873144              
VL51  50734.646204   5503.368772  31795.218776              
*  2024 12 31 15 26   0.00000000                            
PL51   5720.849402   6207.426701  -8935.118309              
VL51  49449.650777   3075.051139  34147.265718              
*  2024 12 31 15 28   0.00000000                            
PL51   6305.570522   6229.819902  -8511.753052              
VL51  47972.132270    660.291950  36395.747477              
*  2024 12 31 15 30   0.00000000                            
PL51   6871.428379   6223.370238  -8062.063058              
VL51  46306.587121  -1730.341502  38533.563764              
*  2024 12 31 15 32   0.00000000                            
PL51   7416.197449   6188.429976  -7587.417366              
VL51  44458.273576  -4086.415390  40553.926432              
*  2024 12 31 15 34   0.00000000                            
PL51   7937.719807   6125.475568  -7089.264482              
VL51  42433.197615  -6397.673669  42450.382624              
*  2024 12 31 15 36   0.00000000                            
PL51   8433.914002   6035.105251  -6569.128223              
VL51  40238.095655  -8654.082011  44216.837312              
*  2024 12 31 15 38   0.00000000                            
PL51   8902.783701   5918.036125  -6028.603290              
VL51  37880.414025 -10845.871176  45847.575111              
*  2024 12 31 15 40   0.00000000                            
PL51   9342.426070   5775.100718  -5469.350586              
VL51  35368.285202 -12963.579620  47337.281259              
*  2024 12 31 15 42   0.00000000                            
PL51   9751.039847   5607.243043  -4893.092284              
VL51  32710.500856 -14998.095131  48681.061649              
*  2024 12 31 15 44   0.00000000                            
PL51  10126.933078   5415.514158  -4301.606670              
VL51  29916.481718 -16940.695299  49874.461805              
*  2024 12 31 15 46   0.00000000                            
PL51  10468.530466   5201.067257  -3696.722755              
VL51  26996.244353 -18783.086594  50913.484668              
*  2024 12 31 15 48   0.00000000                            
PL51  10774.380310   4965.152294  -3080.314687              
VL51  23960.364913 -20517.441855  51794.607088              
*  2024 12 31 15 50   0.00000000                            
PL51  11043.160983   4709.110171  -2454.295972              
VL51  20819.939984 -22136.435969  52514.794907              
*  2024 12 31 15 52   0.00000000                            
PL51  11273.686933   4434.366510  -1820.613524              
VL51  17586.544653 -23633.279544  53071.516510              
*  2024 12 31 15 54   0.00000000                            
PL51  11464.914160   4142.425033  -1181.241560              
VL51  14272.187943 -25001.750357  53462.754749              
*  2024 12 31 15 56   0.00000000                            
PL51  11615.945139   3834.860580   -538.175365              
VL51  10889.265814 -26236.222394  53687.017139              
*  2024 12 31 15 58   0.00000000                            
PL51  11726.033175   3513.311790    106.575057              
VL51   7450.511897 -27331.692297  53743.344229              
*  2024 12 31 16  0   0.00000000                            
PL51  11794.586147   3179.473489    750.991421              
VL51   3968.946208 -28283.803033  53631.316076              
*  2024 12 31 16  2   0.00000000                            
PL51  11821.169626   2835.088803   1393.053663              
VL51    457.822064 -29088.864638  53351.056742              
*  2024 12 31 16  4   0.00000000                            
PL51  11805.509352   2481.941046   2030.746486              
VL51  -3069.428554 -29743.871883  52903.236764              
*  2024 12 31 16  6   0.00000000                            
PL51  11747.493042   2121.845411   2662.065918              
VL51  -6599.250897 -30246.518732  52289.073539              
*  2024 12 31 16  8   0.00000000                            
PL51  11647.171522   1756.640513   3285.025873              
VL51 -10118.024337 -30595.209491  51510.329597              
*  2024 12 31 16 10   0.00000000                            
PL51  11504.759172   1388.179810   3897.664666              
VL51 -13612.119958 -30789.066545  50569.308735              
*  2024 12 31 16 12   0.00000000                            
PL51  11320.633681   1018.322963   4498.051477              
VL51 -17067.958512 -30827.934627  49468.850018              
*  2024 12 31 16 14   0.00000000                            
PL51  11095.335098    648.927154   5084.292727              
VL51 -20472.068468 -30712.381563  48212.319648              
*  2024 12 31 16 16   0.00000000                            
PL51  10829.564199    281.838427   5654.538343              
VL51 -23811.143816 -30443.695483  46803.600741              
*  2024 12 31 16 18   0.00000000                            
PL51  10524.180148    -81.116926   6206.987891              
VL51 -27072.101324 -30023.878489  45247.081048              
*  2024 12 31 16 20   0.00000000                            
PL51  10180.197491   -438.140873   6739.896548              
VL51 -30242.136946 -29455.636815  43547.638671              
*  2024 12 31 16 22   0.00000000                            
PL51   9798.782470   -787.472016   7251.580890              
VL51 -33308.781075 -28742.367523  41710.625853              
*  2024 12 31 16 24   0.00000000                            
PL51   9381.248685  -1127.393787   7740.424475              
VL51 -36259.952363 -27888.141805  39741.850913              
*  2024 12 31 16 26   0.00000000                            
PL51   8929.052123  -1456.242418   8204.883198              
VL51 -39084.009814 -26897.684986  37647.558416              
*  2024 12 31 16 28   0.00000000                            
PL51   8443.785567  -1772.414655   8643.490403              
VL51 -41769.802892 -25776.353336  35434.407674              
*  2024 12 31 16 30   0.00000000                            
PL51   7927.172425  -2074.375174   9054.861715              
VL51 -44306.719403 -24530.107822  33109.449692              
*  2024 12 31 16 32   0.00000000                            
PL51   7381.059992  -2360.663669   9437.699603              
VL51 -46684.730887 -23165.484957  30680.102668              
*  2024 12 31 16 34   0.00000000                            
PL51   6807.412188  -2629.901565   9790.797628              
VL51 -48894.435346 -21689.564892  28154.126158              
*  2024 12 31 16 36   0.00000000                            
PL51   6208.301795  -2880.798341  10113.044378              
VL51 -50927.097059 -20109.936951  25539.594043              
*  2024 12 31 16 38   0.00000000                            
PL51   5585.902243  -3112.157418  10403.427075              
VL51 -52774.683355 -18434.662778  22844.866417              
*  2024 12 31 16 40   0.00000000                            
PL51   4942.478967  -3322.881598  10661.034834              
VL51 -54429.898133 -16672.237313  20078.560525              
*  2024 12 31 16 42   0.00000000                            
PL51   4280.380382  -3511.978019  10885.061571              
VL51 -55886.212029 -14831.547799  17249.520882              
*  2024 12 31 16 44   0.00000000                            
PL51   3602.028519  -3678.562604  11074.808547              
VL51 -57137.889079 -12921.831047  14366.788718              
*  2024 12 31 16 46   0.00000000                            
PL51   2909.909364  -3821.863998  11229.686542              
VL51 -58180.009799 -10952.629183  11439.570863              
*  2024 12 31 16 48   0.00000000                            
PL51   2206.562940  -3941.226952  11349.217656              
VL51 -59008.490591  -8933.744113   8477.208231              
*  2024 12 31 16 50   0.00000000                            
PL51   1494.573176  -4036.115170  11433.036724              
VL51 -59620.099427  -6875.190937   5489.144004              
*  2024 12 31 16 52   0.00000000                            
PL51    776.557615  -4106.113578  11480.892354              
VL51 -60012.467772  -4787.150551   2484.891667              
*  2024 12 31 16 54   0.00000000                            
PL51     55.156999  -4150.930028  11492.647576              
VL51 -60184.098741  -2679.921678   -525.996998              
*  2024 12 31 16 56   0.00000000                            
PL51   -666.975222  -4170.396422  11468.280114              
VL51 -60134.371473   -563.872552  -3533.963842              
*  2024 12 31 16 58   0.00000000                            
PL51  -1387.183408  -4164.469256  11407.882266              
VL51 -59863.541766   1550.607503  -6529.476097              
*  2024 12 31 17  0   0.00000000                            
PL51  -2102.820234  -4133.229584  11311.660417              
VL51 -59372.738981   3653.156387  -9503.057834              
*  2024 12 31 17  2   0.00000000                            
PL51  -2811.257139  -4076.882398  11179.934163              
VL51 -58663.959269   5733.487199 -12445.321040              
*  2024 12 31 17  4   0.00000000                            
PL51  -3509.894664  -3995.755449  11013.135077              
VL51 -57740.055171   7781.435650 -15346.996209              
*  2024 12 31 17  6   0.00000000                            
PL51  -4196.172652  -3890.297487  10811.805106              
VL51 -56604.721655   9787.006719 -18198.962356              
*  2024 12 31 17  8   0.00000000                            
PL51  -4867.580255  -3761.075958  10576.594608              
VL51 -55262.478673  11740.420321 -20992.276346              
*  2024 12 31 17 10   0.00000000                            
PL51  -5521.665711  -3608.774158  10308.260051              
VL51 -53718.650327  13632.155793 -23718.201456              
*  2024 12 31 17 12   0.00000000                            
PL51  -6156.045854  -3434.187855  10007.661364              
VL51 -51979.340760  15452.994999 -26368.235055              
*  2024 12 31 17 14   0.00000000                            
PL51  -6768.415311  -3238.221415   9675.758970              
VL51 -50051.406896  17194.063857 -28934.135329              
*  2024 12 31 17 16   0.00000000                            
PL51  -7356.555363  -3021.883426   9313.610500              
VL51 -47942.428179  18846.872115 -31407.946954              
*  2024 12 31 17 18   0.00000000                            
PL51  -7918.342411  -2786.281866   8922.367206              
VL51 -45660.673450  20403.351191 -33782.025638              
*  2024 12 31 17 20   0.00000000                            
PL51  -8451.756043  -2532.618827   8503.270090              
VL51 -43215.065137  21855.889938 -36049.061461              
*  2024 12 31 17 22   0.00000000                            
PL51  -8954.886647  -2262.184822   8057.645753              
VL51 -40615.140938  23197.368153 -38202.100945              
*  2024 12 31 17 24   0.00000000                            
PL51  -9425.942553  -1976.352702   7586.901996              
VL51 -37871.013169  24421.187727 -40234.567784              
*  2024 12 31 17 26   0.00000000                            
PL51  -9863.256673  -1676.571220   7092.523176              
VL51 -34993.325972  25521.301281 -42140.282186              
*  2024 12 31 17 28   0.00000000                            
PL51 -10265.292616  -1364.358260   6576.065336              
VL51 -31993.210598  26492.238195 -43913.478759              
*  2024 12 31 17 30   0.00000000                            
PL51 -10630.650260  -1041.293776   6039.151138              
VL51 -28882.238950  27329.127916 -45548.822911              
*  2024 12 31 17 32   0.00000000                            
PL51 -10958.070748   -709.012465   5483.464596              
VL51 -25672.375611  28027.720480 -47041.425706              
*  2024 12 31 17 34   0.00000000                            
PL51 -11246.440909   -369.196208   4910.745652              
VL51 -22375.928580  28584.404147 -48386.857146              
*  2024 12 31 17 36   0.00000000                            
PL51 -11494.797079    -23.566325   4322.784594              
VL51 -19005.498928  28996.220119 -49581.157846              
*  2024 12 31 17 38   0.00000000                            
PL51 -11702.328306    326.124338   3721.416349              
VL51 -15573.929613  29260.874282 -50620.849074              
*  2024 12 31 17 40   0.00000000                            
PL51 -11868.378950    678.099437   3108.514661              
VL51 -12094.253684  29376.745952 -51502.941147              
*  2024 12 31 17 42   0.00000000                            
PL51 -11992.450646   1030.567254   2485.986182              
VL51  -8579.642099  29342.893616 -52224.940169              
*  2024 12 31 17 44   0.00000000                            
PL51 -12074.203644   1381.728859   1855.764490              
VL51  -5043.351396  29159.057664 -52784.853114              
*  2024 12 31 17 46   0.00000000                            
PL51 -12113.457527   1729.786302   1219.804056              
VL51  -1498.671433  28825.660132 -53181.191260              
*  2024 12 31 17 48   0.00000000                            
PL51 -12110.191297   2072.950770    580.074178              
VL51   2041.126566  28343.801507 -53412.971994              
*  2024 12 31 17 50   0.00000000                            
PL51 -12064.542839   2409.450698    -61.447089              
VL51   5562.841458  27715.254606 -53479.719011              
*  2024 12 31 17 52   0.00000000                            
PL51 -11976.807778   2737.539787   -702.779009              
VL51   9053.392901  26942.455621 -53381.460931              
*  2024 12 31 17 54   0.00000000                            
PL51 -11847.437730   3055.504893  -1341.944205              
VL51  12499.871150  26028.492389 -53118.728385              
*  2024 12 31 17 56   0.00000000                            
PL51 -11677.037958   3361.673767  -1976.974658              
VL51  15889.585744  24977.089957 -52692.549595              
*  2024 12 31 17 58   0.00000000                            
PL51 -11466.364460   3654.422598  -2605.917643              
VL51  19210.112898  23792.593560 -52104.444499              
*  2024 12 31 18  0   0.00000000                            
PL51 -11216.320486   3932.183345  -3226.841592              
VL51  22449.341419  22479.949093 -51356.417483              
*  2024 12 31 18  2   0.00000000                            
PL51 -10927.952525   4193.450811  -3837.841851              
VL51  25595.517004  21044.681190 -50450.948749              
*  2024 12 31 18  4   0.00000000                            
PL51 -10602.445761   4436.789449  -4437.046335              
VL51  28637.284737  19492.869054 -49390.984401              
*  2024 12 31 18  6   0.00000000                            
PL51 -10241.119039   4660.839857  -5022.621054              
VL51  31563.729681  17831.120129 -48179.925307              
*  2024 12 31 18  8   0.00000000                            
PL51  -9845.419346   4864.324954  -5592.775495              
VL51  34364.415405  16066.541783 -46821.614802              
*  2024 12 31 18 10   0.00000000                            
PL51  -9416.915855   5046.055794  -6145.767853              
VL51  37029.420359  14206.711121 -45320.325311              
*  2024 12 31 18 12   0.00000000                            
PL51  -8957.293537   5204.937019  -6679.910096              
VL51  39549.371995  12259.643081 -43680.743958              
*  2024 12 31 18 14   0.00000000                            
PL51  -8468.346378   5339.971909  -7193.572849              
VL51  41915.478551  10233.756942 -41907.957243              
*  2024 12 31 18 16   0.00000000                            
PL51  -7951.970232   5450.267026  -7685.190091              
VL51  44119.558433   8137.841409 -40007.434852              
*  2024 12 31 18 18   0.00000000                            
PL51  -7410.155335   5535.036435  -8153.263652              
VL51  46154.067147   5981.018399 -37985.012674              
*  2024 12 31 18 20   0.00000000                            
PL51  -6844.978514   5593.605476  -8596.367501              
VL51  48012.121737   3772.705679 -35846.875086              
*  2024 12 31 18 22   0.00000000                            
PL51  -6258.595107   5625.414086  -9013.151820              
VL51  49687.522703   1522.578495 -33599.536572              
*  2024 12 31 18 24   0.00000000                            
PL51  -5653.230651   5630.019654  -9402.346848              
VL51  51174.773375   -759.469685 -31249.822725              
*  2024 12 31 18 26   0.00000000                            
PL51  -5031.172337   5607.099400  -9762.766505              
VL51  52469.096734  -3063.367157 -28804.850686              
*  2024 12 31 18 28   0.00000000                            
PL51  -4394.760294   5556.452271 -10093.311761              
VL51  53566.449673  -5378.904591 -26272.009068              
*  2024 12 31 18 30   0.00000000                            
PL51  -3746.378700   5478.000347 -10392.973779              
VL51  54463.534694  -7695.776120 -23658.937401              
*  2024 12 31 18 32   0.00000000                            
PL51  -3088.446788   5371.789750 -10660.836794              
VL51  55157.809052 -10003.620787 -20973.505126              
*  2024 12 31 18 34   0.00000000                            
PL51  -2423.409736   5237.991057 -10896.080751              
VL51  55647.491338 -12292.064229 -18223.790194              
*  2024 12 31 18 36   0.00000000                            
PL51  -1753.729512   5076.899207 -11097.983669              
VL51  55931.565531 -14550.760474 -15418.057269              
*  2024 12 31 18 38   0.00000000                            
PL51  -1081.875675   4888.932913 -11265.923754              
VL51  56009.782515 -16769.433733 -12564.735581              
*  2024 12 31 18 40   0.00000000                            
PL51   -410.316176   4674.633565 -11399.381239              
VL51  55882.659077 -18937.920064  -9672.396438              
*  2024 12 31 18 42   0.00000000                            
PL51    258.491816   4434.663647 -11497.939950              
VL51  55551.474410 -21046.208797  -6749.730420              
*  2024 12 31 18 44   0.00000000                            
PL51    922.111027   4169.804641 -11561.288599              
VL51  55018.264121 -23084.483597  -3805.524268              
*  2024 12 31 18 46   0.00000000                            
PL51   1578.133107   3880.954458 -11589.221802              
VL51  54285.811763 -25043.163034   -848.637491              
*  2024 12 31 18 48   0.00000000                            
PL51   2224.187546   3569.124376 -11581.640805              
VL51  53357.637912 -26912.940565   2112.021291              
*  2024 12 31 18 50   0.00000000                            
PL51   2857.950433   3235.435507 -11538.553935              
VL51  52237.986797 -28684.823768   5067.518263              
*  2024 12 31 18 52   0.00000000                            
PL51   3477.153055   2881.114793 -11460.076752              
VL51  50931.810514 -30350.172731   8008.918546              
*  2024 12 31 18 54   0.00000000                            
PL51   4079.590282   2507.490553 -11346.431924              
VL51  49444.750835 -31900.737454  10927.310541              
*  2024 12 31 18 56   0.00000000                            
PL51   4663.128718   2115.987585 -11197.948791              
VL51  47783.118644 -33328.694135  13813.830448              
*  2024 12 31 18 58   0.00000000                            
PL51   5225.714603   1708.121840 -11015.062652              
VL51  45953.871034 -34626.680207  16659.686943              
*  2024 12 31 19  0   0.00000000                            
PL51   5765.381412   1285.494681 -10798.313743              
VL51  43964.586086 -35787.827999  19456.185967              
*  2024 12 31 19  2   0.00000000                            
PL51   6280.257148    849.786755 -10548.345917              
VL51  41823.435380 -36805.796872  22194.755612              
*  2024 12 31 19  4   0.00000000                            
PL51   6768.571286    402.751480 -10265.905038              
VL51  39539.154267 -37674.803698  24866.971043              
*  2024 12 31 19  6   0.00000000                            
PL51   7228.661348    -53.791819  -9951.837056              
VL51  37121.009965 -38389.651540  27464.579424              
*  2024 12 31 19  8   0.00000000                            
PL51   7658.979087   -517.965103  -9607.085802              
VL51  34578.767514 -38945.756383  29979.524798              
*  2024 12 31 19 10   0.00000000                            
PL51   8058.096242   -987.839130  -9232.690471              
VL51  31922.653672 -39339.171776  32403.972841              
*  2024 12 31 19 12   0.00000000                            
PL51   8424.709854  -1461.441235  -8829.782818              
VL51  29163.318815 -39566.611230  34730.335442              
*  2024 12 31 19 14   0.00000000                            
PL51   8757.647113  -1936.763380  -8399.584057              
VL51  26311.796923 -39625.468240  36951.295023              
*  2024 12 31 19 16   0.00000000                            
PL51   9055.869709  -2411.770415  -7943.401470              
VL51  23379.463765 -39513.833773  39059.828512              
*  2024 12 31 19 18   0.00000000                            
PL51   9318.477674  -2884.408545  -7462.624728              
VL51  20377.993379 -39230.511091  41049.230883              
*  2024 12 31 19 20   0.00000000                            
PL51   9544.712694  -3352.613945  -6958.721941              
VL51  17319.312979 -38775.027782  42913.138164              
*  2024 12 31 19 22   0.00000000                            
PL51   9733.960870  -3814.321518  -6433.235429              
VL51  14215.556439 -38147.644862  44645.549799              
*  2024 12 31 19 24   0.00000000                            
PL51   9885.754910  -4267.473729  -5887.777228              
VL51  11079.016495 -37349.362844  46240.850274              
*  2024 12 31 19 26   0.00000000                            
PL51   9999.775744  -4710.029506  -5324.024346              
VL51   7922.095846 -36381.924671  47693.829877              
*  2024 12 31 19 28   0.00000000                            
PL51  10075.853545  -5139.973142  -4743.713773              
VL51   4757.257336 -35247.815409  48999.704483              
*  2024 12 31 19 30   0.00000000                            
PL51  10113.968151  -5555.323191  -4148.637261              
VL51   1596.973417 -33950.258648  50154.134251              
*  2024 12 31 19 32   0.00000000                            
PL51  10114.248868  -5954.141287  -3540.635888              
VL51  -1546.324889 -32493.209529  51153.241110              
*  2024 12 31 19 34   0.00000000                            
PL51  10076.973673  -6334.540864  -2921.594414              
VL51  -4660.299322 -30881.344367  51993.624922              
*  2024 12 31 19 36   0.00000000                            
PL51  10002.567786  -6694.695733  -2293.435461              
VL51  -7732.755745 -29120.046849  52672.378199              
*  2024 12 31 19 38   0.00000000                            
PL51   9891.601638  -7032.848467  -1658.113517              
VL51 -10751.695315 -27215.390798  53187.099274              
*  2024 12 31 19 40   0.00000000                            
PL51   9744.788219  -7347.318567  -1017.608796              
VL51 -13705.365192 -25174.119525  53535.903811              
*  2024 12 31 19 42   0.00000000                            
PL51   9562.979826  -7636.510349   -373.920973              
VL51 -16582.308524 -23003.621820  53717.434554              
*  2024 12 31 19 44   0.00000000                            
PL51   9347.164220  -7898.920536    270.937195              
VL51 -19371.413451 -20711.904642  53730.869226              
*  2024 12 31 19 46   0.00000000                            
PL51   9098.460191  -8133.145488    914.946325              
VL51 -22061.960844 -18307.562609  53575.926500              
*  2024 12 31 19 48   0.00000000                            
PL51   8818.112572  -8337.888065   1556.086921              
VL51 -24643.670526 -15799.744394  53252.869967              
*  2024 12 31 19 50   0.00000000                            
PL51   8507.486703  -8511.964050   2192.345935              
VL51 -27106.745702 -13198.116182  52762.510053              
*  2024 12 31 19 52   0.00000000                            
PL51   8168.062369  -8654.308133   2821.723322              
VL51 -29441.915344 -10512.822347  52106.203841              
*  2024 12 31 19 54   0.00000000                            
PL51   7801.427252  -8763.979394   3442.238593              
VL51 -31640.474293  -7754.443521  51285.852773              
*  2024 12 31 19 56   0.00000000                            
PL51   7409.269914  -8840.166281   4051.937321              
VL51 -33694.320835  -4933.952275  50303.898219              
*  2024 12 31 19 58   0.00000000                            
PL51   6993.372338  -8882.191030   4648.897582              
VL51 -35595.991543  -2062.666620  49163.314915              
*  2024 12 31 20  0   0.00000000                            
PL51   6555.602078  -8889.513527   5231.236309              
VL51 -37338.693174    847.798434  47867.602291              
*  2024 12 31 20  2   0.00000000                            
PL51   6097.904042  -8861.734569   5797.115522              
VL51 -38916.331446   3785.581011  46420.773709              
*  2024 12 31 20  4   0.00000000                            
PL51   5622.291946  -8798.598520   6344.748422              
VL51 -40323.536522   6738.623933  44827.343666              
*  2024 12 31 20  6   0.00000000                            
PL51   5130.839483  -8699.995337   6872.405318              
VL51 -41555.685069   9694.727449  43092.313009              
*  2024 12 31 20  8   0.00000000                            
PL51   4625.671256  -8565.961965   7378.419367              
VL51 -42608.918759  12641.602840  41221.152238              
*  2024 12 31 20 10   0.00000000                            
PL51   4108.953500  -8396.683074   7861.192093              
VL51 -43480.159135  15566.926632  39219.782979              
*  2024 12 31 20 12   0.00000000                            
PL51   3582.884653  -8192.491153   8319.198691              
VL51 -44167.118746  18458.395123  37094.557709              
*  2024 12 31 20 14   0.00000000                            
PL51   3049.685822  -7953.865942   8750.993059              
VL51 -44668.308525  21303.778945  34852.237843              
*  2024 12 31 20 16   0.00000000                            
PL51   2511.591169  -7681.433218   9155.212570              
VL51 -44983.041367  24090.977378  32499.970286              
*  2024 12 31 20 18   0.00000000                            
PL51   1970.838290  -7375.962925   9530.582550              
VL51 -45111.431920  26808.072127  30045.262574              
*  2024 12 31 20 20   0.00000000                            
PL51   1429.658613  -7038.366665   9875.920447              
VL51 -45054.392598  29443.380313  27495.956717              
*  2024 12 31 20 22   0.00000000                            
PL51    890.267866  -6669.694564  10190.139685              
VL51 -44813.625880  31985.506393  24860.201883              
*  2024 12 31 20 24   0.00000000                            
PL51    354.856663  -6271.131515  10472.253181              
VL51 -44391.612945  34423.392768  22146.426044              
*  2024 12 31 20 26   0.00000000                            
PL51   -174.418756  -5843.992829  10721.376512              
VL51 -43791.598747  36746.368844  19363.306730              
*  2024 12 31 20 28   0.00000000                            
PL51   -695.445584  -5389.719305  10936.730735              
VL51 -43017.573629  38944.198302  16519.740998              
*  2024 12 31 20 30   0.00000000                            
PL51  -1206.163259  -4909.871745  11117.644836              
VL51 -42074.251600  41007.124393  13624.814769              
*  2024 12 31 20 32   0.00000000                            
PL51  -1704.572013  -4406.124936  11263.557807              
VL51 -40967.045421  42925.913026  10687.771650              
*  2024 12 31 20 34   0.00000000                            
PL51  -2188.741079  -3880.261136  11374.020355              
VL51 -39702.038637  44691.893490   7717.981357              
*  2024 12 31 20 36   0.00000000                            
PL51  -2656.816568  -3334.163078  11448.696219              
VL51 -38285.954733  46296.996620   4724.907877              
*  2024 12 31 20 38   0.00000000                            
PL51  -3107.028944  -2769.806535  11487.363111              
VL51 -36726.123573  47733.790251   1718.077473              
*  2024 12 31 20 40   0.00000000                            
PL51  -3537.700091  -2189.252484  11489.913274              
VL51 -35030.445320  48995.511814  -1292.953337              
*  2024 12 31 20 42   0.00000000                            
PL51  -3947.249923  -1594.638881  11456.353650              
VL51 -33207.352017  50076.097946  -4298.629718              
*  2024 12 31 20 44   0.00000000                            
PL51  -4334.202530   -988.172115  11386.805669              
VL51 -31265.767035  50970.210981  -7289.430257              
*  2024 12 31 20 46   0.00000000                            
PL51  -4697.191817   -372.118157  11281.504661              
VL51 -29215.062605  51673.262240 -10255.898386              
*  2024 12 31 20 48   0.00000000                            
PL51  -5034.966630    251.206558  11140.798891              
VL51 -27065.015632  52181.432022 -13188.673384              
*  2024 12 31 20 50   0.00000000                            
PL51  -5346.395339    879.444453  10965.148223              
VL51 -24825.762030  52491.686236 -16078.520851              
*  2024 12 31 20 52   0.00000000                            
PL51  -5630.469865   1510.206327  10755.122430              
VL51 -22507.749786  52601.789609 -18916.362562              
*  2024 12 31 20 54   0.00000000                            
PL51  -5886.309134   2141.080995  10511.399136              
VL51 -20121.690988  52510.315452 -21693.305584              
*  2024 12 31 20 56   0.00000000                            
PL51  -6113.161964   2769.645041  10234.761430              
VL51 -17678.513039  52216.651942 -24400.670599              
*  2024 12 31 20 58   0.00000000                            
PL51  -6310.409343   3393.472609   9926.095131              
VL51 -15189.309285  51721.004922 -27030.019310              
*  2024 12 31 21  0   0.00000000                            
PL51  -6477.566127   4010.145218   9586.385742              
VL51 -12665.289286  51024.397221 -29573.180876              
*  2024 12 31 21  2   0.00000000                            
PL51  -6614.282135   4617.261544   9216.715080              
VL51 -10117.728944  50128.664515 -32022.277274              
*  2024 12 31 21  4   0.00000000                            
PL51  -6720.342646   5212.447133   8818.257624              
VL51  -7557.920730  49036.447768 -34369.747531              
*  2024 12 31 21  6   0.00000000                            
PL51  -6795.668302   5793.364001   8392.276562              
VL51  -4997.124214  47751.182286 -36608.370737              
*  2024 12 31 21  8   0.00000000                            
PL51  -6840.314414   6357.720082   7940.119587              
VL51  -2446.517126  46277.083475 -38731.287780              
*  2024 12 31 21 10   0.00000000                            
PL51  -6854.469695   6903.278492   7463.214426              
VL51     82.852838  44619.129348 -40732.021738              
*  2024 12 31 21 12   0.00000000                            
PL51  -6838.454415   7427.866557   6963.064140              
VL51   2580.115260  42783.039903 -42604.496868              
*  2024 12 31 21 14   0.00000000                            
PL51  -6792.717992   7929.384577   6441.242206              
VL51   5034.623093  40775.253457 -44343.056128              
*  2024 12 31 21 16   0.00000000                            
PL51  -6717.836044   8405.814291   5899.387389              
VL51   7435.997389  38602.900074 -45942.477199              
*  2024 12 31 21 18   0.00000000                            
PL51  -6614.506913   8855.227004   5339.198442              
VL51   9774.170495  36273.772210 -47397.986949              
*  2024 12 31 21 20   0.00000000                            
PL51  -6483.547675   9275.791344   4762.428637              
VL51  12039.427524  33796.292730 -48705.274317              
*  2024 12 31 21 22   0.00000000                            
PL51  -6325.889670   9665.780629   4170.880145              
VL51  14222.445931  31179.480460 -49860.501570              
*  2024 12 31 21 24   0.00000000                            
PL51  -6142.573565  10023.579792   3566.398305              
VL51  16314.333047  28432.913431 -50860.313944              
*  2024 12 31 21 26   0.00000000                            
PL51  -5934.743982  10347.691866   2950.865773              
VL51  18306.661412  25566.690009 -51701.847620              
*  2024 12 31 21 28   0.00000000                            
PL51  -5703.643716  10636.743984   2326.196592              
VL51  20191.501787  22591.388085 -52382.736059              
*  2024 12 31 21 30   0.00000000                            
PL51  -5450.607570  10889.492876   1694.330195              
VL51  21961.453715  19518.022511 -52901.114679              
*  2024 12 31 21 32   0.00000000                            
PL51  -5177.055835  11104.829856   1057.225366              
VL51  23609.673525  16358.001004 -53255.623880              
*  2024 12 31 21 34   0.00000000                            
PL51  -4884.487461  11281.785258    416.854161              
VL51  25129.899685  13123.078693 -53445.410439              
*  2024 12 31 21 36   0.00000000                            
PL51  -4574.472927  11419.532332   -224.804158              
VL51  26516.475425   9825.311546 -53470.127284              
*  2024 12 31 21 38   0.00000000                            
PL51  -4248.646865  11517.390566   -865.769195              
VL51  27764.368557   6477.008872 -53329.931690              
*  2024 12 31 21 40   0.00000000                            
PL51  -3908.700460  11574.828439  -1504.065454              
VL51  28869.188449   3090.685122 -53025.481912              
*  2024 12 31 21 42   0.00000000                            
PL51  -3556.373662  11591.465593  -2137.728315              
VL51  29827.200118   -320.988794 -52557.932331              
*  2024 12 31 21 44   0.00000000                            
PL51  -3193.447249  11567.074411  -2764.809961              
VL51  30635.335412  -3745.234468 -51928.927142              
*  2024 12 31 21 46   0.00000000                            
PL51  -2821.734776  11501.581022  -3383.385203              
VL51  31291.201301  -7169.215029 -51140.592664              
*  2024 12 31 21 48   0.00000000                            
PL51  -2443.074432  11395.065698  -3991.557220              
VL51  31793.085273 -10580.084045 -50195.528336              
*  2024 12 31 21 50   0.00000000                            
PL51  -2059.320861  11247.762687  -4587.463170              
VL51  32139.957872 -13965.034125 -49096.796464              
*  2024 12 31 21 52   0.00000000                            
PL51  -1672.336960  11060.059449  -5169.279678              
VL51  32331.472426 -17311.345035 -47847.910798              
*  2024 12 31 21 54   0.00000000                            
PL51  -1283.985705  10832.495324  -5735.228183              
VL51  32367.961997 -20606.431176 -46452.824008              
*  2024 12 31 21 56   0.00000000                            
PL51   -896.122025  10565.759640  -6283.580121              
VL51  32250.433639 -23837.888255 -44915.914110              
*  2024 12 31 21 58   0.00000000                            
PL51   -510.584758  10260.689259  -6812.661946              
VL51  31980.560004 -26993.539035 -43241.969937              
*  2024 12 31 22  0   0.00000000                            
PL51   -129.188734   9918.265584  -7320.859962              
VL51  31560.668391 -30061.477991 -41436.175678              
*  2024 12 31 22  2   0.00000000                            
PL51    246.283011   9539.611035  -7806.624979              
VL51  30993.727299 -33030.114775 -39504.094583              
*  2024 12 31 22  4   0.00000000                            
PL51    614.086827   9125.985014  -8268.476751              
VL51  30283.330579 -35888.216341 -37451.651859              
*  2024 12 31 22  6   0.00000000                            
PL51    972.525858   8678.779372  -8705.008222              
VL51  29433.679272 -38624.947636 -35285.116839              
*  2024 12 31 22  8   0.00000000                            
PL51   1319.957198   8199.513395  -9114.889535              
VL51  28449.561222 -41229.910735 -33011.084469              
*  2024 12 31 22 10   0.00000000                            
PL51   1654.798807   7689.828336  -9496.871836              
VL51  27336.328573 -43693.182327 -30636.456172              
*  2024 12 31 22 12   0.00000000                            
PL51   1975.536135   7151.481498  -9849.790825              
VL51  26099.873246 -46005.349461 -28168.420130              
*  2024 12 31 22 14   0.00000000                            
PL51   2280.728442   6586.339906 -10172.570081              
VL51  24746.600497 -48157.543469 -25614.431051              
*  2024 12 31 22 16   0.00000000                            
PL51   2569.014790   5996.373584 -10464.224136              
VL51  23283.400684 -50141.471989 -22982.189444              
*  2024 12 31 22 18   0.00000000                            
PL51   2839.119687   5383.648455 -10723.861296              
VL51  21717.619323 -51949.449018 -20279.620465              
*  2024 12 31 22 20   0.00000000                            
PL51   3089.858363   4750.318894 -10950.686211              
VL51  20057.025565 -53574.422949 -17514.852340              
*  2024 12 31 22 22   0.00000000                            
PL51   3320.141654   4098.619958 -11144.002175              
VL51  18309.779197 -55010.002498 -14696.194427              
*  2024 12 31 22 24   0.00000000                            
PL51   3528.980487   3430.859319 -11303.213175              
VL51  16484.396268 -56250.480508 -11832.114925              
*  2024 12 31 22 26   0.00000000                            
PL51   3715.489939   2749.408919 -11427.825651              
VL51  14589.713462 -57290.855543  -8931.218254              
*  2024 12 31 22 28   0.00000000                            
PL51   3878.892871   2056.696386 -11517.450003              
VL51  12634.851317 -58126.851237  -6002.222142              
*  2024 12 31 22 30   0.00000000                            
PL51   4018.523104   1355.196229 -11571.801806              
VL51  10629.176409 -58754.933345  -3053.934420              
*  2024 12 31 22 32   0.00000000                            
PL51   4133.828139    647.420837 -11590.702752              
VL51   8582.262604 -59172.324449    -95.229563              
*  2024 12 31 22 34   0.00000000                            
PL51   4224.371412    -64.088673 -11574.081311              
VL51   6503.851499 -59377.016268   2864.975027              
*  2024 12 31 22 36   0.00000000                            
PL51   4289.834062   -776.771751 -11521.973095              
VL51   4403.812158 -59367.779518   5817.742969              
*  2024 12 31 22 38   0.00000000                            
PL51   4330.016218  -1488.057806 -11434.520950              
VL51   2292.100258 -59144.171294   8754.143056              
*  2024 12 31 22 40   0.00000000                            
PL51   4344.837792  -2195.375679 -11311.974741              
VL51    178.716773 -58706.539889  11665.273624              
*  2024 12 31 22 42   0.00000000                            
PL51   4334.338768  -2896.163148 -11154.690854              
VL51  -1926.333700 -58056.027035  14542.287082              
*  2024 12 31 22 44   0.00000000                            
PL51   4298.679001  -3587.876452 -10963.131400              
VL51  -4013.084830 -57194.567488  17376.414603              
*  2024 12 31 22 46   0.00000000                            
PL51   4238.137500  -4267.999791 -10737.863117              
VL51  -6071.650541 -56124.885916  20158.990934              
*  2024 12 31 22 48   0.00000000                            
PL51   4153.111217  -4934.054773 -10479.555980              
VL51  -8092.266959 -54850.491041  22881.479291              
*  2024 12 31 22 50   0.00000000                            
PL51   4044.113327  -5583.609773 -10188.981512              
VL51 -10065.334169 -53375.666990  25535.496286              
*  2024 12 31 22 52   0.00000000                            
PL51   3911.771014  -6214.289171  -9867.010790              
VL51 -11981.457649 -51705.461814  28112.836846              
*  2024 12 31 22 54   0.00000000                            
PL51   3756.822758  -6823.782439  -9514.612159              
VL51 -13831.489211 -49845.673145  30605.499063              
*  2024 12 31 22 56   0.00000000                            
PL51   3580.115138  -7409.853032  -9132.848643              
VL51 -15606.567305 -47802.830984  33005.708903              
*  2024 12 31 22 58   0.00000000                            
PL51   3382.599154  -7970.347059  -8722.875065              
VL51 -17298.156511 -45584.177571  35305.944719              
*  2024 12 31 23  0   0.00000000                            
PL51   3165.326081  -8503.201699  -8285.934871              
VL51 -18898.086059 -43197.644370  37498.961486              
*  2024 12 31 23  2   0.00000000                            
PL51   2929.442867  -9006.453312  -7823.356671              
VL51 -20398.587195 -40651.826149  39577.814667              
*  2024 12 31 23  4   0.00000000                            
PL51   2676.187094  -9478.245235  -7336.550487              
VL51 -21792.329231 -37955.952177  41535.883638              
*  2024 12 31 23  6   0.00000000                            
PL51   2406.881507  -9916.835205  -6827.003729              
VL51 -23072.454079 -35119.854577  43366.894552              
*  2024 12 31 23  8   0.00000000                            
PL51   2122.928152 -10320.602391  -6296.276904              
VL51 -24232.609097 -32153.933879  45064.942539              
*  2024 12 31 23 10   0.00000000                            
PL51   1825.802113 -10688.053996  -5745.999055              
VL51 -25266.978070 -29069.121849  46624.513147              
*  2024 12 31 23 12   0.00000000                            
PL51   1517.044909 -11017.831392  -5177.862952              
VL51 -26170.310125 -25876.841677  48040.502879              
*  2024 12 31 23 14   0.00000000                            
PL51   1198.257539 -11308.715767  -4593.620044              
VL51 -26937.946425 -22588.965643  49308.238740              
*  2024 12 31 23 16   0.00000000                            
PL51    871.093236 -11559.633250  -3995.075178              
VL51 -27565.844451 -19217.770381  50423.496642              
*  2024 12 31 23 18   0.00000000                            
PL51    537.249934 -11769.659480  -3384.081114              
VL51 -28050.599719 -15775.889906  51382.518578              
*  2024 12 31 23 20   0.00000000                            
PL51    198.462495 -11938.023607  -2762.532829              
VL51 -28389.464770 -12276.266563  52182.028427              
*  2024 12 31 23 22   0.00000000                            
PL51   -143.505270 -12064.111682  -2132.361649              
VL51 -28580.365278  -8732.100106  52819.246284              
*  2024 12 31 23 24   0.00000000                            
PL51   -486.868767 -12147.469438  -1495.529221              
VL51 -28621.913167  -5156.795107  53291.901213              
*  2024 12 31 23 26   0.00000000                            
PL51   -829.830913 -12187.804422   -854.021328              
VL51 -28513.416590  -1563.906924  53598.242302              
*  2024 12 31 23 28   0.00000000                            
PL51  -1170.590537 -12184.987472   -209.841600              
VL51 -28254.886690   2032.913505  53737.047944              
*  2024 12 31 23 30   0.00000000                            
PL51  -1507.350837 -12139.053533    434.994887              
VL51 -27847.041039   5619.975813  53707.633250              
*  2024 12 31 23 32   0.00000000                            
PL51  -1838.327862 -12050.201786   1078.468091              
VL51 -27291.303704   9183.606990  53509.855505              
*  2024 12 31 23 34   0.00000000                            
PL51  -2161.758976 -11918.795099   1718.559524              
VL51 -26589.801889  12710.208535  53144.117622              
*  2024 12 31 23 36   0.00000000                            
PL51  -2475.911254 -11745.358789   2353.258817              
VL51 -25745.359129  16186.313676  52611.369528              
*  2024 12 31 23 38   0.00000000                            
PL51  -2779.089782 -11530.578698   2980.570281              
VL51 -24761.485030  19598.644337  51913.107433              
*  2024 12 31 23 40   0.00000000                            
PL51  -3069.645812 -11275.298590   3598.519443              
VL51 -23642.361598  22934.167563  51051.370991              
*  2024 12 31 23 42   0.00000000                            
PL51  -3345.984730 -10980.516877   4205.159545              
VL51 -22392.826173  26180.151078  50028.738304              
*  2024 12 31 23 44   0.00000000                            
PL51  -3606.573802 -10647.382680   4798.577961              
VL51 -21018.351071  29324.217686  48848.318808              
*  2024 12 31 23 46   0.00000000                            
PL51  -3849.949657 -10277.191250   5376.902522              
VL51 -19525.020003  32354.398208  47513.744051              
*  2024 12 31 23 48   0.00000000                            
PL51  -4074.725461  -9871.378766   5938.307714              
VL51 -17919.501389  35259.182670  46029.156395              
*  2024 12 31 23 50   0.00000000                            
PL51  -4279.597767  -9431.516521   6481.020732              
VL51 -16209.018707  38027.569470  44399.195698              
*  2024 12 31 23 52   0.00000000                            
PL51  -4463.352977  -8959.304544   7003.327358              
VL51 -14401.318022  40649.112262  42628.984037              
*  2024 12 31 23 54   0.00000000                            
PL51  -4624.873406  -8456.564664   7503.577647              
VL51 -12504.632865  43113.964302  40724.108536              
*  2024 12 31 23 56   0.00000000                            
PL51  -4763.142911  -7925.233065   7980.191395              
VL51 -10527.646647  45412.920039  38690.602388              
*  2024 12 31 23 58   0.00000000                            
PL51  -4877.252050  -7367.352354   8431.663372              
VL51  -8479.452812  47537.453721  36534.924165              
*  2025  1  1  0  0   0.00000000                            
PL51  -4966.402690  -6785.063239   8856.568292              
VL51  -6369.513406  49479.754782  34263.935516              
*  2025  1  1  0  2   0.00000000                            
PL51  -5029.912505  -6180.595495   9253.565508              
VL51  -4207.612856  51232.760265  31884.877369              
*  2025  1  1  0  4   0.00000000                            
PL51  -5067.217876  -5556.259354   9621.403415              
VL51  -2003.817931  52790.182788  29405.344751              
*  2025  1  1  0  6   0.00000000                            
PL51  -5077.877725  -4914.435478   9958.923542              
VL51    231.574500  54146.536265  26833.260349              
*  2025  1  1  0  8   0.00000000                            
PL51  -5061.575613  -4257.565511  10265.064317              
VL51   2488.082336  55297.156859  24176.846938              
*  2025  1  1  0 10   0.00000000                            
PL51  -5018.121752  -3588.142038  10538.864502              
VL51   4755.087509  56238.220602  21444.598805              
*  2025  1  1  0 12   0.00000000                            
PL51  -4947.454342  -2908.698423  10779.466271              
VL51   7021.885260  56966.757100  18645.252278              
*  2025  1  1  0 14   0.00000000                            
PL51  -4849.640309  -2221.798503  10986.117935              
VL51   9277.733785  57480.659354  15787.755528              
*  2025  1  1  0 16   0.00000000                            
PL51  -4724.875456  -1530.026184  11158.176301              
VL51  11511.904006  57778.689701  12881.237727              
*  2025  1  1  0 18   0.00000000                            
PL51  -4573.484012   -835.975000  11295.108656              
VL51  13713.729213  57860.481869   9934.977742              
*  2025  1  1  0 20   0.00000000                            
PL51  -4395.917581   -142.237655  11396.494374              
VL51  15872.654356  57726.539166   6958.372457              
*  2025  1  1  0 22   0.00000000                            
PL51  -4192.753518    548.604375  11462.026138              
VL51  17978.284727  57378.228882   3960.904869              
*  2025  1  1  0 24   0.00000000                            
PL51  -3964.692710   1233.991162  11491.510785              
VL51  20020.433827  56817.772932    952.112072              
*  2025  1  1  0 26   0.00000000                            
PL51  -3712.556800   1911.394505  11484.869762              
VL51  21989.170186  56048.234847  -2058.446754              
*  2025  1  1  0 28   0.00000000                            
PL51  -3437.284849   2578.327936  11442.139197              
VL51  23874.862921  55073.503193  -5061.222240              
*  2025  1  1  0 30   0.00000000                            
PL51  -3139.929464   3232.356497  11363.469597              
VL51  25668.225836  53898.271531  -8046.706491              
*  2025  1  1  0 32   0.00000000                            
PL51  -2821.652405   3871.106271  11249.125155              
VL51  27360.359859  52528.015032 -11005.464418              
*  2025  1  1  0 34   0.00000000                            
PL51  -2483.719693   4492.273601  11099.482693              
VL51  28942.793622  50968.963881 -13928.164619              
*  2025  1  1  0 36   0.00000000                            
PL51  -2127.496249   5093.633974  10915.030238              
VL51  30407.522025  49228.073629 -16805.609718              
*  2025  1  1  0 38   0.00000000                            
PL51  -1754.440070   5673.050535  10696.365231              
VL51  31747.042599  47312.992626 -19628.766048              
*  2025  1  1  0 40   0.00000000                            
PL51  -1366.095999   6228.482193  10444.192392              
VL51  32954.389523  45232.026733 -22388.792593              
*  2025  1  1  0 42   0.00000000                            
PL51   -964.089088   6757.991280  10159.321232              
VL51  34023.165158  42994.101475 -25077.069080              
*  2025  1  1  0 44   0.00000000                            
PL51   -550.117607   7259.750756   9842.663248              
VL51  34947.568957  40608.721828 -27685.223160              
*  2025  1  1  0 46   0.00000000                            
PL51   -125.945717   7732.050905   9495.228787              
VL51  35722.423643  38085.929838 -30205.156561              
*  2025  1  1  0 48   0.00000000                            
PL51    306.604151   8173.305518   9118.123600              
VL51  36343.198560  35436.260272 -32629.070167              
*  2025  1  1  0 50   0.00000000                            
PL51    745.659183   8582.057529   8712.545119              
VL51  36806.030091  32670.694516 -34949.487927              
*  2025  1  1  0 52   0.00000000                            
PL51   1189.304289   8956.984091   8279.778430              
VL51  37107.739074  29800.612925 -37159.279537              
*  2025  1  1  0 54   0.00000000                            
PL51   1635.590414   9296.901071   7821.192004              
VL51  37245.845164  26837.745844 -39251.681831              
*  2025  1  1  0 56   0.00000000                            
PL51   2082.542984   9600.766950   7338.233166              
VL51  37218.578071  23794.123525 -41220.318813              
*  2025  1  1  0 58   0.00000000                            
PL51   2528.170489   9867.686117   6832.423335              
VL51  37024.885645  20682.025150 -43059.220279              
*  2025  1  1  1  0   0.00000000                            
PL51   2970.473125  10096.911547   6305.353052              
VL51  36664.438802  17513.927201 -44762.838971              
*  2025  1  1  1  2   0.00000000                            
PL51   3407.451489  10287.846856   5758.676809              
VL51  36137.633251  14302.451395 -46326.066206              
*  2025  1  1  1  4   0.00000000                            
PL51   3837.115269  10440.047732   5194.107698              
VL51  35445.588066  11060.312432 -47744.245943              
*  2025  1  1  1  6   0.00000000                            
PL51   4257.491901  10553.222734   4613.411906              
VL51  34590.141117   7800.265775 -49013.187234              
*  2025  1  1  1  8   0.00000000                            
PL51   4666.635152  10627.233473   4018.403066              
VL51  33573.841405   4535.055710 -50129.175056              
*  2025  1  1  1 10   0.00000000                            
PL51   5062.633590  10662.094166   3410.936487              
VL51  32399.938364   1277.363909 -51088.979483              
*  2025  1  1  1 12   0.00000000                            
PL51   5443.618915  10657.970580   2792.903290              
VL51  31072.368210  -1960.241280 -51889.863202              
*  2025  1  1  1 14   0.00000000                            
PL51   5807.774098  10615.178375   2166.224457              
VL51  29595.737426  -5165.354609 -52529.587371              
*  2025  1  1  1 16   0.00000000                            
PL51   6153.341317  10534.180849   1532.844825              
VL51  27975.303469  -8325.782554 -53006.415828              
*  2025  1  1  1 18   0.00000000                            
PL51   6478.629635  10415.586116    894.727033              
VL51  26216.952835 -11429.590611 -53319.117662              
*  2025  1  1  1 20   0.00000000                            
PL51   6782.022406  10260.143721    253.845456              
VL51  24327.176580 -14465.149060 -53466.968174              
*  2025  1  1  1 22   0.00000000                            
PL51   7061.984372  10068.740713   -387.819872              
VL51  22313.043438 -17421.177041 -53449.748242              
*  2025  1  1  1 24   0.00000000                            
PL51   7317.068421   9842.397210  -1028.289308              
VL51  20182.170683 -20286.784764 -53267.742143              
*  2025  1  1  1 26   0.00000000                            
PL51   7545.921984   9582.261455  -1665.589625              
VL51  17942.692863 -23051.513715 -52921.733846              
*  2025  1  1  1 28   0.00000000                            
PL51   7747.293044   9289.604417  -2297.759977              
VL51  15603.228581 -25705.374708 -52413.001845              
*  2025  1  1  1 30   0.00000000                            
PL51   7920.035740   8965.813938  -2922.857793              
VL51  13172.845473 -28238.883673 -51743.312569              
*  2025  1  1  1 32   0.00000000                            
PL51   8063.115530   8612.388470  -3538.964589              
VL51  10661.023552 -30643.095050 -50914.912427              
*  2025  1  1  1 34   0.00000000                            
PL51   8175.613922   8230.930425  -4144.191671              
VL51   8077.617075 -32909.632723 -49930.518546              
*  2025  1  1  1 36   0.00000000                            
PL51   8256.732718   7823.139168  -4736.685724              
VL51   5432.815124 -35030.718378 -48793.308274              
*  2025  1  1  1 38   0.00000000                            
PL51   8305.797802   7390.803689  -5314.634264              
VL51   2737.101042 -36999.197256 -47506.907502              
*  2025  1  1  1 40   0.00000000                            
PL51   8322.262410   6935.794974  -5876.270946              
VL51      1.210910 -38808.561217 -46075.377878              
*  2025  1  1  1 42   0.00000000                            
PL51   8305.709922   6460.058126  -6419.880711              
VL51  -2763.908770 -40452.969101 -44503.202984              
*  2025  1  1  1 44   0.00000000                            
PL51   8255.856119   5965.604249  -6943.804760              
VL51  -5547.144042 -41927.264348 -42795.273526              
*  2025  1  1  1 46   0.00000000                            
PL51   8172.550942   5454.502143  -7446.445347              
VL51  -8337.256932 -43226.989858 -40956.871629              
*  2025  1  1  1 48   0.00000000                            
PL51   8055.779709   4928.869837  -7926.270380              
VL51 -11122.929215 -44348.400100 -38993.654275              
*  2025  1  1  1 50   0.00000000                            
PL51   7905.663820   4390.865984  -8381.817811              
VL51 -13892.806345 -45288.470462 -36911.635975              
*  2025  1  1  1 52   0.00000000                            
PL51   7722.460929   3842.681177  -8811.699823              
VL51 -16635.541425 -46044.903873 -34717.170706              
*  2025  1  1  1 54   0.00000000                            
PL51   7506.564586   3286.529185  -9214.606788              
VL51 -19339.839051 -46616.134709 -32416.933211              
*  2025  1  1  1 56   0.00000000                            
PL51   7258.503358   2724.638169  -9589.311006              
VL51 -21994.498913 -47001.330024 -30017.899677              
*  2025  1  1  1 58   0.00000000                            
PL51   6978.939432   2159.241894  -9934.670199              
VL51 -24588.459018 -47200.388159 -27527.327883              
*  2025  1  1  2  0   0.00000000                            
PL51   6668.666691   1592.570979 -10249.630772              
VL51 -27110.838417 -47213.934747 -24952.736826              
*  2025  1  1  2  2   0.00000000                            
PL51   6328.608295   1026.844199 -10533.230819              
VL51 -29550.979305 -47043.316205 -22301.885902              
*  2025  1  1  2  4   0.00000000                            
PL51   5959.813751    464.259894 -10784.602886              
VL51 -31898.488400 -46690.590730 -19582.753645              
*  2025  1  1  2  6   0.00000000                            
PL51   5563.455495    -93.012511 -11002.976465              
VL51 -34143.277479 -46158.516883 -16803.516084              
*  2025  1  1  2  8   0.00000000                            
PL51   5140.824993   -642.840826 -11187.680239              
VL51 -36275.602957 -45450.539807 -13972.524726              
*  2025  1  1  2 10   0.00000000                            
PL51   4693.328372  -1183.138247 -11338.144046              
VL51 -38286.104425 -44570.775136 -11098.284203              
*  2025  1  1  2 12   0.00000000                            
PL51   4222.481598  -1711.871284 -11453.900589              
VL51 -40165.842019 -43523.990666  -8189.429594              
*  2025  1  1  2 14   0.00000000                            
PL51   3729.905212  -2227.067478 -11534.586858              
VL51 -41906.332538 -42315.585847  -5254.703458              
*  2025  1  1  2 16   0.00000000                            
PL51   3217.318637  -2726.822838 -11579.945283              
VL51 -43499.584192 -40951.569150  -2302.932570              
*  2025  1  1  2 18   0.00000000                            
PL51   2686.534083  -3209.309006 -11589.824603              
VL51 -44938.129885 -39438.533394    656.995596              
*  2025  1  1  2 20   0.00000000                            
PL51   2139.450058  -3672.780113 -11564.180452              
VL51 -46215.058936 -37783.629073   3616.156640              
*  2025  1  1  2 22   0.00000000                            
PL51   1578.044508  -4115.579299 -11503.075658              
VL51 -47324.047111 -35994.535769   6565.613243              
*  2025  1  1  2 24   0.00000000                            
PL51   1004.367609  -4536.144884 -11406.680255              
VL51 -48259.384881 -34079.431710   9496.439390              
*  2025  1  1  2 26   0.00000000                            
PL51    420.534229  -4933.016156 -11275.271198              
VL51 -49016.003787 -32046.961543  12399.744786              
*  2025  1  1  2 28   0.00000000                            
PL51   -171.283909  -5304.838769 -11109.231787              
VL51 -49589.500790 -29906.202404  15266.699440              
*  2025  1  1  2 30   0.00000000                            
PL51   -768.866353  -5650.369723 -10909.050800              
VL51 -49976.160521 -27666.628356  18088.558387              
*  2025  1  1  2 32   0.00000000                            
PL51  -1369.952292  -5968.481900 -10675.321318              
VL51 -50172.975288 -25338.073284  20856.686522              
*  2025  1  1  2 34   0.00000000                            
PL51  -1972.249159  -6258.168157 -10408.739260              
VL51 -50177.662757 -22930.692338  23562.583496              
*  2025  1  1  2 36   0.00000000                            
PL51  -2573.441428  -6518.544942 -10110.101615              
VL51 -49988.681173 -20454.922011  26197.908645              
*  2025  1  1  2 38   0.00000000                            
PL51  -3171.199581  -6748.855423  -9780.304380              
VL51 -49605.242017 -17921.438968  28754.505888              
*  2025  1  1  2 40   0.00000000                            
PL51  -3763.189209  -6948.472119  -9420.340191              
VL51 -49027.319990 -15341.117722  31224.428553              
*  2025  1  1  2 42   0.00000000                            
PL51  -4347.080213  -7116.899011  -9031.295665              
VL51 -48255.660208 -12724.987283  33599.964058              
*  2025  1  1  2 44   0.00000000                            
PL51  -4920.556085  -7253.773138  -8614.348443              
VL51 -47291.782509 -10084.186910  35873.658369              
*  2025  1  1  2 46   0.00000000                            
PL51  -5481.323208  -7358.865645  -8170.763941              
VL51 -46137.982769  -7429.921105  38038.340163              
*  2025  1  1  2 48   0.00000000                            
PL51  -6027.120167  -7432.082295  -7701.891818              
VL51 -44797.331149  -4773.414000  40087.144603              
*  2025  1  1  2 50   0.00000000                            
PL51  -6555.727011  -7473.463428  -7209.162152              
VL51 -43273.667182  -2125.863303  42013.536630              
*  2025  1  1  2 52   0.00000000                            
PL51  -7064.974439  -7483.183366  -6694.081353              
VL51 -41571.591633    501.606030  43811.333671              
*  2025  1  1  2 54   0.00000000                            
PL51  -7552.752873  -7461.549263  -6158.227793              
VL51 -39696.455095   3097.988208  45474.727658              
*  2025  1  1  2 56   0.00000000                            
PL51  -8017.021369  -7408.999396  -5603.247189              
VL51 -37654.343267   5652.442914  46998.306240              
*  2025  1  1  2 58   0.00000000                            
PL51  -8455.816333  -7326.100901  -5030.847731              
VL51 -35452.058896   8154.341301  48377.073085              
*  2025  1  1  3  0   0.00000000                            
PL51  -8867.260001  -7213.546964  -4442.794970              
VL51 -33097.100388  10593.311474  49606.467140              
*  2025  1  1  3  2   0.00000000                            
PL51  -9249.568642  -7072.153471  -3840.906487              
VL51 -30597.637103  12959.283231  50682.380746              
*  2025  1  1  3  4   0.00000000                            
PL51  -9601.060444  -6902.855116  -3227.046351              
VL51 -27962.481371  15242.531854  51601.176470              
*  2025  1  1  3  6   0.00000000                            
PL51  -9920.163047  -6706.701007  -2603.119379              
VL51 -25201.057293  17433.720703  52359.702564              
*  2025  1  1  3  8   0.00000000                            
PL51 -10205.420682  -6484.849754  -1971.065227              
VL51 -22323.366417  19523.942403  52955.306914              
*  2025  1  1  3 10   0.00000000                            
PL51 -10455.500876  -6238.564082  -1332.852313              
VL51 -19339.950376  21504.758397  53385.849382              
*  2025  1  1  3 12   0.00000000                            
PL51 -10669.200697  -5969.204977   -690.471612              
VL51 -16261.850654  23368.236620  53649.712439              
*  2025  1  1  3 14   0.00000000                            
PL51 -10845.452496  -5678.225391    -45.930330              
VL51 -13100.565594  25106.987091  53745.809986              
*  2025  1  1  3 16   0.00000000                            
PL51 -10983.329120  -5367.163536    598.754519              
VL51  -9868.004868  26714.195201  53673.594286              
*  2025  1  1  3 18   0.00000000                            
PL51 -11082.048560  -5037.635793   1241.562606              
VL51  -6576.441572  28183.652486  53433.060924              
*  2025  1  1  3 20   0.00000000                            
PL51 -11140.978018  -4691.329263   1880.476822              
VL51  -3238.462201  29509.784700  53024.751738              
*  2025  1  1  3 22   0.00000000                            
PL51 -11159.637352  -4329.994007   2513.489844              
VL51    133.085274  30687.677001  52449.755674              
*  2025  1  1  3 24   0.00000000                            
PL51 -11137.701900  -3955.434997   3138.610694              
VL51   3525.144965  31713.096083  51709.707527              
*  2025  1  1  3 26   0.00000000                            
PL51 -11075.004644  -3569.503816   3753.871270              
VL51   6924.507985  32582.509124  50806.784551              
*  2025  1  1  3 28   0.00000000                            
PL51 -10971.537710  -3174.090161   4357.332825              
VL51  10317.868445  33293.099405  49743.700931              
*  2025  1  1  3 30   0.00000000                            
PL51 -10827.453194  -2771.113167   4947.092369              
VL51  13691.880244  33842.778511  48523.700130              
*  2025  1  1  3 32   0.00000000                            
PL51 -10643.063300  -2362.512619   5521.288958              
VL51  17033.214331  34230.195018  47150.545125              
*  2025  1  1  3 34   0.00000000                            
PL51 -10418.839791  -1950.240066   6078.109865              
VL51  20328.616161  34454.739615  45628.506586              
*  2025  1  1  3 36   0.00000000                            
PL51 -10155.412751  -1536.249909   6615.796589              
VL51  23564.963010  34516.546623  43962.349031              
*  2025  1  1  3 38   0.00000000                            
PL51  -9853.568661  -1122.490483   7132.650687              
VL51  26729.320869  34416.491890  42157.315048              
*  2025  1  1  3 40   0.00000000                            
PL51  -9514.247796   -710.895191   7627.039409              
VL51  29809.000602  34156.187090  40219.107640              
*  2025  1  1  3 42   0.00000000                            
PL51  -9138.540955   -303.373725   8097.401108              
VL51  32791.613089  33737.970444  38153.870793              
*  2025  1  1  3 44   0.00000000                            
PL51  -8727.685537     98.196578   8542.250403              
VL51  35665.123064  33164.893936  35968.168367              
*  2025  1  1  3 46   0.00000000                            
PL51  -8283.060980    491.979209   8960.183090              
VL51  38417.901381  32440.707088  33668.961402              
*  2025  1  1  3 48   0.00000000                            
PL51  -7806.183579    876.186741   9349.880757              
VL51  41038.775452  31569.837401  31263.583959              
*  2025  1  1  3 50   0.00000000                            
PL51  -7298.700720   1249.088834   9710.115114              
VL51  43517.077609  30557.367576  28759.717605              
*  2025  1  1  3 52   0.00000000                            
PL51  -6762.384539   1609.019943  10039.752000              
VL51  45842.691145  29409.009645  26165.364666              
*  2025  1  1  3 54   0.00000000                            
PL51  -6199.125049   1954.386700  10337.755070              
VL51  48006.093845  28131.076172  23488.820367              
*  2025  1  1  3 56   0.00000000                            
PL51  -5610.922756   2283.674936  10603.189134              
VL51  49998.398782  26730.448676  20738.643993              
*  2025  1  1  3 58   0.00000000                            
PL51  -4999.880807   2595.456304  10835.223149              
VL51  51811.392200  25214.543470  17923.629197              
*  2025  1  1  4  0   0.00000000                            
PL51  -4368.196699   2888.394479  11033.132851              
VL51  53437.568327  23591.275092  15052.773587              
*  2025  1  1  4  2   0.00000000                            
PL51  -3718.153590   3161.250907  11196.303017              
VL51  54870.160966  21869.017538  12135.247730              
*  2025  1  1  4  4   0.00000000                            
PL51  -3052.111255   3412.890077  11324.229350              
VL51  56103.171736  20056.563509   9180.363707              
*  2025  1  1  4  6   0.00000000                            
PL51  -2372.496714   3642.284290  11416.519990              
VL51  57131.394872  18163.081888   6197.543349              
*  2025  1  1  4  8   0.00000000                            
PL51  -1681.794594   3848.517911  11472.896636              
VL51  57950.438487  16198.073672   3196.286288              
*  2025  1  1  4 10   0.00000000                            
PL51   -982.537249   4030.791083  11493.195291              
VL51  58556.742249  14171.326591    186.137929              
*  2025  1  1  4 12   0.00000000                            
PL51   -277.294698   4188.422893  11477.366617              
VL51  58947.591405  12092.868638  -2823.342513              
*  2025  1  1  4 14   0.00000000                            
PL51    431.335590   4320.853964  11425.475910              
VL51  59121.127154   9972.920743  -5822.613830              
*  2025  1  1  4 16   0.00000000                            
PL51   1140.739014   4427.648494  11337.702694              
VL51  59076.353318   7821.848824  -8802.184360              
*  2025  1  1  4 18   0.00000000                            
PL51   1848.294208   4508.495696  11214.339941              
VL51  58813.139339   5650.115435 -11752.643163              
*  2025  1  1  4 20   0.00000000                            
PL51   2551.383434   4563.210673  11055.792915              
VL51  58332.219593   3468.231249 -14664.690724              
*  2025  1  1  4 22   0.00000000                            
PL51   3247.402936   4591.734702  10862.577655              
VL51  57635.189066   1286.706595 -17529.169086              
*  2025  1  1  4 24   0.00000000                            
PL51   3933.773221   4594.134941  10635.319099              
VL51  56724.495419   -883.996736 -20337.091324              
*  2025  1  1  4 26   0.00000000                            
PL51   4607.949232   4570.603558  10374.748857              
VL51  55603.427497  -3033.513173 -23079.670252              
*  2025  1  1  4 28   0.00000000                            
PL51   5267.430350   4521.456298  10081.702648              
VL51  54276.100372  -5151.620351 -25748.346290              
*  2025  1  1  4 30   0.00000000                            
PL51   5909.770205   4447.130480   9757.117404              
VL51  52747.436977  -7228.285168 -28334.814392              
*  2025  1  1  4 32   0.00000000                            
PL51   6532.586241   4348.182465   9402.028061              
VL51  51023.146453  -9253.708716 -30831.049956              
*  2025  1  1  4 34   0.00000000                            
PL51   7133.569008   4225.284572   9017.564043              
VL51  49109.699307 -11218.369901 -33229.333635              
*  2025  1  1  4 36   0.00000000                            
PL51   7710.491132   4079.221498   8604.945456              
VL51  47014.299514 -13113.067536 -35522.274977              
*  2025  1  1  4 38   0.00000000                            
PL51   8261.215935   3910.886230   8165.479005              
VL51  44744.853687 -14928.960762 -37702.834824              
*  2025  1  1  4 40   0.00000000                            
PL51   8783.705666   3721.275491   7700.553651              
VL51  42309.937478 -16657.607584 -39764.346383              
*  2025  1  1  4 42   0.00000000                            
PL51   9276.029318   3511.484730   7211.636023              
VL51  39718.759358 -18291.001401 -41700.534930              
*  2025  1  1  4 44   0.00000000                            
PL51   9736.369989   3282.702690   6700.265603              
VL51  36981.121968 -19821.605331 -43505.536060              
*  2025  1  1  4 46   0.00000000                            
PL51  10163.031773   3036.205578   6168.049699              
VL51  34107.381212 -21242.384239 -45173.912452              
*  2025  1  1  4 48   0.00000000                            
PL51  10554.446137   2773.350863   5616.658228              
VL51  31108.403310 -22546.834296 -46700.669089              
*  2025  1  1  4 50   0.00000000                            
PL51  10909.177783   2495.570735   5047.818322              
VL51  27995.519989 -23729.009988 -48081.266904              
*  2025  1  1  4 52   0.00000000                            
PL51  11225.929955   2204.365257   4463.308788              
VL51  24780.482047 -24783.548458 -49311.634821              
*  2025  1  1  4 54   0.00000000                            
PL51  11503.549185   1901.295241   3864.954424              
VL51  21475.411494 -25705.691103 -50388.180169              
*  2025  1  1  4 56   0.00000000                            
PL51  11741.029447   1587.974884   3254.620224              
VL51  18092.752486 -26491.302345 -51307.797443              
*  2025  1  1  4 58   0.00000000                            
PL51  11937.515731   1266.064186   2634.205491              
VL51  14645.221291 -27136.885537 -52067.875418              
*  2025  1  1  5  0   0.00000000                            
PL51  12092.307001    937.261212   2005.637866              
VL51  11145.755499 -27639.595938 -52666.302606              
*  2025  1  1  5  2   0.00000000                            
PL51  12204.858542    603.294196   1370.867312              
VL51   7607.462709 -27997.250755 -53101.471066              
*  2025  1  1  5  4   0.00000000                            
PL51  12274.783695    265.913561    731.860054              
VL51   4043.568907 -28208.336224 -53372.278577              
*  2025  1  1  5  6   0.00000000                            
PL51  12301.854962    -73.116143     90.592504              
VL51    467.366773 -28272.011729 -53478.129194              
*  2025  1  1  5  8   0.00000000                            
PL51  12286.004500   -412.024326   -550.954807              
VL51  -3107.835873 -28188.110998 -53418.932227              
*  2025  1  1  5 10   0.00000000                            
PL51  12227.323996   -749.042440  -1190.803279              
VL51  -6668.767282 -27957.140372 -53195.099659              
*  2025  1  1  5 12   0.00000000                            
PL51  12126.063927  -1082.412027  -1826.982251              
VL51 -10202.242409 -27580.274224 -52807.542053              
*  2025  1  1  5 14   0.00000000                            
PL51  11982.632219  -1410.392695  -2457.534955              
VL51 -13695.212798 -27059.347563 -52257.663005              
*  2025  1  1  5 16   0.00000000                            
PL51  11797.592318  -1731.269986  -3080.524389              
VL51 -17134.815508 -26396.845894 -51547.352174              
*  2025  1  1  5 18   0.00000000                            
PL51  11571.660669  -2043.363109  -3694.039103              
VL51 -20508.420904 -25595.892436 -50678.976970              
*  2025  1  1  5 20   0.00000000                            
PL51  11305.703642  -2345.032502  -4296.198876              
VL51 -23803.679150 -24660.232750 -49655.372949              
*  2025  1  1  5 22   0.00000000                            
PL51  11000.733901  -2634.687196  -4885.160266              
VL51 -27008.565239 -23594.216914 -48479.832985              
*  2025  1  1  5 24   0.00000000                            
PL51  10657.906239  -2910.791950  -5459.122034              
VL51 -30111.422416 -22402.779325 -47156.095281              
*  2025  1  1  5 26   0.00000000                            
PL51  10278.512917  -3171.874131  -6016.330402              
VL51 -33101.003875 -21091.416261 -45688.330306              
*  2025  1  1  5 28   0.00000000                            
PL51   9863.978493  -3416.530309  -6555.084166              
VL51 -35966.512588 -19666.161305 -44081.126697              
*  2025  1  1  5 30   0.00000000                            
PL51   9415.854203  -3643.432552  -7073.739617              
VL51 -38697.639191 -18133.558760 -42339.476223              
*  2025  1  1  5 32   0.00000000                            
PL51   8935.811888  -3851.334380  -7570.715287              
VL51 -41284.597801 -16500.635186 -40468.757860              
*  2025  1  1  5 34   0.00000000                            
PL51   8425.637509  -4039.076376  -8044.496496              
VL51 -43718.159706 -14774.869171 -38474.721042              
*  2025  1  1  5 36   0.00000000                            
PL51   7887.224271  -4205.591419  -8493.639694              
VL51 -45989.684837 -12964.159486 -36363.468160              
*  2025  1  1  5 38   0.00000000                            
PL51   7322.565381  -4349.909530  -8916.776584              
VL51 -48091.150968 -11076.791731 -34141.436361              
*  2025  1  1  5 40   0.00000000                            
PL51   6733.746469  -4471.162303  -9312.618032              
VL51 -50015.180598  -9121.403625 -31815.378706              
*  2025  1  1  5 42   0.00000000                            
PL51   6122.937703  -4568.586920  -9679.957739              
VL51 -51755.065455  -7106.949049 -29392.344740              
*  2025  1  1  5 44   0.00000000                            
PL51   5492.385624  -4641.529720 -10017.675678              
VL51 -53304.788609  -5042.660983 -26879.660522              
*  2025  1  1  5 46   0.00000000                            
PL51   4844.404728  -4689.449324 -10324.741294              
VL51 -54659.044144  -2938.013469 -24284.908154              
*  2025  1  1  5 48   0.00000000                            
PL51   4181.368829  -4711.919294 -10600.216447              
VL51 -55813.254392   -802.682698 -21615.904853              
*  2025  1  1  5 50   0.00000000                            
PL51   3505.702226  -4708.630320 -10843.258109              
VL51 -56763.584679   1353.492618 -18880.681592              
*  2025  1  1  5 52   0.00000000                            
PL51   2819.870718  -4679.391932 -11053.120798              
VL51 -57506.955593   3520.551499 -16087.461344              
*  2025  1  1  5 54   0.00000000                            
PL51   2126.372472  -4624.133720 -11229.158747              
VL51 -58041.052740   5688.451429 -13244.636966              
*  2025  1  1  5 56   0.00000000                            
PL51   1427.728801  -4542.906070 -11370.827814              
VL51 -58364.333994   7847.109458 -10360.748729              
*  2025  1  1  5 58   0.00000000                            
PL51    726.474866  -4435.880400 -11477.687108              
VL51 -58476.034221   9986.443543  -7444.461547              
*  2025  1  1  6  0   0.00000000                            
PL51     25.150333  -4303.348896 -11549.400350              
VL51 -58376.167481  12096.414015  -4504.541900              
*  2025  1  1  6  2   0.00000000                            
PL51   -673.709973  -4145.723763 -11585.736953              
VL51 -58065.526700  14167.065039  -1549.834495              
*  2025  1  1  6  4   0.00000000                            
PL51  -1367.585404  -3963.535962 -11586.572817              
VL51 -57545.680826  16188.565957   1410.761336              
*  2025  1  1  6  6   0.00000000                            
PL51  -2053.978768  -3757.433470 -11551.890843              
VL51 -56818.969444  18151.252378   4368.315476              
*  2025  1  1  6  8   0.00000000                            
PL51  -2730.425536  -3528.179030 -11481.781158              
VL51 -55888.494875  20045.666906   7313.891082              
*  2025  1  1  6 10   0.00000000                            
PL51  -3394.502931  -3276.647434 -11376.441049              
VL51 -54758.111743  21862.599359  10238.568847              
*  2025  1  1  6 12   0.00000000                            
PL51  -4043.838882  -3003.822314 -11236.174608              
VL51 -53432.414018  23593.126366  13133.471453              
*  2025  1  1  6 14   0.00000000                            
PL51  -4676.120805  -2710.792466 -11061.392082              
VL51 -51916.719535  25228.650206  15989.788177              
*  2025  1  1  6 16   0.00000000                            
PL51  -5289.104186  -2398.747715 -10852.608920              
VL51 -50217.051991  26760.936738  18798.799628              
*  2025  1  1  6 18   0.00000000                            
PL51  -5880.620927  -2068.974330 -10610.444534              
VL51 -48340.120440  28182.152305  21551.902590              
*  2025  1  1  6 20   0.00000000                            
PL51  -6448.587439  -1722.849999 -10335.620752              
VL51 -46293.296277  29484.899448  24240.634921              
*  2025  1  1  6 22   0.00000000                            
PL51  -6991.012436  -1361.838394 -10028.959977              
VL51 -44084.587753  30662.251295  26856.700471              
*  2025  1  1  6 24   0.00000000                            
PL51  -7506.004415   -987.483317  -9691.383046              
VL51 -41722.612025  31707.784462  29391.993959              
*  2025  1  1  6 26   0.00000000                            
PL51  -7991.778782   -601.402473  -9323.906788              
VL51 -39216.564784  32615.610328  31838.625769              
*  2025  1  1  6 28   0.00000000                            
PL51  -8446.664597   -205.280876  -8927.641293              
VL51 -36576.187505  33380.404505  34188.946570              
*  2025  1  1  6 30   0.00000000                            
PL51  -8869.110922    199.136094  -8503.786878              
VL51 -33811.732360  33997.434371  36435.571712              
*  2025  1  1  6 32   0.00000000                            
PL51  -9257.692721    610.049943  -8053.630765              
VL51 -30933.924875  34462.584483  38571.405304              
*  2025  1  1  6 34   0.00000000                            
PL51  -9611.116308   1025.616613  -7578.543480              
VL51 -27953.924398  34772.379723  40589.663885              
*  2025  1  1  6 36   0.00000000                            
PL51  -9928.224307   1443.954289  -7079.974955              
VL51 -24883.282473  34924.006026  42483.899591              
*  2025  1  1  6 38   0.00000000                            
PL51 -10208.000094   1863.151449  -6559.450374              
VL51 -21733.899236  34915.328527  44248.022711              
*  2025  1  1  6 40   0.00000000                            
PL51 -10449.571713   2281.275103  -6018.565736              
VL51 -18517.977965  34744.906987  45876.323534              
*  2025  1  1  6 42   0.00000000                            
PL51 -10652.215232   2696.379212  -5458.983172              
VL51 -15247.977912  34412.008368  47363.493356              
*  2025  1  1  6 44   0.00000000                            
PL51 -10815.357522   3106.513234  -4882.426011              
VL51 -11936.565599  33916.616416  48704.644541              
*  2025  1  1  6 46   0.00000000                            
PL51 -10938.578446   3509.730764  -4290.673611              
VL51  -8596.564746  33259.438158  49895.329522              
*  2025  1  1  6 48   0.00000000                            
PL51 -11021.612440   3904.098242  -3685.555972              
VL51  -5240.905030  32441.907182  50931.558604              
*  2025  1  1  6 50   0.00000000                            
PL51 -11064.349471   4287.703670  -3068.948137              
VL51  -1882.569889  31466.183653  51809.816471              
*  2025  1  1  6 52   0.00000000                            
PL51 -11066.835365   4658.665317  -2442.764413              
VL51   1465.456399  30335.150960  52527.077273              
*  2025  1  1  6 54   0.00000000                            
PL51 -11029.271498   5015.140362  -1808.952412              
VL51   4790.242132  29052.408969  53080.818170              
*  2025  1  1  6 56   0.00000000                            
PL51 -10952.013842   5355.333428  -1169.486940              
VL51   8078.961824  27622.263841  53469.031254              
*  2025  1  1  6 58   0.00000000                            
PL51 -10835.571371   5677.504987   -526.363757              
VL51  11318.949823  26049.714409  53690.233715              
*  2025  1  1  7  0   0.00000000                            
PL51 -10680.603819   5979.979568    118.406775              
VL51  14497.753622  24340.435127  53743.476190              
*  2025  1  1  7  2   0.00000000                            
PL51 -10487.918809   6261.153745    762.806139              
VL51  17603.186590  22500.755622  53628.349188              
*  2025  1  1  7  4   0.00000000                            
PL51 -10258.468348   6519.503865   1404.814162              
VL51  20623.379838  20537.636922  53344.987543              
*  2025  1  1  7  6   0.00000000                            
PL51  -9993.344707   6753.593460   2042.415572              
VL51  23546.832937  18458.644427  52894.072810              
*  2025  1  1  7  8   0.00000000                            
PL51  -9693.775707   6962.080323   2673.606556              
VL51  26362.463204  16271.917744  52276.833587              
*  2025  1  1  7 10   0.00000000                            
PL51  -9361.119414   7143.723204   3296.401320              
VL51  29059.653282  13986.137508  51495.043703              
*  2025  1  1  7 12   0.00000000                            
PL51  -8996.858283   7297.388089   3908.838608              
VL51  31628.296742  11610.489346  50551.018289              
*  2025  1  1  7 14   0.00000000                            
PL51  -8602.592760   7422.054028   4508.988164              
VL51  34058.841449   9154.625150  49447.607691              
*  2025  1  1  7 16   0.00000000                            
PL51  -8180.034388   7516.818485   5094.957108              
VL51  36342.330444   6628.621854  48188.189275              
*  2025  1  1  7 18   0.00000000                            
PL51  -7730.998427   7580.902184   5664.896199              
VL51  38470.440117   4042.937927  46776.657126              
*  2025  1  1  7 20   0.00000000                            
PL51  -7257.396046   7613.653412   6217.005967              
VL51  40435.515445   1408.367799  45217.409698              
*  2025  1  1  7 22   0.00000000                            
PL51  -6761.226098   7614.551766   6749.542675              
VL51  42230.602112  -1264.005544  43515.335457              
*  2025  1  1  7 24   0.00000000                            
PL51  -6244.566538   7583.211330   7260.824111              
VL51  43849.475330  -3962.859534  41675.796604              
*  2025  1  1  7 26   0.00000000                            
PL51  -5709.565514   7519.383242   7749.235160              
VL51  45286.665220  -6676.682320  39704.610934              
*  2025  1  1  7 28   0.00000000                            
PL51  -5158.432172   7422.957665   8213.233156              
VL51  46537.478603  -9393.824123  37608.031939              
*  2025  1  1  7 30   0.00000000                            
PL51  -4593.427221   7293.965124   8651.352982              
VL51  47598.017121 -12102.549369  35392.727250              
*  2025  1  1  7 32   0.00000000                            
PL51  -4016.853312   7132.577222   9062.211902              
VL51  48465.191592 -14791.089339  33065.755523              
*  2025  1  1  7 34   0.00000000                            
PL51  -3431.045252   6939.106724   9444.514110              
VL51  49136.732543 -17447.695049  30634.541886              
*  2025  1  1  7 36   0.00000000                            
PL51  -2838.360132   6714.006998   9797.054969              
VL51  49611.196902 -20060.690096  28106.852079              
*  2025  1  1  7 38   0.00000000                            
PL51  -2241.167382   6457.870830  10118.724941              
VL51  49887.970832 -22618.523209  25490.765404              
*  2025  1  1  7 40   0.00000000                            
PL51  -1641.838829   6171.428613  10408.513181              
VL51  49967.268731 -25109.820224  22794.646617              
*  2025  1  1  7 42   0.00000000                            
PL51  -1042.738777   5855.545907  10665.510790              
VL51  49850.128439 -27523.435263  20027.116894              
*  2025  1  1  7 44   0.00000000                            
PL51   -446.214177   5511.220405  10888.913712              
VL51  49538.402703 -29848.500844  17197.023996              
*  2025  1  1  7 46   0.00000000                            
PL51    145.415081   5139.578292  11078.025269              
VL51  49034.746987 -32074.476707  14313.411762              
*  2025  1  1  7 48   0.00000000                            
PL51    729.865716   4741.870037  11232.258336              
VL51  48342.603721 -34191.197129  11385.489062              
*  2025  1  1  7 50   0.00000000                            
PL51   1304.900380   4319.465623  11351.137122              
VL51  47466.183084 -36188.916503   8422.598315              
*  2025  1  1  7 52   0.00000000                            
PL51   1868.336745   3873.849236  11434.298590              
VL51  46410.440467 -38058.352995   5434.183727              
*  2025  1  1  7 54   0.00000000                            
PL51   2418.056290   3406.613457  11481.493485              
VL51  45181.050734 -39790.730073   2429.759334              
*  2025  1  1  7 56   0.00000000                            
PL51   2952.012767   2919.452953  11492.586979              
VL51  43784.379448 -41377.815739   -581.123000              
*  2025  1  1  7 58   0.00000000                            
PL51   3468.240304   2414.157724  11467.558932              
VL51  42227.451211 -42811.959287  -3588.905532              
*  2025  1  1  8  0   0.00000000                            
PL51   3964.861106   1892.605921  11406.503776              
VL51  40517.915301 -44086.125438  -6584.056420              
*  2025  1  1  8  2   0.00000000                            
PL51   4440.092735   1356.756262  11309.630009              
VL51  38664.008792 -45193.925714  -9557.101210              
*  2025  1  1  8  4   0.00000000                            
PL51   4892.254928    808.640108  11177.259324              
VL51  36674.517334 -46129.646922 -12498.653946              
*  2025  1  1  8  6   0.00000000                            
PL51   5319.775939    250.353193  11009.825362              
VL51  34558.733808 -46888.276633 -15399.447777              
*  2025  1  1  8  8   0.00000000                            
PL51   5721.198360   -315.952915  10807.872100              
VL51  32326.415051 -47465.525559 -18250.364972              
*  2025  1  1  8 10   0.00000000                            
PL51   6095.184430   -888.079614  10572.051885              
VL51  29987.736876 -47857.846742 -21042.466246              
*  2025  1  1  8 12   0.00000000                            
PL51   6440.520775  -1463.790273  10303.123124              
VL51  27553.247580 -48062.451490 -23767.019299              
*  2025  1  1  8 14   0.00000000                            
PL51   6756.122599  -2040.819414  10001.947629              
VL51  25033.820191 -48077.321990 -26415.526481              
*  2025  1  1  8 16   0.00000000                            
PL51   7041.037288  -2616.882014   9669.487643              
VL51  22440.603650 -47901.220574 -28979.751486              
*  2025  1  1  8 18   0.00000000                            
PL51   7294.447423  -3189.682914   9306.802548              
VL51  19784.973173 -47533.695600 -31451.745010              
*  2025  1  1  8 20   0.00000000                            
PL51   7515.673192  -3756.926262   8915.045271              
VL51  17078.480017 -46975.083945 -33823.869279              
*  2025  1  1  8 22   0.00000000                            
PL51   7704.174203  -4316.324980   8495.458407              
VL51  14332.800870 -46226.510105 -36088.821371              
*  2025  1  1  8 24   0.00000000                            
PL51   7859.550684  -4865.610189   8049.370067              
VL51  11559.687103 -45289.881938 -38239.655274              
*  2025  1  1  8 26   0.00000000                            
PL51   7981.544073  -5402.540567   7578.189465              
VL51   8770.914107 -44167.883064 -40269.802605              
*  2025  1  1  8 28   0.00000000                            
PL51   8070.037004  -5924.911598   7083.402276              
VL51   5978.230943 -42863.961989 -42173.091921              
*  2025  1  1  8 30   0.00000000                            
PL51   8125.052695  -6430.564670   6566.565758              
VL51   3193.310520 -41382.318013 -43943.766579              
*  2025  1  1  8 32   0.00000000                            
PL51   8146.753732  -6917.395980   6029.303681              
VL51    427.700532 -39727.884006 -45576.501089              
*  2025  1  1  8 34   0.00000000                            
PL51   8135.440285  -7383.365222   5473.301055              
VL51  -2307.224641 -37906.306149 -47066.415911              
*  2025  1  1  8 36   0.00000000                            
PL51   8091.547740  -7826.504012   4900.298704              
VL51  -5000.310862 -35923.920749 -48409.090672              
*  2025  1  1  8 38   0.00000000                            
PL51   8015.643783  -8244.924010   4312.087684              
VL51  -7640.669793 -33787.728260 -49600.575763              
*  2025  1  1  8 40   0.00000000                            
PL51   7908.424942  -8636.824728   3710.503567              
VL51 -10217.722891 -31505.364646 -50637.402309              
*  2025  1  1  8 42   0.00000000                            
PL51   7770.712621  -9000.500965   3097.420630              
VL51 -12721.243673 -29085.070226 -51516.590483              
*  2025  1  1  8 44   0.00000000                            
PL51   7603.448622  -9334.349866   2474.745934              
VL51 -15141.398067 -26535.656173 -52235.656179              
*  2025  1  1  8 46   0.00000000                            
PL51   7407.690212  -9636.877556   1844.413353              
VL51 -17468.782723 -23866.468829 -52792.616036              
*  2025  1  1  8 48   0.00000000                            
PL51   7184.604732  -9906.705340   1208.377538              
VL51 -19694.461109 -21087.352005 -53185.990822              
*  2025  1  1  8 50   0.00000000                            
PL51   6935.463787 -10142.575438    568.607856              
VL51 -21809.997298 -18208.607448 -53414.807207              
*  2025  1  1  8 52   0.00000000                            
PL51   6661.637057 -10343.356232    -72.917683              
VL51 -23807.487308 -15240.953663 -53478.597932              
*  2025  1  1  8 54   0.00000000                            
PL51   6364.585728 -10508.047015   -714.218492              
VL51 -25679.587904 -12195.483274 -53377.400409              
*  2025  1  1  8 56   0.00000000                            
PL51   6045.855611 -10635.782217  -1353.317448              
VL51 -27419.542773  -9083.619109 -53111.753785              
*  2025  1  1  8 58   0.00000000                            
PL51   5707.069951 -10725.835098  -1988.246885              
VL51 -29021.205987  -5917.069225 -52682.694511              
*  2025  1  1  9  0   0.00000000                            
PL51   5349.921977 -10777.620898  -2617.054530              
VL51 -30479.062707  -2707.781046 -52091.750450              
*  2025  1  1  9  2   0.00000000                            
PL51   4976.167220 -10790.699429  -3237.809358              
VL51 -31788.247066    532.105183 -51340.933593              
*  2025  1  1  9  4   0.00000000                            
PL51   4587.615630 -10764.777109  -3848.607349              
VL51 -32944.557203   3790.303410 -50432.731426              
*  2025  1  1  9  6   0.00000000                            
PL51   4186.123533 -10699.708427  -4447.577139              
VL51 -33944.467438   7054.429106 -49370.097013              
*  2025  1  1  9  8   0.00000000                            
PL51   3773.585458 -10595.496839  -5032.885535              
VL51 -34785.137567  10312.046679 -48156.437864              
*  2025  1  1  9 10   0.00000000                            
PL51   3351.925871 -10452.295097  -5602.742905              
VL51 -35464.419309  13550.716826 -46795.603657              
*  2025  1  1  9 12   0.00000000                            
PL51   2923.090845 -10270.405015  -6155.408396              
VL51 -35980.859902  16758.043623 -45291.872881              
*  2025  1  1  9 14   0.00000000                            
PL51   2489.039708 -10050.276660  -6689.195000              
VL51 -36333.702922  19921.721209 -43649.938480              
*  2025  1  1  9 16   0.00000000                            
PL51   2051.736696  -9792.506999  -7202.474435              
VL51 -36522.886333  23029.579893 -41874.892559              
*  2025  1  1  9 18   0.00000000                            
PL51   1613.142645  -9497.837994  -7693.681839              
VL51 -36549.037858  26069.631550 -39972.210228              
*  2025  1  1  9 20   0.00000000                            
PL51   1175.206754  -9167.154147  -8161.320264              
VL51 -36413.467712  29030.114167 -37947.732647              
*  2025  1  1  9 22   0.00000000                            
PL51    739.858452  -8801.479533  -8603.964966              
VL51 -36118.158786  31899.535404 -35807.649327              
*  2025  1  1  9 24   0.00000000                            
PL51    308.999399  -8401.974302  -9020.267471              
VL51 -35665.754335  34666.715068 -33558.479755              
*  2025  1  1  9 26   0.00000000                            
PL51   -115.504354  -7969.930688  -9408.959427              
VL51 -35059.543277  37320.826365 -31207.054393              
*  2025  1  1  9 28   0.00000000                            
PL51   -531.830014  -7506.768525  -9768.856213              
VL51 -34303.443165  39851.435840 -28760.495092              
*  2025  1  1  9 30   0.00000000                            
PL51   -938.205475  -7014.030294 -10098.860319              
VL51 -33401.980938  42248.541902 -26226.194991              
*  2025  1  1  9 32   0.00000000                            
PL51  -1332.916506  -6493.375720 -10397.964480              
VL51 -32360.271521  44502.611834 -23611.797914              
*  2025  1  1  9 34   0.00000000                            
PL51  -1714.313663  -5946.575929 -10665.254553              
VL51 -31183.994391  46604.617214 -20925.177333              
*  2025  1  1  9 36   0.00000000                            
PL51  -2080.818920  -5375.507192 -10899.912148              
VL51 -29879.368181  48546.067645 -18174.414905              
*  2025  1  1  9 38   0.00000000                            
PL51  -2430.931974  -4782.144276 -11101.216996              
VL51 -28453.123438  50319.042740 -15367.778635              
*  2025  1  1  9 40   0.00000000                            
PL51  -2763.236216  -4168.553420 -11268.549051              
VL51 -26912.473610  51916.222252 -12513.700683              
*  2025  1  1  9 42   0.00000000                            
PL51  -3076.404342  -3536.884967 -11401.390326              
VL51 -25265.084379  53330.914317  -9620.754834              
*  2025  1  1  9 44   0.00000000                            
PL51  -3369.203589  -2889.365654 -11499.326453              
VL51 -23519.041427  54557.081698  -6697.633672              
*  2025  1  1  9 46   0.00000000                            
PL51  -3640.500576  -2228.290619 -11562.047975              
VL51 -21682.816732  55589.365995  -3753.125455              
*  2025  1  1  9 48   0.00000000                            
PL51  -3889.265729  -1556.015116 -11589.351350              
VL51 -19765.233505  56423.109728   -796.090726              
*  2025  1  1  9 50   0.00000000                            
PL51  -4114.577276   -874.945980 -11581.139677              
VL51 -17775.429856  57054.376237   2164.561329              
*  2025  1  1  9 52   0.00000000                            
PL51  -4315.624808   -187.532875 -11537.423140              
VL51 -15722.821296  57479.967331   5119.896763              
*  2025  1  1  9 54   0.00000000                            
PL51  -4491.712372    503.740667 -11458.319158              
VL51 -13617.062182  57697.438609   8060.980971              
*  2025  1  1  9 56   0.00000000                            
PL51  -4642.261106   1196.366371 -11344.052246              
VL51 -11468.006201  57705.112391  10978.902994              
*  2025  1  1  9 58   0.00000000                            
PL51  -4766.811382   1887.820481 -11194.953589              
VL51  -9285.666015  57502.088184  13864.800010              
*  2025  1  1 10  0   0.00000000                            
PL51  -4865.024478   2575.573141 -11011.460311              
VL51  -7080.172162  57088.250600  16709.881989              
*  2025  1  1 10  2   0.00000000                            
PL51  -4936.683735   3257.097849 -10794.114458              
VL51  -4861.731342  56464.274671  19505.456475              
*  2025  1  1 10  4   0.00000000                            
PL51  -4981.695219   3929.880959 -10543.561676              
VL51  -2640.584211  55631.628463  22242.953481              
*  2025  1  1 10  6   0.00000000                            
PL51  -5000.087878   4591.431202 -10260.549588              
VL51   -426.962797  54592.572933  24913.950422              
*  2025  1  1 10  8   0.00000000                            
PL51  -4992.013176   5239.289184  -9945.925882              
VL51   1768.952301  53350.158953  27510.197067              
*  2025  1  1 10 10   0.00000000                            
PL51  -4957.744223   5871.036832  -9600.636089              
VL51   3937.074818  51908.221440  30023.640439              
*  2025  1  1 10 12   0.00000000                            
PL51  -4897.674383   6484.306754  -9225.721068              
VL51   6067.455645  50271.370537  32446.449597              
*  2025  1  1 10 14   0.00000000                            
PL51  -4812.315372   7076.791476  -8822.314195              
VL51   8150.325451  48444.979793  34771.040232              
*  2025  1  1 10 16   0.00000000                            
PL51  -4702.294850   7646.252512  -8391.638255              
VL51  10176.136898  46435.171313  36990.099002              
*  2025  1  1 10 18   0.00000000                            
PL51  -4568.353505   8190.529244  -7935.002048              
VL51  12135.606316  44248.797840  39096.607510              
*  2025  1  1 10 20   0.00000000                            
PL51  -4411.341638   8707.547568  -7453.796706              
VL51  14019.754625  41893.421771  41083.865845              
*  2025  1  1 10 22   0.00000000                            
PL51  -4232.215276   9195.328269  -6949.491734              
VL51  15819.947354  39377.291093  42945.515590              
*  2025  1  1 10 24   0.00000000                            
PL51  -4032.031792   9651.995087  -6423.630779              
VL51  17527.933545  36709.312264  44675.562181              
*  2025  1  1 10 26   0.00000000                            
PL51  -3811.945084  10075.782439  -5877.827128              
VL51  19135.883368  33899.020060  46268.396527              
*  2025  1  1 10 28   0.00000000                            
PL51  -3573.200299  10465.042767  -5313.758962              
VL51  20636.424241  30956.544453  47718.815775              
*  2025  1  1 10 30   0.00000000                            
PL51  -3317.128138  10818.253466  -4733.164359              
VL51  22022.675280  27892.574570  49022.043089              
*  2025  1  1 10 32   0.00000000                            
PL51  -3045.138758  11134.023360  -4137.836068              
VL51  23288.279858  24718.319836  50173.746353              
*  2025  1  1 10 34   0.00000000                            
PL51  -2758.715297  11411.098703  -3529.616069              
VL51  24427.436111  21445.468398  51170.055652              
*  2025  1  1 10 36   0.00000000                            
PL51  -2459.407046  11648.368658  -2910.389923              
VL51  25434.925176  18086.142984  52007.579428              
*  2025  1  1 10 38   0.00000000                            
PL51  -2148.822290  11844.870240  -2282.080948              
VL51  26306.137001  14652.854321  52683.419185              
*  2025  1  1 10 40   0.00000000                            
PL51  -1828.620869  11999.792673  -1646.644218              
VL51  27037.093537  11158.452322  53195.182643              
*  2025  1  1 10 42   0.00000000                            
PL51  -1500.506461  12112.481166  -1006.060420              
VL51  27624.469153   7616.075217  53540.995208              
*  2025  1  1 10 44   0.00000000                            
PL51  -1166.218649  12182.440050   -362.329579              
VL51  28065.608121   4039.096867  53719.509680              
*  2025  1  1 10 46   0.00000000                            
PL51   -827.524792  12209.335290    282.535318              
VL51  28358.539036    441.072499  53729.914090              
*  2025  1  1 10 48   0.00000000                            
PL51   -486.211742  12192.996321    926.514781              
VL51  28501.986050  -3164.316866  53571.937595              
*  2025  1  1 10 50   0.00000000                            
PL51   -144.077446  12133.417223   1567.589338              
VL51  28495.376818  -6763.321017  53245.854370              
*  2025  1  1 10 52   0.00000000                            
PL51    197.077526  12030.757209   2203.746087              
VL51  28338.847083 -10342.177904  52752.485440              
*  2025  1  1 10 54   0.00000000                            
PL51    535.458488  11885.340418   2832.985260              
VL51  28033.241848 -13887.171423  52093.198428              
*  2025  1  1 10 56   0.00000000                            
PL51    869.285144  11697.655015   3453.326769              
VL51  27580.113089 -17384.689364  51269.905187              
*  2025  1  1 10 58   0.00000000                            
PL51   1196.800031  11468.351602   4062.816711              
VL51  26981.714001 -20821.281188  50285.057324              
*  2025  1  1 11  0   0.00000000                            
PL51   1516.276891  11198.240928   4659.533811              
VL51  26240.989789 -24183.715359  49141.639597              
*  2025  1  1 11  2   0.00000000                            
PL51   1826.028898  10888.290925   5241.595765              
VL51  25361.565023 -27459.035917  47843.161218              
*  2025  1  1 11  4   0.00000000                            
PL51   2124.416719  10539.623064   5807.165476              
VL51  24347.727608 -30634.617987  46393.645068              
*  2025  1  1 11  6   0.00000000                            
PL51   2409.856359  10153.508056   6354.457140              
VL51  23204.409445 -33698.221936  44797.614875              
*  2025  1  1 11  8   0.00000000                            
PL51   2680.826760   9731.360914   6881.742167              
VL51  21937.163868 -36638.045870  43060.080404              
*  2025  1  1 11 10   0.00000000                            
PL51   2935.877107   9274.735391   7387.354921              
VL51  20552.139982 -39442.776201  41186.520728              
*  2025  1  1 11 12   0.00000000                            
PL51   3173.633805   8785.317834   7869.698237              
VL51  19056.054024 -42101.635997  39182.865652              
*  2025  1  1 11 14   0.00000000                            
PL51   3392.807102   8264.920459   8327.248712              
VL51  17456.157919 -44604.430883  37055.475409              
*  2025  1  1 11 16   0.00000000                            
PL51   3592.197312   7715.474104   8758.561739              
VL51  15760.205197 -46941.592241  34811.118712              
*  2025  1  1 11 18   0.00000000                            
PL51   3770.700623   7139.020471   9162.276271              
VL51  13976.414443 -49104.217508  32456.949286              
*  2025  1  1 11 20   0.00000000                            
PL51   3927.314441   6537.703910   9537.119290              
VL51  12113.430514 -51084.107392  30000.480991              
*  2025  1  1 11 22   0.00000000                            
PL51   4061.142264   5913.762771   9881.909977              
VL51  10180.283690 -52873.799824  27449.561659              
*  2025  1  1 11 24   0.00000000                            
PL51   4171.398056   5269.520372  10195.563553              
VL51   8186.347017 -54466.600498  24812.345779              
*  2025  1  1 11 26   0.00000000                            
PL51   4257.410092   4607.375619  10477.094792              
VL51   6141.292031 -55856.609892  22097.266133              
*  2025  1  1 11 28   0.00000000                            
PL51   4318.624268   3929.793322  10725.621187              
VL51   4055.043137 -57038.746639  19313.004533              
*  2025  1  1 11 30   0.00000000                            
PL51   4354.606859   3239.294262  10940.365755              
VL51   1937.730835 -58008.767179  16468.461784              
*  2025  1  1 11 32   0.00000000                            
PL51   4365.046702   2538.445033  11120.659483              
VL51   -200.355925 -58763.281622  13572.727004              
*  2025  1  1 11 34   0.00000000                            
PL51   4349.756814   1829.847724  11265.943404              
VL51  -2348.818047 -59299.765790  10635.046418              
*  2025  1  1 11 36   0.00000000                            
PL51   4308.675415   1116.129476  11375.770289              
VL51  -4497.195001 -59616.569413   7664.791781              
*  2025  1  1 11 38   0.00000000                            
PL51   4241.866378    399.931968  11449.805963              
VL51  -6635.013701 -59712.920476   4671.428520              
*  2025  1  1 11 40   0.00000000                            
PL51   4149.519084   -316.099132  11487.830241              
VL51  -8751.837327 -59588.925734   1664.483737              
*  2025  1  1 11 42   0.00000000                            
PL51   4031.947695  -1029.324697  11489.737471              
VL51 -10837.313845 -59245.567428  -1346.485828              
*  2025  1  1 11 44   0.00000000                            
PL51   3889.589848  -1737.122602  11455.536701              
VL51 -12881.224000 -58684.696238  -4351.925744              
*  2025  1  1 11 46   0.00000000                            
PL51   3723.004778  -2436.898094  11385.351457              
VL51 -14873.528568 -57909.020543  -7342.315644              
*  2025  1  1 11 48   0.00000000                            
PL51   3532.870879  -3126.093992  11279.419152              
VL51 -16804.414626 -56922.092052 -10308.200672              
*  2025  1  1 11 50   0.00000000                            
PL51   3319.982715  -3802.200710  11138.090104              
VL51 -18664.340648 -55728.287913 -13240.222503              
*  2025  1  1 11 52   0.00000000                            
PL51   3085.247502  -4462.766037  10961.826203              
VL51 -20444.080201 -54332.789396 -16129.149840              
*  2025  1  1 11 54   0.00000000                            
PL51   2829.681072  -5105.404638  10751.199200              
VL51 -22134.764071 -52741.557281 -18965.908265              
*  2025  1  1 11 56   0.00000000                            
PL51   2554.403338  -5727.807248  10506.888653              
VL51 -23727.920597 -50961.304098 -21741.609361              
*  2025  1  1 11 58   0.00000000                            
PL51   2260.633298  -6327.749511  10229.679523              
VL51 -25215.514081 -48999.463361 -24447.578992              
*  2025  1  1 12  0   0.00000000                            
PL51   1949.683578  -6903.100432   9920.459438              
VL51 -26589.981083 -46864.155979 -27075.384669              
*  2025  1  1 12  2   0.00000000                            
PL51   1622.954563  -7451.830410   9580.215632              
VL51 -27844.264459 -44564.153994 -29616.861921              
*  2025  1  1 12  4   0.00000000                            
PL51   1281.928123  -7972.018826   9210.031580              
VL51 -28971.845022 -42108.841851 -32064.139586              
*  2025  1  1 12  6   0.00000000                            
PL51    928.160985  -8461.861141   8811.083327              
VL51 -29966.770673 -39508.175356 -34409.663965              
*  2025  1  1 12  8   0.00000000                            
PL51    563.277767  -8919.675503   8384.635545              
VL51 -30823.682908 -36772.638537 -36646.221771              
*  2025  1  1 12 10   0.00000000                            
PL51    188.963703  -9343.908809   7932.037312              
VL51 -31537.840578 -33913.198583 -38766.961801              
*  2025  1  1 12 12   0.00000000                            
PL51   -193.042886  -9733.142231   7454.717647              
VL51 -32105.140830 -30941.259081 -40765.415274              
*  2025  1  1 12 14   0.00000000                            
PL51   -580.958368 -10086.096162   6954.180802              
VL51 -32522.137121 -27868.611744 -42635.514771              
*  2025  1  1 12 16   0.00000000                            
PL51   -972.961766 -10401.634576   6432.001344              
VL51 -32786.054259 -24707.386869 -44371.611725              
*  2025  1  1 12 18   0.00000000                            
PL51  -1367.202891 -10678.768789   5889.819029              
VL51 -32894.800415 -21470.002724 -45968.492413              
*  2025  1  1 12 20   0.00000000                            
PL51  -1761.810599 -10916.660609   5329.333494              
VL51 -32846.976060 -18169.114122 -47421.392394              
*  2025  1  1 12 22   0.00000000                            
PL51  -2154.901133 -11114.624859   4752.298790              
VL51 -32641.879817 -14817.560383 -48726.009365              
*  2025  1  1 12 24   0.00000000                            
PL51  -2544.586529 -11272.131280   4160.517764              
VL51 -32279.511215 -11428.312947 -49878.514405              
*  2025  1  1 12 26   0.00000000                            
PL51  -2928.983019 -11388.805802   3555.836323              
VL51 -31760.570362  -8014.422846 -50875.561574              
*  2025  1  1 12 28   0.00000000                            
PL51  -3306.219424 -11464.431180   2940.137586              
VL51 -31086.454564  -4588.968292 -51714.295856              
*  2025  1  1 12 30   0.00000000                            
PL51  -3674.445488 -11498.947012   2315.335955              
VL51 -30259.251930  -1165.002589 -52392.359444              
*  2025  1  1 12 32   0.00000000                            
PL51  -4031.840111 -11492.449126   1683.371116              
VL51 -29281.732030   2244.497383 -52907.896364              
*  2025  1  1 12 34   0.00000000                            
PL51  -4376.619455 -11445.188363   1046.202003              
VL51 -28157.333669   5626.681916 -53259.555453              
*  2025  1  1 12 36   0.00000000                            
PL51  -4707.044891 -11357.568745    405.800726              
VL51 -26890.149873   8968.878231 -53446.491708              
*  2025  1  1 12 38   0.00000000                            
PL51  -5021.430745 -11230.145065   -235.853501              
VL51 -25484.910171  12258.639056 -53468.366042              
*  2025  1  1 12 40   0.00000000                            
PL51  -5318.151815 -11063.619890   -876.780422              
VL51 -23946.960292  15483.789834 -53325.343470              
*  2025  1  1 12 42   0.00000000                            
PL51  -5595.650631 -10858.840021  -1515.004771              
VL51 -22282.239382  18632.474387 -53018.089773              
*  2025  1  1 12 44   0.00000000                            
PL51  -5852.444433 -10616.792397  -2148.562251              
VL51 -20497.254868  21693.198862 -52547.766669              
*  2025  1  1 12 46   0.00000000                            
PL51  -6087.131818 -10338.599502  -2775.505451              
VL51 -18599.055101  24654.873823 -51916.025552              
*  2025  1  1 12 48   0.00000000                            
PL51  -6298.399069 -10025.514264  -3393.909679              
VL51 -16595.199919  27506.854319 -51124.999853              
*  2025  1  1 12 50   0.00000000                            
PL51  -6485.026095  -9678.914491  -4001.878689              
VL51 -14493.729269  30238.977826 -50177.296063              
*  2025  1  1 12 52   0.00000000                            
PL51  -6645.892002  -9300.296869  -4597.550304              
VL51 -12303.130059  32841.599921 -49075.983505              
*  2025  1  1 12 54   0.00000000                            
PL51  -6779.980248  -8891.270541  -5179.101897              
VL51 -10032.301360  35305.627606 -47824.582909              
*  2025  1  1 12 56   0.00000000                            
PL51  -6886.383371  -8453.550300  -5744.755737              
VL51  -7690.518159  37622.550188 -46427.053857              
*  2025  1  1 12 58   0.00000000                            
PL51  -6964.307278  -7988.949433  -6292.784174              
VL51  -5287.393774  39784.467645 -44887.781183              
*  2025  1  1 13  0   0.00000000                            
PL51  -7013.075073  -7499.372230  -6821.514653              
VL51  -2832.841124  41784.116423 -43211.560382              
*  2025  1  1 13  2   0.00000000                            
PL51  -7032.130414  -6986.806209  -7329.334555              
VL51   -337.032982  43614.892623 -41403.582106              
*  2025  1  1 13  4   0.00000000                            
PL51  -7021.040387  -6453.314074  -7814.695835              
VL51   2189.638621  45270.872545 -39469.415810              
*  2025  1  1 13  6   0.00000000                            
PL51  -6979.497894  -5901.025439  -8276.119472              
VL51   4736.603714  46746.830574 -37414.992612              
*  2025  1  1 13  8   0.00000000                            
PL51  -6907.323535  -5332.128361  -8712.199696              
VL51   7293.156254  48038.254383 -35246.587426              
*  2025  1  1 13 10   0.00000000                            
PL51  -6804.466986  -4748.860701  -9121.608011              
VL51   9848.496427  49141.357468 -32970.800414              
*  2025  1  1 13 12   0.00000000                            
PL51  -6671.007872  -4153.501352  -9503.096974              
VL51  12391.773226  50053.089010 -30594.537839              
*  2025  1  1 13 14   0.00000000                            
PL51  -6507.156124  -3548.361367  -9855.503759              
VL51  14912.127188  50771.141076 -28124.992325              
*  2025  1  1 13 16   0.00000000                            
PL51  -6313.251821  -2935.775011 -10177.753466              
VL51  17398.733129  51293.953183 -25569.622621              
*  2025  1  1 13 18   0.00000000                            
PL51  -6089.764528  -2318.090779 -10468.862197              
VL51  19840.842791  51620.714248 -22936.132867              
*  2025  1  1 13 20   0.00000000                            
PL51  -5837.292115  -1697.662405 -10727.939866              
VL51  22227.827230  51751.361945 -20232.451433              
*  2025  1  1 13 22   0.00000000                            
PL51  -5556.559072  -1076.839894 -10954.192768              
VL51  24549.218859  51686.579526 -17466.709357              
*  2025  1  1 13 24   0.00000000                            
PL51  -5248.414323   -457.960605 -11146.925876              
VL51  26794.753014  51427.790119 -14647.218409              
*  2025  1  1 13 26   0.00000000                            
PL51  -4913.828549    156.659582 -11305.544879              
VL51  28954.408929  50977.148568 -11782.448817              
*  2025  1  1 13 28   0.00000000                            
PL51  -4553.891010    764.734980 -11429.557943              
VL51  31018.450009  50337.530844  -8881.006678              
*  2025  1  1 13 30   0.00000000                            
PL51  -4169.805906   1364.018680 -11518.577213              
VL51  32977.463293  49512.521074  -5951.611060              
*  2025  1  1 13 32   0.00000000                            
PL51  -3762.888256   1952.310954 -11572.320020              
VL51  34822.397997  48506.396241  -3003.070831              
*  2025  1  1 13 34   0.00000000                            
PL51  -3334.559329   2527.467469 -11590.609827              
VL51  36544.603020  47324.108582    -44.261212              
*  2025  1  1 13 36   0.00000000                            
PL51  -2886.341623   3087.407273 -11573.376877              
VL51  38135.863305  45971.265747   2915.899917              
*  2025  1  1 13 38   0.00000000                            
PL51  -2419.853429   3630.120527 -11520.658566              
VL51  39588.434939  44454.108744   5868.475959              
*  2025  1  1 13 40   0.00000000                            
PL51  -1936.802964   4153.675967 -11432.599518              
VL51  40895.078879  42779.487739   8804.535755              
*  2025  1  1 13 42   0.00000000                            
PL51  -1438.982127   4656.228053 -11309.451379              
VL51  42049.093176  40954.835729  11715.177953              
*  2025  1  1 13 44   0.00000000                            
PL51   -928.259861   5136.023799 -11151.572309              
VL51  43044.343584  38988.140168  14591.555550              
*  2025  1  1 13 46   0.00000000                            
PL51   -406.575168   5591.409241 -10959.426182              
VL51  43875.292416  36887.912577  17424.900599              
*  2025  1  1 13 48   0.00000000                            
PL51    124.070211   6020.835542 -10733.581490              
VL51  44537.025535  34663.156207  20206.549032              
*  2025  1  1 13 50   0.00000000                            
PL51    661.619433   6422.864679 -10474.709944              
VL51  45025.277335  32323.331820  22927.965574              
*  2025  1  1 13 52   0.00000000                            
PL51   1203.968476   6796.174728 -10183.584783              
VL51  45336.453588  29878.321654  25580.768698              
*  2025  1  1 13 54   0.00000000                            
PL51   1748.974316   7139.564689  -9861.078776              
VL51  45467.652026  27338.391648  28156.755573              
*  2025  1  1 13 56   0.00000000                            
PL51   2294.463351   7451.958864  -9508.161930              
VL51  45416.680520  24714.152035  30647.926942              
*  2025  1  1 13 58   0.00000000                            
PL51   2838.240008   7732.410734  -9125.898896              
VL51  45182.072738  22016.516366  33046.511876              
*  2025  1  1 14  0   0.00000000                            
PL51   3378.095544   7980.106356  -8715.446087              
VL51  44763.101150  19256.659104  35344.992318              
*  2025  1  1 14  2   0.00000000                            
PL51   3911.816969   8194.367224  -8278.048489              
VL51  44159.787246  16445.971893  37536.127350              
*  2025  1  1 14  4   0.00000000                            
PL51   4437.196082   8374.652613  -7815.036200              
VL51  43372.908880  13596.018622  39612.977086              
*  2025  1  1 14  6   0.00000000                            
PL51   4952.038580   8520.561369  -7327.820673              
VL51  42404.004596  10718.489455  41568.926103              
*  2025  1  1 14  8   0.00000000                            
PL51   5454.173192   8631.833142  -6817.890683              
VL51  41255.374862   7825.153948  43397.706308              
*  2025  1  1 14 10   0.00000000                            
PL51   5941.460818   8708.349056  -6286.808028              
VL51  39930.080116   4927.813450  45093.419130              
*  2025  1  1 14 12   0.00000000                            
PL51   6411.803618   8750.131803  -5736.202963              
VL51  38431.935541   2038.252954  46650.556933              
*  2025  1  1 14 14   0.00000000                            
PL51   6863.154022   8757.345152  -5167.769387              
VL51  36765.502523   -831.807400  48064.023532              
*  2025  1  1 14 16   0.00000000                            
PL51   7293.523614   8730.292882  -4583.259787              
VL51  34936.076736  -3670.760976  49329.153688              
*  2025  1  1 14 18   0.00000000                            
PL51   7700.991860   8669.417129  -3984.479954              
VL51  32949.672843  -6467.163209  50441.731478              
*  2025  1  1 14 20   0.00000000                            
PL51   8083.714621   8575.296148  -3373.283486              
VL51  30813.005796  -9209.779895  51398.007410              
*  2025  1  1 14 22   0.00000000                            
PL51   8439.932433   8448.641504  -2751.566102              
VL51  28533.468765 -11887.634935  52194.714170              
*  2025  1  1 14 24   0.00000000                            
PL51   8767.978493   8290.294692  -2121.259757              
VL51  26119.107718 -14490.057325  52829.080904              
*  2025  1  1 14 26   0.00000000                            
PL51   9066.286324   8101.223195  -1484.326619              
VL51  23578.592734 -17006.727133  53298.845905              
*  2025  1  1 14 28   0.00000000                            
PL51   9333.397078   7882.516008   -842.752882              
VL51  20921.186112 -19427.720226  53602.267623              
*  2025  1  1 14 30   0.00000000                            
PL51   9567.966434   7635.378622   -198.542473              
VL51  18156.707390 -21743.551500  53738.133895              
*  2025  1  1 14 32   0.00000000                            
PL51   9768.771059   7361.127508    446.289352              
VL51  15295.495407 -23945.216375  53705.769325              
*  2025  1  1 14 34   0.00000000                            
PL51   9934.714602   7061.184107   1089.722479              
VL51  12348.367543 -26024.230315  53505.040709              
*  2025  1  1 14 36   0.00000000                            
PL51  10064.833174   6737.068370   1729.738466              
VL51   9326.576330 -27972.666145  53136.360471              
*  2025  1  1 14 38   0.00000000                            
PL51  10158.300301   6390.391853   2364.327105              
VL51   6241.763610 -29783.188934  52600.688030              
*  2025  1  1 14 40   0.00000000                            
PL51  10214.431306   6022.850414   2991.492976              
VL51   3105.912465 -31449.088248  51899.529075              
*  2025  1  1 14 42   0.00000000                            
PL51  10232.687109   5636.216541   3609.261996              
VL51    -68.702842 -32964.307556  51034.932708              
*  2025  1  1 14 44   0.00000000                            
PL51  10212.677409   5232.331346   4215.687905              
VL51  -3269.568666 -34323.470614  50009.486449              
*  2025  1  1 14 46   0.00000000                            
PL51  10154.163238   4813.096253   4808.858691              
VL51  -6483.985257 -35521.904678  48826.309105              
*  2025  1  1 14 48   0.00000000                            
PL51  10057.058872   4380.464439   5386.902908              
VL51  -9699.121222 -36555.660372  47489.041527              
*  2025  1  1 14 50   0.00000000                            
PL51   9921.433075   3936.432049   5947.995880              
VL51 -12902.068899 -37421.528122  46001.835285              
*  2025  1  1 14 52   0.00000000                            
PL51   9747.509684   3483.029237   6490.365744              
VL51 -16079.900339 -38117.051033  44369.339307              
*  2025  1  1 14 54   0.00000000                            
PL51   9535.667508   3022.311076   7012.299338              
VL51 -19219.723603 -38640.534150  42596.684563              
*  2025  1  1 14 56   0.00000000                            
PL51   9286.439563   2556.348379   7512.147874              
VL51 -22308.739075 -38991.050045  40689.466836              
*  2025  1  1 14 58   0.00000000                            
PL51   9000.511628   2087.218468   7988.332410              
VL51 -25334.295499 -39168.440704  38653.727706              
*  2025  1  1 15  0   0.00000000                            
PL51   8678.720126   1616.995955   8439.349075              
VL51 -28283.945448 -39173.315721  36495.933803              
*  2025  1  1 15  2   0.00000000                            
PL51   8322.049354   1147.743555   8863.774038              
VL51 -31145.499931 -39007.046804  34222.954466              
*  2025  1  1 15  4   0.00000000                            
PL51   7931.628060    681.502995   9260.268194              
VL51 -33907.081876 -38671.758654  31842.037892              
*  2025  1  1 15  6   0.00000000                            
PL51   7508.725380    220.286048   9627.581569              
VL51 -36557.178213 -38170.316270  29360.785917              
*  2025  1  1 15  8   0.00000000                            
PL51   7054.746174   -233.934254   9964.557397              
VL51 -39084.690299 -37506.308779  26787.127538              
*  2025  1  1 15 10   0.00000000                            
PL51   6571.225753   -679.232199  10270.135887              
VL51 -41478.982462 -36684.029882  24129.291300              
*  2025  1  1 15 12   0.00000000                            
PL51   6059.824045  -1113.737714  10543.357647              
VL51 -43729.928413 -35708.455059  21395.776686              
*  2025  1  1 15 14   0.00000000                            
PL51   5522.319218  -1535.644393  10783.366753              
VL51 -45827.955345 -34585.215656  18595.324623              
*  2025  1  1 15 16   0.00000000                            
PL51   4960.600780  -1943.217200  10989.413475              
VL51 -47764.085496 -33320.570008  15736.887244              
*  2025  1  1 15 18   0.00000000                            
PL51   4376.662209  -2334.799803  11160.856617              
VL51 -49529.974994 -31921.371779  12829.597025              
*  2025  1  1 15 20   0.00000000                            
PL51   3772.593123  -2708.821516  11297.165503              
VL51 -51117.949834 -30395.035672   9882.735425              
*  2025  1  1 15 22   0.00000000                            
PL51   3150.571044  -3063.803814  11397.921565              
VL51 -52521.038811 -28749.500722   6905.701180              
*  2025  1  1 15 24   0.00000000                            
PL51   2512.852781  -3398.366391  11462.819568              
VL51 -53733.003288 -26993.191368   3907.978355              
*  2025  1  1 15 26   0.00000000                            
PL51   1861.765476  -3711.232746  11491.668436              
VL51 -54748.363685 -25134.976503    899.104309              
*  2025  1  1 15 28   0.00000000                            
PL51   1199.697355  -4001.235255  11484.391700              
VL51 -55562.422597 -23184.126749  -2111.362324              
*  2025  1  1 15 30   0.00000000                            
PL51    529.088220  -4267.319734  11441.027563              
VL51 -56171.284459 -21150.270149  -5113.873497              
*  2025  1  1 15 32   0.00000000                            
PL51   -147.580273  -4508.549450  11361.728586              
VL51 -56571.871715 -19043.346537  -8098.923367              
*  2025  1  1 15 34   0.00000000                            
PL51   -827.794513  -4724.108587  11246.760985              
VL51 -56761.937449 -16873.560779 -11057.079542              
*  2025  1  1 15 36   0.00000000                            
PL51  -1509.018955  -4913.305141  11096.503575              
VL51 -56740.074449 -14651.335144 -13979.013881              
*  2025  1  1 15 38   0.00000000                            
PL51  -2188.706234  -5075.573234  10911.446329              
VL51 -56505.720694 -12387.261006 -16855.532737              
*  2025  1  1 15 40   0.00000000                            
PL51  -2864.307326  -5210.474862  10692.188587              
VL51 -56059.161253 -10092.050109 -19677.606576              
*  2025  1  1 15 42   0.00000000                            
PL51  -3533.281702  -5317.701033  10439.436917              
VL51 -55401.526617  -7776.485612 -22436.398868              
*  2025  1  1 15 44   0.00000000                            
PL51  -4193.107446  -5397.072340  10154.002625              
VL51 -54534.787456  -5451.373136 -25123.294164              
*  2025  1  1 15 46   0.00000000                            
PL51  -4841.291292  -5448.538936   9836.798940              
VL51 -53461.745864  -3127.492036 -27729.925267              
*  2025  1  1 15 48   0.00000000                            
PL51  -5475.378525  -5472.179922   9488.837876              
VL51 -52186.023119   -815.547114 -30248.199411              
*  2025  1  1 15 50   0.00000000                            
PL51  -6092.962726  -5468.202175   9111.226786              
VL51 -50712.044039   1473.879008 -32670.323351              
*  2025  1  1 15 52   0.00000000                            
PL51  -6691.695302  -5436.938595   8705.164629              
VL51 -49045.018026   3730.372628 -34988.827273              
*  2025  1  1 15 54   0.00000000                            
PL51  -7269.294769  -5378.845803   8271.937943              
VL51 -47190.916900   5943.734637 -37196.587479              
*  2025  1  1 15 56   0.00000000                            
PL51  -7823.555757  -5294.501300   7812.916567              
VL51 -45156.449638   8104.024884 -39286.847736              
*  2025  1  1 15 58   0.00000000                            
PL51  -8352.357685  -5184.600101   7329.549112              
VL51 -42949.034168  10201.605088 -41253.239271              
*  2025  1  1 16  0   0.00000000                            
PL51  -8853.673089  -5049.950858   6823.358192              
VL51 -40576.766340  12227.180076 -43089.799329              
*  2025  1  1 16  2   0.00000000                            
PL51  -9325.575554  -4891.471514   6295.935456              
VL51 -38048.386239  14171.837199 -44790.988269              
*  2025  1  1 16  4   0.00000000                            
PL51  -9766.247233  -4710.184475   5748.936407              
VL51 -35373.242006  16027.083764 -46351.705131              
*  2025  1  1 16  6   0.00000000                            
PL51 -10173.985913  -4507.211367   5184.075060              
VL51 -32561.251316  17784.882319 -47767.301665              
*  2025  1  1 16  8   0.00000000                            
PL51 -10547.211606  -4283.767363   4603.118429              
VL51 -29622.860729  19437.683668 -49033.594762              
*  2025  1  1 16 10   0.00000000                            
PL51 -10884.472648  -4041.155146   4007.880877              
VL51 -26569.003063  20978.457475 -50146.877279              
*  2025  1  1 16 12   0.00000000                            
PL51 -11184.451262  -3780.758507   3400.218354              
VL51 -23411.053028  22400.720352 -51103.927215              
*  2025  1  1 16 14   0.00000000                            
PL51 -11445.968591  -3504.035628   2782.022522              
VL51 -20160.781303  23698.561317 -51902.015249              
*  2025  1  1 16 16   0.00000000                            
PL51 -11667.989167  -3212.512071   2155.214809              
VL51 -16830.307275  24866.664547 -52538.910607              
*  2025  1  1 16 18   0.00000000                            
PL51 -11849.624805  -2907.773519   1521.740401              
VL51 -13432.050666  25900.329340 -53012.885286              
*  2025  1  1 16 20   0.00000000                            
PL51 -11990.137911  -2591.458282    883.562187              
VL51  -9978.682271  26795.487238 -53322.716623              
*  2025  1  1 16 22   0.00000000                            
PL51 -12088.944201  -2265.249628    242.654692              
VL51  -6483.074018  27548.716259 -53467.688240              
*  2025  1  1 16 24   0.00000000                            
PL51 -12145.614806  -1930.867952   -399.001998              
VL51  -2958.248580  28157.252228 -53447.589401              
*  2025  1  1 16 26   0.00000000                            
PL51 -12159.877782  -1590.062827  -1039.428292              
VL51    582.671238  28618.997170 -53262.712797              
*  2025  1  1 16 28   0.00000000                            
PL51 -12131.619007  -1244.604978  -1676.651113              
VL51   4126.513140  28932.524799 -52913.850827              
*  2025  1  1 16 30   0.00000000                            
PL51 -12060.882469   -896.278197  -2308.709868              
VL51   7660.105790  29097.083097 -52402.290393              
*  2025  1  1 16 32   0.00000000                            
PL51 -11947.869957   -546.871259  -2933.662339              
VL51  11170.328883  29112.594028 -51729.806297              
*  2025  1  1 16 34   0.00000000                            
PL51 -11792.940149   -198.169844  -3549.590495              
VL51  14644.162638  28979.650418 -50898.653265              
*  2025  1  1 16 36   0.00000000                            
PL51 -11596.607115    148.051480  -4154.606196              
VL51  18068.736551  28699.510063 -49911.556665              
*  2025  1  1 16 38   0.00000000                            
PL51 -11359.538233    490.037186  -4746.856777              
VL51  21431.377206  28274.087128 -48771.701988              
*  2025  1  1 16 40   0.00000000                            
PL51 -11082.551546    826.058599  -5324.530502              
VL51  24719.655005  27705.940895 -47482.723141              
*  2025  1  1 16 42   0.00000000                            
PL51 -10766.612563   1154.421561  -5885.861870              
VL51  27921.429637  26998.261961 -46048.689618              
*  2025  1  1 16 44   0.00000000                            
PL51 -10412.830518   1473.473905  -6429.136757              
VL51  31024.894152  26154.855964 -44474.092627              
*  2025  1  1 16 46   0.00000000                            
PL51 -10022.454116   1781.612733  -6952.697390              
VL51  34018.617496  25180.124940 -42763.830237              
*  2025  1  1 16 48   0.00000000                            
PL51  -9596.866773   2077.291447  -7454.947138              
VL51  36891.585391  24079.046421 -40923.191606              
*  2025  1  1 16 50   0.00000000                            
PL51  -9137.581379   2359.026514  -7934.355101              
VL51  39633.239433  22857.150376 -38957.840382              
*  2025  1  1 16 52   0.00000000                            
PL51  -8646.234603   2625.403956  -8389.460504              
VL51  42233.514335  21520.494121 -36873.797326              
*  2025  1  1 16 54   0.00000000                            
PL51  -8124.580763   2875.085508  -8818.876874              
VL51  44682.873201  20075.635314 -34677.422225              
*  2025  1  1 16 56   0.00000000                            
PL51  -7574.485279   3106.814459  -9221.295997              
VL51  46972.340778  18529.603146 -32375.395162              
*  2025  1  1 16 58   0.00000000                            
PL51  -6997.917750   3319.421125  -9595.491644              
VL51  49093.534611  16889.867867 -29974.697198              
*  2025  1  1 17  0   0.00000000                            
PL51  -6396.944660   3511.827951  -9940.323066              
VL51  51038.694039  15164.308749 -27482.590509              
*  2025  1  1 17  2   0.00000000                            
PL51  -5773.721756   3683.054222 -10254.738246              
VL51  52800.707000  13361.180623 -24906.598027              
*  2025  1  1 17  4   0.00000000                            
PL51  -5130.486113   3832.220361 -10537.776902              
VL51  54373.134580  11489.079098 -22254.482636              
*  2025  1  1 17  6   0.00000000                            
PL51  -4469.547923   3958.551802 -10788.573241              
VL51  55750.233290   9556.904585 -19534.225936              
*  2025  1  1 17  8   0.00000000                            
PL51  -3793.282026   4061.382429 -11006.358454              
VL51  56926.975021   7573.825251 -16754.006630              
*  2025  1  1 17 10   0.00000000                            
PL51  -3104.119216   4140.157563 -11190.462947              
VL51  57899.064648   5549.239000 -13922.178541              
*  2025  1  1 17 12   0.00000000                            
PL51  -2404.537357   4194.436482 -11340.318314              
VL51  58662.955264   3492.734630 -11047.248300              
*  2025  1  1 17 14   0.00000000                            
PL51  -1697.052317   4223.894476 -11455.459030              
VL51  59215.861012   1414.052237  -8137.852707              
*  2025  1  1 17 16   0.00000000                            
PL51   -984.208778   4228.324427 -11535.523881              
VL51  59555.767487   -676.956968  -5202.735784              
*  2025  1  1 17 18   0.00000000                            
PL51   -268.570924   4207.637893 -11580.257106              
VL51  59681.439675  -2770.371365  -2250.725546              
*  2025  1  1 17 20   0.00000000                            
PL51    447.286947   4161.865708 -11589.509267              
VL51  59592.427412  -4856.239996    709.289514              
*  2025  1  1 17 22   0.00000000                            
PL51   1160.789858   4091.158087 -11563.237834              
VL51  59289.068320  -6924.623909   3668.384203              
*  2025  1  1 17 24   0.00000000                            
PL51   1869.371613   3995.784235 -11501.507477              
VL51  58772.488191  -8965.637633   6617.620653              
*  2025  1  1 17 26   0.00000000                            
PL51   2570.484249   3876.131452 -11404.490076              
VL51  58044.598795 -10969.490678   9548.072563              
*  2025  1  1 17 28   0.00000000                            
PL51   3261.607432   3732.703749 -11272.464436              
VL51  57108.093076 -12926.528906  12450.849656              
*  2025  1  1 17 30   0.00000000                            
PL51   3940.257798   3566.119961 -11105.815707              
VL51  55966.437717 -14827.275668  15317.122297              
*  2025  1  1 17 32   0.00000000                            
PL51   4603.998175   3377.111374 -10905.034503              
VL51  54623.863051 -16662.472538  18138.146258              
*  2025  1  1 17 34   0.00000000                            
PL51   5250.446676   3166.518866 -10670.715737              
VL51  53085.350304 -18423.119532  20905.287587              
*  2025  1  1 17 36   0.00000000                            
PL51   5877.285616   2935.289564 -10403.557139              
VL51  51356.616150 -20100.514649  23610.047545              
*  2025  1  1 17 38   0.00000000                            
PL51   6482.270235   2684.473038 -10104.357490              
VL51  49444.094579 -21686.292590  26244.087565              
*  2025  1  1 17 40   0.00000000                            
PL51   7063.237182   2415.217034  -9774.014548              
VL51  47354.916068 -23172.462505  28799.254180              
*  2025  1  1 17 42   0.00000000                            
PL51   7618.112734   2128.762754  -9413.522678              
VL51  45096.884059 -24551.444608  31267.603861              
*  2025  1  1 17 44   0.00000000                            
PL51   8144.920718   1826.439717  -9023.970182              
VL51  42678.448764 -25816.105497  33641.427708              
*  2025  1  1 17 46   0.00000000                            
PL51   8641.790099   1509.660192  -8606.536341              
VL51  40108.678313 -26959.792023  35913.275911              
*  2025  1  1 17 48   0.00000000                            
PL51   9106.962213   1179.913245  -8162.488157              
VL51  37397.227283 -27976.363531  38075.981907              
*  2025  1  1 17 50   0.00000000                            
PL51   9538.797602    838.758398  -7693.176812              
VL51  34554.302657 -28860.222309  40122.686148              
*  2025  1  1 17 52   0.00000000                            
PL51   9935.782421    487.818948  -7200.033846              
VL51  31590.627264 -29606.342081  42046.859379              
*  2025  1  1 17 54   0.00000000                            
PL51  10296.534404    128.774944  -6684.567052              
VL51  28517.400795 -30210.294363  43842.325330              
*  2025  1  1 17 56   0.00000000                            
PL51  10619.808334   -236.644132  -6148.356111              
VL51  25346.258477 -30668.272534  45503.282723              
*  2025  1  1 17 58   0.00000000                            
PL51  10904.501015   -606.666958  -5593.047962              
VL51  22089.227515 -30977.113439  47024.326457              
*  2025  1  1 18  0   0.00000000                            
PL51  11149.655702   -979.488211  -5020.351928              
VL51  18758.681449 -31134.316388  48400.467894              
*  2025  1  1 18  2   0.00000000                            
PL51  11354.465972  -1353.276618  -4432.034599              
VL51  15367.292554 -31138.059392  49627.154082              
*  2025  1  1 18  4   0.00000000                            
PL51  11518.279018  -1726.183182  -3829.914495              
VL51  11927.982481 -30987.212500  50700.285842              
*  2025  1  1 18  6   0.00000000                            
PL51  11640.598333  -2096.349552  -3215.856520              
VL51   8453.871298 -30681.348114  51616.234565              
*  2025  1  1 18  8   0.00000000                            
PL51  11721.085782  -2461.916499  -2591.766219              
VL51   4958.225166 -30220.748173  52371.857626              
*  2025  1  1 18 10   0.00000000                            
PL51  11759.563031  -2821.032453  -1959.583863              
VL51   1454.402850 -29606.408096  52964.512294              
*  2025  1  1 18 12   0.00000000                            
PL51  11756.012338  -3171.862076  -1321.278373              
VL51  -2044.198682 -28840.037423  53392.068032              
*  2025  1  1 18 14   0.00000000                            
PL51  11710.576677  -3512.594819   -678.841112              
VL51  -5524.199330 -27924.057071  53652.917090              
*  2025  1  1 18 16   0.00000000                            
PL51  11623.559206  -3841.453420    -34.279551              
VL51  -8972.291327 -26861.593180  53745.983289              
*  2025  1  1 18 18   0.00000000                            
PL51  11495.422064  -4156.702318    610.389148              
VL51 -12375.294831 -25656.467515  53670.728914              
*  2025  1  1 18 20   0.00000000                            
PL51  11326.784501  -4456.655923   1253.144626              
VL51 -15720.213344 -24313.184434  53427.159645              
*  2025  1  1 18 22   0.00000000                            
PL51  11118.420353  -4739.686712   1891.969870              
VL51 -18994.288675 -22836.914433  53015.827454              
*  2025  1  1 18 24   0.00000000                            
PL51  10871.254851  -5004.233108   2524.857771              
VL51 -22185.055153 -21233.474337  52437.831422              
*  2025  1  1 18 26   0.00000000                            
PL51  10586.360793  -5248.807099   3149.817690              
VL51 -25280.392769 -19509.304185  51694.816445              
*  2025  1  1 18 28   0.00000000                            
PL51  10264.954085  -5472.001562   3764.881982              
VL51 -28268.578979 -17671.440921  50788.969807              
*  2025  1  1 18 30   0.00000000                            
PL51   9908.388663  -5672.497257   4368.112478              
VL51 -31138.338864 -15727.489000  49723.015614              
*  2025  1  1 18 32   0.00000000                            
PL51   9518.150839  -5849.069438   4957.606883              
VL51 -33878.893369 -13685.588053  48500.207102              
*  2025  1  1 18 34   0.00000000                            
PL51   9095.853063  -6000.594073   5531.505066              
VL51 -36480.005360 -11554.377765  47124.316850              
*  2025  1  1 18 36   0.00000000                            
PL51   8643.227161  -6126.053621   6087.995227              
VL51 -38932.023242  -9342.960138  45599.624927              
*  2025  1  1 18 38   0.00000000                            
PL51   8162.117061  -6224.542336   6625.319900              
VL51 -41225.921910  -7060.859350  43930.905026              
*  2025  1  1 18 40   0.00000000                            
PL51   7654.471037  -6295.271086   7141.781791              
VL51 -43353.340797  -4717.979387  42123.408657              
*  2025  1  1 18 42   0.00000000                            
PL51   7122.333531  -6337.571646   7635.749400              
VL51 -45306.618833  -2324.559703  40182.847457              
*  2025  1  1 18 44   0.00000000                            
PL51   6567.836558  -6350.900445   8105.662433              
VL51 -47078.826121    108.870886  38115.373715              
*  2025  1  1 18 46   0.00000000                            
PL51   5993.190761  -6334.841760   8550.036961              
VL51 -48663.792181   2571.541807  35927.559205              
*  2025  1  1 18 48   0.00000000                            
PL51   5400.676150  -6289.110318   8967.470323              
VL51 -50056.130613   5052.489597  33626.372435              
*  2025  1  1 18 50   0.00000000                            
PL51   4792.632558  -6213.553318   9356.645736              
VL51 -51251.260081   7540.607766  31219.154420              
*  2025  1  1 18 52   0.00000000                            
PL51   4171.449877  -6108.151842   9716.336619              
VL51 -52245.421520  10024.697405  28713.593113              
*  2025  1  1 18 54   0.00000000                            
PL51   3539.558105  -5973.021658  10045.410596              
VL51 -53035.691508  12493.518257  26117.696599              
*  2025  1  1 18 56   0.00000000                            
PL51   2899.417257  -5808.413410  10342.833167              
VL51 -53619.991762  14935.840020  23439.765198              
*  2025  1  1 18 58   0.00000000                            
PL51   2253.507189  -5614.712187  10607.671048              
VL51 -53997.094742  17340.493593  20688.362602              
*  2025  1  1 19  0   0.00000000                            
PL51   1604.317370  -5392.436487  10839.095150              
VL51 -54166.625369  19696.422036  17872.286175              
*  2025  1  1 19  2   0.00000000                            
PL51    954.336665  -5142.236565  11036.383203              
VL51 -54129.058884  21992.730975  15000.536560              
*  2025  1  1 19  4   0.00000000                            
PL51    306.043161  -4864.892186  11198.922009              
VL51 -53885.714910  24218.738225  12082.286710              
*  2025  1  1 19  6   0.00000000                            
PL51   -338.105908  -4561.309782  11326.209324              
VL51 -53438.747768  26364.022399   9126.850486              
*  2025  1  1 19  8   0.00000000                            
PL51   -975.684106  -4232.519041  11417.855356              
VL51 -52791.133146  28418.470269   6143.650931              
*  2025  1  1 19 10   0.00000000                            
PL51  -1604.305547  -3879.668931  11473.583887              
VL51 -51946.651220  30372.322677   3142.188351              
*  2025  1  1 19 12   0.00000000                            
PL51  -2221.634439  -3504.023181  11493.233003              
VL51 -50909.866335  32216.218782    132.008315              
*  2025  1  1 19 14   0.00000000                            
PL51  -2825.394347  -3106.955250  11476.755451              
VL51 -49686.103378  33941.238462  -2877.330306              
*  2025  1  1 19 16   0.00000000                            
PL51  -3413.377166  -2689.942789  11424.218605              
VL51 -48281.420977  35538.942664  -5876.287163              
*  2025  1  1 19 18   0.00000000                            
PL51  -3983.451751  -2254.561641  11335.804053              
VL51 -46702.581685  37001.411553  -8855.371987              
*  2025  1  1 19 20   0.00000000                            
PL51  -4533.572167  -1802.479390  11211.806810              
VL51 -44957.019294  38321.280273 -11805.175785              
*  2025  1  1 19 22   0.00000000                            
PL51  -5061.785537  -1335.448503  11052.634158              
VL51 -43052.803472  39491.772184 -14716.401569              
*  2025  1  1 19 24   0.00000000                            
PL51  -5566.239449   -855.299082  10858.804119              
VL51 -40998.601883  40506.729428 -17579.894503              
*  2025  1  1 19 26   0.00000000                            
PL51  -6045.188889   -363.931269  10630.943573              
VL51 -38803.640007  41360.640709 -20386.671387              
*  2025  1  1 19 28   0.00000000                            
PL51  -6497.002685    136.692661  10369.786023              
VL51 -36477.658838  42048.666158 -23127.949363              
*  2025  1  1 19 30   0.00000000                            
PL51  -6920.169432    644.556496  10076.169027              
VL51 -34030.870677  42566.659210 -25795.173770              
*  2025  1  1 19 32   0.00000000                            
PL51  -7313.302869   1157.598519   9751.031292              
VL51 -31473.913233  42911.185386 -28380.045042              
*  2025  1  1 19 34   0.00000000                            
PL51  -7675.146706   1673.720154   9395.409462              
VL51 -28817.802240  43079.537930 -30874.544587              
*  2025  1  1 19 36   0.00000000                            
PL51  -8004.578866   2190.794771   9010.434593              
VL51 -26073.882830  43069.750232 -33270.959550              
*  2025  1  1 19 38   0.00000000                            
PL51  -8300.615142   2706.676631   8597.328340              
VL51 -23253.779859  42880.605014 -35561.906392              
*  2025  1  1 19 40   0.00000000                            
PL51  -8562.412253   3219.209914   8157.398876              
VL51 -20369.347441  42511.640240 -37740.353220              
*  2025  1  1 19 42   0.00000000                            
PL51  -8789.270287   3726.237803   7692.036539              
VL51 -17432.617896  41963.151741 -39799.640794              
*  2025  1  1 19 44   0.00000000                            
PL51  -8980.634532   4225.611575   7202.709243              
VL51 -14455.750355  41236.192580 -41733.502159              
*  2025  1  1 19 46   0.00000000                            
PL51  -9136.096689   4715.199670   6690.957661              
VL51 -11450.979245  40332.569143 -43536.080845              
*  2025  1  1 19 48   0.00000000                            
PL51  -9255.395466   5192.896692   6158.390195              
VL51  -8430.562877  39254.834028 -45201.947578              
*  2025  1  1 19 50   0.00000000                            
PL51  -9338.416560   5656.632300   5606.677760              
VL51  -5406.732366  38006.275754 -46726.115473              
*  2025  1  1 19 52   0.00000000                            
PL51  -9385.192024   6104.379970   5037.548390              
VL51  -2391.641102  36590.905366 -48104.053658              
*  2025  1  1 19 54   0.00000000                            
PL51  -9395.899038   6534.165560   4452.781691              
VL51    602.685013  35013.440017 -49331.699302              
*  2025  1  1 19 56   0.00000000                            
PL51  -9370.858079   6944.075679   3854.203163              
VL51   3564.396348  33279.283609 -50405.468020              
*  2025  1  1 19 58   0.00000000                            
PL51  -9310.530528   7332.265793   3243.678405              
VL51   6481.867140  31394.504618 -51322.262642              
*  2025  1  1 20  0   0.00000000                            
PL51  -9215.515699   7696.968052   2623.107219              
VL51   9343.741711  29365.811202 -52079.480324              
*  2025  1  1 20  2   0.00000000                            
PL51  -9086.547327   8036.498809   1994.417648              
VL51  12138.979120  27200.523741 -52675.018016              
*  2025  1  1 20  4   0.00000000                            
PL51  -8924.489537   8349.265785   1359.559955              
VL51  14856.896063  24906.544951 -53107.276273              
*  2025  1  1 20  6   0.00000000                            
PL51  -8730.332301   8633.774867    720.500562              
VL51  17487.207874  22492.327703 -53375.161442              
*  2025  1  1 20  8   0.00000000                            
PL51  -8505.186420   8888.636508     79.215974              
VL51  20020.067455  19966.840737 -53478.086224              
*  2025  1  1 20 10   0.00000000                            
PL51  -8250.278050   9112.571701   -562.313287              
VL51  22446.102005  17339.532408 -53415.968644              
*  2025  1  1 20 12   0.00000000                            
PL51  -7966.942799   9304.417507  -1202.108736              
VL51  24756.447416  14620.292668 -53189.229461              
*  2025  1  1 20 14   0.00000000                            
PL51  -7656.619436   9463.132119  -1838.199934              
VL51  26942.780209  11819.413441 -52798.788049              
*  2025  1  1 20 16   0.00000000                            
PL51  -7320.843215   9587.799441  -2468.630440              
VL51  28997.346928   8947.547596 -52246.056807              
*  2025  1  1 20 18   0.00000000                            
PL51  -6961.238879   9677.633164  -3091.463683              
VL51  30912.990877   6015.666702 -51532.934136              
*  2025  1  1 20 20   0.00000000                            
PL51  -6579.513349   9731.980338  -3704.788749              
VL51  32683.176157   3035.017751 -50661.796062              
*  2025  1  1 20 22   0.00000000                            
PL51  -6177.448143   9750.324406  -4306.726055              
VL51  34302.008928     17.079047 -49635.486561              
*  2025  1  1 20 24   0.00000000                            
PL51  -5756.891561   9732.287715  -4895.432899              
VL51  35764.255873  -3026.484560 -48457.306655              
*  2025  1  1 20 26   0.00000000                            
PL51  -5319.750658   9677.633487  -5469.108872              
VL51  37065.359838  -6083.866915 -47131.002366              
*  2025  1  1 20 28   0.00000000                            
PL51  -4867.983054   9586.267233  -6026.001126              
VL51  38201.452633  -9143.166097 -45660.751589              
*  2025  1  1 20 30   0.00000000                            
PL51  -4403.588601   9458.237638  -6564.409465              
VL51  39169.365023 -12192.430091 -44051.149963              
*  2025  1  1 20 32   0.00000000                            
PL51  -3928.600952   9293.736881  -7082.691274              
VL51  39966.633905 -15219.702447 -42307.195808              
*  2025  1  1 20 34   0.00000000                            
PL51  -3445.079055   9093.100416  -7579.266255              
VL51  40591.506720 -18213.067755 -40434.274204              
*  2025  1  1 20 36   0.00000000                            
PL51  -2955.098619   8856.806213  -8052.620968              
VL51  41042.943125 -21160.696814 -38438.140259              
*  2025  1  1 20 38   0.00000000                            
PL51  -2460.743565   8585.473450  -8501.313167              
VL51  41320.613976 -24050.891347 -36324.901635              
*  2025  1  1 20 40   0.00000000                            
PL51  -1964.097513   8279.860677  -8923.975923              
VL51  41424.897667 -26872.128144 -34101.000384              
*  2025  1  1 20 42   0.00000000                            
PL51  -1467.235329   7940.863455  -9319.321524              
VL51  41356.873884 -29613.102484 -31773.194135              
*  2025  1  1 20 44   0.00000000                            
PL51   -972.214758   7569.511477  -9686.145147              
VL51  41118.314830 -32262.770742 -29348.536693              
*  2025  1  1 20 46   0.00000000                            
PL51   -481.068175   7166.965185 -10023.328291              
VL51  40711.673983 -34810.392045 -26834.358084              
*  2025  1  1 20 48   0.00000000                            
PL51      4.205503   6734.511891 -10329.841973              
VL51  40140.072458 -37245.568871 -24238.244099              
*  2025  1  1 20 50   0.00000000                            
PL51    481.648743   6273.561419 -10604.749666              
VL51  39407.283044 -39558.286480 -21568.015359              
*  2025  1  1 20 52   0.00000000                            
PL51    949.353103   5785.641283 -10847.209996              
VL51  38517.711988 -41738.951081 -18831.705967              
*  2025  1  1 20 54   0.00000000                            
PL51   1405.466718   5272.391409 -11056.479170              
VL51  37476.378616 -43778.426637 -16037.541756              
*  2025  1  1 20 56   0.00000000                            
PL51   1848.201521   4735.558435 -11231.913142              
VL51  36288.892853 -45668.070205 -13193.918166              
*  2025  1  1 20 58   0.00000000                            
PL51   2275.840185   4176.989583 -11372.969522              
VL51  34961.430740 -47399.765733 -10309.377791              
*  2025  1  1 21  0   0.00000000                            
PL51   2686.742764   3598.626148 -11479.209196              
VL51  33500.708022 -48965.956220  -7392.587597              
*  2025  1  1 21  2   0.00000000                            
PL51   3079.352996   3002.496599 -11550.297687              
VL51  31913.951898 -50359.674141  -4452.315851              
*  2025  1  1 21  4   0.00000000                            
PL51   3452.204267   2390.709335 -11586.006226              
VL51  30208.870998 -51574.570072  -1497.408766              
*  2025  1  1 21  6   0.00000000                            
PL51   3803.925195   1765.445105 -11586.212551              
VL51  28393.623706 -52604.939400   1463.233111              
*  2025  1  1 21  8   0.00000000                            
PL51   4133.244835   1128.949120 -11550.901411              
VL51  26476.784887 -53445.747055   4420.678756              
*  2025  1  1 21 10   0.00000000                            
PL51   4438.997462    483.522881 -11480.164792              
VL51  24467.311119 -54092.650161   7365.990748              
*  2025  1  1 21 12   0.00000000                            
PL51   4720.126945   -168.484255 -11374.201846              
VL51  22374.504529 -54542.018522  10290.249547              
*  2025  1  1 21 14   0.00000000                            
PL51   4975.690660   -824.683736 -11233.318527              
VL51  20207.975316 -54790.952860  13184.577969              
*  2025  1  1 21 16   0.00000000                            
PL51   5204.862965  -1482.656685 -11057.926942              
VL51  17977.603062 -54837.300707  16040.165811              
*  2025  1  1 21 18   0.00000000                            
PL51   5406.938188  -2139.962944 -10848.544391              
VL51  15693.496939 -54679.669858  18848.294620              
*  2025  1  1 21 20   0.00000000                            
PL51   5581.333142  -2794.150267 -10605.792124              
VL51  13365.954899 -54317.439297  21600.362561              
*  2025  1  1 21 22   0.00000000                            
PL51   5727.589142  -3442.763626 -10330.393787              
VL51  11005.421983 -53750.767497  24287.909350              
*  2025  1  1 21 24   0.00000000                            
PL51   5845.373510  -4083.354600 -10023.173575              
VL51   8622.447852 -52980.597999  26902.641208              
*  2025  1  1 21 26   0.00000000                            
PL51   5934.480581  -4713.490816  -9685.054085              
VL51   6227.643663 -52008.662182  29436.455769              
*  2025  1  1 21 28   0.00000000                            
PL51   5994.832170  -5330.765407  -9317.053871              
VL51   3831.638446 -50837.479143  31881.466898              
*  2025  1  1 21 30   0.00000000                            
PL51   6026.477532  -5932.806445  -8920.284698              
VL51   1445.035110 -49470.352608  34230.029322              
*  2025  1  1 21 32   0.00000000                            
PL51   6029.592777  -6517.286329  -8495.948508              
VL51   -921.633758 -47911.364802  36474.763025              
*  2025  1  1 21 34   0.00000000                            
PL51   6004.479764  -7081.931068  -8045.334091              
VL51  -3257.950151 -46165.367235  38608.577309              
*  2025  1  1 21 36   0.00000000                            
PL51   5951.564458  -7624.529446  -7569.813472              
VL51  -5553.654769 -44237.968335  40624.694435              
*  2025  1  1 21 38   0.00000000                            
PL51   5871.394766  -8142.942012  -7070.838014              
VL51  -7798.690866 -42135.517916  42516.672763              
*  2025  1  1 21 40   0.00000000                            
PL51   5764.637842  -8635.109872  -6549.934249              
VL51  -9983.247608 -39865.088427  44278.429274              
*  2025  1  1 21 42   0.00000000                            
PL51   5632.076881  -9099.063227  -6008.699447              
VL51 -12097.802773 -37434.452998  45904.261387              
*  2025  1  1 21 44   0.00000000                            
PL51   5474.607405  -9532.929634  -5448.796919              
VL51 -14133.164575 -34852.060265  47388.867940              
*  2025  1  1 21 46   0.00000000                            
PL51   5293.233049  -9934.941950  -4871.951081              
VL51 -16080.512433 -32127.006019  48727.369229              
*  2025  1  1 21 48   0.00000000                            
PL51   5089.060868 -10303.445905  -4279.942282              
VL51 -17931.436453 -29269.001714  49915.325983              
*  2025  1  1 21 50   0.00000000                            
PL51   4863.296183 -10636.907293  -3674.601408              
VL51 -19677.975434 -26288.339910  50948.757151              
*  2025  1  1 21 52   0.00000000                            
PL51   4617.236976 -10933.918714  -3057.804287              
VL51 -21312.653168 -23195.856733  51824.156382              
*  2025  1  1 21 54   0.00000000                            
PL51   4352.267856 -11193.205868  -2431.465900              
VL51 -22828.512843 -20002.891492  52538.507084              
*  2025  1  1 21 56   0.00000000                            
PL51   4069.853640 -11413.633326  -1797.534417              
VL51 -24219.149329 -16721.243563  53089.295936              
*  2025  1  1 21 58   0.00000000                            
PL51   3771.532542 -11594.209790  -1157.985092              
VL51 -25478.739162 -13363.126726  53474.524773              
*  2025  1  1 22  0   0.00000000                            
PL51   3458.909030 -11734.092772   -514.814010              
VL51 -26602.068020  -9941.121135  53692.720707              
*  2025  1  1 22  2   0.00000000                            
PL51   3133.646363 -11832.592693    129.968260              
VL51 -27584.555529  -6468.123127  53742.944431              
*  2025  1  1 22  4   0.00000000                            
PL51   2797.458850 -11889.176371    774.343113              
VL51 -28422.277218  -2957.293086  53624.796601              
*  2025  1  1 22  6   0.00000000                            
PL51   2452.103862 -11903.469861   1416.290414              
VL51 -29111.983477    577.998368  53338.422235              
*  2025  1  1 22  8   0.00000000                            
PL51   2099.373635 -11875.260652   2053.795049              
VL51 -29651.115385   4124.225632  52884.513072              
*  2025  1  1 22 10   0.00000000                            
PL51   1741.086905 -11804.499191   2684.853485              
VL51 -30037.817280   7667.764519  52264.307839              
*  2025  1  1 22 12   0.00000000                            
PL51   1379.080406 -11691.299719   3307.480330              
VL51 -30270.945979  11194.949521  51479.590406              
*  2025  1  1 22 14   0.00000000                            
PL51   1015.200286 -11535.940421   3919.714849              
VL51 -30350.076566  14692.131640  50532.685796              
*  2025  1  1 22 16   0.00000000                            
PL51    651.293469 -11338.862882   4519.627424              
VL51 -30275.504698  18145.736466  49426.454073              
*  2025  1  1 22 18   0.00000000                            
PL51    289.199012 -11100.670843   5105.325929              
VL51 -30048.245385  21542.322211  48164.282094              
*  2025  1  1 22 20   0.00000000                            
PL51    -69.260501 -10822.128259   5674.961991              
VL51 -29670.028242  24868.637379  46750.073174              
*  2025  1  1 22 22   0.00000000                            
PL51   -422.287492 -10504.156679   6226.737113              
VL51 -29143.289221  28111.677756  45188.234703              
*  2025  1  1 22 24   0.00000000                            
PL51   -768.117794 -10147.831937   6758.908641              
VL51 -28471.158865  31258.742428  43483.663761              
*  2025  1  1 22 26   0.00000000                            
PL51  -1105.028899  -9754.380183   7269.795545              
VL51 -27657.447134  34297.488526  41641.730813              
*  2025  1  1 22 28   0.00000000                            
PL51  -1431.348006  -9325.173267   7757.783987              
VL51 -26706.624895  37215.984407  39668.261553              
*  2025  1  1 22 30   0.00000000                            
PL51  -1745.459822  -8861.723494   8221.332674              
VL51 -25623.802166  40002.761003  37569.516993              
*  2025  1  1 22 32   0.00000000                            
PL51  -2045.814084  -8365.677775   8658.977948              
VL51 -24414.703246  42646.861070  35352.171890              
*  2025  1  1 22 34   0.00000000                            
PL51  -2330.932773  -7838.811199   9069.338617              
VL51 -23085.638862  45137.886094  33023.291625              
*  2025  1  1 22 36   0.00000000                            
PL51  -2599.416962  -7283.020066   9451.120493              
VL51 -21643.475496  47466.040621  30590.307640              
*  2025  1  1 22 38   0.00000000                            
PL51  -2849.953290  -6700.314390   9803.120636              
VL51 -20095.602063  49622.173804  28060.991568              
*  2025  1  1 22 40   0.00000000                            
PL51  -3081.320024  -6092.809936  10124.231268              
VL51 -18449.894119  51597.817977  25443.428171              
*  2025  1  1 22 42   0.00000000                            
PL51  -3292.392664  -5462.719800  10413.443371              
VL51 -16714.675811  53385.224080  22745.987212              
*  2025  1  1 22 44   0.00000000                            
PL51  -3482.149094  -4812.345595  10669.849927              
VL51 -14898.679770  54977.393801  19977.294404              
*  2025  1  1 22 46   0.00000000                            
PL51  -3649.674232  -4144.068264  10892.648813              
VL51 -13011.005146  56368.108298  17146.201549              
*  2025  1  1 22 48   0.00000000                            
PL51  -3794.164166  -3460.338571  11081.145332              
VL51 -11061.074041  57551.953385  14261.755995              
*  2025  1  1 22 50   0.00000000                            
PL51  -3914.929764  -2763.667312  11234.754375              
VL51  -9058.586525  58524.341110  11333.169546              
*  2025  1  1 22 52   0.00000000                            
PL51  -4011.399732  -2056.615290  11353.002202              
VL51  -7013.474505  59281.527619   8369.786943              
*  2025  1  1 22 54   0.00000000                            
PL51  -4083.123114  -1341.783099  11435.527850              
VL51  -4935.854644  59820.627284   5381.054047              
*  2025  1  1 22 56   0.00000000                            
PL51  -4129.771226   -621.800754  11482.084151              
VL51  -2835.980608  60139.623038   2376.485853              
*  2025  1  1 22 58   0.00000000                            
PL51  -4151.139008    100.682768  11492.538374              
VL51   -724.194831  60237.372907   -634.365544              
*  2025  1  1 23  0   0.00000000                            
PL51  -4147.145798    823.010053  11466.872473              
VL51   1389.119918  60113.612755  -3641.942911              
*  2025  1  1 23  2   0.00000000                            
PL51  -4117.835531   1542.525782  11405.182965              
VL51   3493.588978  59768.955254  -6636.715649              
*  2025  1  1 23  4   0.00000000                            
PL51  -4063.376344   2256.587227  11307.680412              
VL51   5578.893982  59204.885125  -9609.211279              
*  2025  1  1 23  6   0.00000000                            
PL51  -3984.059620   2962.574668  11174.688545              
VL51   7634.820597  58423.750695 -12550.046514              
*  2025  1  1 23  8   0.00000000                            
PL51  -3880.298453   3657.901689  11006.643004              
VL51   9651.305571  57428.751846 -15449.957844              
*  2025  1  1 23 10   0.00000000                            
PL51  -3752.625559   4340.025303  10804.089723              
VL51  11618.482885  56223.924424 -18299.831512              
*  2025  1  1 23 12   0.00000000                            
PL51  -3601.690637   5006.455879  10567.682956              
VL51  13526.728807  54814.121213 -21090.732800              
*  2025  1  1 23 14   0.00000000                            
PL51  -3428.257198   5654.766809  10298.182956              
VL51  15366.705636  53204.989571 -23813.934525              
*  2025  1  1 23 16   0.00000000                            
PL51  -3233.198875   6282.603895   9996.453319              
VL51  17129.403953  51402.945854 -26460.944656              
*  2025  1  1 23 18   0.00000000                            
PL51  -3017.495242   6887.694407   9663.457999              
VL51  18806.183192  49415.146752 -29023.532967              
*  2025  1  1 23 20   0.00000000                            
PL51  -2782.227154   7467.855780   9300.258016              
VL51  20388.810345  47249.457695 -31493.756643              
*  2025  1  1 23 22   0.00000000                            
PL51  -2528.571629   8021.003918   8908.007854              
VL51  21869.496656  44914.418475 -33863.984752              
*  2025  1  1 23 24   0.00000000                            
PL51  -2257.796314   8545.161063   8487.951582              
VL51  23240.932136  42419.206259 -36126.921520              
*  2025  1  1 23 26   0.00000000                            
PL51  -1971.253537   9038.463213   8041.418695              
VL51  24496.317749  39773.596168 -38275.628329              
*  2025  1  1 23 28   0.00000000                            
PL51  -1670.374003   9499.167047   7569.819705              
VL51  25629.395166  36987.919618 -40303.544385              
*  2025  1  1 23 30   0.00000000                            
PL51  -1356.660133   9925.656342   7074.641489              
VL51  26634.473941  34073.020612 -42204.505991              
*  2025  1  1 23 32   0.00000000                            
PL51  -1031.679103  10316.447850   6557.442417              
VL51  27506.456024  31040.210187 -43972.764377              
*  2025  1  1 23 34   0.00000000                            
PL51   -697.055600  10670.196623   6019.847272              
VL51  28240.857500  27901.219215 -45603.002037              
*  2025  1  1 23 36   0.00000000                            
PL51   -354.464340  10985.700762   5463.541983              
VL51  28833.827498  24668.149787 -47090.347539              
*  2025  1  1 23 38   0.00000000                            
PL51     -5.622366  11261.905570   4890.268196              
VL51  29282.164179  21353.425379 -48430.388745              
*  2025  1  1 23 40   0.00000000                            
PL51    347.718814  11497.907105   4301.817685              
VL51  29583.327757  17969.740039 -49619.184426              
*  2025  1  1 23 42   0.00000000                            
PL51    703.781243  11692.955123   3700.026643              
VL51  29735.450531  14530.006832 -50653.274239              
*  2025  1  1 23 44   0.00000000                            
PL51   1060.768615  11846.455387   3086.769862              
VL51  29737.343882  11047.305765 -51529.687044              
*  2025  1  1 23 46   0.00000000                            
PL51   1416.874462  11957.971364   2463.954815              
VL51  29588.502253   7534.831445 -52245.947549              
*  2025  1  1 23 48   0.00000000                            
PL51   1770.290351  12027.225278   1833.515679              
VL51  29289.104112   4005.840693 -52800.081301              
*  2025  1  1 23 50   0.00000000                            
PL51   2119.214085  12054.098550   1197.407304              
VL51  28840.009943    473.600349 -53190.618017              
*  2025  1  1 23 52   0.00000000                            
PL51   2461.857865  12038.631603    557.599145              
VL51  28242.757283  -3048.664502 -53416.593282              
*  2025  1  1 23 54   0.00000000                            
PL51   2796.456365  11981.023053    -83.930803              
VL51  27499.552893  -6547.821684 -53477.548646              
*  2025  1  1 23 56   0.00000000                            
PL51   3121.274703  11881.628294   -725.202075              
VL51  26613.262109 -10010.882245 -53373.530145              
*  2025  1  1 23 58   0.00000000                            
PL51   3434.616268  11740.957482  -1364.237769              
VL51  25587.395468 -13425.049735 -53105.085303              
*  2025  1  2  0  0   0.00000000                            
PL51   3734.830300  11559.672955  -1999.070544              
VL51  24426.092796 -16777.768141 -52673.258647              
*  2025  1  2  0  2   0.00000000                            
PL51   4020.319692  11338.585948  -2627.748541              
VL51  23134.104113 -20056.769342 -52079.585783              
*  2025  1  2  0  4   0.00000000                            
PL51   4289.547431  11078.653124  -3248.341245              
VL51  21716.769781 -23250.116623 -51326.086101              
*  2025  1  2  0  6   0.00000000                            
PL51   4541.044339  10780.972057  -3858.945230              
VL51  20179.996002 -26346.249831 -50415.254148              
*  2025  1  2  0  8   0.00000000                            
PL51   4773.415300  10446.776611  -4457.689807              
VL51  18530.229933 -29334.026069 -49350.049726              
*  2025  1  2  0 10   0.00000000                            
PL51   4985.345668  10077.431662  -5042.742542              
VL51  16774.431980 -32202.759520 -48133.886789              
*  2025  1  2  0 12   0.00000000                            
PL51   5175.607259   9674.427382  -5612.314633              
VL51  14920.046290 -34942.258974 -46770.621198              
*  2025  1  2  0 14   0.00000000                            
PL51   5343.063962   9239.373094  -6164.666134              
VL51  12974.969442 -37542.863172 -45264.537388              
*  2025  1  2  0 16   0.00000000                            
PL51   5486.676977   8773.990710  -6698.111009              
VL51  10947.517492 -39995.473857 -43620.334042              
*  2025  1  2  0 18   0.00000000                            
PL51   5605.509643   8280.107788  -7211.022022              
VL51   8846.391500 -42291.586464 -41843.108812              
*  2025  1  2  0 20   0.00000000                            
PL51   5698.731840   7759.650234  -7701.835415              
VL51   6680.641701 -44423.318380 -39938.342181              
*  2025  1  2  0 22   0.00000000                            
PL51   5765.623965   7214.634687  -8169.055415              
VL51   4459.630440 -46383.434728 -37911.880505              
*  2025  1  2  0 24   0.00000000                            
PL51   5805.580443   6647.160599  -8611.258509              
VL51   2192.994042 -48165.371626 -35769.918313              
*  2025  1  2  0 26   0.00000000                            
PL51   5818.112785   6059.402057  -9027.097515              
VL51   -109.396274 -49763.256908 -33518.979925              
*  2025  1  2  0 28   0.00000000                            
PL51   5802.852166   5453.599372  -9415.305430              
VL51  -2437.474272 -51171.928253 -31165.900430              
*  2025  1  2  0 30   0.00000000                            
PL51   5759.551524   4832.050467  -9774.699035              
VL51  -4781.019252 -52386.948745 -28717.806083              
*  2025  1  2  0 32   0.00000000                            
PL51   5688.087167   4197.102086 -10104.182276              
VL51  -7129.697121 -53404.619826 -26182.094183              
*  2025  1  2  0 34   0.00000000                            
PL51   5588.459886   3551.140874 -10402.749389              
VL51  -9473.101885 -54221.991661 -23566.412446              
*  2025  1  2  0 36   0.00000000                            
PL51   5460.795565   2896.584342 -10669.487779              
VL51 -11800.797393 -54836.870920 -20878.637954              
*  2025  1  2  0 38   0.00000000                            
PL51   5305.345295   2235.871755 -10903.580646              
VL51 -14102.359246 -55247.825985 -18126.855676              
*  2025  1  2  0 40   0.00000000                            
PL51   5122.484978   1571.454970 -11104.309347              
VL51 -16367.416722 -55454.189593 -15319.336627              
*  2025  1  2  0 42   0.00000000                            
PL51   4912.714435    905.789267 -11271.055499              
VL51 -18585.694608 -55456.058949 -12464.515660              
*  2025  1  2  0 44   0.00000000                            
PL51   4676.656007    241.324180 -11403.302804              
VL51 -20747.054819 -55254.293317  -9570.968945              
*  2025  1  2  0 46   0.00000000                            
PL51   4415.052663   -419.505615 -11500.638615              
VL51 -22841.537685 -54850.509106  -6647.391127              
*  2025  1  2  0 48   0.00000000                            
PL51   4128.765613  -1074.289347 -11562.755214              
VL51 -24859.402782 -54247.072488  -3702.572204              
*  2025  1  2  0 50   0.00000000                            
PL51   3818.771435  -1720.649090 -11589.450821              
VL51 -26791.169199 -53447.089556   -745.374125              
*  2025  1  2  0 52   0.00000000                            
PL51   3486.158723  -2356.248569 -11580.630311              
VL51 -28627.655114 -52454.394049   2215.292864              
*  2025  1  2  0 54   0.00000000                            
PL51   3132.124264  -2978.801808 -11536.305651              
VL51 -30360.016553 -51273.532682   5170.494117              
*  2025  1  2  0 56   0.00000000                            
PL51   2757.968756  -3586.081587 -11456.596052              
VL51 -31979.785231 -49909.748075   8111.294704              
*  2025  1  2  0 58   0.00000000                            
PL51   2365.092077  -4175.927675 -11341.727824              
VL51 -33478.905320 -48368.959343  11028.783739              
*  2025  1  2  1  0   0.00000000                            
PL51   1954.988122  -4746.254823 -11192.033941              
VL51 -34849.769043 -46657.740347  13914.098889              
*  2025  1  2  1  2   0.00000000                            
PL51   1529.239219  -5295.060477 -11007.953308              
VL51 -36085.250937 -44783.295647  16758.451035              
*  2025  1  2  1  4   0.00000000                            
PL51   1089.510144  -5820.432192 -10790.029740              
VL51 -37178.740678 -42753.434194  19553.149073              
*  2025  1  2  1  6   0.00000000                            
PL51    637.541747  -6320.554713 -10538.910630              
VL51 -38124.174301 -40576.540788  22289.624800              
*  2025  1  2  1  8   0.00000000                            
PL51    175.144221  -6793.716710 -10255.345329              
VL51 -38916.063693 -38261.545364  24959.457845              
*  2025  1  2  1 10   0.00000000                            
PL51   -295.809979  -7238.317115  -9940.183219              
VL51 -39549.524215 -35817.890137  27554.400614              
*  2025  1  2  1 12   0.00000000                            
PL51   -773.393533  -7652.871069  -9594.371494              
VL51 -40020.300305 -33255.494691  30066.403176              
*  2025  1  2  1 14   0.00000000                            
PL51  -1255.631945  -8036.015428  -9218.952635              
VL51 -40324.788915 -30584.719055  32487.638035              
*  2025  1  2  1 16   0.00000000                            
PL51  -1740.511505  -8386.513818  -8815.061598              
VL51 -40460.060651 -27816.324858  34810.524722              
*  2025  1  2  1 18   0.00000000                            
PL51  -2225.987488  -8703.261211  -8383.922698              
VL51 -40423.878457 -24961.434658  37027.754120              
*  2025  1  2  1 20   0.00000000                            
PL51  -2709.992560  -8985.288006  -7926.846213              
VL51 -40214.713719 -22031.489530  39132.312452              
*  2025  1  2  1 22   0.00000000                            
PL51  -3190.445361  -9231.763584  -7445.224696              
VL51 -39831.759642 -19038.205048  41117.504820              
*  2025  1  2  1 24   0.00000000                            
PL51  -3665.259236  -9441.999335  -6940.529008              
VL51 -39274.941777 -15993.525785  42976.978214              
*  2025  1  2  1 26   0.00000000                            
PL51  -4132.351070  -9615.451123  -6414.304087              
VL51 -38544.925585 -12909.578469  44704.743883              
*  2025  1  2  1 28   0.00000000                            
PL51  -4589.650196  -9751.721188  -5868.164438              
VL51 -37643.120910  -9798.623967  46295.198949              
*  2025  1  2  1 30   0.00000000                            
PL51  -5035.107340  -9850.559458  -5303.789382              
VL51 -36571.683280  -6673.008261  47743.147163              
*  2025  1  2  1 32   0.00000000                            
PL51  -5466.703560  -9911.864277  -4722.918057              
VL51 -35333.511943  -3545.112614  49043.818687              
*  2025  1  2  1 34   0.00000000                            
PL51  -5882.459144  -9935.682522  -4127.344187              
VL51 -33932.244562   -427.303116  50192.888769              
*  2025  1  2  1 36   0.00000000                            
PL51  -6280.442419  -9922.209118  -3518.910631              
VL51 -32372.248529   2668.120158  51186.495204              
*  2025  1  2  1 38   0.00000000                            
PL51  -6658.778440  -9871.785943  -2899.503741              
VL51 -30658.608854   5728.974166  52021.254464              
*  2025  1  2  1 40   0.00000000                            
PL51  -7015.657514  -9784.900109  -2271.047526              
VL51 -28797.112623   8743.243834  52694.276371              
*  2025  1  2  1 42   0.00000000                            
PL51  -7349.343509  -9662.181653  -1635.497647              
VL51 -26794.230027  11699.132677  53203.177208              
*  2025  1  2  1 44   0.00000000                            
PL51  -7658.181928  -9504.400605   -994.835276              
VL51 -24657.092001  14585.112832  53546.091163              
*  2025  1  2  1 46   0.00000000                            
PL51  -7940.607678  -9312.463471   -351.060817              
VL51 -22393.464525  17389.974263  53721.680008              
*  2025  1  2  1 48   0.00000000                            
PL51  -8195.152530  -9087.409130    293.812474              
VL51 -20011.719665  20102.872850  53729.140927              
*  2025  1  2  1 50   0.00000000                            
PL51  -8420.452193  -8830.404160    937.764949              
VL51 -17520.803455  22713.377119  53568.212399              
*  2025  1  2  1 52   0.00000000                            
PL51  -8615.253000  -8542.737617   1578.777089              
VL51 -14930.200748  25211.513340  53239.178096              
*  2025  1  2  1 54   0.00000000                            
PL51  -8778.418146  -8225.815274   2214.836063              
VL51 -12249.897183  27587.808731  52742.868709              
*  2025  1  2  1 56   0.00000000                            
PL51  -8908.933456  -7881.153368   2843.942288              
VL51  -9490.338440  29833.332532  52080.661691              
*  2025  1  2  1 58   0.00000000                            
PL51  -9005.912648  -7510.371857   3464.115981              
VL51  -6662.386977  31939.734695  51254.478866              
*  2025  1  2  2  0   0.00000000                            
PL51  -9068.602063  -7115.187236   4073.403665              
VL51  -3777.276453  33899.281974  50266.781905              
*  2025  1  2  2  2   0.00000000                            
PL51  -9096.384838  -6697.404927   4669.884611              
VL51   -846.564070  35704.891198  49120.565672              
*  2025  1  2  2  4   0.00000000                            
PL51  -9088.784488  -6258.911298   5251.677184              
VL51   2117.918919  37350.159527  47819.349450              
*  2025  1  2  2  6   0.00000000                            
PL51  -9045.467895  -5801.665333   5816.945073              
VL51   5104.118293  38829.391531  46367.166082              
*  2025  1  2  2  8   0.00000000                            
PL51  -8966.247667  -5327.689996   6363.903380              
VL51   8099.809254  40137.622925  44768.549070              
*  2025  1  2  2 10   0.00000000                            
PL51  -8851.083865  -4839.063330   6890.824540              
VL51  11092.649855  41270.640826  43028.517695              
*  2025  1  2  2 12   0.00000000                            
PL51  -8700.085089  -4337.909343   7396.044049              
VL51  14070.235190  42225.000429  41152.560231              
*  2025  1  2  2 14   0.00000000                            
PL51  -8513.508899  -3826.388702   7877.965986              
VL51  17020.152054  42998.038013  39146.615320              
*  2025  1  2  2 16   0.00000000                            
PL51  -8291.761592  -3306.689307   8335.068295              
VL51  19930.033776  43587.880222  37017.051637              
*  2025  1  2  2 18   0.00000000                            
PL51  -8035.397310  -2781.016763   8765.907813              
VL51  22787.614980  43993.449573  34770.645901              
*  2025  1  2  2 20   0.00000000                            
PL51  -7745.116500  -2251.584821   9169.125031              
VL51  25580.785940  44214.466188  32414.559386              
*  2025  1  2  2 22   0.00000000                            
PL51  -7421.763723  -1720.605814   9543.448559              
VL51  28297.646309  44251.445759  29956.313011              
*  2025  1  2  2 24   0.00000000                            
PL51  -7066.324823  -1190.281139   9887.699285              
VL51  30926.557912  44105.693774  27403.761147              
*  2025  1  2  2 26   0.00000000                            
PL51  -6679.923472   -662.791834  10200.794213              
VL51  33456.196363  43779.296058  24765.064264              
*  2025  1  2  2 28   0.00000000                            
PL51  -6263.817097   -140.289289  10481.749969              
VL51  35875.601248  43275.105707  22048.660540              
*  2025  1  2  2 30   0.00000000                            
PL51  -5819.392226    375.113866  10729.685958              
VL51  38174.224645  42596.726508  19263.236571              
*  2025  1  2  2 32   0.00000000                            
PL51  -5348.159251    881.352651  10943.827162              
VL51  40341.977739  41748.492958  16417.697298              
*  2025  1  2  2 34   0.00000000                            
PL51  -4851.746652   1376.418372  11123.506581              
VL51  42369.275339  40735.447020  13521.135306              
*  2025  1  2  2 36   0.00000000                            
PL51  -4331.894697   1858.366952  11268.167297              
VL51  44247.078091  39563.311740  10582.799585              
*  2025  1  2  2 38   0.00000000                            
PL51  -3790.448652   2325.326930  11377.364158              
VL51  45966.932199  38238.461911   7612.063922              
*  2025  1  2  2 40   0.00000000                            
PL51  -3229.351527   2775.507096  11450.765088              
VL51  47521.006495  36767.891919   4618.395012              
*  2025  1  2  2 42   0.00000000                            
PL51  -2650.636400   3207.203716  11488.152009              
VL51  48902.126690  35159.180982   1611.320438              
*  2025  1  2  2 44   0.00000000                            
PL51  -2056.418339   3618.807332  11489.421378              
VL51  50103.806677  33420.455949  -1399.603360              
*  2025  1  2  2 46   0.00000000                            
PL51  -1448.885974   4008.809097  11454.584345              
VL51  51120.276765  31560.351879  -4404.823025              
*  2025  1  2  2 48   0.00000000                            
PL51   -830.292747   4375.806628  11383.766520              
VL51  51946.508723  29587.970587  -7394.819993              
*  2025  1  2  2 50   0.00000000                            
PL51   -202.947877   4718.509349  11277.207372              
VL51  52578.237568  27512.837398 -10360.141874              
*  2025  1  2  2 52   0.00000000                            
PL51    430.792908   5035.743306  11135.259247              
VL51  53011.980002  25344.856303 -13291.433402              
*  2025  1  2  2 54   0.00000000                            
PL51   1068.536848   5326.455433  10958.386016              
VL51  53245.049459  23094.263756 -16179.466845              
*  2025  1  2  2 56   0.00000000                            
PL51   1707.863786   5589.717261  10747.161373              
VL51  53275.567700  20771.581320 -19015.171790              
*  2025  1  2  2 58   0.00000000                            
PL51   2346.335916   5824.728049  10502.266763              
VL51  53102.472930  18387.567406 -21789.664198              
*  2025  1  2  3  0   0.00000000                            
PL51   2981.507616   6030.817334  10224.488983              
VL51  52725.524436  15953.168312 -24494.274659              
*  2025  1  2  3  2   0.00000000                            
PL51   3610.935309   6207.446889   9914.717435              
VL51  52145.303710  13479.468797 -27120.575736              
*  2025  1  2  3  4   0.00000000                            
PL51   4232.187318   6354.212087   9573.941068              
VL51  51363.212102  10977.642410 -29660.408340              
*  2025  1  2  3  6   0.00000000                            
PL51   4842.853675   6470.842665   9203.245002              
VL51  50381.465008   8458.901805 -32105.907035              
*  2025  1  2  3  8   0.00000000                            
PL51   5440.555836   6557.202903   8803.806859              
VL51  49203.082640   5934.449258 -34449.524213              
*  2025  1  2  3 10   0.00000000                            
PL51   6022.956268   6613.291198   8376.892810              
VL51  47831.877442   3415.427603 -36684.053052              
*  2025  1  2  3 12   0.00000000                            
PL51   6587.767862   6639.239062   7923.853355              
VL51  46272.438204    912.871807 -38802.649199              
*  2025  1  2  3 14   0.00000000                            
PL51   7132.763139   6635.309541   7446.118847              
VL51  44530.110981  -1562.338606 -40798.851105              
*  2025  1  2  3 16   0.00000000                            
PL51   7655.783208   6601.895070   6945.194787              
VL51  42610.976891  -3999.526074 -42666.598959              
*  2025  1  2  3 18   0.00000000                            
PL51   8154.746434   6539.514776   6422.656895              
VL51  40521.826928  -6388.260275 -44400.252155              
*  2025  1  2  3 20   0.00000000                            
PL51   8627.656799   6448.811247   5880.145982              
VL51  38270.133895  -8718.401938 -45994.605247              
*  2025  1  2  3 22   0.00000000                            
PL51   9072.611892   6330.546782   5319.362641              
VL51  35864.021629 -10980.145031 -47444.902345              
*  2025  1  2  3 24   0.00000000                            
PL51   9487.810532   6185.599152   4742.061773              
VL51  33312.231645 -13164.057132 -48746.849922              
*  2025  1  2  3 26   0.00000000                            
PL51   9871.559965   6014.956883   4150.046971              
VL51  30624.087387 -15261.117827 -49896.627993              
*  2025  1  2  3 28   0.00000000                            
PL51  10222.282618   5819.714089   3545.164778              
VL51  27809.456248 -17262.754981 -50890.899672              
*  2025  1  2  3 30   0.00000000                            
PL51  10538.522393   5601.064890   2929.298840              
VL51  24878.709555 -19160.878737 -51726.819056              
*  2025  1  2  3 32   0.00000000                            
PL51  10818.950464   5360.297433   2304.363977              
VL51  21842.680705 -20947.913121 -52402.037466              
*  2025  1  2  3 34   0.00000000                            
PL51  11062.370561   5098.787544   1672.300185              
VL51  18712.621650 -22616.825137 -52914.708031              
*  2025  1  2  3 36   0.00000000                            
PL51  11267.723723   4817.992054   1035.066597              
VL51  15500.157949 -24161.151261 -53263.488622              
*  2025  1  2  3 38   0.00000000                            
PL51  11434.092508   4519.441821    394.635415              
VL51  12217.242577 -25575.021226 -53447.543168              
*  2025  1  2  3 40   0.00000000                            
PL51  11560.704640   4204.734478   -247.014161              
VL51   8876.108719 -26853.179063 -53466.541378              
*  2025  1  2  3 42   0.00000000                            
PL51  11646.936081   3875.526952   -887.901994              
VL51   5489.221743 -27991.001317 -53320.656889              
*  2025  1  2  3 44   0.00000000                            
PL51  11692.313527   3533.527778  -1526.053039              
VL51   2069.230576 -28984.512409 -53010.563902              
*  2025  1  2  3 46   0.00000000                            
PL51  11696.516319   3180.489247  -2159.503321              
VL51  -1371.081340 -29830.397123 -52537.432334              
*  2025  1  2  3 48   0.00000000                            
PL51  11659.377760   2818.199421  -2786.305847              
VL51  -4818.845274 -30526.010202 -51902.921545              
*  2025  1  2  3 50   0.00000000                            
PL51  11580.885843   2448.474051  -3404.536436              
VL51  -8261.156455 -31069.383046 -51109.172680              
*  2025  1  2  3 52   0.00000000                            
PL51  11461.183389   2073.148428  -4012.299446              
VL51 -11685.123119 -31459.227551 -50158.799700              
*  2025  1  2  3 54   0.00000000                            
PL51  11300.567598   1694.069215  -4607.733390              
VL51 -15077.915193 -31694.937084 -49054.879145              
*  2025  1  2  3 56   0.00000000                            
PL51  11099.489021   1313.086270  -5189.016418              
VL51 -18426.812412 -31776.584664 -47800.938713              
*  2025  1  2  3 58   0.00000000                            
PL51  10858.549955    932.044521  -5754.371658              
VL51 -21719.251720 -31704.918374 -46400.944701              
*  2025  1  2  4  0   0.00000000                            
PL51  10578.502277    552.775902  -6302.072397              
VL51 -24942.873773 -31481.354090 -44859.288395              
*  2025  1  2  4  2   0.00000000                            
PL51  10260.244728    177.091398  -6830.447094              
VL51 -28085.568414 -31107.965580 -43180.771476              
*  2025  1  2  4  4   0.00000000                            
PL51   9904.819650   -193.226777  -7337.884215              
VL51 -31135.518958 -30587.472069 -41370.590501              
*  2025  1  2  4  6   0.00000000                            
PL51   9513.409214   -556.432838  -7822.836871              
VL51 -34081.245181 -29923.223342 -39434.320542              
*  2025  1  2  4  8   0.00000000                            
PL51   9087.331121   -910.824899  -8283.827260              
VL51 -36911.644878 -29119.182495 -37377.898036              
*  2025  1  2  4 10   0.00000000                            
PL51   8628.033833  -1254.752211  -8719.450897              
VL51 -39616.033898 -28179.906415 -35207.602915              
*  2025  1  2  4 12   0.00000000                            
PL51   8137.091319  -1586.622165  -9128.380624              
VL51 -42184.184547 -27110.524108 -32930.040066              
*  2025  1  2  4 14   0.00000000                            
PL51   7616.197358  -1904.907015  -9509.370397              
VL51 -44606.362265 -25916.712953 -30552.120176              
*  2025  1  2  4 16   0.00000000                            
PL51   7067.159409  -2208.150306  -9861.258837              
VL51 -46873.360510 -24604.673015 -28081.040022              
*  2025  1  2  4 18   0.00000000                            
PL51   6491.892075  -2494.972983 -10182.972539              
VL51 -48976.533753 -23181.099507 -25524.262233              
*  2025  1  2  4 20   0.00000000                            
PL51   5892.410186  -2764.079158 -10473.529144              
VL51 -50907.828529 -21653.153515 -22889.494584              
*  2025  1  2  4 22   0.00000000                            
PL51   5270.821510  -3014.261520 -10732.040152              
VL51 -52659.812477 -20028.431100 -20184.668854              
*  2025  1  2  4 24   0.00000000                            
PL51   4629.319146  -3244.406357 -10957.713479              
VL51 -54225.701307 -18314.930877 -17417.919273              
*  2025  1  2  4 26   0.00000000                            
PL51   3970.173587  -3453.498187 -11149.855758              
VL51 -55599.383645 -16521.020192 -14597.560593              
*  2025  1  2  4 28   0.00000000                            
PL51   3295.724512  -3640.623976 -11307.874370              
VL51 -56775.443700 -14655.399998 -11732.065806              
*  2025  1  2  4 30   0.00000000                            
PL51   2608.372313  -3804.976920 -11431.279211              
VL51 -57749.181700 -12727.068541  -8830.043527              
*  2025  1  2  4 32   0.00000000                            
PL51   1910.569391  -3945.859792 -11519.684177              
VL51 -58516.632041 -10745.283962  -5900.215066              
*  2025  1  2  4 34   0.00000000                            
PL51   1204.811247  -4062.687830 -11572.808380              
VL51 -59074.579110  -8719.525944  -2951.391206              
*  2025  1  2  4 36   0.00000000                            
PL51    493.627405  -4154.991162 -11590.477082              
VL51 -59420.570716  -6659.456484      7.551286              
*  2025  1  2  4 38   0.00000000                            
PL51   -220.427825  -4222.416756 -11572.622344              
VL51 -59552.929098  -4574.879944   2967.693403              
*  2025  1  2  4 40   0.00000000                            
PL51   -934.784688  -4264.729882 -11519.283387              
VL51 -59470.759458  -2475.702462   5920.097870              
*  2025  1  2  4 42   0.00000000                            
PL51  -1646.867423  -4281.815088 -11430.606670              
VL51 -59173.955968   -371.890865   8855.833332              
*  2025  1  2  4 44   0.00000000                            
PL51  -2354.103749  -4273.676685 -11306.845669              
VL51 -58663.205221   1726.568806  11765.998730              
*  2025  1  2  4 46   0.00000000                            
PL51  -3053.934385  -4240.438719 -11148.360369              
VL51 -57939.987073   3809.713024  14641.747846              
*  2025  1  2  4 48   0.00000000                            
PL51  -3743.822561  -4182.344456 -10955.616458              
VL51 -57006.572826   5867.642656  17474.313998              
*  2025  1  2  4 50   0.00000000                            
PL51  -4421.263489  -4099.755356 -10729.184223              
VL51 -55866.020723   7890.564823  20255.034848              
*  2025  1  2  4 52   0.00000000                            
PL51  -5083.793768  -3993.149546 -10469.737147              
VL51 -54522.168701   9868.834647  22975.377290              
*  2025  1  2  4 54   0.00000000                            
PL51  -5729.000680  -3863.119797 -10178.050212              
VL51 -52979.624359  11792.996707  25626.962382              
*  2025  1  2  4 56   0.00000000                            
PL51  -6354.531354  -3710.371002  -9854.997896              
VL51 -51243.752120  13653.826084  28201.590266              
*  2025  1  2  4 58   0.00000000                            
PL51  -6958.101756  -3535.717168  -9501.551878              
VL51 -49320.657545  15442.368820  30691.265024              
*  2025  1  2  5  0   0.00000000                            
PL51  -7537.505475  -3340.077926  -9118.778439              
VL51 -47217.168778  17149.981649  33088.219406              
*  2025  1  2  5  2   0.00000000                            
PL51  -8090.622267  -3124.474564  -8707.835575              
VL51 -44940.815126  18768.370821  35384.939350              
*  2025  1  2  5  4   0.00000000                            
PL51  -8615.426327  -2890.025611  -8269.969807              
VL51 -42499.802749  20289.629860  37574.188232              
*  2025  1  2  5  6   0.00000000                            
PL51  -9109.994249  -2637.941967  -7806.512713              
VL51 -39902.987498  21706.276079  39649.030747              
*  2025  1  2  5  8   0.00000000                            
PL51  -9572.512648  -2369.521605  -7318.877170              
VL51 -37159.844904  23011.285667  41602.856328              
*  2025  1  2  5 10   0.00000000                            
PL51 -10001.285402  -2086.143860  -6808.553317              
VL51 -34280.437370  24198.127190  43429.402014              
*  2025  1  2  5 12   0.00000000                            
PL51 -10394.740480  -1789.263334  -6277.104252              
VL51 -31275.378625  25260.793297  45122.774648              
*  2025  1  2  5 14   0.00000000                            
PL51 -10751.436336  -1480.403420  -5726.161466              
VL51 -28155.795507  26193.830474  46677.472306              
*  2025  1  2  5 16   0.00000000                            
PL51 -11070.067821  -1161.149492  -5157.420020              
VL51 -24933.287173  26992.366653  48088.404834              
*  2025  1  2  5 18   0.00000000                            
PL51 -11349.471596   -833.141774  -4572.633491              
VL51 -21619.881860  27652.136515  49350.913378              
*  2025  1  2  5 20   0.00000000                            
PL51 -11588.631006   -498.067914  -3973.608679              
VL51 -18227.991309  28169.504295  50460.788782              
*  2025  1  2  5 22   0.00000000                            
PL51 -11786.680403   -157.655315  -3362.200112              
VL51 -14770.363040  28541.483954  51414.288746              
*  2025  1  2  5 24   0.00000000                            
PL51 -11942.908875    186.336779  -2740.304341              
VL51 -11260.030624  28765.756542  52208.153606              
*  2025  1  2  5 26   0.00000000                            
PL51 -12056.763373    532.125369  -2109.854070              
VL51  -7710.262177  28840.684624  52839.620632              
*  2025  1  2  5 28   0.00000000                            
PL51 -12127.851207    877.911958  -1472.812105              
VL51  -4134.507287  28765.323633  53306.436735              
*  2025  1  2  5 30   0.00000000                            
PL51 -12155.941901   1221.890911   -831.165178              
VL51   -546.342605  28539.430055  53606.869466              
*  2025  1  2  5 32   0.00000000                            
PL51 -12140.968382   1562.257904   -186.917639              
VL51   3040.583634  28163.466329  53739.716227              
*  2025  1  2  5 34   0.00000000                            
PL51 -12083.027507   1897.218408    457.914948              
VL51   6612.607891  27638.602410  53704.311607              
*  2025  1  2  5 36   0.00000000                            
PL51 -11982.379902   2224.996171   1101.312284              
VL51  10156.108144  26966.713926  53500.532758              
*  2025  1  2  5 38   0.00000000                            
PL51 -11839.449121   2543.841657   1741.255871              
VL51  13657.560938  26150.376904  53128.802766              
*  2025  1  2  5 40   0.00000000                            
PL51 -11654.820126   2852.040404   2375.735568              
VL51  17103.598374  25192.859039  52590.091943              
*  2025  1  2  5 42   0.00000000                            
PL51 -11429.237077   3147.921253   3002.756162              
VL51  20481.064747  24098.107536  51885.917021              
*  2025  1  2  5 44   0.00000000                            
PL51 -11163.600446   3429.864411   3620.343902              
VL51  23777.072499  22870.733537  51018.338219              
*  2025  1  2  5 46   0.00000000                            
PL51 -10858.963474   3696.309312   4226.552999              
VL51  26979.057214  21515.993208  49989.954158              
*  2025  1  2  5 48   0.00000000                            
PL51 -10516.527967   3945.762223   4819.472042              
VL51  30074.831320  20039.765550  48803.894661              
*  2025  1  2  5 50   0.00000000                            
PL51 -10137.639457   4176.803570   5397.230319              
VL51  33052.636233  18448.527050  47463.811433              
*  2025  1  2  5 52   0.00000000                            
PL51  -9723.781754   4388.094943   5958.004015              
VL51  35901.192631  16749.323283  45973.866667              
*  2025  1  2  5 54   0.00000000                            
PL51  -9276.570904   4578.385738   6500.022256              
VL51  38609.748613  14949.737622  44338.719639              
*  2025  1  2  5 56   0.00000000                            
PL51  -8797.748577   4746.519409   7021.572989              
VL51  41168.125466  13057.857197  42563.511323              
*  2025  1  2  5 58   0.00000000                            
PL51  -8289.174937   4891.439296   7521.008654              
VL51  43566.760808  11082.236302  40653.847135              
*  2025  1  2  6  0   0.00000000                            
PL51  -7752.820989   5012.194002   7996.751651              
VL51  45796.748890   9031.857424  38615.777863              
*  2025  1  2  6  2   0.00000000                            
PL51  -7190.760486   5107.942280   8447.299558              
VL51  47849.877836   6916.090109  36455.778882              
*  2025  1  2  6  4   0.00000000                            
PL51  -6605.161383   5177.957430   8871.230092              
VL51  49718.663659   4744.647885  34180.727764              
*  2025  1  2  6  6   0.00000000                            
PL51  -5998.276925   5221.631152   9267.205798              
VL51  51396.380858   2527.543461  31797.880377              
*  2025  1  2  6  8   0.00000000                            
PL51  -5372.436372   5238.476865   9633.978434              
VL51  52877.089483    275.042453  29314.845604              
*  2025  1  2  6 10   0.00000000                            
PL51  -4730.035432   5228.132453   9970.393049              
VL51  54155.658525  -2002.384130  26739.558799              
*  2025  1  2  6 12   0.00000000                            
PL51  -4073.526434   5190.362446  10275.391741              
VL51  55227.785544  -4294.108371  24080.254121              
*  2025  1  2  6 14   0.00000000                            
PL51  -3405.408279   5125.059602  10548.017065              
VL51  56090.012480  -6589.394667  21345.435868              
*  2025  1  2  6 16   0.00000000                            
PL51  -2728.216242   5032.245905  10787.415101              
VL51  56739.737575  -8877.449425  18543.848962              
*  2025  1  2  6 18   0.00000000                            
PL51  -2044.511635   4912.072960  10992.838164              
VL51  57175.223421 -11147.470978  15684.448705              
*  2025  1  2  6 20   0.00000000                            
PL51  -1356.871412   4764.821792  11163.647137              
VL51  57395.601116 -13388.699489  12776.369948              
*  2025  1  2  6 22   0.00000000                            
PL51   -667.877740   4590.902043  11299.313445              
VL51  57400.870560 -15590.466589   9828.895794              
*  2025  1  2  6 24   0.00000000                            
PL51     19.892411   4390.850581  11399.420641              
VL51  57191.896926 -17742.244521   6851.425957              
*  2025  1  2  6 26   0.00000000                            
PL51    703.877610   4165.329523  11463.665614              
VL51  56770.403375 -19833.694558   3853.444901              
*  2025  1  2  6 28   0.00000000                            
PL51   1381.542198   3915.123675  11491.859417              
VL51  56138.960057 -21854.714480    844.489863              
*  2025  1  2  6 30   0.00000000                            
PL51   2050.386370   3641.137422  11483.927704              
VL51  55300.969518 -23795.484877  -2165.881100              
*  2025  1  2  6 32   0.00000000                            
PL51   2707.956056   3344.391057  11439.910796              
VL51  54260.648582 -25646.514085  -5168.120959              
*  2025  1  2  6 34   0.00000000                            
PL51   3351.852567   3026.016591  11359.963348              
VL51  53023.006838 -27398.681551  -8152.725323              
*  2025  1  2  6 36   0.00000000                            
PL51   3979.741965   2687.253043  11244.353660              
VL51  51593.821853 -29043.279429 -11110.263708              
*  2025  1  2  6 38   0.00000000                            
PL51   4589.364111   2329.441255  11093.462597              
VL51  49979.611242 -30572.052226 -14031.410372              
*  2025  1  2  6 40   0.00000000                            
PL51   5178.541366   1954.018227  10907.782155              
VL51  48187.601760 -31977.234339 -16906.974593              
*  2025  1  2  6 42   0.00000000                            
PL51   5745.186897   1562.511033  10687.913658              
VL51  46225.695562 -33251.585301 -19727.930314              
*  2025  1  2  6 44   0.00000000                            
PL51   6287.312573   1156.530316  10434.565612              
VL51  44102.433814 -34388.422608 -22485.445042              
*  2025  1  2  6 46   0.00000000                            
PL51   6803.036393    737.763408  10148.551208              
VL51  41826.957829 -35381.651969 -25170.907916              
*  2025  1  2  6 48   0.00000000                            
PL51   7290.589451    307.967104   9830.785504              
VL51  39408.967917 -36225.794876 -27775.956858              
*  2025  1  2  6 50   0.00000000                            
PL51   7748.322383   -131.039880   9482.282277              
VL51  36858.680156 -36916.013357 -30292.504717              
*  2025  1  2  6 52   0.00000000                            
PL51   8174.711288   -577.384723   9104.150575              
VL51  34186.781272 -37448.131838 -32712.764325              
*  2025  1  2  6 54   0.00000000                            
PL51   8568.363095  -1029.148571   8697.590973              
VL51  31404.381858 -37818.656010 -35029.272390              
*  2025  1  2  6 56   0.00000000                            
PL51   8928.020365  -1484.374804   8263.891548              
VL51  28522.968137 -38024.788642 -37234.912150              
*  2025  1  2  6 58   0.00000000                            
PL51   9252.565498  -1941.077484   7804.423589              
VL51  25554.352504 -38064.442276 -39322.934719              
*  2025  1  2  7  0   0.00000000                            
PL51   9541.024351  -2397.249932   7320.637068              
VL51  22510.623053 -37936.248776 -41286.979068              
*  2025  1  2  7  2   0.00000000                            
PL51   9792.569235  -2850.873398   6814.055866              
VL51  19404.092340 -37639.565690 -43121.090574              
*  2025  1  2  7  4   0.00000000                            
PL51  10006.521298  -3299.925797   6286.272795              
VL51  16247.245607 -37174.479424 -44819.738094              
*  2025  1  2  7  6   0.00000000                            
PL51  10182.352289  -3742.390454   5738.944422              
VL51  13052.688685 -36541.805233 -46377.829510              
*  2025  1  2  7  8   0.00000000                            
PL51  10319.685689  -4176.264837   5173.785715              
VL51   9833.095831 -35743.084040 -47790.725708              
*  2025  1  2  7 10   0.00000000                            
PL51  10418.297220  -4599.569229   4592.564529              
VL51   6601.157713 -34780.576140 -49054.252966              
*  2025  1  2  7 12   0.00000000                            
PL51  10478.114733  -5010.355305   3997.095959              
VL51   3369.529771 -33657.251810 -50164.713707              
*  2025  1  2  7 14   0.00000000                            
PL51  10499.217476  -5406.714586   3389.236566              
VL51    150.781189 -32376.778921 -51118.895623              
*  2025  1  2  7 16   0.00000000                            
PL51  10481.834760  -5786.786717   2770.878509              
VL51  -3042.655320 -30943.507611 -51914.079133              
*  2025  1  2  7 18   0.00000000                            
PL51  10426.344021  -6148.767546   2143.943597              
VL51  -6198.532692 -29362.452123 -52548.043195              
*  2025  1  2  7 20   0.00000000                            
PL51  10333.268306  -6490.916978   1510.377276              
VL51  -9304.837461 -27639.269914 -53019.069463              
*  2025  1  2  7 22   0.00000000                            
PL51  10203.273191  -6811.566547    872.142586              
VL51 -12349.836277 -25780.238150 -53325.944806              
*  2025  1  2  7 24   0.00000000                            
PL51  10037.163143  -7109.126703    231.214085              
VL51 -15322.120818 -23792.227723 -53467.962208              
*  2025  1  2  7 26   0.00000000                            
PL51   9835.877364  -7382.093771   -410.428217              
VL51 -18210.650920 -21682.674924 -53444.920084              
*  2025  1  2  7 28   0.00000000                            
PL51   9600.485121  -7629.056550  -1050.804913              
VL51 -21004.795770 -19459.550923 -53257.120034              
*  2025  1  2  7 30   0.00000000                            
PL51   9332.180599  -7848.702540  -1687.943218              
VL51 -23694.373016 -17131.329206 -52905.363095              
*  2025  1  2  7 32   0.00000000                            
PL51   9032.277294  -8039.823768  -2319.882930              
VL51 -26269.685671 -14706.951131 -52390.944515              
*  2025  1  2  7 34   0.00000000                            
PL51   8702.201980  -8201.322182  -2944.682321              
VL51 -28721.556684 -12195.789772 -51715.647126              
*  2025  1  2  7 36   0.00000000                            
PL51   8343.488273  -8332.214610  -3560.423946              
VL51 -31041.361080  -9607.612199 -50881.733345              
*  2025  1  2  7 38   0.00000000                            
PL51   7957.769829  -8431.637255  -4165.220338              
VL51 -33221.055588  -6952.540388 -49891.935888              
*  2025  1  2  7 40   0.00000000                            
PL51   7546.773195  -8498.849712  -4757.219595              
VL51 -35253.205669  -4241.010905 -48749.447236              
*  2025  1  2  7 42   0.00000000                            
PL51   7112.310357  -8533.238495  -5334.610823              
VL51 -37131.009897  -1483.733549 -47457.907935              
*  2025  1  2  7 44   0.00000000                            
PL51   6656.271009  -8534.320064  -5895.629441              
VL51 -38848.321633   1308.350881 -46021.393779              
*  2025  1  2  7 46   0.00000000                            
PL51   6180.614582  -8501.743341  -6438.562319              
VL51 -40399.667960   4124.113534 -44444.401953              
*  2025  1  2  7 48   0.00000000                            
PL51   5687.362056  -8435.291706  -6961.752750              
VL51 -41780.265865   6952.280996 -42731.836211              
*  2025  1  2  7 50   0.00000000                            
PL51   5178.587599  -8334.884466  -7463.605230              
VL51 -42986.035647   9781.479173 -40888.991134              
*  2025  1  2  7 52   0.00000000                            
PL51   4656.410061  -8200.577803  -7942.590056              
VL51 -44013.611553  12600.277397 -38921.535561              
*  2025  1  2  7 54   0.00000000                            
PL51   4122.984357  -8032.565184  -8397.247708              
VL51 -44860.349670  15397.232619 -36835.495244              
*  2025  1  2  7 56   0.00000000                            
PL51   3580.492772  -7831.177246  -8826.193026              
VL51 -45524.333082  18160.933538 -34637.234792              
*  2025  1  2  7 58   0.00000000                            
PL51   3031.136216  -7596.881153  -9228.119168              
VL51 -46004.374327  20880.044537 -32333.438964              
*  2025  1  2  8  0   0.00000000                            
PL51   2477.125473  -7330.279423  -9601.801330              
VL51 -46300.015201  23543.349279 -29931.093361              
*  2025  1  2  8  2   0.00000000                            
PL51   1920.672461  -7032.108237  -9946.100246              
VL51 -46411.523943  26139.793856 -27437.464567              
*  2025  1  2  8  4   0.00000000                            
PL51   1363.981549  -6703.235238 -10259.965428              
VL51 -46339.889858  28658.529360 -24860.079777              
*  2025  1  2  8  6   0.00000000                            
PL51    809.240944  -6344.656813 -10542.438178              
VL51 -46086.815422  31088.953750 -22206.705970              
*  2025  1  2  8  8   0.00000000                            
PL51    258.614196  -5957.494890 -10792.654333              
VL51 -45654.705935  33420.752915 -19485.328636              
*  2025  1  2  8 10   0.00000000                            
PL51   -285.768165  -5542.993235 -11009.846759              
VL51 -45046.656774  35643.940819 -16704.130119              
*  2025  1  2  8 12   0.00000000                            
PL51   -821.816819  -5102.513283 -11193.347581              
VL51 -44266.438317  37748.898615 -13871.467582              
*  2025  1  2  8 14   0.00000000                            
PL51  -1347.491652  -4637.529500 -11342.590146              
VL51 -43318.478586  39726.412629 -10995.850638              
*  2025  1  2  8 16   0.00000000                            
PL51  -1860.809539  -4149.624302 -11457.110721              
VL51 -42207.843697  41567.711113  -8085.918657              
*  2025  1  2  8 18   0.00000000                            
PL51  -2359.851868  -3640.482538 -11536.549906              
VL51 -40940.216161  43264.499666  -5150.417773              
*  2025  1  2  8 20   0.00000000                            
PL51  -2842.771798  -3111.885552 -11580.653780              
VL51 -39521.871118  44808.995216  -2198.177614              
*  2025  1  2  8 22   0.00000000                            
PL51  -3307.801218  -2565.704855 -11589.274761              
VL51 -37959.650560  46193.958472    761.912236              
*  2025  1  2  8 24   0.00000000                            
PL51  -3753.257383  -2003.895413 -11562.372185              
VL51 -36260.935624  47412.724737   3720.926019              
*  2025  1  2  8 26   0.00000000                            
PL51  -4177.549212  -1428.488574 -11500.012590              
VL51 -34433.617018  48459.232982   6669.925810              
*  2025  1  2  8 28   0.00000000                            
PL51  -4579.183211   -841.584658 -11402.369724              
VL51 -32486.063651  49328.053081   9599.985746              
*  2025  1  2  8 30   0.00000000                            
PL51  -4956.769019   -245.345235 -11269.724250              
VL51 -30427.089555  50014.411101  12502.216434              
*  2025  1  2  8 32   0.00000000                            
PL51  -5309.024542    358.014892 -11102.463164              
VL51 -28265.919158  50514.212528  15367.789534              
*  2025  1  2  8 34   0.00000000                            
PL51  -5634.780659    966.235971 -10901.078909              
VL51 -26012.151006  50824.063349  18187.962482              
*  2025  1  2  8 36   0.00000000                            
PL51  -5932.985491   1577.021817 -10666.168202              
VL51 -23675.720011  50941.288845  20954.103335              
*  2025  1  2  8 38   0.00000000                            
PL51  -6202.708198   2188.048550 -10398.430555              
VL51 -21266.858310  50863.950012  23657.715677              
*  2025  1  2  8 40   0.00000000                            
PL51  -6443.142310   2796.973505 -10098.666498              
VL51 -18796.054852  50590.857470  26290.463580              
*  2025  1  2  8 42   0.00000000                            
PL51  -6653.608556   3401.444302  -9767.775506              
VL51 -16274.013791  50121.582776  28844.196527              
*  2025  1  2  8 44   0.00000000                            
PL51  -6833.557194   3999.108028  -9406.753622              
VL51 -13711.611819  49456.466995  31310.974273              
*  2025  1  2  8 46   0.00000000                            
PL51  -6982.569821   4587.620511  -9016.690788              
VL51 -11119.854558  48596.626457  33683.091550              
*  2025  1  2  8 48   0.00000000                            
PL51  -7100.360651   5164.655642  -8598.767876              
VL51  -8509.832144  47543.955577  35953.102554              
*  2025  1  2  8 50   0.00000000                            
PL51  -7186.777264   5727.914713  -8154.253429              
VL51  -5892.674147  46301.126657  38113.845118              
*  2025  1  2  8 52   0.00000000                            
PL51  -7241.800801   6275.135738  -7684.500117              
VL51  -3279.503997  44871.586584  40158.464496              
*  2025  1  2  8 54   0.00000000                            
PL51  -7265.545621   6804.102709  -7190.940904              
VL51   -681.393062  43259.550352  42080.436650              
*  2025  1  2  8 56   0.00000000                            
PL51  -7258.258394   7312.654760  -6675.084945              
VL51   1890.685426  41469.991362  43873.590946              
*  2025  1  2  8 58   0.00000000                            
PL51  -7220.316652   7798.695192  -6138.513212              
VL51   4425.902421  39508.628431  45532.132146              
*  2025  1  2  9  0   0.00000000                            
PL51  -7152.226779   8260.200326  -5582.873861              
VL51   6913.618897  37381.909509  47050.661607              
*  2025  1  2  9  2   0.00000000                            
PL51  -7054.621460   8695.228137  -5009.877351              
VL51   9343.431255  35096.992061  48424.197540              
*  2025  1  2  9  4   0.00000000                            
PL51  -6928.256589   9101.926632  -4421.291323              
VL51  11705.216102  32661.720146  49648.194246              
*  2025  1  2  9  6   0.00000000                            
PL51  -6774.007637   9478.541938  -3818.935260              
VL51  13989.174183  30084.598202  50718.560197              
*  2025  1  2  9  8   0.00000000                            
PL51  -6592.865505   9823.426052  -3204.674933              
VL51  16185.873244  27374.761577  51631.674833              
*  2025  1  2  9 10   0.00000000                            
PL51  -6385.931874  10135.044219  -2580.416658              
VL51  18286.289606  24541.943893  52384.403988              
*  2025  1  2  9 12   0.00000000                            
PL51  -6154.414055  10411.981898  -1948.101368              
VL51  20281.848224  21596.441317  52974.113792              
*  2025  1  2  9 14   0.00000000                            
PL51  -5899.619373  10652.951287  -1309.698544              
VL51  22164.461000  18549.073863  53398.682972              
*  2025  1  2  9 16   0.00000000                            
PL51  -5622.949110  10856.797362   -667.199988              
VL51  23926.563136  15411.143855  53656.513434              
*  2025  1  2  9 18   0.00000000                            
PL51  -5325.892010  11022.503399    -22.613498              
VL51  25561.147309  12194.391723  53746.539023              
*  2025  1  2  9 20   0.00000000                            
PL51  -5010.017402  11149.195956    622.043562              
VL51  27061.795449   8910.949310  53668.232385              
*  2025  1  2  9 22   0.00000000                            
PL51  -4676.967948  11236.149279   1264.750757              
VL51  28422.707922   5573.290898  53421.609843              
*  2025  1  2  9 24   0.00000000                            
PL51  -4328.452062  11282.789104   1903.491127              
VL51  29638.729932   2194.182204  53007.234231              
*  2025  1  2  9 26   0.00000000                            
PL51  -3966.236027  11288.695842   2536.257747              
VL51  30705.374957  -1213.372430  52426.215623              
*  2025  1  2  9 28   0.00000000                            
PL51  -3592.135854  11253.607117   3161.060294              
VL51  31618.845070  -4636.184346  51680.209955              
*  2025  1  2  9 30   0.00000000                            
PL51  -3208.008907  11177.419646   3775.931572              
VL51  32376.048003  -8060.936126  50771.415492              
*  2025  1  2  9 32   0.00000000                            
PL51  -2815.745355  11060.190445   4378.933993              
VL51  32974.610856 -11474.238089  49702.567177              
*  2025  1  2  9 34   0.00000000                            
PL51  -2417.259473  10902.137353   4968.165967              
VL51  33412.890345 -14862.685433  48476.928855              
*  2025  1  2  9 36   0.00000000                            
PL51  -2014.480841  10703.638872   5541.768200              
VL51  33689.979526 -18212.915739  47098.283408              
*  2025  1  2  9 38   0.00000000                            
PL51  -1609.345487  10465.233310   6097.929846              
VL51  33805.710963 -21511.666519  45570.920845              
*  2025  1  2  9 40   0.00000000                            
PL51  -1203.787013  10187.617238   6634.894511              
VL51  33760.656291 -24745.832521  43899.624386              
*  2025  1  2  9 42   0.00000000                            
PL51   -799.727743   9871.643264   7150.966086              
VL51  33556.122198 -27902.522487  42089.654607              
*  2025  1  2  9 44   0.00000000                            
PL51   -399.069948   9518.317126   7644.514360              
VL51  33194.142821 -30969.115062  40146.731719              
*  2025  1  2  9 46   0.00000000                            
PL51     -3.687179   9128.794123   8113.980428              
VL51  32677.468618 -33933.313563  38077.016062              
*  2025  1  2  9 48   0.00000000                            
PL51    384.584247   8704.374902   8557.881846              
VL51  32009.551764 -36783.199326  35887.086915              
*  2025  1  2  9 50   0.00000000                            
PL51    763.953558   8246.500603   8974.817519              
VL51  31194.528170 -39507.283355  33583.919730              
*  2025  1  2  9 52   0.00000000                            
PL51   1132.683615   7756.747410   9363.472317              
VL51  30237.196228 -42094.556016  31174.861902              
*  2025  1  2  9 54   0.00000000                            
PL51   1489.098710   7236.820504   9722.621380              
VL51  29142.992404 -44534.534540  28667.607198              
*  2025  1  2  9 56   0.00000000                            
PL51   1831.592068   6688.547474  10051.134121              
VL51  27917.963832 -46817.308107  26070.168966              
*  2025  1  2  9 58   0.00000000                            
PL51   2158.632992   6113.871193  10347.977890              
VL51  26568.738062 -48933.580300  23390.852254              
*  2025  1  2 10  0   0.00000000                            
PL51   2468.773637   5514.842205  10612.221304              
VL51  25102.490135 -50874.708757  20638.224963              
*  2025  1  2 10  2   0.00000000                            
PL51   2760.655364   4893.610652  10843.037225              
VL51  23526.907175 -52632.741818  17821.088161              
*  2025  1  2 10  4   0.00000000                            
PL51   3033.014669   4252.417784  11039.705375              
VL51  21850.150684 -54200.452051  14948.445697              
*  2025  1  2 10  6   0.00000000                            
PL51   3284.688632   3593.587081  11201.614584              
VL51  20080.816758 -55571.366483  12029.473225              
*  2025  1  2 10  8   0.00000000                            
PL51   3514.619884   2919.515035  11328.264662              
VL51  18227.894425 -56739.793454   9073.486793              
*  2025  1  2 10 10   0.00000000                            
PL51   3721.861071   2232.661635  11419.267898              
VL51  16300.722337 -57700.845964   6089.911095              
*  2025  1  2 10 12   0.00000000                            
PL51   3905.578774   1535.540582  11474.350168              
VL51  14308.944023 -58450.461467   3088.247540              
*  2025  1  2 10 14   0.00000000                            
PL51   4065.056898    830.709299  11493.351667              
VL51  12262.461951 -58985.418023     78.042225              
*  2025  1  2 10 16   0.00000000                            
PL51   4199.699496    120.758765  11476.227249              
VL51  10171.390617 -59303.346787  -2931.146038              
*  2025  1  2 10 18   0.00000000                            
PL51   4309.033029   -591.696780  11423.046391              
VL51   8046.008885 -59402.740788  -5929.777558              
*  2025  1  2 10 20   0.00000000                            
PL51   4392.708052  -1304.030210  11333.992776              
VL51   5896.711828 -59282.960000  -8908.363335              
*  2025  1  2 10 22   0.00000000                            
PL51   4450.500313  -2013.611929  11209.363491              
VL51   3733.962277 -58944.232700 -11857.496273              
*  2025  1  2 10 24   0.00000000                            
PL51   4482.311281  -2717.820282  11049.567866              
VL51   1568.242328 -58387.653127 -14767.881909              
*  2025  1  2 10 26   0.00000000                            
PL51   4488.168082  -3414.051909  10855.125937              
VL51   -589.994978 -57615.175482 -17630.368577              
*  2025  1  2 10 28   0.00000000                            
PL51   4468.222866  -4099.732018  10626.666552              
VL51  -2730.373575 -56629.604315 -20435.976892              
*  2025  1  2 10 30   0.00000000                            
PL51   4422.751593  -4772.324507  10364.925139              
VL51  -4842.641670 -55434.581369 -23175.928461              
*  2025  1  2 10 32   0.00000000                            
PL51   4352.152272  -5429.341917  10070.741119              
VL51  -6916.718198 -54034.568957 -25841.673729              
*  2025  1  2 10 34   0.00000000                            
PL51   4256.942629  -6068.355162   9745.054998              
VL51  -8942.738242 -52434.829974 -28424.918863              
*  2025  1  2 10 36   0.00000000                            
PL51   4137.757250  -6687.003000   9388.905146              
VL51 -10911.097194 -50641.404659 -30917.651598              
*  2025  1  2 10 38   0.00000000                            
PL51   3995.344203  -7283.001206   9003.424265              
VL51 -12812.493486 -48661.084220 -33312.165964              
*  2025  1  2 10 40   0.00000000                            
PL51   3830.561148  -7854.151410   8589.835575              
VL51 -14637.969696 -46501.381479 -35601.085820              
*  2025  1  2 10 42   0.00000000                            
PL51   3644.370973  -8398.349563   8149.448717              
VL51 -16378.951856 -44170.498666 -37777.387123              
*  2025  1  2 10 44   0.00000000                            
PL51   3437.836963  -8913.594011   7683.655402              
VL51 -18027.286804 -41677.292534 -39834.418876              
*  2025  1  2 10 46   0.00000000                            
PL51   3212.117541  -9397.993117   7193.924817              
VL51 -19575.277426 -39031.236953 -41765.922695              
*  2025  1  2 10 48   0.00000000                            
PL51   2968.460592  -9849.772441   6681.798803              
VL51 -21015.715636 -36242.383172 -43566.050938              
*  2025  1  2 10 50   0.00000000                            
PL51   2708.197410 -10267.281409   6148.886823              
VL51 -22341.912980 -33321.317932 -45229.383349              
*  2025  1  2 10 52   0.00000000                            
PL51   2432.736290 -10648.999486   5596.860744              
VL51 -23547.728726 -30279.119622 -46750.942187              
*  2025  1  2 10 54   0.00000000                            
PL51   2143.555803 -10993.541799   5027.449440              
VL51 -24627.595358 -27127.312682 -48126.205786              
*  2025  1  2 10 56   0.00000000                            
PL51   1842.197772 -11299.664208   4442.433249              
VL51 -25576.541353 -23877.820463 -49351.120539              
*  2025  1  2 10 58   0.00000000                            
PL51   1530.260005 -11566.267808   3843.638293              
VL51 -26390.211187 -20542.916751 -50422.111264              
*  2025  1  2 11  0   0.00000000                            
PL51   1209.388789 -11792.402834   3232.930678              
VL51 -27064.882490 -17135.176174 -51336.089943              
*  2025  1  2 11  2   0.00000000                            
PL51    881.271211 -11977.271966   2612.210609              
VL51 -27597.480294 -13667.423706 -52090.462820              
*  2025  1  2 11  4   0.00000000                            
PL51    547.627314 -12120.233035   1983.406422              
VL51 -27985.588343 -10152.683501 -52683.135841              
*  2025  1  2 11  6   0.00000000                            
PL51    210.202140 -12220.801096   1348.468564              
VL51 -28227.457443  -6604.127285 -53112.518445              
*  2025  1  2 11  8   0.00000000                            
PL51   -129.242309 -12278.649891    709.363534              
VL51 -28322.010832  -3035.022528 -53377.525711              
*  2025  1  2 11 10   0.00000000                            
PL51   -468.935158 -12293.612690     68.067816              
VL51 -28268.846591    541.319354 -53477.578873              
*  2025  1  2 11 12   0.00000000                            
PL51   -807.104756 -12265.682501   -573.438195              
VL51 -28068.237118   4111.594565 -53412.604251              
*  2025  1  2 11 14   0.00000000                            
PL51  -1141.986752 -12195.011681  -1213.176238              
VL51 -27721.125708   7662.558027 -53183.030615              
*  2025  1  2 11 16   0.00000000                            
PL51  -1471.832109 -12081.910919  -1849.176190              
VL51 -27229.120284  11181.073816 -52789.785048              
*  2025  1  2 11 18   0.00000000                            
PL51  -1794.915031 -11926.847635  -2479.482019              
VL51 -26594.484362  14654.164731 -52234.287345              
*  2025  1  2 11 20   0.00000000                            
PL51  -2109.540758 -11730.443776  -3102.157650              
VL51 -25820.125313  18069.060824 -51518.443015              
*  2025  1  2 11 22   0.00000000                            
PL51  -2414.053213 -11493.473052  -3715.292747              
VL51 -24909.580005  21413.246710 -50644.634937              
*  2025  1  2 11 24   0.00000000                            
PL51  -2706.842454 -11216.857597  -4317.008387              
VL51 -23866.997934  24674.507494 -49615.713733              
*  2025  1  2 11 26   0.00000000                            
PL51  -2986.351913 -10901.664099  -4905.462607              
VL51 -22697.121933  27840.973169 -48434.986913              
*  2025  1  2 11 28   0.00000000                            
PL51  -3251.085392 -10549.099403  -5478.855814              
VL51 -21405.266569  30901.161336 -47106.206870              
*  2025  1  2 11 30   0.00000000                            
PL51  -3499.613777 -10160.505609  -6035.436050              
VL51 -19997.294356  33844.018119 -45633.557786              
*  2025  1  2 11 32   0.00000000                            
PL51  -3730.581465  -9737.354699  -6573.504088              
VL51 -18479.589886  36658.957157 -44021.641508              
*  2025  1  2 11 34   0.00000000                            
PL51  -3942.712463  -9281.242699  -7091.418354              
VL51 -16859.032026  39335.896570 -42275.462484              
*  2025  1  2 11 36   0.00000000                            
PL51  -4134.816141  -8793.883417  -7587.599661              
VL51 -15142.964290  41865.293805 -40400.411809              
*  2025  1  2 11 38   0.00000000                            
PL51  -4305.792625  -8277.101770  -8060.535756              
VL51 -13339.163535  44238.178291 -38402.250461              
*  2025  1  2 11 40   0.00000000                            
PL51  -4454.637799  -7732.826736  -8508.785646              
VL51 -11455.807096  46446.181825 -36287.091775              
*  2025  1  2 11 42   0.00000000                            
PL51  -4580.447908  -7163.083958  -8930.983723              
VL51  -9501.438504  48481.566648 -34061.383229              
*  2025  1  2 11 44   0.00000000                            
PL51  -4682.423737  -6569.988018  -9325.843661              
VL51  -7484.931911  50337.251146 -31731.887584              
*  2025  1  2 11 46   0.00000000                            
PL51  -4759.874365  -5955.734422  -9692.162080              
VL51  -5415.455353  52006.833153 -29305.663445              
*  2025  1  2 11 48   0.00000000                            
PL51  -4812.220459  -5322.591323 -10028.821979              
VL51  -3302.432988  53484.610811 -26790.045263              
*  2025  1  2 11 50   0.00000000                            
PL51  -4838.997122  -4672.890998 -10334.795922              
VL51  -1155.506425  54765.600973 -24192.622859              
*  2025  1  2 11 52   0.00000000                            
PL51  -4839.856263  -4009.021131 -10609.148982              
VL51   1015.504718  55845.555112 -21521.220471              
*  2025  1  2 11 54   0.00000000                            
PL51  -4814.568494  -3333.415909 -10851.041419              
VL51   3200.642909  56720.972741 -18783.875389              
*  2025  1  2 11 56   0.00000000                            
PL51  -4763.024543  -2648.546985 -11059.731114              
VL51   5389.853315  57389.112318 -15988.816202              
*  2025  1  2 11 58   0.00000000                            
PL51  -4685.236175  -1956.914312 -11234.575724              
VL51   7573.024825  57847.999640 -13144.440681              
*  2025  1  2 12  0   0.00000000                            
PL51  -4581.336618  -1261.036896 -11375.034586              
VL51   9740.031349  58096.433716 -10259.293332              
*  2025  1  2 12  2   0.00000000                            
PL51  -4451.580497   -563.443502 -11480.670336              
VL51  11880.773271  58133.990126  -7342.042635              
*  2025  1  2 12  4   0.00000000                            
PL51  -4296.343265    133.336680 -11551.150261              
VL51  13985.218957  57961.021866  -4401.458000              
*  2025  1  2 12  6   0.00000000                            
PL51  -4116.120142    826.783351 -11586.247370              
VL51  16043.446161  57578.657673  -1446.386433              
*  2025  1  2 12  8   0.00000000                            
PL51  -3911.524550   1514.394395 -11585.841184              
VL51  18045.683258  56988.797843   1514.271041              
*  2025  1  2 12 10   0.00000000                            
PL51  -3683.286063   2193.695092 -11549.918241              
VL51  19982.350127  56194.107540   4471.583217              
*  2025  1  2 12 12   0.00000000                            
PL51  -3432.247863   2862.247253 -11478.572315              
VL51  21844.098615  55198.007585   7416.612773              
*  2025  1  2 12 14   0.00000000                            
PL51  -3159.363722   3517.658213 -11372.004342              
VL51  23621.852407  54004.662746  10340.440547              
*  2025  1  2 12 16   0.00000000                            
PL51  -2865.694498   4157.589678 -11230.522058              
VL51  25306.846204  52618.967507  13234.190015              
*  2025  1  2 12 18   0.00000000                            
PL51  -2552.404175   4779.766384 -11054.539337              
VL51  26890.664059  51046.529338  16089.051929              
*  2025  1  2 12 20   0.00000000                            
PL51  -2220.755444   5381.984540 -10844.575238              
VL51  28365.276733  49293.649462  18896.309101              
*  2025  1  2 12 22   0.00000000                            
PL51  -1872.104846   5962.120026 -10601.252749              
VL51  29723.077940  47367.301132  21647.361288              
*  2025  1  2 12 24   0.00000000                            
PL51  -1507.897484   6518.136310 -10325.297234              
VL51  30956.919313  45275.105440  24333.750140              
*  2025  1  2 12 26   0.00000000                            
PL51  -1129.661325   7048.092071 -10017.534581              
VL51  32060.143969  43025.304672  26947.184161              
*  2025  1  2 12 28   0.00000000                            
PL51   -739.001109   7550.148478  -9678.889050              
VL51  33026.618494  40626.733242  29479.563644              
*  2025  1  2 12 30   0.00000000                            
PL51   -337.591883   8022.576110  -9310.380825              
VL51  33850.763218  38088.786258  31923.005488              
*  2025  1  2 12 32   0.00000000                            
PL51     72.827813   8463.761482  -8913.123260              
VL51  34527.580604  35421.385740  34269.867864              
*  2025  1  2 12 34   0.00000000                            
PL51    490.463097   8872.213157  -8488.319845              
VL51  35052.681599  32634.944579  36512.774632              
*  2025  1  2 12 36   0.00000000                            
PL51    913.470189   9246.567409  -8037.260867              
VL51  35422.309805  29740.328296  38644.639430              
*  2025  1  2 12 38   0.00000000                            
PL51   1339.964139   9585.593409  -7561.319791              
VL51  35633.363293  26748.814688  40658.689354              
*  2025  1  2 12 40   0.00000000                            
PL51   1768.026800   9888.197930  -7061.949362              
VL51  35683.413919  23672.051462  42548.488114              
*  2025  1  2 12 42   0.00000000                            
PL51   2195.715013  10153.429512  -6540.677426              
VL51  35570.724001  20522.011978  44307.958581              
*  2025  1  2 12 44   0.00000000                            
PL51   2621.068982  10380.482103  -5999.102493              
VL51  35294.260206  17310.949232  45931.404602              
*  2025  1  2 12 46   0.00000000                            
PL51   3042.120791  10568.698125  -5438.889033              
VL51  34853.704516  14051.348226  47413.531980              
*  2025  1  2 12 48   0.00000000                            
PL51   3456.903043  10717.570970  -4861.762534              
VL51  34249.462165  10755.876897  48749.468489              
*  2025  1  2 12 50   0.00000000                            
PL51   3863.457569  10826.746888  -4269.504325              
VL51  33482.666421   7437.335789  49934.782815              
*  2025  1  2 12 52   0.00000000                            
PL51   4259.844176  10896.026279  -3663.946175              
VL51  32555.180126   4108.606667  50965.502298              
*  2025  1  2 12 54   0.00000000                            
PL51   4644.149394  10925.364348  -3046.964690              
VL51  31469.593928    782.600294  51838.129357              
*  2025  1  2 12 56   0.00000000                            
PL51   5014.495186  10914.871140  -2420.475523              
VL51  30229.221126  -2527.796397  52549.656480              
*  2025  1  2 12 58   0.00000000                            
PL51   5369.047568  10864.810935  -1786.427405              
VL51  28838.089106  -5809.773486  53097.579673              
*  2025  1  2 13  0   0.00000000                            
PL51   5706.025112  10775.601001  -1146.796037              
VL51  27300.927341  -9050.651358  53479.910268              
*  2025  1  2 13  2   0.00000000                            
PL51   6023.707279  10647.809717   -503.577839              
VL51  25623.151965 -12237.933830  53695.184983              
*  2025  1  2 13  4   0.00000000                            
PL51   6320.442553  10482.154051    141.216403              
VL51  23810.846941 -15359.360849  53742.474159              
*  2025  1  2 13  6   0.00000000                            
PL51   6594.656322  10279.496412    785.567981              
VL51  21870.741864 -18402.960480  53621.388096              
*  2025  1  2 13  8   0.00000000                            
PL51   6844.858477  10040.840892   1427.456775              
VL51  19810.186480 -21357.099923  53332.081410              
*  2025  1  2 13 10   0.00000000                            
PL51   7069.650685   9767.328888   2064.867798              
VL51  17637.122004 -24210.535267  52875.255369              
*  2025  1  2 13 12   0.00000000                            
PL51   7267.733301   9460.234151   2695.797760              
VL51  15360.049345 -26952.459719  52252.158152              
*  2025  1  2 13 14   0.00000000                            
PL51   7437.911875   9120.957258   3318.261622              
VL51  12987.994380 -29572.550039  51464.582994              
*  2025  1  2 13 16   0.00000000                            
PL51   7579.103230   8751.019540   3930.299118              
VL51  10530.470433 -32061.010906  50514.864206              
*  2025  1  2 13 18   0.00000000                            
PL51   7690.341077   8352.056492   4529.981207              
VL51   7997.438132 -34408.616972  49405.871052              
*  2025  1  2 13 20   0.00000000                            
PL51   7770.781125   7925.810696   5115.416452              
VL51   5399.262849 -36606.752358  48140.999504              
*  2025  1  2 13 22   0.00000000                            
PL51   7819.705673   7474.124282   5684.757274              
VL51   2746.669946 -38647.447357  46724.161885              
*  2025  1  2 13 24   0.00000000                            
PL51   7836.527652   6998.930968   6236.206082              
VL51     50.698038 -40523.412138  45159.774466              
*  2025  1  2 13 26   0.00000000                            
PL51   7820.794094   6502.247719   6768.021232              
VL51  -2677.349447 -42228.067273  43452.743042              
*  2025  1  2 13 28   0.00000000                            
PL51   7772.189014   5986.166052   7278.522803              
VL51  -5425.954183 -43755.570902  41608.446589              
*  2025  1  2 13 30   0.00000000                            
PL51   7690.535678   5452.843041   7766.098176              
VL51  -8183.434062 -45100.842409  39632.719062              
*  2025  1  2 13 32   0.00000000                            
PL51   7575.798263   4904.492056   8229.207365              
VL51 -10937.995229 -46259.582486  37531.829437              
*  2025  1  2 13 34   0.00000000                            
PL51   7428.082878   4343.373290   8666.388118              
VL51 -13677.784785 -47228.289485  35312.460086              
*  2025  1  2 13 36   0.00000000                            
PL51   7247.637956   3771.784104   9076.260736              
VL51 -16390.943868 -48004.272002  32981.683621              
*  2025  1  2 13 38   0.00000000                            
PL51   7034.854007   3192.049248   9457.532609              
VL51 -19065.660840 -48585.657634  30546.938284              
*  2025  1  2 13 40   0.00000000                            
PL51   6790.262730   2606.511000   9809.002454              
VL51 -21690.224318 -48971.397891  28016.002043              
*  2025  1  2 13 42   0.00000000                            
PL51   6514.535498   2017.519270  10129.564223              
VL51 -24253.075779 -49161.269277  25396.965495              
*  2025  1  2 13 44   0.00000000                            
PL51   6208.481208   1427.421712  10418.210694              
VL51 -26742.861470 -49155.870544  22698.203704              
*  2025  1  2 13 46   0.00000000                            
PL51   5873.043518    838.553893  10674.036705              
VL51 -29148.483397 -48956.616183  19928.347126              
*  2025  1  2 13 48   0.00000000                            
PL51   5509.297478    253.229557  10896.242045              
VL51 -31459.149120 -48565.726212  17096.251717              
*  2025  1  2 13 50   0.00000000                            
PL51   5118.445571   -326.268953  11084.133973              
VL51 -33664.420149 -47986.212345  14210.968375              
*  2025  1  2 13 52   0.00000000                            
PL51   4701.813183   -897.700102  11237.129375              
VL51 -35754.258711 -47221.860635  11281.711830              
*  2025  1  2 13 54   0.00000000                            
PL51   4260.843524  -1458.872333  11354.756538              
VL51 -37719.072656 -46277.210722   8317.829103              
*  2025  1  2 13 56   0.00000000                            
PL51   3797.092022  -2007.652966  11436.656548              
VL51 -39549.758330 -45157.531791   5328.767670              
*  2025  1  2 13 58   0.00000000                            
PL51   3312.220210  -2541.976793  11482.584304              
VL51 -41237.741201 -43868.795402   2324.043446              
*  2025  1  2 14  0   0.00000000                            
PL51   2807.989152  -3059.854332  11492.409145              
VL51 -42775.014057 -42417.645341   -686.791284              
*  2025  1  2 14  2   0.00000000                            
PL51   2286.252414  -3559.379694  11466.115097              
VL51 -44154.172627 -40811.364657  -3694.179850              
*  2025  1  2 14  4   0.00000000                            
PL51   1748.948628  -4038.738049  11403.800734              
VL51 -45368.448466 -39057.840087  -6688.592993              
*  2025  1  2 14  6   0.00000000                            
PL51   1198.093683  -4496.212636  11305.678655              
VL51 -46411.738974 -37165.524053  -9660.560338              
*  2025  1  2 14  8   0.00000000                            
PL51    635.772567  -4930.191323  11172.074600              
VL51 -47278.634444 -35143.394439 -12600.701448              
*  2025  1  2 14 10   0.00000000                            
PL51     64.130905  -5339.172650  11003.426179              
VL51 -47964.442037 -33000.912367 -15499.756345              
*  2025  1  2 14 12   0.00000000                            
PL51   -514.633771  -5721.771374  10800.281248              
VL51 -48465.206608 -30747.978174 -18348.615410              
*  2025  1  2 14 14   0.00000000                            
PL51  -1098.280981  -6076.723463  10563.295932              
VL51 -48777.728311 -28394.885821 -21138.348590              
*  2025  1  2 14 16   0.00000000                            
PL51  -1684.536455  -6402.890539  10293.232296              
VL51 -48899.576921 -25952.275926 -23860.233801              
*  2025  1  2 14 18   0.00000000                            
PL51  -2271.101433  -6699.263753   9990.955684              
VL51 -48829.102838 -23431.087658 -26505.784483              
*  2025  1  2 14 20   0.00000000                            
PL51  -2855.662083  -6964.967072   9657.431733              
VL51 -48565.444713 -20842.509691 -29066.776198              
*  2025  1  2 14 22   0.00000000                            
PL51  -3435.898991  -7199.259974   9293.723070              
VL51 -48108.533687 -18197.930443 -31535.272209              
*  2025  1  2 14 24   0.00000000                            
PL51  -4009.496674  -7401.539549   8900.985715              
VL51 -47459.094222 -15508.887823 -33903.647949              
*  2025  1  2 14 26   0.00000000                            
PL51  -4574.153096  -7571.341983   8480.465193              
VL51 -46618.641531 -12787.018709 -36164.614285              
*  2025  1  2 14 28   0.00000000                            
PL51  -5127.589117  -7708.343446   8033.492375              
VL51 -45589.475634 -10044.008396 -38311.239532              
*  2025  1  2 14 30   0.00000000                            
PL51  -5667.557861  -7812.360371   7561.479063              
VL51 -44374.672084  -7291.540236 -40336.970101              
*  2025  1  2 14 32   0.00000000                            
PL51  -6191.853952  -7883.349130   7065.913339              
VL51 -42978.069429  -4541.245698 -42235.649757              
*  2025  1  2 14 34   0.00000000                            
PL51  -6698.322578  -7921.405114   6548.354682              
VL51 -41404.253484  -1804.655078 -44001.537411              
*  2025  1  2 14 36   0.00000000                            
PL51  -7184.868347  -7926.761227   6010.428894              
VL51 -39658.538511    906.850931 -45629.323399              
*  2025  1  2 14 38   0.00000000                            
PL51  -7649.463900  -7899.785806   5453.822829              
VL51 -37746.945409   3582.088615 -47114.144231              
*  2025  1  2 14 40   0.00000000                            
PL51  -8090.158249  -7840.979982   4880.278959              
VL51 -35676.177030   6210.117335 -48451.595750              
*  2025  1  2 14 42   0.00000000                            
PL51  -8505.084795  -7750.974489   4291.589792              
VL51 -33453.590753   8780.284180 -49637.744699              
*  2025  1  2 14 44   0.00000000                            
PL51  -8892.469005  -7630.525954   3689.592157              
VL51 -31087.168452  11282.266986 -50669.138659              
*  2025  1  2 14 46   0.00000000                            
PL51  -9250.635716  -7480.512679   3076.161389              
VL51 -28585.483995  13706.115543 -51542.814358              
*  2025  1  2 14 48   0.00000000                            
PL51  -9578.016028  -7301.929939   2453.205409              
VL51 -25957.668457  16042.290836 -52256.304320              
*  2025  1  2 14 50   0.00000000                            
PL51  -9873.153776  -7095.884824   1822.658748              
VL51 -23213.373191  18281.702176 -52807.641883              
*  2025  1  2 14 52   0.00000000                            
PL51 -10134.711538  -6863.590645   1186.476517              
VL51 -20362.730952  20415.742053 -53195.364556              
*  2025  1  2 14 54   0.00000000                            
PL51 -10361.476172  -6606.360943    546.628339              
VL51 -17416.315255  22436.318622 -53418.515757              
*  2025  1  2 14 56   0.00000000                            
PL51 -10552.363851  -6325.603114    -94.907719              
VL51 -14385.098156  24335.885676 -53476.644930              
*  2025  1  2 14 58   0.00000000                            
PL51 -10706.424588  -6022.811698   -736.151214              
VL51 -11280.406666  26107.470024 -53369.806094              
*  2025  1  2 15  0   0.00000000                            
PL51 -10822.846226  -5699.561349  -1375.125362              
VL51  -8113.877981  27744.696186 -53098.554827              
*  2025  1  2 15  2   0.00000000                            
PL51 -10900.957887  -5357.499530  -2009.863037              
VL51  -4897.413754  29241.808334 -52663.943766              
*  2025  1  2 15  4   0.00000000                            
PL51 -10940.232868  -4998.338958  -2638.412696              
VL51  -1643.133590  30593.689434 -52067.516648              
*  2025  1  2 15  6   0.00000000                            
PL51 -10940.290974  -4623.849842  -3258.844231              
VL51   1636.672026  31795.877540 -51311.300963              
*  2025  1  2 15  8   0.00000000                            
PL51 -10900.900281  -4235.851930  -3869.254725              
VL51   4929.589177  32844.579240 -50397.799280              
*  2025  1  2 15 10   0.00000000                            
PL51 -10821.978340  -3836.206430  -4467.774091              
VL51   8223.128153  33736.680224 -49329.979296              
*  2025  1  2 15 12   0.00000000                            
PL51 -10703.592790  -3426.807805  -5052.570593              
VL51  11504.771100  34469.753003 -48111.262701              
*  2025  1  2 15 14   0.00000000                            
PL51 -10545.961418  -3009.575501  -5621.856216              
VL51  14762.019508  35042.061777 -46745.512894              
*  2025  1  2 15 16   0.00000000                            
PL51 -10349.451640  -2586.445632  -6173.891891              
VL51  17982.441362  35452.564505 -45237.021633              
*  2025  1  2 15 18   0.00000000                            
PL51 -10114.579424  -2159.362658  -6706.992549              
VL51  21153.717807  35700.912184 -43590.494680              
*  2025  1  2 15 20   0.00000000                            
PL51  -9842.007656  -1730.271081  -7219.531996              
VL51  24263.689161  35787.445419 -41811.036507              
*  2025  1  2 15 22   0.00000000                            
PL51  -9532.543955  -1301.107210  -7709.947607              
VL51  27300.400145  35713.188309 -39904.134121              
*  2025  1  2 15 24   0.00000000                            
PL51  -9187.137955   -873.791007  -8176.744809              
VL51  30252.144168  35479.839739 -37875.640085              
*  2025  1  2 15 26   0.00000000                            
PL51  -8806.878061   -450.218050  -8618.501367              
VL51  33107.506557  35089.762130 -35731.754781              
*  2025  1  2 15 28   0.00000000                            
PL51  -8392.987692    -32.251657  -9033.871443              
VL51  35855.406597  34545.967747 -33479.007996              
*  2025  1  2 15 30   0.00000000                            
PL51  -7946.821026    378.284822  -9421.589440              
VL51  38485.138272  33852.102623 -31124.239877              
*  2025  1  2 15 32   0.00000000                            
PL51  -7469.858269    779.615501  -9780.473606              
VL51  40986.409606  33012.428225 -28674.581310              
*  2025  1  2 15 34   0.00000000                            
PL51  -6963.700456   1170.019223 -10109.429406              
VL51  43349.380501  32031.800921 -26137.433785              
*  2025  1  2 15 36   0.00000000                            
PL51  -6430.063810   1547.836565 -10407.452640              
VL51  45564.698995  30915.649368 -23520.448776              
*  2025  1  2 15 38   0.00000000                            
PL51  -5870.773674   1911.476559 -10673.632323              
VL51  47623.535844  29669.949913 -20831.506693              
*  2025  1  2 15 40   0.00000000                            
PL51  -5287.758042   2259.423108 -10907.153300              
VL51  49517.617376  28301.200102 -18078.695422              
*  2025  1  2 15 42   0.00000000                            
PL51  -4683.040701   2590.241073 -11107.298609              
VL51  51239.256513  26816.390396 -15270.288504              
*  2025  1  2 15 44   0.00000000                            
PL51  -4058.734019   2902.582007 -11273.451571              
VL51  52781.381925  25222.974197 -12414.722957              
*  2025  1  2 15 46   0.00000000                            
PL51  -3417.031385   3195.189527 -11405.097621              
VL51  54137.565220  23528.836281  -9520.576780              
*  2025  1  2 15 48   0.00000000                            
PL51  -2760.199347   3466.904288 -11501.825862              
VL51  55302.046127  21742.259736  -6596.546147              
*  2025  1  2 15 50   0.00000000                            
PL51  -2090.569451   3716.668564 -11563.330344              
VL51  56269.755596  19871.891497  -3651.422313              
*  2025  1  2 15 52   0.00000000                            
PL51  -1410.529816   3943.530392 -11589.411067              
VL51  57036.336743  17926.706597   -694.068238              
*  2025  1  2 15 54   0.00000000                            
PL51   -722.516478   4146.647300 -11579.974698              
VL51  57598.163593  15915.971203   2266.605048              
*  2025  1  2 15 56   0.00000000                            
PL51    -29.004514   4325.289561 -11535.035006              
VL51  57952.357530  13849.204568   5221.662338              
*  2025  1  2 15 58   0.00000000                            
PL51    667.501008   4478.843008 -11454.713006              
VL51  58096.801389  11736.139981   8162.168373              
*  2025  1  2 16  0   0.00000000                            
PL51   1364.474247   4606.811354 -11339.236815              
VL51  58030.151120   9586.684833  11079.212193              
*  2025  1  2 16  2   0.00000000                            
PL51   2059.377915   4708.818045 -11188.941214              
VL51  57751.844941   7410.879903  13963.931672              
*  2025  1  2 16  4   0.00000000                            
PL51   2749.672713   4784.607610 -11004.266913              
VL51  57262.109917   5218.857993  16807.538223              
*  2025  1  2 16  6   0.00000000                            
PL51   3432.826819   4834.046512 -10785.759518              
VL51  56561.965879   3020.802023  19601.341633              
*  2025  1  2 16  8   0.00000000                            
PL51   4106.325416   4857.123502 -10534.068205              
VL51  55653.226637    826.902711  22336.774990              
*  2025  1  2 16 10   0.00000000                            
PL51   4767.680206   4853.949450 -10249.944087              
VL51  54538.498397  -1352.684003  25005.419658              
*  2025  1  2 16 12   0.00000000                            
PL51   5414.438902   4824.756677  -9934.238287              
VL51  53221.175345  -3507.879692  27599.030243              
*  2025  1  2 16 14   0.00000000                            
PL51   6044.194639   4769.897767  -9587.899707              
VL51  51705.432324  -5628.726140  30109.559515              
*  2025  1  2 16 16   0.00000000                            
PL51   6654.595285   4689.843866  -9211.972504              
VL51  49996.214572  -7705.427898  32529.183198              
*  2025  1  2 16 18   0.00000000                            
PL51   7243.352608   4585.182481  -8807.593265              
VL51  48099.224458  -9728.394503  34850.324575              
*  2025  1  2 16 20   0.00000000                            
PL51   7808.251267   4456.614762  -8375.987891              
VL51  46020.905202 -11688.282216  37065.678825              
*  2025  1  2 16 22   0.00000000                            
PL51   8347.157589   4304.952300  -7918.468189              
VL51  43768.421550 -13576.035097  39168.237001              
*  2025  1  2 16 24   0.00000000                            
PL51   8858.028099   4131.113428  -7436.428179              
VL51  41349.637389 -15382.925241  41151.309568              
*  2025  1  2 16 26   0.00000000                            
PL51   9338.917755   3936.119050  -6931.340127              
VL51  38773.090328 -17100.591989  43008.549399              
*  2025  1  2 16 28   0.00000000                            
PL51   9787.987871   3721.088002  -6404.750294              
VL51  36047.963248 -18721.079943  44733.974116              
*  2025  1  2 16 30   0.00000000                            
PL51  10203.513668   3487.231971  -5858.274434              
VL51  33184.052868 -20236.875567  46321.987691              
*  2025  1  2 16 32   0.00000000                            
PL51  10583.891444   3235.849978  -5293.593034              
VL51  30191.735380 -21640.942215  47767.401171              
*  2025  1  2 16 34   0.00000000                            
PL51  10927.645300   2968.322457  -4712.446302              
VL51  27081.929234 -22926.753368  49065.452426              
*  2025  1  2 16 36   0.00000000                            
PL51  11233.433417   2686.104941  -4116.628940              
VL51  23866.055162 -24088.323900  50211.824797              
*  2025  1  2 16 38   0.00000000                            
PL51  11500.053823   2390.721388  -3507.984688              
VL51  20555.993566 -25120.239189  51202.664519              
*  2025  1  2 16 40   0.00000000                            
PL51  11726.449646   2083.757177  -2888.400674              
VL51  17164.039413 -26017.681874  52034.596809              
*  2025  1  2 16 42   0.00000000                            
PL51  11911.713807   1766.851786  -2259.801574              
VL51  13702.854799 -26776.456098  52704.740498              
*  2025  1  2 16 44   0.00000000                            
PL51  12055.093125   1441.691206  -1624.143611              
VL51  10185.419370 -27393.009067  53210.721106              
*  2025  1  2 16 46   0.00000000                            
PL51  12155.991824   1110.000110   -983.408403              
VL51   6624.978802 -27864.449760  53550.682240              
*  2025  1  2 16 48   0.00000000                            
PL51  12213.974409    773.533808   -339.596688              
VL51   3034.991572 -28188.564665  53723.295240              
*  2025  1  2 16 50   0.00000000                            
PL51  12228.767889    434.070048    305.278058              
VL51   -570.925746 -28363.830401  53727.766973              
*  2025  1  2 16 52   0.00000000                            
PL51  12200.263340     93.400665    949.196086              
VL51  -4179.054396 -28389.423124  53563.845693              
*  2025  1  2 16 54   0.00000000                            
PL51  12128.516795   -246.676848   1590.137896              
VL51  -7775.630300 -28265.224617  53231.824912              
*  2025  1  2 16 56   0.00000000                            
PL51  12013.749439   -584.367829   2226.090787              
VL51 -11346.901564 -27991.824998  52732.545203              
*  2025  1  2 16 58   0.00000000                            
PL51  11856.347118   -917.888943   2855.055433              
VL51 -14879.186339 -27570.521992  52067.393918              
*  2025  1  2 17  0   0.00000000                            
PL51  11656.859150  -1245.476657   3475.052421              
VL51 -18358.930732 -27003.316724  51238.302765              
*  2025  1  2 17  2   0.00000000                            
PL51  11415.996444  -1565.395634   4084.128765              
VL51 -21772.766443 -26292.906057  50247.743258              
*  2025  1  2 17  4   0.00000000                            
PL51  11134.628929  -1875.947021   4680.364344              
VL51 -25107.567830 -25442.671453  49098.720017              
*  2025  1  2 17  6   0.00000000                            
PL51  10813.782303  -2175.476577   5261.878247              
VL51 -28350.508077 -24456.664438  47794.761962              
*  2025  1  2 17  8   0.00000000                            
PL51  10454.634120  -2462.382613   5826.835004              
VL51 -31489.114171 -23339.588695  46339.911411              
*  2025  1  2 17 10   0.00000000                            
PL51  10058.509218  -2735.123693   6373.450666              
VL51 -34511.320395 -22096.778904  44738.711151              
*  2025  1  2 17 12   0.00000000                            
PL51   9626.874518  -2992.226064   6899.998731              
VL51 -37405.520033 -20734.176409  42996.189517              
*  2025  1  2 17 14   0.00000000                            
PL51   9161.333223  -3232.290772   7404.815865              
VL51 -40160.615033 -19258.301863  41117.843574              
*  2025  1  2 17 16   0.00000000                            
PL51   8663.618417  -3454.000437   7886.307418              
VL51 -42766.063365 -17676.224965  39109.620466              
*  2025  1  2 17 18   0.00000000                            
PL51   8135.586131  -3656.125647   8342.952707              
VL51 -45211.923822 -15995.531487  36977.897030              
*  2025  1  2 17 20   0.00000000                            
PL51   7579.207872  -3837.530939   8773.310038              
VL51 -47488.898053 -14224.287738  34729.457779              
*  2025  1  2 17 22   0.00000000                            
PL51   6996.562675  -3997.180341   9176.021462              
VL51 -49588.369604 -12371.002675  32371.471345              
*  2025  1  2 17 24   0.00000000                            
PL51   6389.828697  -4134.142443   9549.817233              
VL51 -51502.439795 -10444.587862  29911.465527              
*  2025  1  2 17 26   0.00000000                            
PL51   5761.274412  -4247.594984   9893.519963              
VL51 -53223.960262  -8454.315489  27357.301041              
*  2025  1  2 17 28   0.00000000                            
PL51   5113.249422  -4336.828913  10206.048454              
VL51 -54746.562015  -6409.774679  24717.144103              
*  2025  1  2 17 30   0.00000000                            
PL51   4448.174954  -4401.251924  10486.421194              
VL51 -56064.680897  -4320.826324  21999.437998              
*  2025  1  2 17 32   0.00000000                            
PL51   3768.534064  -4440.391443  10733.759506              
VL51 -57173.579350  -2197.556667  19212.873731              
*  2025  1  2 17 34   0.00000000                            
PL51   3076.861606  -4453.897046  10947.290341              
VL51 -58069.364405    -50.229900  16366.359929              
*  2025  1  2 17 36   0.00000000                            
PL51   2375.734012  -4441.542306  11126.348707              
VL51 -58749.001847   2110.760004  13468.992100              
*  2025  1  2 17 38   0.00000000                            
PL51   1667.758917  -4403.226058  11270.379723              
VL51 -59210.326524   4274.937961  10530.021404              
*  2025  1  2 17 40   0.00000000                            
PL51    955.564690  -4338.973081  11378.940297              
VL51 -59452.048800   6431.796723   7558.823045              
*  2025  1  2 17 42   0.00000000                            
PL51    241.789906  -4248.934191  11451.700425              
VL51 -59473.757144   8570.845843   4564.864429              
*  2025  1  2 17 44   0.00000000                            
PL51   -470.927184  -4133.385742  11488.444106              
VL51 -59275.916907  10681.660444   1557.673191              
*  2025  1  2 17 46   0.00000000                            
PL51  -1179.959152  -3992.728552  11489.069872              
VL51 -58859.865322  12753.929549  -1453.194776              
*  2025  1  2 17 48   0.00000000                            
PL51  -1882.699807  -3827.486248  11453.590934              
VL51 -58227.802789  14777.503757  -4458.187194              
*  2025  1  2 17 50   0.00000000                            
PL51  -2576.574482  -3638.303047  11382.134954              
VL51 -57382.780519  16742.442044  -7447.787068              
*  2025  1  2 17 52   0.00000000                            
PL51  -3259.050150  -3425.940977  11274.943424              
VL51 -56328.684615  18639.057474 -10412.544029              
*  2025  1  2 17 54   0.00000000                            
PL51  -3927.645332  -3191.276565  11132.370691              
VL51 -55070.216699  20457.961630 -13343.105273              
*  2025  1  2 17 56   0.00000000                            
PL51  -4579.939751  -2935.296989  10954.882594              
VL51 -53612.871183  22190.107546 -16230.245973              
*  2025  1  2 17 58   0.00000000                            
PL51  -5213.583689  -2659.095737  10743.054756              
VL51 -51962.909312  23826.830969 -19064.899073              
*  2025  1  2 18  0   0.00000000                            
PL51  -5826.307023  -2363.867772  10497.570509              
VL51 -50127.330116  25359.889756 -21838.184369              
*  2025  1  2 18  2   0.00000000                            
PL51  -6415.927885  -2050.904244  10219.218487              
VL51 -48113.838424  26781.501245 -24541.436770              
*  2025  1  2 18  4   0.00000000                            
PL51  -6980.360926  -1721.586759   9908.889876              
VL51 -45930.810096  28084.377427 -27166.233660              
*  2025  1  2 18  6   0.00000000                            
PL51  -7517.625151  -1377.381249   9567.575346              
VL51 -43587.254654  29261.757787 -29704.421267              
*  2025  1  2 18  8   0.00000000                            
PL51  -8025.851281  -1019.831450   9196.361674              
VL51 -41092.775490  30307.439659 -32148.139958              
*  2025  1  2 18 10   0.00000000                            
PL51  -8503.288632   -650.552045   8796.428064              
VL51 -38457.527846  31215.805984 -34489.848390              
*  2025  1  2 18 12   0.00000000                            
PL51  -8948.311476   -271.221483   8369.042192              
VL51 -35692.174763  31981.850348 -36722.346431              
*  2025  1  2 18 14   0.00000000                            
PL51  -9359.424859    116.425490   7915.555980              
VL51 -32807.841213  32601.199216 -38838.796793              
*  2025  1  2 18 16   0.00000000                            
PL51  -9735.269862    510.605538   7437.401119              
VL51 -29816.066620  33070.131266 -40832.745318              
*  2025  1  2 18 18   0.00000000                            
PL51 -10074.628281    909.494668   6936.084353              
VL51 -26728.755991  33385.593757 -42698.139844              
*  2025  1  2 18 20   0.00000000                            
PL51 -10376.426717   1311.236332   6413.182556              
VL51 -23558.129885  33545.215881 -44429.347619              
*  2025  1  2 18 22   0.00000000                            
PL51 -10639.740056   1713.949677   5870.337595              
VL51 -20316.673440  33547.319048 -46021.171200              
*  2025  1  2 18 24   0.00000000                            
PL51 -10863.794336   2115.737900   5309.251025              
VL51 -17017.084684  33390.924091 -47468.862809              
*  2025  1  2 18 26   0.00000000                            
PL51 -11047.968986   2514.696664   4731.678608              
VL51 -13672.222374  33075.755367 -48768.137100              
*  2025  1  2 18 28   0.00000000                            
PL51 -11191.798445   2908.922554   4139.424703              
VL51 -10295.053574  32602.241775 -49915.182323              
*  2025  1  2 18 30   0.00000000                            
PL51 -11294.973142   3296.521518   3534.336516              
VL51  -6898.601224  31971.514693 -50906.669851              
*  2025  1  2 18 32   0.00000000                            
PL51 -11357.339857   3675.617275   2918.298261              
VL51  -3495.891900  31185.402876 -51739.762066              
*  2025  1  2 18 34   0.00000000                            
PL51 -11378.901450   4044.359630   2293.225224              
VL51    -99.904018  30246.424376 -52412.118596              
*  2025  1  2 18 36   0.00000000                            
PL51 -11359.815978   4400.932689   1661.057767              
VL51   3276.483320  29157.775518 -52921.900902              
*  2025  1  2 18 38   0.00000000                            
PL51 -11300.395199   4743.562917   1023.755290              
VL51   6620.540619  27923.317037 -53267.775225              
*  2025  1  2 18 40   0.00000000                            
PL51 -11201.102480   5070.527010    383.290160              
VL51   9919.737215  26547.557449 -53448.913916              
*  2025  1  2 18 42   0.00000000                            
PL51 -11062.550123   5380.159559   -258.358359              
VL51  13161.789237  25035.633759 -53464.995167              
*  2025  1  2 18 44   0.00000000                            
PL51 -10885.496123   5670.860461   -899.210168              
VL51  16334.706131  23393.289616 -53316.201175              
*  2025  1  2 18 46   0.00000000                            
PL51 -10670.840376   5941.102058  -1537.290363              
VL51  19426.835553  21626.851041 -53003.214775              
*  2025  1  2 18 48   0.00000000                            
PL51 -10419.620358   6189.435966  -2170.635214              
VL51  22426.906486  19743.199846 -52527.214578              
*  2025  1  2 18 50   0.00000000                            
PL51 -10133.006307   6414.499575  -2797.298077              
VL51  25324.070411  17749.744894 -51889.868668              
*  2025  1  2 18 52   0.00000000                            
PL51  -9812.295907   6615.022189  -3415.355226              
VL51  28107.940398  15654.391337 -51093.326907              
*  2025  1  2 18 54   0.00000000                            
PL51  -9458.908533   6789.830792  -4022.911578              
VL51  30768.627993  13465.507994 -50140.211901              
*  2025  1  2 18 56   0.00000000                            
PL51  -9074.379056   6937.855403  -4618.106308              
VL51  33296.777771  11191.893012 -49033.608707              
*  2025  1  2 18 58   0.00000000                            
PL51  -8660.351252   7058.134018  -5199.118329              
VL51  35683.599479   8842.737991 -47777.053332              
*  2025  1  2 19  0   0.00000000                            
PL51  -8218.570839   7149.817106  -5764.171629              
VL51  37920.897673   6427.590715 -46374.520111              
*  2025  1  2 19  2   0.00000000                            
PL51  -7750.878175   7212.171653  -6311.540451              
VL51  40001.098785   3956.316656 -44830.408036              
*  2025  1  2 19  4   0.00000000                            
PL51  -7259.200646   7244.584743  -6839.554298              
VL51  41917.275575   1439.059425 -43149.526098              
*  2025  1  2 19  6   0.00000000                            
PL51  -6745.544778   7246.566648  -7346.602768              
VL51  43663.168935  -1113.799703 -41337.077730              
*  2025  1  2 19  8   0.00000000                            
PL51  -6211.988097   7217.753435  -7831.140183              
VL51  45233.207012  -3691.683012 -39398.644416              
*  2025  1  2 19 10   0.00000000                            
PL51  -5660.670788   7157.909075  -8291.690024              
VL51  46622.521646  -6283.858180 -37340.168528              
*  2025  1  2 19 12   0.00000000                            
PL51  -5093.787161   7066.927042  -8726.849161              
VL51  47826.962133  -8879.480587 -35167.935451              
*  2025  1  2 19 14   0.00000000                            
PL51  -4513.576969   6944.831407  -9135.291850              
VL51  48843.106299 -11467.635945 -32888.555063              
*  2025  1  2 19 16   0.00000000                            
PL51  -3922.316623   6791.777416  -9515.773520              
VL51  49668.268915 -14037.383134 -30508.942605              
*  2025  1  2 19 18   0.00000000                            
PL51  -3322.310299   6608.051555  -9867.134317              
VL51  50300.507471 -16577.797093 -28036.299000              
*  2025  1  2 19 20   0.00000000                            
PL51  -2715.881013   6394.071099 -10188.302408              
VL51  50738.625327 -19078.011658 -25478.090646              
*  2025  1  2 19 22   0.00000000                            
PL51  -2105.361661   6150.383152 -10478.297051              
VL51  50982.172273 -21527.262208 -22842.028750              
*  2025  1  2 19 24   0.00000000                            
PL51  -1493.086070   5877.663171 -10736.231398              
VL51  51031.442527 -23914.928003 -20136.048199              
*  2025  1  2 19 26   0.00000000                            
PL51   -881.380094   5576.712991 -10961.315058              
VL51  50887.470213 -26230.574096 -17368.286033              
*  2025  1  2 19 28   0.00000000                            
PL51   -272.552769   5248.458340 -11152.856385              
VL51  50552.022351 -28463.992701 -14547.059533              
*  2025  1  2 19 30   0.00000000                            
PL51    331.112422   4893.945878 -11310.264512              
VL51  50027.589394 -30605.243904 -11680.843949              
*  2025  1  2 19 32   0.00000000                            
PL51    927.366166   4514.339732 -11433.051110              
VL51  49317.373371 -32644.695600  -8778.249893              
*  2025  1  2 19 34   0.00000000                            
PL51   1514.001772   4110.917575 -11520.831874              
VL51  48425.273657 -34573.062549  -5848.000418              
*  2025  1  2 19 36   0.00000000                            
PL51   2088.863446   3685.066228 -11573.327736              
VL51  47355.870432 -36381.444433  -2898.907800              
*  2025  1  2 19 38   0.00000000                            
PL51   2649.854346   3238.276824 -11590.365793              
VL51  46114.405863 -38061.362799     60.149955              
*  2025  1  2 19 40   0.00000000                            
PL51   3194.944406   2772.139525 -11571.879951              
VL51  44706.763062 -39604.796781   3020.252867              
*  2025  1  2 19 42   0.00000000                            
PL51   3722.177886   2288.337825 -11517.911292              
VL51  43139.442869 -41004.217476   5972.462973              
*  2025  1  2 19 44   0.00000000                            
PL51   4229.680638   1788.642449 -11428.608137              
VL51  41419.538516 -42252.620862   8907.848535              
*  2025  1  2 19 46   0.00000000                            
PL51   4715.667050   1274.904863 -11304.225831              
VL51  39554.708214 -43343.559140  11817.508453              
*  2025  1  2 19 48   0.00000000                            
PL51   5178.446654    749.050419 -11145.126225              
VL51  37553.145738 -44271.170381  14692.596837              
*  2025  1  2 19 50   0.00000000                            
PL51   5616.430363    213.071160 -10951.776864              
VL51  35423.549064 -45030.206350  17524.347736              
*  2025  1  2 19 52   0.00000000                            
PL51   6028.136326   -330.981709 -10724.749884              
VL51  33175.087117 -45616.058401  20304.099972              
*  2025  1  2 19 54   0.00000000                            
PL51   6412.195372   -881.005634 -10464.720598              
VL51  30817.364711 -46024.781292  23023.322060              
*  2025  1  2 19 56   0.00000000                            
PL51   6767.356018  -1434.854809 -10172.465798              
VL51  28360.385746 -46253.114821  25673.637164              
*  2025  1  2 19 58   0.00000000                            
PL51   7092.489032  -1990.348514  -9848.861742              
VL51  25814.514749 -46298.503131  28246.848037              
*  2025  1  2 20  0   0.00000000                            
PL51   7386.591520  -2545.279668  -9494.881855              
VL51  23190.436850 -46159.111570  30734.961908              
*  2025  1  2 20  2   0.00000000                            
PL51   7648.790527  -3097.423577  -9111.594123              
VL51  20499.116283 -45833.840972  33130.215221              
*  2025  1  2 20  4   0.00000000                            
PL51   7878.346128  -3644.546827  -8700.158198              
VL51  17751.753542 -45322.339231  35425.098176              
*  2025  1  2 20  6   0.00000000                            
PL51   8074.654005  -4184.416308  -8261.822205              
VL51  14959.741295 -44625.010061  37612.378985              
*  2025  1  2 20  8   0.00000000                            
PL51   8237.247477  -4714.808319  -7797.919263              
VL51  12134.619210 -43743.018822  39685.127749              
*  2025  1  2 20 10   0.00000000                            
PL51   8365.798991  -5233.517730  -7309.863721              
VL51   9288.027829 -42678.295312  41636.739863              
*  2025  1  2 20 12   0.00000000                            
PL51   8460.121054  -5738.367153  -6799.147117              
VL51   6431.661651 -41433.533429  43460.958867              
*  2025  1  2 20 14   0.00000000                            
PL51   8520.166589  -6227.216097  -6267.333866              
VL51   3577.221605 -40012.187634  45151.898607              
*  2025  1  2 20 16   0.00000000                            
PL51   8546.028734  -6697.970055  -5716.056688              
VL51    736.367071 -38418.466128  46704.064631              
*  2025  1  2 20 18   0.00000000                            
PL51   8537.940045  -7148.589492  -5147.011784              
VL51  -2079.332322 -36657.320704  48112.374683              
*  2025  1  2 20 20   0.00000000                            
PL51   8496.271136  -7577.098690  -4561.953770              
VL51  -4858.444960 -34734.433228  49372.178192              
*  2025  1  2 20 22   0.00000000                            
PL51   8421.528732  -7981.594411  -3962.690386              
VL51  -7589.725312 -32656.198733  50479.274632              
*  2025  1  2 20 24   0.00000000                            
PL51   8314.353147  -8360.254335  -3351.076993              
VL51 -10262.161616 -30429.705113  51429.930635              
*  2025  1  2 20 26   0.00000000                            
PL51   8175.515201  -8711.345240  -2729.010868              
VL51 -12865.022926 -28062.709459  52220.895738              
*  2025  1  2 20 28   0.00000000                            
PL51   8005.912566  -9033.230870  -2098.425327              
VL51 -15387.905291 -25563.611054  52849.416654              
*  2025  1  2 20 30   0.00000000                            
PL51   7806.565575  -9324.379463  -1461.283677              
VL51 -17820.776823 -22941.421115  53313.249938              
*  2025  1  2 20 32   0.00000000                            
PL51   7578.612492  -9583.370898   -819.573029              
VL51 -20154.021404 -20205.729372  53610.672965              
*  2025  1  2 20 34   0.00000000                            
PL51   7323.304269  -9808.903421   -175.297997              
VL51 -22378.480788 -17366.667587  53740.493115              
*  2025  1  2 20 36   0.00000000                            
PL51   7041.998806  -9999.799917    469.525713              
VL51 -24485.494871 -14434.870173  53702.055062              
*  2025  1  2 20 38   0.00000000                            
PL51   6736.154744 -10155.013687   1112.877780              
VL51 -26466.939862 -11421.432062  53495.246127              
*  2025  1  2 20 40   0.00000000                            
PL51   6407.324811 -10273.633717   1752.739807              
VL51 -28315.264167  -8337.864013  53120.499597              
*  2025  1  2 20 42   0.00000000                            
PL51   6057.148753 -10354.889379   2387.101880              
VL51 -30023.521736  -5196.045577  52578.795977              
*  2025  1  2 20 44   0.00000000                            
PL51   5687.345881 -10398.154570   3013.969128              
VL51 -31585.402692  -2008.175923  51871.662141              
*  2025  1  2 20 46   0.00000000                            
PL51   5299.707266 -10402.951238   3631.368270              
VL51 -32995.261039   1213.277208  51001.168349              
*  2025  1  2 20 48   0.00000000                            
PL51   4896.087626 -10368.952295   4237.354102              
VL51 -34248.139290   4455.630179  49969.923127              
*  2025  1  2 20 50   0.00000000                            
PL51   4478.396926 -10295.983881   4830.015917              
VL51 -35339.789855   7706.037489  48781.066021              
*  2025  1  2 20 52   0.00000000                            
PL51   4048.591752 -10184.026979   5407.483825              
VL51 -36266.693053  10951.546866  47438.258241              
*  2025  1  2 20 54   0.00000000                            
PL51   3608.666484 -10033.218360   5967.934940              
VL51 -37026.071658  14179.155150  45945.671233              
*  2025  1  2 20 56   0.00000000                            
PL51   3160.644319  -9843.850857   6509.599434              
VL51 -37615.901866  17375.864664  44307.973229              
*  2025  1  2 20 58   0.00000000                            
PL51   2706.568179  -9616.372959   7030.766398              
VL51 -38034.920640  20528.739774  42530.313827              
*  2025  1  2 21  0   0.00000000                            
PL51   2248.491557  -9351.387729   7529.789523              
VL51 -38282.629382  23624.963334  40618.306692              
*  2025  1  2 21  2   0.00000000                            
PL51   1788.469342  -9049.651043   8005.092552              
VL51 -38359.293917  26651.892740  38578.010447              
*  2025  1  2 21  4   0.00000000                            
PL51   1328.548664  -8712.069165   8455.174500              
VL51 -38265.940793  29597.115277  36415.907847              
*  2025  1  2 21  6   0.00000000                            
PL51    870.759802  -8339.695660   8878.614607              
VL51 -38004.349934  32448.502486  34138.883358              
*  2025  1  2 21  8   0.00000000                            
PL51    417.107213  -7933.727660   9274.077020              
VL51 -37577.043692  35194.263270  31754.199237              
*  2025  1  2 21 10   0.00000000                            
PL51    -30.439303  -7495.501510   9640.315170              
VL51 -36987.272383  37822.995482  29269.470242              
*  2025  1  2 21 12   0.00000000                            
PL51   -469.953226  -7026.487797   9976.175852              
VL51 -36238.996384  40323.735720  26692.637089              
*  2025  1  2 21 14   0.00000000                            
PL51   -899.559718  -6528.285795  10280.602966              
VL51 -35336.864937  42686.007129  24031.938800              
*  2025  1  2 21 16   0.00000000                            
PL51  -1317.443745  -6002.617352  10552.640927              
VL51 -34286.191765  44899.864952  21295.884051              
*  2025  1  2 21 18   0.00000000                            
PL51  -1721.857889  -5451.320246  10791.437726              
VL51 -33092.927668  46955.939653  18493.221666              
*  2025  1  2 21 20   0.00000000                            
PL51  -2111.129812  -4876.341030  10996.247628              
VL51 -31763.630245  48845.477408  15632.910382              
*  2025  1  2 21 22   0.00000000                            
PL51  -2483.669349  -4279.727424  11166.433511              
VL51 -30305.430939  50560.377806  12724.088004              
*  2025  1  2 21 24   0.00000000                            
PL51  -2837.975173  -3663.620252  11301.468822              
VL51 -28725.999564  52093.228588   9776.040094              
*  2025  1  2 21 26   0.00000000                            
PL51  -3172.641044  -3030.245000  11400.939165              
VL51 -27033.506533  53437.337305   6798.168293              
*  2025  1  2 21 28   0.00000000                            
PL51  -3486.361566  -2381.902999  11464.543499              
VL51 -25236.582965  54586.759744   3799.958416              
*  2025  1  2 21 30   0.00000000                            
PL51  -3777.937477  -1720.962295  11492.094961              
VL51 -23344.278907  55536.325030    790.948433              
*  2025  1  2 21 32   0.00000000                            
PL51  -4046.280409  -1049.848233  11483.521292              
VL51 -21366.019860  56281.657308  -2219.303535              
*  2025  1  2 21 34   0.00000000                            
PL51  -4290.417133   -371.033806  11438.864895              
VL51 -19311.561860  56819.193923  -5221.251094              
*  2025  1  2 21 36   0.00000000                            
PL51  -4509.493242    312.970194  11358.282501              
VL51 -17190.945313  57146.200052  -8205.391216              
*  2025  1  2 21 38   0.00000000                            
PL51  -4702.776285    999.625183  11242.044458              
VL51 -15014.447837  57260.779742 -11162.295514              
*  2025  1  2 21 40   0.00000000                            
PL51  -4869.658328   1686.374897  11090.533655              
VL51 -12792.536327  57161.883339 -14082.641060              
*  2025  1  2 21 42   0.00000000                            
PL51  -5009.657932   2370.655574  10904.244072              
VL51 -10535.818469  56849.311296 -16957.240643              
*  2025  1  2 21 44   0.00000000                            
PL51  -5122.421552   3049.906162  10683.778970              
VL51  -8254.993948  56323.714378 -19777.072372              
*  2025  1  2 21 46   0.00000000                            
PL51  -5207.724345   3721.578504  10429.848739              
VL51  -5960.805553  55586.590270 -22533.308523              
*  2025  1  2 21 48   0.00000000                            
PL51  -5265.470397   4383.147466  10143.268395              
VL51  -3663.990427  54640.276645 -25217.343556              
*  2025  1  2 21 50   0.00000000                            
PL51  -5295.692365   5032.120952   9824.954751              
VL51  -1375.231658  53487.940718 -27820.821208              
*  2025  1  2 21 52   0.00000000                            
PL51  -5298.550538   5666.049785   9475.923270              
VL51    894.889556  52133.565377 -30335.660577              
*  2025  1  2 21 54   0.00000000                            
PL51  -5274.331332   6282.537391   9097.284606              
VL51   3135.940963  50581.931940 -32754.081122              
*  2025  1  2 21 56   0.00000000                            
PL51  -5223.445226   6879.249262   8690.240860              
VL51   5337.685321  48838.599652 -35068.626511              
*  2025  1  2 21 58   0.00000000                            
PL51  -5146.424150   7453.922150   8256.081547              
VL51   7490.125282  46909.882017 -37272.187223              
*  2025  1  2 22  0   0.00000000                            
PL51  -5043.918345   8004.372965   7796.179312              
VL51   9583.546885  44802.820084 -39358.021856              
*  2025  1  2 22  2   0.00000000                            
PL51  -4916.692710   8528.507327   7311.985383              
VL51  11608.561482  42525.152830 -41319.777072              
*  2025  1  2 22  4   0.00000000                            
PL51  -4765.622652   9024.327751   6805.024812              
VL51  13556.145919  40085.284767 -43151.506106              
*  2025  1  2 22  6   0.00000000                            
PL51  -4591.689472   9489.941424   6276.891481              
VL51  15417.680802  37492.250962 -44847.685816              
*  2025  1  2 22  8   0.00000000                            
PL51  -4395.975299   9923.567554   5729.242934              
VL51  17184.986685  34755.679614 -46403.232194              
*  2025  1  2 22 10   0.00000000                            
PL51  -4179.657604  10323.544247   5163.795016              
VL51  18850.358056  31885.752382 -47813.514333              
*  2025  1  2 22 12   0.00000000                            
PL51  -3944.003321  10688.334903   4582.316360              
VL51  20406.594963  28893.162646 -49074.366792              
*  2025  1  2 22 14   0.00000000                            
PL51  -3690.362603  11016.534094   3986.622741              
VL51  21847.032179  25789.071899 -50182.100351              
*  2025  1  2 22 16   0.00000000                            
PL51  -3420.162245  11306.872914   3378.571297              
VL51  23165.565784  22585.064473 -51133.511126              
*  2025  1  2 22 18   0.00000000                            
PL51  -3134.898798  11558.223775   2760.054664              
VL51  24356.677076  19293.100801 -51925.888038              
*  2025  1  2 22 20   0.00000000                            
PL51  -2836.131420  11769.604628   2132.995024              
VL51  25415.453736  15925.469445 -52557.018619              
*  2025  1  2 22 22   0.00000000                            
PL51  -2525.474485  11940.182612   1499.338096              
VL51  26337.608160  12494.738083 -53025.193168              
*  2025  1  2 22 24   0.00000000                            
PL51  -2204.589992  12069.277107    861.047086              
VL51  27119.492925   9013.703717 -53329.207255              
*  2025  1  2 22 26   0.00000000                            
PL51  -1875.179802  12156.362177    220.096613              
VL51  27758.113347   5495.342287 -53468.362603              
*  2025  1  2 22 28   0.00000000                            
PL51  -1538.977748  12201.068420   -421.533355              
VL51  28251.137108   1952.757946 -53442.466360              
*  2025  1  2 22 30   0.00000000                            
PL51  -1197.741641  12203.184198  -1061.863559              
VL51  28596.900940  -1600.867796 -53251.828801              
*  2025  1  2 22 32   0.00000000                            
PL51   -853.245216  12162.656262  -1698.921464              
VL51  28794.414405  -5152.326833 -52897.259513              
*  2025  1  2 22 34   0.00000000                            
PL51   -507.270051  12079.589766  -2330.747221              
VL51  28843.360757  -8688.434924 -52380.062108              
*  2025  1  2 22 36   0.00000000                            
PL51   -161.597493  11954.247684  -2955.399553              
VL51  28744.094971 -12196.081652 -51702.027521              
*  2025  1  2 22 38   0.00000000                            
PL51    181.999382  11787.049622  -3570.961561              
VL51  28497.638955 -15662.279692 -50865.425970              
*  2025  1  2 22 40   0.00000000                            
PL51    521.763723  11578.570055  -4175.546417              
VL51  28105.674039 -19074.213224 -49872.997620              
*  2025  1  2 22 42   0.00000000                            
PL51    855.962765  11329.535982  -4767.302944              
VL51  27570.530784 -22419.285322 -48727.942044              
*  2025  1  2 22 44   0.00000000                            
PL51   1182.895539  11040.824018  -5344.421057              
VL51  26895.176225 -25685.164155 -47433.906513              
*  2025  1  2 22 46   0.00000000                            
PL51   1500.900426  10713.456945  -5905.137061              
VL51  26083.198593 -28859.827881 -45994.973198              
*  2025  1  2 22 48   0.00000000                            
PL51   1808.362508  10348.599731  -6447.738789              
VL51  25138.789650 -31931.608075 -44415.645343              
*  2025  1  2 22 50   0.00000000                            
PL51   2103.720685   9947.555031  -6970.570565              
VL51  24066.724701 -34889.231565 -42700.832463              
*  2025  1  2 22 52   0.00000000                            
PL51   2385.474558   9511.758208  -7472.037985              
VL51  22872.340414 -37721.860573 -40855.834641              
*  2025  1  2 22 54   0.00000000                            
PL51   2652.191012   9042.771873  -7950.612511              
VL51  21561.510544 -40419.131036 -38886.325979              
*  2025  1  2 22 56   0.00000000                            
PL51   2902.510510   8542.279979  -8404.835849              
VL51  20140.619678 -42971.189015 -36798.337274              
*  2025  1  2 22 58   0.00000000                            
PL51   3135.153057   8012.081493  -8833.324126              
VL51  18616.535122 -45368.725110 -34598.237972              
*  2025  1  2 23  0   0.00000000                            
PL51   3348.923811   7454.083667  -9234.771840              
VL51  16996.577057 -47603.006795 -32292.717462              
*  2025  1  2 23  2   0.00000000                            
PL51   3542.718335   6870.294926  -9607.955586              
VL51  15288.487068 -49665.908616 -29888.765762              
*  2025  1  2 23  4   0.00000000                            
PL51   3715.527455   6262.817420  -9951.737545              
VL51  13500.395188 -51549.940193 -27393.653651              
*  2025  1  2 23  6   0.00000000                            
PL51   3866.441715   5633.839243 -10265.068727              
VL51  11640.785567 -53248.271960 -24814.912287              
*  2025  1  2 23  8   0.00000000                            
PL51   3994.655420   4985.626358 -10546.991978              
VL51   9718.460897 -54754.758630 -22160.312360              
*  2025  1  2 23 10   0.00000000                            
PL51   4099.470232   4320.514262 -10796.644720              
VL51   7742.505701 -56063.960313 -19437.842810              
*  2025  1  2 23 12   0.00000000                            
PL51   4180.298332   3640.899402 -11013.261446              
VL51   5722.248629 -57171.161276 -16655.689150              
*  2025  1  2 23 14   0.00000000                            
PL51   4236.665116   2949.230386 -11196.175943              
VL51   3667.223853 -58072.386314 -13822.211424              
*  2025  1  2 23 16   0.00000000                            
PL51   4268.211428   2247.999009 -11344.823255              
VL51   1587.131704 -58764.414689 -10945.921822              
*  2025  1  2 23 18   0.00000000                            
PL51   4274.695312   1539.731131 -11458.741370              
VL51   -508.201345 -59244.791639  -8035.461977              
*  2025  1  2 23 20   0.00000000                            
PL51   4255.993284    826.977427 -11537.572640              
VL51  -2608.863221 -59511.837416  -5099.579965              
*  2025  1  2 23 22   0.00000000                            
PL51   4212.101116    112.304044 -11581.064915              
VL51  -4704.897211 -59564.653832  -2147.107028              
*  2025  1  2 23 24   0.00000000                            
PL51   4143.134118   -601.716803 -11589.072400              
VL51  -6786.343208 -59403.128312    813.065973              
*  2025  1  2 23 26   0.00000000                            
PL51   4049.326940  -1312.516272 -11561.556232              
VL51  -8843.279128 -59027.935406   3772.012344              
*  2025  1  2 23 28   0.00000000                            
PL51   3931.032856  -2017.538333 -11498.584761              
VL51 -10865.862383 -58440.535759   6720.793584              
*  2025  1  2 23 30   0.00000000                            
PL51   3788.722571  -2714.249184 -11400.333550              
VL51 -12844.371267 -57643.172513   9650.483619              
*  2025  1  2 23 32   0.00000000                            
PL51   3622.982518  -3400.146606 -11267.085078              
VL51 -14769.246149 -56638.865113  12552.193239              
*  2025  1  2 23 34   0.00000000                            
PL51   3434.512669  -4072.769229 -11099.228150              
VL51 -16631.130327 -55431.400503  15417.094696              
*  2025  1  2 23 36   0.00000000                            
PL51   3224.123854  -4729.705674 -10897.257012              
VL51 -18420.910406 -54025.321696  18236.446461              
*  2025  1  2 23 38   0.00000000                            
PL51   2992.734608  -5368.603547 -10661.770166              
VL51 -20129.756079 -52425.913688  21001.618075              
*  2025  1  2 23 40   0.00000000                            
PL51   2741.367535  -5987.178243 -10393.468890              
VL51 -21749.159136 -50639.186720  23704.115081              
*  2025  1  2 23 42   0.00000000                            
PL51   2471.145213  -6583.221536 -10093.155453              
VL51 -23270.971582 -48671.856871  26335.603979              
*  2025  1  2 23 44   0.00000000                            
PL51   2183.285649  -7154.609919  -9761.731037              
VL51 -24687.442683 -46531.323996  28887.937150              
*  2025  1  2 23 46   0.00000000                            
PL51   1879.097295  -7699.312662  -9400.193354              
VL51 -25991.254803 -44225.647002  31353.177705              
*  2025  1  2 23 48   0.00000000                            
PL51   1559.973644  -8215.399562  -9009.633973              
VL51 -27175.557862 -41763.516493  33723.624172              
*  2025  1  2 23 50   0.00000000                            
PL51   1227.387419  -8701.048347  -8591.235344              
VL51 -28234.002247 -39154.224799  35991.834978              
*  2025  1  2 23 52   0.00000000                            
PL51    882.884379  -9154.551697  -8146.267537              
VL51 -29160.770019 -36407.633437  38150.652612              
*  2025  1  2 23 54   0.00000000                            
PL51    528.076758  -9574.323875  -7676.084687              
VL51 -29950.604235 -33534.138048  40193.227414              
*  2025  1  2 23 56   0.00000000                            
PL51    164.636374  -9958.906910  -7182.121161              
VL51 -30598.836228 -30544.630882  42113.040859              
*  2025  1  2 23 58   0.00000000                            
PL51   -205.712590 -10306.976318  -6665.887449              
VL51 -31101.410674 -27450.460914  43903.928260              
*  2025  1  3  0  0   0.00000000                            
PL51   -581.201026 -10617.346336  -6128.965784              
VL51 -31454.908156 -24263.391858  45560.100768              
*  2025  1  3  0  2   0.00000000                            
PL51   -960.022938 -10888.974620  -5573.005502              
VL51 -31656.565968 -20995.557027  47076.166565              
*  2025  1  3  0  4   0.00000000                            
PL51  -1340.342855 -11120.966441  -4999.718158              
VL51 -31704.294280 -17659.414730  48447.151119              
*  2025  1  3  0  6   0.00000000                            
PL51  -1720.304582 -11312.578253  -4410.872401              
VL51 -31596.692118 -14267.698382  49668.516410              
*  2025  1  3  0  8   0.00000000                            
PL51  -2098.039241 -11463.220725  -3808.288627              
VL51 -31333.058375 -10833.367533  50736.178986              
*  2025  1  3  0 10   0.00000000                            
PL51  -2471.673788 -11572.461141  -3193.833418              
VL51 -30913.400570  -7369.556362  51646.526732              
*  2025  1  3  0 12   0.00000000                            
PL51  -2839.339547 -11640.025176  -2569.413801              
VL51 -30338.440268  -3889.521066  52396.434252              
*  2025  1  3  0 14   0.00000000                            
PL51  -3199.180798 -11665.798049  -1936.971314              
VL51 -29609.615239   -406.586206  52983.276734              
*  2025  1  3  0 16   0.00000000                            
PL51  -3549.363368 -11649.825009  -1298.475926              
VL51 -28729.078263   3065.909765  53404.942196              
*  2025  1  3  0 18   0.00000000                            
PL51  -3888.083186 -11592.311174   -655.919823              
VL51 -27699.692533   6514.669507  53659.842011              
*  2025  1  3  0 20   0.00000000                            
PL51  -4213.574763 -11493.620710    -11.311068              
VL51 -26525.023630   9926.492093  53746.919612              
*  2025  1  3  0 22   0.00000000                            
PL51  -4524.119555 -11354.275337    633.332826              
VL51 -25209.328044  13288.328298  53665.657304              
*  2025  1  3  0 24   0.00000000                            
PL51  -4818.054171 -11174.952181   1275.991389              
VL51 -23757.538271  16587.335597  53416.081093              
*  2025  1  3  0 26   0.00000000                            
PL51  -5093.778373 -10956.480965   1914.647744              
VL51 -22175.244507  19810.932580  52998.763487              
*  2025  1  3  0 28   0.00000000                            
PL51  -5349.762847 -10699.840555   2547.295163              
VL51 -20468.673006  22946.852487  52414.824212              
*  2025  1  3  0 30   0.00000000                            
PL51  -5584.556687 -10406.154866   3171.943637              
VL51 -18644.661181  25983.195571  51665.928812              
*  2025  1  3  0 32   0.00000000                            
PL51  -5796.794564 -10076.688155   3786.626399              
VL51 -16710.629564  28908.479983  50754.285121              
*  2025  1  3  0 34   0.00000000                            
PL51  -5985.203540  -9712.839705   4389.406403              
VL51 -14674.550727  31711.690925  49682.637592              
*  2025  1  3  0 36   0.00000000                            
PL51  -6148.609492  -9316.137939   4978.382718              
VL51 -12544.915349  34382.327768  48454.259512              
*  2025  1  3  0 38   0.00000000                            
PL51  -6285.943114  -8888.233976   5551.696818              
VL51 -10330.695558  36910.448897  47072.943111              
*  2025  1  3  0 40   0.00000000                            
PL51  -6396.245455  -8430.894668   6107.538738              
VL51  -8041.305757  39286.714018  45542.987609              
*  2025  1  3  0 42   0.00000000                            
PL51  -6478.672988  -7945.995145   6644.153076              
VL51  -5686.561128  41502.423716  43869.185265              
*  2025  1  3  0 44   0.00000000                            
PL51  -6532.502153  -7435.510896   7159.844819              
VL51  -3276.634030  43549.556025  42056.805466              
*  2025  1  3  0 46   0.00000000                            
PL51  -6557.133378  -6901.509445   7652.984960              
VL51   -822.008516  45420.799849  40111.576965              
*  2025  1  3  0 48   0.00000000                            
PL51  -6552.094533  -6346.141628   8122.015895              
VL51   1666.566778  47109.585025  38039.668326              
*  2025  1  3  0 50   0.00000000                            
PL51  -6517.043817  -5771.632545   8565.456579              
VL51   4178.127137  48610.108913  35847.666697              
*  2025  1  3  0 52   0.00000000                            
PL51  -6451.772054  -5180.272206   8981.907410              
VL51   6701.541402  49917.359371  33542.555005              
*  2025  1  3  0 54   0.00000000                            
PL51  -6356.204391  -4574.405923   9370.054834              
VL51   9225.562473  51027.134009  31131.687693              
*  2025  1  3  0 56   0.00000000                            
PL51  -6230.401378  -3956.424502   9728.675653              
VL51  11738.878432  51936.055669  28622.765109              
*  2025  1  3  0 58   0.00000000                            
PL51  -6074.559440  -3328.754262  10056.641016              
VL51  14230.164011  52641.584055  26023.806684              
*  2025  1  3  1  0   0.00000000                            
PL51  -5889.010727  -2693.846942  10352.920079              
VL51  16688.132148  53142.023481  23343.123003              
*  2025  1  3  1  2   0.00000000                            
PL51  -5674.222351  -2054.169543  10616.583328              
VL51  19101.585388  53436.526750  20589.286917              
*  2025  1  3  1  4   0.00000000                            
PL51  -5430.794995  -1412.194140  10846.805550              
VL51  21459.466842  53525.095145  17771.103820              
*  2025  1  3  1  6   0.00000000                            
PL51  -5159.460934   -770.387714  11042.868439              
VL51  23750.910489  53408.574594  14897.581223              
*  2025  1  3  1  8   0.00000000                            
PL51  -4861.081441   -131.202070  11204.162836              
VL51  25965.290564  53088.648044  11977.897763              
*  2025  1  3  1 10   0.00000000                            
PL51  -4536.643613    502.936155  11330.190599              
VL51  28092.269797  52567.824142   9021.371768              
*  2025  1  3  1 12   0.00000000                            
PL51  -4187.256632   1129.635306  11420.566081              
VL51  30121.846297  51849.422299   6037.429508              
*  2025  1  3  1 14   0.00000000                            
PL51  -3814.147459   1746.548336  11475.017242              
VL51  32044.398862  50937.554247   3035.573247              
*  2025  1  3  1 16   0.00000000                            
PL51  -3418.656009   2351.382186  11493.386363              
VL51  33850.730505  49837.102217     25.349225              
*  2025  1  3  1 18   0.00000000                            
PL51  -3002.229807   2941.906882  11475.630384              
VL51  35532.110016  48553.693859  -2983.684333              
*  2025  1  3  1 20   0.00000000                            
PL51  -2566.418158   3515.964316  11421.820857              
VL51  37080.311372  47093.674060  -5981.989044              
*  2025  1  3  1 22   0.00000000                            
PL51  -2112.865862   4071.476665  11332.143516              
VL51  38487.650823  45464.073807  -8960.077933              
*  2025  1  3  1 24   0.00000000                            
PL51  -1643.306498   4606.454430  11206.897476              
VL51  39747.021496  43672.576272 -11908.546612              
*  2025  1  3  1 26   0.00000000                            
PL51  -1159.555303   5119.004039  11046.494055              
VL51  40851.925377  41727.480304 -14818.103984              
*  2025  1  3  1 28   0.00000000                            
PL51   -663.501688   5607.335008  10851.455233              
VL51  41796.502546  39637.661509 -17679.602346              
*  2025  1  3  1 30   0.00000000                            
PL51   -157.101426   6069.766617  10622.411754              
VL51  42575.557535  37412.531123 -20484.066812              
*  2025  1  3  1 32   0.00000000                            
PL51    357.631475   6504.734077  10360.100882              
VL51  43184.582729  35061.992884 -23222.723954              
*  2025  1  3  1 34   0.00000000                            
PL51    878.633143   6910.794179  10065.363811              
VL51  43619.778701  32596.398106 -25887.029580              
*  2025  1  3  1 36   0.00000000                            
PL51   1403.798449   7286.630381   9739.142759              
VL51  43878.071429  30026.499181 -28468.695555              
*  2025  1  3  1 38   0.00000000                            
PL51   1930.989803   7631.057337   9382.477734              
VL51  43957.126308  27363.401707 -30959.715601              
*  2025  1  3  1 40   0.00000000                            
PL51   2458.046088   7943.024845   8996.503002              
VL51  43855.358941  24618.515488 -33352.389988              
*  2025  1  3  1 42   0.00000000                            
PL51   2982.791717   8221.621195   8582.443273              
VL51  43571.942646  21803.504600 -35639.349045              
*  2025  1  3  1 44   0.00000000                            
PL51   3503.045752   8466.075919   8141.609596              
VL51  43106.812677  18930.236775 -37813.575437              
*  2025  1  3  1 46   0.00000000                            
PL51   4016.631055   8675.761928   7675.395012              
VL51  42460.667148  16010.732302 -39868.425118              
*  2025  1  3  1 48   0.00000000                            
PL51   4521.383433   8850.197037   7185.269949              
VL51  41634.964670  13057.112693 -41797.646918              
*  2025  1  3  1 50   0.00000000                            
PL51   5015.160732   8989.044867   6672.777404              
VL51  40631.918729  10081.549326 -43595.400695              
*  2025  1  3  1 52   0.00000000                            
PL51   5495.851847   9092.115142   6139.527903              
VL51  39454.488844   7096.212301 -45256.273995              
*  2025  1  3  1 54   0.00000000                            
PL51   5961.385605   9159.363362   5587.194279              
VL51  38106.368558   4113.219722 -46775.297185              
*  2025  1  3  1 56   0.00000000                            
PL51   6409.739486   9190.889885   5017.506276              
VL51  36591.970354   1144.587646 -48147.957003              
*  2025  1  3  1 58   0.00000000                            
PL51   6838.948143   9186.938401   4432.244997              
VL51  34916.407560  -1797.819100 -49370.208502              
*  2025  1  3  2  0   0.00000000                            
PL51   7247.111693   9147.893829   3833.237224              
VL51  33085.473376  -4702.335018 -50438.485364              
*  2025  1  3  2  2   0.00000000                            
PL51   7632.403731   9074.279645   3222.349618              
VL51  31105.617113  -7557.540746 -51349.708567              
*  2025  1  3  2  4   0.00000000                            
PL51   7993.079050   8966.754653   2601.482828              
VL51  28983.917790 -10352.308394 -52101.293404              
*  2025  1  3  2  6   0.00000000                            
PL51   8327.481028   8826.109221   1972.565527              
VL51  26728.055218 -13075.845213 -52691.154848              
*  2025  1  3  2  8   0.00000000                            
PL51   8634.048647   8653.261013   1337.548389              
VL51  24346.278727 -15717.735440 -53117.711269              
*  2025  1  3  2 10   0.00000000                            
PL51   8911.323135   8449.250216    698.398038              
VL51  21847.373682 -18267.980148 -53379.886524              
*  2025  1  3  2 12   0.00000000                            
PL51   9157.954182   8215.234316     57.090975              
VL51  19240.625971 -20717.034957 -53477.110433              
*  2025  1  3  2 14   0.00000000                            
PL51   9372.705727   7952.482425   -584.392489              
VL51  16535.784629 -23055.845471 -53409.317677              
*  2025  1  3  2 16   0.00000000                            
PL51   9554.461280   7662.369201  -1224.074274              
VL51  13743.022774 -25275.880324 -53176.945151              
*  2025  1  3  2 18   0.00000000                            
PL51   9702.228772   7346.368388  -1859.984537              
VL51  10872.897049 -27369.161729 -52780.927819              
*  2025  1  3  2 20   0.00000000                            
PL51   9815.144906   7006.045998  -2490.167616              
VL51   7936.305750 -29328.293436 -52222.693111              
*  2025  1  3  2 22   0.00000000                            
PL51   9892.479001   6643.053183  -3112.687899              
VL51   4944.445815 -31146.486028 -51504.153930              
*  2025  1  3  2 24   0.00000000                            
PL51   9933.636309   6259.118813  -3725.635599              
VL51   1908.768873 -32817.579508 -50627.700311              
*  2025  1  3  2 26   0.00000000                            
PL51   9938.160809   5856.041800  -4327.132426              
VL51  -1159.063470 -34336.063101 -49596.189800              
*  2025  1  3  2 28   0.00000000                            
PL51   9905.737453   5435.683202  -4915.337132              
VL51  -4247.224933 -35697.092271 -48412.936617              
*  2025  1  3  2 30   0.00000000                            
PL51   9836.193865   4999.958146  -5488.450919              
VL51  -7343.770270 -36896.502913 -47081.699654              
*  2025  1  3  2 32   0.00000000                            
PL51   9729.501500   4550.827583  -6044.722701              
VL51 -10436.681210 -37930.822721 -45606.669390              
*  2025  1  3  2 34   0.00000000                            
PL51   9585.776237   4090.289939  -6582.454196              
VL51 -13513.912464 -38797.279728 -43992.453778              
*  2025  1  3  2 36   0.00000000                            
PL51   9405.278433   3620.372671  -7100.004846              
VL51 -16563.437636 -39493.808044 -42244.063171              
*  2025  1  3  2 38   0.00000000                            
PL51   9188.412419   3143.123775  -7595.796555              
VL51 -19573.294871 -40019.050811 -40366.894362              
*  2025  1  3  2 40   0.00000000                            
PL51   8935.725456   2660.603270  -8068.318222              
VL51 -22531.632102 -40372.360414 -38366.713804              
*  2025  1  3  2 42   0.00000000                            
PL51   8647.906144   2174.874705  -8516.130074              
VL51 -25426.751745 -40553.796000 -36249.640072              
*  2025  1  3  2 44   0.00000000                            
PL51   8325.782311   1687.996701  -8937.867783              
VL51 -28247.154710 -40564.118358 -34022.125628              
*  2025  1  3  2 46   0.00000000                            
PL51   7970.318364   1202.014579  -9332.246360              
VL51 -30981.583614 -40404.782224 -31690.937952              
*  2025  1  3  2 48   0.00000000                            
PL51   7582.612137    718.952086  -9698.063818              
VL51 -33619.065058 -40077.926079 -29263.140087              
*  2025  1  3  2 50   0.00000000                            
PL51   7163.891233    240.803271 -10034.204603              
VL51 -36148.950875 -39586.359517 -26746.070650              
*  2025  1  3  2 52   0.00000000                            
PL51   6715.508882   -230.475490 -10339.642773              
VL51 -38560.958237 -38933.548242 -24147.323341              
*  2025  1  3  2 54   0.00000000                            
PL51   6238.939321   -692.973256 -10613.444936              
VL51 -40845.208512 -38123.596799 -21474.726005              
*  2025  1  3  2 56   0.00000000                            
PL51   5735.772715  -1144.832081 -10854.772934              
VL51 -42992.264788 -37161.229091 -18736.319265              
*  2025  1  3  2 58   0.00000000                            
PL51   5207.709644  -1584.254313 -11062.886264              
VL51 -44993.167963 -36051.766783 -15940.334780              
*  2025  1  3  3  0   0.00000000                            
PL51   4656.555154  -2009.509629 -11237.144240              
VL51 -46839.471313 -34801.105662 -13095.173123              
*  2025  1  3  3  2   0.00000000                            
PL51   4084.212412  -2418.941775 -11377.007881              
VL51 -48523.273451 -33415.690053 -10209.381338              
*  2025  1  3  3  4   0.00000000                            
PL51   3492.675974  -2810.974982 -11482.041539              
VL51 -50037.249592 -31902.485356  -7291.630167              
*  2025  1  3  3  6   0.00000000                            
PL51   2884.024683  -3184.120048 -11551.914240              
VL51 -51374.681043 -30268.948814  -4350.690988              
*  2025  1  3  3  8   0.00000000                            
PL51   2260.414233  -3536.980055 -11586.400755              
VL51 -52529.482821 -28522.998570  -1395.412455              
*  2025  1  3  3 10   0.00000000                            
PL51   1624.069405  -3868.255707 -11585.382383              
VL51 -53496.229325 -26672.981122   1565.303112              
*  2025  1  3  3 12   0.00000000                            
PL51    977.276012  -4176.750263 -11548.847455              
VL51 -54270.177966 -24727.637258   4522.523598              
*  2025  1  3  3 14   0.00000000                            
PL51    322.372571  -4461.374064 -11476.891546              
VL51 -54847.290669 -22696.066554   7467.311191              
*  2025  1  3  3 16   0.00000000                            
PL51   -338.258268  -4721.148615 -11369.717395              
VL51 -55224.253165 -20587.690546  10390.746684              
*  2025  1  3  3 18   0.00000000                            
PL51  -1002.198512  -4955.210219 -11227.634541              
VL51 -55398.491978 -18412.214655  13283.953963              
*  2025  1  3  3 20   0.00000000                            
PL51  -1667.003809  -5162.813154 -11051.058653              
VL51 -55368.189023 -16179.588986  16138.124658              
*  2025  1  3  3 22   0.00000000                            
PL51  -2330.212579  -5343.332366 -10840.510568              
VL51 -55132.293731 -13899.968092  18944.542909              
*  2025  1  3  3 24   0.00000000                            
PL51  -2989.355294  -5496.265676 -10596.615038              
VL51 -54690.532607 -11583.669817  21694.610249              
*  2025  1  3  3 26   0.00000000                            
PL51  -3641.963838  -5621.235491 -10320.099165              
VL51 -54043.416146  -9241.133344  24379.870526              
*  2025  1  3  3 28   0.00000000                            
PL51  -4285.580952  -5717.990003 -10011.790547              
VL51 -53192.243001  -6882.876548  26992.034857              
*  2025  1  3  3 30   0.00000000                            
PL51  -4917.769694  -5786.403874  -9672.615120              
VL51 -52139.101334  -4519.452802  29523.006535              
*  2025  1  3  3 32   0.00000000                            
PL51  -5536.122913  -5826.478402  -9303.594703              
VL51 -50886.867262  -2161.407365  31964.905846              
*  2025  1  3  3 34   0.00000000                            
PL51  -6138.272677  -5838.341161  -8905.844248              
VL51 -49439.200322    180.766504  34310.094713              
*  2025  1  3  3 36   0.00000000                            
PL51  -6721.899632  -5822.245111  -8480.568789              
VL51 -47800.535893   2496.671546  36551.201108              
*  2025  1  3  3 38   0.00000000                            
PL51  -7284.742253  -5778.567183  -8029.060111              
VL51 -45976.074516   4776.050461  38681.143127              
*  2025  1  3  3 40   0.00000000                            
PL51  -7824.605945  -5707.806339  -7552.693119              
VL51 -43971.768060   7008.829647  40693.152661              
*  2025  1  3  3 42   0.00000000                            
PL51  -8339.371959  -5610.581102  -7052.921939              
VL51 -41794.302717   9185.162540  42580.798542              
*  2025  1  3  3 44   0.00000000                            
PL51  -8827.006087  -5487.626581  -6531.275736              
VL51 -39451.078795  11295.472375  44338.009079              
*  2025  1  3  3 46   0.00000000                            
PL51  -9285.567094  -5339.790973  -5989.354268              
VL51 -36950.187311  13330.494171  45959.093867              
*  2025  1  3  3 48   0.00000000                            
PL51  -9713.214850  -5168.031581  -5428.823185              
VL51 -34300.383403  15281.315739  47438.764760              
*  2025  1  3  3 50   0.00000000                            
PL51 -10108.218126  -4973.410339  -4851.409081              
VL51 -31511.056590  17139.417519  48772.155885              
*  2025  1  3  3 52   0.00000000                            
PL51 -10468.962008  -4757.088863  -4258.894312              
VL51 -28592.197945  18896.711032  49954.842588              
*  2025  1  3  3 54   0.00000000                            
PL51 -10793.954908  -4520.323062  -3653.111592              
VL51 -25554.364251  20545.575738  50982.859193              
*  2025  1  3  3 56   0.00000000                            
PL51 -11081.835121  -4264.457307  -3035.938388              
VL51 -22408.639238  22078.894108  51852.715437              
*  2025  1  3  3 58   0.00000000                            
PL51 -11331.376903  -3990.918194  -2409.291119              
VL51 -19166.592028  23490.084688  52561.411498              
*  2025  1  3  4  0   0.00000000                            
PL51 -11541.496031  -3701.207926  -1775.119194              
VL51 -15840.232930  24773.132973  53106.451467              
*  2025  1  3  4  2   0.00000000                            
PL51 -11711.254820  -3396.897334  -1135.398889              
VL51 -12441.966755  25922.619870  53485.855178              
*  2025  1  3  4  4   0.00000000                            
PL51 -11839.866567  -3079.618574   -492.127094              
VL51  -8984.543841  26933.747605  53698.168291              
*  2025  1  3  4  6   0.00000000                            
PL51 -11926.699392  -2751.057531    152.685045              
VL51  -5481.009004  27802.362853  53742.470528              
*  2025  1  3  4  8   0.00000000                            
PL51 -11971.279456  -2412.945962    797.018573              
VL51  -1944.648651  28524.976968  53618.381987              
*  2025  1  3  4 10   0.00000000                            
PL51 -11973.293533  -2067.053409   1438.853245              
VL51   1611.063702  29098.783151  53326.067469              
*  2025  1  3  4 12   0.00000000                            
PL51 -11932.590927  -1715.178935   2076.174072              
VL51   5172.523219  29521.670428  52866.238749              
*  2025  1  3  4 14   0.00000000                            
PL51 -11849.184701  -1359.142705   2706.977890              
VL51   8726.050582  29792.234333  52240.154757              
*  2025  1  3  4 16   0.00000000                            
PL51 -11723.252231  -1000.777461   3329.279918              
VL51  12257.949567  29909.784213  51449.619647              
*  2025  1  3  4 18   0.00000000                            
PL51 -11555.135057   -641.919925   3941.120275              
VL51  15754.565067  29874.347069  50496.978710              
*  2025  1  3  4 20   0.00000000                            
PL51 -11345.338045   -284.402191   4540.570442              
VL51  19202.341247  29686.667912  49385.112168              
*  2025  1  3  4 22   0.00000000                            
PL51 -11094.527844     69.956886   5125.739631              
VL51  22587.879523  29348.206592  48117.426830              
*  2025  1  3  4 24   0.00000000                            
PL51 -10803.530656    419.360222   5694.781043              
VL51  25897.996051  28861.131105  46697.845659              
*  2025  1  3  4 26   0.00000000                            
PL51 -10473.329315    762.040953   6245.897991              
VL51  29119.778414  28228.307414  45130.795292              
*  2025  1  3  4 28   0.00000000                            
PL51 -10105.059699   1096.270726   6777.349859              
VL51  32240.641206  27453.285814  43421.191555              
*  2025  1  3  4 30   0.00000000                            
PL51  -9700.006475   1420.367812   7287.457874              
VL51  35248.380226  26540.283923  41574.423077              
*  2025  1  3  4 32   0.00000000                            
PL51  -9259.598210   1732.705001   7774.610674              
VL51  38131.224987  25494.166391  39596.333046              
*  2025  1  3  4 34   0.00000000                            
PL51  -8785.401863   2031.717223   8237.269642              
VL51  40877.889287  24320.421428  37493.199227              
*  2025  1  3  4 36   0.00000000                            
PL51  -8279.116675   2315.908879   8673.973995              
VL51  43477.619575  23025.134293  35271.712327              
*  2025  1  3  4 38   0.00000000                            
PL51  -7742.567506   2583.860826   9083.345602              
VL51  45920.240888  21614.957877  32938.952801              
*  2025  1  3  4 40   0.00000000                            
PL51  -7177.697624   2834.237006   9464.093512              
VL51  48196.200113  20097.080559  30502.366237              
*  2025  1  3  4 42   0.00000000                            
PL51  -6586.561002   3065.790660   9815.018183              
VL51  50296.606395  18479.191496  27969.737410              
*  2025  1  3  4 44   0.00000000                            
PL51  -5971.314138   3277.370119  10135.015392              
VL51  52213.268478  16769.443543  25349.163136              
*  2025  1  3  4 46   0.00000000                            
PL51  -5334.207460   3467.924137  10423.079807              
VL51  53938.728818  14976.414011  22649.024061              
*  2025  1  3  4 48   0.00000000                            
PL51  -4677.576324   3636.506736  10678.308222              
VL51  55466.294319  13109.063473  19877.955509              
*  2025  1  3  4 50   0.00000000                            
PL51  -4003.831682   3782.281551  10899.902435              
VL51  56790.063564  11176.692833  17044.817534              
*  2025  1  3  4 52   0.00000000                            
PL51  -3315.450431   3904.525648  11087.171760              
VL51  57904.950436   9188.898907  14158.664299              
*  2025  1  3  4 54   0.00000000                            
PL51  -2614.965509   4002.632803  11239.535167              
VL51  58806.704054   7155.528731  11228.712946              
*  2025  1  3  4 56   0.00000000                            
PL51  -1904.955771   4076.116224  11356.523057              
VL51  59491.924970   5086.632843   8264.312050              
*  2025  1  3  4 58   0.00000000                            
PL51  -1188.035691   4124.610711  11437.778640              
VL51  59958.077586   2992.417776   5274.909831              
*  2025  1  3  5  0   0.00000000                            
PL51   -466.844943   4147.874235  11483.058944              
VL51  60203.498786    883.197996   2270.022193              
*  2025  1  3  5  2   0.00000000                            
PL51    255.962103   4145.788949  11492.235433              
VL51  60227.402770  -1230.652483   -740.799244              
*  2025  1  3  5  4   0.00000000                            
PL51    977.726918   4118.361608  11465.294248              
VL51  60029.882117  -3338.748570  -3747.999049              
*  2025  1  3  5  6   0.00000000                            
PL51   1695.797342   4065.723414  11402.336056              
VL51  59611.905092  -5430.742437  -6742.049688              
*  2025  1  3  5  8   0.00000000                            
PL51   2407.538060   3988.129277  11303.575532              
VL51  58975.309250  -7496.371491  -9713.482942              
*  2025  1  3  5 10   0.00000000                            
PL51   3110.340973   3885.956512  11169.340457              
VL51  58122.791387  -9525.505761 -12652.920926              
*  2025  1  3  5 12   0.00000000                            
PL51   3801.635433   3759.702961  11000.070453              
VL51  57057.893918 -11508.194492 -15551.106611              
*  2025  1  3  5 14   0.00000000                            
PL51   4478.898293   3609.984576  10796.315350              
VL51  55784.987746 -13434.711727 -18398.933748              
*  2025  1  3  5 16   0.00000000                            
PL51   5139.663725   3437.532444  10558.733203              
VL51  54309.251748 -15295.600674 -21187.476095              
*  2025  1  3  5 18   0.00000000                            
PL51   5781.532776   3243.189308  10288.087958              
VL51  52636.648965 -17081.716671 -23908.015866              
*  2025  1  3  5 20   0.00000000                            
PL51   6402.182626   3027.905562   9985.246787              
VL51  50773.899643 -18784.268537 -26552.071293              
*  2025  1  3  5 22   0.00000000                            
PL51   6999.375488   2792.734778   9651.177091              
VL51  48728.451246 -20394.858164 -29111.423233              
*  2025  1  3  5 24   0.00000000                            
PL51   7570.967148   2538.828755   9286.943200              
VL51  46508.445597 -21905.518148 -31578.140729              
*  2025  1  3  5 26   0.00000000                            
PL51   8114.915081   2267.432140   8893.702760              
VL51  44122.683307 -23308.747311 -33944.605450              
*  2025  1  3  5 28   0.00000000                            
PL51   8629.286136   1979.876628   8472.702848              
VL51  41580.585659 -24597.543972 -36203.534929              
*  2025  1  3  5 30   0.00000000                            
PL51   9112.263738   1677.574782   8025.275802              
VL51  38892.154133 -25765.436811 -38348.004531              
*  2025  1  3  5 32   0.00000000                            
PL51   9562.154598   1362.013496   7552.834807              
VL51  36067.927756 -26806.513212 -40371.468083              
*  2025  1  3  5 34   0.00000000                            
PL51   9977.394900   1034.747131   7056.869232              
VL51  33118.938494 -27715.444973 -42267.777096              
*  2025  1  3  5 36   0.00000000                            
PL51  10356.555938    697.390368   6538.939754              
VL51  30056.664881 -28487.511273 -44031.198538              
*  2025  1  3  5 38   0.00000000                            
PL51  10698.349188    351.610787   6000.673271              
VL51  26892.984112 -29118.618822 -45656.431100              
*  2025  1  3  5 40   0.00000000                            
PL51  11001.630800     -0.878762   5443.757633              
VL51  23640.122816 -29605.319121 -47138.619914              
*  2025  1  3  5 42   0.00000000                            
PL51  11265.405489   -358.327991   4869.936202              
VL51  20310.606736 -29944.822766 -48473.369691              
*  2025  1  3  5 44   0.00000000                            
PL51  11488.829816   -718.957151   4281.002267              
VL51  16917.209545 -30135.010774 -49656.756253              
*  2025  1  3  5 46   0.00000000                            
PL51  11671.214858  -1080.965131   3678.793332              
VL51  13472.901027 -30174.442883 -50685.336430              
*  2025  1  3  5 48   0.00000000                            
PL51  11812.028242  -1442.537637   3065.185289              
VL51   9990.794852 -30062.362840 -51556.156316              
*  2025  1  3  5 50   0.00000000                            
PL51  11910.895562  -1801.855417   2442.086509              
VL51   6484.096174 -29798.700651 -52266.757872              
*  2025  1  3  5 52   0.00000000                            
PL51  11967.601161  -2157.102493   1811.431859              
VL51   2966.049288 -29384.071837 -52815.183882              
*  2025  1  3  5 54   0.00000000                            
PL51  11982.088288  -2506.474372   1175.176667              
VL51   -550.114452 -28819.773718 -53199.981259              
*  2025  1  3  5 56   0.00000000                            
PL51  11954.458631  -2848.186185    535.290669              
VL51  -4051.228202 -28107.778765 -53420.202730              
*  2025  1  3  5 58   0.00000000                            
PL51  11884.971240  -3180.480739   -106.248072              
VL51  -7524.240499 -27250.725097 -53475.406905              
*  2025  1  3  6  0   0.00000000                            
PL51  11774.040838  -3501.636433   -747.459223              
VL51 -10956.265207 -26251.904184 -53365.656777              
*  2025  1  3  6  2   0.00000000                            
PL51  11622.235547  -3809.975007  -1386.366219              
VL51 -14334.630355 -25115.245843 -53091.516682              
*  2025  1  3  6  4   0.00000000                            
PL51  11430.274029  -4103.869106  -2021.002252              
VL51 -17646.925662 -23845.300636 -52654.047763              
*  2025  1  3  6  6   0.00000000                            
PL51  11199.022066  -4381.749603  -2649.416203              
VL51 -20881.048592 -22447.219765 -52054.801992              
*  2025  1  3  6  8   0.00000000                            
PL51  10929.488603  -4642.112682  -3269.678480              
VL51 -24025.248766 -20926.732582 -51295.814807              
*  2025  1  3  6 10   0.00000000                            
PL51  10622.821264  -4883.526623  -3879.886780              
VL51 -27068.170582 -19290.121849 -50379.596416              
*  2025  1  3  6 12   0.00000000                            
PL51  10280.301363  -5104.638285  -4478.171718              
VL51 -29998.893907 -17544.196864 -49309.121843              
*  2025  1  3  6 14   0.00000000                            
PL51   9903.338451  -5304.179258  -5062.702343              
VL51 -32806.972732 -15696.264591 -48087.819775              
*  2025  1  3  6 16   0.00000000                            
PL51   9493.464404  -5480.971647  -5631.691513              
VL51 -35482.471653 -13754.098942 -46719.560266              
*  2025  1  3  6 18   0.00000000                            
PL51   9052.327084  -5633.933483  -6183.401104              
VL51 -38016.000119 -11725.908337 -45208.641392              
*  2025  1  3  6 20   0.00000000                            
PL51   8581.683613  -5762.083737  -6716.147069              
VL51 -40398.744331  -9620.301695 -43559.774891              
*  2025  1  3  6 22   0.00000000                            
PL51   8083.393265  -5864.546915  -7228.304307              
VL51 -42622.496742  -7446.252997 -41778.070877              
*  2025  1  3  6 24   0.00000000                            
PL51   7559.410035  -5940.557215  -7718.311347              
VL51 -44679.683089  -5213.064568 -39869.021689              
*  2025  1  3  6 26   0.00000000                            
PL51   7011.774883  -5989.462247  -8184.674836              
VL51 -46563.386915  -2930.329214 -37838.484929              
*  2025  1  3  6 28   0.00000000                            
PL51   6442.607710  -6010.726282  -8625.973816              
VL51 -48267.371538   -607.891369 -35692.665765              
*  2025  1  3  6 30   0.00000000                            
PL51   5854.099079  -6003.933037  -9040.863785              
VL51 -49786.099453   1744.192617 -33438.098550              
*  2025  1  3  6 32   0.00000000                            
PL51   5248.501723  -5968.787973  -9428.080532              
VL51 -51114.749136   4115.694910 -31081.627816              
*  2025  1  3  6 34   0.00000000                            
PL51   4628.121866  -5905.120112  -9786.443746              
VL51 -52249.229261   6496.257206 -28630.388680              
*  2025  1  3  6 36   0.00000000                            
PL51   3995.310387  -5812.883348 -10114.860378              
VL51 -53186.190307   8875.432201 -26091.786733              
*  2025  1  3  6 38   0.00000000                            
PL51   3352.453860  -5692.157270 -10412.327769              
VL51 -53923.033574  11242.725385 -23473.477426              
*  2025  1  3  6 40   0.00000000                            
PL51   2701.965507  -5543.147475 -10677.936518              
VL51 -54457.917607  13587.637025 -20783.345009              
*  2025  1  3  6 42   0.00000000                            
PL51   2046.276085  -5366.185375 -10910.873099              
VL51 -54789.762046  15899.704229 -18029.481047              
*  2025  1  3  6 44   0.00000000                            
PL51   1387.824738  -5161.727508 -11110.422223              
VL51 -54918.248906  18168.542944 -15220.162560              
*  2025  1  3  6 46   0.00000000                            
PL51    729.049857  -4930.354338 -11275.968924              
VL51 -54843.821326  20383.889788 -12363.829793              
*  2025  1  3  6 48   0.00000000                            
PL51     72.379969  -4672.768557 -11407.000387              
VL51 -54567.679794  22535.643578  -9469.063667              
*  2025  1  3  6 50   0.00000000                            
PL51   -579.775323  -4389.792893 -11503.107499              
VL51 -54091.775875  24613.906445  -6544.562917              
*  2025  1  3  6 52   0.00000000                            
PL51  -1225.034294  -4082.367425 -11563.986120              
VL51 -53418.803487  26609.024416  -3599.120939              
*  2025  1  3  6 54   0.00000000                            
PL51  -1861.051951  -3751.546415 -11589.438086              
VL51 -52552.187721  28511.627343   -641.602371              
*  2025  1  3  6 56   0.00000000                            
PL51  -2485.528717  -3398.494670 -11579.371913              
VL51 -51496.071267  30312.668067   2319.080583              
*  2025  1  3  6 58   0.00000000                            
PL51  -3096.218958  -3024.483432 -11533.803233              
VL51 -50255.298444  32003.460680   5273.992076              
*  2025  1  3  7  0   0.00000000                            
PL51  -3690.939290  -2630.885819 -11452.854929              
VL51 -48835.396887  33575.717783   8214.196743              
*  2025  1  3  7  2   0.00000000                            
PL51  -4267.576658  -2219.171825 -11336.756982              
VL51 -47242.556907  35021.586606  11130.784050              
*  2025  1  3  7  4   0.00000000                            
PL51  -4824.096154  -1790.902898 -11185.846030              
VL51 -45483.608557  36333.683856  14014.892802              
*  2025  1  3  7  6   0.00000000                            
PL51  -5358.548543  -1347.726096 -11000.564624              
VL51 -43565.996460  37505.129180  16857.735820              
*  2025  1  3  7  8   0.00000000                            
PL51  -5869.077480   -891.367866 -10781.460196              
VL51 -41497.752406  38529.577095  19650.624732              
*  2025  1  3  7 10   0.00000000                            
PL51  -6353.926374   -423.627439 -10529.183718              
VL51 -39287.465788  39401.247258  22384.994864              
*  2025  1  3  7 12   0.00000000                            
PL51  -6811.444897     53.630124 -10244.488074              
VL51 -36944.251917  40114.952940  25052.430174              
*  2025  1  3  7 14   0.00000000                            
PL51  -7240.095092    538.481218  -9928.226121              
VL51 -34477.718261  40666.127557  27644.688198              
*  2025  1  3  7 16   0.00000000                            
PL51  -7638.457068   1028.951281  -9581.348463              
VL51 -31897.928687  41050.849121  30153.724939              
*  2025  1  3  7 18   0.00000000                            
PL51  -8005.234249   1523.022669  -9204.900915              
VL51 -29215.365763  41265.862462  32571.719657              
*  2025  1  3  7 20   0.00000000                            
PL51  -8339.258166   2018.642776  -8800.021678              
VL51 -26440.891213  41308.599087  34891.099465              
*  2025  1  3  7 22   0.00000000                            
PL51  -8639.492761   2513.732384  -8367.938220              
VL51 -23585.704606  41177.194521  37104.563682              
*  2025  1  3  7 24   0.00000000                            
PL51  -8905.038183   3006.194197  -7909.963863              
VL51 -20661.300399  40870.503004  39205.107823              
*  2025  1  3  7 26   0.00000000                            
PL51  -9135.134062   3493.921547  -7427.494087              
VL51 -17679.423451  40388.109405  41186.047161              
*  2025  1  3  7 28   0.00000000                            
PL51  -9329.162241   3974.807211  -6922.002556              
VL51 -14652.023142  39730.338228  43041.039737              
*  2025  1  3  7 30   0.00000000                            
PL51  -9486.648946   4446.752333  -6395.036868              
VL51 -11591.206256  38898.259605  44764.108731              
*  2025  1  3  7 32   0.00000000                            
PL51  -9607.266389   4907.675385  -5848.214044              
VL51  -8509.188782  37893.692155  46349.664074              
*  2025  1  3  7 34   0.00000000                            
PL51  -9690.833785   5355.521155  -5283.215761              
VL51  -5418.246820  36719.202642  47792.523184              
*  2025  1  3  7 36   0.00000000                            
PL51  -9737.317772   5788.269705  -4701.783343              
VL51  -2330.666788  35378.102321  49087.930729              
*  2025  1  3  7 38   0.00000000                            
PL51  -9746.832239   6203.945265  -4105.712518              
VL51    741.304883  33874.439947  50231.577269              
*  2025  1  3  7 40   0.00000000                            
PL51  -9719.637536   6600.625023  -3496.847969              
VL51   3785.512321  32212.991374  51219.616693              
*  2025  1  3  7 42   0.00000000                            
PL51  -9656.139089   6976.447776  -2877.077668              
VL51   6789.940849  30399.245727  52048.682309              
*  2025  1  3  7 44   0.00000000                            
PL51  -9556.885400   7329.622382  -2248.327036              
VL51   9742.767429  28439.388152  52715.901472              
*  2025  1  3  7 46   0.00000000                            
PL51  -9422.565446   7658.435998  -1612.552938              
VL51  12632.410670  26340.279139  53218.908662              
*  2025  1  3  7 48   0.00000000                            
PL51  -9254.005486   7961.262039   -971.737524              
VL51  15447.580149  24109.430475  53555.856874              
*  2025  1  3  7 50   0.00000000                            
PL51  -9052.165275   8236.567834   -327.881945              
VL51  18177.324776  21754.977888  53725.427246              
*  2025  1  3  7 52   0.00000000                            
PL51  -8818.133708   8482.921934    317.000025              
VL51  20811.079949  19285.650457  53726.836820              
*  2025  1  3  7 54   0.00000000                            
PL51  -8553.123908   8699.001030    960.888468              
VL51  23338.713236  16710.736912  53559.844366              
*  2025  1  3  7 56   0.00000000                            
PL51  -8258.467772   8883.596457   1601.763837              
VL51  25750.568318  14040.048955  53224.754196              
*  2025  1  3  7 58   0.00000000                            
PL51  -7935.610007   9035.620229   2237.613521              
VL51  28037.506950  11283.881757  52722.417906              
*  2025  1  3  8  0   0.00000000                            
PL51  -7586.101669   9154.110595   2866.438413              
VL51  30190.948680   8452.971815  52054.234025              
*  2025  1  3  8  2   0.00000000                            
PL51  -7211.593248   9238.237068   3486.259456              
VL51  32202.908107   5558.452366  51222.145515              
*  2025  1  3  8  4   0.00000000                            
PL51  -6813.827312   9287.304906   4095.124156              
VL51  34066.029440   2611.806588  50228.635133              
*  2025  1  3  8  6   0.00000000                            
PL51  -6394.630760   9300.759024   4691.113014              
VL51  35773.618162   -375.181192  49076.718656              
*  2025  1  3  8  8   0.00000000                            
PL51  -5955.906715   9278.187302   5272.345878              
VL51  37319.669604  -3390.476007  47769.935975              
*  2025  1  3  8 10   0.00000000                            
PL51  -5499.626088   9219.323286   5836.988165              
VL51  38698.894274  -6421.844227  46312.340116              
*  2025  1  3  8 12   0.00000000                            
PL51  -5027.818863   9124.048251   6383.256943              
VL51  39906.739785  -9456.906734  44708.484222              
*  2025  1  3  8 14   0.00000000                            
PL51  -4542.565133   8992.392624   6909.426844              
VL51  40939.409273 -12483.193001  42963.406557              
*  2025  1  3  8 16   0.00000000                            
PL51  -4045.985946   8824.536755   7413.835786              
VL51  41793.876198 -15488.195796  41082.613617              
*  2025  1  3  8 18   0.00000000                            
PL51  -3540.233991   8620.811024   7894.890482              
VL51  42467.895464 -18459.426239  39072.061412              
*  2025  1  3  8 20   0.00000000                            
PL51  -3027.484167   8381.695293   8351.071714              
VL51  42960.010797 -21384.468894  36938.135033              
*  2025  1  3  8 22   0.00000000                            
PL51  -2509.924099   8107.817693   8780.939348              
VL51  43269.558364 -24251.036642  34687.626585              
*  2025  1  3  8 24   0.00000000                            
PL51  -1989.744618   7799.952761   9183.137082              
VL51  43396.666625 -27047.025032  32327.711614              
*  2025  1  3  8 26   0.00000000                            
PL51  -1469.130282   7459.018920   9556.396895              
VL51  43342.252437 -29760.565842  29865.924133              
*  2025  1  3  8 28   0.00000000                            
PL51   -950.249950   7086.075334   9899.543198              
VL51  43108.013465 -32380.079587  27310.130384              
*  2025  1  3  8 30   0.00000000                            
PL51   -435.247478   6682.318128  10211.496649              
VL51  42696.416948 -34894.326715  24668.501440              
*  2025  1  3  8 32   0.00000000                            
PL51     73.767429   6249.076016  10491.277650              
VL51  42110.684924 -37292.457254  21949.484803              
*  2025  1  3  8 34   0.00000000                            
PL51    574.728170   5787.805333  10738.009484              
VL51  41354.775999 -39564.058669  19161.775097              
*  2025  1  3  8 36   0.00000000                            
PL51   1065.619961   5300.084510  10950.921102              
VL51  40433.363801 -41699.201718  16314.284008              
*  2025  1  3  8 38   0.00000000                            
PL51   1544.488268   4787.608008  11129.349545              
VL51  39351.812231 -43688.484101  13416.109585              
*  2025  1  3  8 40   0.00000000                            
PL51   2009.446932   4252.179750  11272.741994              
VL51  38116.147680 -45523.071709  10476.505032              
*  2025  1  3  8 42   0.00000000                            
PL51   2458.685928   3695.706059  11380.657439              
VL51  36733.028367 -47194.737293   7504.847121              
*  2025  1  3  8 44   0.00000000                            
PL51   2890.478759   3120.188169  11452.767975              
VL51  35209.710968 -48695.896397   4510.604344              
*  2025  1  3  8 46   0.00000000                            
PL51   3303.189420   2527.714298  11488.859710              
VL51  33554.014732 -50019.640401   1503.304929              
*  2025  1  3  8 48   0.00000000                            
PL51   3695.278921   1920.451366  11488.833288              
VL51  31774.283272 -51159.766542  -1507.495156              
*  2025  1  3  8 50   0.00000000                            
PL51   4065.311343   1300.636351  11452.704031              
VL51  29879.344224 -52110.804811  -4512.244109              
*  2025  1  3  8 52   0.00000000                            
PL51   4411.959391    670.567357  11380.601702              
VL51  27878.467007 -52868.041601  -7501.425981              
*  2025  1  3  8 54   0.00000000                            
PL51   4734.009434     32.594409  11272.769879              
VL51  25781.318867 -53427.540045 -10465.592043              
*  2025  1  3  8 56   0.00000000                            
PL51   5030.366012   -610.889973  11129.564970              
VL51  23597.919456 -53786.156955 -13395.391734              
*  2025  1  3  8 58   0.00000000                            
PL51   5300.055777  -1257.460381  10951.454845              
VL51  21338.594134 -53941.556318 -16281.603077              
*  2025  1  3  9  0   0.00000000                            
PL51   5542.230886  -1904.668272  10739.017122              
VL51  19013.926248 -53892.219296 -19115.162471              
*  2025  1  3  9  2   0.00000000                            
PL51   5756.171800  -2550.051810  10492.937080              
VL51  16634.708597 -53637.450722 -21887.193758              
*  2025  1  3  9  4   0.00000000                            
PL51   5941.289504  -3191.145781  10214.005250              
VL51  14211.894316 -53177.382056 -24589.036472              
*  2025  1  3  9  6   0.00000000                            
PL51   6097.127137  -3825.491503   9903.114656              
VL51  11756.547407 -52512.970827 -27212.273191              
*  2025  1  3  9  8   0.00000000                            
PL51   6223.361023  -4450.646723   9561.257741              
VL51   9279.793144 -51645.996581 -29748.755888              
*  2025  1  3  9 10   0.00000000                            
PL51   6319.801109  -5064.195440   9189.522978              
VL51   6792.768581 -50579.053348 -32190.631213              
*  2025  1  3  9 12   0.00000000                            
PL51   6386.390810  -5663.757615   8789.091195              
VL51   4306.573377 -49315.538709 -34530.364621              
*  2025  1  3  9 14   0.00000000                            
PL51   6423.206270  -6246.998731   8361.231605              
VL51   1832.221166 -47859.639505 -36760.763281              
*  2025  1  3  9 16   0.00000000                            
PL51   6430.455043  -6811.639162   7907.297575              
VL51   -619.408318 -46216.314287 -38874.997678              
*  2025  1  3  9 18   0.00000000                            
PL51   6408.474198  -7355.463313   7428.722145              
VL51  -3037.616152 -44391.272582 -40866.621865              
*  2025  1  3  9 20   0.00000000                            
PL51   6357.727877  -7876.328494   6927.013310              
VL51  -5411.929953 -42390.951112 -42729.592289              
*  2025  1  3  9 22   0.00000000                            
PL51   6278.804312  -8372.173482   6403.749088              
VL51  -7732.148259 -40222.487069 -44458.285144              
*  2025  1  3  9 24   0.00000000                            
PL51   6172.412308  -8841.026762   5860.572379              
VL51  -9988.383340 -37893.688595 -46047.512216              
*  2025  1  3  9 26   0.00000000                            
PL51   6039.377236  -9281.014380   5299.185662              
VL51 -12171.102287 -35413.002615 -47492.535154              
*  2025  1  3  9 28   0.00000000                            
PL51   5880.636537  -9690.367405   4721.345507              
VL51 -14271.166198 -32789.480190 -48789.078172              
*  2025  1  3  9 30   0.00000000                            
PL51   5697.234767 -10067.428963   4128.856967              
VL51 -16279.867308 -30032.739550 -49933.339126              
*  2025  1  3  9 32   0.00000000                            
PL51   5490.318212 -10410.660803   3523.567827              
VL51 -18188.963932 -27152.927002 -50921.998977              
*  2025  1  3  9 34   0.00000000                            
PL51   5261.129098 -10718.649398   2907.362763              
VL51 -19990.713072 -24160.675875 -51752.229611              
*  2025  1  3  9 36   0.00000000                            
PL51   5010.999423 -10990.111528   2282.157413              
VL51 -21677.900589 -21067.063724 -52421.700028              
*  2025  1  3  9 38   0.00000000                            
PL51   4741.344442 -11223.899347   1649.892377              
VL51 -23243.868824 -17883.567953 -52928.580897              
*  2025  1  3  9 40   0.00000000                            
PL51   4453.655837 -11419.004910   1012.527185              
VL51 -24682.541587 -14622.020079 -53271.547486              
*  2025  1  3  9 42   0.00000000                            
PL51   4149.494601 -11574.564141    372.034227              
VL51 -25988.446424 -11294.558838 -53449.780967              
*  2025  1  3  9 44   0.00000000                            
PL51   3830.483678 -11689.860232   -269.607316              
VL51 -27156.734099  -7913.582323 -53462.968141              
*  2025  1  3  9 46   0.00000000                            
PL51   3498.300377 -11764.326469   -910.417530              
VL51 -28183.195241  -4491.699399 -53311.299574              
*  2025  1  3  9 48   0.00000000                            
PL51   3154.668610 -11797.548459  -1548.421791              
VL51 -29064.274109  -1041.680577 -52995.466215              
*  2025  1  3  9 50   0.00000000                            
PL51   2801.350982 -11789.265780  -2181.656750              
VL51 -29797.079462   2423.591417 -52516.654505              
*  2025  1  3  9 52   0.00000000                            
PL51   2440.140762 -11739.373030  -2808.176234              
VL51 -30379.392519   5891.171178 -51876.540053              
*  2025  1  3  9 54   0.00000000                            
PL51   2072.853784 -11647.920279  -3426.057075              
VL51 -30809.672025   9348.100058 -51077.279931              
*  2025  1  3  9 56   0.00000000                            
PL51   1701.320301 -11515.112933  -4033.404835              
VL51 -31087.056443  12781.455302 -50121.503639              
*  2025  1  3  9 58   0.00000000                            
PL51   1327.376827 -11341.311014  -4628.359413              
VL51 -31211.363311  16178.398706 -49012.302827              
*  2025  1  3 10  0   0.00000000                            
PL51    952.858005 -11127.027855  -5209.100524              
VL51 -31183.085818  19526.224620 -47753.219820              
*  2025  1  3 10  2   0.00000000                            
PL51    579.588537 -10872.928224  -5773.853032              
VL51 -31003.386647  22812.407122 -46348.235038              
*  2025  1  3 10  4   0.00000000                            
PL51    209.375200 -10579.825890  -6320.892129              
VL51 -30674.089166  26024.646225 -44801.753359              
*  2025  1  3 10  6   0.00000000                            
PL51   -156.001021 -10248.680642  -6848.548338              
VL51 -30197.666043  29150.912956 -43118.589507              
*  2025  1  3 10  8   0.00000000                            
PL51   -514.792639  -9880.594768  -7355.212341              
VL51 -29577.225355  32179.493186 -41303.952518              
*  2025  1  3 10 10   0.00000000                            
PL51   -865.293195  -9476.809027  -7839.339612              
VL51 -28816.494297  35099.030076 -39363.429370              
*  2025  1  3 10 12   0.00000000                            
PL51  -1205.844581  -9038.698108  -8299.454852              
VL51 -27919.800576  37898.565025 -37302.967819              
*  2025  1  3 10 14   0.00000000                            
PL51  -1534.844121  -8567.765616  -8734.156210              
VL51 -26892.051594  40567.577024 -35128.858517              
*  2025  1  3 10 16   0.00000000                            
PL51  -1850.751392  -8065.638597  -9142.119288              
VL51 -25738.711520  43096.020305 -32847.716459              
*  2025  1  3 10 18   0.00000000                            
PL51  -2152.094759  -7534.061609  -9522.100920              
VL51 -24465.776368  45474.360214 -30466.461822              
*  2025  1  3 10 20   0.00000000                            
PL51  -2437.477594  -6974.890394  -9872.942712              
VL51 -23079.747170  47693.607208 -27992.300238              
*  2025  1  3 10 22   0.00000000                            
PL51  -2705.584174  -6390.085132 -10193.574351              
VL51 -21587.601376  49745.348930 -25432.702550              
*  2025  1  3 10 24   0.00000000                            
PL51  -2955.185210  -5781.703339 -10483.016662              
VL51 -19996.762574  51621.780266 -22795.384090              
*  2025  1  3 10 26   0.00000000                            
PL51  -3185.143015  -5151.892408 -10740.384415              
VL51 -18315.068651  53315.731345 -20088.283515              
*  2025  1  3 10 28   0.00000000                            
PL51  -3394.416277  -4502.881827 -10964.888876              
VL51 -16550.738507  54820.693417 -17319.541246              
*  2025  1  3 10 30   0.00000000                            
PL51  -3582.064424  -3836.975104 -11155.840098              
VL51 -14712.337422  56130.842549 -14497.477519              
*  2025  1  3 10 32   0.00000000                            
PL51  -3747.251568  -3156.541417 -11312.648943              
VL51 -12808.741214  57241.061108 -11630.570093              
*  2025  1  3 10 34   0.00000000                            
PL51  -3889.250010  -2464.007019 -11434.828840              
VL51 -10849.099264  58146.956965  -8727.431638              
*  2025  1  3 10 36   0.00000000                            
PL51  -4007.443292  -1761.846432 -11521.997263              
VL51  -8842.796554  58844.880386  -5796.786810              
*  2025  1  3 10 38   0.00000000                            
PL51  -4101.328801  -1052.573445 -11573.876940              
VL51  -6799.414815  59331.938571  -2847.449047              
*  2025  1  3 10 40   0.00000000                            
PL51  -4170.519883   -338.731958 -11590.296775              
VL51  -4728.692894  59606.007788    111.702896              
*  2025  1  3 10 42   0.00000000                            
PL51  -4214.747493    377.113310 -11571.192489              
VL51  -2640.486468  59665.743075   3071.748680              
*  2025  1  3 10 44   0.00000000                            
PL51  -4233.861353   1092.386207 -11516.606979              
VL51   -544.727207  59510.585452   6023.750334              
*  2025  1  3 10 46   0.00000000                            
PL51  -4227.830612   1804.508618 -11426.690383              
VL51   1548.618487  59140.766611   8958.776440              
*  2025  1  3 10 48   0.00000000                            
PL51  -4196.744019   2510.909962 -11301.699851              
VL51   3629.591054  58557.311039  11867.926522              
*  2025  1  3 10 50   0.00000000                            
PL51  -4140.809586   3209.036707 -11141.999035              
VL51   5688.279531  57762.035515  14742.355613              
*  2025  1  3 10 52   0.00000000                            
PL51  -4060.353757   3896.361862 -10948.057267              
VL51   7714.863358  56757.545949  17573.298985              
*  2025  1  3 10 54   0.00000000                            
PL51  -3955.820072   4570.394415 -10720.448451              
VL51   9699.654115  55547.231517  20352.096998              
*  2025  1  3 10 56   0.00000000                            
PL51  -3827.767329   5228.688681 -10459.849652              
VL51  11633.137028  54135.256041  23070.220036              
*  2025  1  3 10 58   0.00000000                            
PL51  -3676.867258   5868.853533 -10167.039385              
VL51  13506.012123  52526.546587  25719.293491              
*  2025  1  3 11  0   0.00000000                            
PL51  -3503.901697   6488.561478  -9842.895604              
VL51  15309.234857  50726.779255  28291.122724              
*  2025  1  3 11  2   0.00000000                            
PL51  -3309.759282   7085.557549  -9488.393397              
VL51  17034.056078  48742.362122  30777.717965              
*  2025  1  3 11  4   0.00000000                            
PL51  -3095.431674   7657.667966  -9104.602374              
VL51  18672.061158  46580.415344  33171.319071              
*  2025  1  3 11  6   0.00000000                            
PL51  -2862.009310   8202.808555  -8692.683768              
VL51  20215.208121  44248.748393  35464.420079              
*  2025  1  3 11  8   0.00000000                            
PL51  -2610.676709   8718.992862  -8253.887234              
VL51  21655.864605  41755.834462  37649.793467              
*  2025  1  3 11 10   0.00000000                            
PL51  -2342.707342   9204.339954  -7789.547369              
VL51  22986.843480  39110.782019  39720.514042              
*  2025  1  3 11 12   0.00000000                            
PL51  -2059.458083   9657.081857  -7301.079942              
VL51  24201.436945  36323.303593  41669.982360              
*  2025  1  3 11 14   0.00000000                            
PL51  -1762.363261  10075.570602  -6789.977844              
VL51  25293.448931  33403.681787  43491.947576              
*  2025  1  3 11 16   0.00000000                            
PL51  -1452.928333  10458.284851  -6257.806775              
VL51  26257.225627  30362.732631  45180.529627              
*  2025  1  3 11 18   0.00000000                            
PL51  -1132.723206  10803.836062  -5706.200662              
VL51  27087.683944  27211.766318  46730.240628              
*  2025  1  3 11 20   0.00000000                            
PL51   -803.375226  11110.974175  -5136.856831              
VL51  27780.337767  23962.545453  48136.005377              
*  2025  1  3 11 22   0.00000000                            
PL51   -466.561870  11378.592774  -4551.530939              
VL51  28331.321787  20627.240917  49393.180832              
*  2025  1  3 11 24   0.00000000                            
PL51   -124.003168  11605.733716  -3952.031670              
VL51  28737.412784  17218.385495  50497.574469              
*  2025  1  3 11 26   0.00000000                            
PL51    222.546119  11791.591176  -3340.215232              
VL51  28996.048179  13748.825433  51445.461372              
*  2025  1  3 11 28   0.00000000                            
PL51    571.304524  11935.515120  -2717.979646              
VL51  29105.341717  10231.670102  52233.599946              
*  2025  1  3 11 30   0.00000000                            
PL51    920.472067  12037.014141  -2087.258860              
VL51  29064.096148   6680.239978  52859.246150              
*  2025  1  3 11 32   0.00000000                            
PL51   1268.238583  12095.757681  -1450.016702              
VL51  28871.812785   3108.013164  53320.166105              
*  2025  1  3 11 34   0.00000000                            
PL51   1612.792150  12111.577590   -808.240690              
VL51  28528.697834   -471.429301  53614.647009              
*  2025  1  3 11 36   0.00000000                            
PL51   1952.327565  12084.469031   -163.935722              
VL51  28035.665413  -4044.459091  53741.506244              
*  2025  1  3 11 38   0.00000000                            
PL51   2285.054841  12014.590709    480.882331              
VL51  27394.337208  -7597.456908  53700.098598              
*  2025  1  3 11 40   0.00000000                            
PL51   2609.207682  11902.264423   1124.193104              
VL51  26607.038703 -11116.869208  53490.321530              
*  2025  1  3 11 42   0.00000000                            
PL51   2923.051885  11747.973937   1763.978280              
VL51  25676.791987 -14589.265015  53112.618434              
*  2025  1  3 11 44   0.00000000                            
PL51   3224.893639  11552.363166   2398.228142              
VL51  24607.305119 -18001.392566  52567.979835              
*  2025  1  3 11 46   0.00000000                            
PL51   3513.087679  11316.233691   3024.948138              
VL51  23402.958086 -21340.235454  51857.942504              
*  2025  1  3 11 48   0.00000000                            
PL51   3786.045246  11040.541600   3642.165424              
VL51  22068.785379 -24593.068009  50984.586449              
*  2025  1  3 11 50   0.00000000                            
PL51   4042.241818  10726.393673   4247.935348              
VL51  20610.455273 -27747.509586  49950.529791              
*  2025  1  3 11 52   0.00000000                            
PL51   4280.224579  10375.042921   4840.347871              
VL51  19034.245871 -30791.577493  48758.921504              
*  2025  1  3 11 54   0.00000000                            
PL51   4498.619573   9987.883504   5417.533879              
VL51  17347.018040 -33713.738253  47413.432056              
*  2025  1  3 11 56   0.00000000                            
PL51   4696.138525   9566.445039   5977.671379              
VL51  15556.185358 -36502.956915  45918.241960              
*  2025  1  3 11 58   0.00000000                            
PL51   4871.585274   9112.386337   6518.991535              
VL51  13669.681226 -39148.744144  44278.028299              
*  2025  1  3 12  0   0.00000000                            
PL51   5023.861802   8627.488580   7039.784541              
VL51  11695.923313 -41641.200835  42497.949267              
*  2025  1  3 12  2   0.00000000                            
PL51   5151.973823   8113.647990   7538.405290              
VL51   9643.775529 -43971.059998  40583.626833              
*  2025  1  3 12  4   0.00000000                            
PL51   5255.035890   7572.868001   8013.278827              
VL51   7522.507728 -46129.725708  38541.127577              
*  2025  1  3 12  6   0.00000000                            
PL51   5332.276023   7007.250994   8462.905557              
VL51   5341.753352 -48109.308910  36376.941835              
*  2025  1  3 12  8   0.00000000                            
PL51   5383.039803   6418.989610   8885.866205              
VL51   3111.465255 -49902.659922  34097.961239              
*  2025  1  3 12 10   0.00000000                            
PL51   5406.793934   5810.357707   9280.826480              
VL51    841.869923 -51503.397464  31711.454767              
*  2025  1  3 12 12   0.00000000                            
PL51   5403.129244   5183.700975   9646.541460              
VL51  -1456.579647 -52905.934109  29225.043432              
*  2025  1  3 12 14   0.00000000                            
PL51   5371.763118   4541.427281   9981.859652              
VL51  -3773.252184 -54105.498035  26646.673721              
*  2025  1  3 12 16   0.00000000                            
PL51   5312.541336   3885.996769  10285.726739              
VL51  -6097.387226 -55098.150999  23984.589918              
*  2025  1  3 12 18   0.00000000                            
PL51   5225.439335   3219.911767  10557.188977              
VL51  -8418.144822 -55880.802472  21247.305432              
*  2025  1  3 12 20   0.00000000                            
PL51   5110.562856   2545.706551  10795.396251              
VL51 -10724.655568 -56451.219908  18443.573274              
*  2025  1  3 12 22   0.00000000                            
PL51   4968.147998   1865.937003  10999.604770              
VL51 -13006.070767 -56808.035118  15582.355795              
*  2025  1  3 12 24   0.00000000                            
PL51   4798.560673   1183.170226  11169.179392              
VL51 -15251.612432 -56950.746767  12672.793835              
*  2025  1  3 12 26   0.00000000                            
PL51   4602.295452    499.974142  11303.595580              
VL51 -17450.622914 -56879.719020   9724.175389              
*  2025  1  3 12 28   0.00000000                            
PL51   4379.973835   -181.092869  11402.440977              
VL51 -19592.613915 -56596.176373   6745.903924              
*  2025  1  3 12 30   0.00000000                            
PL51   4132.341920   -857.492235  11465.416601              
VL51 -21667.314650 -56102.194734   3747.466465              
*  2025  1  3 12 32   0.00000000                            
PL51   3860.267516  -1526.715347  11492.337657              
VL51 -23664.718939 -55400.688830    738.401567              
*  2025  1  3 12 34   0.00000000                            
PL51   3564.736687  -2186.293524  11483.133959              
VL51 -25575.131014 -54495.396015  -2271.732712              
*  2025  1  3 12 36   0.00000000                            
PL51   3246.849763  -2833.807773  11437.849979              
VL51 -27389.209819 -53390.856598  -5273.390711              
*  2025  1  3 12 38   0.00000000                            
PL51   2907.816824  -3466.898289  11356.644499              
VL51 -29098.011618 -52092.390803  -8257.070826              
*  2025  1  3 12 40   0.00000000                            
PL51   2548.952685  -4083.273658  11239.789904              
VL51 -30693.030698 -50606.072494 -11213.346810              
*  2025  1  3 12 42   0.00000000                            
PL51   2171.671408  -4680.719731  11087.671085              
VL51 -32166.238019 -48938.699830 -14132.898607              
*  2025  1  3 12 44   0.00000000                            
PL51   1777.480361  -5257.108122  10900.783985              
VL51 -33510.117609 -47097.763000 -17006.542599              
*  2025  1  3 12 46   0.00000000                            
PL51   1367.973854  -5810.404305  10679.733784              
VL51 -34717.700593 -45091.409229 -19825.261182              
*  2025  1  3 12 48   0.00000000                            
PL51    944.826381  -6338.675277  10425.232732              
VL51 -35782.596689 -42928.405242 -22580.231563              
*  2025  1  3 12 50   0.00000000                            
PL51    509.785502  -6840.096755  10138.097645              
VL51 -36699.023071 -40618.097362 -25262.853706              
*  2025  1  3 12 52   0.00000000                            
PL51     64.664395  -7312.959879   9819.247066              
VL51 -37461.830472 -38170.369466 -27864.777348              
*  2025  1  3 12 54   0.00000000                            
PL51   -388.665889  -7755.677403   9469.698112              
VL51 -38066.526444 -35595.598966 -30377.928002              
*  2025  1  3 12 56   0.00000000                            
PL51   -848.284435  -8166.789342   9090.563016              
VL51 -38509.295666 -32904.611037 -32794.531890              
*  2025  1  3 12 58   0.00000000                            
PL51  -1312.228695  -8544.968064   8683.045368              
VL51 -38787.017236 -30108.631287 -35107.139732              
*  2025  1  3 13  0   0.00000000                            
PL51  -1778.502909  -8889.022805   8248.436095              
VL51 -38897.278875 -27219.237077 -37308.649307              
*  2025  1  3 13  2   0.00000000                            
PL51  -2245.086677  -9197.903590   7788.109156              
VL51 -38838.387976 -24248.307718 -39392.326729              
*  2025  1  3 13  4   0.00000000                            
PL51  -2709.943648  -9470.704555   7303.517009              
VL51 -38609.379486 -21207.973761 -41351.826373              
*  2025  1  3 13  6   0.00000000                            
PL51  -3171.030281  -9706.666652   6796.185836              
VL51 -38210.020572 -18110.565610 -43181.209366              
*  2025  1  3 13  8   0.00000000                            
PL51  -3626.304642  -9905.179742   6267.710559              
VL51 -37640.812085 -14968.561699 -44874.960618              
*  2025  1  3 13 10   0.00000000                            
PL51  -4073.735204 -10065.784050   5719.749661              
VL51 -36902.986823 -11794.536457 -46428.004313              
*  2025  1  3 13 12   0.00000000                            
PL51  -4511.309599 -10188.171013   5154.019828              
VL51 -35998.504635  -8601.108308 -47835.717842              
*  2025  1  3 13 14   0.00000000                            
PL51  -4937.043305 -10272.183495   4572.290435              
VL51 -34930.044401  -5400.887916 -49093.944132              
*  2025  1  3 13 16   0.00000000                            
PL51  -5348.988204 -10317.815382   3976.377895              
VL51 -33700.992952  -2206.426934 -50199.002354              
*  2025  1  3 13 18   0.00000000                            
PL51  -5745.241001 -10325.210574   3368.139888              
VL51 -32315.431014    969.832562 -51147.696986              
*  2025  1  3 13 20   0.00000000                            
PL51  -6123.951447 -10294.661370   2749.469489              
VL51 -30778.116249   4115.607708 -51937.325230              
*  2025  1  3 13 22   0.00000000                            
PL51  -6483.330352 -10226.606265   2122.289222              
VL51 -29094.463511   7218.823368 -52565.682781              
*  2025  1  3 13 24   0.00000000                            
PL51  -6821.657335 -10121.627172   1488.545048              
VL51 -27270.522416  10267.659340 -53031.067953              
*  2025  1  3 13 26   0.00000000                            
PL51  -7137.288295  -9980.446087    850.200324              
VL51 -25312.952354  13250.596047 -53332.284172              
*  2025  1  3 13 28   0.00000000                            
PL51  -7428.662567  -9803.921217    209.229724              
VL51 -23228.995069  16156.458558 -53468.640863              
*  2025  1  3 13 30   0.00000000                            
PL51  -7694.309734  -9593.042589   -432.386821              
VL51 -21026.444953  18974.458765 -53439.952743              
*  2025  1  3 13 32   0.00000000                            
PL51  -7932.856068  -9348.927164  -1072.670177              
VL51 -18713.617206  21694.235552 -53246.537567              
*  2025  1  3 13 34   0.00000000                            
PL51  -8143.030583  -9072.813481  -1709.648026              
VL51 -16299.314008  24305.892831 -52889.212343              
*  2025  1  3 13 36   0.00000000                            
PL51  -8323.670660  -8766.055865  -2341.360822              
VL51 -13792.788880  26800.035303 -52369.288085              
*  2025  1  3 13 38   0.00000000                            
PL51  -8473.727248  -8430.118212  -2965.867683              
VL51 -11203.709402  29167.801826 -51688.563134              
*  2025  1  3 13 40   0.00000000                            
PL51  -8592.269594  -8066.567387  -3581.252191              
VL51  -8542.118447  31400.896301 -50849.315112              
*  2025  1  3 13 42   0.00000000                            
PL51  -8678.489517  -7677.066279  -4185.628091              
VL51  -5818.394138  33491.615979 -49854.291583              
*  2025  1  3 13 44   0.00000000                            
PL51  -8731.705175  -7263.366520  -4777.144863              
VL51  -3043.208664  35432.877126 -48706.699463              
*  2025  1  3 13 46   0.00000000                            
PL51  -8751.364348  -6827.300914  -5353.993171              
VL51   -227.486158  37218.237998 -47410.193272              
*  2025  1  3 13 48   0.00000000                            
PL51  -8737.047204  -6370.775613  -5914.410154              
VL51   2617.640208  38841.919075 -45968.862287              
*  2025  1  3 13 50   0.00000000                            
PL51  -8688.468545  -5895.762062  -6456.684560              
VL51   5480.871746  40298.820546 -44387.216657              
*  2025  1  3 13 52   0.00000000                            
PL51  -8605.479532  -5404.288748  -6979.161714              
VL51   8350.788219  41584.537015 -42670.172563              
*  2025  1  3 13 54   0.00000000                            
PL51  -8488.068873  -4898.432798  -7480.248290              
VL51  11215.892119  42695.369444 -40823.036481              
*  2025  1  3 13 56   0.00000000                            
PL51  -8336.363493  -4380.311441  -7958.416900              
VL51  14064.653075  43628.334321 -38851.488601              
*  2025  1  3 13 58   0.00000000                            
PL51  -8150.628654  -3852.073380  -8412.210475              
VL51  16885.552269  44381.170095 -36761.565485              
*  2025  1  3 14  0   0.00000000                            
PL51  -7931.267551  -3315.890107  -8840.246432              
VL51  19667.126699  44952.340875 -34559.641999              
*  2025  1  3 14  2   0.00000000                            
PL51  -7678.820383  -2773.947183  -9241.220623              
VL51  22398.013165  45341.037448 -32252.412592              
*  2025  1  3 14  4   0.00000000                            
PL51  -7393.962891  -2228.435528  -9613.911055              
VL51  25066.991827  45547.175650 -29846.871968              
*  2025  1  3 14  6   0.00000000                            
PL51  -7077.504375  -1681.542740  -9957.181374              
VL51  27663.029235  45571.392128 -27350.295201              
*  2025  1  3 14  8   0.00000000                            
PL51  -6730.385208  -1135.444485 -10269.984106              
VL51  30175.320673  45415.037560 -24770.217343              
*  2025  1  3 14 10   0.00000000                            
PL51  -6353.673841   -592.295982 -10551.363655              
VL51  32593.331737  45080.167374 -22114.412577              
*  2025  1  3 14 12   0.00000000                            
PL51  -5948.563308    -54.223616 -10800.459043              
VL51  34906.839007  44569.530052 -19390.872930              
*  2025  1  3 14 14   0.00000000                            
PL51  -5516.367262    476.683303 -11016.506396              
VL51  37105.969727  43886.553058 -16607.786615              
*  2025  1  3 14 16   0.00000000                            
PL51  -5058.515531    998.380585 -11198.841164              
VL51  39181.240380  43035.326481 -13773.515999              
*  2025  1  3 14 18   0.00000000                            
PL51  -4576.549222   1508.877006 -11346.900081              
VL51  41123.594061  42020.584442 -10896.575239              
*  2025  1  3 14 20   0.00000000                            
PL51  -4072.115384   2006.241912 -11460.222847              
VL51  42924.436553  40847.684352  -7985.607610              
*  2025  1  3 14 22   0.00000000                            
PL51  -3546.961247   2488.612565 -11538.453541              
VL51  44575.671016  39522.584077  -5049.362526              
*  2025  1  3 14 24   0.00000000                            
PL51  -3002.928051   2954.201202 -11581.341756              
VL51  46069.731167  38051.817079  -2096.672284              
*  2025  1  3 14 26   0.00000000                            
PL51  -2441.944491   3401.301781 -11588.743454              
VL51  47399.612888  36442.465613    863.571460              
*  2025  1  3 14 28   0.00000000                            
PL51  -1866.019786   3828.296396 -11560.621531              
VL51  48558.904134  34702.132038   3822.441470              
*  2025  1  3 14 30   0.00000000                            
PL51  -1277.236406   4233.661341 -11497.046106              
VL51  49541.813056  32838.908321   6770.998943              
*  2025  1  3 14 32   0.00000000                            
PL51   -677.742472   4615.972789 -11398.194511              
VL51  50343.194232  30861.343802   9700.317749              
*  2025  1  3 14 34   0.00000000                            
PL51    -69.743846   4973.912082 -11264.350994              
VL51  50958.572888  28778.411296  12601.508879              
*  2025  1  3 14 36   0.00000000                            
PL51    544.504045   5306.270598 -11095.906124              
VL51  51384.167022  26599.471618  15465.745058              
*  2025  1  3 14 38   0.00000000                            
PL51   1162.704650   5611.954190 -10893.355904              
VL51  51616.907298  24334.236600  18284.285527              
*  2025  1  3 14 40   0.00000000                            
PL51   1782.528950   5889.987169 -10657.300583              
VL51  51654.454612  21992.730709  21048.500927              
*  2025  1  3 14 42   0.00000000                            
PL51   2401.624314   6139.515815 -10388.443169              
VL51  51495.215209  19585.251345  23749.898263              
*  2025  1  3 14 44   0.00000000                            
PL51   3017.623523   6359.811412 -10087.587641              
VL51  51138.353256  17122.327938  26380.145897              
*  2025  1  3 14 46   0.00000000                            
PL51   3628.153928   6550.272779  -9755.636867              
VL51  50583.800749  14614.679948  28931.098510              
*  2025  1  3 14 48   0.00000000                            
PL51   4230.846704   6710.428296  -9393.590217              
VL51  49832.264658  12073.173883  31394.821981              
*  2025  1  3 14 50   0.00000000                            
PL51   4823.346187   6839.937402  -9002.540876              
VL51  48885.231205   9508.779485  33763.618113              
*  2025  1  3 14 52   0.00000000                            
PL51   5403.319228   6938.591573  -8583.672872              
VL51  47744.967194   6932.525193  36030.049127              
*  2025  1  3 14 54   0.00000000                            
PL51   5968.464558   7006.314750  -8138.257802              
VL51  46414.518283   4355.453054  38186.961854              
*  2025  1  3 14 56   0.00000000                            
PL51   6516.522105   7043.163236  -7667.651274              
VL51  44897.704144   1788.573230  40227.511511              
*  2025  1  3 14 58   0.00000000                            
PL51   7045.282239   7049.325033  -7173.289068              
VL51  43199.110426   -757.181722  42145.185000              
*  2025  1  3 15  0   0.00000000                            
PL51   7552.594900   7025.118642  -6656.683014              
VL51  41324.077478  -3271.002637  43933.823593              
*  2025  1  3 15  2   0.00000000                            
PL51   8036.378568   6970.991304  -6119.416614              
VL51  39278.685787  -5742.249376  45587.644914              
*  2025  1  3 15  4   0.00000000                            
PL51   8494.629042   6887.516700  -5563.140391              
VL51  37069.738116  -8160.496146  47101.264105              
*  2025  1  3 15  6   0.00000000                            
PL51   8925.427985   6775.392111  -4989.567000              
VL51  34704.738328 -10515.576267  48469.714051              
*  2025  1  3 15  8   0.00000000                            
PL51   9326.951190   6635.435043  -4400.466102              
VL51  32191.866919 -12797.626204  49688.464560              
*  2025  1  3 15 10   0.00000000                            
PL51   9697.476540   6468.579330  -3797.659003              
VL51  29539.953297 -14997.128631  50753.440376              
*  2025  1  3 15 12   0.00000000                            
PL51  10035.391612   6275.870725  -3183.013101              
VL51  26758.444843 -17104.954311  51661.037905              
*  2025  1  3 15 14   0.00000000                            
PL51  10339.200889   6058.462003  -2558.436129              
VL51  23857.372869 -19112.402575  52408.140542              
*  2025  1  3 15 16   0.00000000                            
PL51  10607.532552   5817.607578  -1925.870229              
VL51  20847.315529 -21011.240171  52992.132486              
*  2025  1  3 15 18   0.00000000                            
PL51  10839.144799   5554.657673  -1287.285863              
VL51  17739.357847 -22793.738269  53410.910945              
*  2025  1  3 15 20   0.00000000                            
PL51  11032.931679   5271.052054   -644.675598              
VL51  14545.048984 -24452.707404  53662.896611              
*  2025  1  3 15 22   0.00000000                            
PL51  11187.928391   4968.313363     -0.047766              
VL51  11276.356922 -25981.530135  53747.042337              
*  2025  1  3 15 24   0.00000000                            
PL51  11303.316025   4648.040063    644.579962              
VL51   7945.620761 -27374.191243  53662.839909              
*  2025  1  3 15 26   0.00000000                            
PL51  11378.425718   4311.899050   1287.187077              
VL51   4565.500837 -28625.305252  53410.324859              
*  2025  1  3 15 28   0.00000000                            
PL51  11412.742199   3961.617940   1925.756772              
VL51   1148.926895 -29730.141110  52990.079247              
*  2025  1  3 15 30   0.00000000                            
PL51  11405.906707   3598.977088   2558.282510              
VL51  -2290.955434 -30684.643867  52403.232369              
*  2025  1  3 15 32   0.00000000                            
PL51  11357.719246   3225.801355   3182.774581              
VL51  -5740.839579 -31485.453194  51651.459342              
*  2025  1  3 15 34   0.00000000                            
PL51  11268.140187   2843.951681   3797.266636              
VL51  -9187.314123 -32129.918625  50736.977567              
*  2025  1  3 15 36   0.00000000                            
PL51  11137.291182   2455.316493   4399.822161              
VL51 -12616.919756 -32616.111410  49662.541038              
*  2025  1  3 15 38   0.00000000                            
PL51  10965.455394   2061.802988   4988.540871              
VL51 -16016.206764 -32942.832889  48431.432527              
*  2025  1  3 15 40   0.00000000                            
PL51  10753.077038   1665.328339   5561.564999              
VL51 -19371.792776 -33109.619328  47047.453656              
*  2025  1  3 15 42   0.00000000                            
PL51  10500.760223   1267.810868   6117.085452              
VL51 -22670.420429 -33116.743182  45514.912905              
*  2025  1  3 15 44   0.00000000                            
PL51  10209.267110    871.161220   6653.347809              
VL51 -25899.014674 -32965.210754  43838.611614              
*  2025  1  3 15 46   0.00000000                            
PL51   9879.515385    477.273588   7168.658146              
VL51 -29044.739389 -32656.756282  42023.828033              
*  2025  1  3 15 48   0.00000000                            
PL51   9512.575052     88.017034   7661.388649              
VL51 -32095.053025 -32193.832461  40076.299507              
*  2025  1  3 15 50   0.00000000                            
PL51   9109.664577   -294.773061   8129.983011              
VL51 -35037.762985 -31579.597478  38002.202885              
*  2025  1  3 15 52   0.00000000                            
PL51   8672.146375   -669.303367   8572.961577              
VL51 -37861.078455 -30817.898613  35808.133245              
*  2025  1  3 15 54   0.00000000                            
PL51   8201.521687  -1033.830760   8988.926232              
VL51 -40553.661421 -29913.252520  33501.081048              
*  2025  1  3 15 56   0.00000000                            
PL51   7699.424845  -1386.670217   9376.564995              
VL51 -43104.675630 -28870.822299  31088.407829              
*  2025  1  3 15 58   0.00000000                            
PL51   7167.616972  -1726.202422   9734.656324              
VL51 -45503.833233 -27696.391495  28577.820544              
*  2025  1  3 16  0   0.00000000                            
PL51   6607.979135  -2050.881044  10062.073098              
VL51 -47741.438922 -26396.335165  25977.344709              
*  2025  1  3 16  2   0.00000000                            
PL51   6022.504976  -2359.239643  10357.786274              
VL51 -49808.431329 -24977.588198  23295.296428              
*  2025  1  3 16  4   0.00000000                            
PL51   5413.292881  -2649.898184  10620.868203              
VL51 -51696.421522 -23447.611048  20540.253471              
*  2025  1  3 16  6   0.00000000                            
PL51   4782.537686  -2921.569134  10850.495591              
VL51 -53397.728413 -21814.353079  17721.025508              
*  2025  1  3 16  8   0.00000000                            
PL51   4132.521993  -3173.063088  11045.952097              
VL51 -54905.410944 -20086.213719  14846.623640              
*  2025  1  3 16 10   0.00000000                            
PL51   3465.607110  -3403.293934  11206.630569              
VL51 -56213.296903 -18272.001646  11926.229367              
*  2025  1  3 16 12   0.00000000                            
PL51   2784.223669  -3611.283505  11332.034898              
VL51 -57316.008271 -16380.892202   8969.163109              
*  2025  1  3 16 14   0.00000000                            
PL51   2090.861963  -3796.165722  11421.781494              
VL51 -58208.983010 -14422.383293   5984.852435              
*  2025  1  3 16 16   0.00000000                            
PL51   1388.062042  -3957.190186  11475.600382              
VL51 -58888.493222 -12406.249978   2982.800111              
*  2025  1  3 16 18   0.00000000                            
PL51    678.403609  -4093.725233  11493.335910              
VL51 -59351.659631 -10342.498000    -27.447909              
*  2025  1  3 16 20   0.00000000                            
PL51    -35.504226  -4205.260413  11474.947078              
VL51 -59596.462375  -8241.316482  -3036.334411              
*  2025  1  3 16 22   0.00000000                            
PL51   -751.033310  -4291.408408  11420.507480              
VL51 -59621.748073  -6113.030025  -6034.322687              
*  2025  1  3 16 24   0.00000000                            
PL51  -1465.546868  -4351.906366  11330.204872              
VL51 -59427.233198  -3968.050432  -9011.928012              
*  2025  1  3 16 26   0.00000000                            
PL51  -2176.409940  -4386.616659  11204.340356              
VL51 -59013.503753  -1816.828296 -11959.748744              
*  2025  1  3 16 28   0.00000000                            
PL51  -2880.999798  -4395.527057  11043.327206              
VL51 -58382.011288    330.195344 -14868.496960              
*  2025  1  3 16 30   0.00000000                            
PL51  -3576.716290  -4378.750323  10847.689313              
VL51 -57535.065295   2462.637039 -17729.028508              
*  2025  1  3 16 32   0.00000000                            
PL51  -4260.992071  -4336.523239  10618.059293              
VL51 -56475.822020   4570.218458 -20532.372416              
*  2025  1  3 16 34   0.00000000                            
PL51  -4931.302680  -4269.205063  10355.176227              
VL51 -55208.269771   6642.813184 -23269.759527              
*  2025  1  3 16 36   0.00000000                            
PL51  -5585.176419  -4177.275426  10059.883077              
VL51 -53737.210797   8670.492569 -25932.650298              
*  2025  1  3 16 38   0.00000000                            
PL51  -6220.203995  -4061.331695   9733.123768              
VL51 -52068.239833  10643.570451 -28512.761636              
*  2025  1  3 16 40   0.00000000                            
PL51  -6834.047885  -3922.085795   9375.939952              
VL51 -50207.719428  12552.646515 -31002.092713              
*  2025  1  3 16 42   0.00000000                            
PL51  -7424.451385  -3760.360534   8989.467475              
VL51 -48162.752192  14388.648131 -33392.949659              
*  2025  1  3 16 44   0.00000000                            
PL51  -7989.247314  -3577.085420   8574.932549              
VL51 -45941.150097  16142.870468 -35677.969058              
*  2025  1  3 16 46   0.00000000                            
PL51  -8526.366320  -3373.292022   8133.647652              
VL51 -43551.400994  17807.014727 -37850.140194              
*  2025  1  3 16 48   0.00000000                            
PL51  -9033.844785  -3150.108876   7667.007170              
VL51 -41002.632506  19373.224320 -39902.825964              
*  2025  1  3 16 50   0.00000000                            
PL51  -9509.832268  -2908.755973   7176.482792              
VL51 -38304.573475  20834.118862 -41829.782405              
*  2025  1  3 16 52   0.00000000                            
PL51  -9952.598479  -2650.538852   6663.618688              
VL51 -35467.513141  22182.825821 -43625.176803              
*  2025  1  3 16 54   0.00000000                            
PL51 -10360.539747  -2376.842327   6130.026467              
VL51 -32502.258250  23413.009713 -45283.604298              
*  2025  1  3 16 56   0.00000000                            
PL51 -10732.184964  -2089.123883   5577.379952              
VL51 -29420.088284  24518.898726 -46800.102976              
*  2025  1  3 16 58   0.00000000                            
PL51 -11066.200982  -1788.906761   5007.409785              
VL51 -26232.709021  25495.308672 -48170.167399              
*  2025  1  3 17  0   0.00000000                            
PL51 -11361.397440  -1477.772781   4421.897874              
VL51 -22952.204640  26337.664179 -49389.760525              
*  2025  1  3 17  2   0.00000000                            
PL51 -11616.731012  -1157.354921   3822.671707              
VL51 -19590.988583  27042.017053 -50455.324018              
*  2025  1  3 17  4   0.00000000                            
PL51 -11831.309061   -829.329696   3211.598556              
VL51 -16161.753415  27605.061757 -51363.786909              
*  2025  1  3 17  6   0.00000000                            
PL51 -12004.392680   -495.409365   2590.579587              
VL51 -12677.419885  28024.147948 -52112.572607              
*  2025  1  3 17  8   0.00000000                            
PL51 -12135.399120   -157.334014   1961.543888              
VL51  -9151.085449  28297.290067 -52699.604254              
*  2025  1  3 17 10   0.00000000                            
PL51 -12223.903608    183.136471   1326.442453              
VL51  -5595.972450  28423.173957 -53123.308440              
*  2025  1  3 17 12   0.00000000                            
PL51 -12269.640524    524.230480    687.242125              
VL51  -2025.376211  28401.160509 -53382.617276              
*  2025  1  3 17 14   0.00000000                            
PL51 -12272.503975    864.172789     45.919526              
VL51   1547.386760  28231.286372 -53476.968868              
*  2025  1  3 17 16   0.00000000                            
PL51 -12232.547731   1201.192661   -595.545013              
VL51   5109.030222  27914.261738 -53406.306208              
*  2025  1  3 17 18   0.00000000                            
PL51 -12149.984565   1533.531895  -1235.173489              
VL51   8646.349118  27451.465261 -53171.074527              
*  2025  1  3 17 20   0.00000000                            
PL51 -12025.184969   1859.452810  -1870.996241              
VL51  12146.269737  26844.936163 -52772.217147              
*  2025  1  3 17 22   0.00000000                            
PL51 -11858.675286   2177.246105  -2501.057885              
VL51  15595.898957  26097.363589 -52211.169876              
*  2025  1  3 17 24   0.00000000                            
PL51 -11651.135252   2485.238583  -3123.423188              
VL51  18982.572356  25212.073300 -51489.854003              
*  2025  1  3 17 26   0.00000000                            
PL51 -11403.394969   2781.800700  -3736.182845              
VL51  22293.901043  24193.011785 -50610.667942              
*  2025  1  3 17 28   0.00000000                            
PL51 -11116.431323   3065.353901  -4337.459148              
VL51  25517.817029  23044.727888 -49576.477570              
*  2025  1  3 17 30   0.00000000                            
PL51 -10791.363875   3334.377729  -4925.411527              
VL51  28642.616987  21772.352064 -48390.605347              
*  2025  1  3 17 32   0.00000000                            
PL51 -10429.450222   3587.416670  -5498.241965              
VL51  31657.004254  20381.573379 -47056.818258              
*  2025  1  3 17 34   0.00000000                            
PL51 -10032.080884   3823.086704  -6054.200250              
VL51  34550.128952  18878.614365 -45579.314658              
*  2025  1  3 17 36   0.00000000                            
PL51  -9600.773702   4040.081549  -6591.589065              
VL51  37311.626100  17270.203872 -43962.710102              
*  2025  1  3 17 38   0.00000000                            
PL51  -9137.167812   4237.178560  -7108.768913              
VL51  39931.651637  15563.548045 -42212.022210              
*  2025  1  3 17 40   0.00000000                            
PL51  -8643.017179   4413.244280  -7604.162835              
VL51  42400.916238  13766.299555 -40332.654658              
*  2025  1  3 17 42   0.00000000                            
PL51  -8120.183755   4567.239600  -8076.260955              
VL51  44710.716887  11886.525219 -38330.380357              
*  2025  1  3 17 44   0.00000000                            
PL51  -7570.630259   4698.224529  -8523.624795              
VL51  46852.966112   9932.672157 -36211.323882              
*  2025  1  3 17 46   0.00000000                            
PL51  -6996.412636   4805.362549  -8944.891393              
VL51  48820.218859   7913.532602 -33981.943228              
*  2025  1  3 17 48   0.00000000                            
PL51  -6399.672190   4887.924538  -9338.777189              
VL51  50605.696949   5838.207510 -31649.010925              
*  2025  1  3 17 50   0.00000000                            
PL51  -5782.627452   4945.292250  -9704.081685              
VL51  52203.311100   3716.069094 -29219.594593              
*  2025  1  3 17 52   0.00000000                            
PL51  -5147.565791   4976.961343 -10039.690862              
VL51  53607.680480   1556.722416 -26701.036963              
*  2025  1  3 17 54   0.00000000                            
PL51  -4496.834811   4982.543935 -10344.580366              
VL51  54814.149779   -630.033836 -24100.935411              
*  2025  1  3 17 56   0.00000000                            
PL51  -3832.833549   4961.770693 -10617.818434              
VL51  55818.803797  -2834.247272 -21427.121050              
*  2025  1  3 17 58   0.00000000                            
PL51  -3158.003526   4914.492431 -10858.568570              
VL51  56618.479513  -5045.852275 -18687.637397              
*  2025  1  3 18  0   0.00000000                            
PL51  -2474.819653   4840.681225 -11066.091968              
VL51  57210.775663  -7254.710940 -15890.718665              
*  2025  1  3 18  2   0.00000000                            
PL51  -1785.781051   4740.431037 -11239.749669              
VL51  57594.059802  -9450.654324 -13044.767680              
*  2025  1  3 18  4   0.00000000                            
PL51  -1093.401795   4613.957830 -11379.004442              
VL51  57767.472854 -11623.523912 -10158.333467              
*  2025  1  3 18  6   0.00000000                            
PL51   -400.201615   4461.599203 -11483.422414              
VL51  57730.931155 -13763.213163  -7240.088500              
*  2025  1  3 18  8   0.00000000                            
PL51    291.303405   4283.813511 -11552.674402              
VL51  57485.125985 -15859.709034  -4298.805654              
*  2025  1  3 18 10   0.00000000                            
PL51    978.610115   4081.178501 -11586.536988              
VL51  57031.520580 -17903.133341  -1343.334860              
*  2025  1  3 18 12   0.00000000                            
PL51   1659.237526   3854.389441 -11584.893294              
VL51  56372.344635 -19883.783856   1617.420523              
*  2025  1  3 18 14   0.00000000                            
PL51   2330.735967   3604.256767 -11547.733485              
VL51  55510.586288 -21792.174990   4574.527581              
*  2025  1  3 18 16   0.00000000                            
PL51   2990.696124   3331.703240 -11475.154977              
VL51  54449.981590 -23619.077964   7519.047967              
*  2025  1  3 18 18   0.00000000                            
PL51   3636.757938   3037.760628 -11367.362359              
VL51  53195.001476 -25355.560304  10442.062236              
*  2025  1  3 18 20   0.00000000                            
PL51   4266.619335   2723.565920 -11224.667016              
VL51  51750.836222 -26993.024556  13334.694366              
*  2025  1  3 18 22   0.00000000                            
PL51   4878.044752   2390.357070 -11047.486462              
VL51  50123.377422 -28523.246070  16188.136440              
*  2025  1  3 18 24   0.00000000                            
PL51   5468.873431   2039.468310 -10836.343372              
VL51  48319.197495 -29938.409712  18993.673468              
*  2025  1  3 18 26   0.00000000                            
PL51   6037.027454   1672.325018 -10591.864321              
VL51  46345.526729 -31231.145378  21742.708291              
*  2025  1  3 18 28   0.00000000                            
PL51   6580.519489   1290.438170 -10314.778216              
VL51  44210.227901 -32394.562151  24426.786547              
*  2025  1  3 18 30   0.00000000                            
PL51   7097.460214    895.398395 -10005.914435              
VL51  41921.768494 -33422.280957  27037.621644              
*  2025  1  3 18 32   0.00000000                            
PL51   7586.065396    488.869645  -9666.200666              
VL51  39489.190553 -34308.465584  29567.119688              
*  2025  1  3 18 34   0.00000000                            
PL51   8044.662591     72.582499  -9296.660442              
VL51  36922.078214 -35047.851885  32007.404313              
*  2025  1  3 18 36   0.00000000                            
PL51   8471.697447   -351.672860  -8898.410381              
VL51  34230.522972 -35635.775034  34350.841329              
*  2025  1  3 18 38   0.00000000                            
PL51   8865.739570   -782.053997  -8472.657141              
VL51  31425.086745 -36068.194675  36590.063138              
*  2025  1  3 18 40   0.00000000                            
PL51   9225.487934  -1216.673854  -8020.694069              
VL51  28516.762811 -36341.717798  38717.992806              
*  2025  1  3 18 42   0.00000000                            
PL51   9549.775822  -1653.608643  -7543.897570              
VL51  25516.934719 -36453.619201  40727.867728              
*  2025  1  3 18 44   0.00000000                            
PL51   9837.575241  -2090.905973  -7043.723202              
VL51  22437.333267 -36401.859392  42613.262767              
*  2025  1  3 18 46   0.00000000                            
PL51  10088.000832  -2526.593171  -6521.701486              
VL51  19289.991680 -36185.099777  44368.112774              
*  2025  1  3 18 48   0.00000000                            
PL51  10300.313216  -2958.685768  -5979.433454              
VL51  16087.199125 -35802.715009  45986.734379              
*  2025  1  3 18 50   0.00000000                            
PL51  10473.921780  -3385.196120  -5418.585945              
VL51  12841.452708 -35254.802368  47463.846935              
*  2025  1  3 18 52   0.00000000                            
PL51  10608.386879  -3804.142118  -4840.886646              
VL51   9565.408141 -34542.188057  48794.592505              
*  2025  1  3 18 54   0.00000000                            
PL51  10703.421435  -4213.555960  -4248.118910              
VL51   6271.829251 -33666.430318  49974.554773              
*  2025  1  3 18 56   0.00000000                            
PL51  10758.891930  -4611.492934  -3642.116347              
VL51   2973.536549 -32629.819270  50999.776753              
*  2025  1  3 18 58   0.00000000                            
PL51  10774.818768  -4996.040186  -3024.757211              
VL51   -316.644940 -31435.373414  51866.777195              
*  2025  1  3 19  0   0.00000000                            
PL51  10751.376020  -5365.325421  -2397.958601              
VL51  -3585.938344 -30086.832731  52572.565559              
*  2025  1  3 19  2   0.00000000                            
PL51  10688.890526  -5717.525502  -1763.670492              
VL51  -6821.667860 -28588.648362  53114.655450              
*  2025  1  3 19  4   0.00000000                            
PL51  10587.840363  -6050.874909  -1123.869608              
VL51 -10011.311681 -26945.968838  53491.076407              
*  2025  1  3 19  6   0.00000000                            
PL51  10448.852685  -6363.674000   -480.553174              
VL51 -13142.554659 -25164.622871  53700.383952              
*  2025  1  3 19  8   0.00000000                            
PL51  10272.700922  -6654.297060    164.267448              
VL51 -16203.340426 -23251.098751  53741.667788              
*  2025  1  3 19 10   0.00000000                            
PL51  10060.301376  -6921.200072    808.573214              
VL51 -19181.922708 -21212.520382  53614.558085              
*  2025  1  3 19 12   0.00000000                            
PL51   9812.709189  -7162.928184   1450.343903              
VL51 -22066.915542 -19056.620058  53319.229765              
*  2025  1  3 19 14   0.00000000                            
PL51   9531.113728  -7378.122834   2087.564676              
VL51 -24847.342120 -16791.708073  52856.404743              
*  2025  1  3 19 16   0.00000000                            
PL51   9216.833390  -7565.528483   2718.232641              
VL51 -27512.681985 -14426.639290  52227.352064              
*  2025  1  3 19 18   0.00000000                            
PL51   8871.309853  -7723.998940   3340.363407              
VL51 -30052.916304 -11970.776826  51433.885925              
*  2025  1  3 19 20   0.00000000                            
PL51   8496.101792  -7852.503225   3951.997606              
VL51 -32458.570970  -9433.953031  50478.361564              
*  2025  1  3 19 22   0.00000000                            
PL51   8092.878102  -7950.130957   4551.207348              
VL51 -34720.757279  -6826.427922  49363.669002              
*  2025  1  3 19 24   0.00000000                            
PL51   7663.410636  -8016.097221   5136.102592              
VL51 -36831.209956  -4158.845317  48093.224681              
*  2025  1  3 19 26   0.00000000                            
PL51   7209.566512  -8049.746903   5704.837402              
VL51 -38782.322317  -1442.186862  46670.960997              
*  2025  1  3 19 28   0.00000000                            
PL51   6733.300016  -8050.558458   6255.616062              
VL51 -40567.178359   1312.275801  45101.313791              
*  2025  1  3 19 30   0.00000000                            
PL51   6236.644136  -8018.147092   6786.699040              
VL51 -42179.581617   4093.030473  43389.207843              
*  2025  1  3 19 32   0.00000000                            
PL51   5721.701770  -7952.267349   7296.408749              
VL51 -43614.080614   6888.375186  41540.040434              
*  2025  1  3 19 34   0.00000000                            
PL51   5190.636654  -7852.815076   7783.135117              
VL51 -44865.990780   9686.470078  39559.663072              
*  2025  1  3 19 36   0.00000000                            
PL51   4645.664043  -7719.828764   8245.340915              
VL51 -45931.412735  12475.390065  37454.361445              
*  2025  1  3 19 38   0.00000000                            
PL51   4089.041200  -7553.490247   8681.566839              
VL51 -46807.246835  15243.178060  35230.833737              
*  2025  1  3 19 40   0.00000000                            
PL51   3523.057728  -7354.124772   9090.436324              
VL51 -47491.203932  17977.898428  32896.167376              
*  2025  1  3 19 42   0.00000000                            
PL51   2950.025801  -7122.200416   9470.660067              
VL51 -47981.812309  20667.690436  30457.814365              
*  2025  1  3 19 44   0.00000000                            
PL51   2372.270333  -6858.326871   9821.040245              
VL51 -48278.420766  23300.821397  27923.565293              
*  2025  1  3 19 46   0.00000000                            
PL51   1792.119128  -6563.253587  10140.474421              
VL51 -48381.197879  25865.739255  25301.522169              
*  2025  1  3 19 48   0.00000000                            
PL51   1211.893071  -6237.867298  10427.959109              
VL51 -48291.127463  28351.124346  22600.070204              
*  2025  1  3 19 50   0.00000000                            
PL51    633.896391  -5883.188925  10682.592999              
VL51 -48010.000292  30745.940089  19827.848669              
*  2025  1  3 19 52   0.00000000                            
PL51     60.407042  -5500.369882  10903.579827              
VL51 -47540.402148  33039.482360  16993.720974              
*  2025  1  3 19 54   0.00000000                            
PL51   -506.332747  -5090.687796  11090.230883              
VL51 -46885.698312  35221.427329  14106.744086              
*  2025  1  3 19 56   0.00000000                            
PL51  -1064.125711  -4655.541668  11241.967147              
VL51 -46050.014591  37281.877536  11176.137417              
*  2025  1  3 19 58   0.00000000                            
PL51  -1610.828549  -4196.446491  11358.321049              
VL51 -45038.215015  39211.406009   8211.251316              
*  2025  1  3 20  0   0.00000000                            
PL51  -2144.360634  -3715.027344  11438.937848              
VL51 -43855.876341  41001.098231   5221.535268              
*  2025  1  3 20  2   0.00000000                            
PL51  -2662.712393  -3213.013007  11483.576635              
VL51 -42509.259525  42642.591766   2216.505942              
*  2025  1  3 20  4   0.00000000                            
PL51  -3163.953334  -2692.229112  11492.110942              
VL51 -41005.278309  44128.113392   -794.284811              
*  2025  1  3 20  6   0.00000000                            
PL51  -3646.239678  -2154.590859  11464.528975              
VL51 -39351.465110  45450.513564  -3801.281889              
*  2025  1  3 20  8   0.00000000                            
PL51  -4107.821566  -1602.095341  11400.933462              
VL51 -37555.934389  46603.298091  -6794.958684              
*  2025  1  3 20 10   0.00000000                            
PL51  -4547.049808  -1036.813503  11301.541122              
VL51 -35627.343691  47580.656871  -9765.848529              
*  2025  1  3 20 12   0.00000000                            
PL51  -4962.382162   -460.881778  11166.681760              
VL51 -33574.852565  48377.489590 -12704.575745              
*  2025  1  3 20 14   0.00000000                            
PL51  -5352.389098    123.506571  10996.796987              
VL51 -31408.079559  48989.428280 -15601.886174              
*  2025  1  3 20 16   0.00000000                            
PL51  -5715.759037    714.110357  10792.438588              
VL51 -29137.057520  49412.856655 -18448.677097              
*  2025  1  3 20 18   0.00000000                            
PL51  -6051.303054   1308.649591  10554.266525              
VL51 -26772.187406  49644.926158 -21236.026452              
*  2025  1  3 20 20   0.00000000                            
PL51  -6357.959004   1904.814772  10283.046597              
VL51 -24324.190834  49683.568665 -23955.221243              
*  2025  1  3 20 22   0.00000000                            
PL51  -6634.795084   2500.276312   9979.647768              
VL51 -21804.061589  49527.505809 -26597.785071              
*  2025  1  3 20 24   0.00000000                            
PL51  -6881.012804   3092.694053   9645.039164              
VL51 -19223.016325  49176.254908 -29155.504683              
*  2025  1  3 20 26   0.00000000                            
PL51  -7095.949363   3679.726834   9280.286766              
VL51 -16592.444672  48630.131469 -31620.455471              
*  2025  1  3 20 28   0.00000000                            
PL51  -7279.079420   4259.042064   8886.549792              
VL51 -13923.858979  47890.248300 -33985.025854              
*  2025  1  3 20 30   0.00000000                            
PL51  -7430.016267   4828.325273   8465.076809              
VL51 -11228.843932  46958.511227 -36241.940439              
*  2025  1  3 20 32   0.00000000                            
PL51  -7548.512396   5385.289580   8017.201557              
VL51  -8519.006247  45837.611460 -38384.281935              
*  2025  1  3 20 34   0.00000000                            
PL51  -7634.459460   5927.685059   7544.338534              
VL51  -5805.924682  44531.014666 -40405.511719              
*  2025  1  3 20 36   0.00000000                            
PL51  -7687.887642   6453.307949   7047.978333              
VL51  -3101.100572  43042.946795 -42299.489016              
*  2025  1  3 20 38   0.00000000                            
PL51  -7708.964434   6960.009678   6529.682758              
VL51   -415.909105  41378.376750 -44060.488641              
*  2025  1  3 20 40   0.00000000                            
PL51  -7697.992833   7445.705656   5991.079741              
VL51   2238.448441  39542.995994 -45683.217231              
*  2025  1  3 20 42   0.00000000                            
PL51  -7655.408972   7908.383812   5433.858069              
VL51   4850.991318  37543.195193 -47162.827952              
*  2025  1  3 20 44   0.00000000                            
PL51  -7581.779206   8346.112830   4859.761945              
VL51   7411.004559  35386.038025 -48494.933621              
*  2025  1  3 20 46   0.00000000                            
PL51  -7477.796655   8757.050049   4270.585402              
VL51   9908.082699  33079.232285 -49675.618228              
*  2025  1  3 20 48   0.00000000                            
PL51  -7344.277234   9139.449015   3668.166588              
VL51  12332.171768  30631.098439 -50701.446829              
*  2025  1  3 20 50   0.00000000                            
PL51  -7182.155199   9491.666625   3054.381942              
VL51  14673.609391  28050.535780 -51569.473795              
*  2025  1  3 20 52   0.00000000                            
PL51  -6992.478211   9812.169860   2431.140280              
VL51  16923.162854  25346.986350 -52277.249422              
*  2025  1  3 20 54   0.00000000                            
PL51  -6776.401965  10099.542075   1800.376815              
VL51  19072.064971  22530.396805 -52822.824884              
*  2025  1  3 20 56   0.00000000                            
PL51  -6535.184402  10352.488812   1164.047121              
VL51  21112.047630  19611.178413 -53204.755547              
*  2025  1  3 20 58   0.00000000                            
PL51  -6270.179528  10569.843128    524.121075              
VL51  23035.372900  16600.165350 -53422.102653              
*  2025  1  3 21  0   0.00000000                            
PL51  -5982.830878  10750.570412   -117.423218              
VL51  24834.861590  13508.571519 -53474.433391              
*  2025  1  3 21  2   0.00000000                            
PL51  -5674.664655  10893.772679   -758.605488              
VL51  26503.919156  10347.946065 -53361.819378              
*  2025  1  3 21  4   0.00000000                            
PL51  -5347.282572  10998.692314  -1397.449337              
VL51  28036.558897   7130.127822 -53084.833589              
*  2025  1  3 21  6   0.00000000                            
PL51  -5002.354432  11064.715277  -2031.988228              
VL51  29427.422351   3867.198863 -52644.545786              
*  2025  1  3 21  8   0.00000000                            
PL51  -4641.610478  11091.373736  -2660.271413              
VL51  30671.796867    571.437400 -52042.516474              
*  2025  1  3 21 10   0.00000000                            
PL51  -4266.833559  11078.348137  -3280.369777              
VL51  31765.630309  -2744.729796 -51280.789476              
*  2025  1  3 21 12   0.00000000                            
PL51  -3879.851122  11025.468700  -3890.381588              
VL51  32705.542873  -6068.775230 -50361.883166              
*  2025  1  3 21 14   0.00000000                            
PL51  -3482.527096  10932.716338  -4488.438133              
VL51  33488.836033  -9388.118604 -49288.780446              
*  2025  1  3 21 16   0.00000000                            
PL51  -3076.753668  10800.223007  -5072.709226              
VL51  34113.498627 -12690.174624 -48064.917533              
*  2025  1  3 21 18   0.00000000                            
PL51  -2664.443021  10628.271478  -5641.408571              
VL51  34578.210105 -15962.400533 -46694.171633              
*  2025  1  3 21 20   0.00000000                            
PL51  -2247.519035  10417.294544  -6192.798982              
VL51  34882.340991 -19192.343213 -45180.847562              
*  2025  1  3 21 22   0.00000000                            
PL51  -1827.909008  10167.873664  -6725.197424              
VL51  35025.950600 -22367.685692 -43529.663395              
*  2025  1  3 21 24   0.00000000                            
PL51  -1407.535417   9880.737057  -7236.979882              
VL51  35009.782073 -25476.292920 -41745.735194              
*  2025  1  3 21 26   0.00000000                            
PL51   -988.307755   9556.757242  -7726.586040              
VL51  34835.254788 -28506.256684 -39834.560882              
*  2025  1  3 21 28   0.00000000                            
PL51   -572.114476   9196.948059  -8192.523767              
VL51  34504.454213 -31445.939515 -37802.003316              
*  2025  1  3 21 30   0.00000000                            
PL51   -160.815070   8802.461158  -8633.373387              
VL51  34020.119284 -34284.017482 -35654.272625              
*  2025  1  3 21 32   0.00000000                            
PL51    243.767684   8374.581984  -9047.791736              
VL51  33385.627377 -37009.521744 -33397.907851              
*  2025  1  3 21 34   0.00000000                            
PL51    639.855281   7914.725280  -9434.515999              
VL51  32604.976959 -39611.878749 -31039.757954              
*  2025  1  3 21 36   0.00000000                            
PL51   1025.720828   7424.430101  -9792.367309              
VL51  31682.768019 -42080.948975 -28586.962234              
*  2025  1  3 21 38   0.00000000                            
PL51   1399.696133   6905.354389 -10120.254115              
VL51  30624.180346 -44407.064129 -26046.930215              
*  2025  1  3 21 40   0.00000000                            
PL51   1760.178523   6359.269097 -10417.175297              
VL51  29434.949779 -46581.062688 -23427.321028              
*  2025  1  3 21 42   0.00000000                            
PL51   2105.637364   5788.051907 -10682.223035              
VL51  28121.342507 -48594.323721 -20736.022351              
*  2025  1  3 21 44   0.00000000                            
PL51   2434.620259   5193.680548 -10914.585430              
VL51  26690.127528 -50438.798910 -17981.128919              
*  2025  1  3 21 46   0.00000000                            
PL51   2745.758914   4578.225739 -11113.548848              
VL51  25148.547364 -52107.042687 -15170.920660              
*  2025  1  3 21 48   0.00000000                            
PL51   3037.774631   3943.843791 -11278.500018              
VL51  23504.287138 -53592.240429 -12313.840465              
*  2025  1  3 21 50   0.00000000                            
PL51   3309.483426   3292.768869 -11408.927848              
VL51  21765.442109 -54888.234635  -9418.471631              
*  2025  1  3 21 52   0.00000000                            
PL51   3559.800753   2627.304968 -11504.424972              
VL51  19940.483771 -55989.549029  -6493.514988              
*  2025  1  3 21 54   0.00000000                            
PL51   3787.745803   1949.817596 -11564.689025              
VL51  18038.224617 -56891.410511  -3547.765736              
*  2025  1  3 21 56   0.00000000                            
PL51   3992.445383   1262.725222 -11589.523635              
VL51  16067.781674 -57589.768912   -590.090013              
*  2025  1  3 21 58   0.00000000                            
PL51   4173.137344    568.490490 -11578.839127              
VL51  14038.538912 -58081.314470   2370.598798              
*  2025  1  3 22  0   0.00000000                            
PL51   4329.173552   -130.388759 -11532.652955              
VL51  11960.108635 -58363.492975   5325.363995              
*  2025  1  3 22  2   0.00000000                            
PL51   4460.022396   -831.388631 -11451.089829              
VL51   9842.291967 -58434.518530   8265.269709              
*  2025  1  3 22  4   0.00000000                            
PL51   4565.270808  -1531.968463 -11334.381565              
VL51   7695.038529 -58293.383834  11181.405252              
*  2025  1  3 22  6   0.00000000                            
PL51   4644.625803  -2229.580217 -11182.866632              
VL51   5528.405439 -57939.867959  14064.909660              
*  2025  1  3 22  8   0.00000000                            
PL51   4697.915519  -2921.677951 -10996.989412              
VL51   3352.515741 -57374.541525  16906.996386              
*  2025  1  3 22 10   0.00000000                            
PL51   4725.089755  -3605.727330 -10777.299150              
VL51   1177.516387 -56598.769215  19698.978127              
*  2025  1  3 22 12   0.00000000                            
PL51   4726.220005  -4279.215162 -10524.448623              
VL51   -986.464102 -55614.709573  22432.291743              
*  2025  1  3 22 14   0.00000000                            
PL51   4701.498985  -4939.658908 -10239.192494              
VL51  -3129.358155 -54425.312005  25098.523229              
*  2025  1  3 22 16   0.00000000                            
PL51   4651.239640  -5584.616137  -9922.385374              
VL51  -5241.201717 -53034.310933  27689.432682              
*  2025  1  3 22 18   0.00000000                            
PL51   4575.873652  -6211.693902  -9574.979584              
VL51  -7312.176707 -51446.217058  30196.979210              
*  2025  1  3 22 20   0.00000000                            
PL51   4475.949432  -6818.557981  -9198.022619              
VL51  -9332.653217 -49666.305668  32613.345718              
*  2025  1  3 22 22   0.00000000                            
PL51   4352.129613  -7402.941975  -8792.654311              
VL51 -11293.231293 -47700.601988  34930.963501              
*  2025  1  3 22 24   0.00000000                            
PL51   4205.188040  -7962.656199  -8360.103706              
VL51 -13184.782121 -45555.863509  37142.536564              
*  2025  1  3 22 26   0.00000000                            
PL51   4036.006274  -8495.596349  -7901.685645              
VL51 -14998.488465 -43239.559313  39241.065602              
*  2025  1  3 22 28   0.00000000                            
PL51   3845.569618  -8999.751903  -7418.797062              
VL51 -16725.884163 -40759.846367  41219.871529              
*  2025  1  3 22 30   0.00000000                            
PL51   3634.962667  -9473.214219  -6912.913005              
VL51 -18358.892510 -38125.542797  43072.618484              
*  2025  1  3 22 32   0.00000000                            
PL51   3405.364416  -9914.184290  -6385.582379              
VL51 -19889.863329 -35346.098181  44793.336182              
*  2025  1  3 22 34   0.00000000                            
PL51   3158.042922 -10320.980133  -5838.423432              
VL51 -21311.608555 -32431.560877  46376.441518              
*  2025  1  3 22 36   0.00000000                            
PL51   2894.349557 -10692.043760  -5273.118981              
VL51 -22617.436130 -29392.542473  47816.759305              
*  2025  1  3 22 38   0.00000000                            
PL51   2615.712861 -11025.947712  -4691.411400              
VL51 -23801.182013 -26240.179432  49109.542015              
*  2025  1  3 22 40   0.00000000                            
PL51   2323.632022 -11321.401112  -4095.097372              
VL51 -24857.240137 -22986.092037  50250.488417              
*  2025  1  3 22 42   0.00000000                            
PL51   2019.670016 -11577.255215  -3486.022429              
VL51 -25780.590095 -19642.340764  51235.760984              
*  2025  1  3 22 44   0.00000000                            
PL51   1705.446419 -11792.508409  -2866.075292              
VL51 -26566.822414 -16221.380244  52062.001947              
*  2025  1  3 22 46   0.00000000                            
PL51   1382.629942 -11966.310668  -2237.182022              
VL51 -27212.161213 -12736.010967  52726.347897              
*  2025  1  3 22 48   0.00000000                            
PL51   1052.930705 -12097.967390  -1601.300008              
VL51 -27713.484107  -9199.328937  53226.442802              
*  2025  1  3 22 50   0.00000000                            
PL51    718.092288 -12186.942644   -960.411810              
VL51 -28068.339198  -5624.673483  53560.449351              
*  2025  1  3 22 52   0.00000000                            
PL51    379.883600 -12232.861758   -316.518876              
VL51 -28274.959028  -2025.573455  53727.058530              
*  2025  1  3 22 54   0.00000000                            
PL51     40.090596 -12235.513271    328.364849              
VL51 -28332.271358   1584.307934  53725.497331              
*  2025  1  3 22 56   0.00000000                            
PL51   -299.492110 -12194.850205    972.219388              
VL51 -28239.906696   5191.229375  53555.534523              
*  2025  1  3 22 58   0.00000000                            
PL51   -637.069711 -12110.990660   1613.025262              
VL51 -27998.202470   8781.428547  53217.484419              
*  2025  1  3 23  0   0.00000000                            
PL51   -970.855698 -11984.217723   2248.770045              
VL51 -27608.203796  12341.179723  52712.208577              
*  2025  1  3 23  2   0.00000000                            
PL51  -1299.080333 -11814.978682   2877.454933              
VL51 -27071.660787  15856.851616  52041.115402              
*  2025  1  3 23  4   0.00000000                            
PL51  -1619.999084 -11603.883544   3497.101291              
VL51 -26391.022407  19314.965129  51206.157609              
*  2025  1  3 23  6   0.00000000                            
PL51  -1931.900953 -11351.702864   4105.757162              
VL51 -25569.426845  22702.250718  50209.827558              
*  2025  1  3 23  8   0.00000000                            
PL51  -2233.116672 -11059.364892   4701.503700              
VL51 -24610.688467  26005.705051  49055.150440              
*  2025  1  3 23 10   0.00000000                            
PL51  -2522.026719 -10727.952041   5282.461518              
VL51 -23519.281372  29212.646645  47745.675358              
*  2025  1  3 23 12   0.00000000                            
PL51  -2797.069127 -10358.696699   5846.796904              
VL51 -22300.319649  32310.770193  46285.464314              
*  2025  1  3 23 14   0.00000000                            
PL51  -3056.747021  -9952.976395   6392.727905              
VL51 -20959.534413  35288.199281  44679.079178              
*  2025  1  3 23 16   0.00000000                            
PL51  -3299.635876  -9512.308347   6918.530237              
VL51 -19503.247747  38133.537213  42931.566674              
*  2025  1  3 23 18   0.00000000                            
PL51  -3524.390431  -9038.343412   7422.542999              
VL51 -17938.343680  40835.915682  41048.441465              
*  2025  1  3 23 20   0.00000000                            
PL51  -3729.751250  -8532.859461   7903.174183              
VL51 -16272.236363  43385.041035  39035.667422              
*  2025  1  3 23 22   0.00000000                            
PL51  -3914.550874  -7997.754224   8358.905941              
VL51 -14512.835600  45771.237885  36899.637165              
*  2025  1  3 23 24   0.00000000                            
PL51  -4077.719554  -7435.037619   8788.299599              
VL51 -12668.509932  47985.489860  34647.149973              
*  2025  1  3 23 26   0.00000000                            
PL51  -4218.290520  -6846.823617   9190.000397              
VL51 -10748.047474  50019.477288  32285.388186              
*  2025  1  3 23 28   0.00000000                            
PL51  -4335.404773  -6235.321672   9562.741936              
VL51  -8760.614706  51865.611641  29821.892208              
*  2025  1  3 23 30   0.00000000                            
PL51  -4428.315366  -5602.827754   9905.350322              
VL51  -6715.713454  53517.066583  27264.534234              
*  2025  1  3 23 32   0.00000000                            
PL51  -4496.391166  -4951.715039  10216.747980              
VL51  -4623.136278  54967.805496  24621.490832              
*  2025  1  3 23 34   0.00000000                            
PL51  -4539.120063  -4284.424283  10495.957138              
VL51  -2492.920511  56212.605369  21901.214501              
*  2025  1  3 23 36   0.00000000                            
PL51  -4556.111631  -3603.453930  10742.102964              
VL51   -335.301174  57247.076976  19112.404335              
*  2025  1  3 23 38   0.00000000                            
PL51  -4547.099209  -2911.350012  10954.416344              
VL51   1839.336976  58067.681249  16263.975918              
*  2025  1  3 23 40   0.00000000                            
PL51  -4511.941412  -2210.695863  11132.236297              
VL51   4020.508039  58671.741826  13365.030586              
*  2025  1  3 23 42   0.00000000                            
PL51  -4450.623044  -1504.101712  11275.012016              
VL51   6197.673944  59057.453724  10424.824180              
*  2025  1  3 23 44   0.00000000                            
PL51  -4363.255435   -794.194193  11382.304534              
VL51   8360.293581  59223.888143   7452.735419              
*  2025  1  3 23 46   0.00000000                            
PL51  -4250.076183    -83.605822  11453.788006              
VL51  10497.871820  59170.993410   4458.234038              
*  2025  1  3 23 48   0.00000000                            
PL51  -4111.448305    625.035515  11489.250609              
VL51  12600.008223  58899.592110   1450.848784              
*  2025  1  3 23 50   0.00000000                            
PL51  -3947.858816   1329.117017  11488.595062              
VL51  14656.445178  58411.374434  -1559.864580              
*  2025  1  3 23 52   0.00000000                            
PL51  -3759.916728   2026.051322  11451.838752              
VL51  16657.115264  57708.887839  -4564.355170              
*  2025  1  3 23 54   0.00000000                            
PL51  -3548.350486   2713.286711  11379.113491              
VL51  18592.187617  56795.523072  -7553.108660              
*  2025  1  3 23 56   0.00000000                            
PL51  -3314.004863   3388.317130  11270.664887              
VL51  20452.113076  55675.496679 -10516.678633              
*  2025  1  3 23 58   0.00000000                            
PL51  -3057.837311   4048.691975  11126.851341              
VL51  22227.667928  54353.830089 -13445.717505              
*  2025  1  4  0  0   0.00000000                            
PL51  -2780.913831   4692.025591  10948.142681              
VL51  23909.995713  52836.325540 -16331.006912              
*  2025  1  4  0  2   0.00000000                            
PL51  -2484.404175   5316.006564  10735.118430              
VL51  25490.649178  51129.537972 -19163.487472              
*  2025  1  4  0  4   0.00000000                            
PL51  -2169.577002   5918.406416  10488.465725              
VL51  26961.625469  49240.746063 -21934.287812              
*  2025  1  4  0  6   0.00000000                            
PL51  -1837.794024   6497.088244  10208.976891              
VL51  28315.405502  47177.917549 -24634.752767              
*  2025  1  4  0  8   0.00000000                            
PL51  -1490.504146   7050.014703   9897.546677              
VL51  29544.986383  44949.673972 -27256.470681              
*  2025  1  4  0 10   0.00000000                            
PL51  -1129.237051   7575.255638   9555.169183              
VL51  30643.913235  42565.252073 -29791.299696              
*  2025  1  4  0 12   0.00000000                            
PL51   -755.596443   8070.995221   9182.934463              
VL51  31606.308180  40034.463001 -32231.392972              
*  2025  1  4  0 14   0.00000000                            
PL51   -371.252970   8535.538594   8782.024844              
VL51  32426.896639  37367.649395 -34569.222758              
*  2025  1  4  0 16   0.00000000                            
PL51     22.063167   8967.317974   8353.710955              
VL51  33101.030874  34575.640537 -36797.603233              
*  2025  1  4  0 18   0.00000000                            
PL51    422.569859   9364.898218   7899.347497              
VL51  33624.710654  31669.705786 -38909.712073              
*  2025  1  4  0 20   0.00000000                            
PL51    828.440969   9726.981816   7420.368753              
VL51  33994.600994  28661.506508 -40899.110666              
*  2025  1  4  0 22   0.00000000                            
PL51   1237.814408  10052.413299   6918.283874              
VL51  34208.046884  25563.046713 -42759.762933              
*  2025  1  4  0 24   0.00000000                            
PL51   1648.800365  10340.183053   6394.671943              
VL51  34263.084965  22386.622611 -44486.052693              
*  2025  1  4  0 26   0.00000000                            
PL51   2059.489664  10589.430514   5851.176834              
VL51  34158.452113  19144.771328 -46072.799521              
*  2025  1  4  0 28   0.00000000                            
PL51   2467.962203  10799.446748   5289.501901              
VL51  33893.590906  15850.218997 -47515.273053              
*  2025  1  4  0 30   0.00000000                            
PL51   2872.295437  10969.676410   4711.404499              
VL51  33468.651978  12515.828470 -48809.205703              
*  2025  1  4  0 32   0.00000000                            
PL51   3270.572874  11099.719067   4118.690359              
VL51  32884.493265   9154.546877 -49950.803745              
*  2025  1  4  0 34   0.00000000                            
PL51   3660.892545  11189.329894   3513.207847              
VL51  32142.676173   5779.353283 -50936.756755              
*  2025  1  4  0 36   0.00000000                            
PL51   4041.375406  11238.419747   2896.842113              
VL51  31245.458721   2403.206664 -51764.245398              
*  2025  1  4  0 38   0.00000000                            
PL51   4410.173640  11247.054611   2271.509163              
VL51  30195.785714   -961.005576 -52430.947556              
*  2025  1  4  0 40   0.00000000                            
PL51   4765.478826  11215.454436   1639.149859              
VL51  28997.276020  -4300.518311 -52935.042801              
*  2025  1  4  0 42   0.00000000                            
PL51   5105.529939  11143.991373   1001.723887              
VL51  27654.207042  -7602.738441 -53275.215239              
*  2025  1  4  0 44   0.00000000                            
PL51   5428.621144  11033.187412    361.203685              
VL51  26171.496477 -10855.293460 -53450.654741              
*  2025  1  4  0 46   0.00000000                            
PL51   5733.109356  10883.711452   -280.431617              
VL51  24554.681469 -14046.078669 -53461.056583              
*  2025  1  4  0 48   0.00000000                            
PL51   6017.421537  10696.375816   -921.202257              
VL51  22809.895277 -17163.302854 -53306.619540              
*  2025  1  4  0 50   0.00000000                            
PL51   6280.061699  10472.132216  -1559.133866              
VL51  20943.841578 -20195.532264 -52988.042457              
*  2025  1  4  0 52   0.00000000                            
PL51   6519.617581  10212.067215  -2192.263434              
VL51  18963.766538 -23131.732721 -52506.519354              
*  2025  1  4  0 54   0.00000000                            
PL51   6734.766981   9917.397187  -2818.645220              
VL51  16877.428798 -25961.309739 -51863.733108              
*  2025  1  4  0 56   0.00000000                            
PL51   6924.283718   9589.462809  -3436.356575              
VL51  14693.067520 -28674.146499 -51061.847757              
*  2025  1  4  0 58   0.00000000                            
PL51   7087.043196   9229.723117  -4043.503659              
VL51  12419.368635 -31260.639572 -50103.499498              
*  2025  1  4  1  0   0.00000000                            
PL51   7222.027555   8839.749136  -4638.227049              
VL51  10065.429472 -33711.732290 -48991.786427              
*  2025  1  4  1  2   0.00000000                            
PL51   7328.330386   8421.217137  -5218.707214              
VL51   7640.721906 -36018.945664 -47730.257098              
*  2025  1  4  1  4   0.00000000                            
PL51   7405.161001   7975.901529  -5783.169848              
VL51   5155.054196 -38174.406784 -46322.897954              
*  2025  1  4  1  6   0.00000000                            
PL51   7451.848234   7505.667430  -6329.891039              
VL51   2618.531671 -40170.874633 -44774.119715              
*  2025  1  4  1  8   0.00000000                            
PL51   7467.843763   7012.462940  -6857.202278              
VL51     41.516419 -42001.763276 -43088.742774              
*  2025  1  4  1 10   0.00000000                            
PL51   7452.724947   6498.311157  -7363.495282              
VL51  -2565.413867 -43661.162381 -41271.981674              
*  2025  1  4  1 12   0.00000000                            
PL51   7406.197160   5965.301958  -7847.226625              
VL51  -5191.507719 -45143.855051 -39329.428737              
*  2025  1  4  1 14   0.00000000                            
PL51   7328.095629   5415.583585  -8306.922173              
VL51  -7825.882279 -46445.332953 -37267.036891              
*  2025  1  4  1 16   0.00000000                            
PL51   7218.386745   4851.354066  -8741.181297              
VL51 -10457.566057 -47561.808744 -35091.101779              
*  2025  1  4  1 18   0.00000000                            
PL51   7077.168877   4274.852501  -9148.680883              
VL51 -13075.541944 -48490.225787 -32808.243185              
*  2025  1  4  1 20   0.00000000                            
PL51   6904.672656   3688.350249  -9528.179102              
VL51 -15668.790333 -49228.265192 -30425.385851              
*  2025  1  4  1 22   0.00000000                            
PL51   6701.260749   3094.142046  -9878.518954              
VL51 -18226.332210 -49774.350182 -27949.739729              
*  2025  1  4  1 24   0.00000000                            
PL51   6467.427111   2494.537085 -10198.631568              
VL51 -20737.272097 -50127.647835 -25388.779723              
*  2025  1  4  1 26   0.00000000                            
PL51   6203.795729   1891.850097 -10487.539259              
VL51 -23190.840706 -50288.068225 -22750.224945              
*  2025  1  4  1 28   0.00000000                            
PL51   5911.118853   1288.392447 -10744.358329              
VL51 -25576.437200 -50256.261000 -20042.017554              
*  2025  1  4  1 30   0.00000000                            
PL51   5590.274724    686.463298 -10968.301620              
VL51 -27883.670935 -50033.609455 -17272.301181              
*  2025  1  4  1 32   0.00000000                            
PL51   5242.264801     88.340849 -11158.680792              
VL51 -30102.402575 -49622.222124 -14449.398981              
*  2025  1  4  1 34   0.00000000                            
PL51   4868.210508   -503.726298 -11314.908354              
VL51 -32222.784453 -49024.921957 -11581.791341              
*  2025  1  4  1 36   0.00000000                            
PL51   4469.349492  -1087.527641 -11436.499406              
VL51 -34235.300097 -48245.233109  -8678.093263              
*  2025  1  4  1 38   0.00000000                            
PL51   4047.031415  -1660.899098 -11523.073123              
VL51 -36130.802769 -47287.365412  -5747.031430              
*  2025  1  4  1 40   0.00000000                            
PL51   3602.713298  -2221.731130 -11574.353955              
VL51 -37900.552954 -46156.196557  -2797.420997              
*  2025  1  4  1 42   0.00000000                            
PL51   3137.954406  -2767.976640 -11590.172545              
VL51 -39536.254642 -44857.252055    161.857899              
*  2025  1  4  1 44   0.00000000                            
PL51   2654.410722  -3297.658612 -11570.466371              
VL51 -41030.090334 -43396.683023   3121.883882              
*  2025  1  4  1 46   0.00000000                            
PL51   2153.828999  -3808.877477 -11515.280095              
VL51 -42374.754628 -41781.241838   6073.718313              
*  2025  1  4  1 48   0.00000000                            
PL51   1638.040421  -4299.818174 -11424.765625              
VL51 -43563.486292 -40018.255732   9008.429504              
*  2025  1  4  1 50   0.00000000                            
PL51   1108.953889  -4768.756872 -11299.181884              
VL51 -44590.098686 -38115.598363  11917.117118              
*  2025  1  4  1 52   0.00000000                            
PL51    568.548950  -5214.067354 -11138.894292              
VL51 -45449.008437 -36081.659443  14790.936757              
*  2025  1  4  1 54   0.00000000                            
PL51     18.868401  -5634.227016 -10944.373938              
VL51 -46135.262221 -33925.312459  17621.124697              
*  2025  1  4  1 56   0.00000000                            
PL51   -537.989432  -6027.822469 -10716.196471              
VL51 -46644.561550 -31655.880588  20399.022738              
*  2025  1  4  1 58   0.00000000                            
PL51  -1099.878679  -6393.554719 -10455.040678              
VL51 -46973.285423 -29283.100851  23116.103136              
*  2025  1  4  2  0   0.00000000                            
PL51  -1664.614189  -6730.243916 -10161.686773              
VL51 -47118.510737 -26817.086605  25763.993571              
*  2025  1  4  2  2   0.00000000                            
PL51  -2229.980013  -7036.833632  -9837.014381              
VL51 -47078.030307 -24268.288452  28334.502098              
*  2025  1  4  2  4   0.00000000                            
PL51  -2793.738089  -7312.394668  -9482.000222              
VL51 -46850.368400 -21647.453660  30819.642031              
*  2025  1  4  2  6   0.00000000                            
PL51  -3353.637100  -7556.128362  -9097.715501              
VL51 -46434.793634 -18965.584206  33211.656698              
*  2025  1  4  2  8   0.00000000                            
PL51  -3907.421473  -7767.369391  -8685.323001              
VL51 -45831.329139 -16233.893542  35503.043985              
*  2025  1  4  2 10   0.00000000                            
PL51  -4452.840476  -7945.588037  -8246.073882              
VL51 -45040.759858 -13463.762227  37686.580595              
*  2025  1  4  2 12   0.00000000                            
PL51  -4987.657390  -8090.391929  -7781.304189              
VL51 -44064.636877 -10666.692550  39755.345937              
*  2025  1  4  2 14   0.00000000                            
PL51  -5509.658716  -8201.527221  -7292.431082              
VL51 -42905.278691  -7854.262300  41702.745546              
*  2025  1  4  2 16   0.00000000                            
PL51  -6016.663370  -8278.879218  -6780.948783              
VL51 -41565.769312  -5038.077846  43522.533932              
*  2025  1  4  2 18   0.00000000                            
PL51  -6506.531850  -8322.472438  -6248.424255              
VL51 -40049.953140  -2229.726694  45208.836759              
*  2025  1  4  2 20   0.00000000                            
PL51  -6977.175303  -8332.470097  -5696.492618              
VL51 -38362.426538    559.270286  46756.172236              
*  2025  1  4  2 22   0.00000000                            
PL51  -7426.564493  -8309.173022  -5126.852316              
VL51 -36508.526057   3317.506761  48159.471602              
*  2025  1  4  2 24   0.00000000                            
PL51  -7852.738584  -8253.017987  -4541.260042              
VL51 -34494.313293   6033.738776  49414.098603              
*  2025  1  4  2 26   0.00000000                            
PL51  -8253.813742  -8164.575485  -3941.525436              
VL51 -32326.556341   8696.932291  50515.867820              
*  2025  1  4  2 28   0.00000000                            
PL51  -8627.991480  -8044.546920  -3329.505573              
VL51 -30012.707881  11296.310208  51461.061742              
*  2025  1  4  2 30   0.00000000                            
PL51  -8973.566728  -7893.761248  -2707.099250              
VL51 -27560.879919  13821.398654  52246.446475              
*  2025  1  4  2 32   0.00000000                            
PL51  -9288.935570  -7713.171067  -2076.241099              
VL51 -24979.815218  16262.072266  52869.285948              
*  2025  1  4  2 34   0.00000000                            
PL51  -9572.602636  -7503.848166  -1438.895534              
VL51 -22278.855530  18608.598267  53327.354532              
*  2025  1  4  2 36   0.00000000                            
PL51  -9823.188075  -7266.978556   -797.050555              
VL51 -19467.906693  20851.679064  53618.947958              
*  2025  1  4  2 38   0.00000000                            
PL51 -10039.434103  -7003.857006   -152.711444              
VL51 -16557.400743  22982.493150  53742.892435              
*  2025  1  4  2 40   0.00000000                            
PL51 -10220.211074  -6715.881089    492.105657              
VL51 -13558.255170  24992.734056  53698.551886              
*  2025  1  4  2 42   0.00000000                            
PL51 -10364.523053  -6404.544779   1135.380222              
VL51 -10481.829510  26874.647145  53485.833219              
*  2025  1  4  2 44   0.00000000                            
PL51 -10471.512838  -6071.431625   1775.093887              
VL51  -7339.879438  28621.063992  53105.189583              
*  2025  1  4  2 46   0.00000000                            
PL51 -10540.466435  -5718.207516   2409.237008              
VL51  -4144.508611  30225.434180  52557.621535              
*  2025  1  4  2 48   0.00000000                            
PL51 -10570.816933  -5346.613094   3035.815227              
VL51   -908.118465  31681.854281  51844.676107              
*  2025  1  4  2 50   0.00000000                            
PL51 -10562.147764  -4958.455827   3652.856020              
VL51   2356.643766  32985.093860  50968.443732              
*  2025  1  4  2 52   0.00000000                            
PL51 -10514.195334  -4555.601795   4258.415178              
VL51   5636.938545  34130.618333  49931.553033              
*  2025  1  4  2 54   0.00000000                            
PL51 -10426.851005  -4139.967219   4850.583232              
VL51   8919.788774  35114.608540  48737.163477              
*  2025  1  4  2 56   0.00000000                            
PL51 -10300.162413  -3713.509774   5427.491766              
VL51  12192.135482  35933.976904  47388.955922              
*  2025  1  4  2 58   0.00000000                            
PL51 -10134.334109  -3278.219731   5987.319603              
VL51  15440.894180  36586.380087  45891.121082              
*  2025  1  4  3  0   0.00000000                            
PL51  -9929.727529  -2836.110970   6528.298850              
VL51  18653.011565  37070.228048  44248.345969              
*  2025  1  4  3  2   0.00000000                            
PL51  -9686.860276  -2389.211901   7048.720758              
VL51  21815.522287  37384.689469  42465.798385              
*  2025  1  4  3  4   0.00000000                            
PL51  -9406.404730  -1939.556348   7546.941390              
VL51  24915.605471  37529.693507  40549.109517              
*  2025  1  4  3  6   0.00000000                            
PL51  -9089.185970  -1489.174430   8021.387069              
VL51  27940.640702  37505.927877  38504.354748              
*  2025  1  4  3  8   0.00000000                            
PL51  -8736.179044  -1040.083488   8470.559584              
VL51  30878.263185  37314.833274  36338.032773              
*  2025  1  4  3 10   0.00000000                            
PL51  -8348.505573   -594.279101   8893.041136              
VL51  33716.417803  36958.594194  34057.043110              
*  2025  1  4  3 12   0.00000000                            
PL51  -7927.429714   -153.726232   9287.499008              
VL51  36443.411799  36440.126194  31668.662135              
*  2025  1  4  3 14   0.00000000                            
PL51  -7474.353510    279.649449   9652.689931              
VL51  39047.965815  35763.059692  29180.517749              
*  2025  1  4  3 16   0.00000000                            
PL51  -6990.811628    703.970028   9987.464152              
VL51  41519.263059  34931.720403  26600.562797              
*  2025  1  4  3 18   0.00000000                            
PL51  -6478.465525   1117.413562  10290.769161              
VL51  43846.996342  33951.106537  23937.047359              
*  2025  1  4  3 20   0.00000000                            
PL51  -5939.097062   1518.221992  10561.653089              
VL51  46021.412787  32826.862890  21198.490052              
*  2025  1  4  3 22   0.00000000                            
PL51  -5374.601595   1904.708733  10799.267757              
VL51  48033.355989  31565.251989  18393.648462              
*  2025  1  4  3 24   0.00000000                            
PL51  -4786.980581   2275.265900  11002.871356              
VL51  49874.305446  30173.122458  15531.488841              
*  2025  1  4  3 26   0.00000000                            
PL51  -4178.333724   2628.371140  11171.830772              
VL51  51536.413093  28657.874777  12621.155200              
*  2025  1  4  3 28   0.00000000                            
PL51  -3550.850699   2962.594031  11305.623529              
VL51  53012.536781  27027.424642   9671.937929              
*  2025  1  4  3 30   0.00000000                            
PL51  -2906.802501   3276.602041  11403.839355              
VL51  54296.270563  25290.164105   6693.242079              
*  2025  1  4  3 32   0.00000000                            
PL51  -2248.532440   3569.165996  11466.181367              
VL51  55381.971687  23454.920730   3694.555432              
*  2025  1  4  3 34   0.00000000                            
PL51  -1578.446841   3839.165053  11492.466871              
VL51  56264.784183  21530.914961    685.416486              
*  2025  1  4  3 36   0.00000000                            
PL51   -899.005478   4085.591152  11482.627781              
VL51  56940.658986  19527.715943  -2324.617526              
*  2025  1  4  3 38   0.00000000                            
PL51   -212.711788   4307.552928  11436.710649              
VL51  57406.370520  17455.195999  -5326.002469              
*  2025  1  4  3 40   0.00000000                            
PL51    477.897094   4504.279070  11354.876322              
VL51  57659.529707  15323.484018  -8309.238881              
*  2025  1  4  3 42   0.00000000                            
PL51   1170.260431   4675.121116  11237.399214              
VL51  57698.593371  13142.917960 -11264.903185              
*  2025  1  4  3 44   0.00000000                            
PL51   1861.804075   4819.555675  11084.666215              
VL51  57522.870025  10923.996712 -14183.678442              
*  2025  1  4  3 46   0.00000000                            
PL51   2549.950701   4937.186063  10897.175226              
VL51  57132.522026   8677.331524 -17056.384546              
*  2025  1  4  3 48   0.00000000                            
PL51   3232.130053   5027.743363  10675.533339              
VL51  56528.564134   6413.597252 -19874.007760              
*  2025  1  4  3 50   0.00000000                            
PL51   3905.789140   5091.086894  10420.454670              
VL51  55712.858476   4143.483629 -22627.729513              
*  2025  1  4  3 52   0.00000000                            
PL51   4568.402361   5127.204098  10132.757846              
VL51  54688.105977   1877.646778 -25308.954357              
*  2025  1  4  3 54   0.00000000                            
PL51   5217.481500   5136.209849   9813.363165              
VL51  53457.834306   -373.338795 -27909.337003              
*  2025  1  4  3 56   0.00000000                            
PL51   5850.585559   5118.345187   9463.289438              
VL51  52026.382401  -2599.027534 -30420.808352              
*  2025  1  4  3 58   0.00000000                            
PL51   6465.330382   5073.975494   9083.650519              
VL51  50398.881679  -4789.149271 -32835.600444              
*  2025  1  4  4  0   0.00000000                            
PL51   7059.398035   5003.588114   8675.651556              
VL51  48581.234004  -6933.654575 -35146.270239              
*  2025  1  4  4  2   0.00000000                            
PL51   7630.545905   4907.789438   8240.584948              
VL51  46580.086545  -9022.758803 -37345.722181              
*  2025  1  4  4  4   0.00000000                            
PL51   8176.615480   4787.301471   7779.826048              
VL51  44402.803630 -11046.984676 -39427.229450              
*  2025  1  4  4  6   0.00000000                            
PL51   8695.540767   4642.957895   7294.828620              
VL51  42057.435743 -12997.203198 -41384.453858              
*  2025  1  4  4  8   0.00000000                            
PL51   9185.356329   4475.699654   6787.120061              
VL51  39552.685824 -14864.672727 -43211.464311              
*  2025  1  4  4 10   0.00000000                            
PL51   9644.204900   4286.570082   6258.296412              
VL51  36897.873007 -16641.076052 -44902.753795              
*  2025  1  4  4 12   0.00000000                            
PL51  10070.344547   4076.709597   5710.017177              
VL51  34102.894021 -18318.555321 -46453.254832              
*  2025  1  4  4 14   0.00000000                            
PL51  10462.155361   3847.349990   5143.999961              
VL51  31178.182390 -19889.744668 -47858.353368              
*  2025  1  4  4 16   0.00000000                            
PL51  10818.145645   3599.808339   4562.014956              
VL51  28134.665677 -21347.800425 -49113.901069              
*  2025  1  4  4 18   0.00000000                            
PL51  11136.957573   3335.480572   3965.879284              
VL51  24983.720929 -22686.428798 -50216.225985              
*  2025  1  4  4 20   0.00000000                            
PL51  11417.372311   3055.834717   3357.451228              
VL51  21737.128570 -23899.910915 -51162.141583              
*  2025  1  4  4 22   0.00000000                            
PL51  11658.314573   2762.403868   2738.624358              
VL51  18407.024934 -24983.125147 -51948.954130              
*  2025  1  4  4 24   0.00000000                            
PL51  11858.856605   2456.778893   2111.321583              
VL51  15005.853658 -25931.566647 -52574.468417              
*  2025  1  4  4 26   0.00000000                            
PL51  12018.221569   2140.600934   1477.489140              
VL51  11546.316168 -26741.364038 -53036.991847              
*  2025  1  4  4 28   0.00000000                            
PL51  12135.786344   1815.553719    839.090553              
VL51   8041.321464 -27409.293219 -53335.336884              
*  2025  1  4  4 30   0.00000000                            
PL51  12211.083705   1483.355725    198.100556              
VL51   4503.935432 -27932.788248 -53468.821891              
*  2025  1  4  4 32   0.00000000                            
PL51  12243.803908   1145.752228   -443.500966              
VL51    947.329898 -28309.949311 -53437.270386              
*  2025  1  4  4 34   0.00000000                            
PL51  12233.795651    804.507283  -1083.735032              
VL51  -2615.268356 -28539.547751 -53241.008742              
*  2025  1  4  4 36   0.00000000                            
PL51  12181.066426    461.395645  -1720.629577              
VL51  -6170.628419 -28621.028199 -52880.862379              
*  2025  1  4  4 38   0.00000000                            
PL51  12085.782272    118.194699  -2352.225408              
VL51  -9705.565690 -28554.507818 -52358.150484              
*  2025  1  4  4 40   0.00000000                            
PL51  11948.266913   -223.323596  -2976.582093              
VL51 -13206.991757 -28340.772705 -51674.679322              
*  2025  1  4  4 42   0.00000000                            
PL51  11769.000312   -561.400696  -3591.783758              
VL51 -16661.963511 -27981.271518 -50832.734175              
*  2025  1  4  4 44   0.00000000                            
PL51  11548.616635   -894.299372  -4195.944781              
VL51 -20057.731313 -27478.106369 -49835.069998              
*  2025  1  4  4 46   0.00000000                            
PL51  11287.901649  -1220.311486  -4787.215363              
VL51 -23381.786051 -26834.021093 -48684.900825              
*  2025  1  4  4 48   0.00000000                            
PL51  10987.789555  -1537.765604  -5363.786973              
VL51 -26621.904925 -26052.386941 -47385.888010              
*  2025  1  4  4 50   0.00000000                            
PL51  10649.359290  -1845.034429  -5923.897633              
VL51 -29766.195805 -25137.185832 -45942.127376              
*  2025  1  4  4 52   0.00000000                            
PL51  10273.830295  -2140.542017  -6465.837054              
VL51 -32803.140040 -24092.991233 -44358.135323              
*  2025  1  4  4 54   0.00000000                            
PL51   9862.557789  -2422.770749  -6987.951595              
VL51 -35721.633590 -22924.946788 -42638.833980              
*  2025  1  4  4 56   0.00000000                            
PL51   9417.027554  -2690.268036  -7488.649034              
VL51 -38511.026369 -21638.742817 -40789.535461              
*  2025  1  4  4 58   0.00000000                            
PL51   8938.850261  -2941.652723  -7966.403154              
VL51 -41161.159700 -20240.590779 -38815.925289              
*  2025  1  4  5  0   0.00000000                            
PL51   8429.755357  -3175.621186  -8419.758118              
VL51 -43662.401796 -18737.195840 -36724.045051              
*  2025  1  4  5  2   0.00000000                            
PL51   7891.584543  -3390.953078  -8847.332633              
VL51 -46005.681185 -17135.727641 -34520.274345              
*  2025  1  4  5  4   0.00000000                            
PL51   7326.284858  -3586.516721  -9247.823898              
VL51 -48182.518010 -15443.789423 -32211.312074              
*  2025  1  4  5  6   0.00000000                            
PL51   6735.901400  -3761.274118  -9620.011317              
VL51 -50185.053139 -13669.385589 -29804.157140              
*  2025  1  4  5  8   0.00000000                            
PL51   6122.569720  -3914.285562  -9962.759981              
VL51 -52006.075044 -11820.887868 -27306.088591              
*  2025  1  4  5 10   0.00000000                            
PL51   5488.507896  -4044.713834 -10275.023912              
VL51 -53639.044392  -9907.000171 -24724.645255              
*  2025  1  4  5 12   0.00000000                            
PL51   4836.008334  -4151.827977 -10555.849051              
VL51 -55078.116321  -7936.722282 -22067.604916              
*  2025  1  4  5 14   0.00000000                            
PL51   4167.429308  -4235.006619 -10804.375998              
VL51 -56318.160355  -5919.312492 -19342.963042              
*  2025  1  4  5 16   0.00000000                            
PL51   3485.186285  -4293.740846 -11019.842500              
VL51 -57354.777940  -3864.249303 -16558.911122              
*  2025  1  4  5 18   0.00000000                            
PL51   2791.743045  -4327.636615 -11201.585665              
VL51 -58184.317558  -1781.192314 -13723.814616              
*  2025  1  4  5 20   0.00000000                            
PL51   2089.602640  -4336.416684 -11349.043922              
VL51 -58803.887401    320.057586 -10846.190560              
*  2025  1  4  5 22   0.00000000                            
PL51   1381.298212  -4319.922068 -11461.758696              
VL51 -59211.365576   2429.598591  -7934.684840              
*  2025  1  4  5 24   0.00000000                            
PL51    669.383708  -4278.113006 -11539.375825              
VL51 -59405.407819   4537.468818  -4998.049163              
*  2025  1  4  5 26   0.00000000                            
PL51    -43.575488  -4211.069433 -11581.646683              
VL51 -59385.452707   6633.687471  -2045.117751              
*  2025  1  4  5 28   0.00000000                            
PL51   -755.011966  -4118.990962 -11588.429033              
VL51 -59151.724342   8708.296213    915.216241              
*  2025  1  4  5 30   0.00000000                            
PL51  -1462.365721  -4002.196363 -11559.687591              
VL51 -58705.232490  10751.400635   3874.024536              
*  2025  1  4  5 32   0.00000000                            
PL51  -2163.093567  -3861.122547 -11495.494303              
VL51 -58047.770179  12753.211684   6822.367784              
*  2025  1  4  5 34   0.00000000                            
PL51  -2854.678513  -3696.323058 -11396.028331              
VL51 -57181.908709  14704.086925   9751.319819              
*  2025  1  4  5 36   0.00000000                            
PL51  -3534.639053  -3508.466062 -11261.575750              
VL51 -56110.990092  16594.571520  12651.992104              
*  2025  1  4  5 38   0.00000000                            
PL51  -4200.538364  -3298.331854 -11092.528951              
VL51 -54839.116883  18415.438778  15515.558344              
*  2025  1  4  5 40   0.00000000                            
PL51  -4849.993350  -3066.809883 -10889.385742              
VL51 -53371.139405  20157.730150  18333.279237              
*  2025  1  4  5 42   0.00000000                            
PL51  -5480.683534  -2814.895292 -10652.748154              
VL51 -51712.640343  21812.794519  21096.527339              
*  2025  1  4  5 44   0.00000000                            
PL51  -6090.359735  -2543.685002 -10383.320956              
VL51 -49869.916720  23372.326653  23796.811991              
*  2025  1  4  5 46   0.00000000                            
PL51  -6676.852517  -2254.373332 -10081.909855              
VL51 -47849.959228  24828.404663  26425.804281              
*  2025  1  4  5 48   0.00000000                            
PL51  -7238.080385  -1948.247182  -9749.419414              
VL51 -45660.428944  26173.526316  28975.361972              
*  2025  1  4  5 50   0.00000000                            
PL51  -7772.057667  -1626.680787  -9386.850654              
VL51 -43309.631422  27400.644044  31437.554358              
*  2025  1  4  5 52   0.00000000                            
PL51  -8276.902085  -1291.130054  -8995.298377              
VL51 -40806.488197  28503.198491  33804.686957              
*  2025  1  4  5 54   0.00000000                            
PL51  -8750.841960   -943.126513  -8575.948173              
VL51 -38160.505726  29475.150434  36069.325995              
*  2025  1  4  5 56   0.00000000                            
PL51  -9192.223034   -584.270893  -8130.073157              
VL51 -35381.741811  30311.010911  38224.322577              
*  2025  1  4  5 58   0.00000000                            
PL51  -9599.514872   -216.226345  -7659.030400              
VL51 -32480.769562  31005.869390  40262.836473              
*  2025  1  4  6  0   0.00000000                            
PL51  -9971.316817    159.288651  -7164.257086              
VL51 -29468.638969  31555.419811  42178.359413              
*  2025  1  4  6  2   0.00000000                            
PL51 -10306.363471    540.507695  -6647.266395              
VL51 -26356.836177  31955.984341  43964.737791              
*  2025  1  4  6  4   0.00000000                            
PL51 -10603.529672    925.624125  -6109.643111              
VL51 -23157.240559  32204.534679  45616.194671              
*  2025  1  4  6  6   0.00000000                            
PL51 -10861.834948   1312.798935  -5553.038974              
VL51 -19882.079729  32298.710749  47127.350982              
*  2025  1  4  6  8   0.00000000                            
PL51 -11080.447411   1700.168885  -4979.167784              
VL51 -16543.882613  32236.836646  48493.245777              
*  2025  1  4  6 10   0.00000000                            
PL51 -11258.687089   2085.854801  -4389.800269              
VL51 -13155.430764  32017.933685  49709.355447              
*  2025  1  4  6 12   0.00000000                            
PL51 -11396.028650   2467.969994  -3786.758723              
VL51  -9729.708088  31641.730430  50771.611762              
*  2025  1  4  6 14   0.00000000                            
PL51 -11492.103528   2844.628802  -3171.911442              
VL51  -6279.849176  31108.669589  51676.418621              
*  2025  1  4  6 16   0.00000000                            
PL51 -11546.701411   3213.955177  -2547.166968              
VL51  -2819.086474  30419.911682  52420.667394              
*  2025  1  4  6 18   0.00000000                            
PL51 -11559.771098   3574.091311  -1914.468148              
VL51    639.303486  29577.335389  53001.750737              
*  2025  1  4  6 20   0.00000000                            
PL51 -11531.420694   3923.206232  -1275.786050              
VL51   4082.054549  28583.534528  53417.574790              
*  2025  1  4  6 22   0.00000000                            
PL51 -11461.917165   4259.504356   -633.113734              
VL51   7495.965825  27441.811608  53666.569629              
*  2025  1  4  6 24   0.00000000                            
PL51 -11351.685220   4581.233934     11.540089              
VL51  10867.956738  26156.167950  53747.697915              
*  2025  1  4  6 26   0.00000000                            
PL51 -11201.305537   4886.695361    656.157492              
VL51  14185.121955  24731.290351  53660.461620              
*  2025  1  4  6 28   0.00000000                            
PL51 -11011.512336   5174.249302   1298.717828              
VL51  17434.785900  23172.534337  53404.906792              
*  2025  1  4  6 30   0.00000000                            
PL51 -10783.190293   5442.324604   1937.204285              
VL51  20604.556576  21485.904036  52981.626270              
*  2025  1  4  6 32   0.00000000                            
PL51 -10517.370824   5689.425939   2569.610450              
VL51  23682.378386  19678.028738  52391.760317              
*  2025  1  4  6 34   0.00000000                            
PL51 -10215.227735   5914.141149   3193.946869              
VL51  26656.583671  17756.136244  51636.995140              
*  2025  1  4  6 36   0.00000000                            
PL51  -9878.072264   6115.148255   3808.247584              
VL51  29515.942667  15728.023114  50719.559263              
*  2025  1  4  6 38   0.00000000                            
PL51  -9507.347539   6291.222086   4410.576604              
VL51  32249.711624  13602.021945  49642.217771              
*  2025  1  4  6 40   0.00000000                            
PL51  -9104.622466   6441.240501   4999.034299              
VL51  34847.678782  11386.965853  48408.264412              
*  2025  1  4  6 42   0.00000000                            
PL51  -8671.585079   6564.190173   5571.763689              
VL51  37300.207980   9092.150310  47021.511614              
*  2025  1  4  6 44   0.00000000                            
PL51  -8210.035388   6659.171891   6126.956595              
VL51  39598.279645   6727.292560  45486.278419              
*  2025  1  4  6 46   0.00000000                            
PL51  -7721.877745   6725.405367   6662.859637              
VL51  41733.528927   4302.488791  43807.376422              
*  2025  1  4  6 48   0.00000000                            
PL51  -7209.112775   6762.233522   7177.780049              
VL51  43698.280789   1828.169321  41990.093763              
*  2025  1  4  6 50   0.00000000                            
PL51  -6673.828904   6769.126210   7670.091296              
VL51  45485.581863   -684.947999  40040.177248              
*  2025  1  4  6 52   0.00000000                            
PL51  -6118.193524   6745.683385   8138.238458              
VL51  47089.228900  -3225.905895  37963.812693              
*  2025  1  4  6 54   0.00000000                            
PL51  -5544.443840   6691.637679   8580.743373              
VL51  48503.793679  -5783.557052  35767.603589              
*  2025  1  4  6 56   0.00000000                            
PL51  -4954.877435   6606.856381   8996.209512              
VL51  49724.644262  -8346.614501  33458.548194              
*  2025  1  4  6 58   0.00000000                            
PL51  -4351.842610   6491.342806   9383.326575              
VL51  50747.962481 -10903.702745  31044.015164              
*  2025  1  4  7  0   0.00000000                            
PL51  -3737.728532   6345.237046   9740.874778              
VL51  51570.757620 -13443.409359  28531.717852              
*  2025  1  4  7  2   0.00000000                            
PL51  -3114.955238   6168.816109  10067.728833              
VL51  52190.876215 -15954.336799  25929.687403              
*  2025  1  4  7  4   0.00000000                            
PL51  -2485.963555   5962.493422  10362.861593              
VL51  52607.007982 -18425.154155  23246.244774              
*  2025  1  4  7  6   0.00000000                            
PL51  -1853.204959   5726.817727  10625.347356              
VL51  52818.687870 -20844.648591  20489.971810              
*  2025  1  4  7  8   0.00000000                            
PL51  -1219.131443   5462.471356  10854.364820              
VL51  52826.294261 -23201.776224  17669.681505              
*  2025  1  4  7 10   0.00000000                            
PL51   -586.185427   5170.267903  11049.199674              
VL51  52631.043382 -25485.712200  14794.387593              
*  2025  1  4  7 12   0.00000000                            
PL51     43.210248   4851.149302  11209.246822              
VL51  52234.979973 -27685.899739  11873.273562              
*  2025  1  4  7 14   0.00000000                            
PL51    666.662186   4506.182318  11334.012231              
VL51  51640.964315 -29792.097904   8915.661256              
*  2025  1  4  7 16   0.00000000                            
PL51   1281.816125   4136.554482  11423.114402              
VL51  50852.655700 -31794.427905   5930.979147              
*  2025  1  4  7 18   0.00000000                            
PL51   1886.366413   3743.569472  11476.285456              
VL51  49874.492459 -33683.417707   2928.730436              
*  2025  1  4  7 20   0.00000000                            
PL51   2478.065215   3328.641977  11493.371845              
VL51  48711.668679 -35450.044756    -81.538938              
*  2025  1  4  7 22   0.00000000                            
PL51   3054.731429   2893.292052  11474.334666              
VL51  47370.107741 -37085.776636  -3090.272226              
*  2025  1  4  7 24   0.00000000                            
PL51   3614.259265   2439.139012  11419.249603              
VL51  45856.432836 -38582.609479  -6087.933651              
*  2025  1  4  7 26   0.00000000                            
PL51   4154.626449   1967.894861  11328.306486              
VL51  44177.934619 -39933.103963  -9065.039923              
*  2025  1  4  7 28   0.00000000                            
PL51   4673.902026   1481.357322  11201.808475              
VL51  42342.536173 -41130.418751 -12012.191366              
*  2025  1  4  7 30   0.00000000                            
PL51   5170.253724    981.402471  11040.170869              
VL51  40358.755473 -42168.341239 -14920.102586              
*  2025  1  4  7 32   0.00000000                            
PL51   5641.954861    469.977019  10843.919557              
VL51  38235.665531 -43041.315472 -17779.632538              
*  2025  1  4  7 34   0.00000000                            
PL51   6087.390751    -50.909714  10613.689105              
VL51  35982.852423 -43744.467127 -20581.813930              
*  2025  1  4  7 36   0.00000000                            
PL51   6505.064601   -579.194119  10350.220502              
VL51  33610.371407 -44273.625472 -23317.881853              
*  2025  1  4  7 38   0.00000000                            
PL51   6893.602868  -1112.766858  10054.358562              
VL51  31128.701343 -44625.342196 -25979.301546              
*  2025  1  4  7 40   0.00000000                            
PL51   7251.760064  -1649.481622   9727.049000              
VL51  28548.697625 -44796.907061 -28557.795213              
*  2025  1  4  7 42   0.00000000                            
PL51   7578.422982  -2187.164077   9369.335196              
VL51  25881.543848 -44786.360310 -31045.367809              
*  2025  1  4  7 44   0.00000000                            
PL51   7872.614344  -2723.620918   8982.354645              
VL51  23138.702440 -44592.501791 -33434.331717              
*  2025  1  4  7 46   0.00000000                            
PL51   8133.495839  -3256.649029   8567.335136              
VL51  20331.864478 -44214.896775 -35717.330226              
*  2025  1  4  7 48   0.00000000                            
PL51   8360.370572  -3784.044683   8125.590639              
VL51  17472.898915 -43653.878461 -37887.359770              
*  2025  1  4  7 50   0.00000000                            
PL51   8552.684883  -4303.612757   7658.516941              
VL51  14573.801457 -42910.547156 -39937.790823              
*  2025  1  4  7 52   0.00000000                            
PL51   8710.029568  -4813.175914   7167.587045              
VL51  11646.643307 -41986.766176 -41862.387426              
*  2025  1  4  7 54   0.00000000                            
PL51   8832.140472  -5310.583721   6654.346328              
VL51   8703.520008 -40885.154480 -43655.325253              
*  2025  1  4  7 56   0.00000000                            
PL51   8918.898481  -5793.721656   6120.407510              
VL51   5756.500618 -39609.076101 -45311.208200              
*  2025  1  4  7 58   0.00000000                            
PL51   8970.328895  -6260.519966   5567.445416              
VL51   2817.577430 -38162.626436 -46825.083422              
*  2025  1  4  8  0   0.00000000                            
PL51   8986.600217  -6708.962351   4997.191578              
VL51   -101.383536 -36550.615487 -48192.454801              
*  2025  1  4  8  2   0.00000000                            
PL51   8968.022339  -7137.094421   4411.428682              
VL51  -2988.691065 -34778.548130 -49409.294806              
*  2025  1  4  8  4   0.00000000                            
PL51   8915.044162  -7543.031902   3811.984880              
VL51  -5832.876085 -32852.601550 -50472.054727              
*  2025  1  4  8  6   0.00000000                            
PL51   8828.250652  -7924.968554   3200.727993              
VL51  -8622.737627 -30779.599937 -51377.673260              
*  2025  1  4  8  8   0.00000000                            
PL51   8708.359357  -8281.183774   2579.559615              
VL51 -11347.387217 -28566.986603 -52123.583456              
*  2025  1  4  8 10   0.00000000                            
PL51   8556.216396  -8610.049839   1950.409152              
VL51 -13996.291513 -26222.793648 -52707.718007              
*  2025  1  4  8 12   0.00000000                            
PL51   8372.791953  -8910.038785   1315.227801              
VL51 -16559.313044 -23755.609343 -53128.512911              
*  2025  1  4  8 14   0.00000000                            
PL51   8159.175291  -9179.728871    675.982495              
VL51 -19026.748879 -21174.543383 -53384.909496              
*  2025  1  4  8 16   0.00000000                            
PL51   7916.569319  -9417.810617     34.649838              
VL51 -21389.367101 -18489.190185 -53476.354868              
*  2025  1  4  8 18   0.00000000                            
PL51   7646.284730  -9623.092394   -606.789964              
VL51 -23638.440962 -15709.590404 -53402.800768              
*  2025  1  4  8 20   0.00000000                            
PL51   7349.733749  -9794.505539  -1246.359138              
VL51 -25765.780596 -12846.190846 -53164.700905              
*  2025  1  4  8 22   0.00000000                            
PL51   7028.423507  -9931.108978  -1882.088349              
VL51 -27763.762200  -9909.802957 -52763.006791              
*  2025  1  4  8 24   0.00000000                            
PL51   6683.949094 -10032.093352  -2512.022640              
VL51 -29625.354597  -6911.560078 -52199.162120              
*  2025  1  4  8 26   0.00000000                            
PL51   6317.986296 -10096.784614  -3134.227296              
VL51 -31344.143112  -3862.873650 -51475.095749              
*  2025  1  4  8 28   0.00000000                            
PL51   5932.284069 -10124.647099  -3746.793618              
VL51 -32914.350690   -775.388557 -50593.213331              
*  2025  1  4  8 30   0.00000000                            
PL51   5528.656775 -10115.286057  -4347.844588              
VL51 -34330.856234   2339.062211 -49556.387659              
*  2025  1  4  8 32   0.00000000                            
PL51   5108.976214 -10068.449631  -4935.540411              
VL51 -35589.210109   5468.503383 -48367.947783              
*  2025  1  4  8 34   0.00000000                            
PL51   4675.163490  -9984.030292  -5508.083918              
VL51 -36685.646821   8600.863551 -47031.666971              
*  2025  1  4  8 36   0.00000000                            
PL51   4229.180735  -9862.065714  -6063.725821              
VL51 -37617.094841  11724.021440 -45551.749574              
*  2025  1  4  8 38   0.00000000                            
PL51   3773.022740  -9702.739091  -6600.769798              
VL51 -38381.183617  14825.852152 -43932.816880              
*  2025  1  4  8 40   0.00000000                            
PL51   3308.708515  -9506.378911  -7117.577410              
VL51 -38976.247765  17894.273204 -42179.892005              
*  2025  1  4  8 42   0.00000000                            
PL51   2838.272816  -9273.458167  -7612.572828              
VL51 -39401.328511  20917.290218 -40298.383923              
*  2025  1  4  8 44   0.00000000                            
PL51   2363.757666  -9004.593029  -8084.247360              
VL51 -39656.172392  23883.042117 -38294.070666              
*  2025  1  4  8 46   0.00000000                            
PL51   1887.203920  -8700.540978  -8531.163780              
VL51 -39741.227307  26779.845688 -36173.081787              
*  2025  1  4  8 48   0.00000000                            
PL51   1410.642881  -8362.198407  -8951.960432              
VL51 -39657.635946  29596.239375 -33941.880127              
*  2025  1  4  8 50   0.00000000                            
PL51    936.088012  -7990.597701  -9345.355123              
VL51 -39407.226684  32321.026196 -31607.242939              
*  2025  1  4  8 52   0.00000000                            
PL51    465.526782  -7586.903813  -9710.148775              
VL51 -38992.501998  34943.315659 -29176.242438              
*  2025  1  4  8 54   0.00000000                            
PL51      0.912653  -7152.410337 -10045.228845              
VL51 -38416.624487  37452.564565 -26656.225797              
*  2025  1  4  8 56   0.00000000                            
PL51   -455.842745  -6688.535106 -10349.572506              
VL51 -37683.400572  39838.616590 -24054.794658              
*  2025  1  4  8 58   0.00000000                            
PL51   -902.877230  -6196.815312 -10622.249572              
VL51 -36797.261949  42091.740563 -21379.784179              
*  2025  1  4  9  0   0.00000000                            
PL51  -1338.385449  -5678.902186 -10862.425173              
VL51 -35763.244888  44202.667327 -18639.241657              
*  2025  1  4  9  2   0.00000000                            
PL51  -1760.626000  -5136.555241 -11069.362171              
VL51 -34586.967463  46162.625096 -15841.404765              
*  2025  1  4  9  4   0.00000000                            
PL51  -2167.928266  -4571.636096 -11242.423313              
VL51 -33274.604779  47963.373225 -12994.679423              
*  2025  1  4  9  6   0.00000000                            
PL51  -2558.698939  -3986.101909 -11381.073113              
VL51 -31832.862319  49597.234312 -10107.617328              
*  2025  1  4  9  8   0.00000000                            
PL51  -2931.428219  -3381.998437 -11484.879466              
VL51 -30268.947457  51057.124527  -7188.893174              
*  2025  1  4  9 10   0.00000000                            
PL51  -3284.695655  -2761.452736 -11553.514987              
VL51 -28590.539266  52336.582119  -4247.281570              
*  2025  1  4  9 12   0.00000000                            
PL51  -3617.175619  -2126.665537 -11586.758069              
VL51 -26805.756673  53429.793985  -1291.633685              
*  2025  1  4  9 14   0.00000000                            
PL51  -3927.642380  -1479.903313 -11584.493660              
VL51 -24923.125092  54331.620250   1669.146370              
*  2025  1  4  9 16   0.00000000                            
PL51  -4214.974779   -823.490063 -11546.713756              
VL51 -22951.541582  55037.616755   4626.125403              
*  2025  1  4  9 18   0.00000000                            
PL51  -4478.160471   -159.798838 -11473.517606              
VL51 -20900.238671  55544.055385   7570.365227              
*  2025  1  4  9 20   0.00000000                            
PL51  -4716.299727    508.756961 -11365.111625              
VL51 -18778.746903  55847.942151  10492.946957              
*  2025  1  4  9 22   0.00000000                            
PL51  -4928.608782   1179.732490 -11221.809017              
VL51 -16596.856233  55947.032929  13384.995497              
*  2025  1  4  9 24   0.00000000                            
PL51  -5114.422706   1850.660542 -11044.029100              
VL51 -14364.576355  55839.846798  16237.704196              
*  2025  1  4  9 26   0.00000000                            
PL51  -5273.197804   2519.060775 -10832.296340              
VL51 -12092.096079  55525.676853  19042.359639              
*  2025  1  4  9 28   0.00000000                            
PL51  -5404.513513   3182.449050 -10587.239077              
VL51  -9789.741862  55004.598434  21790.366553              
*  2025  1  4  9 30   0.00000000                            
PL51  -5508.073803   3838.346853 -10309.587962              
VL51  -7467.935621  54277.474663  24473.272776              
*  2025  1  4  9 32   0.00000000                            
PL51  -5583.708066   4484.290772 -10000.174089              
VL51  -5137.151932  53345.959213  27082.794247              
*  2025  1  4  9 34   0.00000000                            
PL51  -5631.371489   5117.841981  -9659.926827              
VL51  -2807.874779  52212.496222  29610.839954              
*  2025  1  4  9 36   0.00000000                            
PL51  -5651.144905   5736.595715  -9289.871352              
VL51   -490.553964  50880.317272  32049.536789              
*  2025  1  4  9 38   0.00000000                            
PL51  -5643.234122   6338.190683  -8891.125890              
VL51   1804.438651  49353.435380  34391.254222              
*  2025  1  4  9 40   0.00000000                            
PL51  -5607.968721   6920.318395  -8464.898655              
VL51   4066.852920  47636.635920  36628.628729              
*  2025  1  4  9 42   0.00000000                            
PL51  -5545.800340   7480.732360  -8012.484497              
VL51   6286.604033  45735.464445  38754.587883              
*  2025  1  4  9 44   0.00000000                            
PL51  -5457.300423   8017.257120  -7535.261275              
VL51   8453.815822  43656.211359  40762.374013              
*  2025  1  4  9 46   0.00000000                            
PL51  -5343.157463   8527.797081  -7034.685933              
VL51  10558.863548  41405.893429  42645.567350              
*  2025  1  4  9 48   0.00000000                            
PL51  -5204.173731   9010.345100  -6512.290311              
VL51  12592.416005  38992.232113  44398.108536              
*  2025  1  4  9 50   0.00000000                            
PL51  -5041.261502   9462.990798  -5969.676692              
VL51  14545.476733  36423.628721  46014.320412              
*  2025  1  4  9 52   0.00000000                            
PL51  -4855.438803   9883.928552  -5408.513084              
VL51  16409.424149  33709.136429  47488.928953              
*  2025  1  4  9 54   0.00000000                            
PL51  -4647.824673  10271.465136  -4830.528265              
VL51  18176.050397  30858.429183  48817.083256              
*  2025  1  4  9 56   0.00000000                            
PL51  -4419.633976  10624.026963  -4237.506592              
VL51  19837.598709  27881.767560  49994.374447              
*  2025  1  4  9 58   0.00000000                            
PL51  -4172.171770  10940.166913  -3631.282583              
VL51  21386.799078  24789.961664  51016.853398              
*  2025  1  4 10  0   0.00000000                            
PL51  -3906.827265  11218.570683  -3013.735309              
VL51  22816.902038  21594.331170  51881.047123              
*  2025  1  4 10  2   0.00000000                            
PL51  -3625.067381  11458.062653  -2386.782581              
VL51  24121.710343  18306.662633  52583.973756              
*  2025  1  4 10  4   0.00000000                            
PL51  -3328.429943  11657.611218  -1752.374978              
VL51  25295.608370  14939.164221  53123.155973              
*  2025  1  4 10  6   0.00000000                            
PL51  -3018.516537  11816.333561  -1112.489722              
VL51  26333.589027  11504.418048  53496.632770              
*  2025  1  4 10  8   0.00000000                            
PL51  -2696.985063  11933.499848   -469.124416              
VL51  27231.278017   8015.330288  53702.969472              
*  2025  1  4 10 10   0.00000000                            
PL51  -2365.542003  12008.536805    175.709319              
VL51  27984.955261   4485.079316  53741.265896              
*  2025  1  4 10 12   0.00000000                            
PL51  -2025.934466  12041.030665    819.992301              
VL51  28591.573348    927.062105  53611.162574              
*  2025  1  4 10 14   0.00000000                            
PL51  -1679.942012  12030.729458   1461.704298              
VL51  29048.772849  -2645.160856  53312.844957              
*  2025  1  4 10 16   0.00000000                            
PL51  -1329.368324  11977.544644   2098.830586              
VL51  29354.894409  -6217.921829  52847.045580              
*  2025  1  4 10 18   0.00000000                            
PL51   -976.032755  11881.552053   2729.368517              
VL51  29508.987489  -9777.503009  52215.044104              
*  2025  1  4 10 20   0.00000000                            
PL51   -621.761779  11742.992139   3351.334069              
VL51  29510.815706 -13310.194303  51418.665265              
*  2025  1  4 10 22   0.00000000                            
PL51   -268.380413  11562.269542   3962.768371              
VL51  29360.858708 -16802.351419  50460.274680              
*  2025  1  4 10 24   0.00000000                            
PL51     82.296372  11339.951946   4561.744151              
VL51  29060.310556 -20240.453959  49342.772536              
*  2025  1  4 10 26   0.00000000                            
PL51    428.472198  11076.768249   5146.372107              
VL51  28611.074602 -23611.163215  48069.585181              
*  2025  1  4 10 28   0.00000000                            
PL51    768.377738  10773.606038   5714.807160              
VL51  28015.754878 -26901.379362  46644.654621              
*  2025  1  4 10 30   0.00000000                            
PL51   1100.279063  10431.508380   6265.254565              
VL51  27277.644022 -30098.297744  45072.425983              
*  2025  1  4 10 32   0.00000000                            
PL51   1422.485809  10051.669952   6795.975867              
VL51  26400.707797 -33189.463961  43357.832978              
*  2025  1  4 10 34   0.00000000                            
PL51   1733.359148   9635.432513   7305.294666              
VL51  25389.566278 -36162.827448  41506.281438              
*  2025  1  4 10 36   0.00000000                            
PL51   2031.319511   9184.279748   7791.602172              
VL51  24249.471812 -39006.793270  39523.631001              
*  2025  1  4 10 38   0.00000000                            
PL51   2314.854025   8699.831494   8253.362536              
VL51  22986.283863 -41710.271852  37416.175044              
*  2025  1  4 10 40   0.00000000                            
PL51   2582.523635   8183.837395   8689.117924              
VL51  21606.440882 -44262.726402  35190.618954              
*  2025  1  4 10 42   0.00000000                            
PL51   2832.969869   7638.169994   9097.493321              
VL51  20116.929365 -46654.217769  32854.056873              
*  2025  1  4 10 44   0.00000000                            
PL51   3064.921211   7064.817305   9477.201054              
VL51  18525.250274 -48875.446553  30413.947003              
*  2025  1  4 10 46   0.00000000                            
PL51   3277.199069   6465.874900   9827.045003              
VL51  16839.382990 -50917.792242  27878.085629              
*  2025  1  4 10 48   0.00000000                            
PL51   3468.723281   5843.537541  10145.924496              
VL51  15067.747025 -52773.349217  25254.579945              
*  2025  1  4 10 50   0.00000000                            
PL51   3638.517159   5200.090404  10432.837871              
VL51  13219.161670 -54434.959469  22551.819845              
*  2025  1  4 10 52   0.00000000                            
PL51   3785.712036   4537.899927  10686.885699              
VL51  11302.803818 -55896.241887  19778.448779              
*  2025  1  4 10 54   0.00000000                            
PL51   3909.551294   3859.404329  10907.273640              
VL51   9328.164180 -57151.618001  16943.333823              
*  2025  1  4 10 56   0.00000000                            
PL51   4009.393863   3167.103842  11093.314953              
VL51   7305.002113 -58196.334093  14055.535085              
*  2025  1  4 10 58   0.00000000                            
PL51   4084.717166   2463.550702  11244.432617              
VL51   5243.299314 -59026.479592  11124.274581              
*  2025  1  4 11  0   0.00000000                            
PL51   4135.119501   1751.338935  11360.161091              
VL51   3153.212603 -59639.001713   8158.904703              
*  2025  1  4 11  2   0.00000000                            
PL51   4160.321865   1033.094002  11440.147686              
VL51   1045.026025 -60031.716297   5168.876411              
*  2025  1  4 11  4   0.00000000                            
PL51   4160.169182    311.462320  11484.153555              
VL51  -1070.897470 -60203.314843   2163.707269              
*  2025  1  4 11  6   0.00000000                            
PL51   4134.630961   -410.899261  11492.054303              
VL51  -3184.164561 -60153.367737   -847.050569              
*  2025  1  4 11  8   0.00000000                            
PL51   4083.801375  -1131.334008  11463.840207              
VL51  -5284.400059 -59882.323684  -3853.842299              
*  2025  1  4 11 10   0.00000000                            
PL51   4007.898744  -1847.195823  11399.616059              
VL51  -7361.295141 -59391.505384  -6847.142224              
*  2025  1  4 11 12   0.00000000                            
PL51   3907.264461  -2555.859687  11299.600630              
VL51  -9404.655114 -58683.101490  -9817.485219              
*  2025  1  4 11 14   0.00000000                            
PL51   3782.361331  -3254.731983  11164.125748              
VL51 -11404.446452 -57760.154923 -12755.497792              
*  2025  1  4 11 16   0.00000000                            
PL51   3633.771367  -3941.260659  10993.635025              
VL51 -13350.842922 -56626.547602 -15651.928638              
*  2025  1  4 11 18   0.00000000                            
PL51   3462.193023  -4612.945191  10788.682204              
VL51 -15234.270563 -55286.981713 -18497.678568              
*  2025  1  4 11 20   0.00000000                            
PL51   3268.437913  -5267.346290  10549.929158              
VL51 -17045.451326 -53746.957602 -21283.829730              
*  2025  1  4 11 22   0.00000000                            
PL51   3053.426997  -5902.095340  10278.143544              
VL51 -18775.445181 -52012.748441 -24001.674009              
*  2025  1  4 11 24   0.00000000                            
PL51   2818.186285  -6514.903494   9974.196122              
VL51 -20415.690508 -50091.371791 -26642.740523              
*  2025  1  4 11 26   0.00000000                            
PL51   2563.842065  -7103.570431   9639.057744              
VL51 -21958.042601 -47990.558231 -29198.822129              
*  2025  1  4 11 28   0.00000000                            
PL51   2291.615673  -7665.992702   9273.796038              
VL51 -23394.810114 -45718.717206 -31662.000870              
*  2025  1  4 11 30   0.00000000                            
PL51   2002.817851  -8200.171665   8879.571791              
VL51 -24718.789329 -43284.900257 -34024.672278              
*  2025  1  4 11 32   0.00000000                            
PL51   1698.842699  -8704.220953   8457.635046              
VL51 -25923.296066 -40698.761826 -36279.568477              
*  2025  1  4 11 34   0.00000000                            
PL51   1381.161259  -9176.373463   8009.320930              
VL51 -27002.195148 -37970.517806 -38419.780020              
*  2025  1  4 11 36   0.00000000                            
PL51   1051.314769  -9614.987835   7536.045232              
VL51 -27949.927277 -35110.902020 -40438.776399              
*  2025  1  4 11 38   0.00000000                            
PL51    710.907598 -10018.554398   7039.299736              
VL51 -28761.533219 -32131.120854 -42330.425161              
*  2025  1  4 11 40   0.00000000                            
PL51    361.599918 -10385.700556   6520.647336              
VL51 -29432.675223 -29042.806213 -44089.009599              
*  2025  1  4 11 42   0.00000000                            
PL51      5.100132 -10715.195610   5981.716954              
VL51 -29959.655565 -25857.967043 -45709.244945              
*  2025  1  4 11 44   0.00000000                            
PL51   -356.842906 -11005.954979   5424.198260              
VL51 -30339.432178 -22588.939623 -47186.293035              
*  2025  1  4 11 46   0.00000000                            
PL51   -722.447835 -11257.043833   4849.836239              
VL51 -30569.631302 -19248.336855 -48515.775408              
*  2025  1  4 11 48   0.00000000                            
PL51  -1089.908869 -11467.680095   4260.425599              
VL51 -30648.557113 -15848.996771 -49693.784804              
*  2025  1  4 11 50   0.00000000                            
PL51  -1457.403972 -11637.236838   3657.805059              
VL51 -30575.198325 -12403.930502 -50716.895035              
*  2025  1  4 11 52   0.00000000                            
PL51  -1823.103102 -11765.244044   3043.851521              
VL51 -30349.231744  -8926.269926 -51582.169208              
*  2025  1  4 11 54   0.00000000                            
PL51  -2185.176469 -11851.389740   2420.474165              
VL51 -29971.022798  -5429.215236 -52287.166301              
*  2025  1  4 11 56   0.00000000                            
PL51  -2541.802792 -11895.520505   1789.608459              
VL51 -29441.623054  -1925.982663 -52829.946072              
*  2025  1  4 11 58   0.00000000                            
PL51  -2891.177496 -11897.641347   1153.210134              
VL51 -28762.764780   1570.247424 -53209.072321              
*  2025  1  4 12  0   0.00000000                            
PL51  -3231.520840 -11857.914969    513.249120              
VL51 -27936.852605   5046.381825 -53423.614525              
*  2025  1  4 12  2   0.00000000                            
PL51  -3561.085917 -11776.660414   -128.296519              
VL51 -26966.952341   8489.464992 -53473.147863              
*  2025  1  4 12  4   0.00000000                            
PL51  -3878.166510 -11654.351120   -769.446651              
VL51 -25856.777059  11886.728509 -53357.751679              
*  2025  1  4 12  6   0.00000000                            
PL51  -4181.104758 -11491.612378  -1408.225104              
VL51 -24610.670504  15225.639369 -53078.006408              
*  2025  1  4 12  8   0.00000000                            
PL51  -4468.298618 -11289.218232  -2042.665657              
VL51 -23233.587953  18493.946864 -52634.989018              
*  2025  1  4 12 10   0.00000000                            
PL51  -4738.209070 -11048.087808  -2670.817964              
VL51 -21731.074635  21679.727935 -52030.267014              
*  2025  1  4 12 12   0.00000000                            
PL51  -4989.367058 -10769.281128  -3290.753393              
VL51 -20109.241805  24771.430803 -51265.891056              
*  2025  1  4 12 14   0.00000000                            
PL51  -5220.380131 -10453.994395  -3900.570777              
VL51 -18374.740636  27757.916749 -50344.386243              
*  2025  1  4 12 16   0.00000000                            
PL51  -5429.938747 -10103.554801  -4498.402050              
VL51 -16534.734027  30628.499908 -49268.742134              
*  2025  1  4 12 18   0.00000000                            
PL51  -5616.822244  -9719.414858  -5082.417749              
VL51 -14596.866492  33372.984937 -48042.401556              
*  2025  1  4 12 20   0.00000000                            
PL51  -5779.904421  -9303.146304  -5650.832385              
VL51 -12569.232257  35981.702476 -46669.248283              
*  2025  1  4 12 22   0.00000000                            
PL51  -5918.158742  -8856.433585  -6201.909652              
VL51 -10460.341720  38445.542285 -45153.593642              
*  2025  1  4 12 24   0.00000000                            
PL51  -6030.663118  -8381.066960  -6733.967476              
VL51  -8279.086416  40755.983997 -43500.162123              
*  2025  1  4 12 26   0.00000000                            
PL51  -6116.604262  -7878.935252  -7245.382878              
VL51  -6034.702641  42905.125409 -41714.076066              
*  2025  1  4 12 28   0.00000000                            
PL51  -6175.281607  -7352.018269  -7734.596655              
VL51  -3736.733868  44885.708276 -39800.839482              
*  2025  1  4 12 30   0.00000000                            
PL51  -6206.110754  -6802.378939  -8200.117856              
VL51  -1394.992118  46691.141544 -37766.321074              
*  2025  1  4 12 32   0.00000000                            
PL51  -6208.626466  -6232.155172  -8640.528055              
VL51    980.481591  48315.522022 -35616.736528              
*  2025  1  4 12 34   0.00000000                            
PL51  -6182.485169  -5643.551501  -9054.485406              
VL51   3379.457562  49753.652446 -33358.630115              
*  2025  1  4 12 36   0.00000000                            
PL51  -6127.466973  -5038.830509  -9440.728470              
VL51   5791.558375  51001.056935 -30998.855671              
*  2025  1  4 12 38   0.00000000                            
PL51  -6043.477197  -4420.304098  -9798.079811              
VL51   8206.300341  52053.993833 -28544.556990              
*  2025  1  4 12 40   0.00000000                            
PL51  -5930.547392  -3790.324610 -10125.449363              
VL51  10613.135319  52909.465936 -26003.147698              
*  2025  1  4 12 42   0.00000000                            
PL51  -5788.835865  -3151.275849 -10421.837536              
VL51  13001.492775  53565.228105 -23382.290623              
*  2025  1  4 12 44   0.00000000                            
PL51  -5618.627690  -2505.564022 -10686.338084              
VL51  15360.821938  54019.792294 -20689.876733              
*  2025  1  4 12 46   0.00000000                            
PL51  -5420.334223  -1855.608634 -10918.140716              
VL51  17680.633947  54272.429991 -17934.003645              
*  2025  1  4 12 48   0.00000000                            
PL51  -5194.492106  -1203.833378 -11116.533443              
VL51  19950.543851  54323.172112 -15122.953770              
*  2025  1  4 12 50   0.00000000                            
PL51  -4941.761764   -552.657028 -11280.904660              
VL51  22160.312355  54172.806364 -12265.172093              
*  2025  1  4 12 52   0.00000000                            
PL51  -4662.925417     95.515610 -11410.744969              
VL51  24299.887183  53822.872111  -9369.243639              
*  2025  1  4 12 54   0.00000000                            
PL51  -4358.884583    738.302673 -11505.648715              
VL51  26359.443954  53275.652763  -6443.870621              
*  2025  1  4 12 56   0.00000000                            
PL51  -4030.657104   1373.354117 -11565.315260              
VL51  28329.426444  52534.165737  -3497.849307              
*  2025  1  4 12 58   0.00000000                            
PL51  -3679.373689   1998.360450 -11589.549965              
VL51  30200.586131  51602.150000   -540.046608              
*  2025  1  4 13  0   0.00000000                            
PL51  -3306.273991   2611.061302 -11578.264903              
VL51  31964.020890  50484.051235   2420.623594              
*  2025  1  4 13  2   0.00000000                            
PL51  -2912.702219   3209.253808 -11531.479274              
VL51  33611.212736  49185.004655   5375.224364              
*  2025  1  4 13  4   0.00000000                            
PL51  -2500.102309   3790.800766 -11449.319539              
VL51  35134.064479  47710.815495   8314.819858              
*  2025  1  4 13  6   0.00000000                            
PL51  -2070.012664   4353.638549 -11332.019263              
VL51  36524.935174  46067.937226  11230.499682              
*  2025  1  4 13  8   0.00000000                            
PL51  -1624.060465   4895.784742 -11179.918657              
VL51  37776.674241  44263.447499  14113.403438              
*  2025  1  4 13 10   0.00000000                            
PL51  -1163.955596   5415.345478 -10993.463836              
VL51  38882.654107  42305.021885  16954.745436              
*  2025  1  4 13 12   0.00000000                            
PL51   -691.484178   5910.522441 -10773.205770              
VL51  39836.801264  40200.905432  19745.839528              
*  2025  1  4 13 14   0.00000000                            
PL51   -208.501742   6379.619522 -10519.798941              
VL51  40633.625578  37959.882097  22478.124048              
*  2025  1  4 13 16   0.00000000                            
PL51    283.073939   6821.049090 -10233.999698              
VL51  41268.247725  35591.242101  25143.186801              
*  2025  1  4 13 18   0.00000000                            
PL51    781.270331   7233.337863  -9916.664317              
VL51  41736.424618  33104.747273  27732.790048              
*  2025  1  4 13 20   0.00000000                            
PL51   1284.067921   7615.132348  -9568.746753              
VL51  42034.572667  30510.594440  30238.895444              
*  2025  1  4 13 22   0.00000000                            
PL51   1789.408251   7965.203832  -9191.296101              
VL51  42159.788744  27819.376967  32653.688856              
*  2025  1  4 13 24   0.00000000                            
PL51   2295.202208   8282.452901  -8785.453759              
VL51  42109.868715  25042.044499  34969.604994              
*  2025  1  4 13 26   0.00000000                            
PL51   2799.338499   8565.913467  -8352.450292              
VL51  41883.323389  22189.861048  37179.351764              
*  2025  1  4 13 28   0.00000000                            
PL51   3299.692322   8814.756279  -7893.602010              
VL51  41479.391763  19274.361498  39275.934283              
*  2025  1  4 13 30   0.00000000                            
PL51   3794.134164   9028.291905  -7410.307262              
VL51  40898.051433  16307.306686  41252.678430              
*  2025  1  4 13 32   0.00000000                            
PL51   4280.538714   9205.973170  -6904.042445              
VL51  40140.026047  13300.637184  43103.253855              
*  2025  1  4 13 34   0.00000000                            
PL51   4756.793843   9347.397026  -6376.357746              
VL51  39206.789695  10266.425933  44821.696339              
*  2025  1  4 13 36   0.00000000                            
PL51   5220.809623   9452.305855  -5828.872618              
VL51  38100.568128   7216.829915  46402.429376              
*  2025  1  4 13 38   0.00000000                            
PL51   5670.527337   9520.588180  -5263.271001              
VL51  36824.336741   4164.041024  47840.284883              
*  2025  1  4 13 40   0.00000000                            
PL51   6103.928444   9552.278790  -4681.296303              
VL51  35381.815212   1120.236355  49130.522909              
*  2025  1  4 13 42   0.00000000                            
PL51   6519.043464   9547.558259  -4084.746148              
VL51  33777.458788  -1902.471894  50268.850226              
*  2025  1  4 13 44   0.00000000                            
PL51   6913.960733   9506.751865  -3475.466913              
VL51  32016.446152  -4892.086678  51251.437675              
*  2025  1  4 13 46   0.00000000                            
PL51   7286.834998   9430.327912  -2855.348059              
VL51  30104.663859  -7836.776287  52074.936176              
*  2025  1  4 13 48   0.00000000                            
PL51   7635.895798   9318.895440  -2226.316279              
VL51  28048.687375 -10724.924209  52736.491251              
*  2025  1  4 13 50   0.00000000                            
PL51   7959.455599   9173.201351  -1590.329492              
VL51  25855.758703 -13545.178435  53233.755995              
*  2025  1  4 13 52   0.00000000                            
PL51   8255.917646   8994.126940   -949.370672              
VL51  23533.760691 -16286.499938  53564.902357              
*  2025  1  4 13 54   0.00000000                            
PL51   8523.783478   8782.683855   -305.441572              
VL51  21091.188065 -18938.210094  53728.630660              
*  2025  1  4 13 56   0.00000000                            
PL51   8761.660085   8540.009494    339.443671              
VL51  18537.115291 -21490.036762  53724.177271              
*  2025  1  4 13 58   0.00000000                            
PL51   8968.266651   8267.361858    983.265002              
VL51  15881.161389 -23932.158789  53551.320337              
*  2025  1  4 14  0   0.00000000                            
PL51   9142.440871   7966.113883   1624.002974              
VL51  13133.451829 -26255.248690  53210.383527              
*  2025  1  4 14  2   0.00000000                            
PL51   9283.144779   7637.747268   2259.645305              
VL51  10304.577680 -28450.513239  52702.237721              
*  2025  1  4 14  4   0.00000000                            
PL51   9389.470079   7283.845831   2888.193447              
VL51   7405.552190 -30509.731759  52028.300604              
*  2025  1  4 14  6   0.00000000                            
PL51   9460.642939   6906.088425   3507.669136              
VL51   4447.765003 -32425.291862  51190.534132              
*  2025  1  4 14  8   0.00000000                            
PL51   9496.028226   6506.241433   4116.120890              
VL51   1442.934247 -34190.222432  50191.439856              
*  2025  1  4 14 10   0.00000000                            
PL51   9495.133143   6086.150895   4711.630454              
VL51  -1596.943275 -35798.223653  49034.052105              
*  2025  1  4 14 12   0.00000000                            
PL51   9457.610272   5647.734284   5292.319136              
VL51  -4659.643515 -37243.693908  47721.929049              
*  2025  1  4 14 14   0.00000000                            
PL51   9383.259984   5192.971981   5856.354032              
VL51  -7732.767984 -38521.753368  46259.141670              
*  2025  1  4 14 16   0.00000000                            
PL51   9272.032209   4723.898496   6401.954102              
VL51 -10803.797626 -39628.264165  44650.260690              
*  2025  1  4 14 18   0.00000000                            
PL51   9124.027557   4242.593453   6927.396078              
VL51 -13860.147494 -40559.847008  42900.341518              
*  2025  1  4 14 20   0.00000000                            
PL51   8939.497776   3751.172411   7431.020182              
VL51 -16889.221932 -41313.894169  41014.907297              
*  2025  1  4 14 22   0.00000000                            
PL51   8718.845549   3251.777544   7911.235628              
VL51 -19878.469969 -41888.578765  38999.930115              
*  2025  1  4 14 24   0.00000000                            
PL51   8462.623625   2746.568233   8366.525884              
VL51 -22815.440641 -42282.860304  36861.810499              
*  2025  1  4 14 26   0.00000000                            
PL51   8171.533293   2237.711618   8795.453689              
VL51 -25687.837956 -42496.486464  34607.355285              
*  2025  1  4 14 28   0.00000000                            
PL51   7846.422189   1727.373143   9196.665782              
VL51 -28483.575208 -42529.991131  32243.753968              
*  2025  1  4 14 30   0.00000000                            
PL51   7488.281465   1217.707156   9568.897346              
VL51 -31190.828387 -42384.688706  29778.553664              
*  2025  1  4 14 32   0.00000000                            
PL51   7098.242328    710.847595   9910.976148              
VL51 -33798.088397 -42062.664753  27219.632800              
*  2025  1  4 14 34   0.00000000                            
PL51   6677.571944    208.898805  10221.826345              
VL51 -36294.211846 -41566.763044  24575.173652              
*  2025  1  4 14 36   0.00000000                            
PL51   6227.668764   -286.073460  10500.471962              
VL51 -38668.470170 -40900.569111  21853.633879              
*  2025  1  4 14 38   0.00000000                            
PL51   5750.057253   -772.050828  10746.040022              
VL51 -40910.596839 -40068.390404  19063.717152              
*  2025  1  4 14 40   0.00000000                            
PL51   5246.382076  -1247.070833  10957.763319              
VL51 -43010.832469 -39075.233193  16214.343030              
*  2025  1  4 14 42   0.00000000                            
PL51   4718.401753  -1709.235148  11134.982823              
VL51 -44959.967596 -37926.776341  13314.616187              
*  2025  1  4 14 44   0.00000000                            
PL51   4167.981815  -2156.717482  11277.149714              
VL51 -46749.382953 -36629.342106  10373.795144              
*  2025  1  4 14 46   0.00000000                            
PL51   3597.087495  -2587.771115  11383.827039              
VL51 -48371.087057 -35189.864154   7401.260603              
*  2025  1  4 14 48   0.00000000                            
PL51   3007.775978  -3000.736025  11454.690989              
VL51 -49817.750941 -33615.852941   4406.483545              
*  2025  1  4 14 50   0.00000000                            
PL51   2402.188267  -3394.045595  11489.531786              
VL51 -51082.739909 -31915.358666   1398.993200              
*  2025  1  4 14 52   0.00000000                            
PL51   1782.540666  -3766.232851  11488.254193              
VL51 -52160.142164 -30096.932012  -1611.654979              
*  2025  1  4 14 54   0.00000000                            
PL51   1151.115957  -4115.936226  11450.877637              
VL51 -53044.794220 -28169.582868  -4615.911202              
*  2025  1  4 14 56   0.00000000                            
PL51    510.254282  -4441.904813  11377.535948              
VL51 -53732.303016 -26142.737259  -7604.262997              
*  2025  1  4 14 58   0.00000000                            
PL51   -137.656221  -4743.003090  11268.476728              
VL51 -54219.064644 -24026.192718 -10567.266503              
*  2025  1  4 15  0   0.00000000                            
PL51   -790.188976  -5018.215106  11124.060336              
VL51 -54502.279669 -21830.072308 -13495.577316              
*  2025  1  4 15  2   0.00000000                            
PL51  -1444.888705  -5266.648106  10944.758519              
VL51 -54579.964977 -19564.777522 -16379.980788              
*  2025  1  4 15  4   0.00000000                            
PL51  -2099.281273  -5487.535581  10731.152669              
VL51 -54450.962128 -17240.940288 -19211.421697              
*  2025  1  4 15  6   0.00000000                            
PL51  -2750.883618  -5680.239749  10483.931740              
VL51 -54114.942213 -14869.374296 -21981.033207              
*  2025  1  4 15  8   0.00000000                            
PL51  -3397.213717  -5844.253432  10203.889818              
VL51 -53572.407174 -12461.025856 -24680.165024              
*  2025  1  4 15 10   0.00000000                            
PL51  -4035.800544  -5979.201362   9891.923355              
VL51 -52824.687621 -10026.924527 -27300.410663              
*  2025  1  4 15 12   0.00000000                            
PL51  -4664.193989  -6084.840873   9549.028086              
VL51 -51873.937139  -7578.133720 -29833.633750              
*  2025  1  4 15 14   0.00000000                            
PL51  -5279.974676  -6161.062022   9176.295636              
VL51 -50723.123142  -5125.701509 -32271.993244              
*  2025  1  4 15 16   0.00000000                            
PL51  -5880.763661  -6207.887103   8774.909829              
VL51 -49376.014313  -2680.611872 -34607.967523              
*  2025  1  4 15 18   0.00000000                            
PL51  -6464.231955  -6225.469593   8346.142716              
VL51 -47837.164725   -253.736580 -36834.377230              
*  2025  1  4 15 20   0.00000000                            
PL51  -7028.109835  -6214.092522   7891.350341              
VL51 -46111.894707   2144.212052 -38944.406821              
*  2025  1  4 15 22   0.00000000                            
PL51  -7570.195909  -6174.166278   7411.968246              
VL51 -44206.268604   4502.727339 -40931.624751              
*  2025  1  4 15 24   0.00000000                            
PL51  -8088.365898  -6106.225870   6909.506758              
VL51 -42127.069503   6811.553132 -42790.002241              
*  2025  1  4 15 26   0.00000000                            
PL51  -8580.581092  -6010.927661   6385.546041              
VL51 -39881.771099   9060.727261 -44513.930581              
*  2025  1  4 15 28   0.00000000                            
PL51  -9044.896458  -5889.045584   5841.730965              
VL51 -37478.506813  11240.623344 -46098.236923              
*  2025  1  4 15 30   0.00000000                            
PL51  -9479.468353  -5741.466876   5279.765788              
VL51 -34926.036326  13341.990785 -47538.198533              
*  2025  1  4 15 32   0.00000000                            
PL51  -9882.561832  -5569.187333   4701.408675              
VL51 -32233.709679  15355.992793 -48829.555472              
*  2025  1  4 15 34   0.00000000                            
PL51 -10252.557502  -5373.306129   4108.466077              
VL51 -29411.429120  17274.242294 -49968.521660              
*  2025  1  4 15 36   0.00000000                            
PL51 -10587.957910  -5155.020216   3502.786988              
VL51 -26469.608873  19088.835573 -50951.794327              
*  2025  1  4 15 38   0.00000000                            
PL51 -10887.393436  -4915.618334   2886.257093              
VL51 -23419.133015  20792.383532 -51776.561813              
*  2025  1  4 15 40   0.00000000                            
PL51 -11149.627669  -4656.474656   2260.792842              
VL51 -20271.311670  22378.040436 -52440.509721              
*  2025  1  4 15 42   0.00000000                            
PL51 -11373.562253  -4379.042115   1628.335449              
VL51 -17037.835712  23839.530063 -52941.825419              
*  2025  1  4 15 44   0.00000000                            
PL51 -11558.241170  -4084.845422    990.844854              
VL51 -13730.730204  25171.169149 -53279.200901              
*  2025  1  4 15 46   0.00000000                            
PL51 -11702.854474  -3775.473823    350.293657              
VL51 -10362.306773  26367.888076 -53451.834022              
*  2025  1  4 15 48   0.00000000                            
PL51 -11806.741434  -3452.573629   -291.338946              
VL51  -6945.115147  27425.248730 -53459.428130              
*  2025  1  4 15 50   0.00000000                            
PL51 -11869.393100  -3117.840543   -932.073229              
VL51  -3491.894070  28339.459494 -53302.190138              
*  2025  1  4 15 52   0.00000000                            
PL51 -11890.454274  -2773.011824  -1569.934950              
VL51    -15.521797  29107.387356 -52980.827067              
*  2025  1  4 15 54   0.00000000                            
PL51 -11869.724884  -2419.858330  -2202.961328              
VL51   3471.033605  29726.567113 -52496.541117              
*  2025  1  4 15 56   0.00000000                            
PL51 -11807.160767  -2060.176461  -2829.206951              
VL51   6954.763965  30195.207685 -51851.023306              
*  2025  1  4 15 58   0.00000000                            
PL51 -11702.873851  -1695.780047  -3446.749592              
VL51  10422.670521  30512.195543 -51046.445754              
*  2025  1  4 16  0   0.00000000                            
PL51 -11557.131744  -1328.492210  -4053.695931              
VL51  13861.813054  30677.095300 -50085.452648              
*  2025  1  4 16  2   0.00000000                            
PL51 -11370.356745   -960.137239  -4648.187162              
VL51  17259.358471  30690.147482 -48971.149966              
*  2025  1  4 16  4   0.00000000                            
PL51 -11143.124266   -592.532502  -5228.404464              
VL51  20602.628649  30552.263556 -47707.094008              
*  2025  1  4 16  6   0.00000000                            
PL51 -10876.160694   -227.480445  -5792.574330              
VL51  23879.147391  30265.018246 -46297.278806              
*  2025  1  4 16  8   0.00000000                            
PL51 -10570.340685    133.239317  -6338.973741              
VL51  27076.686330  29830.639235 -44746.122473              
*  2025  1  4 16 10   0.00000000                            
PL51 -10226.683926    487.877752  -6865.935166              
VL51  30183.309630  29251.994303 -43058.452560              
*  2025  1  4 16 12   0.00000000                            
PL51  -9846.351363    834.724009  -7371.851387              
VL51  33187.417349  28532.576018 -41239.490494              
*  2025  1  4 16 14   0.00000000                            
PL51  -9430.640914   1172.112807  -7855.180121              
VL51  36077.787338  27676.484044 -39294.835150              
*  2025  1  4 16 16   0.00000000                            
PL51  -8980.982692   1498.431606  -8314.448452              
VL51  38843.615558  26688.405193 -37230.445646              
*  2025  1  4 16 18   0.00000000                            
PL51  -8498.933759   1812.127523  -8748.257045              
VL51  41474.554714  25573.591307 -35052.623406              
*  2025  1  4 16 20   0.00000000                            
PL51  -7986.172417   2111.713964  -9155.284145              
VL51  43960.751107  24337.835090 -32767.993567              
*  2025  1  4 16 22   0.00000000                            
PL51  -7444.492075   2395.776965  -9534.289343              
VL51  46292.879631  22987.444005 -30383.485777              
*  2025  1  4 16 24   0.00000000                            
PL51  -6875.794707   2662.981201  -9884.117116              
VL51  48462.176831  21529.212332 -27906.314441              
*  2025  1  4 16 26   0.00000000                            
PL51  -6282.083919   2912.075652 -10203.700120              
VL51  50460.471969  19970.391521 -25343.958462              
*  2025  1  4 16 28   0.00000000                            
PL51  -5665.457666   3141.898903 -10492.062243              
VL51  52280.216027  18318.658945 -22704.140521              
*  2025  1  4 16 30   0.00000000                            
PL51  -5028.100625   3351.384060 -10748.321400              
VL51  53914.508603  16582.085162 -19994.805919              
*  2025  1  4 16 32   0.00000000                            
PL51  -4372.276262   3539.563263 -10971.692080              
VL51  55357.122643  14769.099803 -17224.101035              
*  2025  1  4 16 34   0.00000000                            
PL51  -3700.318612   3705.571790 -11161.487625              
VL51  56602.526973  12888.456209 -14400.351406              
*  2025  1  4 16 36   0.00000000                            
PL51  -3014.623807   3848.651714 -11317.122246              
VL51  57645.906576  10949.194901 -11532.039475              
*  2025  1  4 16 38   0.00000000                            
PL51  -2317.641371   3968.155135 -11438.112774              
VL51  58483.180588   8960.606030  -8627.781997              
*  2025  1  4 16 40   0.00000000                            
PL51  -1611.865316   4063.546937 -11524.080132              
VL51  59111.017954   6932.190890  -5696.307157              
*  2025  1  4 16 42   0.00000000                            
PL51   -899.825057   4134.407093 -11574.750532              
VL51  59526.850728   4873.622616  -2746.431375              
*  2025  1  4 16 44   0.00000000                            
PL51   -184.076192   4180.432482 -11589.956398              
VL51  59728.884943   2794.706181    212.964161              
*  2025  1  4 16 46   0.00000000                            
PL51    532.808841   4201.438233 -11569.636997              
VL51  59716.109037    705.337799   3172.957236              
*  2025  1  4 16 48   0.00000000                            
PL51   1248.250191   4197.358572 -11513.838790              
VL51  59488.299766  -1384.536148   6124.608599              
*  2025  1  4 16 50   0.00000000                            
PL51   1959.670075   4168.247175 -11422.715487              
VL51  59046.025563  -3464.960528   9058.986195              
*  2025  1  4 16 52   0.00000000                            
PL51   2664.502288   4114.277023 -11296.527822              
VL51  58390.647307  -5526.013117  11967.189600              
*  2025  1  4 16 54   0.00000000                            
PL51   3360.201700   4035.739759 -11135.643018              
VL51  57524.316443  -7557.846350  14840.374647              
*  2025  1  4 16 56   0.00000000                            
PL51   4044.253723   3933.044540 -10940.533967              
VL51  56449.970432  -9550.729039  17669.778198              
*  2025  1  4 16 58   0.00000000                            
PL51   4714.183697   3806.716391 -10711.778109              
VL51  55171.325479 -11495.087921  20446.743040              
*  2025  1  4 17  0   0.00000000                            
PL51   5367.566183   3657.394060 -10450.056010              
VL51  53692.866510 -13381.548896  23162.742850              
*  2025  1  4 17  2   0.00000000                            
PL51   6002.034107   3485.827389 -10156.149642              
VL51  52019.834387 -15200.977796  25809.407199              
*  2025  1  4 17  4   0.00000000                            
PL51   6615.287749   3292.874186  -9830.940360              
VL51  50158.210309 -16944.520553  28378.546533              
*  2025  1  4 17  6   0.00000000                            
PL51   7205.103511   3079.496632  -9475.406586              
VL51  48114.697411 -18603.642590  30862.177080              
*  2025  1  4 17  8   0.00000000                            
PL51   7769.342461   2846.757212  -9090.621187              
VL51  45896.699533 -20170.167286  33252.545613              
*  2025  1  4 17 10   0.00000000                            
PL51   8305.958599   2595.814195  -8677.748563              
VL51  43512.297169 -21636.313351  35542.154003              
*  2025  1  4 17 12   0.00000000                            
PL51   8813.006818   2327.916673  -8238.041441              
VL51  40970.220614 -22994.730925  37723.783477              
*  2025  1  4 17 14   0.00000000                            
PL51   9288.650525   2044.399174  -7772.837375              
VL51  38279.820318 -24238.536248  39790.518493              
*  2025  1  4 17 16   0.00000000                            
PL51   9731.168894   1746.675867  -7283.554971              
VL51  35451.034500 -25361.344716  41735.770153              
*  2025  1  4 17 18   0.00000000                            
PL51  10138.963710   1436.234385  -6771.689826              
VL51  32494.354076 -26357.302143  43553.299033              
*  2025  1  4 17 20   0.00000000                            
PL51  10510.565777   1114.629280  -6238.810202              
VL51  29420.784963 -27221.114061  45237.237343              
*  2025  1  4 17 22   0.00000000                            
PL51  10844.640862    783.475145  -5686.552440              
VL51  26241.807846 -27948.072876  46782.110296              
*  2025  1  4 17 24   0.00000000                            
PL51  11139.995136    444.439416  -5116.616113              
VL51  22969.335535 -28534.082715  48182.856578              
*  2025  1  4 17 26   0.00000000                            
PL51  11395.580092     99.234894  -4530.758956              
VL51  19615.668018 -28975.681784  49434.847783              
*  2025  1  4 17 28   0.00000000                            
PL51  11610.496912   -250.387979  -3930.791551              
VL51  16193.445370 -29270.062101  50533.906722              
*  2025  1  4 17 30   0.00000000                            
PL51  11784.000255   -602.649077  -3318.571817              
VL51  12715.598690 -29415.086421  51476.324457              
*  2025  1  4 17 32   0.00000000                            
PL51  11915.501446   -955.746723  -2695.999289              
VL51   9195.299250 -29409.302256  52258.875969              
*  2025  1  4 17 34   0.00000000                            
PL51  12004.571046  -1307.865974  -2065.009228              
VL51   5645.906067 -29251.952818  52878.834326              
*  2025  1  4 17 36   0.00000000                            
PL51  12050.940780  -1657.187020  -1427.566566              
VL51   2080.912126 -28942.984819  53333.983261              
*  2025  1  4 17 38   0.00000000                            
PL51  12054.504820  -2001.893657   -785.659711              
VL51  -1486.110515 -28483.052997  53622.628049              
*  2025  1  4 17 40   0.00000000                            
PL51  12015.320399  -2340.181796   -141.294231              
VL51  -5041.566468 -27873.521308  53743.604590              
*  2025  1  4 17 42   0.00000000                            
PL51  11933.607753  -2670.267958    503.513555              
VL51  -8571.893342 -27116.460730  53696.286608              
*  2025  1  4 17 44   0.00000000                            
PL51  11809.749386  -2990.397734   1146.743069              
VL51 -12063.618375 -26214.643626  53480.590891              
*  2025  1  4 17 46   0.00000000                            
PL51  11644.288652  -3298.854146   1786.376010              
VL51 -15503.415065 -25171.534659  53096.980516              
*  2025  1  4 17 48   0.00000000                            
PL51  11437.927667  -3593.965886   2420.402918              
VL51 -18878.159514 -23991.278271  52546.465983              
*  2025  1  4 17 50   0.00000000                            
PL51  11191.524536  -3874.115381   3046.829738              
VL51 -22174.986162 -22678.682744  51830.604249              
*  2025  1  4 17 52   0.00000000                            
PL51  10906.089927  -4137.746644   3663.684366              
VL51 -25381.342633 -21239.200919  50951.495619              
*  2025  1  4 17 54   0.00000000                            
PL51  10582.782990  -4383.372878   4269.023133              
VL51 -28485.043350 -19678.907622  49911.778495              
*  2025  1  4 17 56   0.00000000                            
PL51  10222.906637  -4609.583790   4860.937227              
VL51 -31474.321667 -18004.473926  48714.622000              
*  2025  1  4 17 58   0.00000000                            
PL51   9827.902216  -4815.052574   5437.559002              
VL51 -34337.880198 -16223.138352  47363.716482              
*  2025  1  4 18  0   0.00000000                            
PL51   9399.343583  -4998.542534   5997.068165              
VL51 -37064.939081 -14342.675160  45863.261955              
*  2025  1  4 18  2   0.00000000                            
PL51   8938.930620  -5158.913308   6537.697817              
VL51 -39645.281921 -12371.359891  44217.954519              
*  2025  1  4 18  4   0.00000000                            
PL51   8448.482203  -5295.126666   7057.740311              
VL51 -42069.299161 -10317.932328  42432.970816              
*  2025  1  4 18  6   0.00000000                            
PL51   7929.928679  -5406.251844   7555.552915              
VL51 -44328.028644  -8191.557082  40513.950607              
*  2025  1  4 18  8   0.00000000                            
PL51   7385.303867  -5491.470393   8029.563260              
VL51 -46413.193176  -6001.782005  38466.977537              
*  2025  1  4 18 10   0.00000000                            
PL51   6816.736629  -5550.080525   8478.274540              
VL51 -48317.234876  -3758.494647  36298.558206              
*  2025  1  4 18 12   0.00000000                            
PL51   6226.442051  -5581.500912   8900.270453              
VL51 -50033.346156  -1471.877002  34015.599622              
*  2025  1  4 18 14   0.00000000                            
PL51   5616.712265  -5585.273946   9294.219863              
VL51 -51555.497181    847.641233  31625.385178              
*  2025  1  4 18 16   0.00000000                            
PL51   4989.906977  -5561.068420   9658.881170              
VL51 -52878.459686   3189.430623  29135.549256              
*  2025  1  4 18 18   0.00000000                            
PL51   4348.443719  -5508.681636   9993.106356              
VL51 -53997.827052   5542.710936  26554.050583              
*  2025  1  4 18 20   0.00000000                            
PL51   3694.787891  -5428.040915  10295.844719              
VL51 -54910.030568   7896.600817  23889.144477              
*  2025  1  4 18 22   0.00000000                            
PL51   3031.442623  -5319.204510  10566.146255              
VL51 -55612.351831  10240.167920  21149.354107              
*  2025  1  4 18 24   0.00000000                            
PL51   2360.938523  -5182.361917  10803.164699              
VL51 -56102.931248  12562.479263  18343.440907              
*  2025  1  4 18 26   0.00000000                            
PL51   1685.823334  -5017.833580  11006.160200              
VL51 -56380.772640  14852.651540  15480.374262              
*  2025  1  4 18 28   0.00000000                            
PL51   1008.651568  -4826.069994  11174.501634              
VL51 -56445.743974  17099.901155  12569.300622              
*  2025  1  4 18 30   0.00000000                            
PL51    331.974150  -4607.650210  11307.668540              
VL51 -56298.574244  19293.593733   9619.512152              
*  2025  1  4 18 32   0.00000000                            
PL51   -341.671876  -4363.279754  11405.252679              
VL51 -55940.846571  21423.292873   6640.415059              
*  2025  1  4 18 34   0.00000000                            
PL51  -1009.773538  -4093.787959  11466.959212              
VL51 -55374.987595  23478.807922   3641.497710              
*  2025  1  4 18 36   0.00000000                            
PL51  -1669.851976  -3800.124741  11492.607493              
VL51 -54604.253240  25450.240550    632.298653              
*  2025  1  4 18 38   0.00000000                            
PL51  -2319.472286  -3483.356813  11482.131480              
VL51 -53632.710961  27328.029921  -2377.625326              
*  2025  1  4 18 40   0.00000000                            
PL51  -2956.253143  -3144.663375  11435.579762              
VL51 -52465.218580  29102.996257  -5378.731025              
*  2025  1  4 18 42   0.00000000                            
PL51  -3577.876135  -2785.331287  11353.115208              
VL51 -51107.399842  30766.382599  -8361.520398              
*  2025  1  4 18 44   0.00000000                            
PL51  -4182.094795  -2406.749759  11235.014236              
VL51 -49565.616830  32309.894592 -11316.571779              
*  2025  1  4 18 46   0.00000000                            
PL51  -4766.743278  -2010.404565  11081.665711              
VL51 -47846.939377  33725.738115 -14234.570654              
*  2025  1  4 18 48   0.00000000                            
PL51  -5329.744661  -1597.871831  10893.569478              
VL51 -45959.111654  35006.654596 -17106.339868              
*  2025  1  4 18 50   0.00000000                            
PL51  -5869.118814  -1170.811407  10671.334536              
VL51 -43910.516091  36145.953858 -19922.869188              
*  2025  1  4 18 52   0.00000000                            
PL51  -6382.989836   -730.959860  10415.676860              
VL51 -41710.134827  37137.544375 -22675.344096              
*  2025  1  4 18 54   0.00000000                            
PL51  -6869.593009   -280.123127  10127.416887              
VL51 -39367.508869  37975.960793 -25355.173757              
*  2025  1  4 18 56   0.00000000                            
PL51  -7327.281242    179.831153   9807.476664              
VL51 -36892.695164  38656.388621 -27954.018037              
*  2025  1  4 18 58   0.00000000                            
PL51  -7754.531004    646.981583   9456.876685              
VL51 -34296.221793  39174.685987 -30463.813512              
*  2025  1  4 19  0   0.00000000                            
PL51  -8149.947693   1119.361196   9076.732421              
VL51 -31589.041494  39527.402383 -32876.798383              
*  2025  1  4 19  2   0.00000000                            
PL51  -8512.270452   1594.965844   8668.250553              
VL51 -28782.483735  39711.794324 -35185.536216              
*  2025  1  4 19  4   0.00000000                            
PL51  -8840.376390   2071.762766   8232.724938              
VL51 -25888.205555  39725.837869 -37382.938440              
*  2025  1  4 19  6   0.00000000                            
PL51  -9133.284217   2547.699279   7771.532298              
VL51 -22918.141401  39568.237970 -39462.285539              
*  2025  1  4 19  8   0.00000000                            
PL51  -9390.157266   3020.711563   7286.127677              
VL51 -19884.452189  39238.434617 -41417.246876              
*  2025  1  4 19 10   0.00000000                            
PL51  -9610.305901   3488.733508   6778.039660              
VL51 -16799.473810  38736.605772 -43241.899096              
*  2025  1  4 19 12   0.00000000                            
PL51  -9793.189312   3949.705563   6248.865384              
VL51 -13675.665321  38063.667101 -44930.743056              
*  2025  1  4 19 14   0.00000000                            
PL51  -9938.416672   4401.583580   5700.265352              
VL51 -10525.557043  37221.268520 -46478.719234              
*  2025  1  4 19 16   0.00000000                            
PL51 -10045.747689   4842.347581   5133.958074              
VL51  -7361.698781  36211.787592 -47881.221593              
*  2025  1  4 19 18   0.00000000                            
PL51 -10115.092529   5270.010439   4551.714548              
VL51  -4196.608420  35038.319826 -49134.109851              
*  2025  1  4 19 20   0.00000000                            
PL51 -10146.511125   5682.626419   3955.352608              
VL51  -1042.721077  33704.665932 -50233.720144              
*  2025  1  4 19 22   0.00000000                            
PL51 -10140.211884   6078.299547   3346.731150              
VL51   2087.660935  32215.316130 -51176.874051              
*  2025  1  4 19 24   0.00000000                            
PL51 -10096.549799   6455.191779   2727.744259              
VL51   5182.417155  30575.431578 -51960.885981              
*  2025  1  4 19 26   0.00000000                            
PL51 -10016.023977   6811.530924   2100.315263              
VL51   8229.656803  28790.823058 -52583.568911              
*  2025  1  4 19 28   0.00000000                            
PL51  -9899.274605   7145.618301   1466.390720              
VL51  11217.765215  26867.927000 -53043.238481              
*  2025  1  4 19 30   0.00000000                            
PL51  -9747.079362   7455.836087    827.934371              
VL51  14135.448696  24813.779009 -53338.715456              
*  2025  1  4 19 32   0.00000000                            
PL51  -9560.349310   7740.654340    186.921074              
VL51  16971.777609  22635.985006 -53469.326575              
*  2025  1  4 19 34   0.00000000                            
PL51  -9340.124275   7998.637656   -454.669270              
VL51  19716.227559  20342.690135 -53434.903814              
*  2025  1  4 19 36   0.00000000                            
PL51  -9087.567749   8228.451442  -1094.857761              
VL51  22358.718490  17942.545610 -53235.782079              
*  2025  1  4 19 38   0.00000000                            
PL51  -8803.961332   8428.867782  -1731.672519              
VL51  24889.651593  15444.673632 -52872.795382              
*  2025  1  4 19 40   0.00000000                            
PL51  -8490.698747   8598.770871  -2363.154642              
VL51  27299.943869  12858.630577 -52347.271533              
*  2025  1  4 19 42   0.00000000                            
PL51  -8149.279459   8737.161992  -2987.364088              
VL51  29581.060240  10194.368615 -51661.025396              
*  2025  1  4 19 44   0.00000000                            
PL51  -7781.301915   8843.164032  -3602.385480              
VL51  31725.043132   7462.195938 -50816.350784              
*  2025  1  4 19 46   0.00000000                            
PL51  -7388.456452   8916.025508  -4206.333790              
VL51  33724.539417   4672.735792 -49816.011034              
*  2025  1  4 19 48   0.00000000                            
PL51  -6972.517897   8955.124095  -4797.359918              
VL51  35572.824677   1836.884468 -48663.228352              
*  2025  1  4 19 50   0.00000000                            
PL51  -6535.337888   8959.969651  -5373.656122              
VL51  37263.824727  -1034.231538 -47361.671981              
*  2025  1  4 19 52   0.00000000                            
PL51  -6078.836954   8930.206713  -5933.461312              
VL51  38792.134376  -3929.299060 -45915.445287              
*  2025  1  4 19 54   0.00000000                            
PL51  -5604.996395   8865.616477  -6475.066172              
VL51  40153.033396  -6836.862290 -44329.071816              
*  2025  1  4 19 56   0.00000000                            
PL51  -5115.849974   8766.118244  -6996.818116              
VL51  41342.499710  -9745.367162 -42607.480414              
*  2025  1  4 19 58   0.00000000                            
PL51  -4613.475479   8631.770328  -7497.126057              
VL51  42357.219799 -12643.205929 -40755.989457              
*  2025  1  4 20  0   0.00000000                            
PL51  -4099.986165   8462.770437  -7974.464986              
VL51  43194.596353 -15518.761779 -38780.290282              
*  2025  1  4 20  2   0.00000000                            
PL51  -3577.522137   8259.455513  -8427.380337              
VL51  43852.753189 -18360.453365 -36686.429856              
*  2025  1  4 20  4   0.00000000                            
PL51  -3048.241671   8022.301036  -8854.492155              
VL51  44330.537471 -21156.779099 -34480.792752              
*  2025  1  4 20  6   0.00000000                            
PL51  -2514.312538   7751.919811  -9254.499033              
VL51  44627.519273 -23896.361083 -32170.082478              
*  2025  1  4 20  8   0.00000000                            
PL51  -1977.903348   7449.060216  -9626.181819              
VL51  44743.988527 -26567.988559 -29761.302200              
*  2025  1  4 20 10   0.00000000                            
PL51  -1441.174936   7114.603940  -9968.407104              
VL51  44680.949405 -29160.660734 -27261.734919              
*  2025  1  4 20 12   0.00000000                            
PL51   -906.271842   6749.563213 -10280.130449              
VL51  44440.112193 -31663.628888 -24678.923124              
*  2025  1  4 20 14   0.00000000                            
PL51   -375.313897   6355.077528 -10560.399378              
VL51  44023.882695 -34066.437627 -22020.647978              
*  2025  1  4 20 16   0.00000000                            
PL51    149.612045   5932.409883 -10808.356116              
VL51  43435.349256 -36358.965175 -19294.908054              
*  2025  1  4 20 18   0.00000000                            
PL51    666.460211   5482.942538 -11023.240066              
VL51  42678.267447 -38531.462612 -16509.897676              
*  2025  1  4 20 20   0.00000000                            
PL51   1173.233813   5008.172312 -11204.390030              
VL51  41757.042479 -40574.591932 -13673.984876              
*  2025  1  4 20 22   0.00000000                            
PL51   1667.992724   4509.705429 -11351.246154              
VL51  40676.709428 -42479.462836 -10795.689001              
*  2025  1  4 20 24   0.00000000                            
PL51   2148.860908   3989.251935 -11463.351611              
VL51  39442.911330 -44237.668155  -7883.657996              
*  2025  1  4 20 26   0.00000000                            
PL51   2614.033577   3448.619689 -11540.354007              
VL51  38061.875221 -45841.317808  -4946.645371              
*  2025  1  4 20 28   0.00000000                            
PL51   3061.784038   2889.707969 -11582.006507              
VL51  36540.386186 -47283.071183  -1993.486891              
*  2025  1  4 20 30   0.00000000                            
PL51   3490.470235   2314.500688 -11588.168680              
VL51  34885.759510 -48556.167866    966.923013              
*  2025  1  4 20 32   0.00000000                            
PL51   3898.540924   1725.059256 -11558.807063              
VL51  33105.810981 -49654.456598   3925.655078              
*  2025  1  4 20 34   0.00000000                            
PL51   4284.541499   1123.515108 -11493.995430              
VL51  31208.825449 -50572.422371   6873.769274              
*  2025  1  4 20 36   0.00000000                            
PL51   4647.119423    512.061916 -11393.914780              
VL51  29203.523699 -51305.211560   9802.339089              
*  2025  1  4 20 38   0.00000000                            
PL51   4985.029250   -107.052493 -11258.853029              
VL51  27099.027737 -51848.655000  12702.475991              
*  2025  1  4 20 40   0.00000000                            
PL51   5297.137224   -731.534471 -11089.204400              
VL51  24904.824561 -52199.288890  15565.354074              
*  2025  1  4 20 42   0.00000000                            
PL51   5582.425436  -1359.053131 -10885.468532              
VL51  22630.728526 -52354.373431  18382.234827              
*  2025  1  4 20 44   0.00000000                            
PL51   5839.995522  -1987.249138 -10648.249273              
VL51  20286.842363 -52311.909094  21144.492033              
*  2025  1  4 20 46   0.00000000                            
PL51   6069.071876  -2613.743671 -10378.253191              
VL51  17883.516992 -52070.650402  23843.636723              
*  2025  1  4 20 48   0.00000000                            
PL51   6269.004388  -3236.147547 -10076.287769              
VL51  15431.310193 -51630.117130  26471.342169              
*  2025  1  4 20 50   0.00000000                            
PL51   6439.270674  -3852.070455  -9743.259317              
VL51  12940.944282 -50990.602800  29019.468850              
*  2025  1  4 20 52   0.00000000                            
PL51   6579.477785  -4459.130279  -9380.170569              
VL51  10423.262895 -50153.180385  31480.089327              
*  2025  1  4 20 54   0.00000000                            
PL51   6689.363407  -5054.962470  -8988.117991              
VL51   7889.187020 -49119.705122  33845.512962              
*  2025  1  4 20 56   0.00000000                            
PL51   6768.796518  -5637.229437  -8568.288796              
VL51   5349.670421 -47892.814336  36108.310409              
*  2025  1  4 20 58   0.00000000                            
PL51   6817.777514  -6203.629914  -8121.957658              
VL51   2815.654606 -46475.924208  38261.337773              
*  2025  1  4 21  0   0.00000000                            
PL51   6836.437787  -6751.908274  -7650.483147              
VL51    298.023504 -44873.223407  40297.760386              
*  2025  1  4 21  2   0.00000000                            
PL51   6825.038765  -7279.863741  -7155.303878              
VL51  -2192.441992 -43089.663541  42211.076065              
*  2025  1  4 21  4   0.00000000                            
PL51   6783.970402  -7785.359473  -6637.934382              
VL51  -4645.109417 -41130.946359  43995.137786              
*  2025  1  4 21  6   0.00000000                            
PL51   6713.749124  -8266.331473  -6099.960714              
VL51  -7049.539896 -39003.507688  45644.175654              
*  2025  1  4 21  8   0.00000000                            
PL51   6615.015237  -8720.797282  -5543.035798              
VL51  -9395.532864 -36714.498074  47152.818061              
*  2025  1  4 21 10   0.00000000                            
PL51   6488.529805  -9146.864425  -4968.874527              
VL51 -11673.170149 -34271.760130  48516.111912              
*  2025  1  4 21 12   0.00000000                            
PL51   6335.170999  -9542.738562  -4379.248623              
VL51 -13872.859210 -31683.802597  49729.541810              
*  2025  1  4 21 14   0.00000000                            
PL51   6155.929934  -9906.731312  -3775.981276              
VL51 -15985.375302 -28959.771178  50789.048067              
*  2025  1  4 21 16   0.00000000                            
PL51   5951.906011 -10237.267701  -3160.941572              
VL51 -18001.902362 -26109.416184  51691.043429              
*  2025  1  4 21 18   0.00000000                            
PL51   5724.301773 -10532.893213  -2536.038736              
VL51 -19914.072383 -23143.057099  52432.428389              
*  2025  1  4 21 20   0.00000000                            
PL51   5474.417303 -10792.280391  -1903.216187              
VL51 -21714.003058 -20071.544155  53010.604978              
*  2025  1  4 21 22   0.00000000                            
PL51   5203.644176 -11014.234957  -1264.445451              
VL51 -23394.333480 -16906.217072  53423.488925              
*  2025  1  4 21 24   0.00000000                            
PL51   4913.459004 -11197.701431   -621.719929              
VL51 -24948.257676 -13658.861096  53669.520084              
*  2025  1  4 21 26   0.00000000                            
PL51   4605.416580 -11341.768198     22.951444              
VL51 -26369.555776 -10341.660548  53747.671033              
*  2025  1  4 21 28   0.00000000                            
PL51   4281.142677 -11445.672004    667.550635              
VL51 -27652.622619  -6967.150053  53657.453764              
*  2025  1  4 21 30   0.00000000                            
PL51   3942.326509 -11508.801862   1310.057018              
VL51 -28792.493609  -3548.163699  53398.924401              
*  2025  1  4 21 32   0.00000000                            
PL51   3590.712909 -11530.702327   1948.453917              
VL51 -29784.867659    -97.782345  52972.685868              
*  2025  1  4 21 34   0.00000000                            
PL51   3228.094237 -11511.076133   2580.735176              
VL51 -30626.127061   3370.720641  52379.888482              
*  2025  1  4 21 36   0.00000000                            
PL51   2856.302084 -11449.786174   3204.911722              
VL51 -31313.354151   6843.934959  51622.228420              
*  2025  1  4 21 38   0.00000000                            
PL51   2477.198780 -11346.856807   3819.018094              
VL51 -31844.344647  10308.369974  50701.944049              
*  2025  1  4 21 40   0.00000000                            
PL51   2092.668778 -11202.474470   4421.118915              
VL51 -32217.617570  13750.512036  49621.810128              
*  2025  1  4 21 42   0.00000000                            
PL51   1704.609930 -11016.987617   5009.315287              
VL51 -32432.421666  17156.882224  48385.129869              
*  2025  1  4 21 44   0.00000000                            
PL51   1314.924704 -10790.905948   5581.751070              
VL51 -32488.738291  20514.094205  46995.724905              
*  2025  1  4 21 46   0.00000000                            
PL51    925.511402 -10524.898959   6136.619036              
VL51 -32387.280708  23808.911897  45457.923197              
*  2025  1  4 21 48   0.00000000                            
PL51    538.255394 -10219.793788   6672.166861              
VL51 -32129.489817  27028.306638  43776.544931              
*  2025  1  4 21 50   0.00000000                            
PL51    155.020429  -9876.572391   7186.702936              
VL51 -31717.526317  30159.513545  41956.886479              
*  2025  1  4 21 52   0.00000000                            
PL51   -222.359935  -9496.368045   7678.601979              
VL51 -31154.259349  33190.086776  40004.702496              
*  2025  1  4 21 54   0.00000000                            
PL51   -592.090746  -9080.461189   8146.310414              
VL51 -30443.251692  36107.953401  37926.186240              
*  2025  1  4 21 56   0.00000000                            
PL51   -952.423882  -8630.274642   8588.351511              
VL51 -29588.741574  38901.465612  35727.948226              
*  2025  1  4 21 58   0.00000000                            
PL51  -1301.666023  -8147.368189   9003.330256              
VL51 -28595.621240  41559.450998  33416.993306              
*  2025  1  4 22  0   0.00000000                            
PL51  -1638.186361  -7633.432594   9389.937938              
VL51 -27469.412367  44071.260641  31000.696297              
*  2025  1  4 22  2   0.00000000                            
PL51  -1960.423988  -7090.283034   9746.956435              
VL51 -26216.238493  46426.814805  28486.776276              
*  2025  1  4 22  4   0.00000000                            
PL51  -2266.894938  -6519.852014  10073.262185              
VL51 -24842.794615  48616.645993  25883.269679              
*  2025  1  4 22  6   0.00000000                            
PL51  -2556.198850  -5924.181771  10367.829830              
VL51 -23356.314121  50631.939191  23198.502309              
*  2025  1  4 22  8   0.00000000                            
PL51  -2827.025218  -5305.416220  10629.735513              
VL51 -21764.533255  52464.569111  20441.060408              
*  2025  1  4 22 10   0.00000000                            
PL51  -3078.159200  -4665.792469  10858.159823              
VL51 -20075.653307  54107.134286  17619.760905              
*  2025  1  4 22 12   0.00000000                            
PL51  -3308.486961  -4007.631944  11052.390390              
VL51 -18298.300730  55552.987885  14743.620976              
*  2025  1  4 22 14   0.00000000                            
PL51  -3517.000527  -3333.331169  11211.824092              
VL51 -16441.485400  56796.265118  11821.827032              
*  2025  1  4 22 16   0.00000000                            
PL51  -3702.802125  -2645.352229  11335.968905              
VL51 -14514.557245  57831.907125   8863.703274              
*  2025  1  4 22 18   0.00000000                            
PL51  -3865.108002  -1946.212978  11424.445361              
VL51 -12527.161450  58655.681287   5878.679924              
*  2025  1  4 22 20   0.00000000                            
PL51  -4003.251686  -1238.477019  11476.987635              
VL51 -10489.192487  59264.197855   2876.261274              
*  2025  1  4 22 22   0.00000000                            
PL51  -4116.686702   -524.743507  11493.444233              
VL51  -8410.747186  59654.922884   -134.006336              
*  2025  1  4 22 24   0.00000000                            
PL51  -4204.988711    192.363176  11473.778314              
VL51  -6302.077098  59826.187424  -3142.566478              
*  2025  1  4 22 26   0.00000000                            
PL51  -4267.857083    910.203843  11418.067612              
VL51  -4173.540368  59777.192970  -6139.884430              
*  2025  1  4 22 28   0.00000000                            
PL51  -4305.115883   1626.134954  11326.503991              
VL51  -2035.553357  59508.013179  -9116.478679              
*  2025  1  4 22 30   0.00000000                            
PL51  -4316.714279   2337.519082  11199.392619              
VL51    101.457753  59019.591869 -12062.952041              
*  2025  1  4 22 32   0.00000000                            
PL51  -4302.726369   3041.735316  11037.150771              
VL51   2227.105155  58313.737360 -14970.022287              
*  2025  1  4 22 34   0.00000000                            
PL51  -4263.350440   3736.189591  10840.306266              
VL51   4331.087185  57393.113187 -17828.552180              
*  2025  1  4 22 36   0.00000000                            
PL51  -4198.907641   4418.324871  10609.495555              
VL51   6403.235446  56261.225263 -20629.578835              
*  2025  1  4 22 38   0.00000000                            
PL51  -4109.840115   5085.631167  10345.461453              
VL51   8433.561079  54922.405571 -23364.342296              
*  2025  1  4 22 40   0.00000000                            
PL51  -3996.708564   5735.655331  10049.050540              
VL51  10412.299976  53381.792470 -26024.313257              
*  2025  1  4 22 42   0.00000000                            
PL51  -3860.189291   6366.010602   9721.210226              
VL51  12329.956725  51645.307735 -28601.219833              
*  2025  1  4 22 44   0.00000000                            
PL51  -3701.070720   6974.385853   9362.985513              
VL51  14177.347111  49719.630431 -31087.073295              
*  2025  1  4 22 46   0.00000000                            
PL51  -3520.249412   7558.554502   8975.515443              
VL51  15945.638973  47612.167772 -33474.192697              
*  2025  1  4 22 48   0.00000000                            
PL51  -3318.725605   8116.383066   8560.029266              
VL51  17626.391250  45331.023098 -35755.228315              
*  2025  1  4 22 50   0.00000000                            
PL51  -3097.598298   8645.839307   8117.842329              
VL51  19211.591056  42884.961135 -37923.183826              
*  2025  1  4 22 52   0.00000000                            
PL51  -2858.059900   9144.999945   7650.351710              
VL51  20693.688615  40283.370699 -39971.437166              
*  2025  1  4 22 54   0.00000000                            
PL51  -2601.390471   9612.057914   7159.031609              
VL51  22065.629923  37536.225037 -41893.760002              
*  2025  1  4 22 56   0.00000000                            
PL51  -2328.951596  10045.329125   6645.428510              
VL51  23320.887015  34654.039979 -43684.335773              
*  2025  1  4 22 58   0.00000000                            
PL51  -2042.179898  10443.258716   6111.156145              
VL51  24453.485698  31647.830102 -45337.776240              
*  2025  1  4 23  0   0.00000000                            
PL51  -1742.580239  10804.426767   5557.890256              
VL51  25458.030663  28529.063106 -46849.136521              
*  2025  1  4 23  2   0.00000000                            
PL51  -1431.718639  11127.553451   4987.363198              
VL51  26329.727875  25309.612610 -48213.928557              
*  2025  1  4 23  4   0.00000000                            
PL51  -1111.214942  11411.503620   4401.358380              
VL51  27064.404159  22001.709575 -49428.132975              
*  2025  1  4 23  6   0.00000000                            
PL51   -782.735256  11655.290793   3801.704578              
VL51  27658.523914  18617.892590 -50488.209335              
*  2025  1  4 23  8   0.00000000                            
PL51   -447.984222  11858.080543   3190.270140              
VL51  28109.202907  15170.957231 -51391.104722              
*  2025  1  4 23 10   0.00000000                            
PL51   -108.697129  12019.193279   2568.957084              
VL51  28414.219107  11673.904742 -52134.260685              
*  2025  1  4 23 12   0.00000000                            
PL51    233.368085  12138.106397   1939.695138              
VL51  28572.020537   8139.890260 -52715.618514              
*  2025  1  4 23 14   0.00000000                            
PL51    576.438904  12214.455820   1304.435715              
VL51  28581.730148   4582.170821 -53133.622864              
*  2025  1  4 23 16   0.00000000                            
PL51    918.736348  12248.036905    665.145865              
VL51  28443.147718   1014.053372 -53387.223745              
*  2025  1  4 23 18   0.00000000                            
PL51   1258.483092  12238.804736     23.802198              
VL51  28156.748812  -2551.156976 -53475.876889              
*  2025  1  4 23 20   0.00000000                            
PL51   1593.911553  12186.873788   -617.615169              
VL51  27723.680837  -6100.208255 -53399.542555              
*  2025  1  4 23 22   0.00000000                            
PL51   1923.271917  12092.516988  -1257.128660              
VL51  27145.756257  -9619.952273 -53158.682783              
*  2025  1  4 23 24   0.00000000                            
PL51   2244.840062  11956.164168  -1892.769232              
VL51  26425.443031 -13097.394410 -52754.257165              
*  2025  1  4 23 26   0.00000000                            
PL51   2556.925355  11778.399931  -2522.582315              
VL51  25565.852354 -16519.742362 -52187.717180              
*  2025  1  4 23 28   0.00000000                            
PL51   2857.878285  11559.960936  -3144.633673              
VL51  24570.723775 -19874.453676 -51460.999139              
*  2025  1  4 23 30   0.00000000                            
PL51   3146.097897  11301.732620  -3757.015175              
VL51  23444.407811 -23149.281917 -50576.515808              
*  2025  1  4 23 32   0.00000000                            
PL51   3420.039014  11004.745375  -4357.850453              
VL51  22191.846132 -26332.321298 -49537.146752              
*  2025  1  4 23 34   0.00000000                            
PL51   3678.219192  10670.170208  -4945.300441              
VL51  20818.549441 -29412.049640 -48346.227477              
*  2025  1  4 23 36   0.00000000                            
PL51   3919.225413  10299.313878  -5517.568776              
VL51  19330.573160 -32377.369528 -47007.537408              
*  2025  1  4 23 38   0.00000000                            
PL51   4141.720460   9893.613571  -6072.907045              
VL51  17734.491048 -35217.647533 -45525.286797              
*  2025  1  4 23 40   0.00000000                            
PL51   4344.448970   9454.631103  -6609.619875              
VL51  16037.366868 -37922.751397 -43904.102594              
*  2025  1  4 23 42   0.00000000                            
PL51   4526.243135   8984.046691  -7126.069839              
VL51  14246.724252 -40483.085075 -42149.013378              
*  2025  1  4 23 44   0.00000000                            
PL51   4686.028033   8483.652326  -7620.682186              
VL51  12370.514877 -42889.621559 -40265.433396              
*  2025  1  4 23 46   0.00000000                            
PL51   4822.826564   7955.344753  -8091.949366              
VL51  10417.085105 -45133.933401 -38259.145785              
*  2025  1  4 23 48   0.00000000                            
PL51   4935.763978   7401.118106  -8538.435351              
VL51   8395.141220 -47208.220883 -36136.285029              
*  2025  1  4 23 50   0.00000000                            
PL51   5024.071981   6823.056221  -8958.779745              
VL51   6313.713383 -49105.337788 -33903.318725              
*  2025  1  4 23 52   0.00000000                            
PL51   5087.092400   6223.324648  -9351.701668              
VL51   4182.118460 -50818.814713 -31567.028699              
*  2025  1  4 23 54   0.00000000                            
PL51   5124.280392   5604.162406  -9716.003410              
VL51   2009.921844 -52342.879918 -29134.491536              
*  2025  1  4 23 56   0.00000000                            
PL51   5135.207197   4967.873493 -10050.573848              
VL51   -193.101596 -53672.477664 -26613.058557              
*  2025  1  4 23 58   0.00000000                            
PL51   5119.562410   4316.818202 -10354.391624              
VL51  -2417.007303 -54803.284031 -24010.335312              
EOF                                                         
