#cV2025  5 18  0  0  0.00000000    5040 SLR   ECF   FIT JCET
## 2367   18.000000         120.000000 60813   0.0000000    
+    1   L51  0  0  0  0  0  0  0  0  0  0  0  0  0  0  0  0
+          0  0  0  0  0  0  0  0  0  0  0  0  0  0  0  0  0
+          0  0  0  0  0  0  0  0  0  0  0  0  0  0  0  0  0
+          0  0  0  0  0  0  0  0  0  0  0  0  0  0  0  0  0
+          0  0  0  0  0  0  0  0  0  0  0  0  0  0  0  0  0
++       000000000000000000000000000000000000000000000000000
++       000000000000000000000000000000000000000000000000000
++       000000000000000000000000000000000000000000000000000
++       000000000000000000000000000000000000000000000000000
++       000000000000000000000000000000000000000000000000000
%c L  cc UTC ccc cccc cccc cccc cccc ccccc ccccc ccccc ccccc
%c cc cc ccc ccc cccc cccc cccc cccc ccccc ccccc ccccc ccccc
%f  0.0000000  0.000000000  0.00000000000  0.000000000000000
%f  0.0000000  0.000000000  0.00000000000  0.000000000000000
%i    0    0    0    0      0      0      0      0         0
%i    0    0    0    0      0      0      0      0         0
/* CCCCCCCCCCCCCCCCCCCCCCCCCCCCCCCCCCCCCCCCCCCCCCCCCCCCCCCCC
/*  ECF (IERS/ITRF) orbital product from JCET ILRS AC       
/* jcet.pos+eop.250524.v80.snx.gz                           
/* CCCCCCCCCCCCCCCCCCCCCCCCCCCCCCCCCCCCCCCCCCCCCCCCCCCCCCCCC
*  2025  5 18  0  0   0.00000000                            
PL51 -11583.754623   3244.061006   2141.349341              
VL51  16859.989750  24906.315794  52878.566202              
*  2025  5 18  0  2   0.00000000                            
PL51 -11361.179027   3535.914727   2772.186264              
VL51  20223.088666  23713.673181  52233.284520              
*  2025  5 18  0  4   0.00000000                            
PL51 -11098.734498   3812.664437   3394.289241              
VL51  23502.697880  22389.871164  51423.285218              
*  2025  5 18  0  6   0.00000000                            
PL51 -10797.498273   4072.769546   4005.696308              
VL51  26686.320978  20940.568181  50451.100021              
*  2025  5 18  0  8   0.00000000                            
PL51 -10458.695161   4314.761076   4604.479118              
VL51  29761.866926  19372.036388  49319.798068              
*  2025  5 18  0 10   0.00000000                            
PL51 -10083.692375   4537.248856   5188.749324              
VL51  32717.701664  17691.133389  48032.975305              
*  2025  5 18  0 12   0.00000000                            
PL51  -9673.993745   4738.928365   5756.664829              
VL51  35542.697480  15905.271015  46594.741776              
*  2025  5 18  0 14   0.00000000                            
PL51  -9231.233363   4918.587181   6306.435870              
VL51  38226.279899  14022.381336  45009.706883              
*  2025  5 18  0 16   0.00000000                            
PL51  -8757.168669   5075.111006   6836.330909              
VL51  40758.471855  12050.880093  43282.962711              
*  2025  5 18  0 18   0.00000000                            
PL51  -8253.673038   5207.489239   7344.682317              
VL51  43129.934905   9999.627765  41420.065506              
*  2025  5 18  0 20   0.00000000                            
PL51  -7722.727882   5314.820069   7829.891826              
VL51  45332.007310   7877.888492  39427.015420              
*  2025  5 18  0 22   0.00000000                            
PL51  -7166.414319   5396.315064   8290.435723              
VL51  47356.738789   5695.287078  37310.234636              
*  2025  5 18  0 24   0.00000000                            
PL51  -6586.904441   5451.303229   8724.869779              
VL51  49196.921797   3461.764320  35076.543988              
*  2025  5 18  0 26   0.00000000                            
PL51  -5986.452236   5479.234527   9131.833883              
VL51  50846.119205   1187.530913  32733.138221              
*  2025  5 18  0 28   0.00000000                            
PL51  -5367.384194   5479.682830   9510.056375              
VL51  52298.688274  -1116.979825  30287.560006              
*  2025  5 18  0 30   0.00000000                            
PL51  -4732.089646   5452.348306   9858.358059              
VL51  53549.800833  -3441.160148  27747.672869              
*  2025  5 18  0 32   0.00000000                            
PL51  -4083.010893   5397.059221  10175.655888              
VL51  54595.459633  -5774.276738  25121.633161              
*  2025  5 18  0 34   0.00000000                            
PL51  -3422.633151   5313.773144  10460.966303              
VL51  55432.510824  -8105.519976  22417.861218              
*  2025  5 18  0 36   0.00000000                            
PL51  -2753.474377   5202.577573  10713.408228              
VL51  56058.652583 -10424.053370  19645.011863              
*  2025  5 18  0 38   0.00000000                            
PL51  -2078.075012   5063.689957  10932.205700              
VL51  56472.439893 -12719.062915  16811.944365              
*  2025  5 18  0 40   0.00000000                            
PL51  -1398.987691   4897.457133  11116.690142              
VL51  56673.285543 -14979.806129  13927.692005              
*  2025  5 18  0 42   0.00000000                            
PL51   -718.766959   4704.354176  11266.302266              
VL51  56661.457382 -17195.660563  11001.431363              
*  2025  5 18  0 44   0.00000000                            
PL51    -39.959046   4484.982670  11380.593612              
VL51  56438.071937 -19356.171556   8042.451444              
*  2025  5 18  0 46   0.00000000                            
PL51    634.908258   4240.068415  11459.227704              
VL51  56005.084454 -21451.099042   5060.122754              
*  2025  5 18  0 48   0.00000000                            
PL51   1303.335596   3970.458575  11501.980849              
VL51  55365.275489 -23470.463189   2063.866434              
*  2025  5 18  0 50   0.00000000                            
PL51   1962.861844   3677.118287  11508.742557              
VL51  54522.234144 -25404.588714   -936.876455              
*  2025  5 18  0 52   0.00000000                            
PL51   2611.073703   3361.126751  11479.515598              
VL51  53480.338081 -27244.147663  -3932.675387              
*  2025  5 18  0 54   0.00000000                            
PL51   3245.615022   3023.672812  11414.415694              
VL51  52244.730443 -28980.200514  -6914.140491              
*  2025  5 18  0 56   0.00000000                            
PL51   3864.195832   2666.050060  11313.670853              
VL51  50821.293820 -30604.235421  -9871.952229              
*  2025  5 18  0 58   0.00000000                            
PL51   4464.601048   2289.651476  11177.620351              
VL51  49216.621423 -32108.205469 -12796.890563              
*  2025  5 18  1  0   0.00000000                            
PL51   5044.698814   1895.963635  11006.713361              
VL51  47437.985600 -33484.563790 -15679.863531              
*  2025  5 18  1  2   0.00000000                            
PL51   5602.448446   1486.560511  10801.507255              
VL51  45493.303881 -34726.296413 -18511.935146              
*  2025  5 18  1  4   0.00000000                            
PL51   6135.907961   1063.096893  10562.665560              
VL51  43391.102703 -35826.952740 -21284.352561              
*  2025  5 18  1  6   0.00000000                            
PL51   6643.241157    627.301458  10290.955612              
VL51  41140.479001 -36780.673522 -23988.572418              
*  2025  5 18  1  8   0.00000000                            
PL51   7122.724217    180.969515   9987.245877              
VL51  38751.059830 -37582.216259 -26616.286338              
*  2025  5 18  1 10   0.00000000                            
PL51   7572.751819   -274.044531   9652.502992              
VL51  36232.960215 -38226.977929 -29159.445461              
*  2025  5 18  1 12   0.00000000                            
PL51   7991.842731   -735.834978   9287.788503              
VL51  33596.739400 -38711.014964 -31610.284009              
*  2025  5 18  1 14   0.00000000                            
PL51   8378.644872  -1202.452842   8894.255336              
VL51  30853.355698 -39031.060421 -33961.341795              
*  2025  5 18  1 16   0.00000000                            
PL51   8731.939825  -1671.914074   8473.143996              
VL51  28014.120117 -39184.538297 -36205.485637              
*  2025  5 18  1 18   0.00000000                            
PL51   9050.646784  -2142.207911   8025.778522              
VL51  25090.648979 -39169.574930 -38335.929622              
*  2025  5 18  1 20   0.00000000                            
PL51   9333.825929  -2611.305369   7553.562205              
VL51  22094.815699 -38985.007478 -40346.254180              
*  2025  5 18  1 22   0.00000000                            
PL51   9580.681222  -3077.167801   7057.973085              
VL51  19038.701942 -38630.389438 -42230.423926              
*  2025  5 18  1 24   0.00000000                            
PL51   9790.562606  -3537.755515   6540.559235              
VL51  15934.548346 -38105.993214 -43982.804224              
*  2025  5 18  1 26   0.00000000                            
PL51   9962.967619  -3991.036401   6002.933864              
VL51  12794.705001 -37412.809726 -45598.176441              
*  2025  5 18  1 28   0.00000000                            
PL51  10097.542409  -4434.994536   5446.770236              
VL51   9631.581900 -36552.545086 -47071.751867              
*  2025  5 18  1 30   0.00000000                            
PL51  10194.082156  -4867.638732   4873.796440              
VL51   6457.599526 -35527.614362 -48399.184256              
*  2025  5 18  1 32   0.00000000                            
PL51  10252.530903  -5287.010990   4285.790007              
VL51   3285.139805 -34341.132479 -49576.580981              
*  2025  5 18  1 34   0.00000000                            
PL51  10272.980802  -5691.194833   3684.572407              
VL51    126.497584 -32996.902300 -50600.512779              
*  2025  5 18  1 36   0.00000000                            
PL51  10255.670781  -6078.323473   3072.003442              
VL51  -3006.167169 -31499.399955 -51468.022062              
*  2025  5 18  1 38   0.00000000                            
PL51  10200.984645  -6446.587790   2449.975536              
VL51  -6100.876257 -29853.757490 -52176.629803              
*  2025  5 18  1 40   0.00000000                            
PL51  10109.448614  -6794.244086   1820.407965              
VL51  -9145.879072 -28065.742931 -52724.340977              
*  2025  5 18  1 42   0.00000000                            
PL51   9981.728329  -7119.621582   1185.241019              
VL51 -12129.697155 -26141.737837 -53109.648564              
*  2025  5 18  1 44   0.00000000                            
PL51   9818.625322  -7421.129639    546.430131              
VL51 -15041.167356 -24088.712476 -53331.536127              
*  2025  5 18  1 46   0.00000000                            
PL51   9621.072983  -7697.264657    -94.060018              
VL51 -17869.483433 -21914.198701 -53389.478960              
*  2025  5 18  1 48   0.00000000                            
PL51   9390.132032  -7946.616644   -734.261401              
VL51 -20604.235936 -19626.260687 -53283.443844              
*  2025  5 18  1 50   0.00000000                            
PL51   9126.985535  -8167.875414  -1372.208534              
VL51 -23235.450253 -17233.463614 -53013.887413              
*  2025  5 18  1 52   0.00000000                            
PL51   8832.933461  -8359.836406  -2005.944337              
VL51 -25753.622695 -14744.840467 -52581.753169              
*  2025  5 18  1 54   0.00000000                            
PL51   8509.386824  -8521.406089  -2633.525954              
VL51 -28149.754494 -12169.857061 -51988.467165              
*  2025  5 18  1 56   0.00000000                            
PL51   8157.861438  -8651.606932  -3253.030506              
VL51 -30415.383616  -9518.375449 -51235.932397              
*  2025  5 18  1 58   0.00000000                            
PL51   7779.971289  -8749.581941  -3862.560781              
VL51 -32542.614304  -6800.615850 -50326.521929              
*  2025  5 18  2  0   0.00000000                            
PL51   7377.421579  -8814.598714  -4460.250823              
VL51 -34524.144248  -4027.117250 -49263.070797              
*  2025  5 18  2  2   0.00000000                            
PL51   6952.001450  -8846.053030  -5044.271423              
VL51 -36353.289321  -1208.696818 -48048.866733              
*  2025  5 18  2  4   0.00000000                            
PL51   6505.576436  -8843.471933  -5612.835489              
VL51 -38024.005814   1643.591700 -46687.639738              
*  2025  5 18  2  6   0.00000000                            
PL51   6040.080648  -8806.516321  -6164.203286              
VL51 -39530.910123   4518.500465 -45183.550564              
*  2025  5 18  2  8   0.00000000                            
PL51   5557.508757  -8734.983014  -6696.687529              
VL51 -40869.295825   7404.630756 -43541.178141              
*  2025  5 18  2 10   0.00000000                            
PL51   5059.907773  -8628.806303  -7208.658323              
VL51 -42035.148134  10290.476744 -41765.506004              
*  2025  5 18  2 12   0.00000000                            
PL51   4549.368673  -8488.058973  -7698.547931              
VL51 -43025.155705  13164.469692 -39861.907759              
*  2025  5 18  2 14   0.00000000                            
PL51   4028.017904  -8312.952785  -8164.855363              
VL51 -43836.719770  16015.022426 -37836.131644              
*  2025  5 18  2 16   0.00000000                            
PL51   3498.008786  -8103.838438  -8606.150772              
VL51 -44467.960617  18830.573938 -35694.284233              
*  2025  5 18  2 18   0.00000000                            
PL51   2961.512863  -7861.204981  -9021.079658              
VL51 -44917.721404  21599.633973 -33442.813321              
*  2025  5 18  2 20   0.00000000                            
PL51   2420.711217  -7585.678699  -9408.366852              
VL51 -45185.569333  24310.827474 -31088.490029              
*  2025  5 18  2 22   0.00000000                            
PL51   1877.785784  -7278.021466  -9766.820285              
VL51 -45271.794197  26952.938740 -28638.390184              
*  2025  5 18  2 24   0.00000000                            
PL51   1334.910707  -6939.128569 -10095.334530              
VL51 -45177.404325  29514.955168 -26099.874978              
*  2025  5 18  2 26   0.00000000                            
PL51    794.243749  -6570.026012 -10392.894106              
VL51 -44904.119957  31986.110457 -23480.570980              
*  2025  5 18  2 28   0.00000000                            
PL51    257.917804  -6171.867304 -10658.576542              
VL51 -44454.364083  34355.927123 -20788.349492              
*  2025  5 18  2 30   0.00000000                            
PL51   -271.967471  -5745.929740 -10891.555184              
VL51 -43831.250773  36614.258219 -18031.305312              
*  2025  5 18  2 32   0.00000000                            
PL51   -793.353864  -5293.610192 -11091.101748              
VL51 -43038.571064  38751.328120 -15217.734916              
*  2025  5 18  2 34   0.00000000                            
PL51  -1304.232634  -4816.420414 -11256.588606              
VL51 -42080.776426  40757.772255 -12356.114083              
*  2025  5 18  2 36   0.00000000                            
PL51  -1802.652330  -4315.981872 -11387.490801              
VL51 -40962.959877  42624.675659  -9455.075010              
*  2025  5 18  2 38   0.00000000                            
PL51  -2286.726360  -3794.020129 -11483.387784              
VL51 -39690.834785  44343.610216  -6523.382907              
*  2025  5 18  2 40   0.00000000                            
PL51  -2754.640298  -3252.358783 -11543.964869              
VL51 -38270.711428  45906.670479  -3569.912133              
*  2025  5 18  2 42   0.00000000                            
PL51  -3204.658897  -2692.912992 -11569.014393              
VL51 -36709.471358  47306.507927   -603.621870              
*  2025  5 18  2 44   0.00000000                            
PL51  -3635.132778  -2117.682588 -11558.436591              
VL51 -35014.539644  48536.363553   2366.468622              
*  2025  5 18  2 46   0.00000000                            
PL51  -4044.504775  -1528.744821 -11512.240163              
VL51 -33193.855065  49590.098622   5331.305149              
*  2025  5 18  2 48   0.00000000                            
PL51  -4431.315913   -928.246738 -11430.542541              
VL51 -31255.838306  50462.223517   8281.824093              
*  2025  5 18  2 50   0.00000000                            
PL51  -4794.210988   -318.397231 -11313.569850              
VL51 -29209.358267  51147.924495  11208.978260              
*  2025  5 18  2 52   0.00000000                            
PL51  -5131.943736    298.541219 -11161.656550              
VL51 -27063.696540  51643.088263  14103.763017              
*  2025  5 18  2 54   0.00000000                            
PL51  -5443.381563    920.261091 -10975.244770              
VL51 -24828.510163  51944.324215  16957.242698              
*  2025  5 18  2 56   0.00000000                            
PL51  -5727.509818   1544.418609 -10754.883320              
VL51 -22513.792737  52048.984214  19760.577211              
*  2025  5 18  2 58   0.00000000                            
PL51  -5983.435591   2168.642765 -10501.226385              
VL51 -20129.834015  51955.179782  22505.048815              
*  2025  5 18  3  0   0.00000000                            
PL51  -6210.391018   2790.544517 -10215.031894              
VL51 -17687.178076  51661.796559  25182.088979              
*  2025  5 18  3  2   0.00000000                            
PL51  -6407.736076   3407.726159  -9897.159568              
VL51 -15196.580205  51168.505910  27783.305290              
*  2025  5 18  3  4   0.00000000                            
PL51  -6574.960849   4017.790798  -9548.568646              
VL51 -12668.962612  50475.773558  30300.508289              
*  2025  5 18  3  6   0.00000000                            
PL51  -6711.687266   4618.351926  -9170.315290              
VL51 -10115.369149  49584.865108  32725.738185              
*  2025  5 18  3  8   0.00000000                            
PL51  -6817.670279   5207.043033  -8763.549668              
VL51  -7546.919161  48497.848381  35051.291317              
*  2025  5 18  3 10   0.00000000                            
PL51  -6892.798494   5781.527235  -8329.512725              
VL51  -4974.760676  47217.592432  37269.746289              
*  2025  5 18  3 12   0.00000000                            
PL51  -6937.094228   6339.506863  -7869.532640              
VL51  -2410.023076  45747.763193  39373.989640              
*  2025  5 18  3 14   0.00000000                            
PL51  -6950.713000   6878.732984  -7385.020981              
VL51    136.230507  44092.815662  41357.240961              
*  2025  5 18  3 16   0.00000000                            
PL51  -6933.942451   7397.014804  -6877.468559              
VL51   2653.050914  42257.982585  43213.077311              
*  2025  5 18  3 18   0.00000000                            
PL51  -6887.200689   7892.228916  -6348.440997              
VL51   5129.650548  40249.259605  44935.456836              
*  2025  5 18  3 20   0.00000000                            
PL51  -6811.034070   8362.328347  -5799.574021              
VL51   7555.450627  38073.386851  46518.741436              
*  2025  5 18  3 22   0.00000000                            
PL51  -6706.114406   8805.351366  -5232.568482              
VL51   9920.127866  35737.826987  47957.718379              
*  2025  5 18  3 24   0.00000000                            
PL51  -6573.235626   9219.430003  -4649.185130              
VL51  12213.660355  33250.739734  49247.620708              
*  2025  5 18  3 26   0.00000000                            
PL51  -6413.309891   9602.798243  -4051.239145              
VL51  14426.372387  30620.952929  50384.146330              
*  2025  5 18  3 28   0.00000000                            
PL51  -6227.363172   9953.799855  -3440.594458              
VL51  16548.978000  27857.930184  51363.475642              
*  2025  5 18  3 30   0.00000000                            
PL51  -6016.530324  10270.895808  -2819.157855              
VL51  18572.622988  24971.735251  52182.287585              
*  2025  5 18  3 32   0.00000000                            
PL51  -5782.049660  10552.671247  -2188.872915              
VL51  20488.925137  21972.993222  52837.773996              
*  2025  5 18  3 34   0.00000000                            
PL51  -5525.257053  10797.841975  -1551.713771              
VL51  22290.012448  18872.848708  53327.652145              
*  2025  5 18  3 36   0.00000000                            
PL51  -5247.579601  11005.260428   -909.678743              
VL51  23968.559117  15682.921189  53650.175363              
*  2025  5 18  3 38   0.00000000                            
PL51  -4950.528862  11173.921090   -264.783850              
VL51  25517.819050  12415.257720  53804.141657              
*  2025  5 18  3 40   0.00000000                            
PL51  -4635.693718  11302.965326    380.943766              
VL51  26931.656699   9082.283225  53788.900233              
*  2025  5 18  3 42   0.00000000                            
PL51  -4304.732868  11391.685611   1025.472483              
VL51  28204.575014   5696.748647  53604.355857              
*  2025  5 18  3 44   0.00000000                            
PL51  -3959.367021  11439.529116   1666.772884              
VL51  29331.740340   2271.677198  53250.971007              
*  2025  5 18  3 46   0.00000000                            
PL51  -3601.370800  11446.100653   2302.824446              
VL51  30309.004081  -1179.690972  52729.765767              
*  2025  5 18  3 48   0.00000000                            
PL51  -3232.564406  11411.164931   2931.622222              
VL51  31132.921003  -4643.955386  52042.315470              
*  2025  5 18  3 50   0.00000000                            
PL51  -2854.805089  11334.648142   3551.183482              
VL51  31800.764057  -8107.612826  51190.746087              
*  2025  5 18  3 52   0.00000000                            
PL51  -2469.978454  11216.638840   4159.554274              
VL51  32310.535631 -11557.115555  50177.727387              
*  2025  5 18  3 54   0.00000000                            
PL51  -2079.989661  11057.388127   4754.815904              
VL51  32660.975178 -14978.929872  49006.463912              
*  2025  5 18  3 56   0.00000000                            
PL51  -1686.754555  10857.309132   5335.091286              
VL51  32851.563174 -18359.594678  47680.683809              
*  2025  5 18  3 58   0.00000000                            
PL51  -1292.190764  10616.975792   5898.551150              
VL51  32882.521400 -21685.779724  46204.625605              
*  2025  5 18  4  0   0.00000000                            
PL51   -898.208821  10337.120930   6443.420072              
VL51  32754.809550 -24944.343258  44583.022967              
*  2025  5 18  4  2   0.00000000                            
PL51   -506.703350  10018.633658   6967.982321              
VL51  32470.118211 -28122.388738  42821.087566              
*  2025  5 18  4  4   0.00000000                            
PL51   -119.544354   9662.556095   7470.587479              
VL51  32030.858261 -31207.320334  40924.490114              
*  2025  5 18  4  6   0.00000000                            
PL51    261.431349   9270.079435   7949.655829              
VL51  31440.146765 -34186.896914  38899.339697              
*  2025  5 18  4  8   0.00000000                            
PL51    634.428494   8842.539377   8403.683480              
VL51  30701.789470 -37049.284258  36752.161522              
*  2025  5 18  4 10   0.00000000                            
PL51    997.701519   8381.410936   8831.247227              
VL51  29820.260030 -39783.105222  34489.873201              
*  2025  5 18  4 12   0.00000000                            
PL51   1349.562432   7888.302669   9231.009101              
VL51  28800.676091 -42377.487644  32119.759713              
*  2025  5 18  4 14   0.00000000                            
PL51   1688.388386   7364.950341   9601.720632              
VL51  27648.772396 -44822.109743  29649.447168              
*  2025  5 18  4 16   0.00000000                            
PL51   2012.628903   6813.210063   9942.226768              
VL51  26370.871094 -47107.242851  27086.875530              
*  2025  5 18  4 18   0.00000000                            
PL51   2320.812738   6235.050929  10251.469485              
VL51  24973.849429 -49223.791279  24440.270421              
*  2025  5 18  4 20   0.00000000                            
PL51   2611.554331   5632.547196  10528.491032              
VL51  23465.105003 -51163.329177  21718.114138              
*  2025  5 18  4 22   0.00000000                            
PL51   2883.559829   5007.870045  10772.436839              
VL51  21852.518830 -52918.134250  18929.116038              
*  2025  5 18  4 24   0.00000000                            
PL51   3135.632660   4363.278947  10982.558059              
VL51  20144.416377 -54481.218224  16082.182399              
*  2025  5 18  4 26   0.00000000                            
PL51   3366.678622   3701.112692  11158.213753              
VL51  18349.526819 -55846.353952  13186.385892              
*  2025  5 18  4 28   0.00000000                            
PL51   3575.710471   3023.780109  11298.872694              
VL51  16476.940723 -57008.099102  10250.934804              
*  2025  5 18  4 30   0.00000000                            
PL51   3761.852006   2333.750521  11404.114817              
VL51  14536.066390 -57961.816366   7285.142102              
*  2025  5 18  4 32   0.00000000                            
PL51   3924.341602   1633.543988  11473.632283              
VL51  12536.585069 -58703.690149   4298.394486              
*  2025  5 18  4 34   0.00000000                            
PL51   4062.535225    925.721354  11507.230185              
VL51  10488.405276 -59230.739725   1300.121513              
*  2025  5 18  4 36   0.00000000                            
PL51   4175.908871    212.874176  11504.826870              
VL51   8401.616428 -59540.828854  -1700.235098              
*  2025  5 18  4 38   0.00000000                            
PL51   4264.060461   -502.385454  11466.453910              
VL51   6286.442020 -59632.671859  -4693.251877              
*  2025  5 18  4 40   0.00000000                            
PL51   4326.711169  -1217.435134  11392.255697              
VL51   4153.192544 -59505.836197  -7669.553655              
*  2025  5 18  4 42   0.00000000                            
PL51   4363.706179  -1929.652387  11282.488686              
VL51   2012.218383 -59160.741550 -10619.843158              
*  2025  5 18  4 44   0.00000000                            
PL51   4375.014887  -2636.424867  11137.520289              
VL51   -126.137132 -58598.655473 -13534.930065              
*  2025  5 18  4 46   0.00000000                            
PL51   4360.730530  -3335.160486  10957.827415              
VL51  -2251.584296 -57821.685662 -16405.759447              
*  2025  5 18  4 48   0.00000000                            
PL51   4321.069272  -4023.297439  10743.994683              
VL51  -4353.933026 -56832.768921 -19223.439515              
*  2025  5 18  4 50   0.00000000                            
PL51   4256.368733  -4698.314065  10496.712297              
VL51  -6423.138095 -55635.656876 -21979.268596              
*  2025  5 18  4 52   0.00000000                            
PL51   4167.085983  -5357.738528  10216.773611              
VL51  -8449.343426 -54234.898566 -24664.761271              
*  2025  5 18  4 54   0.00000000                            
PL51   4053.795016  -5999.158261   9905.072379              
VL51 -10422.925245 -52635.819988 -27271.673616              
*  2025  5 18  4 56   0.00000000                            
PL51   3917.183707  -6620.229159   9562.599712              
VL51 -12334.533951 -50844.500717 -29792.027473              
*  2025  5 18  4 58   0.00000000                            
PL51   3758.050276  -7218.684461   9190.440746              
VL51 -14175.134518 -48867.747722 -32218.133704              
*  2025  5 18  5  0   0.00000000                            
PL51   3577.299285  -7792.343313   8789.771043              
VL51 -15936.045291 -46713.066511 -34542.614381              
*  2025  5 18  5  2   0.00000000                            
PL51   3375.937165  -8339.118961   8361.852726              
VL51 -17608.975025 -44388.629729 -36758.423849              
*  2025  5 18  5  4   0.00000000                            
PL51   3155.067328  -8857.026558   7908.030371              
VL51 -19186.058036 -41903.243362 -38858.868643              
*  2025  5 18  5  6   0.00000000                            
PL51   2915.884848  -9344.190550   7429.726671              
VL51 -20659.887330 -39266.310688 -40837.626188              
*  2025  5 18  5  8   0.00000000                            
PL51   2659.670781  -9798.851618   6928.437874              
VL51 -22023.545603 -36487.794128 -42688.762275              
*  2025  5 18  5 10   0.00000000                            
PL51   2387.786102 -10219.373144   6405.729027              
VL51 -23270.633987 -33578.175159 -44406.747256              
*  2025  5 18  5 12   0.00000000                            
PL51   2101.665333 -10604.247196   5863.229033              
VL51 -24395.298458 -30548.412449 -45986.470933              
*  2025  5 18  5 14   0.00000000                            
PL51   1802.809851 -10952.099992   5302.625528              
VL51 -25392.253806 -27409.898394 -47423.256117              
*  2025  5 18  5 16   0.00000000                            
PL51   1492.780935 -11261.696837   4725.659618              
VL51 -26256.805084 -24174.414211 -48712.870834              
*  2025  5 18  5 18   0.00000000                            
PL51   1173.192568 -11531.946514   4134.120464              
VL51 -26984.866472 -20854.083788 -49851.539140              
*  2025  5 18  5 20   0.00000000                            
PL51    845.704024 -11761.905112   3529.839757              
VL51 -27572.977497 -17461.326451 -50835.950543              
*  2025  5 18  5 22   0.00000000                            
PL51    512.012281 -11950.779285   2914.686079              
VL51 -28018.316542 -14008.808839 -51663.268013              
*  2025  5 18  5 24   0.00000000                            
PL51    173.844288 -12097.928927   2290.559181              
VL51 -28318.711628 -10509.396088 -52331.134545              
*  2025  5 18  5 26   0.00000000                            
PL51   -167.050879 -12202.869257   1659.384194              
VL51 -28472.648423  -6976.102499 -52837.678291              
*  2025  5 18  5 28   0.00000000                            
PL51   -508.909948 -12265.272314   1023.105778              
VL51 -28479.275466  -3422.041913 -53181.516241              
*  2025  5 18  5 30   0.00000000                            
PL51   -849.963419 -12284.967850    383.682247              
VL51 -28338.406620    139.622036 -53361.756463              
*  2025  5 18  5 32   0.00000000                            
PL51  -1188.443551 -12261.943633   -256.920334              
VL51 -28050.520748   3695.725579 -53377.998907              
*  2025  5 18  5 34   0.00000000                            
PL51  -1522.592325 -12196.345149   -896.734049              
VL51 -27616.758643   7233.154173 -53230.334807              
*  2025  5 18  5 36   0.00000000                            
PL51  -1850.669355 -12088.474717  -1533.795014              
VL51 -27038.917260  10738.891417 -52919.344697              
*  2025  5 18  5 38   0.00000000                            
PL51  -2170.959715 -11938.790024  -2166.149233              
VL51 -26319.441277  14200.067313 -52446.095066              
*  2025  5 18  5 40   0.00000000                            
PL51  -2481.781649 -11747.902081  -2791.858399              
VL51 -25461.412055  17604.005726 -51812.133701              
*  2025  5 18  5 42   0.00000000                            
PL51  -2781.494127 -11516.572615  -3409.005638              
VL51 -24468.534053  20938.270863 -51019.483733              
*  2025  5 18  5 44   0.00000000                            
PL51  -3068.504236 -11245.710914  -4015.701171              
VL51 -23345.118774  24190.712634 -50070.636436              
*  2025  5 18  5 46   0.00000000                            
PL51  -3341.274351 -10936.370132  -4610.087880              
VL51 -22096.066316  27349.510723 -48968.542811              
*  2025  5 18  5 48   0.00000000                            
PL51  -3598.329076 -10589.743074  -5190.346772              
VL51 -20726.844614  30403.217248 -47716.603997              
*  2025  5 18  5 50   0.00000000                            
PL51  -3838.261924 -10207.157477  -5754.702314              
VL51 -19243.466473  33340.797863 -46318.660553              
*  2025  5 18  5 52   0.00000000                            
PL51  -4059.741706  -9790.070814  -6301.427637              
VL51 -17652.464490  36151.671173 -44778.980656              
*  2025  5 18  5 54   0.00000000                            
PL51  -4261.518611  -9340.064625  -6828.849594              
VL51 -15960.863963  38825.746358 -43102.247271              
*  2025  5 18  5 56   0.00000000                            
PL51  -4442.429941  -8858.838420  -7335.353654              
VL51 -14176.153909  41353.458887 -41293.544323              
*  2025  5 18  5 58   0.00000000                            
PL51  -4601.405497  -8348.203153  -7819.388623              
VL51 -12306.256298  43725.804240 -39358.341945              
*  2025  5 18  6  0   0.00000000                            
PL51  -4737.472578  -7810.074314  -8279.471190              
VL51 -10359.493619  45934.369535 -37302.480823              
*  2025  5 18  6  2   0.00000000                            
PL51  -4849.760589  -7246.464649  -8714.190272              
VL51  -8344.554899  47971.363002 -35132.155695              
*  2025  5 18  6  4   0.00000000                            
PL51  -4937.505226  -6659.476544  -9122.211164              
VL51  -6270.460290  49829.641221 -32853.898045              
*  2025  5 18  6  6   0.00000000                            
PL51  -5000.052230  -6051.294086  -9502.279466              
VL51  -4146.524359  51502.734045 -30474.558027              
*  2025  5 18  6  8   0.00000000                            
PL51  -5036.860694  -5424.174852  -9853.224799              
VL51  -1982.318180  52984.867189 -28001.285660              
*  2025  5 18  6 10   0.00000000                            
PL51  -5047.505909  -4780.441434 -10173.964288              
VL51    212.369620  54270.982388 -25441.511322              
*  2025  5 18  6 12   0.00000000                            
PL51  -5031.681736  -4122.472735 -10463.505802              
VL51   2427.572753  55356.755110 -22802.925591              
*  2025  5 18  6 14   0.00000000                            
PL51  -4989.202494  -3452.695075 -10720.950955              
VL51   4653.187967  56238.609763 -20093.458449              
*  2025  5 18  6 16   0.00000000                            
PL51  -4920.004356  -2773.573122 -10945.497852              
VL51   6879.016421  56913.732361 -17321.257892              
*  2025  5 18  6 18   0.00000000                            
PL51  -4824.146247  -2087.600690 -11136.443570              
VL51   9094.805598  57380.080628 -14494.667969              
*  2025  5 18  6 20   0.00000000                            
PL51  -4701.810230  -1397.291431 -11293.186382              
VL51  11290.291651  57636.391493 -11622.206283              
*  2025  5 18  6 22   0.00000000                            
PL51  -4553.301391   -705.169454 -11415.227695              
VL51  13455.242013  57682.185968  -8712.540975              
*  2025  5 18  6 24   0.00000000                            
PL51  -4379.047204    -13.759899 -11502.173722              
VL51  15579.498179  57517.771377  -5774.467215              
*  2025  5 18  6 26   0.00000000                            
PL51  -4179.596389    674.420501 -11553.736860              
VL51  17653.018489  57144.240928  -2816.883233              
*  2025  5 18  6 28   0.00000000                            
PL51  -3955.617250   1356.872830 -11569.736782              
VL51  19665.920798  56563.470594    151.234100              
*  2025  5 18  6 30   0.00000000                            
PL51  -3707.895506   2031.125355 -11550.101230              
VL51  21608.524888  55778.113306   3120.854116              
*  2025  5 18  6 32   0.00000000                            
PL51  -3437.331618   2694.742796 -11494.866511              
VL51  23471.394468  54791.590431   6082.917580              
*  2025  5 18  6 34   0.00000000                            
PL51  -3144.937614   3345.335487 -11404.177686              
VL51  25245.378627  53608.080522   9028.362296              
*  2025  5 18  6 36   0.00000000                            
PL51  -2831.833411   3980.568380 -11278.288454              
VL51  26921.652580  52232.505341  11948.149047              
*  2025  5 18  6 38   0.00000000                            
PL51  -2499.242671   4598.169862 -11117.560711              
VL51  28491.757544  50670.513139  14833.287820              
*  2025  5 18  6 40   0.00000000                            
PL51  -2148.488170   5195.940366 -10922.463808              
VL51  29947.639592  48928.459204  17674.864296              
*  2025  5 18  6 42   0.00000000                            
PL51  -1780.986712   5771.760718 -10693.573480              
VL51  31281.687315  47013.383681  20464.066526              
*  2025  5 18  6 44   0.00000000                            
PL51  -1398.243601   6323.600212 -10431.570457              
VL51  32486.768114  44932.986682  23192.211755              
*  2025  5 18  6 46   0.00000000                            
PL51  -1001.846684   6849.524370 -10137.238753              
VL51  33556.262959  42695.600710  25850.773319              
*  2025  5 18  6 48   0.00000000                            
PL51   -593.459991   7347.702344  -9811.463630              
VL51  34484.099432  40310.160445  28431.407546              
*  2025  5 18  6 50   0.00000000                            
PL51   -174.816982   7816.413956  -9455.229243              
VL51  35264.782879  37786.169928  30925.980578              
*  2025  5 18  6 52   0.00000000                            
PL51    252.286560   8254.056314  -9069.615960              
VL51  35893.425495  35133.667215  33326.595028              
*  2025  5 18  6 54   0.00000000                            
PL51    685.999972   8659.150003  -8655.797367              
VL51  36365.773163  32363.186576  35625.616376              
*  2025  5 18  6 56   0.00000000                            
PL51   1124.425470   9030.344793  -8215.036957              
VL51  36678.229875  29485.718328  37815.698997              
*  2025  5 18  6 58   0.00000000                            
PL51   1565.626176   9366.424865  -7748.684509              
VL51  36827.879558  26512.666415  39889.811717              
*  2025  5 18  7  0   0.00000000                            
PL51   2007.634395   9666.313507  -7258.172163              
VL51  36812.505155  23455.803863  41841.262775              
*  2025  5 18  7  2   0.00000000                            
PL51   2448.460106   9929.077266  -6745.010204              
VL51  36630.604790  20327.226248  43663.724066              
*  2025  5 18  7  4   0.00000000                            
PL51   2886.099621  10153.929530  -6210.782554              
VL51  36281.404877  17139.303347  45351.254544              
*  2025  5 18  7  6   0.00000000                            
PL51   3318.544391  10340.233522  -5657.141992              
VL51  35764.870041  13904.629155  46898.322649              
*  2025  5 18  7  8   0.00000000                            
PL51   3743.789906  10487.504679  -5085.805113              
VL51  35081.709728  10635.970460  48299.827626              
*  2025  5 18  7 10   0.00000000                            
PL51   4159.844658  10595.412417  -4498.547033              
VL51  34233.381401   7346.214205  49551.119604              
*  2025  5 18  7 12   0.00000000                            
PL51   4564.739115  10663.781245  -3897.195869              
VL51  33222.090244   4048.313870  50648.018302              
*  2025  5 18  7 14   0.00000000                            
PL51   4956.534675  10692.591244  -3283.626997              
VL51  32050.785291    755.235126  51586.830227              
*  2025  5 18  7 16   0.00000000                            
PL51   5333.332556  10681.977881  -2659.757113              
VL51  30723.151976  -2520.098968  52364.364255              
*  2025  5 18  7 18   0.00000000                            
PL51   5693.282561  10632.231170  -2027.538124              
VL51  29243.601040  -5764.862956  52977.945472              
*  2025  5 18  7 20   0.00000000                            
PL51   6034.591706  10543.794171  -1388.950879              
VL51  27617.253848  -8966.383859  53425.427163              
*  2025  5 18  7 22   0.00000000                            
PL51   6355.532636  10417.260829   -745.998765              
VL51  25849.924110 -12112.195660  53705.200871              
*  2025  5 18  7 24   0.00000000                            
PL51   6654.451807  10253.373174   -100.701200              
VL51  23948.096092 -15190.093082  53816.204435              
*  2025  5 18  7 26   0.00000000                            
PL51   6929.777386  10053.017868    544.912960              
VL51  21918.899370 -18188.184383  53757.927928              
*  2025  5 18  7 28   0.00000000                            
PL51   7180.026825   9817.222135   1188.812073              
VL51  19770.080261 -21094.942855  53530.417463              
*  2025  5 18  7 30   0.00000000                            
PL51   7403.814074   9547.149078   1828.968397              
VL51  17509.970032 -23899.256754  53134.276793              
*  2025  5 18  7 32   0.00000000                            
PL51   7599.856397   9244.092412   2463.364778              
VL51  15147.450056 -26590.477364  52570.666695              
*  2025  5 18  7 34   0.00000000                            
PL51   7766.980747   8909.470625   3090.001319              
VL51  12691.914078 -29158.464927  51841.302118              
*  2025  5 18  7 36   0.00000000                            
PL51   7904.129674   8544.820612   3706.902007              
VL51  10153.227796 -31593.632180  50948.447082              
*  2025  5 18  7 38   0.00000000                            
PL51   8010.366738   8151.790791   4312.121252              
VL51   7541.685965 -33886.985237  49894.907359              
*  2025  5 18  7 40   0.00000000                            
PL51   8084.881381   7732.133759   4903.750340              
VL51   4867.967259 -36030.161589  48684.020959              
*  2025  5 18  7 42   0.00000000                            
PL51   8126.993263   7287.698495   5479.923748              
VL51   2143.087156 -38015.465013  47319.646468              
*  2025  5 18  7 44   0.00000000                            
PL51   8136.156005   6820.422177   6038.825312              
VL51   -621.650909 -39835.897197  45806.149321              
*  2025  5 18  7 46   0.00000000                            
PL51   8111.960344   6332.321632   6578.694216              
VL51  -3414.705838 -41485.185910  44148.386069              
*  2025  5 18  7 48   0.00000000                            
PL51   8054.136682   5825.484474   7097.830784              
VL51  -6224.350329 -42957.809591  42351.686754              
*  2025  5 18  7 50   0.00000000                            
PL51   7962.557004   5302.059963   7594.602044              
VL51  -9038.723224 -44249.018245  40421.835487              
*  2025  5 18  7 52   0.00000000                            
PL51   7837.236168   4764.249644   8067.447053              
VL51 -11845.882457 -45354.850553  38365.049351              
*  2025  5 18  7 54   0.00000000                            
PL51   7678.332554   4214.297797   8514.881957              
VL51 -14633.858319 -46272.147148  36187.955743              
*  2025  5 18  7 56   0.00000000                            
PL51   7486.148080   3654.481752   8935.504777              
VL51 -17390.706763 -46998.560023  33897.568299              
*  2025  5 18  7 58   0.00000000                            
PL51   7261.127571   3087.102120   9327.999884              
VL51 -20104.562472 -47532.558074  31501.261520              
*  2025  5 18  8  0   0.00000000                            
PL51   7003.857502   2514.472972   9691.142180              
VL51 -22763.691435 -47873.428781  29006.744243              
*  2025  5 18  8  2   0.00000000                            
PL51   6715.064108   1938.912026  10023.800938              
VL51 -25356.542758 -48021.276090  26422.032104              
*  2025  5 18  8  4   0.00000000                            
PL51   6395.610882   1362.730883  10324.943322              
VL51 -27871.799483 -47977.014544  23755.419109              
*  2025  5 18  8  6   0.00000000                            
PL51   6046.495466    788.225350  10593.637545              
VL51 -30298.428168 -47742.359758  21015.448475              
*  2025  5 18  8  8   0.00000000                            
PL51   5668.845964    217.665905  10829.055687              
VL51 -32625.727028 -47319.815343  18210.882852              
*  2025  5 18  8 10   0.00000000                            
PL51   5263.916676   -346.711664  11030.476146              
VL51 -34843.372406 -46712.656386  15350.674071              
*  2025  5 18  8 12   0.00000000                            
PL51   4833.083293   -902.715404  11197.285722              
VL51 -36941.463404 -45924.909630  12443.932524              
*  2025  5 18  8 14   0.00000000                            
PL51   4377.837569  -1448.206077  11328.981340              
VL51 -38910.564484 -44961.330491   9499.896314              
*  2025  5 18  8 16   0.00000000                            
PL51   3899.781485  -1981.105753  11425.171390              
VL51 -40741.745864 -43827.377063   6527.900273              
*  2025  5 18  8 18   0.00000000                            
PL51   3400.620955  -2499.406076  11485.576708              
VL51 -42426.621559 -42529.181278   3537.344978              
*  2025  5 18  8 20   0.00000000                            
PL51   2882.159085  -3001.176155  11510.031176              
VL51 -43957.384924 -41073.517395    537.665865              
*  2025  5 18  8 22   0.00000000                            
PL51   2346.289017  -3484.570079  11498.481958              
VL51 -45326.841569 -39467.768004  -2461.697428              
*  2025  5 18  8 24   0.00000000                            
PL51   1794.986398  -3947.833996  11450.989364              
VL51 -46528.439539 -37719.887730  -5451.331419              
*  2025  5 18  8 26   0.00000000                            
PL51   1230.301510  -4389.312752  11367.726363              
VL51 -47556.296658 -35838.364848  -8421.878703              
*  2025  5 18  8 28   0.00000000                            
PL51    654.351076  -4807.456052  11248.977725              
VL51 -48405.224974 -33832.181008 -11364.067379              
*  2025  5 18  8 30   0.00000000                            
PL51     69.309800  -5200.824133  11095.138829              
VL51 -49070.752228 -31710.769278 -14268.739880              
*  2025  5 18  8 32   0.00000000                            
PL51   -522.598334  -5568.092922  10906.714114              
VL51 -49549.140311 -29483.970707 -17126.881158              
*  2025  5 18  8 34   0.00000000                            
PL51  -1119.108968  -5908.058661  10684.315210              
VL51 -49837.400657 -27161.989614 -19929.646140              
*  2025  5 18  8 36   0.00000000                            
PL51  -1717.926441  -6219.641996  10428.658733              
VL51 -49933.306558 -24755.347796 -22668.386413              
*  2025  5 18  8 38   0.00000000                            
PL51  -2316.732993  -6501.891508  10140.563768              
VL51 -49835.402348 -22274.837855 -25334.676077              
*  2025  5 18  8 40   0.00000000                            
PL51  -2913.198051  -6753.986675   9820.949055              
VL51 -49543.009471 -19731.475827 -27920.336719              
*  2025  5 18  8 42   0.00000000                            
PL51  -3504.987580  -6975.240271   9470.829865              
VL51 -49056.229391 -17136.453320 -30417.461434              
*  2025  5 18  8 44   0.00000000                            
PL51  -4089.773441  -7165.100180   9091.314610              
VL51 -48375.943371 -14501.089338 -32818.437855              
*  2025  5 18  8 46   0.00000000                            
PL51  -4665.242736  -7323.150639   8683.601172              
VL51 -47503.809110 -11836.782006 -35115.970106              
*  2025  5 18  8 48   0.00000000                            
PL51  -5229.107086  -7449.112894   8248.972980              
VL51 -46442.254289  -9154.960377 -37303.099650              
*  2025  5 18  8 50   0.00000000                            
PL51  -5779.111820  -7542.845289   7788.794840              
VL51 -45194.467062  -6467.036530 -39373.224949              
*  2025  5 18  8 52   0.00000000                            
PL51  -6313.045023  -7604.342769   7304.508547              
VL51 -43764.383543  -3784.358151 -41320.119914              
*  2025  5 18  8 54   0.00000000                            
PL51  -6828.746428  -7633.735834   6797.628264              
VL51 -42156.672374  -1118.161780 -43137.951083              
*  2025  5 18  8 56   0.00000000                            
PL51  -7324.116097  -7631.288925   6269.735723              
VL51 -40376.716447   1520.473095 -44821.293512              
*  2025  5 18  8 58   0.00000000                            
PL51  -7797.122867  -7597.398269   5722.475230              
VL51 -38430.591867   4120.668907 -46365.145339              
*  2025  5 18  9  0   0.00000000                            
PL51  -8245.812531  -7532.589193   5157.548509              
VL51 -36325.044259   6671.793694 -47764.941000              
*  2025  5 18  9  2   0.00000000                            
PL51  -8668.315717  -7437.512924   4576.709391              
VL51 -34067.462523   9163.503429 -49016.563071              
*  2025  5 18  9  4   0.00000000                            
PL51  -9062.855437  -7312.942881   3981.758377              
VL51 -31665.850147  11585.782841 -50116.352727              
*  2025  5 18  9  6   0.00000000                            
PL51  -9427.754278  -7159.770500   3374.537073              
VL51 -29128.794199  13928.984572 -51061.118782              
*  2025  5 18  9  8   0.00000000                            
PL51  -9761.441209  -6979.000589   2756.922537              
VL51 -26465.432132  16183.866548 -51848.145318              
*  2025  5 18  9 10   0.00000000                            
PL51 -10062.457975  -6771.746250   2130.821534              
VL51 -23685.416533  18341.627412 -52475.197876              
*  2025  5 18  9 12   0.00000000                            
PL51 -10329.465059  -6539.223391   1498.164730              
VL51 -20798.877984  20393.939902 -52940.528211              
*  2025  5 18  9 14   0.00000000                            
PL51 -10561.247183  -6282.744844    860.900834              
VL51 -17816.386160  22332.982052 -53242.877612              
*  2025  5 18  9 16   0.00000000                            
PL51 -10756.718341  -6003.714127    220.990713              
VL51 -14748.909341  24151.466126 -53381.478786              
*  2025  5 18  9 18   0.00000000                            
PL51 -10914.926326  -5703.618874   -419.598510              
VL51 -11607.772515  25842.665167 -53356.056319              
*  2025  5 18  9 20   0.00000000                            
PL51 -11035.056760  -5384.023952  -1058.899354              
VL51  -8404.614228  27400.437090 -53166.825738              
*  2025  5 18  9 22   0.00000000                            
PL51 -11116.436583  -5046.564317  -1694.949860              
VL51  -5151.342362  28819.246249 -52814.491185              
*  2025  5 18  9 24   0.00000000                            
PL51 -11158.537025  -4692.937618  -2325.799432              
VL51  -1860.089022  30094.182408 -52300.241747              
*  2025  5 18  9 26   0.00000000                            
PL51 -11160.976016  -4324.896591  -2949.514628              
VL51   1456.835297  31220.977089 -51625.746454              
*  2025  5 18  9 28   0.00000000                            
PL51 -11123.520050  -3944.241274  -3564.184885              
VL51   4786.988098  32196.017234 -50793.148016              
*  2025  5 18  9 30   0.00000000                            
PL51 -11046.085490  -3552.811071  -4167.928155              
VL51   8117.841638  33016.356194 -49805.055305              
*  2025  5 18  9 32   0.00000000                            
PL51 -10928.739308  -3152.476708  -4758.896453              
VL51  11436.829899  33679.722001 -48664.534640              
*  2025  5 18  9 34   0.00000000                            
PL51 -10771.699265  -2745.132093  -5335.281285              
VL51  14731.395609  34184.522949 -47375.099927              
*  2025  5 18  9 36   0.00000000                            
PL51 -10575.333518  -2332.686141  -5895.318953              
VL51  17989.037157  34529.850468 -45940.701667              
*  2025  5 18  9 38   0.00000000                            
PL51 -10340.159680  -1917.054566  -6437.295728              
VL51  21197.355229  34715.479323 -44365.714905              
*  2025  5 18  9 40   0.00000000                            
PL51 -10066.843308  -1500.151699  -6959.552862              
VL51  24344.099037  34741.865156 -42654.926142              
*  2025  5 18  9 42   0.00000000                            
PL51  -9756.195850  -1083.882338  -7460.491444              
VL51  27417.211971  34610.139396 -40813.519269              
*  2025  5 18  9 44   0.00000000                            
PL51  -9409.172044   -670.133689  -7938.577079              
VL51  30404.876536  34322.101599 -38847.060557              
*  2025  5 18  9 46   0.00000000                            
PL51  -9026.866779   -260.767403  -8392.344385              
VL51  33295.558432  33880.209234 -36761.482762              
*  2025  5 18  9 48   0.00000000                            
PL51  -8610.511443    142.388242  -8820.401285              
VL51  36078.049655  33287.565009 -34563.068377              
*  2025  5 18  9 50   0.00000000                            
PL51  -8161.469753    537.545999  -9221.433106              
VL51  38741.510461  32547.901768 -32258.432088              
*  2025  5 18  9 52   0.00000000                            
PL51  -7681.233086    922.967111  -9594.206452              
VL51  41275.510105  31665.565041 -29854.502481              
*  2025  5 18  9 54   0.00000000                            
PL51  -7171.415338   1296.968543  -9937.572859              
VL51  43670.066220  30645.493333 -27358.503027              
*  2025  5 18  9 56   0.00000000                            
PL51  -6633.747313   1657.929975 -10250.472215              
VL51  45915.682739  29493.196214 -24777.932391              
*  2025  5 18  9 58   0.00000000                            
PL51  -6070.070667   2004.300507 -10531.935942              
VL51  48003.386244  28214.730300 -22120.544110              
*  2025  5 18 10  0   0.00000000                            
PL51  -5482.331426   2334.605071 -10781.089932              
VL51  49924.760656  26816.673210 -19394.325655              
*  2025  5 18 10  2   0.00000000                            
PL51  -4872.573101   2647.450519 -10997.157218              
VL51  51671.980159  25306.095593 -16607.476907              
*  2025  5 18 10  4   0.00000000                            
PL51  -4242.929414   2941.531359 -11179.460401              
VL51  53237.840267  23690.531295 -13768.388095              
*  2025  5 18 10  6   0.00000000                            
PL51  -3595.616666   3215.635130 -11327.423790              
VL51  54615.786938  21977.945787 -10885.617181              
*  2025  5 18 10  8   0.00000000                            
PL51  -2932.925767   3468.647378 -11440.575284              
VL51  55799.943655  20176.702930  -7967.866759              
*  2025  5 18 10 10   0.00000000                            
PL51  -2257.213957   3699.556235 -11518.547960              
VL51  56785.136360  18295.530170  -5023.960450              
*  2025  5 18 10 12   0.00000000                            
PL51  -1570.896232   3907.456561 -11561.081387              
VL51  57566.916176  16343.482290  -2062.818838              
*  2025  5 18 10 14   0.00000000                            
PL51   -876.436522   4091.553651 -11568.022639              
VL51  58141.579808  14329.903792    906.565041              
*  2025  5 18 10 16   0.00000000                            
PL51   -176.338631   4251.166480 -11539.327018              
VL51  58506.187530  12264.390031   3875.150642              
*  2025  5 18 10 18   0.00000000                            
PL51    526.863020   4385.730471 -11475.058470              
VL51  58658.578671  10156.747222   6833.875242              
*  2025  5 18 10 20   0.00000000                            
PL51   1230.612823   4494.799781 -11375.389698              
VL51  58597.384489   8016.951415   9773.679653              
*  2025  5 18 10 22   0.00000000                            
PL51   1932.343546   4578.049094 -11240.601965              
VL51  58322.038357   5855.106581  12685.534254              
*  2025  5 18 10 24   0.00000000                            
PL51   2629.486011   4635.274891 -11071.084580              
VL51  57832.783140   3681.401946  15560.465322              
*  2025  5 18 10 26   0.00000000                            
PL51   3319.478836   4666.396223 -10867.334069              
VL51  57130.675711   1506.068687  18389.581594              
*  2025  5 18 10 28   0.00000000                            
PL51   3999.778213   4671.454945 -10629.953025              
VL51  56217.588488   -660.663826  21164.101015              
*  2025  5 18 10 30   0.00000000                            
PL51   4667.867691   4650.615436 -10359.648635              
VL51  55096.207943  -2808.612122  23875.377606              
*  2025  5 18 10 32   0.00000000                            
PL51   5321.267920   4604.163779 -10057.230887              
VL51  53770.029993  -4927.682860  26514.928380              
*  2025  5 18 10 34   0.00000000                            
PL51   5957.546318   4532.506414  -9723.610454              
VL51  52243.352232  -7007.917057  29074.460246              
*  2025  5 18 10 36   0.00000000                            
PL51   6574.326635   4436.168264  -9359.796250              
VL51  50521.262930  -9039.534117  31545.896792              
*  2025  5 18 10 38   0.00000000                            
PL51   7169.298351   4315.790329  -8966.892674              
VL51  48609.626778 -11012.975486  33921.404892              
*  2025  5 18 10 40   0.00000000                            
PL51   7740.225896   4172.126766  -8546.096533              
VL51  46515.067331 -12918.947738  36193.421004              
*  2025  5 18 10 42   0.00000000                            
PL51   8284.957634   4006.041446  -8098.693646              
VL51  44244.946156 -14748.464896  38354.677077              
*  2025  5 18 10 44   0.00000000                            
PL51   8801.434577   3818.504025  -7626.055151              
VL51  41807.338670 -16492.889780  40398.225949              
*  2025  5 18 10 46   0.00000000                            
PL51   9287.698786   3610.585507  -7129.633499              
VL51  39211.006707 -18143.974189  42317.466109              
*  2025  5 18 10 48   0.00000000                            
PL51   9741.901435   3383.453347  -6610.958170              
VL51  36465.367835 -19693.897689  44106.165723              
*  2025  5 18 10 50   0.00000000                            
PL51  10162.310474   3138.366091  -6071.631086              
VL51  33580.461512 -21135.304810  45758.485775              
*  2025  5 18 10 52   0.00000000                            
PL51  10547.317873   2876.667585  -5513.321774              
VL51  30566.912128 -22461.340436  47269.002208              
*  2025  5 18 10 54   0.00000000                            
PL51  10895.446410   2599.780764  -4937.762250              
VL51  27435.889071 -23665.683182  48632.726934              
*  2025  5 18 10 56   0.00000000                            
PL51  11205.355948   2309.201062  -4346.741676              
VL51  24199.063924 -24742.576548  49845.127570              
*  2025  5 18 10 58   0.00000000                            
PL51  11475.849199   2006.489456  -3742.100773              
VL51  20868.564958 -25686.857656  50902.145783              
*  2025  5 18 11  0   0.00000000                            
PL51  11705.876915   1693.265183  -3125.726033              
VL51  17456.929101 -26493.983373  51800.214102              
*  2025  5 18 11  2   0.00000000                            
PL51  11894.542493   1371.198163  -2499.543737              
VL51  13977.051576 -27160.053654  52536.271085              
*  2025  5 18 11  4   0.00000000                            
PL51  12041.105960   1042.001152  -1865.513799              
VL51  10442.133451 -27681.831917  53107.774730              
*  2025  5 18 11  6   0.00000000                            
PL51  12144.987320    707.421679  -1225.623460              
VL51   6865.627332 -28056.762332  53512.714015              
*  2025  5 18 11  8   0.00000000                            
PL51  12205.769240    369.233784   -581.880862              
VL51   3261.181470 -28282.983856  53749.618481              
*  2025  5 18 11 10   0.00000000                            
PL51  12223.199053     29.229618     63.691493              
VL51   -357.417434 -28359.340929  53817.565778              
*  2025  5 18 11 12   0.00000000                            
PL51  12197.190074   -310.789074    709.063351              
VL51  -3976.302441 -28285.390722  53716.187090              
*  2025  5 18 11 14   0.00000000                            
PL51  12127.822208   -649.019530   1352.203370              
VL51  -7581.585280 -28061.406872  53445.670397              
*  2025  5 18 11 16   0.00000000                            
PL51  12015.341849   -983.666571   1991.085811              
VL51 -11159.415639 -27688.379647  53006.761518              
*  2025  5 18 11 18   0.00000000                            
PL51  11860.161073  -1312.951188   2623.697227              
VL51 -14696.040510 -27168.012524  52400.762912              
*  2025  5 18 11 20   0.00000000                            
PL51  11662.856111  -1635.119057   3248.043125              
VL51 -18177.863254 -26502.715183  51629.530231              
*  2025  5 18 11 22   0.00000000                            
PL51  11424.165123  -1948.448961   3862.154570              
VL51 -21591.502054 -25695.592931  50695.466619              
*  2025  5 18 11 24   0.00000000                            
PL51  11144.985275  -2251.261046   4464.094713              
VL51 -24923.847430 -24750.432619  49601.514802              
*  2025  5 18 11 26   0.00000000                            
PL51  10826.369129  -2541.924907   5051.965205              
VL51 -28162.118494 -23671.685128  48351.146993              
*  2025  5 18 11 28   0.00000000                            
PL51  10469.520372  -2818.867432   5623.912481              
VL51 -31293.917634 -22464.444515  46948.352681              
*  2025  5 18 11 30   0.00000000                            
PL51  10075.788898  -3080.580374   6178.133881              
VL51 -34307.283336 -21134.423949  45397.624373              
*  2025  5 18 11 32   0.00000000                            
PL51   9646.665269  -3325.627630   6712.883597              
VL51 -37190.740860 -19687.928578  43703.941372              
*  2025  5 18 11 34   0.00000000                            
PL51   9183.774579  -3552.652156   7226.478399              
VL51 -39933.350516 -18131.825483  41872.751684              
*  2025  5 18 11 36   0.00000000                            
PL51   8688.869760  -3760.382526   7717.303152              
VL51 -42524.753293 -16473.510905  39909.952171              
*  2025  5 18 11 38   0.00000000                            
PL51   8163.824350  -3947.639067   8183.816066              
VL51 -44955.213624 -14720.874930  37821.867050              
*  2025  5 18 11 40   0.00000000                            
PL51   7610.624777  -4113.339563   8624.553693              
VL51 -47215.659083 -12882.263841  35615.224867              
*  2025  5 18 11 42   0.00000000                            
PL51   7031.362172  -4256.504495   9038.135632              
VL51 -49297.716852 -10966.440359  33297.134070              
*  2025  5 18 11 44   0.00000000                            
PL51   6428.223776  -4376.261783   9423.268933              
VL51 -51193.746789  -8982.541989  30875.057320              
*  2025  5 18 11 46   0.00000000                            
PL51   5803.483967  -4471.851035   9778.752193              
VL51 -52896.870973  -6940.037715  28356.784668              
*  2025  5 18 11 48   0.00000000                            
PL51   5159.494953  -4542.627249  10103.479313              
VL51 -54400.999632  -4848.683272  25750.405750              
*  2025  5 18 11 50   0.00000000                            
PL51   4498.677176  -4588.063987  10396.442924              
VL51 -55700.853371  -2718.475254  23064.281128              
*  2025  5 18 11 52   0.00000000                            
PL51   3823.509476  -4607.755977  10656.737465              
VL51 -56791.981631   -559.604281  20307.012923              
*  2025  5 18 11 54   0.00000000                            
PL51   3136.519050  -4601.421166  10883.561898              
VL51 -57670.777382   1617.592522  17487.414873              
*  2025  5 18 11 56   0.00000000                            
PL51   2440.271263  -4568.902182  11076.222068              
VL51 -58334.487997   3802.679489  14614.481954              
*  2025  5 18 11 58   0.00000000                            
PL51   1737.359348  -4510.167234  11234.132697              
VL51 -58781.222362   5985.170601  11697.359690              
*  2025  5 18 12  0   0.00000000                            
PL51   1030.394041  -4425.310422  11356.818997              
VL51 -59009.954215   8154.577646   8745.313273              
*  2025  5 18 12  2   0.00000000                            
PL51    321.993207  -4314.551481  11443.917931              
VL51 -59020.521800  10300.458150   5767.696627              
*  2025  5 18 12  4   0.00000000                            
PL51   -385.228518  -4178.234940  11495.179082              
VL51 -58813.623874  12412.462842   2773.921499              
*  2025  5 18 12  6   0.00000000                            
PL51  -1088.670009  -4016.828729  11510.465171              
VL51 -58390.812161  14480.382470   -226.573297              
*  2025  5 18 12  8   0.00000000                            
PL51  -1785.753830  -3830.922217  11489.752192              
VL51 -57754.480345  16494.193740  -3224.352397              
*  2025  5 18 12 10   0.00000000                            
PL51  -2473.936245  -3621.223711  11433.129193              
VL51 -56907.849688  18444.104223  -6210.014079              
*  2025  5 18 12 12   0.00000000                            
PL51  -3150.717057  -3388.557424  11340.797690              
VL51 -55854.951396  20320.596012  -9174.220044              
*  2025  5 18 12 14   0.00000000                            
PL51  -3813.649198  -3133.859924  11213.070733              
VL51 -54600.605834  22114.467982 -12107.724696              
*  2025  5 18 12 16   0.00000000                            
PL51  -4460.348063  -2858.176090  11050.371618              
VL51 -53150.398724  23816.876471 -15001.403855              
*  2025  5 18 12 18   0.00000000                            
PL51  -5088.500535  -2562.654581  10853.232263              
VL51 -51510.654455  25419.374230 -17846.282815              
*  2025  5 18 12 20   0.00000000                            
PL51  -5695.873675  -2248.542860  10622.291248              
VL51 -49688.406642  26913.947489 -20633.563680              
*  2025  5 18 12 22   0.00000000                            
PL51  -6280.323047  -1917.181778  10358.291533              
VL51 -47691.366088  28293.051002 -23354.651904              
*  2025  5 18 12 24   0.00000000                            
PL51  -6839.800633  -1569.999753  10062.077864              
VL51 -45527.886314  29549.640936 -26001.181973              
*  2025  5 18 12 26   0.00000000                            
PL51  -7372.362333  -1208.506564   9734.593877              
VL51 -43206.926800  30677.205495 -28565.042159              
*  2025  5 18 12 28   0.00000000                            
PL51  -7876.175002   -834.286798   9376.878903              
VL51 -40738.014129  31669.793154 -31038.398296              
*  2025  5 18 12 30   0.00000000                            
PL51  -8349.523015   -448.992971   8990.064506              
VL51 -38131.201191  32522.038416 -33413.716519              
*  2025  5 18 12 32   0.00000000                            
PL51  -8790.814325    -54.338347   8575.370745              
VL51 -35397.024634  33229.185003 -35683.784913              
*  2025  5 18 12 34   0.00000000                            
PL51  -9198.586011    347.910490   8134.102186              
VL51 -32546.460745  33787.106393 -37841.734030              
*  2025  5 18 12 36   0.00000000                            
PL51  -9571.509276    755.941309   7667.643679              
VL51 -29590.879940  34192.323646 -39881.056223              
*  2025  5 18 12 38   0.00000000                            
PL51  -9908.393900   1167.904093   7177.455900              
VL51 -26542.000054  34442.020467 -41795.623759              
*  2025  5 18 12 40   0.00000000                            
PL51 -10208.192124   1581.919068   6665.070696              
VL51 -23411.838623  34534.055443 -43579.705674              
*  2025  5 18 12 42   0.00000000                            
PL51 -10470.001954   1996.084862   6132.086228              
VL51 -20212.664354  34466.971445 -45227.983329              
*  2025  5 18 12 44   0.00000000                            
PL51 -10693.069884   2408.486755   5580.161930              
VL51 -16956.947958  34240.002155 -46735.564646              
*  2025  5 18 12 46   0.00000000                            
PL51 -10876.793020   2817.204998   5011.013321              
VL51 -13657.312566  33853.075711 -48097.996986              
*  2025  5 18 12 48   0.00000000                            
PL51 -11020.720610   3220.323150   4426.406655              
VL51 -10326.483899  33306.815480 -49311.278653              
*  2025  5 18 12 50   0.00000000                            
PL51 -11124.554977   3615.936413   3828.153450              
VL51  -6977.240400  32602.537961 -50371.868990              
*  2025  5 18 12 52   0.00000000                            
PL51 -11188.151855   4002.159923   3218.104900              
VL51  -3622.363511  31742.247846 -51276.697075              
*  2025  5 18 12 54   0.00000000                            
PL51 -11211.520123   4377.136965   2598.146197              
VL51   -274.588298  30728.630272 -52023.168972              
*  2025  5 18 12 56   0.00000000                            
PL51 -11194.820961   4739.047076   1970.190766              
VL51   3053.445411  29565.040314 -52609.173567              
*  2025  5 18 12 58   0.00000000                            
PL51 -11138.366412   5086.114008   1336.174448              
VL51   6349.241154  28255.489778 -53033.086953              
*  2025  5 18 13  0   0.00000000                            
PL51 -11042.617381   5416.613518    698.049631              
VL51   9600.493088  26804.631355 -53293.775397              
*  2025  5 18 13  2   0.00000000                            
PL51 -10908.181067   5728.880950     57.779359              
VL51  12795.132179  25217.740214 -53390.596870              
*  2025  5 18 13  4   0.00000000                            
PL51 -10735.807852   6021.318583   -582.668573              
VL51  15921.371152  23500.693132 -53323.401177              
*  2025  5 18 13  6   0.00000000                            
PL51 -10526.387656   6292.402708  -1221.327511              
VL51  18967.748062  21659.945249 -53092.528685              
*  2025  5 18 13  8   0.00000000                            
PL51 -10280.945779   6540.690427  -1856.237817              
VL51  21923.168310  19702.504542 -52698.807674              
*  2025  5 18 13 10   0.00000000                            
PL51 -10000.638249   6764.826111  -2485.452700              
VL51  24776.944986  17635.904155 -52143.550338              
*  2025  5 18 13 12   0.00000000                            
PL51  -9686.746698   6963.547538  -3107.043993              
VL51  27518.837371  15468.172681 -51428.547465              
*  2025  5 18 13 14   0.00000000                            
PL51  -9340.672787   7135.691641  -3719.107860              
VL51  30139.087491  13207.802544 -50556.061819              
*  2025  5 18 13 16   0.00000000                            
PL51  -8963.932201   7280.199880  -4319.770406              
VL51  32628.454595  10863.716596 -49528.820279              
*  2025  5 18 13 18   0.00000000                            
PL51  -8558.148248   7396.123198  -4907.193204              
VL51  34978.247456   8445.233096 -48350.004776              
*  2025  5 18 13 20   0.00000000                            
PL51  -8125.045083   7482.626546  -5479.578688              
VL51  37180.354392   5962.029178 -47023.242070              
*  2025  5 18 13 22   0.00000000                            
PL51  -7666.440584   7538.992966  -6035.175423              
VL51  39227.270942   3424.102980 -45552.592424              
*  2025  5 18 13 24   0.00000000                            
PL51  -7184.238913   7564.627210  -6572.283242              
VL51  41112.125117    841.734569 -43942.537226              
*  2025  5 18 13 26   0.00000000                            
PL51  -6680.422783   7559.058881  -7089.258211              
VL51  42828.700172  -1774.554204 -42197.965612              
*  2025  5 18 13 28   0.00000000                            
PL51  -6157.045477   7521.945090  -7584.517443              
VL51  44371.454862  -4414.040764 -40324.160138              
*  2025  5 18 13 30   0.00000000                            
PL51  -5616.222629   7453.072615  -8056.543725              
VL51  45735.541138  -7065.843650 -38326.781557              
*  2025  5 18 13 32   0.00000000                            
PL51  -5060.123813   7352.359551  -8503.889964              
VL51  46916.819268  -9718.965005 -36211.852732              
*  2025  5 18 13 34   0.00000000                            
PL51  -4490.963967   7219.856454  -8925.183429              
VL51  47911.870361 -12362.333567 -33985.741742              
*  2025  5 18 13 36   0.00000000                            
PL51  -3910.994678   7055.746955  -9319.129789              
VL51  48718.006268 -14984.848031 -31655.144215              
*  2025  5 18 13 38   0.00000000                            
PL51  -3322.495370   6860.347866  -9684.516934              
VL51  49333.276883 -17575.420657 -29227.064913              
*  2025  5 18 13 40   0.00000000                            
PL51  -2727.764416   6634.108752 -10020.218572              
VL51  49756.474813 -20123.020981 -26708.798616              
*  2025  5 18 13 42   0.00000000                            
PL51  -2129.110209   6377.610979 -10325.197588              
VL51  49987.137437 -22616.719499 -24107.910321              
*  2025  5 18 13 44   0.00000000                            
PL51  -1528.842225   6091.566246 -10598.509168              
VL51  50025.546353 -25045.731195 -21432.214804              
*  2025  5 18 13 46   0.00000000                            
PL51   -929.262112   5776.814587 -10839.303668              
VL51  49872.724225 -27399.458773 -18689.755549              
*  2025  5 18 13 48   0.00000000                            
PL51   -332.654826   5434.321864 -11046.829230              
VL51  49530.429041 -29667.535470 -15888.783101              
*  2025  5 18 13 50   0.00000000                            
PL51    258.720144   5065.176745 -11220.434136              
VL51  49001.145817 -31839.867308 -13037.732839              
*  2025  5 18 13 52   0.00000000                            
PL51    842.637439   4670.587182 -11359.568884              
VL51  48288.075745 -33906.674669 -10145.202216              
*  2025  5 18 13 54   0.00000000                            
PL51   1416.914345   4251.876389 -11463.788001              
VL51  47395.122835 -35858.533039  -7219.927477              
*  2025  5 18 13 56   0.00000000                            
PL51   1979.419136   3810.478349 -11532.751564              
VL51  46326.878063 -37686.412799  -4270.759893              
*  2025  5 18 13 58   0.00000000                            
PL51   2528.079210   3347.932831 -11566.226430              
VL51  45088.601065 -39381.717928  -1306.641518              
*  2025  5 18 14  0   0.00000000                            
PL51   3060.888986   2865.879972 -11564.087186              
VL51  43686.199423 -40936.323469   1663.419488              
*  2025  5 18 14  2   0.00000000                            
PL51   3575.917553   2366.054397 -11526.316788              
VL51  42126.205563 -42342.611634   4630.373944              
*  2025  5 18 14  4   0.00000000                            
PL51   4071.316008   1850.278930 -11453.006899              
VL51  40415.751339 -43593.506382   7585.157116              
*  2025  5 18 14  6   0.00000000                            
PL51   4545.324492   1320.457891 -11344.357925              
VL51  38562.540336 -44682.506355  10518.714522              
*  2025  5 18 14  8   0.00000000                            
PL51   4996.278868    778.570011 -11200.678733              
VL51  36574.817961 -45603.716011  13422.028051              
*  2025  5 18 14 10   0.00000000                            
PL51   5422.617040    226.660986 -11022.386059              
VL51  34461.339381 -46351.874804  16286.142336              
*  2025  5 18 14 12   0.00000000                            
PL51   5822.884859   -333.164308 -10810.003592              
VL51  32231.335391 -46922.384286  19102.191344              
*  2025  5 18 14 14   0.00000000                            
PL51   6195.741620   -898.749911 -10564.160743              
VL51  29894.476278 -47311.332963  21861.425140              
*  2025  5 18 14 16   0.00000000                            
PL51   6539.965112  -1467.897162 -10285.591096              
VL51  27460.833766 -47515.518761  24555.236742              
*  2025  5 18 14 18   0.00000000                            
PL51   6854.456192  -2038.373331  -9975.130521              
VL51  24940.841158 -47532.468969  27175.189031              
*  2025  5 18 14 20   0.00000000                            
PL51   7138.242880  -2607.920480  -9633.714982              
VL51  22345.251762 -47360.457483  29713.041608              
*  2025  5 18 14 22   0.00000000                            
PL51   7390.483941  -3174.264511  -9262.378016              
VL51  19685.095725 -46998.519241  32160.777546              
*  2025  5 18 14 24   0.00000000                            
PL51   7610.471940  -3735.124371  -8862.247886              
VL51  16971.635414 -46446.461681  34510.629916              
*  2025  5 18 14 26   0.00000000                            
PL51   7797.635754  -4288.221373  -8434.544428              
VL51  14216.319496 -45704.873123  36755.107996              
*  2025  5 18 14 28   0.00000000                            
PL51   7951.542528  -4831.288604  -7980.575581              
VL51  11430.735858 -44775.127927  38887.023066              
*  2025  5 18 14 30   0.00000000                            
PL51   8071.899057  -5362.080370  -7501.733611              
VL51   8626.563570 -43659.388346  40899.513648              
*  2025  5 18 14 32   0.00000000                            
PL51   8158.552588  -5878.381646  -6999.491031              
VL51   5815.524060 -42360.602973  42786.070101              
*  2025  5 18 14 34   0.00000000                            
PL51   8211.491033  -6378.017483  -6475.396244              
VL51   3009.331710 -40882.501700  44540.558430              
*  2025  5 18 14 36   0.00000000                            
PL51   8230.842585  -6858.862340  -5931.068889              
VL51    219.644080 -39229.587141  46157.243187              
*  2025  5 18 14 38   0.00000000                            
PL51   8216.874736  -7318.849282  -5368.194930              
VL51  -2541.988007 -37407.122464  47630.809347              
*  2025  5 18 14 40   0.00000000                            
PL51   8169.992701  -7755.979020  -4788.521485              
VL51  -5264.170303 -35421.115621  48956.383007              
*  2025  5 18 14 42   0.00000000                            
PL51   8090.737236  -8168.328733  -4193.851414              
VL51  -7935.714635 -33278.299968  50129.550795              
*  2025  5 18 14 44   0.00000000                            
PL51   7979.781876  -8554.060642  -3586.037683              
VL51 -10545.687821 -30986.111298  51146.377848              
*  2025  5 18 14 46   0.00000000                            
PL51   7837.929581  -8911.430278  -2966.977523              
VL51 -13083.459750 -28552.661343  52003.424246              
*  2025  5 18 14 48   0.00000000                            
PL51   7666.108820  -9238.794422  -2338.606401              
VL51 -15538.750360 -25986.707803  52697.759754              
*  2025  5 18 14 50   0.00000000                            
PL51   7465.369094  -9534.618658  -1702.891821              
VL51 -17901.675245 -23297.621028  53226.976786              
*  2025  5 18 14 52   0.00000000                            
PL51   7236.875921  -9797.484510  -1061.826987              
VL51 -20162.789633 -20495.347462  53589.201465              
*  2025  5 18 14 54   0.00000000                            
PL51   6981.905307 -10026.096117   -417.424340              
VL51 -22313.130478 -17590.370008  53783.102699              
*  2025  5 18 14 56   0.00000000                            
PL51   6701.837723 -10219.286423    228.290998              
VL51 -24344.256411 -14593.665509  53807.899179              
*  2025  5 18 14 58   0.00000000                            
PL51   6398.151620 -10376.022830    873.287854              
VL51 -26248.285313 -11516.659532  53663.364246              
*  2025  5 18 15  0   0.00000000                            
PL51   6072.416499 -10495.412304   1515.535676              
VL51 -28017.929281  -8371.178692  53349.828562              
*  2025  5 18 15  2   0.00000000                            
PL51   5726.285590 -10576.705889   2153.011230              
VL51 -29646.526765  -5169.400762  52868.180564              
*  2025  5 18 15  4   0.00000000                            
PL51   5361.488157 -10619.302607   2783.705278              
VL51 -31128.071704  -1923.802834  52219.864662              
*  2025  5 18 15  6   0.00000000                            
PL51   4979.821471 -10622.752740   3405.629236              
VL51 -32457.239458   1352.892199  51406.877196              
*  2025  5 18 15  8   0.00000000                            
PL51   4583.142496 -10586.760440   4016.821755              
VL51 -33629.409399   4647.770520  50431.760153              
*  2025  5 18 15 10   0.00000000                            
PL51   4173.359324 -10511.185694   4615.355221              
VL51 -34640.684027   7947.783359  49297.592677              
*  2025  5 18 15 12   0.00000000                            
PL51   3752.422395 -10396.045601   5199.342144              
VL51 -35487.904505  11239.803715  48007.980426              
*  2025  5 18 15 14   0.00000000                            
PL51   3322.315565 -10241.514966   5766.941397              
VL51 -36168.662524  14510.683539  46567.042818              
*  2025  5 18 15 16   0.00000000                            
PL51   2885.047043 -10047.926211   6316.364293              
VL51 -36681.308462  17747.311057  44979.398261              
*  2025  5 18 15 18   0.00000000                            
PL51   2442.640257  -9815.768596   6845.880480              
VL51 -37024.955785  20936.667919  43250.147435              
*  2025  5 18 15 20   0.00000000                            
PL51   1997.124690  -9545.686756   7353.823616              
VL51 -37199.481696  24065.885881  41384.854738              
*  2025  5 18 15 22   0.00000000                            
PL51   1550.526730  -9238.478565   7838.596813              
VL51 -37205.524062  27122.302709  39389.527991              
*  2025  5 18 15 24   0.00000000                            
PL51   1104.860578  -8895.092334   8298.677827              
VL51 -37044.474644  30093.517018  37270.596538              
*  2025  5 18 15 26   0.00000000                            
PL51    662.119261  -8516.623354   8732.623982              
VL51 -36718.468710  32967.441779  35034.887840              
*  2025  5 18 15 28   0.00000000                            
PL51    224.265789  -8104.309818   9139.076794              
VL51 -36230.371127  35732.356213  32689.602719              
*  2025  5 18 15 30   0.00000000                            
PL51   -206.775497  -7659.528115   9516.766301              
VL51 -35583.759031  38376.955842  30242.289382              
*  2025  5 18 15 32   0.00000000                            
PL51   -629.127357  -7183.787554   9864.515070              
VL51 -34782.901220  40890.400458  27700.816345              
*  2025  5 18 15 34   0.00000000                            
PL51  -1040.967806  -6678.724508  10181.241871              
VL51 -33832.734402  43262.359806  25073.344433              
*  2025  5 18 15 36   0.00000000                            
PL51  -1440.537977  -6146.096035  10465.965015              
VL51 -32738.836483  45483.056783  22368.297955              
*  2025  5 18 15 38   0.00000000                            
PL51  -1826.149639  -5587.773000  10717.805337              
VL51 -31507.397049  47543.307997  19594.335223              
*  2025  5 18 15 40   0.00000000                            
PL51  -2196.192345  -5005.732711  10935.988828              
VL51 -30145.185244  49434.561517  16760.318522              
*  2025  5 18 15 42   0.00000000                            
PL51  -2549.140185  -4402.051137  11119.848896              
VL51 -28659.515223  51148.931701  13875.283683              
*  2025  5 18 15 44   0.00000000                            
PL51  -2883.558105  -3778.894717  11268.828268              
VL51 -27058.209403  52679.230966  10948.409349              
*  2025  5 18 15 46   0.00000000                            
PL51  -3198.107778  -3138.511808  11382.480518              
VL51 -25349.559694  54018.998421   7988.986084              
*  2025  5 18 15 48   0.00000000                            
PL51  -3491.552994  -2483.223807  11460.471222              
VL51 -23542.286933  55162.525256   5006.385413              
*  2025  5 18 15 50   0.00000000                            
PL51  -3762.764557  -1815.415995  11502.578745              
VL51 -21645.498734  56104.876842   2010.028919              
*  2025  5 18 15 52   0.00000000                            
PL51  -4010.724666  -1137.528125  11508.694659              
VL51 -19668.645967  56841.911466   -990.642513              
*  2025  5 18 15 54   0.00000000                            
PL51  -4234.530766   -452.044817  11478.823791              
VL51 -17621.478079  57370.295679  -3986.199180              
*  2025  5 18 15 56   0.00000000                            
PL51  -4433.398861    238.514220  11413.083902              
VL51 -15513.997490  57687.516235  -6967.252696              
*  2025  5 18 15 58   0.00000000                            
PL51  -4606.666269    931.604082  11311.705021              
VL51 -13356.413258  57791.888614  -9924.485679              
*  2025  5 18 16  0   0.00000000                            
PL51  -4753.793824   1624.664653  11175.028413              
VL51 -11159.094246  57682.562137 -12848.680904              
*  2025  5 18 16  2   0.00000000                            
PL51  -4874.367509   2315.130620  11003.505204              
VL51  -8932.521990  57359.521702 -15730.749847              
*  2025  5 18 16  4   0.00000000                            
PL51  -4968.099524   3000.441496  10797.694672              
VL51  -6687.243475  56823.586166 -18561.760553              
*  2025  5 18 16  6   0.00000000                            
PL51  -5034.828792   3678.051602  10558.262202              
VL51  -4433.824025  56076.403416 -21332.964745              
*  2025  5 18 16  8   0.00000000                            
PL51  -5074.520893   4345.439969  10285.976924              
VL51  -2182.800499  55120.442186 -24035.824132              
*  2025  5 18 16 10   0.00000000                            
PL51  -5087.267451   5000.120120   9981.709043              
VL51     55.365021  53958.980675 -26662.035832              
*  2025  5 18 16 12   0.00000000                            
PL51  -5073.284952   5639.649704   9646.426860              
VL51   2270.330847  52596.092041 -29203.556869              
*  2025  5 18 16 14   0.00000000                            
PL51  -5032.913042   6261.639933   9281.193514              
VL51   4451.920444  51036.626849 -31652.627681              
*  2025  5 18 16 16   0.00000000                            
PL51  -4966.612270   6863.764786   8887.163448              
VL51   6590.166141  49286.192563 -34001.794585              
*  2025  5 18 16 18   0.00000000                            
PL51  -4874.961333   7443.769958   8465.578604              
VL51   8675.351636  47351.130178 -36243.931145              
*  2025  5 18 16 20   0.00000000                            
PL51  -4758.653809   7999.481511   8017.764379              
VL51  10698.053120  45238.488113 -38372.258407              
*  2025  5 18 16 22   0.00000000                            
PL51  -4618.494409   8528.814186   7545.125332              
VL51  12649.178871  42955.993460 -40380.363935              
*  2025  5 18 16 24   0.00000000                            
PL51  -4455.394759   9029.779368   7049.140688              
VL51  14520.007166  40512.020747 -42262.219620              
*  2025  5 18 16 26   0.00000000                            
PL51  -4270.368746   9500.492656   6531.359615              
VL51  16302.222369  37915.558328 -44012.198224              
*  2025  5 18 16 28   0.00000000                            
PL51  -4064.527438   9939.181010   5993.396330              
VL51  17987.949068  35176.172555 -45625.088607              
*  2025  5 18 16 30   0.00000000                            
PL51  -3839.073601  10344.189470   5436.925015              
VL51  19569.784135  32303.969885 -47096.109631              
*  2025  5 18 16 32   0.00000000                            
PL51  -3595.295858  10713.987392   4863.674580              
VL51  21040.826592  29309.557070 -48420.922699              
*  2025  5 18 16 34   0.00000000                            
PL51  -3334.562491  11047.174211   4275.423292              
VL51  22394.705187  26203.999605 -49595.642906              
*  2025  5 18 16 36   0.00000000                            
PL51  -3058.314930  11342.484684   3673.993259              
VL51  23625.603578  22998.778590 -50616.848789              
*  2025  5 18 16 38   0.00000000                            
PL51  -2768.060959  11598.793613   3061.244828              
VL51  24728.283041  19705.746185 -51481.590654              
*  2025  5 18 16 40   0.00000000                            
PL51  -2465.367658  11815.120023   2439.070875              
VL51  25698.102631  16337.079846 -52187.397462              
*  2025  5 18 16 42   0.00000000                            
PL51  -2151.854121  11990.630789   1809.391029              
VL51  26531.036722  12905.235508 -52732.282282              
*  2025  5 18 16 44   0.00000000                            
PL51  -1829.183985  12124.643688   1174.145836              
VL51  27223.689886   9422.899929 -53114.746285              
*  2025  5 18 16 46   0.00000000                            
PL51  -1499.057786  12216.629883    535.290887              
VL51  27773.309061   5902.942371 -53333.781308              
*  2025  5 18 16 48   0.00000000                            
PL51  -1163.205196  12266.215819   -105.209081              
VL51  28177.792985   2358.365812 -53388.870972              
*  2025  5 18 16 50   0.00000000                            
PL51   -823.377155  12273.184532   -745.386084              
VL51  28435.698880  -1197.742113 -53279.990391              
*  2025  5 18 16 52   0.00000000                            
PL51   -481.337945  12237.476376  -1383.274778              
VL51  28546.246391  -4752.258234 -53007.604484              
*  2025  5 18 16 54   0.00000000                            
PL51   -138.857230  12159.189147  -2016.918326              
VL51  28509.318779  -8292.072875 -52572.664922              
*  2025  5 18 16 56   0.00000000                            
PL51    202.297899  12038.577635  -2644.374208              
VL51  28325.461403 -11804.138580 -51976.605757              
*  2025  5 18 16 58   0.00000000                            
PL51    540.370850  11876.052583  -3263.719980              
VL51  27995.877519 -15275.518383 -51221.337757              
*  2025  5 18 17  0   0.00000000                            
PL51    873.623384  11672.179077  -3873.058953              
VL51  27522.421447 -18693.433455 -50309.241495              
*  2025  5 18 17  2   0.00000000                            
PL51   1200.343375  11427.674364  -4470.525785              
VL51  26907.589138 -22045.309965 -49243.159235              
*  2025  5 18 17  4   0.00000000                            
PL51   1518.852437  11143.405118  -5054.291963              
VL51  26154.506220 -25318.825016 -48026.385647              
*  2025  5 18 17  6   0.00000000                            
PL51   1827.513403  10820.384157  -5622.571177              
VL51  25266.913569 -28501.951511 -46662.657397              
*  2025  5 18 17  8   0.00000000                            
PL51   2124.737602  10459.766631  -6173.624548              
VL51  24249.150485 -31583.001794 -45156.141652              
*  2025  5 18 17 10   0.00000000                            
PL51   2408.991931  10062.845692  -6705.765725              
VL51  23106.135543 -34550.669960 -43511.423526              
*  2025  5 18 17 12   0.00000000                            
PL51   2678.805680   9631.047668  -7217.365821              
VL51  21843.345207 -37394.072666 -41733.492543              
*  2025  5 18 17 14   0.00000000                            
PL51   2932.777087   9165.926755  -7706.858174              
VL51  20466.790300 -40102.788365 -39827.728118              
*  2025  5 18 17 16   0.00000000                            
PL51   3169.579600   8669.159247  -8172.742941              
VL51  18982.990413 -42666.894810 -37799.884144              
*  2025  5 18 17 18   0.00000000                            
PL51   3387.967817   8142.537332  -8613.591489              
VL51  17398.946375 -45077.004753 -35656.072694              
*  2025  5 18 17 20   0.00000000                            
PL51   3586.783087   7587.962464  -9028.050596              
VL51  15722.110868 -47324.299724 -33402.746909              
*  2025  5 18 17 22   0.00000000                            
PL51   3764.958750   7007.438345  -9414.846432              
VL51  13960.357305 -49400.561794 -31046.683098              
*  2025  5 18 17 24   0.00000000                            
PL51   3921.524985   6403.063541  -9772.788332              
VL51  12121.947088 -51298.203279 -28594.962089              
*  2025  5 18 17 26   0.00000000                            
PL51   4055.613267   5777.023749 -10100.772331              
VL51  10215.495349 -53010.294252 -26054.949886              
*  2025  5 18 17 28   0.00000000                            
PL51   4166.460398   5131.583751 -10397.784465              
VL51   8249.935290 -54530.587841 -23434.277641              
*  2025  5 18 17 30   0.00000000                            
PL51   4253.412101   4469.079079 -10662.903834              
VL51   6234.481255 -55853.543221 -20740.820997              
*  2025  5 18 17 32   0.00000000                            
PL51   4315.926169   3791.907412 -10895.305407              
VL51   4178.590625 -56974.346246 -17982.678825              
*  2025  5 18 17 34   0.00000000                            
PL51   4353.575147   3102.519746 -11094.262567              
VL51   2091.924684 -57888.927670 -15168.151381              
*  2025  5 18 17 36   0.00000000                            
PL51   4366.048539   2403.411360 -11259.149400              
VL51    -15.691436 -58593.978891 -12305.717917              
*  2025  5 18 17 38   0.00000000                            
PL51   4353.154528   1697.112605 -11389.442702              
VL51  -2134.309602 -59086.965186  -9404.013767              
*  2025  5 18 17 40   0.00000000                            
PL51   4314.821207    986.179550 -11484.723710              
VL51  -4253.900197 -59366.136373  -6471.806935              
*  2025  5 18 17 42   0.00000000                            
PL51   4251.097304    273.184517 -11544.679557              
VL51  -6364.394170 -59430.534867  -3517.974210              
*  2025  5 18 17 44   0.00000000                            
PL51   4162.152398   -439.293463 -11569.104427              
VL51  -8455.725493 -59280.001078   -551.476832              
*  2025  5 18 17 46   0.00000000                            
PL51   4048.276629  -1148.678249 -11557.900423              
VL51 -10517.873881 -58915.176119   2418.664273              
*  2025  5 18 17 48   0.00000000                            
PL51   3909.879894  -1852.406198 -11511.078131              
VL51 -12540.907654 -58337.501772   5383.393652              
*  2025  5 18 17 50   0.00000000                            
PL51   3747.490521  -2547.935759 -11428.756883              
VL51 -14515.026572 -57549.217685   8333.646855              
*  2025  5 18 17 52   0.00000000                            
PL51   3561.753442  -3232.757018 -11311.164707              
VL51 -16430.604521 -56553.355761  11260.376307              
*  2025  5 18 17 54   0.00000000                            
PL51   3353.427843  -3904.401157 -11158.637973              
VL51 -18278.231878 -55353.731701  14154.577473              
*  2025  5 18 17 56   0.00000000                            
PL51   3123.384317  -4560.449793 -10971.620712              
VL51 -20048.757405 -53954.933679  17007.315288              
*  2025  5 18 17 58   0.00000000                            
PL51   2872.601517  -5198.544167 -10750.663629              
VL51 -21733.329519 -52362.308127  19809.750793              
*  2025  5 18 18  0   0.00000000                            
PL51   2602.162312  -5816.394142 -10496.422783              
VL51 -23323.436740 -50581.942601  22553.167923              
*  2025  5 18 18  2   0.00000000                            
PL51   2313.249471  -6411.786981 -10209.657957              
VL51 -24810.947177 -48620.645739  25229.000381              
*  2025  5 18 18  4   0.00000000                            
PL51   2007.140877  -6982.595862  -9891.230694              
VL51 -26188.146848 -46485.924305  27828.858536              
*  2025  5 18 18  6   0.00000000                            
PL51   1685.204285  -7526.788106  -9542.102019              
VL51 -27447.776665 -44185.957332  30344.556254              
*  2025  5 18 18  8   0.00000000                            
PL51   1348.891655  -8042.433074  -9163.329837              
VL51 -28583.067895 -41729.567393  32768.137591              
*  2025  5 18 18 10   0.00000000                            
PL51    999.733056  -8527.709702  -8756.066010              
VL51 -29587.775912 -39126.189043  35091.903252              
*  2025  5 18 18 12   0.00000000                            
PL51    639.330192  -8980.913642  -8321.553122              
VL51 -30456.212049 -36385.834469  37308.436703              
*  2025  5 18 18 14   0.00000000                            
PL51    269.349542  -9400.463976  -7861.120927              
VL51 -31183.273361 -33519.056443  39410.629849              
*  2025  5 18 18 16   0.00000000                            
PL51   -108.484831  -9784.909464  -7376.182504              
VL51 -31764.470123 -30536.908648  41391.708136              
*  2025  5 18 18 18   0.00000000                            
PL51   -492.398794 -10132.934306  -6868.230100              
VL51 -32195.950868 -27450.903494  43245.254979              
*  2025  5 18 18 20   0.00000000                            
PL51   -880.575939 -10443.363382  -6338.830695              
VL51 -32474.524799 -24272.967554  44965.235365              
*  2025  5 18 18 22   0.00000000                            
PL51  -1271.165632 -10715.166943  -5789.621286              
VL51 -32597.681408 -21015.394773  46546.018530              
*  2025  5 18 18 24   0.00000000                            
PL51  -1662.291279 -10947.464728  -5222.303907              
VL51 -32563.607147 -17690.797607  47982.399547              
*  2025  5 18 18 26   0.00000000                            
PL51  -2052.058776 -11139.529485  -4638.640392              
VL51 -32371.198997 -14312.056305  49269.619726              
*  2025  5 18 18 28   0.00000000                            
PL51  -2438.565097 -11290.789868  -4040.446904              
VL51 -32020.074819 -10892.266513  50403.385668              
*  2025  5 18 18 30   0.00000000                            
PL51  -2819.906996 -11400.832705  -3429.588249              
VL51 -31510.580362  -7444.685464  51379.886857              
*  2025  5 18 18 32   0.00000000                            
PL51  -3194.189759 -11469.404606  -2807.971981              
VL51 -30843.792835  -3982.676972  52195.811670              
*  2025  5 18 18 34   0.00000000                            
PL51  -3559.535992 -11496.412904  -2177.542326              
VL51 -30021.520972   -519.655508  52848.361674              
*  2025  5 18 18 36   0.00000000                            
PL51  -3914.094378 -11481.925930  -1540.273950              
VL51 -29046.301524   2930.970361  53335.264105              
*  2025  5 18 18 38   0.00000000                            
PL51  -4256.048376 -11426.172598   -898.165584              
VL51 -27921.392158   6355.854889  53654.782431              
*  2025  5 18 18 40   0.00000000                            
PL51  -4583.624810 -11329.541306   -253.233535              
VL51 -26650.760746   9741.772108  53805.724900              
*  2025  5 18 18 42   0.00000000                            
PL51  -4895.102311 -11192.578166    392.494888              
VL51 -25239.071071  13075.672522  53787.451005              
*  2025  5 18 18 44   0.00000000                            
PL51  -5188.819562 -11015.984539   1036.988022              
VL51 -23691.664987  16344.739229  53599.875789              
*  2025  5 18 18 46   0.00000000                            
PL51  -5463.183314 -10800.613920   1678.216531              
VL51 -22014.541106  19536.443137  53243.471956              
*  2025  5 18 18 48   0.00000000                            
PL51  -5716.676119 -10547.468155   2314.160095              
VL51 -20214.330108  22638.596980  52719.269741              
*  2025  5 18 18 50   0.00000000                            
PL51  -5947.863750 -10257.693022   2942.814093              
VL51 -18298.266791  25639.407816  52028.854542              
*  2025  5 18 18 52   0.00000000                            
PL51  -6155.402270  -9932.573194   3562.196237              
VL51 -16274.159006  28527.527705  51174.362291              
*  2025  5 18 18 54   0.00000000                            
PL51  -6338.044706  -9573.526607   4170.353140              
VL51 -14150.353649  31292.102294  50158.472610              
*  2025  5 18 18 56   0.00000000                            
PL51  -6494.647299  -9182.098253   4765.366790              
VL51 -11935.699878  33922.817022  48984.399761              
*  2025  5 18 18 58   0.00000000                            
PL51  -6624.175298  -8759.953442   5345.360897              
VL51  -9639.509774  36409.940705  47655.881459              
*  2025  5 18 19  0   0.00000000                            
PL51  -6725.708267  -8308.870552   5908.507101              
VL51  -7271.516661  38744.366258  46177.165599              
*  2025  5 18 19  2   0.00000000                            
PL51  -6798.444879  -7830.733314   6453.031001              
VL51  -4841.831315  40917.648345  44552.994979              
*  2025  5 18 19  4   0.00000000                            
PL51  -6841.707176  -7327.522655   6977.217994              
VL51  -2360.896300  42922.037768  42788.590105              
*  2025  5 18 19  6   0.00000000                            
PL51  -6854.944263  -6801.308161   7479.418896              
VL51    160.561288  44750.512418  40889.630188              
*  2025  5 18 19  8   0.00000000                            
PL51  -6837.735436  -6254.239184   7958.055323              
VL51   2711.578443  46396.804664  38862.232434              
*  2025  5 18 19 10   0.00000000                            
PL51  -6789.792714  -5688.535637   8411.624814              
VL51   5281.005940  47855.425051  36712.929748              
*  2025  5 18 19 12   0.00000000                            
PL51  -6710.962773  -5106.478538   8838.705678              
VL51   7857.558840  49121.682228  34448.646995              
*  2025  5 18 19 14   0.00000000                            
PL51  -6601.228266  -4510.400329   9237.961553              
VL51  10429.867544  50191.699040  32076.675926              
*  2025  5 18 19 16   0.00000000                            
PL51  -6460.708534  -3902.675030   9608.145644              
VL51  12986.529133  51062.424753  29604.648923              
*  2025  5 18 19 18   0.00000000                            
PL51  -6289.659695  -3285.708268   9948.104657              
VL51  15516.158714  51731.643401  27040.511689              
*  2025  5 18 19 20   0.00000000                            
PL51  -6088.474123  -2661.927229  10256.782381              
VL51  18007.440553  52197.978258  24392.495012              
*  2025  5 18 19 22   0.00000000                            
PL51  -5857.679310  -2033.770577  10533.222944              
VL51  20449.178709  52460.892468  21669.085767              
*  2025  5 18 19 24   0.00000000                            
PL51  -5597.936133  -1403.678396  10776.573703              
VL51  22830.346956  52520.685903  18878.997254              
*  2025  5 18 19 26   0.00000000                            
PL51  -5310.036518   -774.082181  10986.087783              
VL51  25140.137750  52378.488293  16031.139040              
*  2025  5 18 19 28   0.00000000                            
PL51  -4994.900532   -147.394944  11161.126250              
VL51  27368.010026  52036.248750  13134.586422              
*  2025  5 18 19 30   0.00000000                            
PL51  -4653.572901    473.998541  11301.159912              
VL51  29503.735622  51496.721785  10198.549631              
*  2025  5 18 19 32   0.00000000                            
PL51  -4287.218988   1087.751304  11405.770756              
VL51  31537.444138  50763.449939   7232.342906              
*  2025  5 18 19 34   0.00000000                            
PL51  -3897.120236   1691.563508  11474.653009              
VL51  33459.666039  49840.743170   4245.353536              
*  2025  5 18 19 36   0.00000000                            
PL51  -3484.669112   2283.191527  11507.613829              
VL51  35261.373852  48733.655135   1247.010990              
*  2025  5 18 19 38   0.00000000                            
PL51  -3051.363563   2860.456705  11504.573628              
VL51  36934.021275  47447.956521  -1753.243777              
*  2025  5 18 19 40   0.00000000                            
PL51  -2598.801018   3421.253794  11465.566026              
VL51  38469.580072  45990.105588  -4745.988733              
*  2025  5 18 19 42   0.00000000                            
PL51  -2128.671965   3963.559009  11390.737441              
VL51  39860.574600  44367.216087  -7721.850809              
*  2025  5 18 19 44   0.00000000                            
PL51  -1642.753119   4485.437693  11280.346330              
VL51  41100.113861  42587.022740 -10671.535461              
*  2025  5 18 19 46   0.00000000                            
PL51  -1142.900234   4985.051549  11134.762065              
VL51  42181.920963  40657.844455 -13585.855695              
*  2025  5 18 19 48   0.00000000                            
PL51   -631.040566   5460.665417  10954.463475              
VL51  43100.359888  38588.545477 -16455.760449              
*  2025  5 18 19 50   0.00000000                            
PL51   -109.165035   5910.653577  10740.037049              
VL51  43850.459506  36388.494652 -19272.362274              
*  2025  5 18 19 52   0.00000000                            
PL51    420.679882   6333.505555  10492.174806              
VL51  44427.934734  34067.523014 -22026.964245              
*  2025  5 18 19 54   0.00000000                            
PL51    956.400493   6727.831400  10211.671856              
VL51  44829.204804  31635.879872 -24711.086030              
*  2025  5 18 19 56   0.00000000                            
PL51   1495.864445   7092.366438   9899.423647              
VL51  45051.408579  29104.187616 -27316.489071              
*  2025  5 18 19 58   0.00000000                            
PL51   2036.909429   7425.975471   9556.422917              
VL51  45092.416881  26483.395410 -29835.200808              
*  2025  5 18 20  0   0.00000000                            
PL51   2577.352027   7727.656417   9183.756362              
VL51  44950.841799  23784.731989 -32259.537908              
*  2025  5 18 20  2   0.00000000                            
PL51   3114.996647   7996.543375   8782.601031              
VL51  44626.042962  21019.657743 -34582.128430              
*  2025  5 18 20  4   0.00000000                            
PL51   3647.644514   8231.909120   8354.220463              
VL51  44118.130763  18199.816289 -36795.932905              
*  2025  5 18 20  6   0.00000000                            
PL51   4173.102687   8433.167002   7899.960575              
VL51  43427.966543  15336.985720 -38894.264255              
*  2025  5 18 20  8   0.00000000                            
PL51   4689.193051   8599.872274   7421.245321              
VL51  42557.159738  12443.029723 -40870.806522              
*  2025  5 18 20 10   0.00000000                            
PL51   5193.761267   8731.722821   6919.572129              
VL51  41508.062027   9529.848765 -42719.632367              
*  2025  5 18 20 12   0.00000000                            
PL51   5684.685627   8828.559311   6396.507146              
VL51  40283.758500   6609.331532 -44435.219290              
*  2025  5 18 20 14   0.00000000                            
PL51   6159.885788   8890.364765   5853.680281              
VL51  38888.055913   3693.306812 -46012.464525              
*  2025  5 18 20 16   0.00000000                            
PL51   6617.331343   8917.263553   5292.780091              
VL51  37325.468078    793.496010 -47446.698605              
*  2025  5 18 20 18   0.00000000                            
PL51   7055.050211   8909.519823   4715.548505              
VL51  35601.198463  -2078.533511 -48733.697529              
*  2025  5 18 20 20   0.00000000                            
PL51   7471.136790   8867.535379   4123.775412              
VL51  33721.120099  -4911.414104 -49869.693553              
*  2025  5 18 20 22   0.00000000                            
PL51   7863.759860   8791.847014   3519.293131              
VL51  31691.752872  -7694.022331 -50851.384543              
*  2025  5 18 20 24   0.00000000                            
PL51   8231.170195   8683.123322   2903.970769              
VL51  29520.238314 -10415.522127 -51675.941922              
*  2025  5 18 20 26   0.00000000                            
PL51   8571.707860   8542.160995   2279.708505              
VL51  27214.312001 -13065.406467 -52341.017168              
*  2025  5 18 20 28   0.00000000                            
PL51   8883.809166   8369.880635   1648.431792              
VL51  24782.273683 -15633.537393 -52844.746883              
*  2025  5 18 20 30   0.00000000                            
PL51   9166.013244   8167.322093   1012.085513              
VL51  22232.955277 -18110.184245 -53185.756425              
*  2025  5 18 20 32   0.00000000                            
PL51   9416.968233   7935.639362    372.628105              
VL51  19575.686852 -20486.059975 -53363.162104              
*  2025  5 18 20 34   0.00000000                            
PL51   9635.437042   7676.095043   -267.974342              
VL51  16820.260756 -22752.355422 -53376.571968              
*  2025  5 18 20 36   0.00000000                            
PL51   9820.302677   7390.054421   -907.753983              
VL51  13976.894046 -24900.771412 -53226.085185              
*  2025  5 18 20 38   0.00000000                            
PL51   9970.573100   7078.979159  -1544.747102              
VL51  11056.189355 -26923.548604 -52912.290050              
*  2025  5 18 20 40   0.00000000                            
PL51  10085.385618   6744.420656  -2176.999957              
VL51   8069.094374 -28813.494986 -52436.260642              
*  2025  5 18 20 42   0.00000000                            
PL51  10164.010771   6388.013082  -2802.574591              
VL51   5026.860096 -30564.010933 -51799.552167              
*  2025  5 18 20 44   0.00000000                            
PL51  10205.855717   6011.466138  -3419.554565              
VL51   1940.997987 -32169.111764 -51004.195004              
*  2025  5 18 20 46   0.00000000                            
PL51  10210.467097   5616.557545  -4026.050622              
VL51  -1176.763755 -33623.447752 -50052.687516              
*  2025  5 18 20 48   0.00000000                            
PL51  10177.533369   5205.125328  -4620.206249              
VL51  -4314.524688 -34922.321515 -48947.987639              
*  2025  5 18 20 50   0.00000000                            
PL51  10106.886602   4779.059888  -5200.203142              
VL51  -7460.257207 -36061.702780 -47693.503303              
*  2025  5 18 20 52   0.00000000                            
PL51   9998.503736   4340.295926  -5764.266536              
VL51 -10601.852051 -37038.240472 -46293.081724              
*  2025  5 18 20 54   0.00000000                            
PL51   9852.507279   3890.804232  -6310.670410              
VL51 -13727.164076 -37849.272114 -44750.997603              
*  2025  5 18 20 56   0.00000000                            
PL51   9669.165470   3432.583379  -6837.742544              
VL51 -16824.058139 -38492.830546 -43071.940293              
*  2025  5 18 20 58   0.00000000                            
PL51   9448.891879   2967.651354  -7343.869406              
VL51 -19880.454938 -38967.647942 -41260.999962              
*  2025  5 18 21  0   0.00000000                            
PL51   9192.244463   2498.037153  -7827.500878              
VL51 -22884.376650 -39273.157154 -39323.652826              
*  2025  5 18 21  2   0.00000000                            
PL51   8899.924080   2025.772377  -8287.154797              
VL51 -25823.992229 -39409.490409 -37265.745470              
*  2025  5 18 21  4   0.00000000                            
PL51   8572.772454   1552.882866  -8721.421296              
VL51 -28687.662227 -39377.475382 -35093.478327              
*  2025  5 18 21  6   0.00000000                            
PL51   8211.769611   1081.380384  -9128.966953              
VL51 -31463.982985 -39178.628672 -32813.388359              
*  2025  5 18 21  8   0.00000000                            
PL51   7818.030789    613.254406  -9508.538717              
VL51 -34141.830086 -38815.146758 -30432.330961              
*  2025  5 18 21 10   0.00000000                            
PL51   7392.802831    150.464028  -9858.967618              
VL51 -36710.400935 -38289.894458 -27957.461141              
*  2025  5 18 21 12   0.00000000                            
PL51   6937.460071   -305.069973 -10179.172249              
VL51 -39159.256335 -37606.390949 -25396.214019              
*  2025  5 18 21 14   0.00000000                            
PL51   6453.499730   -751.472897 -10468.162002              
VL51 -41478.360960 -36768.793416 -22756.284650              
*  2025  5 18 21 16   0.00000000                            
PL51   5942.536832  -1186.923667 -10725.040067              
VL51 -43658.122578 -35781.878378 -20045.607236              
*  2025  5 18 21 18   0.00000000                            
PL51   5406.298661  -1609.662133 -10949.006172              
VL51 -45689.429942 -34651.020771 -17272.333731              
*  2025  5 18 21 20   0.00000000                            
PL51   4846.618766  -2017.996124 -11139.359066              
VL51 -47563.689208 -33382.170848 -14444.811878              
*  2025  5 18 21 22   0.00000000                            
PL51   4265.430544  -2410.308197 -11295.498733              
VL51 -49272.858786 -31981.828964 -11571.562702              
*  2025  5 18 21 24   0.00000000                            
PL51   3664.760408  -2785.062080 -11416.928335              
VL51 -50809.482506 -30457.018344  -8661.257479              
*  2025  5 18 21 26   0.00000000                            
PL51   3046.720577  -3140.808770 -11503.255871              
VL51 -52166.720993 -28815.255882  -5722.694207              
*  2025  5 18 21 28   0.00000000                            
PL51   2413.501494  -3476.192276 -11554.195559              
VL51 -53338.381134 -27064.521079  -2764.773600              
*  2025  5 18 21 30   0.00000000                            
PL51   1767.363901  -3789.954972 -11569.568919              
VL51 -54318.943525 -25213.223193    203.525371              
*  2025  5 18 21 32   0.00000000                            
PL51   1110.630604  -4080.942551 -11549.305564              
VL51 -55103.587791 -23270.166695   3173.170362              
*  2025  5 18 21 34   0.00000000                            
PL51    445.677945  -4348.108550 -11493.443689              
VL51 -55688.215658 -21244.515121   6135.100930              
*  2025  5 18 21 36   0.00000000                            
PL51   -225.072996  -4590.518436 -11402.130255              
VL51 -56069.471671 -19145.753428   9080.254181              
*  2025  5 18 21 38   0.00000000                            
PL51   -899.165420  -4807.353229 -11275.620862              
VL51 -56244.761441 -16983.648962  11999.590723              
*  2025  5 18 21 40   0.00000000                            
PL51  -1574.116043  -4997.912651 -11114.279311              
VL51 -56212.267323 -14768.211146  14884.120920              
*  2025  5 18 21 42   0.00000000                            
PL51  -2247.424495  -5161.617783 -10918.576850              
VL51 -55970.961404 -12509.650006  17724.931367              
*  2025  5 18 21 44   0.00000000                            
PL51  -2916.582863  -5298.013216 -10689.091094              
VL51 -55520.615714 -10218.333676  20513.211569              
*  2025  5 18 21 46   0.00000000                            
PL51  -3579.085335  -5406.768692 -10426.504634              
VL51 -54861.809539  -7904.744997  23240.280747              
*  2025  5 18 21 48   0.00000000                            
PL51  -4232.437918  -5487.680216 -10131.603317              
VL51 -53995.933746  -5579.437363  25897.614715              
*  2025  5 18 21 50   0.00000000                            
PL51  -4874.168185  -5540.670632  -9805.274208              
VL51 -52925.192021  -3252.989967  28476.872770              
*  2025  5 18 21 52   0.00000000                            
PL51  -5501.835025  -5565.789664  -9448.503222              
VL51 -51652.598932   -935.962596  30969.924492              
*  2025  5 18 21 54   0.00000000                            
PL51  -6113.038340  -5563.213408  -9062.372448              
VL51 -50181.974734   1361.149846  33368.876389              
*  2025  5 18 21 56   0.00000000                            
PL51  -6705.428670  -5533.243285  -8648.057141              
VL51 -48517.936854   3627.962910  35666.098274              
*  2025  5 18 21 58   0.00000000                            
PL51  -7276.716688  -5476.304436  -8206.822407              
VL51 -46665.887994   5854.248077  37854.249284              
*  2025  5 18 22  0   0.00000000                            
PL51  -7824.682538  -5392.943585  -7740.019582              
VL51 -44632.000816   8029.977938  39926.303412              
*  2025  5 18 22  2   0.00000000                            
PL51  -8347.184962  -5283.826352  -7249.082298              
VL51 -42423.199190  10145.370885  41875.574455              
*  2025  5 18 22  4   0.00000000                            
PL51  -8842.170187  -5149.734042  -6735.522259              
VL51 -40047.135995  12190.935074  43695.740240              
*  2025  5 18 22  6   0.00000000                            
PL51  -9307.680522  -4991.559910  -6200.924737              
VL51 -37512.167489  14157.511475  45380.866014              
*  2025  5 18 22  8   0.00000000                            
PL51  -9741.862630  -4810.304910  -5646.943781              
VL51 -34827.324293  16036.315759  46925.426857              
*  2025  5 18 22 10   0.00000000                            
PL51 -10142.975423  -4607.072957  -5075.297176              
VL51 -32002.279037  17818.978815  48324.328993              
*  2025  5 18 22 12   0.00000000                            
PL51 -10509.397565  -4383.065708  -4487.761142              
VL51 -29047.310765  19497.585659  49572.929869              
*  2025  5 18 22 14   0.00000000                            
PL51 -10839.634511  -4139.576890  -3886.164808              
VL51 -25973.266200  21064.712523  50667.056859              
*  2025  5 18 22 16   0.00000000                            
PL51 -11132.325079  -3877.986191  -3272.384470              
VL51 -22791.517998  22513.461890  51603.024487              
*  2025  5 18 22 18   0.00000000                            
PL51 -11386.247491  -3599.752747  -2648.337645              
VL51 -19513.920168  23837.495272  52377.650013              
*  2025  5 18 22 20   0.00000000                            
PL51 -11600.324869  -3306.408247  -2015.976960              
VL51 -16152.760818  25031.063510  52988.267303              
*  2025  5 18 22 22   0.00000000                            
PL51 -11773.630152  -2999.549697  -1377.283872              
VL51 -12720.712456  26089.034416  53432.738835              
*  2025  5 18 22 24   0.00000000                            
PL51 -11905.390396  -2680.831861   -734.262266              
VL51  -9230.780064  27006.917546  53709.465766              
*  2025  5 18 22 26   0.00000000                            
PL51 -11994.990443  -2351.959426    -88.931941              
VL51  -5696.247213  27780.885963  53817.395963              
*  2025  5 18 22 28   0.00000000                            
PL51 -12041.975932  -2014.678929    556.677991              
VL51  -2130.620484  28407.794821  53756.029924              
*  2025  5 18 22 30   0.00000000                            
PL51 -12046.055635  -1670.770473   1200.535759              
VL51   1452.427509  28885.196636  53525.424530              
*  2025  5 18 22 32   0.00000000                            
PL51 -12007.103101  -1322.039287   1840.613621              
VL51   5039.116184  29211.353146  53126.194589              
*  2025  5 18 22 34   0.00000000                            
PL51 -11925.157601   -970.307158   2474.894559              
VL51   8615.615841  29385.243669  52559.512135              
*  2025  5 18 22 36   0.00000000                            
PL51 -11800.424361   -617.403793   3101.378948              
VL51  12168.106965  29406.569880  51827.103486              
*  2025  5 18 22 38   0.00000000                            
PL51 -11633.274082   -265.158135   3718.091181              
VL51  15682.839644  29275.756996  50931.244046              
*  2025  5 18 22 40   0.00000000                            
PL51 -11424.241749     84.610307   4323.086212              
VL51  19146.192802  28993.951320  49874.750885              
*  2025  5 18 22 42   0.00000000                            
PL51 -11174.024734    430.100076   4914.456007              
VL51  22544.732876  28563.014188  48660.973134              
*  2025  5 18 22 44   0.00000000                            
PL51 -10883.480199    769.536295   5490.335852              
VL51  25865.271649  27985.512329  47293.780240              
*  2025  5 18 22 46   0.00000000                            
PL51 -10553.621806   1101.179057   6048.910523              
VL51  29094.922894  27264.704704  45777.548158              
*  2025  5 18 22 48   0.00000000                            
PL51 -10185.615764   1423.331634   6588.420268              
VL51  32221.157552  26404.525926  44117.143561              
*  2025  5 18 22 50   0.00000000                            
PL51  -9780.776220   1734.348469   7107.166589              
VL51  35231.857123  25409.566337  42317.906164              
*  2025  5 18 22 52   0.00000000                            
PL51  -9340.560020   2032.642911   7603.517811              
VL51  38115.365034  24285.048901  40385.629271              
*  2025  5 18 22 54   0.00000000                            
PL51  -8866.560874   2316.694649   8075.914393              
VL51  40860.535696  23036.803032  38326.538650              
*  2025  5 18 22 56   0.00000000                            
PL51  -8360.502936   2585.056822   8522.873986              
VL51  43456.781049  21671.235534  36147.269863              
*  2025  5 18 22 58   0.00000000                            
PL51  -7824.233853   2836.362754   8942.996205              
VL51  45894.114357  20195.298835  33854.844172              
*  2025  5 18 23  0   0.00000000                            
PL51  -7259.717298   3069.332305   9334.967110              
VL51  48163.191068  18616.456686  31456.643153              
*  2025  5 18 23  2   0.00000000                            
PL51  -6669.025037   3282.777785   9697.563369              
VL51  50255.346572  16942.647540  28960.382144              
*  2025  5 18 23  4   0.00000000                            
PL51  -6054.328555   3475.609420  10029.656099              
VL51  52162.630691  15182.245830  26374.082662              
*  2025  5 18 23  6   0.00000000                            
PL51  -5417.890296   3646.840343  10330.214371              
VL51  53877.838774  13344.021344  23706.043932              
*  2025  5 18 23  8   0.00000000                            
PL51  -4762.054549   3795.591087  10598.308366              
VL51  55394.539296  11437.096946  20964.813671              
*  2025  5 18 23 10   0.00000000                            
PL51  -4089.238018   3921.093559  10833.112180              
VL51  56707.097863   9470.904864  18159.158254              
*  2025  5 18 23 12   0.00000000                            
PL51  -3401.920135   4022.694486  11033.906267              
VL51  57810.697575   7455.141787  15298.032414              
*  2025  5 18 23 14   0.00000000                            
PL51  -2702.633144   4099.858311  11200.079515              
VL51  58701.355709   5399.722998  12390.548604              
*  2025  5 18 23 16   0.00000000                            
PL51  -1993.952009   4152.169542  11331.130951              
VL51  59375.936705   3314.735783   9445.946155              
*  2025  5 18 23 18   0.00000000                            
PL51  -1278.484191   4179.334530  11426.671084              
VL51  59832.161469   1210.392350   6473.560340              
*  2025  5 18 23 20   0.00000000                            
PL51   -558.859329   4181.182684  11486.422866              
VL51  60068.613014   -903.017535   3482.791459              
*  2025  5 18 23 22   0.00000000                            
PL51    162.281115   4157.667120  11510.222287              
VL51  60084.738470  -3015.173955    483.074050              
*  2025  5 18 23 24   0.00000000                            
PL51    882.294226   4108.864737  11498.018607              
VL51  59880.847526  -5115.774091  -2516.153685              
*  2025  5 18 23 26   0.00000000                            
PL51   1598.545957   4034.975731  11449.874212              
VL51  59458.107346  -7194.579110  -5505.480136              
*  2025  5 18 23 28   0.00000000                            
PL51   2308.421371   3936.322548  11365.964121              
VL51  58818.534049  -9241.460472  -8475.550155              
*  2025  5 18 23 30   0.00000000                            
PL51   3009.334757   3813.348286  11246.575127              
VL51  57964.980814 -11246.445492 -11417.094440              
*  2025  5 18 23 32   0.00000000                            
PL51   3698.739595   3666.614558  11092.104594              
VL51  56901.122715 -13199.761935 -14320.958361              
*  2025  5 18 23 34   0.00000000                            
PL51   4374.138305   3496.798820  10903.058915              
VL51  55631.438376 -15091.881491 -17178.130158              
*  2025  5 18 23 36   0.00000000                            
PL51   5033.091765   3304.691196  10680.051628              
VL51  54161.188567 -16913.561939 -19979.768427              
*  2025  5 18 23 38   0.00000000                            
PL51   5673.228556   3091.190795  10423.801210              
VL51  52496.391844 -18655.887841 -22717.228836              
*  2025  5 18 23 40   0.00000000                            
PL51   6292.253895   2857.301553  10135.128561              
VL51  50643.797375 -20310.309612 -25382.090001              
*  2025  5 18 23 42   0.00000000                            
PL51   6887.958223   2604.127619   9814.954173              
VL51  48610.855083 -21868.680802 -27966.178459              
*  2025  5 18 23 44   0.00000000                            
PL51   7458.225425   2332.868305   9464.295009              
VL51  46405.683234 -23323.293471 -30461.592684              
*  2025  5 18 23 46   0.00000000                            
PL51   8001.040640   2044.812617   9084.261107              
VL51  44037.033639 -24666.911505 -32860.726088              
*  2025  5 18 23 48   0.00000000                            
PL51   8514.497649   1741.333406   8676.051903              
VL51  41514.254608 -25892.801760 -35156.288955              
*  2025  5 18 23 50   0.00000000                            
PL51   8996.805796   1423.881160   8240.952303              
VL51  38847.251824 -26994.762925 -37341.329248              
*  2025  5 18 23 52   0.00000000                            
PL51   9446.296431   1093.977457   7780.328512              
VL51  36046.447303 -27967.151981 -39409.252254              
*  2025  5 18 23 54   0.00000000                            
PL51   9861.428857    753.208120   7295.623637              
VL51  33122.736620 -28804.908195 -41353.839005              
*  2025  5 18 23 56   0.00000000                            
PL51  10240.795741    403.216099   6788.353070              
VL51  30087.444573 -29503.574531 -43169.263453              
*  2025  5 18 23 58   0.00000000                            
PL51  10583.127996     45.694110   6260.099679              
VL51  26952.279477 -30059.316435 -44850.108345              
*  2025  5 19  0  0   0.00000000                            
PL51  10887.299104   -317.622907   5712.508812              
VL51  23729.286335 -30468.937871 -46391.379774              
*  2025  5 19  0  2   0.00000000                            
PL51  11152.328861   -684.965680   5147.283137              
VL51  20430.798555 -30729.894962 -47788.520379              
*  2025  5 19  0  4   0.00000000                            
PL51  11377.386565  -1054.538161   4566.177332              
VL51  17069.390170 -30840.305855 -49037.421165              
*  2025  5 19  0  6   0.00000000                            
PL51  11561.793586  -1424.525903   3970.992639              
VL51  13657.825491 -30798.959267 -50134.431926              
*  2025  5 19  0  8   0.00000000                            
PL51  11705.025365  -1793.103921   3363.571307              
VL51  10209.009972 -30605.318962 -51076.370249              
*  2025  5 19  0 10   0.00000000                            
PL51  11806.712806  -2158.444859   2745.790923              
VL51   6735.940130 -30259.525959 -51860.529094              
*  2025  5 19  0 12   0.00000000                            
PL51  11866.643065  -2518.727115   2119.558680              
VL51   3251.653579 -29762.397823 -52484.682944              
*  2025  5 19  0 14   0.00000000                            
PL51  11884.759750  -2872.142941   1486.805562              
VL51   -230.820788 -29115.425154 -52947.092504              
*  2025  5 19  0 16   0.00000000                            
PL51  11861.162514  -3216.906484    849.480489              
VL51  -3698.512240 -28320.765322 -53246.507984              
*  2025  5 19  0 18   0.00000000                            
PL51  11796.106064  -3551.261735    209.544433              
VL51  -7138.557140 -27381.233471 -53382.170928              
*  2025  5 19  0 20   0.00000000                            
PL51  11689.998589  -3873.490360   -431.035485              
VL51 -10538.247128 -26300.290867 -53353.814647              
*  2025  5 19  0 22   0.00000000                            
PL51  11543.399609  -4181.919363  -1070.291887              
VL51 -13885.076405 -25082.030644 -53161.663242              
*  2025  5 19  0 24   0.00000000                            
PL51  11357.017265  -4474.928577  -1706.263021              
VL51 -17166.787953 -23731.161018 -52806.429255              
*  2025  5 19  0 26   0.00000000                            
PL51  11131.705065  -4750.957928  -2336.998597              
VL51 -20371.418509 -22252.986069 -52289.309974              
*  2025  5 19  0 28   0.00000000                            
PL51  10868.458097  -5008.514459  -2960.565578              
VL51 -23487.342158 -20653.384171 -51611.982423              
*  2025  5 19  0 30   0.00000000                            
PL51  10568.408721  -5246.179083  -3575.053896              
VL51 -26503.312380 -18938.784174 -50776.597071              
*  2025  5 19  0 32   0.00000000                            
PL51  10232.821778  -5462.613031  -4178.582094              
VL51 -29408.502439 -17116.139445 -49785.770310              
*  2025  5 19  0 34   0.00000000                            
PL51   9863.089319  -5656.563985  -4769.302865              
VL51 -32192.543971 -15192.899882 -48642.575726              
*  2025  5 19  0 36   0.00000000                            
PL51   9460.724877  -5826.871853  -5345.408479              
VL51 -34845.563660 -13176.982004 -47350.534223              
*  2025  5 19  0 38   0.00000000                            
PL51   9027.357323  -5972.474188  -5905.136084              
VL51 -37358.217906 -11076.737260 -45913.603028              
*  2025  5 19  0 40   0.00000000                            
PL51   8564.724308  -6092.411199  -6446.772876              
VL51 -39721.725371  -8900.918661 -44336.163637              
*  2025  5 19  0 42   0.00000000                            
PL51   8074.665334  -6185.830369  -6968.661109              
VL51 -41927.897334  -6658.645869 -42623.008735              
*  2025  5 19  0 44   0.00000000                            
PL51   7559.114467  -6251.990638  -7469.202944              
VL51 -43969.165760  -4359.368882 -40779.328137              
*  2025  5 19  0 46   0.00000000                            
PL51   7020.092739  -6290.266137  -7946.865132              
VL51 -45838.609027  -2012.830426 -38810.693802              
*  2025  5 19  0 48   0.00000000                            
PL51   6459.700244  -6300.149474  -8400.183498              
VL51 -47529.975240    370.972790 -36723.043964              
*  2025  5 19  0 50   0.00000000                            
PL51   5880.107975  -6281.254544  -8827.767242              
VL51 -49037.703101   2781.829842 -34522.666416              
*  2025  5 19  0 52   0.00000000                            
PL51   5283.549422  -6233.318855  -9228.303028              
VL51 -50356.940264   5209.356240 -32216.180998              
*  2025  5 19  0 54   0.00000000                            
PL51   4672.311972  -6156.205364  -9600.558859              
VL51 -51483.559163   7643.035320 -29810.521328              
*  2025  5 19  0 56   0.00000000                            
PL51   4048.728126  -6049.903810  -9943.387729              
VL51 -52414.170276  10072.260270 -27312.915806              
*  2025  5 19  0 58   0.00000000                            
PL51   3415.166573  -5914.531543 -10255.731043              
VL51 -53146.132808  12486.376625 -24730.867927              
*  2025  5 19  1  0   0.00000000                            
PL51   2774.023162  -5750.333838 -10536.621799              
VL51 -53677.562757  14874.725127 -22072.135946              
*  2025  5 19  1  2   0.00000000                            
PL51   2127.711778  -5557.683697 -10785.187517              
VL51 -54007.338367  17226.684799 -19344.711907              
*  2025  5 19  1  4   0.00000000                            
PL51   1478.655179  -5337.081124 -11000.652915              
VL51 -54135.102952  19531.716106 -16556.800083              
*  2025  5 19  1  6   0.00000000                            
PL51    829.275811  -5089.151896 -11182.342328              
VL51 -54061.265085  21779.404060 -13716.794852              
*  2025  5 19  1  8   0.00000000                            
PL51    181.986634  -4814.645808 -11329.681851              
VL51 -53786.996150  23959.501152 -10833.258026              
*  2025  5 19  1 10   0.00000000                            
PL51   -460.817997  -4514.434405 -11442.201207              
VL51 -53314.225270  26061.969947  -7914.895680              
*  2025  5 19  1 12   0.00000000                            
PL51  -1096.771391  -4189.508212 -11519.535343              
VL51 -52645.631614  28077.025239  -4970.534483              
*  2025  5 19  1 14   0.00000000                            
PL51  -1723.543452  -3840.973454 -11561.425725              
VL51 -51784.634090  29995.175594  -2009.097575              
*  2025  5 19  1 16   0.00000000                            
PL51  -2338.849490  -3470.048285 -11567.721358              
VL51 -50735.378442  31807.264174    960.420000              
*  2025  5 19  1 18   0.00000000                            
PL51  -2940.458846  -3078.058535 -11538.379489              
VL51 -49502.721770  33504.508672   3928.976268              
*  2025  5 19  1 20   0.00000000                            
PL51  -3526.203328  -2666.432978 -11473.466028              
VL51 -48092.214479  35078.540229   6887.507686              
*  2025  5 19  1 22   0.00000000                            
PL51  -4093.985405  -2236.698146 -11373.155646              
VL51 -46510.079699  36521.441175   9826.954848              
*  2025  5 19  1 24   0.00000000                            
PL51  -4641.786147  -1790.472692 -11237.731572              
VL51 -44763.190189  37825.781452  12738.288513              
*  2025  5 19  1 26   0.00000000                            
PL51  -5167.672867  -1329.461328 -11067.585076              
VL51 -42859.042770  38984.653553  15612.535901              
*  2025  5 19  1 28   0.00000000                            
PL51  -5669.806445   -855.448355 -10863.214627              
VL51 -40805.730327  39991.705836  18440.807222              
*  2025  5 19  1 30   0.00000000                            
PL51  -6146.448305   -370.290797 -10625.224742              
VL51 -38611.911418  40841.174036  21214.322386              
*  2025  5 19  1 32   0.00000000                            
PL51  -6595.967000    124.088821 -10354.324507              
VL51 -36286.777556  41527.910832  23924.437834              
*  2025  5 19  1 34   0.00000000                            
PL51  -7016.844410    625.710046 -10051.325775              
VL51 -33840.018232  42047.413290  26562.673423              
*  2025  5 19  1 36   0.00000000                            
PL51  -7407.681487   1132.542386  -9717.141047              
VL51 -31281.783738  42395.848036  29120.739303              
*  2025  5 19  1 38   0.00000000                            
PL51  -7767.203561   1642.513478  -9352.781028              
VL51 -28622.645890  42570.073979  31590.562695              
*  2025  5 19  1 40   0.00000000                            
PL51  -8094.265145   2153.517522  -8959.351859              
VL51 -25873.556752  42567.662433  33964.314485              
*  2025  5 19  1 42   0.00000000                            
PL51  -8387.854242   2663.423939  -8538.052036              
VL51 -23045.805471  42386.914484  36234.435537              
*  2025  5 19  1 44   0.00000000                            
PL51  -8647.096125   3170.086213  -8090.169017              
VL51 -20150.973349  42026.875440  38393.662604              
*  2025  5 19  1 46   0.00000000                            
PL51  -8871.256565   3671.350895  -7617.075515              
VL51 -17200.887315  41487.346235  40435.053749              
*  2025  5 19  1 48   0.00000000                            
PL51  -9059.744488   4165.066726  -7120.225494              
VL51 -14207.571950  40768.891648  42352.013121              
*  2025  5 19  1 50   0.00000000                            
PL51  -9212.114058   4649.093831  -6601.149873              
VL51 -11183.200254  39872.845224  44138.314991              
*  2025  5 19  1 52   0.00000000                            
PL51  -9328.066151   5121.312963  -6061.451940              
VL51  -8140.043338  38801.310804  45788.126904              
*  2025  5 19  1 54   0.00000000                            
PL51  -9407.449234   5579.634731  -5502.802503              
VL51  -5090.419276  37557.160555  47296.031828              
*  2025  5 19  1 56   0.00000000                            
PL51  -9450.259609   6022.008797  -4926.934776              
VL51  -2046.641314  36144.029462  48657.049151              
*  2025  5 19  1 58   0.00000000                            
PL51  -9456.641052   6446.432975  -4335.639023              
VL51    979.034308  34566.306209  49866.654424              
*  2025  5 19  2  0   0.00000000                            
PL51  -9426.883807   6850.962203  -3730.756972              
VL51   3974.460674  32829.120437  50920.797690              
*  2025  5 19  2  2   0.00000000                            
PL51  -9361.422965   7233.717342  -3114.176017              
VL51   6927.652400  30938.326364  51815.920297              
*  2025  5 19  2  4   0.00000000                            
PL51  -9260.836214   7592.893750  -2487.823233              
VL51   9826.837446  28900.482800  52548.970056              
*  2025  5 19  2  6   0.00000000                            
PL51  -9125.840967   7926.769605  -1853.659215              
VL51  12660.508280  26722.829591  53117.414640              
*  2025  5 19  2  8   0.00000000                            
PL51  -8957.290893   8233.713915  -1213.671766              
VL51  15417.472086  24413.260567  53519.253114              
*  2025  5 19  2 10   0.00000000                            
PL51  -8756.171837   8512.194187   -569.869465              
VL51  18086.899766  21980.293092  53753.025492              
*  2025  5 19  2 12   0.00000000                            
PL51  -8523.597176   8760.783711     75.724875              
VL51  20658.373427  19433.034344  53817.820248              
*  2025  5 19  2 14   0.00000000                            
PL51  -8260.802602   8978.168418    721.080819              
VL51  23121.932099  16781.144465  53713.279700              
*  2025  5 19  2 16   0.00000000                            
PL51  -7969.140379   9163.153283   1364.166983              
VL51  25468.115401  14034.796766  53439.603208              
*  2025  5 19  2 18   0.00000000                            
PL51  -7650.073085   9314.668226   2002.957721              
VL51  27688.004910  11204.635179  52997.548158              
*  2025  5 19  2 20   0.00000000                            
PL51  -7305.166869   9431.773497   2635.439820              
VL51  29773.262970   8301.729179  52388.428683              
*  2025  5 19  2 22   0.00000000                            
PL51  -6936.084269   9513.664493   3259.619161              
VL51  31716.168723   5337.526412  51614.112133              
*  2025  5 19  2 24   0.00000000                            
PL51  -6544.576603   9559.676008   3873.527323              
VL51  33509.651142   2323.803294  50677.013288              
*  2025  5 19  2 26   0.00000000                            
PL51  -6132.475993   9569.285872   4475.228110              
VL51  35147.318877   -727.386149  49580.086354              
*  2025  5 19  2 28   0.00000000                            
PL51  -5701.687045   9542.117964   5062.823961              
VL51  36623.486738  -3803.762912  48326.814779              
*  2025  5 19  2 30   0.00000000                            
PL51  -5254.178233   9477.944592   5634.462233              
VL51  37933.198689  -6892.876827  46921.198946              
*  2025  5 19  2 32   0.00000000                            
PL51  -4791.973030   9376.688223   6188.341318              
VL51  39072.247220  -9982.161254  45367.741837              
*  2025  5 19  2 34   0.00000000                            
PL51  -4317.140828   9238.422544   6722.716578              
VL51  40037.189019 -13058.988358  43671.432730              
*  2025  5 19  2 36   0.00000000                            
PL51  -3831.787692   9063.372865   7235.906077              
VL51  40825.356878 -16110.724676  41837.729040              
*  2025  5 19  2 38   0.00000000                            
PL51  -3338.046994   8851.915855   7726.296074              
VL51  41434.867789 -19124.786656  39872.536414              
*  2025  5 19  2 40   0.00000000                            
PL51  -2838.069974   8604.578609   8192.346281              
VL51  41864.627233 -22088.695907  37782.187179              
*  2025  5 19  2 42   0.00000000                            
PL51  -2334.016270   8322.037058   8632.594843              
VL51  42114.329658 -24990.133846  35573.417285              
*  2025  5 19  2 44   0.00000000                            
PL51  -1828.044471   8005.113728   9045.663036              
VL51  42184.455188 -27816.995487  33253.341857              
*  2025  5 19  2 46   0.00000000                            
PL51  -1322.302718   7654.774859   9430.259666              
VL51  42076.262633 -30557.442092  30829.429501              
*  2025  5 19  2 48   0.00000000                            
PL51   -818.919430   7272.126902   9785.185147              
VL51  41791.778859 -33199.952443  28309.475496              
*  2025  5 19  2 50   0.00000000                            
PL51   -319.994163   6858.412407  10109.335260              
VL51  41333.784652 -35733.372500  25701.574012              
*  2025  5 19  2 52   0.00000000                            
PL51    172.411336   6415.005330  10401.704566              
VL51  40705.797165 -38146.963216  23014.089490              
*  2025  5 19  2 54   0.00000000                            
PL51    656.281838   5943.405776  10661.389476              
VL51  39912.049109 -40430.446317  20255.627316              
*  2025  5 19  2 56   0.00000000                            
PL51   1129.657084   5445.234206  10887.590959              
VL51  38957.464822 -42574.047854  17435.003932              
*  2025  5 19  2 58   0.00000000                            
PL51   1590.639923   4922.225134  11079.616899              
VL51  37847.633390 -44568.539351  14561.216495              
*  2025  5 19  3  0   0.00000000                            
PL51   2037.404116   4376.220350  11236.884077              
VL51  36588.778990 -46405.276407  11643.412224              
*  2025  5 19  3  2   0.00000000                            
PL51   2468.201762   3809.161690  11358.919784              
VL51  35187.728630 -48076.234592   8690.857544              
*  2025  5 19  3  4   0.00000000                            
PL51   2881.370332   3223.083399  11445.363071              
VL51  33651.877488 -49574.042532   5712.907153              
*  2025  5 19  3  6   0.00000000                            
PL51   3275.339262   2620.104106  11495.965620              
VL51  31989.152042 -50892.012068   2718.973110              
*  2025  5 19  3  8   0.00000000                            
PL51   3648.636101   2002.418460  11510.592248              
VL51  30207.971194 -52024.165391   -281.505934              
*  2025  5 19  3 10   0.00000000                            
PL51   3999.892179   1372.288463  11489.221042              
VL51  28317.205581 -52965.259088  -3279.095278              
*  2025  5 19  3 12   0.00000000                            
PL51   4327.847770    732.034524  11431.943132              
VL51  26326.135309 -53710.805020  -6264.394383              
*  2025  5 19  3 14   0.00000000                            
PL51   4631.356751     84.026287  11338.962097              
VL51  24244.406284 -54257.088003  -9228.066658              
*  2025  5 19  3 16   0.00000000                            
PL51   4909.390719   -569.326731  11210.593028              
VL51  22081.985376 -54601.180236 -12160.868760              
*  2025  5 19  3 18   0.00000000                            
PL51   5161.042572  -1225.584663  11047.261231              
VL51  19849.114607 -54740.952463 -15053.679302              
*  2025  5 19  3 20   0.00000000                            
PL51   5385.529531  -1882.286923  10849.500598              
VL51  17556.264588 -54675.081850 -17897.526909              
*  2025  5 19  3 22   0.00000000                            
PL51   5582.195598  -2536.961912  10617.951637              
VL51  15214.087389 -54403.056578 -20683.617543              
*  2025  5 19  3 24   0.00000000                            
PL51   5750.513454  -3187.136767  10353.359192              
VL51  12833.369068 -53925.177166 -23403.361040              
*  2025  5 19  3 26   0.00000000                            
PL51   5890.085777  -3830.347095  10056.569833              
VL51  10424.982051 -53242.554533 -26048.396772              
*  2025  5 19  3 28   0.00000000                            
PL51   6000.645996  -4464.146673   9728.528958              
VL51   7999.837560 -52357.104856 -28610.618392              
*  2025  5 19  3 30   0.00000000                            
PL51   6082.058469  -5086.117062   9370.277596              
VL51   5568.838297 -51271.541244 -31082.197601              
*  2025  5 19  3 32   0.00000000                            
PL51   6134.318100  -5693.877108   8982.948932              
VL51   3142.831564 -49989.362299 -33455.606867              
*  2025  5 19  3 34   0.00000000                            
PL51   6157.549400  -6285.092283   8567.764570              
VL51    732.563007 -48514.837626 -35723.641062              
*  2025  5 19  3 36   0.00000000                            
PL51   6152.004986  -6857.483832   8126.030536              
VL51  -1651.368818 -46852.990369 -37879.437956              
*  2025  5 19  3 38   0.00000000                            
PL51   6118.063555  -7408.837701   7659.133051              
VL51  -3998.556903 -45009.576858 -39916.497522              
*  2025  5 19  3 40   0.00000000                            
PL51   6056.227322  -7937.013194   7168.534068              
VL51  -6298.829078 -42991.063469 -41828.700013              
*  2025  5 19  3 42   0.00000000                            
PL51   5967.118946  -8439.951347   6655.766615              
VL51  -8542.289977 -40804.600809 -43610.322772              
*  2025  5 19  3 44   0.00000000                            
PL51   5851.477968  -8915.682966   6122.429928              
VL51 -10719.361519 -38457.995333 -45256.055736              
*  2025  5 19  3 46   0.00000000                            
PL51   5710.156768  -9362.336318   5570.184418              
VL51 -12820.821762 -35959.678531 -46761.015607              
*  2025  5 19  3 48   0.00000000                            
PL51   5544.116064  -9778.144431   5000.746470              
VL51 -14837.841969 -33318.673815 -48120.758663              
*  2025  5 19  3 50   0.00000000                            
PL51   5354.419984 -10161.451994   4415.883099              
VL51 -16762.021775 -30544.561251 -49331.292196              
*  2025  5 19  3 52   0.00000000                            
PL51   5142.230725 -10510.721808   3817.406474              
VL51 -18585.422321 -27647.440281 -50389.084545              
*  2025  5 19  3 54   0.00000000                            
PL51   4908.802821 -10824.540791   3207.168334              
VL51 -20300.597239 -24637.890596 -51291.073736              
*  2025  5 19  3 56   0.00000000                            
PL51   4655.477067 -11101.625494   2587.054309              
VL51 -21900.621390 -21526.931302 -52034.674696              
*  2025  5 19  3 58   0.00000000                            
PL51   4383.674098 -11340.827124   1958.978157              
VL51 -23379.117269 -18325.978555 -52617.785052              
*  2025  5 19  4  0   0.00000000                            
PL51   4094.887669 -11541.136045   1324.875944              
VL51 -24730.278966 -15046.801831 -53038.789515              
*  2025  5 19  4  2   0.00000000                            
PL51   3790.677673 -11701.685750    686.700186              
VL51 -25948.893632 -11701.478983 -53296.562823              
*  2025  5 19  4  4   0.00000000                            
PL51   3472.662898 -11821.756289     46.413949              
VL51 -27030.360373  -8302.350275 -53390.471269              
*  2025  5 19  4  6   0.00000000                            
PL51   3142.513592 -11900.777134   -594.015044              
VL51 -27970.706511  -4861.971586 -53320.372813              
*  2025  5 19  4  8   0.00000000                            
PL51   2801.943835 -11938.329486  -1232.620312              
VL51 -28766.601165  -1393.066950 -53086.615793              
*  2025  5 19  4 10   0.00000000                            
PL51   2452.703771 -11934.148003  -1867.442482              
VL51 -29415.366130   2091.519368 -52690.036250              
*  2025  5 19  4 12   0.00000000                            
PL51   2096.571726 -11888.121955  -2496.535120              
VL51 -29914.984023   5578.871069 -52131.953913              
*  2025  5 19  4 14   0.00000000                            
PL51   1735.346237 -11800.295797  -3117.970507              
VL51 -30264.103697   9056.048117 -51414.166854              
*  2025  5 19  4 16   0.00000000                            
PL51   1370.838048 -11670.869167  -3729.845336              
VL51 -30462.042930  12510.134949 -50538.944879              
*  2025  5 19  4 18   0.00000000                            
PL51   1004.862072 -11500.196303  -4330.286331              
VL51 -30508.788398  15928.288423 -49509.021676              
*  2025  5 19  4 20   0.00000000                            
PL51    639.229379 -11288.784888  -4917.455758              
VL51 -30404.992975  19297.785352 -48327.585775              
*  2025  5 19  4 22   0.00000000                            
PL51    275.739237 -11037.294329  -5489.556826              
VL51 -30151.970383  22606.069445 -46998.270363              
*  2025  5 19  4 24   0.00000000                            
PL51    -83.828781 -10746.533474  -6044.838951              
VL51 -29751.687254  25840.797520 -45525.141998              
*  2025  5 19  4 26   0.00000000                            
PL51   -437.722566 -10417.457785  -6581.602890              
VL51 -29206.752633  28989.884834 -43912.688270              
*  2025  5 19  4 28   0.00000000                            
PL51   -784.225109 -10051.165968  -7098.205708              
VL51 -28520.405008  32041.549387 -42165.804450              
*  2025  5 19  4 30   0.00000000                            
PL51  -1121.661964  -9648.896080  -7593.065591              
VL51 -27696.496922  34984.355076 -40289.779186              
*  2025  5 19  4 32   0.00000000                            
PL51  -1448.408511  -9212.021124  -8064.666472              
VL51 -26739.477228  37807.253558 -38290.279270              
*  2025  5 19  4 34   0.00000000                            
PL51  -1762.896996  -8742.044157  -8511.562475              
VL51 -25654.371096  40499.624712 -36173.333545              
*  2025  5 19  4 36   0.00000000                            
PL51  -2063.623316  -8240.592910  -8932.382156              
VL51 -24446.757827  43051.315596 -33945.315976              
*  2025  5 19  4 38   0.00000000                            
PL51  -2349.153523  -7709.413960  -9325.832544              
VL51 -23122.746577  45452.677753 -31612.927942              
*  2025  5 19  4 40   0.00000000                            
PL51  -2618.130027  -7150.366459  -9690.702956              
VL51 -21688.950083  47694.602819 -29183.179774              
*  2025  5 19  4 42   0.00000000                            
PL51  -2869.277475  -6565.415450 -10025.868591              
VL51 -20152.456479  49768.556297 -26663.371584              
*  2025  5 19  4 44   0.00000000                            
PL51  -3101.408271  -5956.624784 -10330.293888              
VL51 -18520.799313  51666.609417 -24061.073416              
*  2025  5 19  4 46   0.00000000                            
PL51  -3313.427740  -5326.149675 -10603.035647              
VL51 -16801.925857  53381.469013 -21384.104753              
*  2025  5 19  4 48   0.00000000                            
PL51  -3504.338889  -4676.228902 -10843.245891              
VL51 -15004.163812  54906.505294 -18640.513406              
*  2025  5 19  4 50   0.00000000                            
PL51  -3673.246767  -4009.176688 -11050.174477              
VL51 -13136.186535  56235.777475 -15838.553822              
*  2025  5 19  4 52   0.00000000                            
PL51  -3819.362397  -3327.374298 -11223.171448              
VL51 -11206.976864  57364.057153 -12986.664830              
*  2025  5 19  4 54   0.00000000                            
PL51  -3942.006268  -2633.261355 -11361.689103              
VL51  -9225.789691  58286.849383 -10093.446862              
*  2025  5 19  4 56   0.00000000                            
PL51  -4040.611365  -1929.326925 -11465.283800              
VL51  -7202.113375  59000.411365  -7167.638659              
*  2025  5 19  4 58   0.00000000                            
PL51  -4114.725737  -1218.100393 -11533.617474              
VL51  -5145.630112  59501.768677  -4218.093506              
*  2025  5 19  5  0   0.00000000                            
PL51  -4164.014583   -502.142159 -11566.458865              
VL51  -3066.175402  59788.729001  -1253.755008              
*  2025  5 19  5  2   0.00000000                            
PL51  -4188.261839    215.965823 -11563.684454              
VL51   -973.696719  59859.893255   1716.367568              
*  2025  5 19  5  4   0.00000000                            
PL51  -4187.371272    933.629610 -11525.279105              
VL51   1121.788479  59714.664091   4683.224353              
*  2025  5 19  5  6   0.00000000                            
PL51  -4161.367067   1648.252932 -11451.336395              
VL51   3210.235276  59353.251669   7637.750319              
*  2025  5 19  5  8   0.00000000                            
PL51  -4110.393901   2357.246903 -11342.058643              
VL51   5281.614209  58776.676672  10570.891069              
*  2025  5 19  5 10   0.00000000                            
PL51  -4034.716491   3058.039751 -11197.756628              
VL51   7325.954438  57986.770474  13473.628944              
*  2025  5 19  5 12   0.00000000                            
PL51  -3934.718641   3748.086532 -11018.848988              
VL51   9333.387018  56986.172418  16337.009407              
*  2025  5 19  5 14   0.00000000                            
PL51  -3810.901750   4424.878794 -10805.861304              
VL51  11294.188113  55778.324141  19152.167646              
*  2025  5 19  5 16   0.00000000                            
PL51  -3663.882822   5085.954158 -10559.424863              
VL51  13198.822003  54367.460900  21910.355354              
*  2025  5 19  5 18   0.00000000                            
PL51  -3494.391944   5728.905772 -10280.275096              
VL51  15037.983700  52758.599844  24602.967620              
*  2025  5 19  5 20   0.00000000                            
PL51  -3303.269269   6351.391610  -9969.249702              
VL51  16802.641012  50957.525223  27221.569846              
*  2025  5 19  5 22   0.00000000                            
PL51  -3091.461493   6951.143570  -9627.286434              
VL51  18484.075859  48970.770490  29757.924641              
*  2025  5 19  5 24   0.00000000                            
PL51  -2860.017842   7525.976344  -9255.420581              
VL51  20073.924670  46805.597285  32204.018569              
*  2025  5 19  5 26   0.00000000                            
PL51  -2610.085579   8073.796013  -8854.782114              
VL51  21564.217656  44469.971329  34552.088695              
*  2025  5 19  5 28   0.00000000                            
PL51  -2342.905052   8592.608337  -8426.592526              
VL51  22947.416781  41972.535211  36794.648805              
*  2025  5 19  5 30   0.00000000                            
PL51  -2059.804294   9080.526700  -7972.161354              
VL51  24216.452212  39322.578130  38924.515194              
*  2025  5 19  5 32   0.00000000                            
PL51  -1762.193190   9535.779670  -7492.882399              
VL51  25364.757073  36530.002624  40934.831929              
*  2025  5 19  5 34   0.00000000                            
PL51  -1451.557244   9956.718144  -6990.229642              
VL51  26386.300292  33605.288371  42819.095443              
*  2025  5 19  5 36   0.00000000                            
PL51  -1129.450964  10341.822047  -6465.752875              
VL51  27275.617347  30559.453134  44571.178350              
*  2025  5 19  5 38   0.00000000                            
PL51   -797.490890  10689.706537  -5921.073044              
VL51  28027.838718  27404.010977  46185.352359              
*  2025  5 19  5 40   0.00000000                            
PL51   -457.348295  10999.127698  -5357.877332              
VL51  28638.715856  24150.927871  47656.310134              
*  2025  5 19  5 42   0.00000000                            
PL51   -110.741590  11268.987684  -4777.913980              
VL51  29104.644503  20812.574852  48979.185993              
*  2025  5 19  5 44   0.00000000                            
PL51    240.571532  11498.339287  -4182.986868              
VL51  29422.685165  17401.678906  50149.575295              
*  2025  5 19  5 46   0.00000000                            
PL51    594.802182  11686.389904  -3574.949877              
VL51  29590.580602  13931.271773  51163.552391              
*  2025  5 19  5 48   0.00000000                            
PL51    950.138550  11832.504876  -2955.701037              
VL51  29606.770189  10414.636903  52017.687008              
*  2025  5 19  5 50   0.00000000                            
PL51   1304.754337  11936.210184  -2327.176497              
VL51  29470.401003   6865.254808  52709.058946              
*  2025  5 19  5 52   0.00000000                            
PL51   1656.817294  11997.194480  -1691.344322              
VL51  29181.335549   3296.747061  53235.270968              
*  2025  5 19  5 54   0.00000000                            
PL51   2004.497839  12015.310432  -1050.198147              
VL51  28740.156013   -277.180758  53594.459792              
*  2025  5 19  5 56   0.00000000                            
PL51   2345.977697  11990.575393   -405.750722              
VL51  28148.165012  -3842.796882  53785.305076              
*  2025  5 19  5 58   0.00000000                            
PL51   2679.458539  11923.171364    239.972657              
VL51  27407.382756  -7386.401628  53807.036329              
*  2025  5 19  6  0   0.00000000                            
PL51   3003.170551  11813.444256    884.940768              
VL51  26520.540651 -10894.385815  53659.437701              
*  2025  5 19  6  2   0.00000000                            
PL51   3315.380914  11661.902456   1527.123145              
VL51  25491.071314 -14353.288991  53342.850574              
*  2025  5 19  6  4   0.00000000                            
PL51   3614.402144  11469.214694   2164.496762              
VL51  24323.095057 -17749.857172  52858.173960              
*  2025  5 19  6  6   0.00000000                            
PL51   3898.600244  11236.207226   2795.052720              
VL51  23021.402876 -21071.099766  52206.862653              
*  2025  5 19  6  8   0.00000000                            
PL51   4166.402629  10963.860335   3416.802893              
VL51  21591.436039 -24304.345366  51390.923165              
*  2025  5 19  6 10   0.00000000                            
PL51   4416.305799  10653.304171   4027.786512              
VL51  20039.262352 -27437.296110  50412.907427              
*  2025  5 19  6 12   0.00000000                            
PL51   4646.882690  10305.813955   4626.076663              
VL51  18371.549247 -30458.080307  49275.904296              
*  2025  5 19  6 14   0.00000000                            
PL51   4856.789698   9922.804555   5209.786669              
VL51  16595.533815 -33355.303034  47983.528896              
*  2025  5 19  6 16   0.00000000                            
PL51   5044.773318   9505.824479   5777.076327              
VL51  14718.989975 -36118.094422  46539.909859              
*  2025  5 19  6 18   0.00000000                            
PL51   5209.676379   9056.549288   6326.157987              
VL51  12750.192935 -38736.155378  44949.674525              
*  2025  5 19  6 20   0.00000000                            
PL51   5350.443830   8576.774495   6855.302436              
VL51  10697.881180 -41199.800487  43217.932195              
*  2025  5 19  6 22   0.00000000                            
PL51   5466.128060   8068.407953   7362.844574              
VL51   8571.216180 -43499.997883  41350.255536              
*  2025  5 19  6 24   0.00000000                            
PL51   5555.893725   7533.461793   7847.188849              
VL51   6379.740075 -45628.405890  39352.660249              
*  2025  5 19  6 26   0.00000000                            
PL51   5619.022049   6974.043936   8306.814449              
VL51   4133.331549 -47577.406267  37231.583126              
*  2025  5 19  6 28   0.00000000                            
PL51   5654.914593   6392.349231   8740.280214              
VL51   1842.160176 -49340.133919  34993.858619              
*  2025  5 19  6 30   0.00000000                            
PL51   5663.096464   5790.650256   9146.229258              
VL51   -483.360553 -50910.502953  32646.694056              
*  2025  5 19  6 32   0.00000000                            
PL51   5643.218955   5171.287834   9523.393293              
VL51  -2832.621226 -52283.229005  30197.643641              
*  2025  5 19  6 34   0.00000000                            
PL51   5595.061602   4536.661293   9870.596627              
VL51  -5194.865310 -53453.847753  27654.581372              
*  2025  5 19  6 36   0.00000000                            
PL51   5518.533658   3889.218540  10186.759834              
VL51  -7559.238482 -54418.729597  25025.673018              
*  2025  5 19  6 38   0.00000000                            
PL51   5413.674966   3231.445972  10470.903085              
VL51  -9914.838249 -55175.090474  22319.347286              
*  2025  5 19  6 40   0.00000000                            
PL51   5280.656238   2565.858284  10722.149127              
VL51 -12250.763607 -55720.998827  19544.266323              
*  2025  5 19  6 42   0.00000000                            
PL51   5119.778743   1894.988219  10939.725901              
VL51 -14556.164506 -56055.378743  16709.295679              
*  2025  5 19  6 44   0.00000000                            
PL51   4931.473400   1221.376297  11122.968804              
VL51 -16820.290883 -56178.009321  13823.473866              
*  2025  5 19  6 46   0.00000000                            
PL51   4716.299286    547.560577  11271.322581              
VL51 -19032.541048 -56089.520325  10895.981623              
*  2025  5 19  6 48   0.00000000                            
PL51   4474.941568   -123.933501  11384.342843              
VL51 -21182.509198 -55791.384213   7936.111022              
*  2025  5 19  6 50   0.00000000                            
PL51   4208.208878   -790.603170  11461.697219              
VL51 -23260.031869 -55285.904618   4953.234505              
*  2025  5 19  6 52   0.00000000                            
PL51   3917.030125  -1449.978219  11503.166135              
VL51 -25255.233117 -54576.201410   1956.773976              
*  2025  5 19  6 54   0.00000000                            
PL51   3602.450789  -2099.630686  11508.643224              
VL51 -27158.568241 -53666.192428  -1043.829958              
*  2025  5 19  6 56   0.00000000                            
PL51   3265.628685  -2737.184300  11478.135364              
VL51 -28960.865875 -52560.572022  -4039.148495              
*  2025  5 19  6 58   0.00000000                            
PL51   2907.829241  -3360.323666  11411.762358              
VL51 -30653.368269 -51264.786549  -7019.794790              
*  2025  5 19  7  0   0.00000000                            
PL51   2530.420307  -3966.803117  11309.756252              
VL51 -32227.769613 -49785.006956  -9976.453657              
*  2025  5 19  7  2   0.00000000                            
PL51   2134.866507  -4554.455238  11172.460294              
VL51 -33676.252251 -48128.098631 -12899.910736              
*  2025  5 19  7  4   0.00000000                            
PL51   1722.723176  -5121.199002  11000.327560              
VL51 -34991.520654 -46301.588677 -15781.081027              
*  2025  5 19  7  6   0.00000000                            
PL51   1295.629905  -5665.047504  10793.919230              
VL51 -36166.833045 -44313.630798 -18611.036730              
*  2025  5 19  7  8   0.00000000                            
PL51    855.303716  -6184.115256  10553.902536              
VL51 -37196.030557 -42172.967973 -21381.034305              
*  2025  5 19  7 10   0.00000000                            
PL51    403.531905  -6676.625026  10281.048399              
VL51 -38073.563842 -39888.893113 -24082.540712              
*  2025  5 19  7 12   0.00000000                            
PL51    -57.835417  -7140.914194   9976.228743              
VL51 -38794.517052 -37471.207862 -26707.258757              
*  2025  5 19  7 14   0.00000000                            
PL51   -526.893057  -7575.440594   9640.413523              
VL51 -39354.629103 -34930.179750 -29247.151516              
*  2025  5 19  7 16   0.00000000                            
PL51  -1001.688715  -7978.787849   9274.667456              
VL51 -39750.312170 -32276.497856 -31694.465773              
*  2025  5 19  7 18   0.00000000                            
PL51  -1480.231151  -8349.670150   8880.146484              
VL51 -39978.667346 -29521.227174 -34041.754431              
*  2025  5 19  7 20   0.00000000                            
PL51  -1960.498543  -8686.936491   8458.093970              
VL51 -40037.497416 -26675.761860 -36281.897850              
*  2025  5 19  7 22   0.00000000                            
PL51  -2440.446957  -8989.574333   8009.836646              
VL51 -39925.316704 -23751.777552 -38408.124046              
*  2025  5 19  7 24   0.00000000                            
PL51  -2918.018941  -9256.712692   7536.780327              
VL51 -39641.357960 -20761.182946 -40414.027725              
*  2025  5 19  7 26   0.00000000                            
PL51  -3391.152166  -9487.624641   7040.405400              
VL51 -39185.576287 -17716.070843 -42293.588077              
*  2025  5 19  7 28   0.00000000                            
PL51  -3857.788104  -9681.729225   6522.262112              
VL51 -38558.650081 -14628.668839 -44041.185305              
*  2025  5 19  7 30   0.00000000                            
PL51  -4315.880699  -9838.592784   5983.965667              
VL51 -37761.979020 -11511.289884 -45651.615850              
*  2025  5 19  7 32   0.00000000                            
PL51  -4763.404995  -9957.929676   5427.191142              
VL51 -36797.679109  -8376.282890 -47120.106262              
*  2025  5 19  7 34   0.00000000                            
PL51  -5198.365691 -10039.602416   4853.668252              
VL51 -35668.574830  -5235.983595 -48442.325709              
*  2025  5 19  7 36   0.00000000                            
PL51  -5618.805576 -10083.621226   4265.175969              
VL51 -34378.188442  -2102.665863 -49614.397093              
*  2025  5 19  7 38   0.00000000                            
PL51  -6022.813826 -10090.143002   3663.537021              
VL51 -32930.726482   1011.506382 -50632.906752              
*  2025  5 19  7 40   0.00000000                            
PL51  -6408.534124 -10059.469710   3050.612275              
VL51 -31331.063563   4094.526407 -51494.912744              
*  2025  5 19  7 42   0.00000000                            
PL51  -6774.172563  -9992.046224   2428.295036              
VL51 -29584.723516   7134.590944 -52197.951710              
*  2025  5 19  7 44   0.00000000                            
PL51  -7118.005309  -9888.457609   1798.505273              
VL51 -27697.857985  10120.145301 -52740.044290              
*  2025  5 19  7 46   0.00000000                            
PL51  -7438.385999  -9749.425873   1163.183778              
VL51 -25677.222575  13039.927153 -53119.699125              
*  2025  5 19  7 48   0.00000000                            
PL51  -7733.752832  -9575.806208    524.286302              
VL51 -23530.150637  15883.008864 -53335.915422              
*  2025  5 19  7 50   0.00000000                            
PL51  -8002.635331  -9368.582725   -116.222348              
VL51 -21264.524829  18638.838178 -53388.184107              
*  2025  5 19  7 52   0.00000000                            
PL51  -8243.660754  -9128.863713   -756.374202              
VL51 -18888.746553  21297.277150 -53276.487564              
*  2025  5 19  7 54   0.00000000                            
PL51  -8455.560128  -8857.876445  -1394.204024              
VL51 -16411.703423  23848.639165 -53001.297996              
*  2025  5 19  7 56   0.00000000                            
PL51  -8637.173878  -8556.961550  -2027.755165              
VL51 -13842.734869  26283.723941 -52563.574406              
*  2025  5 19  7 58   0.00000000                            
PL51  -8787.457032  -8227.566976  -2655.085387              
VL51 -11191.596060  28593.850379 -51964.758247              
*  2025  5 19  8  0   0.00000000                            
PL51  -8905.483988  -7871.241575  -3274.272615              
VL51  -8468.420263  30770.887174 -51206.767767              
*  2025  5 19  8  2   0.00000000                            
PL51  -8990.452818  -7489.628334  -3883.420619              
VL51  -5683.679806  32807.281080 -50291.991083              
*  2025  5 19  8  4   0.00000000                            
PL51  -9041.689092  -7084.457279  -4480.664607              
VL51  -2848.145797  34696.082768 -49223.278031              
*  2025  5 19  8  6   0.00000000                            
PL51  -9058.649224  -6657.538088  -5064.176708              
VL51     27.153246  36430.970189 -48003.930839              
*  2025  5 19  8  8   0.00000000                            
PL51  -9040.923302  -6210.752433  -5632.171341              
VL51   2930.973709  38006.269407 -46637.693667              
*  2025  5 19  8 10   0.00000000                            
PL51  -8988.237410  -5746.046093  -6182.910449              
VL51   5851.899970  39416.972847 -45128.741052              
*  2025  5 19  8 12   0.00000000                            
PL51  -8900.455438  -5265.420860  -6714.708590              
VL51   8778.388136  40658.754928 -43481.665323              
*  2025  5 19  8 14   0.00000000                            
PL51  -8777.580348  -4770.926274  -7225.937869              
VL51  11698.810253  41727.985062 -41701.463012              
*  2025  5 19  8 16   0.00000000                            
PL51  -8619.754921  -4264.651219  -7715.032701              
VL51  14601.498862  42621.737986 -39793.520315              
*  2025  5 19  8 18   0.00000000                            
PL51  -8427.261959  -3748.715412  -8180.494398              
VL51  17474.791739  43337.801444 -37763.597641              
*  2025  5 19  8 20   0.00000000                            
PL51  -8200.523956  -3225.260811  -8620.895561              
VL51  20307.076700  43874.681200 -35617.813301              
*  2025  5 19  8 22   0.00000000                            
PL51  -7940.102230  -2696.442985  -9034.884272              
VL51  23086.836294  44231.603399 -33362.626360              
*  2025  5 19  8 24   0.00000000                            
PL51  -7646.695516  -2164.422466  -9421.188079              
VL51  25802.692266  44408.514270 -31004.818723              
*  2025  5 19  8 26   0.00000000                            
PL51  -7321.138032  -1631.356125  -9778.617753              
VL51  28443.449658  44406.077233 -28551.476458              
*  2025  5 19  8 28   0.00000000                            
PL51  -6964.397018  -1099.388594 -10106.070831              
VL51  30998.140393  44225.667392 -26009.970432              
*  2025  5 19  8 30   0.00000000                            
PL51  -6577.569755   -570.643772 -10402.534905              
VL51  33456.066223  43869.363482 -23387.936270              
*  2025  5 19  8 32   0.00000000                            
PL51  -6161.880071    -47.216446 -10667.090684              
VL51  35806.840918  43339.937296 -20693.253687              
*  2025  5 19  8 34   0.00000000                            
PL51  -5718.674352    468.835957 -10898.914789              
VL51  38040.431557  42640.840636 -17934.025226              
*  2025  5 19  8 36   0.00000000                            
PL51  -5249.417055    975.501431 -11097.282301              
VL51  40147.198812  41776.189851 -15118.554421              
*  2025  5 19  8 38   0.00000000                            
PL51  -4755.685753   1470.821270 -11261.569038              
VL51  42117.936094  40750.747994 -12255.323415              
*  2025  5 19  8 40   0.00000000                            
PL51  -4239.165710   1952.897701 -11391.253560              
VL51  43943.907452  39569.904675  -9352.970072              
*  2025  5 19  8 42   0.00000000                            
PL51  -3701.644015   2419.901278 -11485.918900              
VL51  45616.884095  38239.653652  -6420.264576              
*  2025  5 19  8 44   0.00000000                            
PL51  -3145.003283   2870.077981 -11545.254007              
VL51  47129.179415  36766.568223  -3466.085565              
*  2025  5 19  8 46   0.00000000                            
PL51  -2571.214948   3301.756016 -11569.054904              
VL51  48473.682403  35157.774491   -499.395811              
*  2025  5 19  8 48   0.00000000                            
PL51  -1982.332163   3713.352274 -11557.225549              
VL51  49643.889316  33420.922553   2470.782533              
*  2025  5 19  8 50   0.00000000                            
PL51  -1380.482333   4103.378440 -11509.778394              
VL51  50633.933476  31564.155701   5435.393089              
*  2025  5 19  8 52   0.00000000                            
PL51   -767.859299   4470.446713 -11426.834649              
VL51  51438.613078  29596.077689   8385.370787              
*  2025  5 19  8 54   0.00000000                            
PL51   -146.715207   4813.275130 -11308.624224              
VL51  52053.416869  27525.718165  11311.667750              
*  2025  5 19  8 56   0.00000000                            
PL51    480.647926   5130.692456 -11155.485372              
VL51  52474.547565  25362.496343  14205.279480              
*  2025  5 19  8 58   0.00000000                            
PL51   1111.886903   5421.642637 -10967.864007              
VL51  52698.942875  23116.183000  17057.271320              
*  2025  5 19  9  0   0.00000000                            
PL51   1744.626286   5685.188780 -10746.312706              
VL51  52724.293997  20796.860928  19858.805115              
*  2025  5 19  9  2   0.00000000                            
PL51   2376.467531   5920.516652 -10491.489392              
VL51  52549.061458  18414.883917  22601.166046              
*  2025  5 19  9  4   0.00000000                            
PL51   3004.998303   6126.937682 -10204.155691              
VL51  52172.488165  15980.834418  25275.789541              
*  2025  5 19  9  6   0.00000000                            
PL51   3627.801929   6303.891442  -9885.174965              
VL51  51594.609550  13505.480002  27874.288209              
*  2025  5 19  9  8   0.00000000                            
PL51   4242.466953   6450.947604  -9535.510032              
VL51  50816.260688  10999.728767  30388.478715              
*  2025  5 19  9 10   0.00000000                            
PL51   4846.596761   6567.807353  -9156.220548              
VL51  49839.080286   8474.583833  32810.408496              
*  2025  5 19  9 12   0.00000000                            
PL51   5437.819229   6654.304250  -8748.460084              
VL51  48665.511428   5941.097100  35132.382242              
*  2025  5 19  9 14   0.00000000                            
PL51   6013.796364   6710.404539  -8313.472881              
VL51  47298.799002   3410.322440  37346.988029              
*  2025  5 19  9 16   0.00000000                            
PL51   6572.233897   6736.206885  -7852.590292              
VL51  45742.983721    893.268494  39447.122993              
*  2025  5 19  9 18   0.00000000                            
PL51   7110.890775   6731.941549  -7367.226927              
VL51  44002.892674  -1599.148696  41426.018430              
*  2025  5 19  9 20   0.00000000                            
PL51   7627.588526   6697.968993  -6858.876492              
VL51  42084.126370  -4056.153053  43277.264209              
*  2025  5 19  9 22   0.00000000                            
PL51   8120.220445   6634.777915  -6329.107342              
VL51  39993.042236  -6467.155579  44994.832357              
*  2025  5 19  9 24   0.00000000                            
PL51   8586.760557   6542.982726  -5779.557766              
VL51  37736.734576  -8821.801013  46573.099694              
*  2025  5 19  9 26   0.00000000                            
PL51   9025.272326   6423.320465  -5211.930991              
VL51  35323.010996 -11110.013792  48006.869391              
*  2025  5 19  9 28   0.00000000                            
PL51   9433.917051   6276.647178  -4627.989944              
VL51  32760.365339 -13322.043081  49291.391313              
*  2025  5 19  9 30   0.00000000                            
PL51   9810.961926   6103.933749  -4029.551782              
VL51  30057.947189 -15448.506641  50422.381028              
*  2025  5 19  9 32   0.00000000                            
PL51  10154.787706   5906.261226  -3418.482190              
VL51  27225.528033 -17480.433277  51396.037339              
*  2025  5 19  9 34   0.00000000                            
PL51  10463.895951   5684.815641  -2796.689486              
VL51  24273.464192 -19409.303643  52209.058235              
*  2025  5 19  9 36   0.00000000                            
PL51  10736.915807   5440.882348  -2166.118547              
VL51  21212.656653 -21227.089158  52858.655129              
*  2025  5 19  9 38   0.00000000                            
PL51  10972.610288   5175.839919  -1528.744570              
VL51  18054.507974 -22926.288802  53342.565280              
*  2025  5 19  9 40   0.00000000                            
PL51  11169.882015   4891.153595   -886.566695              
VL51  14810.876440 -24499.963565  53659.062304              
*  2025  5 19  9 42   0.00000000                            
PL51  11327.778407   4588.368356   -241.601516              
VL51  11494.027691 -25941.768340  53806.964671              
*  2025  5 19  9 44   0.00000000                            
PL51  11445.496260   4269.101609    404.123495              
VL51   8116.584043 -27245.981055  53785.642127              
*  2025  5 19  9 46   0.00000000                            
PL51  11522.385716   3935.035559   1048.576634              
VL51   4691.471774 -28407.528856  53595.019970              
*  2025  5 19  9 48   0.00000000                            
PL51  11557.953584   3587.909270   1689.728645              
VL51   1231.866628 -29422.011181  53235.581134              
*  2025  5 19  9 50   0.00000000                            
PL51  11551.866001   3229.510480   2325.559413              
VL51  -2248.862160 -30285.719565  52708.366041              
*  2025  5 19  9 52   0.00000000                            
PL51  11503.950408   2861.667192   2954.064644              
VL51  -5737.209026 -30995.654060  52014.970214              
*  2025  5 19  9 54   0.00000000                            
PL51  11414.196842   2486.239089   3573.262498              
VL51  -9219.590109 -31549.536151  51157.539633              
*  2025  5 19  9 56   0.00000000                            
PL51  11282.758524   2105.108822   4181.200155              
VL51 -12682.401828 -31945.818090  50138.763866              
*  2025  5 19  9 58   0.00000000                            
PL51  11109.951743   1720.173199   4775.960288              
VL51 -16112.079681 -32183.688593  48961.866990              
*  2025  5 19 10  0   0.00000000                            
PL51  10896.255031   1333.334330   5355.667410              
VL51 -19495.156939 -32263.074865  47630.596363              
*  2025  5 19 10  2   0.00000000                            
PL51  10642.307645    946.490779   5918.494079              
VL51 -22818.322908 -32184.640945  46149.209315              
*  2025  5 19 10  4   0.00000000                            
PL51  10348.907345    561.528742   6462.666923              
VL51 -26068.480442 -31949.782396  44522.457826              
*  2025  5 19 10  6   0.00000000                            
PL51  10017.007493    180.313322   6986.472476              
VL51 -29232.802406 -31560.617387  42755.571289              
*  2025  5 19 10  8   0.00000000                            
PL51   9647.713481   -195.320070   7488.262796              
VL51 -32298.786780 -31019.974225  40854.237467              
*  2025  5 19 10 10   0.00000000                            
PL51   9242.278505   -563.574147   7966.460841              
VL51 -35254.310141 -30331.375438  38824.581742              
*  2025  5 19 10 12   0.00000000                            
PL51   8802.098711   -922.697962   8419.565590              
VL51 -38087.679237 -29499.018523  36673.144790              
*  2025  5 19 10 14   0.00000000                            
PL51   8328.707737  -1270.994876   8846.156880              
VL51 -40787.680416 -28527.753482  34406.858793              
*  2025  5 19 10 16   0.00000000                            
PL51   7823.770668  -1606.830241   9244.899962              
VL51 -43343.626674 -27423.057295  32033.022338              
*  2025  5 19 10 18   0.00000000                            
PL51   7289.077453  -1928.638753   9614.549735              
VL51 -45745.402116 -26191.005519  29559.274120              
*  2025  5 19 10 20   0.00000000                            
PL51   6726.535791  -2234.931451   9953.954669              
VL51 -47983.503641 -24838.241151  26993.565601              
*  2025  5 19 10 22   0.00000000                            
PL51   6138.163549  -2524.302330  10262.060385              
VL51 -50049.079672 -23371.940990  24344.132744              
*  2025  5 19 10 24   0.00000000                            
PL51   5526.080724  -2795.434528  10537.912899              
VL51 -51933.965803 -21799.779662  21619.466976              
*  2025  5 19 10 26   0.00000000                            
PL51   4892.500998  -3047.106078  10780.661509              
VL51 -53630.717208 -20129.891538  18828.285503              
*  2025  5 19 10 28   0.00000000                            
PL51   4239.722927  -3278.195183  10989.561322              
VL51 -55132.637724 -18370.830753  15979.501114              
*  2025  5 19 10 30   0.00000000                            
PL51   3570.120799  -3487.685009  11163.975422              
VL51 -56433.805512 -16531.529547  13082.191607              
*  2025  5 19 10 32   0.00000000                            
PL51   2886.135205  -3674.667960  11303.376659              
VL51 -57529.095226 -14621.255154  10145.568970              
*  2025  5 19 10 34   0.00000000                            
PL51   2190.263367  -3838.349437  11407.349079              
VL51 -58414.196647 -12649.565471   7178.948428              
*  2025  5 19 10 36   0.00000000                            
PL51   1485.049260  -3978.051055  11475.588976              
VL51 -59085.629756 -10626.263727   4191.717496              
*  2025  5 19 10 38   0.00000000                            
PL51    773.073581  -4093.213306  11507.905574              
VL51 -59540.756237  -8561.352388   1193.305125              
*  2025  5 19 10 40   0.00000000                            
PL51     56.943594  -4183.397678  11504.221337              
VL51 -59777.787430  -6464.986510  -1806.848935              
*  2025  5 19 10 42   0.00000000                            
PL51   -660.717095  -4248.288197  11464.571921              
VL51 -59795.788740  -4347.426767  -4799.324474              
*  2025  5 19 10 44   0.00000000                            
PL51  -1377.278795  -4287.692418  11389.105757              
VL51 -59594.680558  -2218.992366  -7774.750776              
*  2025  5 19 10 46   0.00000000                            
PL51  -2090.115980  -4301.541841  11278.083280              
VL51 -59175.235733    -90.014039 -10723.836098              
*  2025  5 19 10 48   0.00000000                            
PL51  -2796.617483  -4289.891770  11131.875807              
VL51 -58539.073642   2029.212659 -13637.396627              
*  2025  5 19 10 50   0.00000000                            
PL51  -3494.196606  -4252.920614  10950.964070              
VL51 -57688.650924   4128.473585 -16506.384807              
*  2025  5 19 10 52   0.00000000                            
PL51  -4180.301091  -4190.928636  10735.936418              
VL51 -56627.248954   6197.681560 -19321.917002              
*  2025  5 19 10 54   0.00000000                            
PL51  -4852.422930  -4104.336157  10487.486683              
VL51 -55358.958112   8226.921063 -22075.300403              
*  2025  5 19 10 56   0.00000000                            
PL51  -5508.107960  -3993.681237  10206.411736              
VL51 -53888.658962  10206.491892 -24758.059109              
*  2025  5 19 10 58   0.00000000                            
PL51  -6144.965219  -3859.616833   9893.608730              
VL51 -52222.000425  12126.951605 -27361.959325              
*  2025  5 19 11  0   0.00000000                            
PL51  -6760.676017  -3702.907460   9550.072050              
VL51 -50365.375070  13979.156584 -29879.033607              
*  2025  5 19 11  2   0.00000000                            
PL51  -7353.002706  -3524.425363   9176.889975              
VL51 -48325.891636  15754.301554 -32301.604092              
*  2025  5 19 11  4   0.00000000                            
PL51  -7919.797085  -3325.146231   8775.241070              
VL51 -46111.344935  17443.957414 -34622.304666              
*  2025  5 19 11  6   0.00000000                            
PL51  -8459.008450  -3106.144465   8346.390316              
VL51 -43730.183254  19040.107225 -36834.102009              
*  2025  5 19 11  8   0.00000000                            
PL51  -8968.691221  -2868.588026   7891.684999              
VL51 -41191.473423  20535.180240 -38930.315490              
*  2025  5 19 11 10   0.00000000                            
PL51  -9447.012148  -2613.732882   7412.550361              
VL51 -38504.863692  21922.083831 -40904.635854              
*  2025  5 19 11 12   0.00000000                            
PL51  -9892.257052  -2342.917099   6910.485039              
VL51 -35680.544571  23194.233216 -42751.142673              
*  2025  5 19 11 14   0.00000000                            
PL51 -10302.837092  -2057.554572   6387.056301              
VL51 -32729.207807  24345.578866 -44464.320521              
*  2025  5 19 11 16   0.00000000                            
PL51 -10677.294521  -1759.128454   5843.895094              
VL51 -29662.003653  25370.631516 -46039.073840              
*  2025  5 19 11 18   0.00000000                            
PL51 -11014.307925  -1449.184292   5282.690925              
VL51 -26490.496612  26264.484671 -47470.740471              
*  2025  5 19 11 20   0.00000000                            
PL51 -11312.696923  -1129.322915   4705.186587              
VL51 -23226.619833  27022.834549 -48755.103815              
*  2025  5 19 11 22   0.00000000                            
PL51 -11571.426310   -801.193093   4113.172740              
VL51 -19882.628337  27641.997392 -49888.403606              
*  2025  5 19 11 24   0.00000000                            
PL51 -11789.609634   -466.484006   3508.482385              
VL51 -16471.051267  28118.924093 -50867.345272              
*  2025  5 19 11 26   0.00000000                            
PL51 -11966.512196   -126.917555   2892.985223              
VL51 -13004.643352  28451.212087 -51689.107873              
*  2025  5 19 11 28   0.00000000                            
PL51 -12101.553462    215.759455   2268.581930              
VL51  -9496.335779  28637.114498 -52351.350599              
*  2025  5 19 11 30   0.00000000                            
PL51 -12194.308881    559.783224   1637.198365              
VL51  -5959.186664  28675.546505 -52852.217836              
*  2025  5 19 11 32   0.00000000                            
PL51 -12244.511115    903.380925   1000.779725              
VL51  -2406.331325  28566.088932 -53190.342794              
*  2025  5 19 11 34   0.00000000                            
PL51 -12252.050663   1244.778701    361.284664              
VL51   1149.067459  28308.989065 -53364.849711              
*  2025  5 19 11 36   0.00000000                            
PL51 -12216.975894   1582.209653   -279.320606              
VL51   4693.869031  27905.158717 -53375.354636              
*  2025  5 19 11 38   0.00000000                            
PL51 -12139.492488   1913.921789   -919.068215              
VL51   8215.004055  27356.169561 -53221.964817              
*  2025  5 19 11 40   0.00000000                            
PL51 -12019.962282   2238.185899  -1555.994515              
VL51  11699.523199  26664.245784 -52905.276718              
*  2025  5 19 11 42   0.00000000                            
PL51 -11858.901547   2553.303332  -2188.145939              
VL51  15134.645093  25832.254089 -52426.372680              
*  2025  5 19 11 44   0.00000000                            
PL51 -11656.978687   2857.613629  -2813.584798              
VL51  18507.803422  24863.691125 -51786.816253              
*  2025  5 19 11 46   0.00000000                            
PL51 -11415.011378   3149.501999  -3430.395024              
VL51  21806.692962  23762.668389 -50988.646237              
*  2025  5 19 11 48   0.00000000                            
PL51 -11133.963171   3427.406589  -4036.687831              
VL51  25019.314425  22533.894693 -50034.369459              
*  2025  5 19 11 50   0.00000000                            
PL51 -10814.939552   3689.825538  -4630.607281              
VL51  28134.017945  21182.656266 -48926.952322              
*  2025  5 19 11 52   0.00000000                            
PL51 -10459.183500   3935.323774  -5210.335743              
VL51  31139.545059  19714.794597 -47669.811164              
*  2025  5 19 11 54   0.00000000                            
PL51 -10068.070541   4162.539536  -5774.099229              
VL51  34025.069060  18136.682103 -46266.801493              
*  2025  5 19 11 56   0.00000000                            
PL51  -9643.103342   4370.190583  -6320.172592              
VL51  36780.233582  16455.195745 -44722.206116              
*  2025  5 19 11 58   0.00000000                            
PL51  -9185.905837   4557.080089  -6846.884579              
VL51  39395.189309  14677.688696 -43040.722243              
*  2025  5 19 12  0   0.00000000                            
PL51  -8698.216935   4722.102168  -7352.622721              
VL51  41860.628712  12811.960175 -41227.447594              
*  2025  5 19 12  2   0.00000000                            
PL51  -8181.883820   4864.247047  -7835.838052              
VL51  44167.818706  10866.223566 -39287.865580              
*  2025  5 19 12  4   0.00000000                            
PL51  -7638.854874   4982.605828  -8295.049641              
VL51  46308.631162   8849.072953 -37227.829589              
*  2025  5 19 12  6   0.00000000                            
PL51  -7071.172242   5076.374856  -8728.848938              
VL51  48275.571206   6769.448174 -35053.546436              
*  2025  5 19 12  8   0.00000000                            
PL51  -6480.964080   5144.859644  -9135.903905              
VL51  50061.803203   4636.598541 -32771.559022              
*  2025  5 19 12 10   0.00000000                            
PL51  -5870.436495   5187.478371  -9514.962949              
VL51  51661.174426   2460.045323 -30388.728239              
*  2025  5 19 12 12   0.00000000                            
PL51  -5241.865220   5203.764906  -9864.858620              
VL51  53068.236322    249.543141 -27912.214152              
*  2025  5 19 12 14   0.00000000                            
PL51  -4597.587053   5193.371379 -10184.511087              
VL51  54278.263343  -1984.959614 -25349.456506              
*  2025  5 19 12 16   0.00000000                            
PL51  -3939.991076   5156.070260 -10472.931373              
VL51  55287.269304  -4233.361220 -22708.154578              
*  2025  5 19 12 18   0.00000000                            
PL51  -3271.509699   5091.755955 -10729.224349              
VL51  56092.021228  -6485.447773 -19996.246409              
*  2025  5 19 12 20   0.00000000                            
PL51  -2594.609550   5000.445901 -10952.591463              
VL51  56690.050648  -8730.934944 -17221.887438              
*  2025  5 19 12 22   0.00000000                            
PL51  -1911.782249   4882.281160 -11142.333229              
VL51  57079.662340 -10959.510196 -14393.428567              
*  2025  5 19 12 24   0.00000000                            
PL51  -1225.535084   4737.526498 -11297.851429              
VL51  57259.940455 -13160.875348 -11519.393678              
*  2025  5 19 12 26   0.00000000                            
PL51   -538.381639   4566.569963 -11418.651056              
VL51  57230.752032 -15324.789338  -8608.456620              
*  2025  5 19 12 28   0.00000000                            
PL51    147.167607   4369.921936 -11504.341970              
VL51  56992.747868 -17441.111073  -5669.417687              
*  2025  5 19 12 30   0.00000000                            
PL51    828.614683   4148.213678 -11554.640276              
VL51  56547.360711 -19499.842209  -2711.179620              
*  2025  5 19 12 32   0.00000000                            
PL51   1503.483480   3902.195360 -11569.369402              
VL51  55896.800781 -21491.169736    257.276865              
*  2025  5 19 12 34   0.00000000                            
PL51   2169.329041   3632.733589 -11548.460890              
VL51  55044.048572 -23405.508210   3226.917971              
*  2025  5 19 12 36   0.00000000                            
PL51   2823.746749   3340.808419 -11491.954879              
VL51  53992.844948 -25233.541495   6188.682125              
*  2025  5 19 12 38   0.00000000                            
PL51   3464.381380   3027.509877 -11400.000284              
VL51  52747.678511 -26966.263858   9133.505646              
*  2025  5 19 12 40   0.00000000                            
PL51   4088.935980   2694.033995 -11272.854671              
VL51  51313.770245 -28595.020255  12052.348752              
*  2025  5 19 12 42   0.00000000                            
PL51   4695.180556   2341.678364 -11110.883803              
VL51  49697.055437 -30111.545657  14936.221839              
*  2025  5 19 12 44   0.00000000                            
PL51   5280.960519   1971.837225 -10914.560890              
VL51  47904.162892 -31508.003252  17776.212015              
*  2025  5 19 12 46   0.00000000                            
PL51   5844.204872   1585.996104 -10684.465499              
VL51  45942.391454 -32777.021350  20563.509810              
*  2025  5 19 12 48   0.00000000                            
PL51   6382.934095   1185.726019 -10421.282158              
VL51  43819.683868 -33911.728832  23289.436026              
*  2025  5 19 12 50   0.00000000                            
PL51   6895.267702    772.677270 -10125.798629              
VL51  41544.598006 -34905.788968  25945.468643              
*  2025  5 19 12 52   0.00000000                            
PL51   7379.431435    348.572828  -9798.903860              
VL51  39126.275512 -35753.431429  28523.269726              
*  2025  5 19 12 54   0.00000000                            
PL51   7833.764072    -84.798641  -9441.585617              
VL51  36574.407916 -36449.482324  31014.712245              
*  2025  5 19 12 56   0.00000000                            
PL51   8256.723808   -525.590103  -9054.927788              
VL51  33899.200290 -36989.392078  33411.906726              
*  2025  5 19 12 58   0.00000000                            
PL51   8646.894187   -971.903804  -8640.107382              
VL51  31111.332519 -37369.260993  35707.227629              
*  2025  5 19 13  0   0.00000000                            
PL51   9002.989557  -1421.799210  -8198.391197              
VL51  28221.918295 -37585.862296  37893.339364              
*  2025  5 19 13  2   0.00000000                            
PL51   9323.860018  -1873.301206  -7731.132192              
VL51  25242.461950 -37636.662537  39963.221820              
*  2025  5 19 13  4   0.00000000                            
PL51   9608.495840  -2324.408526  -7239.765550              
VL51  22184.813248 -37519.839153  41910.195293              
*  2025  5 19 13  6   0.00000000                            
PL51   9856.031331  -2773.102370  -6725.804445              
VL51  19061.120297 -37234.295058  43727.944699              
*  2025  5 19 13  8   0.00000000                            
PL51  10065.748119  -3217.355189  -6190.835528              
VL51  15883.780756 -36779.670121  45410.542935              
*  2025  5 19 13 10   0.00000000                            
PL51  10237.077854  -3655.139574  -5636.514134              
VL51  12665.391508 -36156.349402  46952.473258              
*  2025  5 19 13 12   0.00000000                            
PL51  10369.604285  -4084.437236  -5064.559232              
VL51   9418.697011 -35365.468030  48348.650559              
*  2025  5 19 13 14   0.00000000                            
PL51  10463.064717  -4503.248015  -4476.748119              
VL51   6156.536562 -34408.912639  49594.441395              
*  2025  5 19 13 16   0.00000000                            
PL51  10517.350826  -4909.598892  -3874.910892              
VL51   2891.790686 -33289.319275  50685.682642              
*  2025  5 19 13 18   0.00000000                            
PL51  10532.508833  -5301.552950  -3260.924693              
VL51   -362.673075 -32010.067728  51618.698660              
*  2025  5 19 13 20   0.00000000                            
PL51  10508.739019  -5677.218248  -2636.707773              
VL51  -3594.054721 -30575.272245  52390.316837              
*  2025  5 19 13 22   0.00000000                            
PL51  10446.394585  -6034.756559  -2004.213363              
VL51  -6789.676419 -28989.768619  52997.881390              
*  2025  5 19 13 24   0.00000000                            
PL51  10345.979862  -6372.391936  -1365.423403              
VL51  -9937.036917 -27259.097665  53439.265333              
*  2025  5 19 13 26   0.00000000                            
PL51  10208.147865  -6688.419050   -722.342132              
VL51 -13023.865446 -25389.485117  53712.880495              
*  2025  5 19 13 28   0.00000000                            
PL51  10033.697213  -6981.211277    -76.989574              
VL51 -16038.174815 -23387.818020  53817.685506              
*  2025  5 19 13 30   0.00000000                            
PL51   9823.568404  -7249.228469    568.605063              
VL51 -18968.313405 -21261.617688  53753.191675              
*  2025  5 19 13 32   0.00000000                            
PL51   9578.839493  -7491.024393   1212.410039              
VL51 -21803.015752 -19019.009373  53519.466705              
*  2025  5 19 13 34   0.00000000                            
PL51   9300.721156  -7705.253773   1852.397779              
VL51 -24531.451439 -16668.688760  53117.136189              
*  2025  5 19 13 36   0.00000000                            
PL51   8990.551188  -7890.678925   2486.551554              
VL51 -27143.272005 -14219.885476  52547.382860              
*  2025  5 19 13 38   0.00000000                            
PL51   8649.788450  -8046.175929   3112.872162              
VL51 -29628.655602 -11682.323792  51811.943607              
*  2025  5 19 13 40   0.00000000                            
PL51   8280.006293  -8170.740314   3729.384540              
VL51 -31978.349138  -9066.180729  50913.104227              
*  2025  5 19 13 42   0.00000000                            
PL51   7882.885494  -8263.492232   4334.144313              
VL51 -34183.707677  -6382.041799  49853.691970              
*  2025  5 19 13 44   0.00000000                            
PL51   7460.206738  -8323.681079   4925.244234              
VL51 -36236.730870  -3640.854616  48637.065898              
*  2025  5 19 13 46   0.00000000                            
PL51   7013.842676  -8350.689556   5500.820499              
VL51 -38130.096216   -853.880643  47267.105107              
*  2025  5 19 13 48   0.00000000                            
PL51   6545.749614  -8344.037136   6059.058904              
VL51 -39857.188985   1967.354673  45748.194893              
*  2025  5 19 13 50   0.00000000                            
PL51   6057.958850  -8303.382926   6598.200829              
VL51 -41412.128646   4811.113084  44085.210938              
*  2025  5 19 13 52   0.00000000                            
PL51   5552.567732  -8228.527906   7116.549015              
VL51 -42789.791673   7665.495775  42283.501593              
*  2025  5 19 13 54   0.00000000                            
PL51   5031.730448  -8119.416542   7612.473124              
VL51 -43985.830625  10518.496357  40348.868387              
*  2025  5 19 13 56   0.00000000                            
PL51   4497.648621  -7976.137757   8084.415050              
VL51 -44996.689437  13358.054329  38287.544860              
*  2025  5 19 13 58   0.00000000                            
PL51   3952.561739  -7798.925253   8530.893968              
VL51 -45819.614865  16172.108734  36106.173840              
*  2025  5 19 14  0   0.00000000                            
PL51   3398.737473  -7588.157200   8950.511104              
VL51 -46452.664058  18948.651719  33811.783306              
*  2025  5 19 14  2   0.00000000                            
PL51   2838.461925  -7344.355278   9341.954204              
VL51 -46894.708280  21675.781731  31411.760950              
*  2025  5 19 14  4   0.00000000                            
PL51   2274.029856  -7068.183082   9704.001690              
VL51 -47145.432781  24341.756082  28913.827596              
*  2025  5 19 14  6   0.00000000                            
PL51   1707.734938  -6760.443910  10035.526498              
VL51 -47205.332892  26935.042623  26326.009601              
*  2025  5 19 14  8   0.00000000                            
PL51   1141.860073  -6422.077927  10335.499569              
VL51 -47075.706406  29444.370284  23656.610387              
*  2025  5 19 14 10   0.00000000                            
PL51    578.667832  -6054.158741  10602.993004              
VL51 -46758.642333  31858.778254  20914.181240              
*  2025  5 19 14 12   0.00000000                            
PL51     20.391041  -5657.889385  10837.182857              
VL51 -46257.006165  34167.663586  18107.491512              
*  2025  5 19 14 14   0.00000000                            
PL51   -530.776430  -5234.597753  11037.351571              
VL51 -45574.421748  36360.827010  15245.498362              
*  2025  5 19 14 16   0.00000000                            
PL51  -1072.688641  -4785.731487  11202.890049              
VL51 -44715.249931  38428.516801  12337.316157              
*  2025  5 19 14 18   0.00000000                            
PL51  -1603.256286  -4312.852355  11333.299356              
VL51 -43684.564131  40361.470492   9392.185651              
*  2025  5 19 14 20   0.00000000                            
PL51  -2120.455077  -3817.630140  11428.192050              
VL51 -42488.122979  42150.954310   6419.443070              
*  2025  5 19 14 22   0.00000000                            
PL51  -2622.333794  -3301.836073  11487.293142              
VL51 -41132.340225  43788.800163   3428.489189              
*  2025  5 19 14 24   0.00000000                            
PL51  -3107.021948  -2767.335834  11510.440685              
VL51 -39624.252068  45267.440065    428.758528              
*  2025  5 19 14 26   0.00000000                            
PL51  -3572.737048  -2216.082158  11497.585995              
VL51 -37971.482114  46579.937874  -2570.311241              
*  2025  5 19 14 28   0.00000000                            
PL51  -4017.791424  -1650.107077  11448.793509              
VL51 -36182.204128  47720.018234  -5559.309591              
*  2025  5 19 14 30   0.00000000                            
PL51  -4440.598596  -1071.513829  11364.240276              
VL51 -34265.102800  48682.092639  -8528.883030              
*  2025  5 19 14 32   0.00000000                            
PL51  -4839.679164   -482.468479  11244.215098              
VL51 -32229.332710  49461.282526 -11469.764508              
*  2025  5 19 14 34   0.00000000                            
PL51  -5213.666187    114.808730  11089.117320              
VL51 -30084.475688  50053.439356 -14372.802256              
*  2025  5 19 14 36   0.00000000                            
PL51  -5561.310052    718.052236  10899.455273              
VL51 -27840.496797  50455.161603 -17228.987978              
*  2025  5 19 14 38   0.00000000                            
PL51  -5881.482800   1324.960214  10675.844390              
VL51 -25507.699115  50663.808640 -20029.484323              
*  2025  5 19 14 40   0.00000000                            
PL51  -6173.181907   1933.203772  10419.004992              
VL51 -23096.677535  50677.511476 -22765.651567              
*  2025  5 19 14 42   0.00000000                            
PL51  -6435.533502   2540.436259  10129.759762              
VL51 -20618.271789  50495.180346 -25429.073455              
*  2025  5 19 14 44   0.00000000                            
PL51  -6667.795025   3144.302645   9809.030913              
VL51 -18083.518883  50116.509128 -28011.582118              
*  2025  5 19 14 46   0.00000000                            
PL51  -6869.357303   3742.448937   9457.837061              
VL51 -15503.605154  49541.976619 -30505.282040              
*  2025  5 19 14 48   0.00000000                            
PL51  -7039.746052   4332.531591   9077.289817              
VL51 -12889.818141  48772.844661 -32902.572994              
*  2025  5 19 14 50   0.00000000                            
PL51  -7178.622810   4912.226876   8668.590115              
VL51 -10253.498469  47811.153168 -35196.171916              
*  2025  5 19 14 52   0.00000000                            
PL51  -7285.785277   5479.240175   8233.024280              
VL51  -7605.991926  46659.712072 -37379.133656              
*  2025  5 19 14 54   0.00000000                            
PL51  -7361.167097   6031.315151   7771.959849              
VL51  -4958.601942  45322.090244 -39444.870570              
*  2025  5 19 14 56   0.00000000                            
PL51  -7404.837067   6566.242783   7286.841177              
VL51  -2322.542635  43802.601453 -41387.170907              
*  2025  5 19 14 58   0.00000000                            
PL51  -7416.997784   7081.870198   6779.184815              
VL51    291.107383  42106.287422 -43200.215944              
*  2025  5 19 15  0   0.00000000                            
PL51  -7397.983751   7576.109295   6250.574702              
VL51   2871.450262  40238.898071 -44878.595851              
*  2025  5 19 15  2   0.00000000                            
PL51  -7348.258936   8046.945110   5702.657169              
VL51   5407.813070  38206.869021 -46417.324222              
*  2025  5 19 15  4   0.00000000                            
PL51  -7268.413821   8492.443898   5137.135776              
VL51   7889.790660  36017.296485 -47811.851270              
*  2025  5 19 15  6   0.00000000                            
PL51  -7159.161933   8910.760893   4555.766001              
VL51  10307.287117  33677.909631 -49058.075638              
*  2025  5 19 15  8   0.00000000                            
PL51  -7021.335895   9300.147728   3960.349794              
VL51  12650.555605  31197.040566 -50152.354826              
*  2025  5 19 15 10   0.00000000                            
PL51  -6855.883007   9658.959481   3352.730017              
VL51  14910.236480  28583.592042 -51091.514191              
*  2025  5 19 15 12   0.00000000                            
PL51  -6663.860377   9985.661312   2734.784782              
VL51  17077.393538  25847.003046 -51872.854540              
*  2025  5 19 15 14   0.00000000                            
PL51  -6446.429637  10278.834688   2108.421708              
VL51  19143.548259  22997.212400 -52494.158278              
*  2025  5 19 15 16   0.00000000                            
PL51  -6204.851253  10537.183150   1475.572109              
VL51  21100.711941  20044.620525 -52953.694127              
*  2025  5 19 15 18   0.00000000                            
PL51  -5940.478464  10759.537615    838.185141              
VL51  22941.415594  17000.049542 -53250.220410              
*  2025  5 19 15 20   0.00000000                            
PL51  -5654.750882  10944.861188    198.221912              
VL51  24658.737520  13874.701835 -53382.986893              
*  2025  5 19 15 22   0.00000000                            
PL51  -5349.187767  11092.253473   -442.350418              
VL51  26246.328470  10680.117291 -53351.735204              
*  2025  5 19 15 24   0.00000000                            
PL51  -5025.381021  11200.954356  -1081.564536              
VL51  27698.434292   7428.129358 -53156.697841              
*  2025  5 19 15 26   0.00000000                            
PL51  -4684.987925  11270.347264  -1717.458854              
VL51  29009.916026   4130.820129 -52798.595791              
*  2025  5 19 15 28   0.00000000                            
PL51  -4329.723644  11299.961871  -2348.083347              
VL51  30176.267360    800.474603 -52278.634785              
*  2025  5 19 15 30   0.00000000                            
PL51  -3961.353553  11289.476259  -2971.505344              
VL51  31193.629431  -2550.465662 -51598.500227              
*  2025  5 19 15 32   0.00000000                            
PL51  -3581.685381  11238.718510  -3585.815243              
VL51  32058.802927  -5909.449349 -50760.350836              
*  2025  5 19 15 34   0.00000000                            
PL51  -3192.561248  11147.667751  -4189.132153              
VL51  32769.257476  -9263.862454 -49766.811056              
*  2025  5 19 15 36   0.00000000                            
PL51  -2795.849586  11016.454612  -4779.609424              
VL51  33323.138326 -12601.075449 -48620.962269              
*  2025  5 19 15 38   0.00000000                            
PL51  -2393.437013  10845.361138  -5355.440078              
VL51  33719.270322 -15908.490397 -47326.332876              
*  2025  5 19 15 40   0.00000000                            
PL51  -1987.220161  10634.820124  -5914.862102              
VL51  33957.159196 -19173.587847 -45886.887273              
*  2025  5 19 15 42   0.00000000                            
PL51  -1579.097513  10385.413895  -6456.163616              
VL51  34036.990204 -22383.973370 -44307.013791              
*  2025  5 19 15 44   0.00000000                            
PL51  -1170.961273  10097.872527  -6977.687876              
VL51  33959.624125 -25527.423589 -42591.511623              
*  2025  5 19 15 46   0.00000000                            
PL51   -764.689291   9773.071526  -7477.838124              
VL51  33726.590691 -28591.931562 -40745.576789              
*  2025  5 19 15 48   0.00000000                            
PL51   -362.137093   9412.028956  -7955.082260              
VL51  33340.079455 -31565.751386 -38774.787179              
*  2025  5 19 15 50   0.00000000                            
PL51     34.869972   9015.902048  -8407.957335              
VL51  32802.928187 -34437.441892 -36685.086706              
*  2025  5 19 15 52   0.00000000                            
PL51    424.544430   8585.983287  -8835.073835              
VL51  32118.608817 -37195.909287 -34482.768613              
*  2025  5 19 15 54   0.00000000                            
PL51    805.144191   8123.695986  -9235.119778              
VL51  31291.211014 -39830.448619 -32174.457977              
*  2025  5 19 15 56   0.00000000                            
PL51   1174.979859   7630.589389  -9606.864580              
VL51  30325.423454 -42330.783967 -29767.093436              
*  2025  5 19 15 58   0.00000000                            
PL51   1532.421789   7108.333278  -9949.162708              
VL51  29226.512862 -44687.107199 -27267.908189              
*  2025  5 19 16  0   0.00000000                            
PL51   1875.906892   6558.712140 -10260.957098              
VL51  28000.300897 -46890.115221 -24684.410307              
*  2025  5 19 16  2   0.00000000                            
PL51   2203.945144   5983.618890 -10541.282330              
VL51  26653.138971 -48931.045588 -22024.362374              
*  2025  5 19 16  4   0.00000000                            
PL51   2515.125781   5385.048179 -10789.267557              
VL51  25191.881087 -50801.710385 -19295.760514              
*  2025  5 19 16  6   0.00000000                            
PL51   2808.123158   4765.089303 -11004.139179              
VL51  23623.854791 -52494.528277 -16506.812816              
*  2025  5 19 16  8   0.00000000                            
PL51   3081.702249   4125.918744 -11185.223255              
VL51  21956.830317 -54002.554633 -13665.917196              
*  2025  5 19 16 10   0.00000000                            
PL51   3334.723765   3469.792358 -11331.947645              
VL51  20198.988047 -55319.509629 -10781.638716              
*  2025  5 19 16 12   0.00000000                            
PL51   3566.148872   2799.037239 -11443.843876              
VL51  18358.884359 -56439.804235  -7862.686389              
*  2025  5 19 16 14   0.00000000                            
PL51   3775.043491   2116.043283 -11520.548730              
VL51  16445.415983 -57358.564008  -4917.889497              
*  2025  5 19 16 16   0.00000000                            
PL51   3960.582162   1423.254485 -11561.805540              
VL51  14467.782967 -58071.650581  -1956.173445              
*  2025  5 19 16 18   0.00000000                            
PL51   4122.051454    723.159987 -11567.465199              
VL51  12435.450364 -58575.680782   1013.464824              
*  2025  5 19 16 20   0.00000000                            
PL51   4258.852910     18.284911 -11537.486867              
VL51  10358.108748 -58868.043281   3981.981823              
*  2025  5 19 16 22   0.00000000                            
PL51   4370.505511   -688.818984 -11471.938379              
VL51   8245.633691 -58946.912682   6940.312900              
*  2025  5 19 16 24   0.00000000                            
PL51   4456.647647  -1395.582812 -11370.996345              
VL51   6108.044307 -58811.260985   9879.397960              
*  2025  5 19 16 26   0.00000000                            
PL51   4517.038591  -2099.430179 -11234.945936              
VL51   3955.461010 -58460.866311  12790.207520              
*  2025  5 19 16 28   0.00000000                            
PL51   4551.559449  -2797.786894 -11064.180366              
VL51   1798.062599 -57896.318835  15663.769030              
*  2025  5 19 16 30   0.00000000                            
PL51   4560.213611  -3488.090742 -10859.200040              
VL51   -353.957164 -57119.023810  18491.193439              
*  2025  5 19 16 32   0.00000000                            
PL51   4543.126661  -4167.801259 -10620.611402              
VL51  -2490.433369 -56131.201637  21263.701933              
*  2025  5 19 16 34   0.00000000                            
PL51   4500.545768  -4834.409506 -10349.125442              
VL51  -4601.273973 -54935.884874  23972.652808              
*  2025  5 19 16 36   0.00000000                            
PL51   4432.838549  -5485.447776 -10045.555897              
VL51  -6676.503877 -53536.912143  26609.568380              
*  2025  5 19 16 38   0.00000000                            
PL51   4340.491401  -6118.499220  -9710.817114              
VL51  -8706.308882 -51938.918861  29166.161883              
*  2025  5 19 16 40   0.00000000                            
PL51   4224.107307  -6731.207332  -9345.921603              
VL51 -10681.079349 -50147.324760  31634.364246              
*  2025  5 19 16 42   0.00000000                            
PL51   4084.403121  -7321.285273  -8951.977265              
VL51 -12591.453369 -48168.318157  34006.350678              
*  2025  5 19 16 44   0.00000000                            
PL51   3922.206342  -7886.524981  -8530.184300              
VL51 -14428.359258 -46008.836961  36274.566956              
*  2025  5 19 16 46   0.00000000                            
PL51   3738.451379  -8424.806037  -8081.831806              
VL51 -16183.057184 -43676.546400  38431.755317              
*  2025  5 19 16 48   0.00000000                            
PL51   3534.175325  -8934.104243  -7608.294067              
VL51 -17847.179713 -41179.813480  40470.979840              
*  2025  5 19 16 50   0.00000000                            
PL51   3310.513250  -9412.499873  -7111.026544              
VL51 -19412.771077 -38527.678207  42385.651215              
*  2025  5 19 16 52   0.00000000                            
PL51   3068.693033  -9858.185560  -6591.561569              
VL51 -20872.324947 -35729.821596  44169.550757              
*  2025  5 19 16 54   0.00000000                            
PL51   2810.029753 -10269.473784  -6051.503759              
VL51 -22218.820515 -32796.530558  45816.853544              
*  2025  5 19 16 56   0.00000000                            
PL51   2535.919652 -10644.803910  -5492.525156              
VL51 -23445.756650 -29738.659738  47322.150552              
*  2025  5 19 16 58   0.00000000                            
PL51   2247.833706 -10982.748764  -4916.360109              
VL51 -24547.183952 -26567.590419  48680.469645              
*  2025  5 19 17  0   0.00000000                            
PL51   1947.310825 -11282.020689  -4324.799912              
VL51 -25517.734478 -23295.186645  49887.295284              
*  2025  5 19 17  2   0.00000000                            
PL51   1635.950707 -11541.477059  -3719.687214              
VL51 -26352.648949 -19933.748703  50938.586834              
*  2025  5 19 17  4   0.00000000                            
PL51   1315.406386 -11760.125230  -3102.910217              
VL51 -27047.801277 -16495.964179  51830.795331              
*  2025  5 19 17  6   0.00000000                            
PL51    987.376499 -11937.126873  -2476.396685              
VL51 -27599.720204 -12994.856775  52560.878595              
*  2025  5 19 17  8   0.00000000                            
PL51    653.597317 -12071.801699  -1842.107780              
VL51 -28005.607923  -9443.733128  53126.314571              
*  2025  5 19 17 10   0.00000000                            
PL51    315.834563 -12163.630521  -1202.031747              
VL51 -28263.355529  -5856.127895  53525.112796              
*  2025  5 19 17 12   0.00000000                            
PL51    -24.124929 -12212.257653   -558.177483              
VL51 -28371.555176  -2245.747352  53755.823893              
*  2025  5 19 17 14   0.00000000                            
PL51   -364.481682 -12217.492630     87.432012              
VL51 -28329.508836   1373.588189  53817.547019              
*  2025  5 19 17 16   0.00000000                            
PL51   -703.432129 -12179.311221    732.766243              
VL51 -28137.233578   4988.002843  53709.935188              
*  2025  5 19 17 18   0.00000000                            
PL51  -1039.177212 -12097.855743   1375.793893              
VL51 -27795.463306   8583.624200  53433.198413              
*  2025  5 19 17 20   0.00000000                            
PL51  -1369.930969 -11973.434667   2014.489514              
VL51 -27305.646918  12146.642614  52988.104636              
*  2025  5 19 17 22   0.00000000                            
PL51  -1693.929093 -11806.521505   2646.840212              
VL51 -26669.942876  15663.370414  52375.978400              
*  2025  5 19 17 24   0.00000000                            
PL51  -2009.437391 -11597.752996   3270.852314              
VL51 -25891.210194  19120.300705  51598.697278              
*  2025  5 19 17 26   0.00000000                            
PL51  -2314.760120 -11347.926587   3884.557966              
VL51 -24972.995892  22504.165426  50658.686053              
*  2025  5 19 17 28   0.00000000                            
PL51  -2608.248153 -11057.997221   4486.021655              
VL51 -23919.518969  25801.992336  49558.908683              
*  2025  5 19 17 30   0.00000000                            
PL51  -2888.306926 -10729.073455   5073.346623              
VL51 -22735.650995  29001.160619  48302.858088              
*  2025  5 19 17 32   0.00000000                            
PL51  -3153.404137 -10362.412919   5644.681138              
VL51 -21426.893417  32089.454792  46894.543834              
*  2025  5 19 17 34   0.00000000                            
PL51  -3402.077153  -9959.417132   6198.224613              
VL51 -19999.351736  35055.116637  45338.477767              
*  2025  5 19 17 36   0.00000000                            
PL51  -3632.940090  -9521.625722   6732.233536              
VL51 -18459.706675  37886.894882  43639.657697              
*  2025  5 19 17 38   0.00000000                            
PL51  -3844.690527  -9050.710052   7245.027194              
VL51 -16815.182539  40574.092373  41803.549223              
*  2025  5 19 17 40   0.00000000                            
PL51  -4036.115824  -8548.466302   7734.993170              
VL51 -15073.512933  43106.610508  39836.065804              
*  2025  5 19 17 42   0.00000000                            
PL51  -4206.099019  -8016.808035   8200.592588              
VL51 -13242.904040  45474.990716  37743.547193              
*  2025  5 19 17 44   0.00000000                            
PL51  -4353.624268  -7457.758285   8640.365092              
VL51 -11331.995690  47670.452797  35532.736356              
*  2025  5 19 17 46   0.00000000                            
PL51  -4477.781799  -6873.441200   9052.933539              
VL51  -9349.820414  49684.929943  33210.755005              
*  2025  5 19 17 48   0.00000000                            
PL51  -4577.772376  -6266.073289   9437.008393              
VL51  -7305.760742  51511.100316  30785.077883              
*  2025  5 19 17 50   0.00000000                            
PL51  -4652.911234  -5637.954313   9791.391796              
VL51  -5209.504970  53142.415054  28263.505931              
*  2025  5 19 17 52   0.00000000                            
PL51  -4702.631473  -4991.457857  10114.981324              
VL51  -3071.001636  54573.122624  25654.138489              
*  2025  5 19 17 54   0.00000000                            
PL51  -4726.486906  -4329.021636  10406.773388              
VL51   -900.412949  55798.289450  22965.344648              
*  2025  5 19 17 56   0.00000000                            
PL51  -4724.154337  -3653.137572  10665.866305              
VL51   1291.932588  56813.816774  20205.733901              
*  2025  5 19 17 58   0.00000000                            
PL51  -4695.435270  -2966.341700  10891.462995              
VL51   3495.588123  57616.453730  17384.126220              
*  2025  5 19 18  0   0.00000000                            
PL51  -4640.257042  -2271.203925  11082.873331              
VL51   5700.036727  58203.806607  14509.521684              
*  2025  5 19 18  2   0.00000000                            
PL51  -4558.673370  -1570.317708  11239.516114              
VL51   7894.739760  58574.344339  11591.069795              
*  2025  5 19 18  4   0.00000000                            
PL51  -4450.864324   -866.289694  11360.920681              
VL51  10069.185106  58727.400243   8638.038599              
*  2025  5 19 18  6   0.00000000                            
PL51  -4317.135721   -161.729351  11446.728141              
VL51  12212.935051  58663.170060   5659.783734              
*  2025  5 19 18  8   0.00000000                            
PL51  -4157.917946    540.761350  11496.692243              
VL51  14315.673583  58382.706371   2665.717520              
*  2025  5 19 18 10   0.00000000                            
PL51  -3973.764215   1238.598167  11510.679871              
VL51  16367.252922  57887.909479   -334.721812              
*  2025  5 19 18 12   0.00000000                            
PL51  -3765.348278   1929.224687  11488.671167              
VL51  18357.739069  57181.514836  -3332.100647              
*  2025  5 19 18 14   0.00000000                            
PL51  -3533.461589   2610.122254  11430.759301              
VL51  20277.456198  56267.077144  -6317.020179              
*  2025  5 19 18 16   0.00000000                            
PL51  -3279.009945   3278.819691  11337.149869              
VL51  22117.029692  55148.951222  -9280.146187              
*  2025  5 19 18 18   0.00000000                            
PL51  -3003.009624   3932.902770  11208.159944              
VL51  23867.427672  53832.269780 -12212.238304              
*  2025  5 19 18 20   0.00000000                            
PL51  -2706.583031   4570.023398  11044.216775              
VL51  25520.000833  52322.918222 -15104.178703              
*  2025  5 19 18 22   0.00000000                            
PL51  -2390.953874   5187.908483  10845.856152              
VL51  27066.520462  50627.506627 -17947.000117              
*  2025  5 19 18 24   0.00000000                            
PL51  -2057.441903   5784.368453  10613.720430              
VL51  28499.214458  48753.339053 -20731.913128              
*  2025  5 19 18 26   0.00000000                            
PL51  -1707.457220   6357.305381  10348.556238              
VL51  29810.801259  46708.380320 -23450.332652              
*  2025  5 19 18 28   0.00000000                            
PL51  -1342.494207   6904.720706  10051.211871              
VL51  30994.521528  44501.220442 -26093.903555              
*  2025  5 19 18 30   0.00000000                            
PL51   -964.125073   7424.722512   9722.634381              
VL51  32044.167490  42141.036861 -28654.525340              
*  2025  5 19 18 32   0.00000000                            
PL51   -573.993077   7915.532337   9363.866382              
VL51  32954.109832  39637.554678 -31124.375850              
*  2025  5 19 18 34   0.00000000                            
PL51   -173.805436   8375.491500   8976.042568              
VL51  33719.322059  37001.005032 -33495.933937              
*  2025  5 19 18 36   0.00000000                            
PL51    234.674042   8803.066915   8560.385971              
VL51  34335.402236  34242.081835 -35762.001038              
*  2025  5 19 18 38   0.00000000                            
PL51    649.632572   9196.856374   8118.203970              
VL51  34798.592034  31371.897014 -37915.721629              
*  2025  5 19 18 40   0.00000000                            
PL51   1069.216210   9555.593295   7650.884054              
VL51  35105.793041  28401.934476 -39950.602510              
*  2025  5 19 18 42   0.00000000                            
PL51   1491.537863   9878.150895   7159.889365              
VL51  35254.580257  25344.002944 -41860.530872              
*  2025  5 19 18 44   0.00000000                            
PL51   1914.685429  10163.545807   6646.754032              
VL51  35243.212754  22210.187885 -43639.791120              
*  2025  5 19 18 46   0.00000000                            
PL51   2336.730064  10410.941105   6113.078310              
VL51  35070.641463  19012.802691 -45283.080405              
*  2025  5 19 18 48   0.00000000                            
PL51   2755.734510  10619.648746   5560.523540              
VL51  34736.514060  15764.339330 -46785.522827              
*  2025  5 19 18 50   0.00000000                            
PL51   3169.761473  10789.131413   4990.806945              
VL51  34241.176961  12477.418640 -48142.682273              
*  2025  5 19 18 52   0.00000000                            
PL51   3576.882005  10919.003763   4405.696288              
VL51  33585.674418   9164.740494 -49350.573866              
*  2025  5 19 18 54   0.00000000                            
PL51   3975.183861  11009.033078   3807.004391              
VL51  32771.744748   5839.034016 -50405.673998              
*  2025  5 19 18 56   0.00000000                            
PL51   4362.779785  11059.139314   3196.583546              
VL51  31801.813728   2513.008050 -51304.928941              
*  2025  5 19 18 58   0.00000000                            
PL51   4737.815713  11069.394569   2576.319837              
VL51  30678.985193   -800.697918 -52045.762013              
*  2025  5 19 19  0   0.00000000                            
PL51   5098.478833  11040.021955   1948.127375              
VL51  29407.028907  -4089.562207 -52626.079310              
*  2025  5 19 19  2   0.00000000                            
PL51   5443.005496  10971.393897   1313.942479              
VL51  27990.365765  -7341.228571 -53044.274012              
*  2025  5 19 19  4   0.00000000                            
PL51   5769.688922  10864.029873    675.717811              
VL51  26434.050401 -10543.552831 -53299.229253              
*  2025  5 19 19  6   0.00000000                            
PL51   6076.886692  10718.593585     35.416491              
VL51  24743.751292 -13684.648376 -53390.319575              
*  2025  5 19 19  8   0.00000000                            
PL51   6363.027982  10535.889612   -604.993809              
VL51  22925.728441 -16752.930319 -53317.410990              
*  2025  5 19 19 10   0.00000000                            
PL51   6626.620514  10316.859525  -1243.546748              
VL51  20986.808748 -19737.158196 -53080.859654              
*  2025  5 19 19 12   0.00000000                            
PL51   6866.257203  10062.577507  -1878.283191              
VL51  18934.359173 -22626.477052 -52681.509182              
*  2025  5 19 19 14   0.00000000                            
PL51   7080.622462   9774.245493  -2507.257028              
VL51  16776.257808 -25410.456759 -52120.686629              
*  2025  5 19 19 16   0.00000000                            
PL51   7268.498155   9453.187838  -3128.540951              
VL51  14520.862977 -28079.129465 -51400.197169              
*  2025  5 19 19 18   0.00000000                            
PL51   7428.769166   9100.845563  -3740.232148              
VL51  12176.980502 -30623.025033 -50522.317499              
*  2025  5 19 19 20   0.00000000                            
PL51   7560.428559   8718.770175  -4340.457922              
VL51   9753.829257 -33033.204364 -49489.788017              
*  2025  5 19 19 22   0.00000000                            
PL51   7662.582328   8308.617107  -4927.381193              
VL51   7261.005162 -35301.290520 -48305.803804              
*  2025  5 19 19 24   0.00000000                            
PL51   7734.453690   7872.138798  -5499.205905              
VL51   4708.443737 -37419.497539 -46974.004455              
*  2025  5 19 19 26   0.00000000                            
PL51   7775.386935   7411.177439  -6054.182285              
VL51   2106.381385 -39380.656883 -45498.462815              
*  2025  5 19 19 28   0.00000000                            
PL51   7784.850796   6927.657417  -6590.611974              
VL51   -534.684475 -41178.241451 -43883.672645              
*  2025  5 19 19 30   0.00000000                            
PL51   7762.441336   6423.577487  -7106.852997              
VL51  -3204.036280 -42806.387085 -42134.535282              
*  2025  5 19 19 32   0.00000000                            
PL51   7707.884342   5901.002700  -7601.324570              
VL51  -5890.778036 -44259.911551 -40256.345331              
*  2025  5 19 19 34   0.00000000                            
PL51   7621.037213   5362.056120  -8072.511726              
VL51  -8583.877759 -45534.330927 -38254.775424              
*  2025  5 19 19 36   0.00000000                            
PL51   7501.890331   4808.910357  -8518.969761              
VL51 -11272.210476 -46625.873398 -36135.860113              
*  2025  5 19 19 38   0.00000000                            
PL51   7350.567921   4243.778953  -8939.328470              
VL51 -13944.601659 -47531.490407 -33905.978917              
*  2025  5 19 19 40   0.00000000                            
PL51   7167.328378   3668.907650  -9332.296185              
VL51 -16589.870939 -48248.865175 -31571.838586              
*  2025  5 19 19 42   0.00000000                            
PL51   6952.564079   3086.565568  -9696.663590              
VL51 -19196.875976 -48776.418573 -29140.454614              
*  2025  5 19 19 44   0.00000000                            
PL51   6706.800663   2499.036336 -10031.307312              
VL51 -21754.556338 -49113.312354 -26619.132041              
*  2025  5 19 19 46   0.00000000                            
PL51   6430.695780   1908.609190 -10335.193277              
VL51 -24251.977254 -49259.449756 -24015.445583              
*  2025  5 19 19 48   0.00000000                            
PL51   6125.037329   1317.570089 -10607.379822              
VL51 -26678.373121 -49215.473490 -21337.219120              
*  2025  5 19 19 50   0.00000000                            
PL51   5790.741165    728.192862 -10847.020561              
VL51 -29023.190620 -48982.761125 -18592.504574              
*  2025  5 19 19 52   0.00000000                            
PL51   5428.848293    142.730435 -11053.366992              
VL51 -31276.131319 -48563.417910 -15789.560211              
*  2025  5 19 19 54   0.00000000                            
PL51   5040.521563   -436.593849 -11225.770839              
VL51 -33427.193632 -47960.267038 -12936.828371              
*  2025  5 19 19 56   0.00000000                            
PL51   4627.041856  -1007.594773 -11363.686123              
VL51 -35466.714002 -47176.837399 -10042.912682              
*  2025  5 19 19 58   0.00000000                            
PL51   4189.803783  -1568.133627 -11466.670962              
VL51 -37385.407175 -46217.348838  -7116.554756              
*  2025  5 19 20  0   0.00000000                            
PL51   3730.310915  -2116.126403 -11534.389082              
VL51 -39174.405439 -45086.694972  -4166.610403              
*  2025  5 19 20  2   0.00000000                            
PL51   3250.170537  -2649.551758 -11566.611042              
VL51 -40825.296684 -43790.423587  -1202.025384              
*  2025  5 19 20  4   0.00000000                            
PL51   2751.087963  -3166.458743 -11563.215168              
VL51 -42330.161166 -42334.714672   1768.189266              
*  2025  5 19 20  6   0.00000000                            
PL51   2234.860410  -3664.974240 -11524.188185              
VL51 -43681.606812 -40726.356125   4734.982336              
*  2025  5 19 20  8   0.00000000                            
PL51   1703.370468  -4143.310101 -11449.625544              
VL51 -44872.802950 -38972.717196   7689.287904              
*  2025  5 19 20 10   0.00000000                            
PL51   1158.579161  -4599.769955 -11339.731449              
VL51 -45897.512312 -37081.719700  10622.051159              
*  2025  5 19 20 12   0.00000000                            
PL51    602.518652  -5032.755654 -11194.818563              
VL51 -46750.121160 -35061.807088  13524.254533              
*  2025  5 19 20 14   0.00000000                            
PL51     37.284585  -5440.773337 -11015.307405              
VL51 -47425.667402 -32921.911414  16386.944095              
*  2025  5 19 20 16   0.00000000                            
PL51   -534.971892  -5822.439087 -10801.725427              
VL51 -47919.866533 -30671.418310  19201.256167              
*  2025  5 19 20 18   0.00000000                            
PL51  -1112.052403  -6176.484151 -10554.705770              
VL51 -48229.135284 -28320.130010  21958.444095              
*  2025  5 19 20 20   0.00000000                            
PL51  -1691.719884  -6501.759707 -10274.985696              
VL51 -48350.612801 -25878.226561  24649.905130              
*  2025  5 19 20 22   0.00000000                            
PL51  -2271.707373  -6797.241162  -9963.404704              
VL51 -48282.179241 -23356.225288  27267.207339              
*  2025  5 19 20 24   0.00000000                            
PL51  -2849.726995  -7062.031943  -9620.902317              
VL51 -48022.471620 -20764.938647  29802.116474              
*  2025  5 19 20 26   0.00000000                            
PL51  -3423.479127  -7295.366781  -9248.515548              
VL51 -47570.896791 -18115.430583  32246.622719              
*  2025  5 19 20 28   0.00000000                            
PL51  -3990.661699  -7496.614456  -8847.376050              
VL51 -46927.641419 -15418.971526  34592.967218              
*  2025  5 19 20 30   0.00000000                            
PL51  -4548.979594  -7665.280005  -8418.706942              
VL51 -46093.678809 -12686.992184  36833.668289              
*  2025  5 19 20 32   0.00000000                            
PL51  -5096.154117  -7801.006357  -7963.819336              
VL51 -45070.772505  -9931.036289  38961.547215              
*  2025  5 19 20 34   0.00000000                            
PL51  -5629.932477  -7903.575405  -7484.108539              
VL51 -43861.476532  -7162.712481  40969.753489              
*  2025  5 19 20 36   0.00000000                            
PL51  -6148.097262  -7972.908492  -6981.049976              
VL51 -42469.132197  -4393.645517  42851.789409              
*  2025  5 19 20 38   0.00000000                            
PL51  -6648.475847  -8009.066305  -6456.194804              
VL51 -40897.861395  -1635.427006  44601.533882              
*  2025  5 19 20 40   0.00000000                            
PL51  -7128.949703  -8012.248190  -5911.165262              
VL51 -39152.556340   1100.434105  46213.265316              
*  2025  5 19 20 42   0.00000000                            
PL51  -7587.463563  -7982.790850  -5347.649740              
VL51 -37238.865702   3802.561075  47681.683472              
*  2025  5 19 20 44   0.00000000                            
PL51  -8022.034397  -7921.166474  -4767.397597              
VL51 -35163.177142   6459.758698  49001.930134              
*  2025  5 19 20 46   0.00000000                            
PL51  -8430.760157  -7827.980257  -4172.213744              
VL51 -32932.596239   9061.062186  50169.608470              
*  2025  5 19 20 48   0.00000000                            
PL51  -8811.828248  -7703.967348  -3563.952993              
VL51 -30554.921854  11595.785328  51180.800962              
*  2025  5 19 20 50   0.00000000                            
PL51  -9163.523682  -7549.989223  -2944.514209              
VL51 -28038.617996  14053.567700  52032.085764              
*  2025  5 19 20 52   0.00000000                            
PL51  -9484.236875  -7367.029498  -2315.834271              
VL51 -25392.782260  16424.420638  52720.551381              
*  2025  5 19 20 54   0.00000000                            
PL51  -9772.471041  -7156.189197  -1679.881866              
VL51 -22627.110966  18698.771735  53243.809557              
*  2025  5 19 20 56   0.00000000                            
PL51 -10026.849156  -6918.681504  -1038.651149              
VL51 -19751.861122  20867.507595  53600.006261              
*  2025  5 19 20 58   0.00000000                            
PL51 -10246.120438  -6655.826003   -394.155267              
VL51 -16777.809376  22922.014599  53787.830679              
*  2025  5 19 21  0   0.00000000                            
PL51 -10429.166326  -6369.042448    251.580193              
VL51 -13716.208154  24854.217430  53806.522142              
*  2025  5 19 21  2   0.00000000                            
PL51 -10575.005911  -6059.844086    896.523846              
VL51 -10578.739187  26656.615128  53655.874899              
*  2025  5 19 21  4   0.00000000                            
PL51 -10682.800799  -5729.830563   1538.645180              
VL51  -7377.464662  28322.314461  53336.240711              
*  2025  5 19 21  6   0.00000000                            
PL51 -10751.859369  -5380.680441   2175.921251              
VL51  -4124.776260  29845.060386  52848.529202              
*  2025  5 19 21  8   0.00000000                            
PL51 -10781.640416  -5014.143377   2806.343371              
VL51   -833.342345  31219.263436  52194.205972              
*  2025  5 19 21 10   0.00000000                            
PL51 -10771.756141  -4632.031983   3427.923755              
VL51   2483.946404  32440.023845  51375.288444              
*  2025  5 19 21 12   0.00000000                            
PL51 -10721.974494  -4236.213429   4038.702108              
VL51   5814.032620  33503.152295  50394.339490              
*  2025  5 19 21 14   0.00000000                            
PL51 -10632.220828  -3828.600801   4636.752117              
VL51   9143.748827  34405.187128  49254.458837              
*  2025  5 19 21 16   0.00000000                            
PL51 -10502.578880  -3411.144293   5220.187838              
VL51  12459.874661  35143.407963  47959.272313              
*  2025  5 19 21 18   0.00000000                            
PL51 -10333.291064  -2985.822242   5787.169929              
VL51  15749.194410  35715.845627  46512.918998              
*  2025  5 19 21 20   0.00000000                            
PL51 -10124.758063  -2554.632078   6335.911723              
VL51  18998.554565  36121.288352  44920.036346              
*  2025  5 19 21 22   0.00000000                            
PL51  -9877.537746  -2119.581209   6864.685108              
VL51  22194.921056  36359.284239  43185.743365              
*  2025  5 19 21 24   0.00000000                            
PL51  -9592.343389  -1682.677916   7371.826201              
VL51  25325.435888  36430.139982  41315.621981              
*  2025  5 19 21 26   0.00000000                            
PL51  -9270.041228  -1245.922267   7855.740773              
VL51  28377.472855  36334.915884  39315.696663              
*  2025  5 19 21 28   0.00000000                            
PL51  -8911.647350   -811.297129   8314.909441              
VL51  31338.692073  36075.417231  37192.412458              
*  2025  5 19 21 30   0.00000000                            
PL51  -8518.323935   -380.759294   8747.892564              
VL51  34197.093052  35654.182107  34952.611540              
*  2025  5 19 21 32   0.00000000                            
PL51  -8091.374879     43.769225   9153.334871              
VL51  36941.066046  35074.465731  32603.508422              
*  2025  5 19 21 34   0.00000000                            
PL51  -7632.240797    460.409684   9529.969766              
VL51  39559.441456  34340.221457  30152.663937              
*  2025  5 19 21 36   0.00000000                            
PL51  -7142.493465    867.334860   9876.623328              
VL51  42041.537047  33456.078563  27607.958146              
*  2025  5 19 21 38   0.00000000                            
PL51  -6623.829695   1262.777013  10192.217973              
VL51  44377.202782  32427.316981  24977.562298              
*  2025  5 19 21 40   0.00000000                            
PL51  -6078.064693   1645.035525  10475.775772              
VL51  46556.863087  31259.839146  22269.909977              
*  2025  5 19 21 42   0.00000000                            
PL51  -5507.124926   2012.484190  10726.421430              
VL51  48571.556370  29960.139123  19493.667570              
*  2025  5 19 21 44   0.00000000                            
PL51  -4913.040533   2363.578116  10943.384892              
VL51  50412.971648  28535.269229  16657.704189              
*  2025  5 19 21 46   0.00000000                            
PL51  -4297.937311   2696.860208  11126.003598              
VL51  52073.482151  26992.804322  13771.061191              
*  2025  5 19 21 48   0.00000000                            
PL51  -3664.028317   3010.967220  11273.724363              
VL51  53546.175784  25340.803977  10842.921398              
*  2025  5 19 21 50   0.00000000                            
PL51  -3013.605132   3304.635328  11386.104890              
VL51  54824.882366  23587.772765   7882.578173              
*  2025  5 19 21 52   0.00000000                            
PL51  -2349.028800   3576.705228  11462.814913              
VL51  55904.197562  21742.618835   4899.404450              
*  2025  5 19 21 54   0.00000000                            
PL51  -1672.720524   3826.126723  11503.636961              
VL51  56779.503456  19814.611042   1902.821842              
*  2025  5 19 21 56   0.00000000                            
PL51   -987.152110   4051.962784  11508.466763              
VL51  57446.985736  17813.334815  -1097.730071              
*  2025  5 19 21 58   0.00000000                            
PL51   -294.836248   4253.393083  11477.313277              
VL51  57903.647463  15748.647004  -4092.824173              
*  2025  5 19 22  0   0.00000000                            
PL51    401.683369   4429.716972  11410.298362              
VL51  58147.319417  13630.629919  -7073.075880              
*  2025  5 19 22  2   0.00000000                            
PL51   1099.842020   4580.355912  11307.656088              
VL51  58176.667025  11469.544756 -10029.172750              
*  2025  5 19 22  4   0.00000000                            
PL51   1797.063994   4704.855336  11169.731696              
VL51  57991.193886   9275.784654 -12951.903562              
*  2025  5 19 22  6   0.00000000                            
PL51   2490.772657   4802.885951  10996.980212              
VL51  57591.241916   7059.827554 -15832.186799              
*  2025  5 19 22  8   0.00000000                            
PL51   3178.400492   4874.244474  10789.964721              
VL51  56977.988156   4832.189088 -18661.098441              
*  2025  5 19 22 10   0.00000000                            
PL51   3857.399089   4918.853797  10549.354318              
VL51  56153.438271   2603.375683 -21429.899029              
*  2025  5 19 22 12   0.00000000                            
PL51   4525.249027   4936.762607  10275.921731              
VL51  55120.416823    383.838077 -24130.059903              
*  2025  5 19 22 14   0.00000000                            
PL51   5179.469633   4928.144431   9970.540640              
VL51  53882.554357  -1816.074557 -26753.288586              
*  2025  5 19 22 16   0.00000000                            
PL51   5817.628556   4893.296153   9634.182694              
VL51  52444.271396  -3986.159708 -29291.553222              
*  2025  5 19 22 18   0.00000000                            
PL51   6437.351139   4832.635986   9267.914245              
VL51  50810.759421  -6116.405656 -31737.106037              
*  2025  5 19 22 20   0.00000000                            
PL51   7036.329540   4746.700923   8872.892799              
VL51  48987.958940  -8197.034461 -34082.505757              
*  2025  5 19 22 22   0.00000000                            
PL51   7612.331574   4636.143680   8450.363213              
VL51  46982.534740 -10218.543658 -36320.638937              
*  2025  5 19 22 24   0.00000000                            
PL51   8163.209245   4501.729148   8001.653634              
VL51  44801.848436 -12171.746486 -38444.740154              
*  2025  5 19 22 26   0.00000000                            
PL51   8686.906925   4344.330371   7528.171214              
VL51  42453.928441 -14047.810498 -40448.411008              
*  2025  5 19 22 28   0.00000000                            
PL51   9181.469170   4164.924073   7031.397592              
VL51  39947.437488 -15838.294422 -42325.637899              
*  2025  5 19 22 30   0.00000000                            
PL51   9645.048121   3964.585747   6512.884177              
VL51  37291.637841 -17535.183111 -44070.808522              
*  2025  5 19 22 32   0.00000000                            
PL51  10075.910479   3744.484349   5974.247244              
VL51  34496.354353 -19130.920468 -45678.727057              
*  2025  5 19 22 34   0.00000000                            
PL51  10472.444026   3505.876595   5417.162848              
VL51  31571.935522 -20618.440232 -47144.628013              
*  2025  5 19 22 36   0.00000000                            
PL51  10833.163662   3250.100918   4843.361583              
VL51  28529.212717 -21991.194495 -48464.188712              
*  2025  5 19 22 38   0.00000000                            
PL51  11156.716954   2978.571079   4254.623206              
VL51  25379.457739 -23243.179877 -49633.540370              
*  2025  5 19 22 40   0.00000000                            
PL51  11441.889150   2692.769495   3652.771124              
VL51  22134.338890 -24368.961245 -50649.277782              
*  2025  5 19 22 42   0.00000000                            
PL51  11687.607673   2394.240289   3039.666783              
VL51  18805.875735 -25363.692926 -51508.467576              
*  2025  5 19 22 44   0.00000000                            
PL51  11892.946056   2084.582097   2417.203965              
VL51  15406.392727 -26223.137324 -52208.655039              
*  2025  5 19 22 46   0.00000000                            
PL51  12057.127321   1765.440681   1787.303009              
VL51  11948.471903 -26943.680904 -52747.869509              
*  2025  5 19 22 48   0.00000000                            
PL51  12179.526777   1438.501350   1151.904974              
VL51   8444.904819 -27522.347480 -53124.628335              
*  2025  5 19 22 50   0.00000000                            
PL51  12259.674248   1105.481250    512.965774              
VL51   4908.643913 -27956.808804 -53337.939401              
*  2025  5 19 22 52   0.00000000                            
PL51  12297.255705    768.121538   -127.549724              
VL51   1352.753490 -28245.392404 -53387.302241              
*  2025  5 19 22 54   0.00000000                            
PL51  12292.114319    428.179479   -767.673597              
VL51  -2209.639477 -28387.086679 -53272.707742              
*  2025  5 19 22 56   0.00000000                            
PL51  12244.250913     87.420498  -1405.440750              
VL51  -5765.394564 -28381.543255 -52994.636470              
*  2025  5 19 22 58   0.00000000                            
PL51  12153.823831   -252.389778  -2038.894781              
VL51  -9301.406925 -28229.076594 -52554.055632              
*  2025  5 19 23  0   0.00000000                            
PL51  12021.148216   -589.493457  -2666.093792              
VL51 -12804.655973 -27930.660914 -51952.414707              
*  2025  5 19 23  2   0.00000000                            
PL51  11846.694715   -922.148269  -3285.116146              
VL51 -16262.253521 -27487.924416 -51191.639773              
*  2025  5 19 23  4   0.00000000                            
PL51  11631.087598  -1248.635369  -3894.066144              
VL51 -19661.491219 -26903.140892 -50274.126581              
*  2025  5 19 23  6   0.00000000                            
PL51  11375.102325  -1567.267013  -4491.079611              
VL51 -22989.887132 -26179.218760 -49202.732390              
*  2025  5 19 23  8   0.00000000                            
PL51  11079.662552  -1876.394101  -5074.329387              
VL51 -26235.231289 -25319.687581 -47980.766642              
*  2025  5 19 23 10   0.00000000                            
PL51  10745.836599  -2174.413538  -5642.030682              
VL51 -29385.630059 -24328.682143 -46611.980483              
*  2025  5 19 23 12   0.00000000                            
PL51  10374.833397  -2459.775385  -6192.446316              
VL51 -32429.549227 -23210.924183 -45100.555206              
*  2025  5 19 23 14   0.00000000                            
PL51   9967.997922  -2730.989786  -6723.891802              
VL51 -35355.855625 -21971.701835 -43451.089655              
*  2025  5 19 23 16   0.00000000                            
PL51   9526.806140  -2986.633628  -7234.740276              
VL51 -38153.857198 -20616.846898 -41668.586623              
*  2025  5 19 23 18   0.00000000                            
PL51   9052.859481  -3225.356916  -7723.427260              
VL51 -40813.341407 -19152.710006 -39758.438311              
*  2025  5 19 23 20   0.00000000                            
PL51   8547.878867  -3445.888847  -8188.455241              
VL51 -43324.611840 -17586.133823 -37726.410875              
*  2025  5 19 23 22   0.00000000                            
PL51   8013.698305  -3647.043535  -8628.398063              
VL51 -45678.522950 -15924.424342 -35578.628117              
*  2025  5 19 23 24   0.00000000                            
PL51   7452.258076  -3827.725397  -9041.905117              
VL51 -47866.512825 -14175.320415 -33321.554351              
*  2025  5 19 23 26   0.00000000                            
PL51   6865.597550  -3986.934154  -9427.705318              
VL51 -49880.633888 -12346.961605 -30961.976499              
*  2025  5 19 23 28   0.00000000                            
PL51   6255.847637  -4123.769435  -9784.610869              
VL51 -51713.581478 -10447.854498 -28506.985445              
*  2025  5 19 23 30   0.00000000                            
PL51   5625.222914  -4237.434980 -10111.520789              
VL51 -53358.720226  -8486.837564 -25963.956690              
*  2025  5 19 23 32   0.00000000                            
PL51   4976.013441  -4327.242395 -10407.424213              
VL51 -54810.108164  -6473.044696 -23340.530330              
*  2025  5 19 23 34   0.00000000                            
PL51   4310.576317  -4392.614483 -10671.403439              
VL51 -56062.518500  -4415.867546 -20644.590404              
*  2025  5 19 23 36   0.00000000                            
PL51   3631.326968  -4433.088095 -10902.636734              
VL51 -57111.459015  -2324.916770 -17884.243617              
*  2025  5 19 23 38   0.00000000                            
PL51   2940.730235  -4448.316528 -11100.400870              
VL51 -57953.189004   -209.982305 -15067.797489              
*  2025  5 19 23 40   0.00000000                            
PL51   2241.291267  -4438.071433 -11264.073403              
VL51 -58584.733732   1919.007192 -12203.737934              
*  2025  5 19 23 42   0.00000000                            
PL51   1535.546249  -4402.244229 -11393.134678              
VL51 -59003.896328   4052.025623  -9300.706311              
*  2025  5 19 23 44   0.00000000                            
PL51    826.053018  -4340.847023 -11487.169548              
VL51 -59209.267091   6178.991317  -6367.475971              
*  2025  5 19 23 46   0.00000000                            
PL51    115.381566  -4254.013028 -11545.868823              
VL51 -59200.230160   8289.809343  -3412.928324              
*  2025  5 19 23 48   0.00000000                            
PL51   -593.895506  -4141.996458 -11569.030413              
VL51 -58976.967497  10374.414150   -446.028456              
*  2025  5 19 23 50   0.00000000                            
PL51  -1299.212578  -4005.171926 -11556.560189              
VL51 -58540.460171  12422.812380   2524.199673              
*  2025  5 19 23 52   0.00000000                            
PL51  -1998.020591  -3844.033317 -11508.472537              
VL51 -57892.486880  14425.125722   5488.698429              
*  2025  5 19 23 54   0.00000000                            
PL51  -2687.796593  -3659.192152 -11424.890609              
VL51 -57035.619710  16371.633658   8438.402071              
*  2025  5 19 23 56   0.00000000                            
PL51  -3366.053228  -3451.375440 -11306.046265              
VL51 -55973.217076  18252.815953  11364.262638              
*  2025  5 19 23 58   0.00000000                            
PL51  -4030.348108  -3221.423017 -11152.279702              
VL51 -54709.413838  20059.394732  14257.276149              
*  2025  5 20  0  0   0.00000000                            
PL51  -4678.293081  -2970.284365 -10964.038771              
VL51 -53249.108418  21782.376330  17108.509035              
*  2025  5 20  0  2   0.00000000                            
PL51  -5307.563216  -2699.015083 -10741.877967              
VL51 -51597.947795  23413.090580  19909.124790              
*  2025  5 20  0  4   0.00000000                            
PL51  -5915.905819  -2408.772538 -10486.457111              
VL51 -49762.308005  24943.233215  22650.410764              
*  2025  5 20  0  6   0.00000000                            
PL51  -6501.148947  -2100.811433 -10198.539696              
VL51 -47749.273594  26364.902593  25323.805046              
*  2025  5 20  0  8   0.00000000                            
PL51  -7061.209802  -1776.478671  -9878.990917              
VL51 -45566.613055  27670.638051  27920.923359              
*  2025  5 20  0 10   0.00000000                            
PL51  -7594.102782  -1437.207854  -9528.775384              
VL51 -43222.751778  28853.455900  30433.585905              
*  2025  5 20  0 12   0.00000000                            
PL51  -8097.947180  -1084.513357  -9148.954501              
VL51 -40726.742130  29906.883925  32853.844051              
*  2025  5 20  0 14   0.00000000                            
PL51  -8570.974519   -719.983984  -8740.683540              
VL51 -38088.230758  30824.994075  35174.006790              
*  2025  5 20  0 16   0.00000000                            
PL51  -9011.535471   -345.276260  -8305.208384              
VL51 -35317.423175  31602.433172  37386.666854              
*  2025  5 20  0 18   0.00000000                            
PL51  -9418.106338     37.892648  -7843.861975              
VL51 -32425.045702  32234.451437  39484.726377              
*  2025  5 20  0 20   0.00000000                            
PL51  -9789.295062    427.752327  -7358.060446              
VL51 -29422.304862  32716.928663  41461.422003              
*  2025  5 20  0 22   0.00000000                            
PL51 -10123.846730    822.486817  -6849.298963              
VL51 -26320.844350  33046.397859  43310.349301              
*  2025  5 20  0 24   0.00000000                            
PL51 -10420.648550   1220.242582  -6319.147269              
VL51 -23132.699689  33220.066171  45025.486364              
*  2025  5 20  0 26   0.00000000                            
PL51 -10678.734271   1619.136707  -5769.244966              
VL51 -19870.250758  33235.832944  46601.216476              
*  2025  5 20  0 28   0.00000000                            
PL51 -10897.288022   2017.265300  -5201.296512              
VL51 -16546.172343  33092.304757  48032.349685              
*  2025  5 20  0 30   0.00000000                            
PL51 -11075.647542   2412.712050  -4617.065985              
VL51 -13173.382916  32788.807293  49314.143179              
*  2025  5 20  0 32   0.00000000                            
PL51 -11213.306791   2803.556915  -4018.371596              
VL51  -9764.991866  32325.393923  50442.320307              
*  2025  5 20  0 34   0.00000000                            
PL51 -11309.917918   3187.884889  -3407.079991              
VL51  -6334.245404  31702.850904  51413.088132              
*  2025  5 20  0 36   0.00000000                            
PL51 -11365.292570   3563.794805  -2785.100349              
VL51  -2894.471403  30922.699093  52223.153384              
*  2025  5 20  0 38   0.00000000                            
PL51 -11379.402542   3929.408150  -2154.378297              
VL51    540.976558  29987.192113  52869.736692              
*  2025  5 20  0 40   0.00000000                            
PL51 -11352.379742   4282.877824  -1516.889669              
VL51   3958.775664  28899.310946  53350.584994              
*  2025  5 20  0 42   0.00000000                            
PL51 -11284.515483   4622.396820   -874.634124              
VL51   7345.690560  27662.754898  53663.982016              
*  2025  5 20  0 44   0.00000000                            
PL51 -11176.259098   4946.206770   -229.628652              
VL51  10688.629959  26281.928979  53808.756739              
*  2025  5 20  0 46   0.00000000                            
PL51 -11028.215865   5252.606324    416.099008              
VL51  13974.702871  24761.927698  53784.289771              
*  2025  5 20  0 48   0.00000000                            
PL51 -10841.144277   5539.959304   1060.517018              
VL51  17191.274118  23108.515333  53590.517567              
*  2025  5 20  0 50   0.00000000                            
PL51 -10615.952640   5806.702608   1701.596123              
VL51  20326.018846  21328.102773  53227.934444              
*  2025  5 20  0 52   0.00000000                            
PL51 -10353.695030   6051.353814   2337.316346              
VL51  23366.975705  19427.721009  52697.592360              
*  2025  5 20  0 54   0.00000000                            
PL51 -10055.566620   6272.518445   2965.673670              
VL51  26302.598401  17414.991430  52001.098438              
*  2025  5 20  0 56   0.00000000                            
PL51  -9722.898398   6468.896861   3584.686670              
VL51  29121.805327  15298.093062  51140.610251              
*  2025  5 20  0 58   0.00000000                            
PL51  -9357.151305   6639.290740   4192.403083              
VL51  31814.026989  13085.726927  50118.828862              
*  2025  5 20  1  0   0.00000000                            
PL51  -8959.909818   6782.609113   4786.906272              
VL51  34369.250961  10787.077724  48938.989674              
*  2025  5 20  1  2   0.00000000                            
PL51  -8532.875008   6897.873927   5366.321580              
VL51  36778.064125   8411.773035  47604.851135              
*  2025  5 20  1  4   0.00000000                            
PL51  -8077.857107   6984.225103   5928.822519              
VL51  39031.691960   5969.840289  46120.681351              
*  2025  5 20  1  6   0.00000000                            
PL51  -7596.767632   7040.925065   6472.636803              
VL51  41122.034687   3471.661720  44491.242703              
*  2025  5 20  1  8   0.00000000                            
PL51  -7091.611078   7067.362723   6996.052174              
VL51  43041.700077    927.927585  42721.774553              
*  2025  5 20  1 10   0.00000000                            
PL51  -6564.476258   7063.056872   7497.422014              
VL51  44784.032771  -1650.412126  40817.974128              
*  2025  5 20  1 12   0.00000000                            
PL51  -6017.527293   7027.659024   7975.170715              
VL51  46343.139981  -4252.197185  38785.975716              
*  2025  5 20  1 14   0.00000000                            
PL51  -5452.994335   6960.955619   8427.798792              
VL51  47713.913454  -6866.107594  36632.328280              
*  2025  5 20  1 16   0.00000000                            
PL51  -4873.164031   6862.869642   8853.887716              
VL51  48892.047645  -9480.714714  34363.971614              
*  2025  5 20  1 18   0.00000000                            
PL51  -4280.369808   6733.461615   9252.104458              
VL51  49874.054009 -12084.532823  31988.211191              
*  2025  5 20  1 20   0.00000000                            
PL51  -3676.981996   6572.929974   9621.205715              
VL51  50657.271423 -14666.070797  29512.691829              
*  2025  5 20  1 22   0.00000000                            
PL51  -3065.397864   6381.610823   9960.041822              
VL51  51239.872706 -17213.883677  26945.370313              
*  2025  5 20  1 24   0.00000000                            
PL51  -2448.031583   6159.977070  10267.560328              
VL51  51620.867285 -19716.623860  24294.487134              
*  2025  5 20  1 26   0.00000000                            
PL51  -1827.304200   5908.636959  10542.809223              
VL51  51800.100045 -22163.091660  21568.537455              
*  2025  5 20  1 28   0.00000000                            
PL51  -1205.633631   5628.331994  10784.939821              
VL51  51778.246425 -24542.285026  18776.241468              
*  2025  5 20  1 30   0.00000000                            
PL51   -585.424743   5319.934271  10993.209276              
VL51  51556.803860 -26843.448169  15926.514252              
*  2025  5 20  1 32   0.00000000                            
PL51     30.940436   4984.443245  11166.982742              
VL51  51138.079664 -29056.118913  13028.435266              
*  2025  5 20  1 34   0.00000000                            
PL51    641.112352   4622.981921  11305.735157              
VL51  50525.175469 -31170.174556  10091.217600              
*  2025  5 20  1 36   0.00000000                            
PL51   1242.783342   4236.792521  11409.052666              
VL51  49721.968339 -33175.876054   7124.177082              
*  2025  5 20  1 38   0.00000000                            
PL51   1833.696812   3827.231619  11476.633663              
VL51  48733.088726 -35063.910361   4136.701384              
*  2025  5 20  1 40   0.00000000                            
PL51   2411.656129   3395.764788  11508.289474              
VL51  47563.895374 -36825.430749   1138.219195              
*  2025  5 20  1 42   0.00000000                            
PL51   2974.533199   2943.960770  11503.944658              
VL51  46220.447374 -38452.094968  -1861.830411              
*  2025  5 20  1 44   0.00000000                            
PL51   3520.276685   2473.485209  11463.636957              
VL51  44709.473500 -39936.101096  -4854.028321              
*  2025  5 20  1 46   0.00000000                            
PL51   4046.919847   1986.093961  11387.516872              
VL51  43038.339023 -41270.220960  -7829.005363              
*  2025  5 20  1 48   0.00000000                            
PL51   4552.587975   1483.626022  11275.846885              
VL51  41215.010168 -42447.831003 -10777.471817              
*  2025  5 20  1 50   0.00000000                            
PL51   5035.505368    967.996099  11129.000333              
VL51  39248.016402 -43462.940501 -13690.246391              
*  2025  5 20  1 52   0.00000000                            
PL51   5494.001863    441.186865  10947.459937              
VL51  37146.410743 -44310.217041 -16558.284566              
*  2025  5 20  1 54   0.00000000                            
PL51   5926.518866    -94.759086  10731.815992              
VL51  34919.728279 -44985.009169 -19372.706259              
*  2025  5 20  1 56   0.00000000                            
PL51   6331.614884   -637.747527  10482.764233              
VL51  32577.943081 -45483.366148 -22124.822714              
*  2025  5 20  1 58   0.00000000                            
PL51   6707.970523  -1185.641110  10201.103382              
VL51  30131.423727 -45802.054761 -24806.162568              
*  2025  5 20  2  0   0.00000000                            
PL51   7054.392952  -1736.268068   9887.732384              
VL51  27590.887605 -45938.573129 -27408.497026              
*  2025  5 20  2  2   0.00000000                            
PL51   7369.819808  -2287.431052   9543.647356              
VL51  24967.354221 -45891.161483 -29923.864079              
*  2025  5 20  2  4   0.00000000                            
PL51   7653.322538  -2836.916090   9169.938240              
VL51  22272.097684 -45658.809895 -32344.591721              
*  2025  5 20  2  6   0.00000000                            
PL51   7904.109166  -3382.501614   8767.785190              
VL51  19516.598592 -45241.262935 -34663.320104              
*  2025  5 20  2  8   0.00000000                            
PL51   8121.526478  -3921.967527   8338.454702              
VL51  16712.495489 -44639.021261 -36873.022576              
*  2025  5 20  2 10   0.00000000                            
PL51   8305.061629  -4453.104272   7883.295489              
VL51  13871.536113 -43853.340159 -38967.025566              
*  2025  5 20  2 12   0.00000000                            
PL51   8454.343155  -4973.721861   7403.734137              
VL51  11005.528618 -42886.225038 -40939.027270              
*  2025  5 20  2 14   0.00000000                            
PL51   8569.141412  -5481.658837   6901.270536              
VL51   8126.292961 -41740.423929 -42783.115079              
*  2025  5 20  2 16   0.00000000                            
PL51   8649.368423  -5974.791121   6377.473108              
VL51   5245.612663 -40419.417026 -44493.781736              
*  2025  5 20  2 18   0.00000000                            
PL51   8695.077156  -6451.040729   5833.973856              
VL51   2375.187108 -38927.403321 -46065.940161              
*  2025  5 20  2 20   0.00000000                            
PL51   8706.460232  -6908.384293   5272.463241              
VL51   -473.415415 -37269.284415 -47494.936938              
*  2025  5 20  2 22   0.00000000                            
PL51   8683.848075  -7344.861390   4694.684898              
VL51  -3288.803746 -35450.645572 -48776.564417              
*  2025  5 20  2 24   0.00000000                            
PL51   8627.706513  -7758.582614   4102.430229              
VL51  -6059.808813 -33477.734115 -49907.071425              
*  2025  5 20  2 26   0.00000000                            
PL51   8538.633853  -8147.737381   3497.532861              
VL51  -8775.527310 -31357.435258 -50883.172562              
*  2025  5 20  2 28   0.00000000                            
PL51   8417.357434  -8510.601422   2881.863012              
VL51 -11425.363969 -29097.245491 -51702.056075              
*  2025  5 20  2 30   0.00000000                            
PL51   8264.729685  -8845.543952   2257.321766              
VL51 -13999.072249 -26705.243635 -52361.390300              
*  2025  5 20  2 32   0.00000000                            
PL51   8081.723707  -9151.034473   1625.835283              
VL51 -16486.793309 -24190.059690 -52859.328676              
*  2025  5 20  2 34   0.00000000                            
PL51   7869.428393  -9425.649185    989.348948              
VL51 -18879.093122 -21560.841615 -53194.513337              
*  2025  5 20  2 36   0.00000000                            
PL51   7629.043120  -9668.076999    349.821500              
VL51 -21166.997614 -18827.220179 -53366.077280              
*  2025  5 20  2 38   0.00000000                            
PL51   7361.872027  -9877.125108   -290.780868              
VL51 -23342.025713 -15999.272018 -53373.645132              
*  2025  5 20  2 40   0.00000000                            
PL51   7069.317912 -10051.724106   -930.490407              
VL51 -25396.220186 -13087.481058 -53217.332515              
*  2025  5 20  2 42   0.00000000                            
PL51   6752.875774 -10190.932642  -1567.343691              
VL51 -27322.176184 -10102.698455 -52897.744054              
*  2025  5 20  2 44   0.00000000                            
PL51   6414.126023 -10293.941571  -2199.387469              
VL51 -29113.067396  -7056.101209 -52415.970016              
*  2025  5 20  2 46   0.00000000                            
PL51   6054.727395 -10360.077619  -2824.684462              
VL51 -30762.669739  -3959.149616 -51773.581642              
*  2025  5 20  2 48   0.00000000                            
PL51   5676.409593 -10388.806516  -3441.319104              
VL51 -32265.382518   -823.543717 -50972.625170              
*  2025  5 20  2 50   0.00000000                            
PL51   5280.965695 -10379.735609  -4047.403199              
VL51 -33616.246990   2338.821087 -50015.614612              
*  2025  5 20  2 52   0.00000000                            
PL51   4870.244350 -10332.615939  -4641.081482              
VL51 -34810.962305   5515.899076 -48905.523303              
*  2025  5 20  2 54   0.00000000                            
PL51   4446.141805 -10247.343769  -5220.537079              
VL51 -35845.898770   8695.539767 -47645.774274              
*  2025  5 20  2 56   0.00000000                            
PL51   4010.593778 -10123.961565  -5783.996835              
VL51 -36718.108430  11865.533788 -46240.229493              
*  2025  5 20  2 58   0.00000000                            
PL51   3565.567234  -9962.658433  -6329.736515              
VL51 -37425.332942  15013.658935 -44693.178025              
*  2025  5 20  3  0   0.00000000                            
PL51   3113.052074  -9763.769987  -6856.085850              
VL51 -37966.008760  18127.726237 -43009.323151              
*  2025  5 20  3  2   0.00000000                            
PL51   2655.052775  -9527.777684  -7361.433429              
VL51 -38339.269633  21195.625880 -41193.768515              
*  2025  5 20  3  4   0.00000000                            
PL51   2193.580030  -9255.307593  -7844.231412              
VL51 -38544.946429  24205.372852 -39252.003318              
*  2025  5 20  3  6   0.00000000                            
PL51   1730.642387  -8947.128628  -8303.000064              
VL51 -38583.564337  27145.152153 -37189.886638              
*  2025  5 20  3  8   0.00000000                            
PL51   1268.237954  -8604.150241  -8736.332098              
VL51 -38456.337467  30003.363453 -35013.630890              
*  2025  5 20  3 10   0.00000000                            
PL51    808.346174  -8227.419577  -9142.896808              
VL51 -38165.160879  32768.665043 -32729.784491              
*  2025  5 20  3 12   0.00000000                            
PL51    352.919715  -7818.118117  -9521.443996              
VL51 -37712.600113  35430.016962 -30345.213749              
*  2025  5 20  3 14   0.00000000                            
PL51    -96.123501  -7377.557796  -9870.807672              
VL51 -37101.878255  37976.723179 -27867.084029              
*  2025  5 20  3 16   0.00000000                            
PL51   -536.908099  -6907.176635 -10189.909528              
VL51 -36336.860594  40398.472699 -25302.840221              
*  2025  5 20  3 18   0.00000000                            
PL51   -967.608853  -6408.533875 -10477.762171              
VL51 -35422.036944  42685.379474 -22660.186549              
*  2025  5 20  3 20   0.00000000                            
PL51  -1386.458063  -5883.304647 -10733.472113              
VL51 -34362.501688  44828.021004 -19947.065747              
*  2025  5 20  3 22   0.00000000                            
PL51  -1791.752682  -5333.274182 -10956.242499              
VL51 -33163.931610  46817.475524 -17171.637639              
*  2025  5 20  3 24   0.00000000                            
PL51  -2181.861154  -4760.331591 -11145.375588              
VL51 -31832.561596  48645.357640 -14342.257139              
*  2025  5 20  3 26   0.00000000                            
PL51  -2555.229962  -4166.463219 -11300.274954              
VL51 -30375.158280  50303.852336 -11467.451718              
*  2025  5 20  3 28   0.00000000                            
PL51  -2910.389838  -3553.745609 -11420.447423              
VL51 -28798.991707  51785.747214  -8555.898331              
*  2025  5 20  3 30   0.00000000                            
PL51  -3245.961626  -2924.338081 -11505.504723              
VL51 -27111.805103  53084.462876  -5616.399870              
*  2025  5 20  3 32   0.00000000                            
PL51  -3560.661766  -2280.474971 -11555.164851              
VL51 -25321.782842  54194.081336  -2657.861133              
*  2025  5 20  3 34   0.00000000                            
PL51  -3853.307391  -1624.457524 -11569.253152              
VL51 -23437.516689  55109.372359    310.735652              
*  2025  5 20  3 36   0.00000000                            
PL51  -4122.821004   -958.645505 -11547.703099              
VL51 -21467.970430  55825.817605   3280.355708              
*  2025  5 20  3 38   0.00000000                            
PL51  -4368.234719   -285.448514 -11490.556770              
VL51 -19422.442968  56339.632496   6241.936992              
*  2025  5 20  3 40   0.00000000                            
PL51  -4588.694061    392.682935 -11397.965023              
VL51 -17310.530017  56647.785682   9186.415839              
*  2025  5 20  3 42   0.00000000                            
PL51  -4783.461282   1073.266556 -11270.187362              
VL51 -15142.084471  56748.016002  12104.752924              
*  2025  5 20  3 44   0.00000000                            
PL51  -4951.918213   1753.797624 -11107.591484              
VL51 -12927.175582  56638.846838  14987.959521              
*  2025  5 20  3 46   0.00000000                            
PL51  -5093.568602   2431.758462 -10910.652514              
VL51 -10676.047072  56319.597751  17827.124016              
*  2025  5 20  3 48   0.00000000                            
PL51  -5208.039956   3104.628050 -10679.951922              
VL51  -8399.074282  55790.393288  20613.438609              
*  2025  5 20  3 50   0.00000000                            
PL51  -5295.084857   3769.891722 -10416.176113              
VL51  -6106.720531  55052.168870  23338.226169              
*  2025  5 20  3 52   0.00000000                            
PL51  -5354.581754   4425.050919 -10120.114700              
VL51  -3809.492792  54106.673639  25992.967155              
*  2025  5 20  3 54   0.00000000                            
PL51  -5386.535219   5067.632957  -9792.658451              
VL51  -1517.896877  52956.470196  28569.326547              
*  2025  5 20  3 56   0.00000000                            
PL51  -5391.075658   5695.200763  -9434.796911              
VL51    757.607734  51604.931130  31059.180688              
*  2025  5 20  3 58   0.00000000                            
PL51  -5368.458489   6305.362567  -9047.615708              
VL51   3006.653221  50056.232265  33454.643961              
*  2025  5 20  4  0   0.00000000                            
PL51  -5319.062767   6895.781477  -8632.293537              
VL51   5219.008737  48315.342585  35748.095179              
*  2025  5 20  4  2   0.00000000                            
PL51  -5243.389266   7464.184925  -8190.098830              
VL51   7384.625515  46388.010758  37932.203614              
*  2025  5 20  4  4   0.00000000                            
PL51  -5142.058034   8008.373921  -7722.386119              
VL51   9493.681557  44280.748264  39999.954522              
*  2025  5 20  4  6   0.00000000                            
PL51  -5015.805400   8526.232087  -7230.592089              
VL51  11536.625706  42000.809086  41944.674074              
*  2025  5 20  4  8   0.00000000                            
PL51  -4865.480462   9015.734437  -6716.231345              
VL51  13504.220890  39556.165994  43760.053547              
*  2025  5 20  4 10   0.00000000                            
PL51  -4692.041071   9474.955831  -6180.891891              
VL51  15387.586308  36955.483423  45440.172682              
*  2025  5 20  4 12   0.00000000                            
PL51  -4496.549303   9902.079105  -5626.230329              
VL51  17178.238358  34208.087014  46979.522042              
*  2025  5 20  4 14   0.00000000                            
PL51  -4280.166456  10295.402802  -5053.966802              
VL51  18868.130067  31323.929863  48373.024282              
*  2025  5 20  4 16   0.00000000                            
PL51  -4044.147583  10653.348484  -4465.879689              
VL51  20449.688804  28313.555589  49616.054165              
*  2025  5 20  4 18   0.00000000                            
PL51  -3789.835580  10974.467580  -3863.800065              
VL51  21915.852073  25188.058323  50704.457213              
*  2025  5 20  4 20   0.00000000                            
PL51  -3518.654867  11257.447740  -3249.605948              
VL51  23260.101141  21959.039765  51634.566858              
*  2025  5 20  4 22   0.00000000                            
PL51  -3232.104666  11501.118651  -2625.216346              
VL51  24476.492316  18638.563466  52403.219971              
*  2025  5 20  4 24   0.00000000                            
PL51  -2931.751928  11704.457294  -1992.585139              
VL51  25559.685660  15239.106544  53007.770651              
*  2025  5 20  4 26   0.00000000                            
PL51  -2619.223930  11866.592605  -1353.694789              
VL51  26504.970945  11773.509022  53446.102158              
*  2025  5 20  4 28   0.00000000                            
PL51  -2296.200578  11986.809516   -710.549936              
VL51  27308.290689   8254.921049  53716.636897              
*  2025  5 20  4 30   0.00000000                            
PL51  -1964.406448  12064.552345    -65.170876              
VL51  27966.260082   4696.748250  53818.344346              
*  2025  5 20  4 32   0.00000000                            
PL51  -1625.602614  12099.427535    580.413044              
VL51  28476.183689   1112.595510  53750.746873              
*  2025  5 20  4 34   0.00000000                            
PL51  -1281.578289  12091.205692   1224.170081              
VL51  28836.068775  -2483.790531  53513.923358              
*  2025  5 20  4 36   0.00000000                            
PL51   -934.142335  12039.822944   1864.072784              
VL51  29044.635186  -6078.579931  53108.510605              
*  2025  5 20  4 38   0.00000000                            
PL51   -585.114662  11945.381580   2498.104690              
VL51  29101.321684  -9657.918541  52535.702501              
*  2025  5 20  4 40   0.00000000                            
PL51   -236.317589  11808.149989   3124.266991              
VL51  29006.288708 -13207.987398  51797.246938              
*  2025  5 20  4 42   0.00000000                            
PL51    110.432818  11628.561877   3740.585151              
VL51  28760.417523 -16715.062114  50895.440495              
*  2025  5 20  4 44   0.00000000                            
PL51    453.335373  11407.214783   4345.115450              
VL51  28365.305766 -20165.571908  49833.120925              
*  2025  5 20  4 46   0.00000000                            
PL51    790.612324  11144.867878   4935.951418              
VL51  27823.259414 -23546.157993  48613.657459              
*  2025  5 20  4 48   0.00000000                            
PL51   1120.517780  10842.439083   5511.230151              
VL51  27137.281210 -26843.730983  47240.939005              
*  2025  5 20  4 50   0.00000000                            
PL51   1441.345994  10501.001489   6069.138457              
VL51  26311.055623 -30045.527020  45719.360286              
*  2025  5 20  4 52   0.00000000                            
PL51   1751.439430  10121.779130   6607.918842              
VL51  25348.930429 -33139.162326  44053.805994              
*  2025  5 20  4 54   0.00000000                            
PL51   2049.196599   9706.142099   7125.875275              
VL51  24255.895026 -36112.685872  42249.633058              
*  2025  5 20  4 56   0.00000000                            
PL51   2333.079614   9255.601052   7621.378750              
VL51  23037.555611 -38954.629913  40312.651115              
*  2025  5 20  4 58   0.00000000                            
PL51   2601.621423   8771.801115   8092.872584              
VL51  21700.107392 -41654.058107  38249.101314              
*  2025  5 20  5  0   0.00000000                            
PL51   2853.432699   8256.515234   8538.877466              
VL51  20250.303978 -44200.611007  36065.633573              
*  2025  5 20  5  2   0.00000000                            
PL51   3087.208346   7711.636993   8957.996216              
VL51  18695.424164 -46584.548703  33769.282413              
*  2025  5 20  5  4   0.00000000                            
PL51   3301.733585   7139.172935   9348.918248              
VL51  17043.236287 -48796.790429  31367.441521              
*  2025  5 20  5  6   0.00000000                            
PL51   3495.889608   6541.234437   9710.423724              
VL51  15301.960380 -50828.950988  28867.837167              
*  2025  5 20  5  8   0.00000000                            
PL51   3668.658758   5920.029155  10041.387380              
VL51  13480.228331 -52673.373838  26278.500613              
*  2025  5 20  5 10   0.00000000                            
PL51   3819.129226   5277.852105  10340.782014              
VL51  11587.042281 -54323.160743  23607.739655              
*  2025  5 20  5 12   0.00000000                            
PL51   3946.499234   4617.076396  10607.681631              
VL51   9631.731471 -55772.197878  20864.109426              
*  2025  5 20  5 14   0.00000000                            
PL51   4050.080696   3940.143684  10841.264233              
VL51   7623.907796 -57015.178327  18056.382604              
*  2025  5 20  5 16   0.00000000                            
PL51   4129.302338   3249.554371  11040.814250              
VL51   5573.420279 -58047.620915  15193.519143              
*  2025  5 20  5 18   0.00000000                            
PL51   4183.712265   2547.857600  11205.724599              
VL51   3490.308706 -58865.885350  12284.635667              
*  2025  5 20  5 20   0.00000000                            
PL51   4212.979970   1837.641093  11335.498386              
VL51   1384.756651 -59467.183661   9338.974647              
*  2025  5 20  5 22   0.00000000                            
PL51   4216.897774   1121.520874  11429.750224              
VL51   -732.955878 -59849.587942   6365.873473              
*  2025  5 20  5 24   0.00000000                            
PL51   4195.381700    402.130920  11488.207191              
VL51  -2852.499950 -60012.034432   3374.733534              
*  2025  5 20  5 26   0.00000000                            
PL51   4148.471774   -317.887219  11510.709413              
VL51  -4963.545168 -59954.323961    374.989410              
*  2025  5 20  5 28   0.00000000                            
PL51   4076.331760  -1035.894772  11497.210273              
VL51  -7055.806850 -59677.118816  -2623.921726              
*  2025  5 20  5 30   0.00000000                            
PL51   3979.248329  -1749.266056  11447.776269              
VL51  -9119.092728 -59181.936094  -5612.590409              
*  2025  5 20  5 32   0.00000000                            
PL51   3857.629675  -2455.398673  11362.586492              
VL51 -11143.348968 -58471.137604  -8581.664783              
*  2025  5 20  5 34   0.00000000                            
PL51   3712.003581  -3151.723568  11241.931765              
VL51 -13118.705316 -57547.916414 -11521.880023              
*  2025  5 20  5 36   0.00000000                            
PL51   3543.014951  -3835.714910  11086.213421              
VL51 -15035.519164 -56416.280135 -14424.087188              
*  2025  5 20  5 38   0.00000000                            
PL51   3351.422819  -4504.899746  10895.941745              
VL51 -16884.418386 -55081.031057 -17279.281426              
*  2025  5 20  5 40   0.00000000                            
PL51   3138.096854  -5156.867409  10671.734076              
VL51 -18656.342737 -53547.743249 -20078.629445              
*  2025  5 20  5 42   0.00000000                            
PL51   2904.013376  -5789.278622  10414.312590              
VL51 -20342.583677 -51822.736769 -22813.496194              
*  2025  5 20  5 44   0.00000000                            
PL51   2650.250908  -6399.874283  10124.501766              
VL51 -21934.822467 -49913.049112 -25475.470669              
*  2025  5 20  5 46   0.00000000                            
PL51   2377.985276  -6986.483892   9803.225543              
VL51 -23425.166374 -47826.404058 -28056.390793              
*  2025  5 20  5 48   0.00000000                            
PL51   2088.484288  -7547.033582   9451.504196              
VL51 -24806.182887 -45571.178061 -30548.367328              
*  2025  5 20  5 50   0.00000000                            
PL51   1783.102024  -8079.553744   9070.450913              
VL51 -26070.931798 -43156.364346 -32943.806746              
*  2025  5 20  5 52   0.00000000                            
PL51   1463.272739  -8582.186198   8661.268126              
VL51 -27212.995044 -40591.534860 -35235.433036              
*  2025  5 20  5 54   0.00000000                            
PL51   1130.504434  -9053.190901   8225.243565              
VL51 -28226.504212 -37886.800254 -37416.308398              
*  2025  5 20  5 56   0.00000000                            
PL51    786.372106  -9490.952160   7763.746091              
VL51 -29106.165606 -35052.768042 -39479.852774              
*  2025  5 20  5 58   0.00000000                            
PL51    432.510717  -9893.984338   7278.221284              
VL51 -29847.282782 -32100.499128 -41419.862183              
*  2025  5 20  6  0   0.00000000                            
PL51     70.607896 -10260.937027   6770.186829              
VL51 -30445.776492 -29041.462857 -43230.525820              
*  2025  5 20  6  2   0.00000000                            
PL51   -297.603561 -10590.599667   6241.227704              
VL51 -30898.201949 -25887.490779 -44906.441876              
*  2025  5 20  6  4   0.00000000                            
PL51   -670.353408 -10881.905617   5692.991178              
VL51 -31201.763369 -22650.729313 -46442.632051              
*  2025  5 20  6  6   0.00000000                            
PL51  -1045.841798 -11133.935640   5127.181656              
VL51 -31354.325744 -19343.591498 -47834.554724              
*  2025  5 20  6  8   0.00000000                            
PL51  -1422.247279 -11345.920812   4545.555360              
VL51 -31354.423800 -15978.708008 -49078.116754              
*  2025  5 20  6 10   0.00000000                            
PL51  -1797.734865 -11517.244833   3949.914887              
VL51 -31201.268139 -12568.877652 -50169.683883              
*  2025  5 20  6 12   0.00000000                            
PL51  -2170.464169 -11647.445750   3342.103646              
VL51 -30894.748527  -9127.017535 -51106.089728              
*  2025  5 20  6 14   0.00000000                            
PL51  -2538.597561 -11736.217076   2724.000197              
VL51 -30435.434365  -5666.113079 -51884.643338              
*  2025  5 20  6 16   0.00000000                            
PL51  -2900.308313 -11783.408308   2097.512508              
VL51 -29824.572322  -2199.168114 -52503.135313              
*  2025  5 20  6 18   0.00000000                            
PL51  -3253.788692 -11789.024852   1464.572144              
VL51 -29064.081201   1260.844776 -52959.842475              
*  2025  5 20  6 20   0.00000000                            
PL51  -3597.257990 -11753.227349    827.128418              
VL51 -28156.544034   4701.033452 -53253.531108              
*  2025  5 20  6 22   0.00000000                            
PL51  -3928.970426 -11676.330423    187.142497              
VL51 -27105.197506   8108.634791 -53383.458764              
*  2025  5 20  6 24   0.00000000                            
PL51  -4247.222917 -11558.800839   -453.418490              
VL51 -25913.918722  11471.062443 -53349.374659              
*  2025  5 20  6 26   0.00000000                            
PL51  -4550.362672 -11401.255106  -1092.587352              
VL51 -24587.209426  14775.953597 -53151.518680              
*  2025  5 20  6 28   0.00000000                            
PL51  -4836.794575 -11204.456514  -1728.402708              
VL51 -23130.177733  18011.214606 -52790.619019              
*  2025  5 20  6 30   0.00000000                            
PL51  -5104.988347 -10969.311643  -2358.914830              
VL51 -21548.517452  21165.065304 -52267.888468              
*  2025  5 20  6 32   0.00000000                            
PL51  -5353.485432 -10696.866335  -2982.191424              
VL51 -19848.485121  24226.081863 -51585.019390              
*  2025  5 20  6 34   0.00000000                            
PL51  -5580.905608 -10388.301176  -3596.323352              
VL51 -18036.874823  27183.238062 -50744.177424              
*  2025  5 20  6 36   0.00000000                            
PL51  -5785.953268 -10044.926481  -4199.430265              
VL51 -16120.990924  30025.944805 -49747.993922              
*  2025  5 20  6 38   0.00000000                            
PL51  -5967.423375  -9668.176821  -4789.666143              
VL51 -14108.618828  32744.087790 -48599.557203              
*  2025  5 20  6 40   0.00000000                            
PL51  -6124.207050  -9259.605114  -5365.224717              
VL51 -12007.993878  35328.063193 -47302.402626              
*  2025  5 20  6 42   0.00000000                            
PL51  -6255.296773  -8820.876288  -5924.344772              
VL51  -9827.768535  37768.811279 -45860.501564              
*  2025  5 20  6 44   0.00000000                            
PL51  -6359.791184  -8353.760566  -6465.315304              
VL51  -7576.977950  40057.847827 -44278.249297              
*  2025  5 20  6 46   0.00000000                            
PL51  -6436.899466  -7860.126384  -6986.480530              
VL51  -5265.004083  42187.293314 -42560.451901              
*  2025  5 20  6 48   0.00000000                            
PL51  -6485.945276  -7341.932966  -7486.244737              
VL51  -2901.538471  44149.899757 -40712.312153              
*  2025  5 20  6 50   0.00000000                            
PL51  -6506.370238  -6801.222600  -7963.076950              
VL51   -496.543800  45939.075183 -38739.414520              
*  2025  5 20  6 52   0.00000000                            
PL51  -6497.736958  -6240.112630  -8415.515416              
VL51   1939.785584  47548.905645 -36647.709259              
*  2025  5 20  6 54   0.00000000                            
PL51  -6459.731563  -5660.787200  -8842.171901              
VL51   4397.064117  48974.174764 -34443.495680              
*  2025  5 20  6 56   0.00000000                            
PL51  -6392.165746  -5065.488780  -9241.735768              
VL51   6864.756246  50210.380723 -32133.404608              
*  2025  5 20  6 58   0.00000000                            
PL51  -6294.978320  -4456.509500  -9612.977845              
VL51   9332.218329  51253.750725 -29724.380087              
*  2025  5 20  7  0   0.00000000                            
PL51  -6168.236256  -3836.182328  -9954.754078              
VL51  11788.741072  52101.252852 -27223.660354              
*  2025  5 20  7  2   0.00000000                            
PL51  -6012.135218  -3206.872125 -10266.008935              
VL51  14223.592359  52750.605325 -24638.758125              
*  2025  5 20  7  4   0.00000000                            
PL51  -5826.999576  -2570.966594 -10545.778584              
VL51  16626.060345  53200.283146 -21977.440234              
*  2025  5 20  7  6   0.00000000                            
PL51  -5613.281905  -1930.867180 -10793.193815              
VL51  18985.496683  53449.522106 -19247.706641              
*  2025  5 20  7  8   0.00000000                            
PL51  -5371.561963  -1288.979922 -11007.482706              
VL51  21291.359737  53498.320170 -16457.768855              
*  2025  5 20  7 10   0.00000000                            
PL51  -5102.545151   -647.706318 -11187.973035              
VL51  23533.257667  53347.436237 -13616.027803              
*  2025  5 20  7 12   0.00000000                            
PL51  -4807.060462     -9.434211 -11334.094415              
VL51  25700.991232  52998.386267 -10731.051153              
*  2025  5 20  7 14   0.00000000                            
PL51  -4486.057907    623.471262 -11445.380152              
VL51  27784.596198  52453.436814  -7811.550140              
*  2025  5 20  7 16   0.00000000                            
PL51  -4140.605453   1248.676617 -11521.468834              
VL51  29774.385203  51715.595947  -4866.355899              
*  2025  5 20  7 18   0.00000000                            
PL51  -3771.885445   1863.888862 -11562.105620              
VL51  31660.988946  50788.601592  -1904.395340              
*  2025  5 20  7 20   0.00000000                            
PL51  -3381.190550   2466.864168 -11567.143244              
VL51  33435.396564  49676.907307   1065.333427              
*  2025  5 20  7 22   0.00000000                            
PL51  -2969.919216   3055.416363 -11536.542720              
VL51  35088.995055  48385.665504   4033.786073              
*  2025  5 20  7 24   0.00000000                            
PL51  -2539.570669   3627.425197 -11470.373744              
VL51  36613.607599  46920.708146   6991.897426              
*  2025  5 20  7 26   0.00000000                            
PL51  -2091.739453   4180.844377 -11368.814792              
VL51  38001.530633  45288.524939   9930.607211              
*  2025  5 20  7 28   0.00000000                            
PL51  -1628.109537   4713.709310 -11232.152901              
VL51  39245.569517  43496.239054  12840.886102              
*  2025  5 20  7 30   0.00000000                            
PL51  -1150.447999   5224.144552 -11060.783147              
VL51  40339.072655  41551.580414  15713.762068              
*  2025  5 20  7 32   0.00000000                            
PL51   -660.598316   5710.370912 -10855.207789              
VL51  41275.963892  39462.856590  18540.346948              
*  2025  5 20  7 34   0.00000000                            
PL51   -160.473272   6170.712202 -10616.035110              
VL51  42050.773040  37238.921356  21311.863218              
*  2025  5 20  7 36   0.00000000                            
PL51    347.952484   6603.601586 -10343.977925              
VL51  42658.664359  34889.140966  24019.670869              
*  2025  5 20  7 38   0.00000000                            
PL51    862.650216   7007.587523 -10039.851767              
VL51  43095.462848  32423.358225  26655.294354              
*  2025  5 20  7 40   0.00000000                            
PL51   1381.545171   7381.339252  -9704.572758              
VL51  43357.678163  29851.854441  29210.449501              
*  2025  5 20  7 42   0.00000000                            
PL51   1902.524930   7723.651822  -9339.155145              
VL51  43442.526020  27185.309340  31677.070328              
*  2025  5 20  7 44   0.00000000                            
PL51   2423.447994   8033.450618  -8944.708524              
VL51  43347.946913  24434.759074  34047.335664              
*  2025  5 20  7 46   0.00000000                            
PL51   2942.152578   8309.795383  -8522.434745              
VL51  43072.622011  21611.552423  36313.695468              
*  2025  5 20  7 48   0.00000000                            
PL51   3456.465581   8551.883690  -8073.624503              
VL51  42615.986078  18727.305345  38468.896753              
*  2025  5 20  7 50   0.00000000                            
PL51   3964.211694   8759.053875  -7599.653619              
VL51  41978.237281  15793.854022  40506.008988              
*  2025  5 20  7 52   0.00000000                            
PL51   4463.222598   8930.787389  -7101.979020              
VL51  41160.343770  12823.206564  42418.448874              
*  2025  5 20  7 54   0.00000000                            
PL51   4951.346232   9066.710564  -6582.134430              
VL51  40164.046918   9827.493566  44200.004345              
*  2025  5 20  7 56   0.00000000                            
PL51   5426.456070   9166.595784  -6041.725772              
VL51  38991.861109   6818.917713  45844.857698              
*  2025  5 20  7 58   0.00000000                            
PL51   5886.460380   9230.362040  -5482.426309              
VL51  37647.070023   3809.702646  47347.607686              
*  2025  5 20  8  0   0.00000000                            
PL51   6329.311415   9258.074876  -4905.971510              
VL51  36133.719325    812.041324  48703.290467              
*  2025  5 20  8  2   0.00000000                            
PL51   6753.014496   9249.945708  -4314.153689              
VL51  34456.605754  -2161.955880  49907.399261              
*  2025  5 20  8  4   0.00000000                            
PL51   7155.636941   9206.330522  -3708.816407              
VL51  32621.262569  -5100.313094  50955.902596              
*  2025  5 20  8  6   0.00000000                            
PL51   7535.316795   9127.727946  -3091.848665              
VL51  30633.941376  -7991.240606  51845.261004              
*  2025  5 20  8  8   0.00000000                            
PL51   7890.271327   9014.776715  -2465.178913              
VL51  28501.590369 -10823.186008  52572.442070              
*  2025  5 20  8 10   0.00000000                            
PL51   8218.805238   8868.252516  -1830.768875              
VL51  26231.829029 -13584.884535  53134.933697              
*  2025  5 20  8 12   0.00000000                            
PL51   8519.318550   8689.064238  -1190.607246              
VL51  23832.919392 -16265.408339  53530.755508              
*  2025  5 20  8 14   0.00000000                            
PL51   8790.314125   8478.249645   -546.703244              
VL51  21313.733964 -18854.214411  53758.468277              
*  2025  5 20  8 16   0.00000000                            
PL51   9030.404782   8236.970474     98.919929              
VL51  18683.720437 -21341.190887  53817.181323              
*  2025  5 20  8 18   0.00000000                            
PL51   9238.319975   7966.506996    744.231697              
VL51  15952.863358 -23716.701464  53706.557784              
*  2025  5 20  8 20   0.00000000                            
PL51   9412.911988   7668.252051   1387.200784              
VL51  13131.642926 -25971.627678  53426.817737              
*  2025  5 20  8 22   0.00000000                            
PL51   9553.161624   7343.704591   2025.801903              
VL51  10230.991121 -28097.408790  52978.739091              
*  2025  5 20  8 24   0.00000000                            
PL51   9658.183350   6994.462766   2658.022441              
VL51   7262.245393 -30086.079036  52363.656257              
*  2025  5 20  8 26   0.00000000                            
PL51   9727.229873   6622.216571   3281.869122              
VL51   4237.100152 -31930.302035  51583.456563              
*  2025  5 20  8 28   0.00000000                            
PL51   9759.696123   6228.740100   3895.374606              
VL51   1167.556325 -33623.402141  50640.574429              
*  2025  5 20  8 30   0.00000000                            
PL51   9755.122622   5815.883452   4496.604010              
VL51  -1934.130748 -35159.392558  49537.983319              
*  2025  5 20  8 32   0.00000000                            
PL51   9713.198215   5385.564307   5083.661318              
VL51  -5055.504777 -36533.000058  48279.185519              
*  2025  5 20  8 34   0.00000000                            
PL51   9633.762155   4939.759235   5654.695653              
VL51  -8183.963061 -37739.686175  46868.199793              
*  2025  5 20  8 36   0.00000000                            
PL51   9516.805531   4480.494769   6207.907389              
VL51 -11306.811790 -38775.664750  45309.546990              
*  2025  5 20  8 38   0.00000000                            
PL51   9362.472025   4009.838292   6741.554084              
VL51 -14411.321804 -39637.915763  43608.233687              
*  2025  5 20  8 40   0.00000000                            
PL51   9171.058003   3529.888779   7253.956199              
VL51 -17484.784521 -40324.195382  41769.733977              
*  2025  5 20  8 42   0.00000000                            
PL51   8943.011928   3042.767437   7743.502591              
VL51 -20514.567710 -40833.042211  39799.969488              
*  2025  5 20  8 44   0.00000000                            
PL51   8678.933117   2550.608305   8208.655752              
VL51 -23488.170841 -41163.779726  37705.287778              
*  2025  5 20  8 46   0.00000000                            
PL51   8379.569831   2055.548834   8647.956786              
VL51 -26393.279708 -41316.514922  35492.439213              
*  2025  5 20  8 48   0.00000000                            
PL51   8045.816711   1559.720514   9060.030099              
VL51 -29217.820065 -41292.133226  33168.552455              
*  2025  5 20  8 50   0.00000000                            
PL51   7678.711591   1065.239582   9443.587780              
VL51 -31950.009998 -41092.289736  30741.108715              
*  2025  5 20  8 52   0.00000000                            
PL51   7279.431674    574.197854   9797.433674              
VL51 -34578.410799 -40719.396877  28217.914889              
*  2025  5 20  8 54   0.00000000                            
PL51   6849.289125     88.653732  10120.467125              
VL51 -37091.976105 -40176.608591  25607.075720              
*  2025  5 20  8 56   0.00000000                            
PL51   6389.726074   -389.376585  10411.686378              
VL51 -39480.099086 -39467.801183  22916.965134              
*  2025  5 20  8 58   0.00000000                            
PL51   5902.309069   -857.927638  10670.191634              
VL51 -41732.657478 -38597.550974  20156.196864              
*  2025  5 20  9  0   0.00000000                            
PL51   5388.723001  -1315.092958  10895.187747              
VL51 -43840.056296 -37571.108908  17333.594512              
*  2025  5 20  9  2   0.00000000                            
PL51   4850.764539  -1759.032994  11085.986562              
VL51 -45793.268039 -36394.372283  14458.161158              
*  2025  5 20  9  4   0.00000000                            
PL51   4290.335084  -2187.982690  11242.008885              
VL51 -47583.870242 -35073.853787  11539.048653              
*  2025  5 20  9  6   0.00000000                            
PL51   3709.433304  -2600.258666  11362.786083              
VL51 -49204.080238 -33616.648015   8585.526717              
*  2025  5 20  9  8   0.00000000                            
PL51   3110.147257  -2994.265991  11447.961309              
VL51 -50646.787008 -32030.395673   5606.951951              
*  2025  5 20  9 10   0.00000000                            
PL51   2494.646159  -3368.504512  11497.290366              
VL51 -51905.580011 -30323.245665   2612.736910              
*  2025  5 20  9 12   0.00000000                            
PL51   1865.171821  -3721.574711  11510.642187              
VL51 -52974.774914 -28503.815277   -387.680693              
*  2025  5 20  9 14   0.00000000                            
PL51   1224.029790  -4052.183085  11487.998954              
VL51 -53849.436156 -26581.148664  -3384.868502              
*  2025  5 20  9 16   0.00000000                            
PL51    573.580254  -4359.147004  11429.455858              
VL51 -54525.396294 -24564.673871  -6369.429680              
*  2025  5 20  9 18   0.00000000                            
PL51    -83.771285  -4641.399059  11335.220487              
VL51 -54999.272108 -22464.158585  -9332.032633              
*  2025  5 20  9 20   0.00000000                            
PL51   -745.583495  -4897.990865  11205.611872              
VL51 -55268.477427 -20289.664852 -12263.440191              
*  2025  5 20  9 22   0.00000000                            
PL51  -1409.388843  -5128.096318  11041.059179              
VL51 -55331.232698 -18051.502947 -15154.538211              
*  2025  5 20  9 24   0.00000000                            
PL51  -2072.703312  -5331.014292  10842.100067              
VL51 -55186.571259 -15760.184611 -17996.363507              
*  2025  5 20  9 26   0.00000000                            
PL51  -2733.036182  -5506.170775  10609.378711              
VL51 -54834.342363 -13426.375865 -20780.131068              
*  2025  5 20  9 28   0.00000000                            
PL51  -3387.899818  -5653.120436  10343.643502              
VL51 -54275.210922 -11060.849569 -23497.260493              
*  2025  5 20  9 30   0.00000000                            
PL51  -4034.819442  -5771.547623  10045.744443              
VL51 -53510.654028  -8674.437948 -26139.401585              
*  2025  5 20  9 32   0.00000000                            
PL51  -4671.342844  -5861.266789   9716.630232              
VL51 -52542.954260  -6277.985267 -28698.459037              
*  2025  5 20  9 34   0.00000000                            
PL51  -5295.049988  -5922.222355   9357.345063              
VL51 -51375.189823  -3882.300844 -31166.616150              
*  2025  5 20  9 36   0.00000000                            
PL51  -5903.562489  -5954.488012   8969.025146              
VL51 -50011.221589  -1498.112602 -33536.357512              
*  2025  5 20  9 38   0.00000000                            
PL51  -6494.552908  -5958.265470   8552.894957              
VL51 -48455.677102    863.978653 -35800.490593              
*  2025  5 20  9 40   0.00000000                            
PL51  -7065.753845  -5933.882658   8110.263244              
VL51 -46713.931643   3193.544059 -37952.166185              
*  2025  5 20  9 42   0.00000000                            
PL51  -7614.966781  -5881.791404   7642.518790              
VL51 -44792.086443   5480.370430 -39984.897667              
*  2025  5 20  9 44   0.00000000                            
PL51  -8140.070647  -5802.564585   7151.125947              
VL51 -42696.944162   7714.502747 -41892.579030              
*  2025  5 20  9 46   0.00000000                            
PL51  -8639.030080  -5696.892783   6637.619976              
VL51 -40435.981737   9886.285236 -43669.501648              
*  2025  5 20  9 48   0.00000000                            
PL51  -9109.903338  -5565.580457   6103.602176              
VL51 -38017.320723  11986.400888 -45310.369754              
*  2025  5 20  9 50   0.00000000                            
PL51  -9550.849847  -5409.541647   5550.734847              
VL51 -35449.695258  14005.909271 -46810.314596              
*  2025  5 20  9 52   0.00000000                            
PL51  -9960.137347  -5229.795236   4980.736087              
VL51 -32742.417771  15936.282498 -48164.907242              
*  2025  5 20  9 54   0.00000000                            
PL51 -10336.148619  -5027.459797   4395.374446              
VL51 -29905.342591  17769.439229 -49370.170014              
*  2025  5 20  9 56   0.00000000                            
PL51 -10677.387752  -4803.748040   3796.463447              
VL51 -26948.827594  19497.776578 -50422.586530              
*  2025  5 20  9 58   0.00000000                            
PL51 -10982.485953  -4559.960887   3185.855996              
VL51 -23883.694051  21114.199812 -51319.110327              
*  2025  5 20 10  0   0.00000000                            
PL51 -11250.206858  -4297.481212   2565.438703              
VL51 -20721.184845  22612.149749 -52057.172060              
*  2025  5 20 10  2   0.00000000                            
PL51 -11479.451329  -4017.767259   1937.126117              
VL51 -17472.921209  23985.627748 -52634.685266              
*  2025  5 20 10  4   0.00000000                            
PL51 -11669.261733  -3722.345777   1302.854905              
VL51 -14150.858199  25229.218217 -53050.050680              
*  2025  5 20 10  6   0.00000000                            
PL51 -11818.825670  -3412.804905    664.577986              
VL51 -10767.239052  26338.108563 -53302.159130              
*  2025  5 20 10  8   0.00000000                            
PL51 -11927.479159  -3090.786825     24.258641              
VL51  -7334.548619  27308.106541 -53390.392980              
*  2025  5 20 10 10   0.00000000                            
PL51 -11994.709249  -2757.980232   -616.135387              
VL51  -3865.466073  28135.654927 -53314.626188              
*  2025  5 20 10 12   0.00000000                            
PL51 -12020.156066  -2416.112634  -1254.637786              
VL51   -372.817070  28817.843513 -53075.222950              
*  2025  5 20 10 14   0.00000000                            
PL51 -12003.614281  -2066.942531  -1889.289543              
VL51   3130.474465  29352.418375 -52673.034991              
*  2025  5 20 10 16   0.00000000                            
PL51 -11945.034002  -1712.251501  -2518.144772              
VL51   6631.434720  29737.788431 -52109.397520              
*  2025  5 20 10 18   0.00000000                            
PL51 -11844.521079  -1353.836215  -3139.276484              
VL51  10117.088405  29973.029262 -51386.123882              
*  2025  5 20 10 20   0.00000000                            
PL51 -11702.336831   -993.500431  -3750.782287              
VL51  13574.506988  30057.884233 -50505.498941              
*  2025  5 20 10 22   0.00000000                            
PL51 -11518.897203   -633.046986  -4350.789996              
VL51  16990.856610  29992.762918 -49470.271239              
*  2025  5 20 10 24   0.00000000                            
PL51 -11294.771338   -274.269827  -4937.463147              
VL51  20353.445498  29778.736860 -48283.643953              
*  2025  5 20 10 26   0.00000000                            
PL51 -11030.679594     81.053900  -5509.006393              
VL51  23649.770738  29417.532709 -46949.264704              
*  2025  5 20 10 28   0.00000000                            
PL51 -10727.491000    431.171651  -6063.670767              
VL51  26867.564227  28911.522786 -45471.214252              
*  2025  5 20 10 30   0.00000000                            
PL51 -10386.220171    774.363165  -6599.758810              
VL51  29994.837671  28263.713110 -43853.994122              
*  2025  5 20 10 32   0.00000000                            
PL51 -10008.023679   1108.947987  -7115.629538              
VL51  33019.926476  27477.728983 -42102.513214              
*  2025  5 20 10 34   0.00000000                            
PL51  -9594.195916   1433.292796  -7609.703249              
VL51  35931.532392  26557.798176 -40222.073435              
*  2025  5 20 10 36   0.00000000                            
PL51  -9146.164450   1745.818526  -8080.466142              
VL51  38718.764794  25508.731806 -38218.354420              
*  2025  5 20 10 38   0.00000000                            
PL51  -8665.484887   2045.007238  -8526.474763              
VL51  41371.180471  24335.903002 -36097.397363              
*  2025  5 20 10 40   0.00000000                            
PL51  -8153.835279   2329.408726  -8946.360233              
VL51  43878.821809  23045.223426 -33865.588041              
*  2025  5 20 10 42   0.00000000                            
PL51  -7613.010071   2597.646830  -9338.832282              
VL51  46232.253263  21643.117758 -31529.639047              
*  2025  5 20 10 44   0.00000000                            
PL51  -7044.913628   2848.425427  -9702.683062              
VL51  48422.596052  20136.496252 -29096.571281              
*  2025  5 20 10 46   0.00000000                            
PL51  -6451.553353   3080.534086 -10036.790727              
VL51  50441.560940  18532.725436 -26573.694752              
*  2025  5 20 10 48   0.00000000                            
PL51  -5835.032431   3292.853355 -10340.122790              
VL51  52281.479057  16839.597090 -23968.588704              
*  2025  5 20 10 50   0.00000000                            
PL51  -5197.542205   3484.359674 -10611.739224              
VL51  53935.330668  15065.295586 -21289.081113              
*  2025  5 20 10 52   0.00000000                            
PL51  -4541.354223   3654.129883 -10850.795329              
VL51  55396.771809  13218.363700 -18543.227585              
*  2025  5 20 10 54   0.00000000                            
PL51  -3868.811987   3801.345305 -11056.544328              
VL51  56660.158728  11307.667018 -15739.289669              
*  2025  5 20 10 56   0.00000000                            
PL51  -3182.322407   3925.295404 -11228.339706              
VL51  57720.570046   9342.357025 -12885.712626              
*  2025  5 20 10 58   0.00000000                            
PL51  -2484.347018   4025.380988 -11365.637283              
VL51  58573.826596   7331.833013  -9991.102663              
*  2025  5 20 11  0   0.00000000                            
PL51  -1777.392961   4101.116948 -11467.997001              
VL51  59216.508844   5285.702901  -7064.203665              
*  2025  5 20 11  2   0.00000000                            
PL51  -1064.003780   4152.134521 -11535.084436              
VL51  59645.971845   3213.743106  -4113.873427              
*  2025  5 20 11  4   0.00000000                            
PL51   -346.750044   4178.183067 -11566.672021              
VL51  59860.357668   1125.857564  -1149.059432              
*  2025  5 20 11  6   0.00000000                            
PL51    371.780152   4179.131351 -11562.639973              
VL51  59858.605206   -967.963956   1821.225839              
*  2025  5 20 11  8   0.00000000                            
PL51   1088.990800   4154.968319 -11522.976924              
VL51  59640.457321  -3057.688128   4787.930003              
*  2025  5 20 11 10   0.00000000                            
PL51   1802.287651   4105.803366 -11447.780246              
VL51  59206.465244  -5133.280796   7741.986271              
*  2025  5 20 11 12   0.00000000                            
PL51   2509.087934   4031.866084 -11337.256071              
VL51  58557.990175  -7184.750001  10674.339309              
*  2025  5 20 11 14   0.00000000                            
PL51   3206.830064   3933.505501 -11191.718994              
VL51  57697.202016  -9202.189178  13575.971401              
*  2025  5 20 11 16   0.00000000                            
PL51   3892.983329   3811.188796 -11011.591466              
VL51  56627.075193 -11175.820350  16437.928891              
*  2025  5 20 11 18   0.00000000                            
PL51   4565.057504   3665.499497 -10797.402864              
VL51  55351.381511 -13096.037174  19251.348843              
*  2025  5 20 11 20   0.00000000                            
PL51   5220.612358   3497.135162 -10549.788242              
VL51  53874.680005 -14953.447661  22007.485856              
*  2025  5 20 11 22   0.00000000                            
PL51   5857.267031   3306.904557 -10269.486759              
VL51  52202.303756 -16738.916416  24697.738982              
*  2025  5 20 11 24   0.00000000                            
PL51   6472.709222   3095.724327  -9957.339784              
VL51  50340.343652 -18443.606198  27313.678668              
*  2025  5 20 11 26   0.00000000                            
PL51   7064.704172   2864.615166  -9614.288676              
VL51  48295.629062 -20059.018641  29847.073649              
*  2025  5 20 11 28   0.00000000                            
PL51   7631.103397   2614.697521  -9241.372249              
VL51  46075.705444 -21577.033946  32289.917714              
*  2025  5 20 11 30   0.00000000                            
PL51   8169.853129   2347.186810  -8839.723906              
VL51  43688.808876 -22989.949334  34634.456234              
*  2025  5 20 11 32   0.00000000                            
PL51   8679.002433   2063.388195  -8410.568464              
VL51  41143.837546 -24290.516101  36873.212376              
*  2025  5 20 11 34   0.00000000                            
PL51   9156.710972   1764.690922  -7955.218670              
VL51  38450.320234 -25471.975046  38999.012878              
*  2025  5 20 11 36   0.00000000                            
PL51   9601.256365   1452.562241  -7475.071397              
VL51  35618.381855 -26528.090102  41005.013284              
*  2025  5 20 11 38   0.00000000                            
PL51  10011.041123   1128.540937  -6971.603560              
VL51  32658.706119 -27453.179960  42884.722509              
*  2025  5 20 11 40   0.00000000                            
PL51  10384.599114    794.230491  -6446.367724              
VL51  29582.495431 -28242.147490  44632.026627              
*  2025  5 20 11 42   0.00000000                            
PL51  10720.601534    451.291913  -5900.987446              
VL51  26401.428120 -28890.506788  46241.211734              
*  2025  5 20 11 44   0.00000000                            
PL51  11017.862351    101.436248  -5337.152339              
VL51  23127.613156 -29394.407648  47706.985763              
*  2025  5 20 11 46   0.00000000                            
PL51  11275.343186   -253.583177  -4756.612885              
VL51  19773.542515 -29750.657288  49024.499126              
*  2025  5 20 11 48   0.00000000                            
PL51  11492.157615   -611.978765  -4161.175010              
VL51  16352.041357 -29956.739177  50189.364034              
*  2025  5 20 11 50   0.00000000                            
PL51  11667.574855   -971.936856  -3552.694433              
VL51  12876.216260 -30010.828799  51197.672378              
*  2025  5 20 11 52   0.00000000                            
PL51  11801.022826  -1331.626113  -2933.070808              
VL51   9359.401697 -29911.806234  52046.012045              
*  2025  5 20 11 54   0.00000000                            
PL51  11892.090554  -1689.206037  -2304.241686              
VL51   5815.105041 -29659.265422  52731.481545              
*  2025  5 20 11 56   0.00000000                            
PL51  11940.529909  -2042.835569  -1668.176307              
VL51   2256.950324 -29253.520022  53251.702844              
*  2025  5 20 11 58   0.00000000                            
PL51  11946.256664  -2390.681747  -1026.869249              
VL51  -1301.378933 -28695.605788  53604.832302              
*  2025  5 20 12  0   0.00000000                            
PL51  11909.350865  -2730.928365   -382.333965              
VL51  -4846.197560 -27987.279393  53789.569618              
*  2025  5 20 12  2   0.00000000                            
PL51  11830.056495  -3061.784601    263.403787              
VL51  -8363.876922 -27131.013677  53805.164709              
*  2025  5 20 12  4   0.00000000                            
PL51  11708.780454  -3381.493565    908.312573              
VL51 -11840.903138 -26129.989307  53651.422446              
*  2025  5 20 12  6   0.00000000                            
PL51  11546.090827  -3688.340725   1550.361960              
VL51 -15263.935022 -24988.082853  53328.705206              
*  2025  5 20 12  8   0.00000000                            
PL51  11342.714473  -3980.662165   2187.529213              
VL51 -18619.861405 -23709.851334  52837.933184              
*  2025  5 20 12 10   0.00000000                            
PL51  11099.533919  -4256.852645   2817.805976              
VL51 -21895.857532 -22300.513293  52180.582464              
*  2025  5 20 12 12   0.00000000                            
PL51  10817.583597  -4515.373406   3439.204924              
VL51 -25079.440197 -20765.926489  51358.680834              
*  2025  5 20 12 14   0.00000000                            
PL51  10498.045418  -4754.759692   4049.766342              
VL51 -28158.521315 -19112.562326  50374.801363              
*  2025  5 20 12 16   0.00000000                            
PL51  10142.243720  -4973.627943   4647.564622              
VL51 -31121.459623 -17347.477156  49232.053768              
*  2025  5 20 12 18   0.00000000                            
PL51   9751.639607  -5170.682628   5230.714642              
VL51 -33957.110230 -15478.280616  47934.073630              
*  2025  5 20 12 20   0.00000000                            
PL51   9327.824706  -5344.722680   5797.377995              
VL51 -36654.871743 -13513.101172  46485.009511              
*  2025  5 20 12 22   0.00000000                            
PL51   8872.514376  -5494.647504   6345.769064              
VL51 -39204.730725 -11460.549070  44889.508051              
*  2025  5 20 12 24   0.00000000                            
PL51   8387.540400  -5619.462522   6874.160896              
VL51 -41597.303253  -9329.676907  43152.697132              
*  2025  5 20 12 26   0.00000000                            
PL51   7874.843197  -5718.284233   7380.890867              
VL51 -43823.873371  -7129.938036  41280.167206              
*  2025  5 20 12 28   0.00000000                            
PL51   7336.463593  -5790.344766   7864.366114              
VL51 -45876.428256  -4871.143044  39277.950897              
*  2025  5 20 12 30   0.00000000                            
PL51   6774.534189  -5834.995894   8323.068708              
VL51 -47747.689931  -2563.414554  37152.500991              
*  2025  5 20 12 32   0.00000000                            
PL51   6191.270368  -5851.712501   8755.560558              
VL51 -49431.143392   -217.140585  34910.666937              
*  2025  5 20 12 34   0.00000000                            
PL51   5588.960993  -5840.095482   9160.488023              
VL51 -50921.061040   2157.073249  32559.670000              
*  2025  5 20 12 36   0.00000000                            
PL51   4969.958829  -5799.874062   9536.586218              
VL51 -52212.523338   4548.452469  30107.077194              
*  2025  5 20 12 38   0.00000000                            
PL51   4336.670739  -5730.907524   9882.683001              
VL51 -53301.435631   6946.103108  27560.774138              
*  2025  5 20 12 40   0.00000000                            
PL51   3691.547708  -5633.186350  10197.702630              
VL51 -54184.541103   9339.061504  24928.936969              
*  2025  5 20 12 42   0.00000000                            
PL51   3037.074727  -5506.832751  10480.669076              
VL51 -54859.429858  11716.344228  22220.003459              
*  2025  5 20 12 44   0.00000000                            
PL51   2375.760597  -5352.100611  10730.708985              
VL51 -55324.544147  14066.997935  19442.643472              
*  2025  5 20 12 46   0.00000000                            
PL51   1710.127690  -5169.374824  10947.054282              
VL51 -55579.179769  16380.148864  16605.728894              
*  2025  5 20 12 48   0.00000000                            
PL51   1042.701716  -4959.170049  11129.044418              
VL51 -55623.483708  18645.051781  13718.303164              
*  2025  5 20 12 50   0.00000000                            
PL51    376.001544  -4722.128873  11276.128238              
VL51 -55458.448089  20851.138141  10789.550546              
*  2025  5 20 12 52   0.00000000                            
PL51   -287.470887  -4459.019410  11387.865492              
VL51 -55085.900531  22988.063244   7828.765250              
*  2025  5 20 12 54   0.00000000                            
PL51   -945.240519  -4170.732336  11463.927962              
VL51 -54508.491017  25045.752202   4845.320511              
*  2025  5 20 12 56   0.00000000                            
PL51  -1594.868948  -3858.277386  11504.100231              
VL51 -53729.675391  27014.444525   1848.637747              
*  2025  5 20 12 58   0.00000000                            
PL51  -2233.963977  -3522.779315  11508.280074              
VL51 -52753.695610  28884.737133  -1151.844120              
*  2025  5 20 13  0   0.00000000                            
PL51  -2860.188915  -3165.473364  11476.478486              
VL51 -51585.556889  30647.625651  -4146.699081              
*  2025  5 20 13  2   0.00000000                            
PL51  -3471.271588  -2787.700239  11408.819346              
VL51 -50231.001880  32294.543804  -7126.544093              
*  2025  5 20 13  4   0.00000000                            
PL51  -4065.013017  -2390.900621  11305.538722              
VL51 -48696.482035  33817.400772 -10082.068708              
*  2025  5 20 13  6   0.00000000                            
PL51  -4639.295734  -1976.609253  11166.983830              
VL51 -46989.126314  35208.616376 -13004.064161              
*  2025  5 20 13  8   0.00000000                            
PL51  -5192.091720  -1546.448611  10993.611633              
VL51 -45116.707404  36461.153950 -15883.451867              
*  2025  5 20 13 10   0.00000000                            
PL51  -5721.469910  -1102.122196  10785.987121              
VL51 -43087.605617  37568.550790 -18711.311236              
*  2025  5 20 13 12   0.00000000                            
PL51  -6225.603257   -645.407477  10544.781245              
VL51 -40910.770645  38524.946082 -21478.906735              
*  2025  5 20 13 14   0.00000000                            
PL51  -6702.775329   -178.148513  10270.768540              
VL51 -38595.681360  39325.106201 -24177.714134              
*  2025  5 20 13 16   0.00000000                            
PL51  -7151.386403    297.751712   9964.824439              
VL51 -36152.303833  39964.447309 -26799.445874              
*  2025  5 20 13 18   0.00000000                            
PL51  -7569.959058    780.339203   9627.922282              
VL51 -33591.047770  40439.055170 -29336.075492              
*  2025  5 20 13 20   0.00000000                            
PL51  -7957.143227   1267.617103   9261.130041              
VL51 -30922.721552  40745.702140 -31779.861044              
*  2025  5 20 13 22   0.00000000                            
PL51  -8311.720703   1757.554013   8865.606772              
VL51 -28158.486066  40881.861257 -34123.367487              
*  2025  5 20 13 24   0.00000000                            
PL51  -8632.609090   2248.092470   8442.598806              
VL51 -25309.807530  40845.717412 -36359.487956              
*  2025  5 20 13 26   0.00000000                            
PL51  -8918.865182   2737.157546   7993.435683              
VL51 -22388.409505  40636.175571 -38481.463895              
*  2025  5 20 13 28   0.00000000                            
PL51  -9169.687752   3222.665520   7519.525862              
VL51 -19406.224276  40252.866024 -40482.904004              
*  2025  5 20 13 30   0.00000000                            
PL51  -9384.419772   3702.532598   7022.352203              
VL51 -16375.343818  39696.146662 -42357.801948              
*  2025  5 20 13 32   0.00000000                            
PL51  -9562.550028   4174.683647   6503.467252              
VL51 -13307.970523  38967.102289 -44100.552813              
*  2025  5 20 13 34   0.00000000                            
PL51  -9703.714149   4637.060893   5964.488328              
VL51 -10216.367887  38067.540985 -45705.968249              
*  2025  5 20 13 36   0.00000000                            
PL51  -9807.695049   5087.632571   5407.092440              
VL51  -7112.811354  36999.987549 -47169.290299              
*  2025  5 20 13 38   0.00000000                            
PL51  -9874.422774   5524.401464   4833.011048              
VL51  -4009.539492  35767.674051 -48486.203856              
*  2025  5 20 13 40   0.00000000                            
PL51  -9903.973769   5945.413328   4244.024681              
VL51   -918.705706  34374.527569 -49652.847752              
*  2025  5 20 13 42   0.00000000                            
PL51  -9896.569572   6348.765136   3641.957426              
VL51   2147.669353  32825.155139 -50665.824436              
*  2025  5 20 13 44   0.00000000                            
PL51  -9852.574936   6732.613140   3028.671321              
VL51   5177.744471  31124.826019 -51522.208246              
*  2025  5 20 13 46   0.00000000                            
PL51  -9772.495406   7095.180697   2406.060644              
VL51   8159.903503  29279.451334 -52219.552241              
*  2025  5 20 13 48   0.00000000                            
PL51  -9656.974346   7434.765833   1776.046135              
VL51  11082.799763  27295.561205 -52755.893613              
*  2025  5 20 13 50   0.00000000                            
PL51  -9506.789448   7749.748525   1140.569164              
VL51  13935.399015  25180.279463 -53129.757660              
*  2025  5 20 13 52   0.00000000                            
PL51  -9322.848732   8038.597662    501.585854              
VL51  16707.020921  22941.296055 -53340.160330              
*  2025  5 20 13 54   0.00000000                            
PL51  -9106.186060   8299.877661   -138.938812              
VL51  19387.378793  20586.837258 -53386.609343              
*  2025  5 20 13 56   0.00000000                            
PL51  -8857.956180   8532.254715   -779.036896              
VL51  21966.617504  18125.633848 -53269.103904              
*  2025  5 20 13 58   0.00000000                            
PL51  -8579.429334   8734.502643  -1416.743388              
VL51  24435.349437  15566.887333 -52988.133015              
*  2025  5 20 14  0   0.00000000                            
PL51  -8271.985437   8905.508331  -2050.102073              
VL51  26784.688338  12920.234411 -52544.672416              
*  2025  5 20 14  2   0.00000000                            
PL51  -7937.107873   9044.276733  -2677.171344              
VL51  29006.280974  10195.709798 -51940.180182              
*  2025  5 20 14  4   0.00000000                            
PL51  -7576.376920   9149.935412  -3296.029956              
VL51  31092.336479   7403.707574 -51176.590996              
*  2025  5 20 14  6   0.00000000                            
PL51  -7191.462833   9221.738619  -3904.782704              
VL51  33035.653318   4554.941223 -50256.309158              
*  2025  5 20 14  8   0.00000000                            
PL51  -6784.118629   9259.070878  -4501.566016              
VL51  34829.643772   1660.402500 -49182.200363              
*  2025  5 20 14 10   0.00000000                            
PL51  -6356.172582   9261.450072  -5084.553425              
VL51  36468.355903  -1268.680688 -47957.582287              
*  2025  5 20 14 12   0.00000000                            
PL51  -5909.520476   9228.530024  -5651.960940              
VL51  37946.492935  -4220.887249 -46586.214061              
*  2025  5 20 14 14   0.00000000                            
PL51  -5446.117641   9160.102550  -6202.052270              
VL51  39259.430017  -7184.646555 -45072.284643              
*  2025  5 20 14 16   0.00000000                            
PL51  -4967.970801   9056.098988  -6733.143905              
VL51  40403.228356 -10148.282628 -43420.400182              
*  2025  5 20 14 18   0.00000000                            
PL51  -4477.129772   8916.591201  -7243.610048              
VL51  41374.646684 -13100.058702 -41635.570394              
*  2025  5 20 14 20   0.00000000                            
PL51  -3975.679033   8741.792030  -7731.887366              
VL51  42171.150074 -16028.222036 -39723.194006              
*  2025  5 20 14 22   0.00000000                            
PL51  -3465.729213   8532.055223  -8196.479566              
VL51  42790.916097 -18921.048830 -37689.043313              
*  2025  5 20 14 24   0.00000000                            
PL51  -2949.408515   8287.874815  -8635.961787              
VL51  43232.838342 -21766.889097 -35539.247886              
*  2025  5 20 14 26   0.00000000                            
PL51  -2428.854118   8009.883973  -9048.984779              
VL51  43496.527279 -24554.211362 -33280.277475              
*  2025  5 20 14 28   0.00000000                            
PL51  -1906.203583   7698.853310  -9434.278880              
VL51  43582.308527 -27271.647066 -30918.924121              
*  2025  5 20 14 30   0.00000000                            
PL51  -1383.586289   7355.688664  -9790.657776              
VL51  43491.218528 -29908.034523 -28462.283541              
*  2025  5 20 14 32   0.00000000                            
PL51   -863.114951   6981.428354 -10117.022026              
VL51  43224.997652 -32452.462299 -25917.735783              
*  2025  5 20 14 34   0.00000000                            
PL51   -346.877218   6577.239920 -10412.362356              
VL51  42786.080776 -34894.311900 -23292.925223              
*  2025  5 20 14 36   0.00000000                            
PL51    163.072588   6144.416359 -10675.762707              
VL51  42177.585375 -37223.299616 -20595.739900              
*  2025  5 20 14 38   0.00000000                            
PL51    664.721577   5684.371858 -10906.403033              
VL51  41403.297166 -39429.517413 -17834.290246              
*  2025  5 20 14 40   0.00000000                            
PL51   1156.106216   5198.637045 -11103.561839              
VL51  40467.653353 -41503.472733 -15016.887221              
*  2025  5 20 14 42   0.00000000                            
PL51   1635.320035   4688.853775 -11266.618451              
VL51  39375.723538 -43436.127097 -12152.019896              
*  2025  5 20 14 44   0.00000000                            
PL51   2100.521085   4156.769450 -11395.055021              
VL51  38133.188338 -45218.933363  -9248.332499              
*  2025  5 20 14 46   0.00000000                            
PL51   2549.939134   3604.230914 -11488.458242              
VL51  36746.315777 -46843.871542  -6314.600957              
*  2025  5 20 14 48   0.00000000                            
PL51   2981.882565   3033.177912 -11546.520792              
VL51  35221.935522 -48303.483034  -3359.708951              
*  2025  5 20 14 50   0.00000000                            
PL51   3394.744945   2445.636163 -11569.042477              
VL51  33567.411021 -49590.903157   -392.623521              
*  2025  5 20 14 52   0.00000000                            
PL51   3787.011262   1843.710042 -11555.931082              
VL51  31790.609623 -50699.891859   2577.629761              
*  2025  5 20 14 54   0.00000000                            
PL51   4157.263771   1229.574914 -11507.202926              
VL51  29899.870757 -51624.862479   5541.992016              
*  2025  5 20 14 56   0.00000000                            
PL51   4504.187471    605.469128 -11422.983106              
VL51  27903.972247 -52360.908426   8491.396646              
*  2025  5 20 14 58   0.00000000                            
PL51   4826.575144    -26.314292 -11303.505435              
VL51  25812.094857 -52903.827676  11416.795258              
*  2025  5 20 15  0   0.00000000                            
PL51   5123.331977   -663.436236 -11149.112068              
VL51  23633.785162 -53250.144925  14309.183881              
*  2025  5 20 15  2   0.00000000                            
PL51   5393.479718  -1303.520351 -10960.252806              
VL51  21378.916834 -53397.131314  17159.629434              
*  2025  5 20 15  4   0.00000000                            
PL51   5636.160359  -1944.162106 -10737.484090              
VL51  19057.650460 -53342.821559  19959.296402              
*  2025  5 20 15  6   0.00000000                            
PL51   5850.639336  -2582.938037 -10481.467668              
VL51  16680.391998 -53086.028397  22699.473664              
*  2025  5 20 15  8   0.00000000                            
PL51   6036.308215  -3217.415163 -10192.968941              
VL51  14257.749999 -52626.354195  25371.601408              
*  2025  5 20 15 10   0.00000000                            
PL51   6192.686859  -3845.160515  -9872.854983              
VL51  11800.491723 -51964.199616  27967.298063              
*  2025  5 20 15 12   0.00000000                            
PL51   6319.425069  -4463.750749  -9522.092244              
VL51   9319.498303 -51100.769227  30478.387172              
*  2025  5 20 15 14   0.00000000                            
PL51   6416.303674  -5070.781815  -9141.743929              
VL51   6825.719101 -50038.073932  32896.924103              
*  2025  5 20 15 16   0.00000000                            
PL51   6483.235075  -5663.878629  -8732.967053              
VL51   4330.125438 -48778.930152  35215.222510              
*  2025  5 20 15 18   0.00000000                            
PL51   6520.263225  -6240.704716  -8297.009187              
VL51   1843.663864 -47326.955660  37425.880447              
*  2025  5 20 15 20   0.00000000                            
PL51   6527.563053  -6798.971788  -7835.204891              
VL51   -622.790831 -45686.562000  39521.806008              
*  2025  5 20 15 22   0.00000000                            
PL51   6505.439320  -7336.449206  -7348.971842              
VL51  -3058.482675 -43862.943450  41496.242397              
*  2025  5 20 15 24   0.00000000                            
PL51   6454.324911  -7850.973286  -6839.806665              
VL51  -5452.821431 -41862.062479  43342.792305              
*  2025  5 20 15 26   0.00000000                            
PL51   6374.778566  -8340.456414  -6309.280477              
VL51  -7795.429163 -39690.631678  45055.441471              
*  2025  5 20 15 28   0.00000000                            
PL51   6267.482056  -8802.895921  -5759.034157              
VL51 -10076.186221 -37356.092161  46628.581293              
*  2025  5 20 15 30   0.00000000                            
PL51   6133.236812  -9236.382682  -5190.773342              
VL51 -12285.276431 -34866.588460  48057.030376              
*  2025  5 20 15 32   0.00000000                            
PL51   5972.960017  -9639.109383  -4606.263181              
VL51 -14413.231229 -32230.939949  49336.054858              
*  2025  5 20 15 34   0.00000000                            
PL51   5787.680175 -10009.378433  -4007.322850              
VL51 -16450.972535 -29458.608868  50461.387402              
*  2025  5 20 15 36   0.00000000                            
PL51   5578.532179 -10345.609471  -3395.819844              
VL51 -18389.854088 -26559.665034  51429.244711              
*  2025  5 20 15 38   0.00000000                            
PL51   5346.751885 -10646.346430  -2773.664072              
VL51 -20221.701039 -23544.747374  52236.343447              
*  2025  5 20 15 40   0.00000000                            
PL51   5093.670229 -10910.264116  -2142.801774              
VL51 -21938.847542 -20425.022411  52879.914422              
*  2025  5 20 15 42   0.00000000                            
PL51   4820.706909 -11136.174280  -1505.209271              
VL51 -23534.172122 -17212.139885  53357.714973              
*  2025  5 20 15 44   0.00000000                            
PL51   4529.363645 -11323.031136   -862.886584              
VL51 -25001.130602 -13918.185712  53668.039390              
*  2025  5 20 15 46   0.00000000                            
PL51   4221.217071 -11469.936297   -217.850937              
VL51 -26333.786377 -10555.632493  53809.727335              
*  2025  5 20 15 48   0.00000000                            
PL51   3897.911277 -11576.143112    427.869826              
VL51 -27526.837848  -7137.287819  53782.170164              
*  2025  5 20 15 50   0.00000000                            
PL51   3561.150040 -11641.060364   1072.243889              
VL51 -28575.642830  -3676.240649  53585.315092              
*  2025  5 20 15 52   0.00000000                            
PL51   3212.688775 -11664.255314   1713.242150              
VL51 -29476.239781   -185.806016  53219.667154              
*  2025  5 20 15 54   0.00000000                            
PL51   2854.326265 -11645.456080   2348.844914              
VL51 -30225.365709   3320.531618  52686.288933              
*  2025  5 20 15 56   0.00000000                            
PL51   2487.896179 -11584.553319   2977.048569              
VL51 -30820.470649   6829.176068  51986.798034              
*  2025  5 20 15 58   0.00000000                            
PL51   2115.258455 -11481.601224   3595.872223              
VL51 -31259.728597  10326.477861  51123.362317              
*  2025  5 20 16  0   0.00000000                            
PL51   1738.290558 -11336.817803   4203.364266              
VL51 -31542.044856  13798.793089  50098.692893              
*  2025  5 20 16  2   0.00000000                            
PL51   1358.878682 -11150.584467   4797.608836              
VL51 -31667.059726  17232.542343  48916.034927              
*  2025  5 20 16  4   0.00000000                            
PL51    978.908927 -10923.444896   5376.732161              
VL51 -31635.148531  20614.269415  47579.156298              
*  2025  5 20 16  6   0.00000000                            
PL51    600.258492 -10656.103217   5938.908755              
VL51 -31447.417990  23930.699428  46092.334183              
*  2025  5 20 16  8   0.00000000                            
PL51    224.786944 -10349.421479   6482.367436              
VL51 -31105.698957  27168.796097  44460.339633              
*  2025  5 20 16 10   0.00000000                            
PL51   -145.672413 -10004.416453   7005.397153              
VL51 -30612.535584  30315.817810  42688.420254              
*  2025  5 20 16 12   0.00000000                            
PL51   -509.321014  -9622.255769   7506.352591              
VL51 -29971.170992  33359.372232  40782.281070              
*  2025  5 20 16 14   0.00000000                            
PL51   -864.403321  -9204.253405   7983.659537              
VL51 -29185.529553  36287.469150  38748.063704              
*  2025  5 20 16 16   0.00000000                            
PL51  -1209.214870  -8751.864550   8435.819984              
VL51 -28260.195895  39088.571318  36592.323981              
*  2025  5 20 16 18   0.00000000                            
PL51  -1542.110055  -8266.679883   8861.416965              
VL51 -27200.390776  41751.643023  34322.008083              
*  2025  5 20 16 20   0.00000000                            
PL51  -1861.509604  -7750.419265   9259.119080              
VL51 -26011.943987  44266.196182  31944.427398              
*  2025  5 20 16 22   0.00000000                            
PL51  -2165.907707  -7204.924915   9627.684728              
VL51 -24701.264459  46622.333741  29467.232185              
*  2025  5 20 16 24   0.00000000                            
PL51  -2453.878774  -6632.154063   9965.966008              
VL51 -23275.307749  48810.790199  26898.384207              
*  2025  5 20 16 26   0.00000000                            
PL51  -2724.083790  -6034.171147  10272.912288              
VL51 -21741.541121  50822.969117  24246.128462              
*  2025  5 20 16 28   0.00000000                            
PL51  -2975.276230  -5413.139578  10547.573431              
VL51 -20107.906409  52650.977437  21518.964155              
*  2025  5 20 16 30   0.00000000                            
PL51  -3206.307528  -4771.313101  10789.102666              
VL51 -18382.780897  54287.656539  18725.615040              
*  2025  5 20 16 32   0.00000000                            
PL51  -3416.132049  -4111.026821  10996.759106              
VL51 -16574.936415  55726.609913  15874.999267              
*  2025  5 20 16 34   0.00000000                            
PL51  -3603.811580  -3434.687907  11169.909895              
VL51 -14693.496878  56962.227376  12976.198852              
*  2025  5 20 16 36   0.00000000                            
PL51  -3768.519287  -2744.766023  11308.031989              
VL51 -12747.894501  57989.705776  10038.428887              
*  2025  5 20 16 38   0.00000000                            
PL51  -3909.543150  -2043.783545  11410.713572              
VL51 -10747.824895  58805.066141   7071.006628              
*  2025  5 20 16 40   0.00000000                            
PL51  -4026.288846  -1334.305579  11477.655089              
VL51  -8703.201287  59405.167236   4083.320543              
*  2025  5 20 16 42   0.00000000                            
PL51  -4118.282085   -618.929849  11508.669924              
VL51  -6624.108079  59787.715539   1084.799472              
*  2025  5 20 16 44   0.00000000                            
PL51  -4185.170385     99.723518  11503.684694              
VL51  -4520.753970  59951.271629  -1915.118035              
*  2025  5 20 16 46   0.00000000                            
PL51  -4226.724276    819.022264  11462.739184              
VL51  -2403.424860  59895.253019  -4907.014066              
*  2025  5 20 16 48   0.00000000                            
PL51  -4242.837948   1536.332281  11385.985922              
VL51   -282.436750  59619.933482  -7881.521324              
*  2025  5 20 16 50   0.00000000                            
PL51  -4233.529327   2249.027863  11273.689390              
VL51   1831.911158  59126.438911 -10829.352613              
*  2025  5 20 16 52   0.00000000                            
PL51  -4198.939599   2954.501892  11126.224893              
VL51   3929.382957  58416.739788 -13741.329784              
*  2025  5 20 16 54   0.00000000                            
PL51  -4139.332168   3650.175914  10944.077075              
VL51   5999.851927  57493.640320 -16608.412048              
*  2025  5 20 16 56   0.00000000                            
PL51  -4055.091080   4333.510054  10727.838110              
VL51   8033.345642  56360.764344 -19421.723591              
*  2025  5 20 16 58   0.00000000                            
PL51  -3946.718901   5002.012759  10478.205554              
VL51  10020.090106  55022.538071 -22172.580425              
*  2025  5 20 17  0   0.00000000                            
PL51  -3814.834082   5653.250305  10195.979892              
VL51  11950.552742  53484.169780 -24852.516408              
*  2025  5 20 17  2   0.00000000                            
PL51  -3660.167804   6284.856043   9882.061769              
VL51  13815.484056  51751.626578 -27453.308373              
*  2025  5 20 17  4   0.00000000                            
PL51  -3483.560343   6894.539355   9537.448926              
VL51  15605.957836  49831.608319 -29967.000306              
*  2025  5 20 17  6   0.00000000                            
PL51  -3285.956956   7480.094274   9163.232862              
VL51  17313.409709  47731.518835 -32385.926512              
*  2025  5 20 17  8   0.00000000                            
PL51  -3068.403318   8039.407748   8760.595206              
VL51  18929.673923  45459.434599 -34702.733732              
*  2025  5 20 17 10   0.00000000                            
PL51  -2832.040523   8570.467512   8330.803850              
VL51  20447.018215  43024.070953 -36910.402133              
*  2025  5 20 17 12   0.00000000                            
PL51  -2578.099690   9071.369536   7875.208821              
VL51  21858.176633  40434.746082 -39002.265154              
*  2025  5 20 17 14   0.00000000                            
PL51  -2307.896173   9540.325039   7395.237932              
VL51  23156.380198  37701.342853 -40972.028142              
*  2025  5 20 17 16   0.00000000                            
PL51  -2022.823432   9975.667021   6892.392215              
VL51  24335.385301  34834.268712 -42813.785757              
*  2025  5 20 17 18   0.00000000                            
PL51  -1724.346566  10375.856311   6368.241145              
VL51  25389.499728  31844.413778 -44522.038097              
*  2025  5 20 17 20   0.00000000                            
PL51  -1413.995550  10739.487097   5824.417692              
VL51  26313.606227  28743.107325 -46091.705530              
*  2025  5 20 17 22   0.00000000                            
PL51  -1093.358215  11065.291932   5262.613188              
VL51  27103.183540  25542.072807 -47518.142171              
*  2025  5 20 17 24   0.00000000                            
PL51   -764.072973  11352.146181   4684.572057              
VL51  27754.324825  22253.381620 -48797.148014              
*  2025  5 20 17 26   0.00000000                            
PL51   -427.821356  11599.071921   4092.086388              
VL51  28263.753407  18889.405777 -49924.979649              
*  2025  5 20 17 28   0.00000000                            
PL51    -86.320364  11805.241254   3486.990408              
VL51  28628.835807  15462.769684 -50898.359578              
*  2025  5 20 17 30   0.00000000                            
PL51    258.685310  11969.979046   2871.154836              
VL51  28847.592021  11986.301235 -51714.484094              
*  2025  5 20 17 32   0.00000000                            
PL51    605.431175  12092.765070   2246.481162              
VL51  28918.703012   8472.982390 -52371.029714              
*  2025  5 20 17 34   0.00000000                            
PL51    952.140899  12173.235561   1614.895849              
VL51  28841.515420   4935.899468 -52866.158173              
*  2025  5 20 17 36   0.00000000                            
PL51   1297.034318  12211.184165    978.344490              
VL51  28616.043473   1388.193337 -53198.519969              
*  2025  5 20 17 38   0.00000000                            
PL51   1638.335439  12206.562298    338.785929              
VL51  28242.968140  -2156.990314 -53367.256483              
*  2025  5 20 17 40   0.00000000                            
PL51   1974.280427  12159.478905   -301.813638              
VL51  27723.633527  -5686.550411 -53372.000673              
*  2025  5 20 17 42   0.00000000                            
PL51   2303.125523  12070.199631   -941.486556              
VL51  27060.040574  -9187.479469 -53212.876385              
*  2025  5 20 17 44   0.00000000                            
PL51   2623.154877  11939.145409  -1578.269591              
VL51  26254.838090 -12646.911920 -52890.496287              
*  2025  5 20 17 46   0.00000000                            
PL51   2932.688256  11766.890467  -2210.209780              
VL51  25311.311182 -16052.171635 -52405.958468              
*  2025  5 20 17 48   0.00000000                            
PL51   3230.088595  11554.159777  -2835.370223              
VL51  24233.367155 -19390.818471 -51760.841731              
*  2025  5 20 17 50   0.00000000                            
PL51   3513.769371  11301.825952  -3451.835825              
VL51  23025.518936 -22650.693698 -50957.199610              
*  2025  5 20 17 52   0.00000000                            
PL51   3782.201754  11010.905595  -4057.718943              
VL51  21692.866111 -25819.964142 -49997.553135              
*  2025  5 20 17 54   0.00000000                            
PL51   4033.921525  10682.555143  -4651.164951              
VL51  20241.073661 -28887.164922 -48884.882408              
*  2025  5 20 17 56   0.00000000                            
PL51   4267.535720  10318.066195  -5230.357691              
VL51  18676.348486 -31841.240621 -47622.616994              
*  2025  5 20 17 58   0.00000000                            
PL51   4481.728984   9918.860357  -5793.524804              
VL51  17005.413821 -34671.584783 -46214.625194              
*  2025  5 20 18  0   0.00000000                            
PL51   4675.269599   9486.483632  -6338.942923              
VL51  15235.481647 -37368.077596 -44665.202227              
*  2025  5 20 18  2   0.00000000                            
PL51   4847.015179   9022.600360  -6864.942723              
VL51  13374.223212 -39921.121667 -42979.057384              
*  2025  5 20 18  4   0.00000000                            
PL51   4995.917993   8528.986746  -7369.913806              
VL51  11429.737777 -42321.675773 -41161.300178              
*  2025  5 20 18  6   0.00000000                            
PL51   5121.029904   8007.523993  -7852.309414              
VL51   9410.519714 -44561.286512 -39217.425561              
*  2025  5 20 18  8   0.00000000                            
PL51   5221.506910   7460.191070  -8310.650967              
VL51   7325.424058 -46632.117759 -37153.298238              
*  2025  5 20 18 10   0.00000000                            
PL51   5296.613250   6889.057136  -8743.532394              
VL51   5183.630665 -48526.977868 -34975.136120              
*  2025  5 20 18 12   0.00000000                            
PL51   5345.725089   6296.273662  -9149.624273              
VL51   2994.607076 -50239.344548 -32689.492970              
*  2025  5 20 18 14   0.00000000                            
PL51   5368.333736   5684.066253  -9527.677752              
VL51    768.070233 -51763.387336 -30303.240280              
*  2025  5 20 18 16   0.00000000                            
PL51   5364.048404   5054.726228  -9876.528250              
VL51  -1486.052845 -53093.987665 -27823.548401              
*  2025  5 20 18 18   0.00000000                            
PL51   5332.598490   4410.601969 -10195.098926              
VL51  -3757.665274 -54226.756426 -25257.866989              
*  2025  5 20 18 20   0.00000000                            
PL51   5273.835368   3754.090074 -10482.403907              
VL51  -6036.541298 -55158.049022 -22613.904782              
*  2025  5 20 18 22   0.00000000                            
PL51   5187.733687   3087.626344 -10737.551280              
VL51  -8312.367915 -55884.977868 -19899.608753              
*  2025  5 20 18 24   0.00000000                            
PL51   5074.392164   2413.676640 -10959.745814              
VL51 -10574.787016 -56405.422309 -17123.142667              
*  2025  5 20 18 26   0.00000000                            
PL51   4934.033873   1734.727630 -11148.291438              
VL51 -12813.437910 -56718.035938 -14292.865066              
*  2025  5 20 18 28   0.00000000                            
PL51   4767.006017   1053.277469 -11302.593436              
VL51 -15018.000087 -56822.251293 -11417.306711              
*  2025  5 20 18 30   0.00000000                            
PL51   4573.779189    371.826436 -11422.160381              
VL51 -17178.236101 -56718.281903  -8505.147514              
*  2025  5 20 18 32   0.00000000                            
PL51   4354.946120   -307.132435 -11506.605783              
VL51 -19284.034436 -56407.121694  -5565.192961              
*  2025  5 20 18 34   0.00000000                            
PL51   4111.219909   -981.122708 -11555.649449              
VL51 -21325.452204 -55890.541712  -2606.350078              
*  2025  5 20 18 36   0.00000000                            
PL51   3843.431747  -1647.693831 -11569.118561              
VL51 -23292.757555 -55171.084179    362.397062              
*  2025  5 20 18 38   0.00000000                            
PL51   3552.528129  -2304.430343 -11546.948445              
VL51 -25176.471644 -54252.053859   3332.012240              
*  2025  5 20 18 40   0.00000000                            
PL51   3239.567571  -2948.960964 -11489.183047              
VL51 -26967.410003 -53137.506734   6293.432396              
*  2025  5 20 18 42   0.00000000                            
PL51   2905.716836  -3578.967520 -11395.975107              
VL51 -28656.723188 -51832.235990   9237.593291              
*  2025  5 20 18 44   0.00000000                            
PL51   2552.246666  -4192.193700 -11267.586009              
VL51 -30235.936528 -50341.755318  12155.455501              
*  2025  5 20 18 46   0.00000000                            
PL51   2180.527060  -4786.453583 -11104.385332              
VL51 -31696.988831 -48672.279528  15038.030692              
*  2025  5 20 18 48   0.00000000                            
PL51   1792.022080  -5359.639922 -10906.850075              
VL51 -33032.269875 -46830.702505  17876.408152              
*  2025  5 20 18 50   0.00000000                            
PL51   1388.284226  -5909.732153 -10675.563568              
VL51 -34234.656527 -44824.572505  20661.781505              
*  2025  5 20 18 52   0.00000000                            
PL51    970.948378  -6434.804078 -10411.214055              
VL51 -35297.547310 -42662.064847  23385.475566              
*  2025  5 20 18 54   0.00000000                            
PL51    541.725337  -6933.031218 -10114.592962              
VL51 -36214.895262 -40351.952012  26038.973258              
*  2025  5 20 18 56   0.00000000                            
PL51    102.394987  -7402.697788  -9786.592835              
VL51 -36981.238895 -37903.571230  28613.942533              
*  2025  5 20 18 58   0.00000000                            
PL51   -345.200908  -7842.203264  -9428.204963              
VL51 -37591.731096 -35326.789582  31102.263199              
*  2025  5 20 19  0   0.00000000                            
PL51   -799.166243  -8250.068518  -9040.516671              
VL51 -38042.165792 -32631.966722  33496.053588              
*  2025  5 20 19  2   0.00000000                            
PL51  -1257.558406  -8624.941500  -8624.708300              
VL51 -38329.002201 -29829.915286  35787.696936              
*  2025  5 20 19  4   0.00000000                            
PL51  -1718.396396  -8965.602421  -8182.049873              
VL51 -38449.386514 -26931.859103  37969.867406              
*  2025  5 20 19  6   0.00000000                            
PL51  -2179.669188  -9270.968426  -7713.897452              
VL51 -38401.170834 -23949.389329  40035.555611              
*  2025  5 20 19  8   0.00000000                            
PL51  -2639.344297  -9540.097729  -7221.689183              
VL51 -38182.929224 -20894.418634  41978.093539              
*  2025  5 20 19 10   0.00000000                            
PL51  -3095.376525  -9772.193189  -6706.941064              
VL51 -37793.970717 -17779.133613  43791.178754              
*  2025  5 20 19 12   0.00000000                            
PL51  -3545.716844  -9966.605304  -6171.242407              
VL51 -37234.349157 -14615.945579  45468.897733              
*  2025  5 20 19 14   0.00000000                            
PL51  -3988.321374 -10122.834600  -5616.251043              
VL51 -36504.869737 -11417.439946  47005.748235              
*  2025  5 20 19 16   0.00000000                            
PL51  -4421.160426 -10240.533416  -5043.688256              
VL51 -35607.092150  -8196.324390  48396.660539              
*  2025  5 20 19 18   0.00000000                            
PL51  -4842.227550 -10319.507054  -4455.333468              
VL51 -34543.330246  -4965.376031  49637.017450              
*  2025  5 20 19 20   0.00000000                            
PL51  -5249.548573 -10359.714289  -3853.018701              
VL51 -33316.648134  -1737.387871  50722.672918              
*  2025  5 20 19 22   0.00000000                            
PL51  -5641.190555 -10361.267238  -3238.622815              
VL51 -31930.852674   1474.885266  51649.969155              
*  2025  5 20 19 24   0.00000000                            
PL51  -6015.270642 -10324.430574  -2614.065556              
VL51 -30390.482350   4658.781009  52415.752118              
*  2025  5 20 19 26   0.00000000                            
PL51  -6369.964760 -10249.620094  -1981.301427              
VL51 -28700.792496   7801.783661  53017.385249              
*  2025  5 20 19 28   0.00000000                            
PL51  -6703.516109 -10137.400634  -1342.313403              
VL51 -26867.736931  10891.578078  53452.761358              
*  2025  5 20 19 30   0.00000000                            
PL51  -7014.243418  -9988.483341   -699.106520              
VL51 -24897.946026  13916.102901  53720.312555              
*  2025  5 20 19 32   0.00000000                            
PL51  -7300.548915  -9803.722313    -53.701350              
VL51 -22798.701299  16863.602867  53819.018141              
*  2025  5 20 19 34   0.00000000                            
PL51  -7560.925970  -9584.110619    591.872596              
VL51 -20577.906626  19722.679880  53748.410386              
*  2025  5 20 19 36   0.00000000                            
PL51  -7793.966376  -9330.775714   1235.583534              
VL51 -18244.056207  22482.342569  53508.578147              
*  2025  5 20 19 38   0.00000000                            
PL51  -7998.367224  -9044.974269   1875.404094              
VL51 -15806.199432  25132.054037  53100.168258              
*  2025  5 20 19 40   0.00000000                            
PL51  -8172.937338  -8728.086441   2509.318011              
VL51 -13273.902825  27661.777520  52524.384689              
*  2025  5 20 19 42   0.00000000                            
PL51  -8316.603244  -8381.609611   3135.326798              
VL51 -10657.209264  30062.019707  51782.985456              
*  2025  5 20 19 44   0.00000000                            
PL51  -8428.414623  -8007.151612   3751.456362              
VL51  -7966.594698  32323.871449  50878.277276              
*  2025  5 20 19 46   0.00000000                            
PL51  -8507.549239  -7606.423493   4355.763545              
VL51  -5212.922582  34439.045649  49813.108012              
*  2025  5 20 19 48   0.00000000                            
PL51  -8553.317307  -7181.231838   4946.342565              
VL51  -2407.396304  36399.912098  48590.856931              
*  2025  5 20 19 50   0.00000000                            
PL51  -8565.165275  -6733.470695   5521.331319              
VL51    438.490158  38199.529092  47215.422825              
*  2025  5 20 19 52   0.00000000                            
PL51  -8542.679009  -6265.113135   6078.917539              
VL51   3313.003056  39831.671631  45691.210087              
*  2025  5 20 19 54   0.00000000                            
PL51  -8485.586360  -5778.202508   6617.344766              
VL51   6204.220896  41290.856093  44023.112789              
*  2025  5 20 19 56   0.00000000                            
PL51  -8393.759098  -5274.843408   7134.918118              
VL51   9100.087378  42572.361239  42216.496893              
*  2025  5 20 19 58   0.00000000                            
PL51  -8267.214211  -4757.192425   7630.009839              
VL51  11988.464964  43672.245472  40277.180671              
*  2025  5 20 20  0   0.00000000                            
PL51  -8106.114554  -4227.448699   8101.064602              
VL51  14857.188781  44587.360283  38211.413473              
*  2025  5 20 20  2   0.00000000                            
PL51  -7910.768855  -3687.844345   8546.604544              
VL51  17694.120580  45315.359856  36025.852948              
*  2025  5 20 20  4   0.00000000                            
PL51  -7681.631073  -3140.634779   8965.234024              
VL51  20487.202475  45854.706807  33727.540862              
*  2025  5 20 20  6   0.00000000                            
PL51  -7419.299112  -2588.089005   9355.644081              
VL51  23224.510186  46204.674089  31323.877634              
*  2025  5 20 20  8   0.00000000                            
PL51  -7124.512904  -2032.479898   9716.616576              
VL51  25894.305527  46365.343084  28822.595725              
*  2025  5 20 20 10   0.00000000                            
PL51  -6798.151865  -1476.074531  10047.028018              
VL51  28485.087881  46337.597948  26231.732025              
*  2025  5 20 20 12   0.00000000                            
PL51  -6441.231738   -921.124594  10345.853040              
VL51  30985.644432  46123.116289  23559.599365              
*  2025  5 20 20 14   0.00000000                            
PL51  -6054.900852   -369.856952  10612.167540              
VL51  33385.098911  45724.356279  20814.757298              
*  2025  5 20 20 16   0.00000000                            
PL51  -5640.435795    175.535636  10845.151462              
VL51  35672.958653  45144.540306  18005.982286              
*  2025  5 20 20 18   0.00000000                            
PL51  -5199.236536    712.903566  11044.091218              
VL51  37839.159763  44387.635324  15142.237418              
*  2025  5 20 20 20   0.00000000                            
PL51  -4732.821025   1240.149193  11208.381743              
VL51  39874.110211  43458.330026  12232.641791              
*  2025  5 20 20 22   0.00000000                            
PL51  -4242.819279   1755.235339  11337.528184              
VL51  41768.730684  42362.009009   9286.439664              
*  2025  5 20 20 24   0.00000000                            
PL51  -3730.966994   2256.193472  11431.147216              
VL51  43514.493049  41104.724099   6312.969525              
*  2025  5 20 20 26   0.00000000                            
PL51  -3199.098719   2741.131535  11488.967985              
VL51  45103.456273  39693.163009   3321.633147              
*  2025  5 20 20 28   0.00000000                            
PL51  -2649.140603   3208.241367  11510.832684              
VL51  46528.299690  38134.615511    321.864778              
*  2025  5 20 20 30   0.00000000                            
PL51  -2083.102769   3655.805718  11496.696761              
VL51  47782.353492  36436.937319  -2676.899457              
*  2025  5 20 20 32   0.00000000                            
PL51  -1503.071331   4082.204812  11446.628753              
VL51  48859.626354  34608.511873  -5665.251829              
*  2025  5 20 20 34   0.00000000                            
PL51   -911.200104   4485.922442  11360.809773              
VL51  49754.830108  32658.210232  -8633.842867              
*  2025  5 20 20 36   0.00000000                            
PL51   -309.702031   4865.551570  11239.532631              
VL51  50463.401399  30595.349270 -11573.410713              
*  2025  5 20 20 38   0.00000000                            
PL51    299.159625   5219.799420  11083.200609              
VL51  50981.520278  28429.648396 -14474.809907              
*  2025  5 20 20 40   0.00000000                            
PL51    913.080305   5547.492043  10892.325893              
VL51  51306.125679  26171.184982 -17329.039509              
*  2025  5 20 20 42   0.00000000                            
PL51   1529.723330   5847.578336  10667.527679              
VL51  51434.927753  23830.348726 -20127.270501              
*  2025  5 20 20 44   0.00000000                            
PL51   2146.729220   6119.133517  10409.529945              
VL51  51366.417047  21417.795135 -22860.872409              
*  2025  5 20 20 46   0.00000000                            
PL51   2761.725096   6361.362026  10119.158913              
VL51  51099.870504  18944.398333 -25521.439065              
*  2025  5 20 20 48   0.00000000                            
PL51   3372.334134   6573.599870   9797.340210              
VL51  50635.354301  16421.203403 -28100.813480              
*  2025  5 20 20 50   0.00000000                            
PL51   3976.185041   6755.316381   9445.095730              
VL51  49973.723517  13859.378449 -30591.111740              
*  2025  5 20 20 52   0.00000000                            
PL51   4570.921503   6906.115405   9063.540223              
VL51  49116.618674  11270.166574 -32984.745903              
*  2025  5 20 20 54   0.00000000                            
PL51   5154.211573   7025.735917   8653.877606              
VL51  48066.459160   8664.837973 -35274.445817              
*  2025  5 20 20 56   0.00000000                            
PL51   5723.756963   7114.052059   8217.397030              
VL51  46826.433596   6054.642332 -37453.279831              
*  2025  5 20 20 58   0.00000000                            
PL51   6277.302202   7171.072610   7755.468693              
VL51  45400.487192   3450.761705 -39514.674349              
*  2025  5 20 21  0   0.00000000                            
PL51   6812.643625   7196.939896   7269.539439              
VL51  43793.306153    864.264066 -41452.432170              
*  2025  5 20 21  2   0.00000000                            
PL51   7327.638156   7191.928142   6761.128132              
VL51  42010.299211  -1693.942284 -43260.749590              
*  2025  5 20 21  4   0.00000000                            
PL51   7820.211855   7156.441297   6231.820839              
VL51  40057.576372  -4213.153295 -44934.232214              
*  2025  5 20 21  6   0.00000000                            
PL51   8288.368191   7091.010311   5683.265832              
VL51  37941.924969  -6682.912542 -46467.909440              
*  2025  5 20 21  8   0.00000000                            
PL51   8730.196013   6996.289916   5117.168422              
VL51  35670.783134  -9093.053239 -47857.247598              
*  2025  5 20 21 10   0.00000000                            
PL51   9143.877188   6873.054905   4535.285641              
VL51  33252.210808 -11433.738731 -49098.161705              
*  2025  5 20 21 12   0.00000000                            
PL51   9527.693880   6722.195934   3939.420797              
VL51  30694.858411 -13695.501318 -50187.025816              
*  2025  5 20 21 14   0.00000000                            
PL51   9880.035432   6544.714872   3331.417909              
VL51  28007.933316 -15869.279263 -51120.681967              
*  2025  5 20 21 16   0.00000000                            
PL51  10199.404841   6341.719717   2713.156048              
VL51  25201.164257 -17946.451864 -51896.447684              
*  2025  5 20 21 18   0.00000000                            
PL51  10484.424790   6114.419104   2086.543588              
VL51  22284.763837 -19918.872447 -52512.122061              
*  2025  5 20 21 20   0.00000000                            
PL51  10733.843223   5864.116426   1453.512401              
VL51  19269.389281 -21778.899187 -52965.990396              
*  2025  5 20 21 22   0.00000000                            
PL51  10946.538433   5592.203608    816.012002              
VL51  16166.101610 -23519.423639 -53256.827396              
*  2025  5 20 21 24   0.00000000                            
PL51  11121.523658   5300.154542    176.003663              
VL51  12986.323392 -25133.896884 -53383.898961              
*  2025  5 20 21 26   0.00000000                            
PL51  11257.951158   4989.518232   -464.545484              
VL51   9741.795243 -26616.353234 -53346.962551              
*  2025  5 20 21 28   0.00000000                            
PL51  11355.115769   4661.911661  -1103.668341              
VL51   6444.531262 -27961.431399 -53146.266170              
*  2025  5 20 21 30   0.00000000                            
PL51  11412.457908   4319.012430  -1739.403720              
VL51   3106.773563 -29164.393072 -52782.545983              
*  2025  5 20 21 32   0.00000000                            
PL51  11429.566036   3962.551178  -2369.802176              
VL51   -259.053927 -30221.138881 -52257.022598              
*  2025  5 20 21 34   0.00000000                            
PL51  11406.178557   3594.303837  -2992.931794              
VL51  -3640.392220 -31128.221685 -51571.396028              
*  2025  5 20 21 36   0.00000000                            
PL51  11342.185160   3216.083737  -3606.883906              
VL51  -7024.594407 -31882.857171 -50727.839393              
*  2025  5 20 21 38   0.00000000                            
PL51  11237.627584   2829.733599  -4209.778720              
VL51 -10398.973008 -32482.931744 -49728.991359              
*  2025  5 20 21 40   0.00000000                            
PL51  11092.699829   2437.117460  -4799.770862              
VL51 -13750.847366 -32927.007711 -48577.947392              
*  2025  5 20 21 42   0.00000000                            
PL51  10907.747781   2040.112536  -5375.054793              
VL51 -17067.590921 -33214.325759 -47278.249835              
*  2025  5 20 21 44   0.00000000                            
PL51  10683.268288   1640.601088  -5933.870107              
VL51 -20336.678180 -33344.804736 -45833.876874              
*  2025  5 20 21 46   0.00000000                            
PL51  10419.907664   1240.462292  -6474.506696              
VL51 -23545.731257 -33319.038783 -44249.230428              
*  2025  5 20 21 48   0.00000000                            
PL51  10118.459640    841.564169  -6995.309748              
VL51 -26682.565800 -33138.291829 -42529.123022              
*  2025  5 20 21 50   0.00000000                            
PL51   9779.862774    445.755596  -7494.684596              
VL51 -29735.236178 -32804.489512 -40678.763677              
*  2025  5 20 21 52   0.00000000                            
PL51   9405.197317     54.858421  -7971.101387              
VL51 -32692.079775 -32320.208572 -38703.742886              
*  2025  5 20 21 54   0.00000000                            
PL51   8995.681556   -329.340271  -8423.099563              
VL51 -35541.760286 -31688.663777 -36610.016699              
*  2025  5 20 21 56   0.00000000                            
PL51   8552.667644   -705.095723  -8849.292148              
VL51 -38273.309861 -30913.692451 -34403.889970              
*  2025  5 20 21 58   0.00000000                            
PL51   8077.636932  -1070.712875  -9248.369828              
VL51 -40876.169989 -29999.736662 -32091.998823              
*  2025  5 20 22  0   0.00000000                            
PL51   7572.194819  -1424.553498  -9619.104824              
VL51 -43340.231011 -28951.823157 -29681.292340              
*  2025  5 20 22  2   0.00000000                            
PL51   7038.065139  -1765.043085  -9960.354524              
VL51 -45655.870151 -27775.541127 -27179.013545              
*  2025  5 20 22  4   0.00000000                            
PL51   6477.084089  -2090.677452 -10271.064899              
VL51 -47813.987950 -26477.017856 -24592.679696              
*  2025  5 20 22  6   0.00000000                            
PL51   5891.193751  -2400.029040 -10550.273674              
VL51 -49806.043015 -25062.892384 -21930.061922              
*  2025  5 20 22  8   0.00000000                            
PL51   5282.435186  -2691.752890 -10797.113241              
VL51 -51624.084966 -23540.287235 -19199.164250              
*  2025  5 20 22 10   0.00000000                            
PL51   4652.941158  -2964.592263 -11010.813335              
VL51 -53260.785514 -21916.778326 -16408.202028              
*  2025  5 20 22 12   0.00000000                            
PL51   4004.928491  -3217.383893 -11190.703431              
VL51 -54709.467553 -20200.363141 -13565.579783              
*  2025  5 20 22 14   0.00000000                            
PL51   3340.690093  -3449.062848 -11336.214878              
VL51 -55964.132185 -18399.427281 -10679.868538              
*  2025  5 20 22 16   0.00000000                            
PL51   2662.586661  -3658.666978 -11446.882763              
VL51 -57019.483592 -16522.709468  -7759.782602              
*  2025  5 20 22 18   0.00000000                            
PL51   1973.038112  -3845.340932 -11522.347486              
VL51 -57870.951654 -14579.265135  -4814.155863              
*  2025  5 20 22 20   0.00000000                            
PL51   1274.514746  -4008.339740 -11562.356049              
VL51 -58514.712224 -12578.428687  -1851.917608              
*  2025  5 20 22 22   0.00000000                            
PL51    569.528187  -4147.031923 -11566.763057              
VL51 -58947.704984 -10529.774563   1117.932097              
*  2025  5 20 22 24   0.00000000                            
PL51   -139.377879  -4260.902136 -11535.531414              
VL51 -59167.648772  -8443.077203   4086.347446              
*  2025  5 20 22 26   0.00000000                            
PL51   -849.637131  -4349.553321 -11468.732721              
VL51 -59173.054329  -6328.270054   7044.262308              
*  2025  5 20 22 28   0.00000000                            
PL51  -1558.670180  -4412.708370 -11366.547367              
VL51 -58963.234351  -4195.403736   9982.615988              
*  2025  5 20 22 30   0.00000000                            
PL51  -2263.894240  -4450.211271 -11229.264306              
VL51 -58538.310798  -2054.603508  12892.379308              
*  2025  5 20 22 32   0.00000000                            
PL51  -2962.732866  -4462.027748 -11057.280520              
VL51 -57899.219364     83.973838  15764.580942              
*  2025  5 20 22 34   0.00000000                            
PL51  -3652.625735  -4448.245377 -10851.100170              
VL51 -57047.711038   2210.183501  18590.333993              
*  2025  5 20 22 36   0.00000000                            
PL51  -4331.038421  -4409.073183 -10611.333418              
VL51 -55986.350691   4313.936471  21360.862732              
*  2025  5 20 22 38   0.00000000                            
PL51  -4995.472140  -4344.840705 -10338.694932              
VL51 -54718.512616   6385.243440  24067.529470              
*  2025  5 20 22 40   0.00000000                            
PL51  -5643.473419  -4255.996533 -10034.002072              
VL51 -53248.372955   8414.258663  26701.861465              
*  2025  5 20 22 42   0.00000000                            
PL51  -6272.643657  -4143.106329  -9698.172745              
VL51 -51580.898968  10391.323600  29255.577824              
*  2025  5 20 22 44   0.00000000                            
PL51  -6880.648539  -4006.850316  -9332.222945              
VL51 -49721.835100  12307.010153  31720.616286              
*  2025  5 20 22 46   0.00000000                            
PL51  -7465.227264  -3848.020260  -8937.263966              
VL51 -47677.685809  14152.163311  34089.159821              
*  2025  5 20 22 48   0.00000000                            
PL51  -8024.201543  -3667.515938  -8514.499306              
VL51 -45455.695144  15917.943017  36353.662924              
*  2025  5 20 22 50   0.00000000                            
PL51  -8555.484336  -3466.341111  -8065.221248              
VL51 -43063.823068  17595.865051  38506.877517              
*  2025  5 20 22 52   0.00000000                            
PL51  -9057.088284  -3245.599020  -7590.807142              
VL51 -40510.718546  19177.840728  40541.878333              
*  2025  5 20 22 54   0.00000000                            
PL51  -9527.133803  -3006.487401  -7092.715378              
VL51 -37805.689425  20656.215212  42452.087674              
*  2025  5 20 22 56   0.00000000                            
PL51  -9963.856791  -2750.293064  -6572.481075              
VL51 -34958.669169  22023.804221  44231.299412              
*  2025  5 20 22 58   0.00000000                            
PL51 -10365.615921  -2478.386029  -6031.711478              
VL51 -31980.180512  23273.928942  45873.702108              
*  2025  5 20 23  0   0.00000000                            
PL51 -10730.899477  -2192.213264  -5472.081091              
VL51 -28881.296133  24400.448921  47373.901116              
*  2025  5 20 23  2   0.00000000                            
PL51 -11058.331708  -1893.292039  -4895.326548              
VL51 -25673.596477  25397.792748  48726.939542              
*  2025  5 20 23  4   0.00000000                            
PL51 -11346.678652  -1583.202922  -4303.241239              
VL51 -22369.124861  26260.986327  49928.317927              
*  2025  5 20 23  6   0.00000000                            
PL51 -11594.853406  -1263.582459  -3697.669711              
VL51 -18980.340022  26985.678546  50974.012512              
*  2025  5 20 23  8   0.00000000                            
PL51 -11801.920818   -936.115553  -3080.501860              
VL51 -15520.066330  27568.164166  51860.491968              
*  2025  5 20 23 10   0.00000000                            
PL51 -11967.101562   -602.527594  -2453.666922              
VL51 -12001.441842  28005.403769  52584.732463              
*  2025  5 20 23 12   0.00000000                            
PL51 -12089.775584   -264.576366  -1819.127312              
VL51  -8437.864472  28295.040603  53144.230946              
*  2025  5 20 23 14   0.00000000                            
PL51 -12169.484888     75.956233  -1178.872296              
VL51  -4842.936511  28435.414191  53537.016548              
*  2025  5 20 23 16   0.00000000                            
PL51 -12205.935646    417.272610   -534.911549              
VL51  -1230.407797  28425.570603  53761.660000              
*  2025  5 20 23 18   0.00000000                            
PL51 -12198.999626    757.568000    110.731388              
VL51   2385.882190  28265.269272  53817.280986              
*  2025  5 20 23 20   0.00000000                            
PL51 -12148.714914   1095.039050    756.025734              
VL51   5992.062982  27954.986310  53703.553377              
*  2025  5 20 23 22   0.00000000                            
PL51 -12055.285932   1427.892419   1398.940133              
VL51   9574.292228  27495.914256  53420.708271              
*  2025  5 20 23 24   0.00000000                            
PL51 -11919.082746   1754.353361   2037.449352              
VL51  13118.814912  26889.958242  52969.534816              
*  2025  5 20 23 26   0.00000000                            
PL51 -11740.639662   2072.674229   2669.540972              
VL51  16612.022369  26139.728567  52351.378796              
*  2025  5 20 23 28   0.00000000                            
PL51 -11520.653119   2381.142878   3293.222043              
VL51  20040.510758  25248.529716  51568.138949              
*  2025  5 20 23 30   0.00000000                            
PL51 -11259.978886   2678.090913   3906.525690              
VL51  23391.138673  24220.345867  50622.261060              
*  2025  5 20 23 32   0.00000000                            
PL51 -10959.628570   2961.901736   4507.517632              
VL51  26651.083562  23059.822954  49516.729824              
*  2025  5 20 23 34   0.00000000                            
PL51 -10620.765462   3231.018369   5094.302584              
VL51  29807.896644  21772.247399  48255.058544              
*  2025  5 20 23 36   0.00000000                            
PL51 -10244.699726   3483.950993   5665.030535              
VL51  32849.556022  20363.521621  46841.276717              
*  2025  5 20 23 38   0.00000000                            
PL51  -9832.882975   3719.284175   6217.902851              
VL51  35764.517705  18840.136479  45279.915580              
*  2025  5 20 23 40   0.00000000                            
PL51  -9386.902235   3935.683754   6751.178202              
VL51  38541.764276  17209.140791  43575.991700              
*  2025  5 20 23 42   0.00000000                            
PL51  -8908.473350   4131.903339   7263.178282              
VL51  41170.850951  15478.108129  41734.988719              
*  2025  5 20 23 44   0.00000000                            
PL51  -8399.433851   4306.790389   7752.293288              
VL51  43641.948818  13655.101067  39762.837342              
*  2025  5 20 23 46   0.00000000                            
PL51  -7861.735313   4459.291864   8216.987161              
VL51  45945.885034  11748.633096  37665.893702              
*  2025  5 20 23 48   0.00000000                            
PL51  -7297.435268   4588.459385   8655.802556              
VL51  48074.179817   9767.628422  35450.916202              
*  2025  5 20 23 50   0.00000000                            
PL51  -6708.688672   4693.453924   9067.365518              
VL51  50019.080050   7721.379876  33125.040975              
*  2025  5 20 23 52   0.00000000                            
PL51  -6097.739009   4773.549958   9450.389863              
VL51  51773.589387   5619.505167  30695.756091              
*  2025  5 20 23 54   0.00000000                            
PL51  -5466.909045   4828.139100   9803.681243              
VL51  53331.494722   3471.901720  28170.874643              
*  2025  5 20 23 56   0.00000000                            
PL51  -4818.591285   4856.733180  10126.140878              
VL51  54687.388943   1288.700356  25558.506859              
*  2025  5 20 23 58   0.00000000                            
PL51  -4155.238189   4858.966763  10416.768949              
VL51  55836.689917   -919.781956  22867.031378              
*  2025  5 21  0  0   0.00000000                            
PL51  -3479.352122   4834.599134  10674.667646              
VL51  56775.655617  -3143.090641  20105.065838              
*  2025  5 21  0  2   0.00000000                            
PL51  -2793.475454   4783.515479  10899.043855              
VL51  57501.395631  -5370.678824  17281.436912              
*  2025  5 21  0  4   0.00000000                            
PL51  -2100.179807   4705.728033  11089.211483              
VL51  58011.878389  -7591.961656  14405.149931              
*  2025  5 21  0  6   0.00000000                            
PL51  -1402.056185   4601.375944  11244.593421              
VL51  58305.935211  -9796.359262  11485.358210              
*  2025  5 21  0  8   0.00000000                            
PL51   -701.704398   4470.725059  11364.723134              
VL51  58383.260199 -11973.347588   8531.332218              
*  2025  5 21  0 10   0.00000000                            
PL51     -1.722762   4314.166940  11449.245878              
VL51  58244.406639 -14112.505626   5552.428672              
*  2025  5 21  0 12   0.00000000                            
PL51    695.302163   4132.217351  11497.919558              
VL51  57890.779793 -16203.562449   2558.059693              
*  2025  5 21  0 14   0.00000000                            
PL51   1386.805742   3925.514174  11510.615198              
VL51  57324.626192 -18236.443353   -442.337903              
*  2025  5 21  0 16   0.00000000                            
PL51   2070.255278   3694.814783  11487.317063              
VL51  56549.019542 -20201.314908  -3439.333063              
*  2025  5 21  0 18   0.00000000                            
PL51   2743.159834   3440.992887  11428.122404              
VL51  55567.843339 -22088.628748  -6423.530628              
*  2025  5 21  0 20   0.00000000                            
PL51   3403.079835   3165.034854  11333.240849              
VL51  54385.770326 -23889.163904  -9385.601041              
*  2025  5 21  0 22   0.00000000                            
PL51   4047.636396   2868.035531  11202.993442              
VL51  53008.238903 -25594.067534 -12316.309552              
*  2025  5 21  0 24   0.00000000                            
PL51   4674.520356   2551.193598  11037.811331              
VL51  51441.426644 -27194.893877 -15206.544844              
*  2025  5 21  0 26   0.00000000                            
PL51   5281.500977   2215.806454  10838.234120              
VL51  49692.221056 -28683.641296 -18047.346997              
*  2025  5 21  0 28   0.00000000                            
PL51   5866.434271   1863.264678  10604.907886              
VL51  47768.187733 -30052.787253 -20829.934734              
*  2025  5 21  0 30   0.00000000                            
PL51   6427.270934   1495.046078  10338.582877              
VL51  45677.536059 -31295.321112 -23545.731855              
*  2025  5 21  0 32   0.00000000                            
PL51   6962.063859   1112.709366  10040.110897              
VL51  43429.082637 -32404.774631 -26186.392831              
*  2025  5 21  0 34   0.00000000                            
PL51   7468.975186    717.887476   9710.442388              
VL51  41032.212592 -33375.250044 -28743.827463              
*  2025  5 21  0 36   0.00000000                            
PL51   7946.282887    312.280564   9350.623225              
VL51  38496.838942 -34201.445630 -31210.224575              
*  2025  5 21  0 38   0.00000000                            
PL51   8392.386846   -102.351287   8961.791226              
VL51  35833.360194 -34878.678688 -33578.074661              
*  2025  5 21  0 40   0.00000000                            
PL51   8805.814423   -524.195616   8545.172407              
VL51  33052.616370 -35402.905830 -35840.191455              
*  2025  5 21  0 42   0.00000000                            
PL51   9185.225482   -951.395370   8102.076978              
VL51  30165.843623 -35770.740541 -37989.732364              
*  2025  5 21  0 44   0.00000000                            
PL51   9529.416862  -1382.056871   7633.895098              
VL51  27184.627659 -35979.467932 -40020.217718              
*  2025  5 21  0 46   0.00000000                            
PL51   9837.326293  -1814.257955   7142.092417              
VL51  24120.856135 -36027.056663 -41925.548792              
*  2025  5 21  0 48   0.00000000                            
PL51  10108.035728  -2246.056230   6628.205398              
VL51  20986.670237 -35912.167981 -43700.024577              
*  2025  5 21  0 50   0.00000000                            
PL51  10340.774087  -2675.497425   6093.836451              
VL51  17794.415630 -35634.161877 -45338.357238              
*  2025  5 21  0 52   0.00000000                            
PL51  10534.919420  -3100.623801   5540.648891              
VL51  14556.592974 -35193.100332 -46835.686251              
*  2025  5 21  0 54   0.00000000                            
PL51  10690.000466  -3519.482577   4970.361731              
VL51  11285.808210 -34589.747658 -48187.591178              
*  2025  5 21  0 56   0.00000000                            
PL51  10805.697617  -3930.134345   4384.744330              
VL51   7994.722794 -33825.567961 -49390.103060              
*  2025  5 21  0 58   0.00000000                            
PL51  10881.843288  -4330.661443   3785.610915              
VL51   4696.004095 -32902.719736 -50439.714406              
*  2025  5 21  1  0   0.00000000                            
PL51  10918.421692  -4719.176234   3174.814992              
VL51   1402.276123 -31824.047637 -51333.387764              
*  2025  5 21  1  2   0.00000000                            
PL51  10915.568026  -5093.829282   2554.243659              
VL51  -1873.929195 -30593.071474 -52068.562869              
*  2025  5 21  1  4   0.00000000                            
PL51  10873.567076  -5452.817373   1925.811844              
VL51  -5120.220039 -29213.972491 -52643.162348              
*  2025  5 21  1  6   0.00000000                            
PL51  10792.851254  -5794.391353   1291.456484              
VL51  -8324.391809 -27691.576997 -53055.595989              
*  2025  5 21  1  8   0.00000000                            
PL51  10673.998072  -6116.863763    653.130662              
VL51 -11474.473165 -26031.337445 -53304.763588              
*  2025  5 21  1 10   0.00000000                            
PL51  10517.727076  -6418.616226     12.797715              
VL51 -14558.770841 -24239.311022 -53390.056365              
*  2025  5 21  1 12   0.00000000                            
PL51  10324.896243  -6698.106558   -627.574664              
VL51 -17565.913043 -22322.135878 -53311.356973              
*  2025  5 21  1 14   0.00000000                            
PL51  10096.497873  -6953.875593  -1266.020317              
VL51 -20484.891302 -20287.005092 -53069.038131              
*  2025  5 21  1 16   0.00000000                            
PL51   9833.653986  -7184.553670  -1900.580485              
VL51 -23305.100629 -18141.638488 -52663.959882              
*  2025  5 21  1 18   0.00000000                            
PL51   9537.611250  -7388.866776  -2529.309634              
VL51 -26016.377847 -15894.252425 -52097.465532              
*  2025  5 21  1 20   0.00000000                            
PL51   9209.735454  -7565.642314  -3150.281223              
VL51 -28609.037969 -13553.527691 -51371.376282              
*  2025  5 21  1 22   0.00000000                            
PL51   8851.505568  -7713.814476  -3761.593401              
VL51 -31073.908518 -11128.575629 -50487.984595              
*  2025  5 21  1 24   0.00000000                            
PL51   8464.507395  -7832.429196  -4361.374614              
VL51 -33402.361681  -8628.902631 -49450.046336              
*  2025  5 21  1 26   0.00000000                            
PL51   8050.426850  -7920.648668  -4947.789115              
VL51 -35586.344210  -6064.373140 -48260.771729              
*  2025  5 21  1 28   0.00000000                            
PL51   7611.042903  -7977.755421  -5519.042357              
VL51 -37618.404981  -3445.171298 -46923.815161              
*  2025  5 21  1 30   0.00000000                            
PL51   7148.220197  -8003.155912  -6073.386251              
VL51 -39491.720147   -781.761392 -45443.263885              
*  2025  5 21  1 32   0.00000000                            
PL51   6663.901384  -7996.383648  -6609.124295              
VL51 -41200.115813   1915.152772 -43823.625664              
*  2025  5 21  1 34   0.00000000                            
PL51   6160.099200  -7957.101812  -7124.616533              
VL51 -42738.088186   4634.669405 -42069.815401              
*  2025  5 21  1 36   0.00000000                            
PL51   5638.888317  -7885.105384  -7618.284363              
VL51 -44100.821160   7365.731046 -40187.140802              
*  2025  5 21  1 38   0.00000000                            
PL51   5102.396997  -7780.322754  -8088.615154              
VL51 -45284.201294  10097.167499 -38181.287120              
*  2025  5 21  1 40   0.00000000                            
PL51   4552.798585  -7642.816815  -8534.166684              
VL51 -46284.830173  12817.739255 -36058.301023              
*  2025  5 21  1 42   0.00000000                            
PL51   3992.302867  -7472.785529  -8953.571375              
VL51 -47100.034128  15516.181254 -33824.573635              
*  2025  5 21  1 44   0.00000000                            
PL51   3423.147328  -7270.561974  -9345.540321              
VL51 -47727.871306  18181.246856 -31486.822789              
*  2025  5 21  1 46   0.00000000                            
PL51   2847.588340  -7036.613857  -9708.867099              
VL51 -48167.136108  20801.751871 -29052.074529              
*  2025  5 21  1 48   0.00000000                            
PL51   2267.892316  -6771.542498 -10042.431349              
VL51 -48417.360985  23366.618534 -26527.643904              
*  2025  5 21  1 50   0.00000000                            
PL51   1686.326852  -6476.081296 -10345.202131              
VL51 -48478.815608  25864.919266 -23921.115076              
*  2025  5 21  1 52   0.00000000                            
PL51   1105.151902  -6151.093662 -10616.241023              
VL51 -48352.503433  28285.920105 -21240.320785              
*  2025  5 21  1 54   0.00000000                            
PL51    526.611004  -5797.570435 -10854.704984              
VL51 -48040.155672  30619.123667 -18493.321202              
*  2025  5 21  1 56   0.00000000                            
PL51    -47.077403  -5416.626794 -11059.848952              
VL51 -47544.222711  32854.311507 -15688.382187              
*  2025  5 21  1 58   0.00000000                            
PL51   -613.728545  -5009.498656 -11231.028177              
VL51 -46867.862990  34981.585746 -12833.952999              
*  2025  5 21  2  0   0.00000000                            
PL51  -1171.199732  -4577.538585 -11367.700287              
VL51 -46014.929391  36991.409844  -9938.643462              
*  2025  5 21  2  2   0.00000000                            
PL51  -1717.398596  -4122.211215 -11469.427074              
VL51 -44989.953167  38874.648375  -7011.200633              
*  2025  5 21  2  4   0.00000000                            
PL51  -2250.291121  -3645.088207 -11535.876000              
VL51 -43798.125445  40622.605682  -4060.484978              
*  2025  5 21  2  6   0.00000000                            
PL51  -2767.909443  -3147.842741 -11566.821413              
VL51 -42445.276369  42227.063274  -1095.446099              
*  2025  5 21  2  8   0.00000000                            
PL51  -3268.359378  -2632.243576 -11562.145465              
VL51 -40937.851897  43680.315842   1874.901984              
*  2025  5 21  2 10   0.00000000                            
PL51  -3749.827661  -2100.148683 -11521.838740              
VL51 -39282.888338  44975.205740   4841.505944              
*  2025  5 21  2 12   0.00000000                            
PL51  -4210.588870  -1553.498473 -11446.000569              
VL51 -37487.984657  46105.155811   7795.298642              
*  2025  5 21  2 14   0.00000000                            
PL51  -4649.011996   -994.308645 -11334.839043              
VL51 -35561.272633  47064.200414  10727.224957              
*  2025  5 21  2 16   0.00000000                            
PL51  -5063.566652   -424.662669 -11188.670711              
VL51 -33511.384917  47847.014503  13628.267923              
*  2025  5 21  2 18   0.00000000                            
PL51  -5452.828876    153.296064 -11007.919966              
VL51 -31347.421076  48448.940636  16489.475132              
*  2025  5 21  2 20   0.00000000                            
PL51  -5815.486527    737.372404 -10793.118109              
VL51 -29078.911697  48866.013752  19301.985353              
*  2025  5 21  2 22   0.00000000                            
PL51  -6150.344227   1325.327888 -10544.902096              
VL51 -26715.780642  49094.983582  22057.055320              
*  2025  5 21  2 24   0.00000000                            
PL51  -6456.327848   1914.889439 -10264.012957              
VL51 -24268.305537  49133.334549  24746.086619              
*  2025  5 21  2 26   0.00000000                            
PL51  -6732.488512   2503.758290  -9951.293901              
VL51 -21747.076625  48979.303016  27360.652631              
*  2025  5 21  2 28   0.00000000                            
PL51  -6978.006085   3089.619093  -9607.688093              
VL51 -19162.954068  48631.891731  29892.525416              
*  2025  5 21  2 30   0.00000000                            
PL51  -7192.192158   3670.149194  -9234.236104              
VL51 -16527.023851  48090.881343  32333.702494              
*  2025  5 21  2 32   0.00000000                            
PL51  -7374.492478   4243.028016  -8832.073051              
VL51 -13850.552424  47356.838855  34676.433390              
*  2025  5 21  2 34   0.00000000                            
PL51  -7524.488844   4805.946531  -8402.425413              
VL51 -11144.940234  46431.122898  36913.245863              
*  2025  5 21  2 36   0.00000000                            
PL51  -7641.900427   5356.616779  -7946.607536              
VL51  -8421.674316  45315.885710  39036.971700              
*  2025  5 21  2 38   0.00000000                            
PL51  -7726.584519   5892.781380  -7466.017836              
VL51  -5692.280144  44014.071739  41040.771959              
*  2025  5 21  2 40   0.00000000                            
PL51  -7778.536708   6412.223020  -6962.134697              
VL51  -2968.272916  42529.412779  42918.161540              
*  2025  5 21  2 42   0.00000000                            
PL51  -7797.890457   6912.773850  -6436.512080              
VL51   -261.108491  40866.419588  44663.032965              
*  2025  5 21  2 44   0.00000000                            
PL51  -7784.916096   7392.324767  -5890.774857              
VL51   2417.865796  39030.369928  46269.679233              
*  2025  5 21  2 46   0.00000000                            
PL51  -7740.019227   7848.834524  -5326.613871              
VL51   5057.460231  37027.293021  47732.815627              
*  2025  5 21  2 48   0.00000000                            
PL51  -7663.738539   8280.338644  -4745.780744              
VL51   7646.691477  34863.950397  49047.600334              
*  2025  5 21  2 50   0.00000000                            
PL51  -7556.743042   8684.958066  -4150.082445              
VL51  10174.830752  32547.813172  50209.653766              
*  2025  5 21  2 52   0.00000000                            
PL51  -7419.828725   9060.907514  -3541.375636              
VL51  12631.451180  30087.035779  51215.076425              
*  2025  5 21  2 54   0.00000000                            
PL51  -7253.914658   9406.503515  -2921.560808              
VL51  15006.474059  27490.426230  52060.465216              
*  2025  5 21  2 56   0.00000000                            
PL51  -7060.038540   9720.172052  -2292.576238              
VL51  17290.213791  24767.413006  52742.928068              
*  2025  5 21  2 58   0.00000000                            
PL51  -6839.351721  10000.455790  -1656.391775              
VL51  19473.421221  21928.008677  53260.096761              
*  2025  5 21  3  0   0.00000000                            
PL51  -6593.113715  10246.020857  -1015.002491              
VL51  21547.325125  18982.770415  53610.137840              
*  2025  5 21  3  2   0.00000000                            
PL51  -6322.686223  10455.663121   -370.422203              
VL51  23503.671606  15942.757565  53791.761544              
*  2025  5 21  3  4   0.00000000                            
PL51  -6029.526704  10628.313951    275.323093              
VL51  25334.761167  12819.486459  53804.228648              
*  2025  5 21  3  6   0.00000000                            
PL51  -5715.181509  10763.045417    920.201855              
VL51  27033.483213   9624.882711  53647.355154              
*  2025  5 21  3  8   0.00000000                            
PL51  -5381.278624  10859.074903   1562.183682              
VL51  28593.347784   6371.231225  53321.514774              
*  2025  5 21  3 10   0.00000000                            
PL51  -5029.520045  10915.769109   2199.246002              
VL51  30008.514304   3071.124179  52827.639176              
*  2025  5 21  3 12   0.00000000                            
PL51  -4661.673829  10932.647416   2829.380765              
VL51  31273.817180   -262.592716  52167.215956              
*  2025  5 21  3 14   0.00000000                            
PL51  -4279.565857  10909.384599   3450.601086              
VL51  32384.788074  -3616.875398  51342.284358              
*  2025  5 21  3 16   0.00000000                            
PL51  -3885.071350  10845.812874   4060.947829              
VL51  33337.674730  -6978.537756  50355.428748              
*  2025  5 21  3 18   0.00000000                            
PL51  -3480.106183  10741.923252   4658.496099              
VL51  34129.456249 -10334.308748  49209.769892              
*  2025  5 21  3 20   0.00000000                            
PL51  -3066.618033  10597.866224   5241.361617              
VL51  34757.854714 -13670.890013  47908.954075              
*  2025  5 21  3 22   0.00000000                            
PL51  -2646.577411  10413.951731   5807.706945              
VL51  35221.343145 -16975.013667  46457.140148              
*  2025  5 21  3 24   0.00000000                            
PL51  -2221.968626  10190.648461   6355.747556              
VL51  35519.149716 -20233.499978  44858.984558              
*  2025  5 21  3 26   0.00000000                            
PL51  -1794.780710   9928.582441   6883.757701              
VL51  35651.258260 -23433.314597  43119.624465              
*  2025  5 21  3 28   0.00000000                            
PL51  -1366.998374   9628.534957   7390.076069              
VL51  35618.405064 -26561.625058  41244.659021              
*  2025  5 21  3 30   0.00000000                            
PL51   -940.593006   9291.439794   7873.111209              
VL51  35422.071998 -29605.856255  39240.128945              
*  2025  5 21  3 32   0.00000000                            
PL51   -517.513793   8918.379823   8331.346698              
VL51  35064.476042 -32553.744591  37112.494488              
*  2025  5 21  3 34   0.00000000                            
PL51    -99.678974   8510.582944   8763.346039              
VL51  34548.555306 -35393.390548  34868.611925              
*  2025  5 21  3 36   0.00000000                            
PL51    311.032711   8069.417415   9167.757261              
VL51  33877.951639 -38113.309426  32515.708702              
*  2025  5 21  3 38   0.00000000                            
PL51    712.790346   7596.386574   9543.317218              
VL51  33056.989964 -40702.479989  30061.357380              
*  2025  5 21  3 40   0.00000000                            
PL51   1103.818891   7093.123002   9888.855573              
VL51  32090.654484 -43150.390842  27513.448511              
*  2025  5 21  3 42   0.00000000                            
PL51   1482.406945   6561.382137  10203.298443              
VL51  30984.561920 -45447.084299  24880.162574              
*  2025  5 21  3 44   0.00000000                            
PL51   1846.914152   6003.035379  10485.671706              
VL51  29744.931950 -47583.197599  22169.941126              
*  2025  5 21  3 46   0.00000000                            
PL51   2195.778253   5420.062717  10735.103957              
VL51  28378.555045 -49550.001296  19391.457286              
*  2025  5 21  3 48   0.00000000                            
PL51   2527.521726   4814.544916  10950.829110              
VL51  26892.757888 -51339.434676  16553.585690              
*  2025  5 21  3 50   0.00000000                            
PL51   2840.758005   4188.655296  11132.188629              
VL51  25295.366579 -52944.138097  13665.372043              
*  2025  5 21  3 52   0.00000000                            
PL51   3134.197239   3544.651134  11278.633402              
VL51  23594.667840 -54357.482135  10736.002397              
*  2025  5 21  3 54   0.00000000                            
PL51   3406.651580   2884.864753  11389.725236              
VL51  21799.368423 -55573.593456   7774.772259              
*  2025  5 21  3 56   0.00000000                            
PL51   3657.039973   2211.694301  11465.137986              
VL51  19918.552957 -56587.377349   4791.055674              
*  2025  5 21  3 58   0.00000000                            
PL51   3884.392425   1527.594296  11504.658312              
VL51  17961.640422 -57394.536866   1794.274358              
*  2025  5 21  4  0   0.00000000                            
PL51   4087.853757    835.065952  11508.186069              
VL51  15938.339500 -57991.588541  -1206.132989              
*  2025  5 21  4  2   0.00000000                            
PL51   4266.686805    136.647339  11475.734323              
VL51  13858.602998 -58375.874661  -4200.741108              
*  2025  5 21  4  4   0.00000000                            
PL51   4420.275070   -565.096579  11407.429016              
VL51  11732.581562 -58545.572098  -7180.168251              
*  2025  5 21  4  6   0.00000000                            
PL51   4548.124816  -1267.583998  11303.508257              
VL51   9570.576911 -58499.697687 -10135.105806              
*  2025  5 21  4  8   0.00000000                            
PL51   4649.866599  -1968.226365  11164.321277              
VL51   7382.994775 -58238.110179 -13056.347399              
*  2025  5 21  4 10   0.00000000                            
PL51   4725.256231  -2664.438481  10990.327025              
VL51   5180.297767 -57761.508806 -15934.817388              
*  2025  5 21  4 12   0.00000000                            
PL51   4774.175181  -3353.648556  10782.092437              
VL51   2972.958382 -57071.428475 -18761.598683              
*  2025  5 21  4 14   0.00000000                            
PL51   4796.630417  -4033.308196  10540.290364              
VL51    771.412322 -56170.231677 -21527.959807              
*  2025  5 21  4 16   0.00000000                            
PL51   4792.753679  -4700.902264  10265.697190              
VL51  -1413.987646 -55061.097141 -24225.381143              
*  2025  5 21  4 18   0.00000000                            
PL51   4762.800219  -5353.958599   9959.190137              
VL51  -3573.017124 -53748.005340 -26845.580288              
*  2025  5 21  4 20   0.00000000                            
PL51   4707.146986  -5990.057525   9621.744270              
VL51  -5695.624622 -52235.720915 -29380.536466              
*  2025  5 21  4 22   0.00000000                            
PL51   4626.290292  -6606.841149   9254.429215              
VL51  -7771.975013 -50529.772124 -31822.513929              
*  2025  5 21  4 24   0.00000000                            
PL51   4520.842961  -7202.022382   8858.405604              
VL51  -9792.491754 -48636.427421 -34164.084308              
*  2025  5 21  4 26   0.00000000                            
PL51   4391.530979  -7773.393667   8434.921261              
VL51 -11747.897695 -46562.669273 -36398.147851              
*  2025  5 21  4 28   0.00000000                            
PL51   4239.189664  -8318.835379   7985.307132              
VL51 -13629.254333 -44316.165355 -38517.953511              
*  2025  5 21  4 30   0.00000000                            
PL51   4064.759377  -8836.323860   7510.972989              
VL51 -15427.999363 -41905.237234 -40517.117839              
*  2025  5 21  4 32   0.00000000                            
PL51   3869.280788  -9323.939068   7013.402910              
VL51 -17135.982380 -39338.826694 -42389.642641              
*  2025  5 21  4 34   0.00000000                            
PL51   3653.889732  -9779.871806   6494.150560              
VL51 -18745.498621 -36626.459837 -44129.931368              
*  2025  5 21  4 36   0.00000000                            
PL51   3419.811667 -10202.430505   5954.834273              
VL51 -20249.320601 -33778.209124 -45732.804205              
*  2025  5 21  4 38   0.00000000                            
PL51   3168.355770 -10590.047546   5397.131973              
VL51 -21640.727560 -30804.653499 -47193.511829              
*  2025  5 21  4 40   0.00000000                            
PL51   2900.908688 -10941.285091   4822.775930              
VL51 -22913.532602 -27716.836775 -48507.747821              
*  2025  5 21  4 42   0.00000000                            
PL51   2618.927986 -11254.840399   4233.547378              
VL51 -24062.107433 -24526.224429 -49671.659704              
*  2025  5 21  4 44   0.00000000                            
PL51   2323.935302 -11529.550623   3631.271006              
VL51 -25081.404629 -21244.658992 -50681.858588              
*  2025  5 21  4 46   0.00000000                            
PL51   2017.509257 -11764.397061   3017.809349              
VL51 -25966.977355 -17884.314200 -51535.427421              
*  2025  5 21  4 48   0.00000000                            
PL51   1701.278145 -11958.508848   2395.057080              
VL51 -26714.996463 -14457.648081 -52229.927807              
*  2025  5 21  4 50   0.00000000                            
PL51   1376.912431 -12111.166084   1764.935232              
VL51 -27322.264928 -10977.355168 -52763.405410              
*  2025  5 21  4 52   0.00000000                            
PL51   1046.117091 -12221.802378   1129.385365              
VL51 -27786.229574  -7456.318028 -53134.393904              
*  2025  5 21  4 54   0.00000000                            
PL51    710.623827 -12290.006814    490.363696              
VL51 -28104.990058  -3907.558298 -53341.917505              
*  2025  5 21  4 56   0.00000000                            
PL51    372.183201 -12315.525327   -150.164800              
VL51 -28277.305102   -344.187413 -53385.492050              
*  2025  5 21  4 58   0.00000000                            
PL51     32.556692 -12298.261476   -790.232287              
VL51 -28302.595961   3220.642747 -53265.124676              
*  2025  5 21  5  0   0.00000000                            
PL51   -306.491254 -12238.276643  -1427.873953              
VL51 -28180.947144   6773.789127 -52981.312101              
*  2025  5 21  5  2   0.00000000                            
PL51   -643.201175 -12135.789627  -2061.133872              
VL51 -27913.104412  10302.166488 -52535.037543              
*  2025  5 21  5  4   0.00000000                            
PL51   -975.826505 -11991.175659  -2688.070811              
VL51 -27500.470072  13792.795944 -51927.766307              
*  2025  5 21  5  6   0.00000000                            
PL51  -1302.641409 -11804.964840  -3306.763987              
VL51 -26945.095637  17232.852864 -51161.440080              
*  2025  5 21  5  8   0.00000000                            
PL51  -1621.948518 -11577.840005  -3915.318742              
VL51 -26249.671868  20609.713994 -50238.469970              
*  2025  5 21  5 10   0.00000000                            
PL51  -1932.086524 -11310.634027  -4511.872126              
VL51 -25417.516294  23911.003629 -49161.728322              
*  2025  5 21  5 12   0.00000000                            
PL51  -2231.437618 -11004.326578  -5094.598380              
VL51 -24452.558243  27124.638678 -47934.539362              
*  2025  5 21  5 14   0.00000000                            
PL51  -2518.434728 -10660.040352  -5661.714293              
VL51 -23359.321486  30238.872501 -46560.668703              
*  2025  5 21  5 16   0.00000000                            
PL51  -2791.568537 -10279.036768  -6211.484434              
VL51 -22142.904557  33242.337347 -45044.311757              
*  2025  5 21  5 18   0.00000000                            
PL51  -3049.394250  -9862.711181  -6742.226233              
VL51 -20808.958849  36124.085293 -43390.081107              
*  2025  5 21  5 20   0.00000000                            
PL51  -3290.538086  -9412.587606  -7252.314904              
VL51 -19363.664572  38873.627539 -41602.992879              
*  2025  5 21  5 22   0.00000000                            
PL51  -3513.703471  -8930.312979  -7740.188207              
VL51 -17813.704682  41480.971970 -39688.452167              
*  2025  5 21  5 24   0.00000000                            
PL51  -3717.676905  -8417.650981  -8204.351018              
VL51 -16166.236880  43936.658859 -37652.237549              
*  2025  5 21  5 26   0.00000000                            
PL51  -3901.333478  -7876.475447  -8643.379716              
VL51 -14428.863782  46231.794645 -35500.484748              
*  2025  5 21  5 28   0.00000000                            
PL51  -4063.642026  -7308.763376  -9055.926364              
VL51 -12609.601383  48358.083661 -33239.669474              
*  2025  5 21  5 30   0.00000000                            
PL51  -4203.669890  -6716.587582  -9440.722688              
VL51 -10716.845920  50307.857773 -30876.589493              
*  2025  5 21  5 32   0.00000000                            
PL51  -4320.587279  -6102.108988  -9796.583824              
VL51  -8759.339246  52074.103828 -28418.345947              
*  2025  5 21  5 34   0.00000000                            
PL51  -4413.671195  -5467.568623 -10122.411846              
VL51  -6746.132838  53650.488850 -25872.323977              
*  2025  5 21  5 36   0.00000000                            
PL51  -4482.308930  -4815.279311 -10417.199053              
VL51  -4686.550555  55031.382928 -23246.172671              
*  2025  5 21  5 38   0.00000000                            
PL51  -4526.001108  -4147.617116 -10680.031016              
VL51  -2590.150266  56211.879723 -20547.784374              
*  2025  5 21  5 40   0.00000000                            
PL51  -4544.364251  -3467.012542 -10910.089364              
VL51   -466.684474  57187.814550 -17785.273394              
*  2025  5 21  5 42   0.00000000                            
PL51  -4537.132883  -2775.941542 -11106.654323              
VL51   1673.939946  57955.779977 -14966.954119              
*  2025  5 21  5 44   0.00000000                            
PL51  -4504.161127  -2076.916348 -11269.106979              
VL51   3821.702761  58513.138911 -12101.318596              
*  2025  5 21  5 46   0.00000000                            
PL51  -4445.423824  -1372.476159 -11396.931276              
VL51   5966.512020  58858.035100  -9197.013577              
*  2025  5 21  5 48   0.00000000                            
PL51  -4361.017138   -665.177727 -11489.715727              
VL51   8098.246201  58989.401050  -6262.817069              
*  2025  5 21  5 50   0.00000000                            
PL51  -4251.158655     42.414150 -11547.154851              
VL51  10206.796712  58906.963281  -3307.614413              
*  2025  5 21  5 52   0.00000000                            
PL51  -4116.186974    747.736169 -11569.050314              
VL51  12282.110636  58611.244927   -340.373902              
*  2025  5 21  5 54   0.00000000                            
PL51  -3956.560780   1448.236084 -11555.311775              
VL51  14314.233562  58103.565608   2629.878014              
*  2025  5 21  5 56   0.00000000                            
PL51  -3772.857407   2141.382252 -11505.957433              
VL51  16293.352375  57386.038578   5594.081943              
*  2025  5 21  5 58   0.00000000                            
PL51  -3565.770884   2824.673125 -11421.114270              
VL51  18209.837852  56461.565091   8543.171124              
*  2025  5 21  6  0   0.00000000                            
PL51  -3336.109478   3495.646655 -11301.017983              
VL51  20054.286922  55333.825973  11468.097355              
*  2025  5 21  6  2   0.00000000                            
PL51  -3084.792723   4151.889587 -11146.012607              
VL51  21817.564415  54007.270361  14359.857216              
*  2025  5 21  6  4   0.00000000                            
PL51  -2812.847967   4791.046598 -10956.549816              
VL51  23490.844171  52487.101608  17209.518560              
*  2025  5 21  6  6   0.00000000                            
PL51  -2521.406412   5410.829245 -10733.187908              
VL51  25065.649304  50779.260326  20008.247202              
*  2025  5 21  6  8   0.00000000                            
PL51  -2211.698690   6009.024700 -10476.590470              
VL51  26533.891484  48890.404561  22747.333771              
*  2025  5 21  6 10   0.00000000                            
PL51  -1885.049974   6583.504223 -10187.524718              
VL51  27887.909037  46827.887117  25418.220641              
*  2025  5 21  6 12   0.00000000                            
PL51  -1542.874630   7132.231351  -9866.859514              
VL51  29120.503702  44599.730036  28012.528876              
*  2025  5 21  6 14   0.00000000                            
PL51  -1186.670445   7653.269760  -9515.563061              
VL51  30224.975846  42214.596253  30522.085111              
*  2025  5 21  6 16   0.00000000                            
PL51   -818.012443   8144.790772  -9134.700275              
VL51  31195.157971  39681.758477  32938.948282              
*  2025  5 21  6 18   0.00000000                            
PL51   -438.546306   8605.080474  -8725.429838              
VL51  32025.446309  37011.065351  35255.436103              
*  2025  5 21  6 20   0.00000000                            
PL51    -49.981430   9032.546409  -8289.000937              
VL51  32710.830340  34212.904944  37464.151193              
*  2025  5 21  6 22   0.00000000                            
PL51    345.916360   9425.723820  -7826.749688              
VL51  33246.920033  31298.165681  39558.006747              
*  2025  5 21  6 24   0.00000000                            
PL51    747.332406   9783.281407  -7340.095261              
VL51  33629.970643  28278.194803  41530.251628              
*  2025  5 21  6 26   0.00000000                            
PL51   1152.411099  10104.026572  -6830.535702              
VL51  33856.904882  25164.754471  43374.494759              
*  2025  5 21  6 28   0.00000000                            
PL51   1559.264003  10386.910121  -6299.643473              
VL51  33925.332303  21969.975680  45084.728692              
*  2025  5 21  6 30   0.00000000                            
PL51   1965.978203  10631.030408  -5749.060707              
VL51  33833.565738  18706.310119  46655.352222              
*  2025  5 21  6 32   0.00000000                            
PL51   2370.624826  10835.636880  -5180.494209              
VL51  33580.634640  15386.480168  48081.191911              
*  2025  5 21  6 34   0.00000000                            
PL51   2771.267704  11000.133020  -4595.710195              
VL51  33166.295202  12023.427242  49357.522390              
*  2025  5 21  6 36   0.00000000                            
PL51   3165.972138  11124.078658  -3996.528801              
VL51  32591.037139   8630.258690  50480.085304              
*  2025  5 21  6 38   0.00000000                            
PL51   3552.813729  11207.191637  -3384.818375              
VL51  31856.087026   5220.193500  51445.106774              
*  2025  5 21  6 40   0.00000000                            
PL51   3929.887214  11249.348819  -2762.489562              
VL51  30963.408126   1806.507064  52249.313242              
*  2025  5 21  6 42   0.00000000                            
PL51   4295.315296  11250.586434  -2131.489218              
VL51  29915.696650  -1597.524724  52889.945595              
*  2025  5 21  6 44   0.00000000                            
PL51   4647.257395  11211.099741  -1493.794159              
VL51  28716.374410  -4978.681743  53364.771443              
*  2025  5 21  6 46   0.00000000                            
PL51   4983.918291  11131.242027   -851.404777              
VL51  27369.577871  -8323.856004  53672.095476              
*  2025  5 21  6 48   0.00000000                            
PL51   5303.556621  11011.522918   -206.338542              
VL51  25880.143618 -11620.107794  53810.767802              
*  2025  5 21  6 50   0.00000000                            
PL51   5604.493172  10852.606031    439.376583              
VL51  24253.590260 -14854.721285  53780.190188              
*  2025  5 21  6 52   0.00000000                            
PL51   5885.118941  10655.305954   1083.708785              
VL51  22496.096870 -18015.259322  53580.320179              
*  2025  5 21  6 54   0.00000000                            
PL51   6143.902912  10420.584580   1724.629090              
VL51  20614.478021 -21089.617072  53211.673003              
*  2025  5 21  6 56   0.00000000                            
PL51   6379.399520  10149.546804   2360.118051              
VL51  18616.155544 -24066.074236  52675.321283              
*  2025  5 21  6 58   0.00000000                            
PL51   6590.255747   9843.435606   2988.172425              
VL51  16509.127143 -26933.345540  51972.892490              
*  2025  5 21  7  0   0.00000000                            
PL51   6775.217835   9503.626532   3606.811806              
VL51  14301.932023 -29680.629204  51106.564171              
*  2025  5 21  7  2   0.00000000                            
PL51   6933.137559   9131.621620   4214.085185              
VL51  12003.613713 -32297.653136  50079.056948              
*  2025  5 21  7  4   0.00000000                            
PL51   7062.978045   8729.042772   4808.077412              
VL51   9623.680284 -34774.718562  48893.625316              
*  2025  5 21  7  6   0.00000000                            
PL51   7163.819094   8297.624632   5386.915540              
VL51   7172.062178 -37102.740869  47554.046292              
*  2025  5 21  7  8   0.00000000                            
PL51   7234.861985   7839.206984   5948.775017              
VL51   4659.067902 -39273.287432  46064.605979              
*  2025  5 21  7 10   0.00000000                            
PL51   7275.433739   7355.726716   6491.885700              
VL51   2095.337811 -41278.612214  44430.084122              
*  2025  5 21  7 12   0.00000000                            
PL51   7284.990813   6849.209389   7014.537678              
VL51   -508.203736 -43111.686978  42655.736742              
*  2025  5 21  7 14   0.00000000                            
PL51   7263.122213   6321.760460   7515.086879              
VL51  -3140.397593 -44766.228955  40747.276970              
*  2025  5 21  7 16   0.00000000                            
PL51   7209.552014   5775.556182   7991.960423              
VL51  -5789.900133 -46236.724843  38710.854183              
*  2025  5 21  7 18   0.00000000                            
PL51   7124.141268   5212.834248   8443.661733              
VL51  -8445.234387 -47518.451051  36553.031562              
*  2025  5 21  7 20   0.00000000                            
PL51   7006.889289   4635.884212   8868.775350              
VL51 -11094.841721 -48607.490120  34280.762218              
*  2025  5 21  7 22   0.00000000                            
PL51   6857.934327   4047.037737   9265.971470              
VL51 -13727.133800 -49500.743273  31901.364000              
*  2025  5 21  7 24   0.00000000                            
PL51   6677.553609   3448.658712   9634.010158              
VL51 -16330.544554 -50195.939078  29422.493139              
*  2025  5 21  7 26   0.00000000                            
PL51   6466.162764   2843.133294   9971.745249              
VL51 -18893.581906 -50691.638248  26852.116850              
*  2025  5 21  7 28   0.00000000                            
PL51   6224.314624   2232.859913  10278.127910              
VL51 -21404.878993 -50987.234586  24198.485046              
*  2025  5 21  7 30   0.00000000                            
PL51   5952.697420   1620.239286  10552.209856              
VL51 -23853.244647 -51082.952145  21470.101284              
*  2025  5 21  7 32   0.00000000                            
PL51   5652.132374   1007.664492  10793.146220              
VL51 -26227.712902 -50979.838675  18675.693097              
*  2025  5 21  7 34   0.00000000                            
PL51   5323.570708    397.511141  11000.198058              
VL51 -28517.591307 -50679.755440  15824.181823              
*  2025  5 21  7 36   0.00000000                            
PL51   4968.090075   -207.872303  11172.734494              
VL51 -30712.507839 -50185.363520  12924.652067              
*  2025  5 21  7 38   0.00000000                            
PL51   4586.890443   -806.174025  11310.234491              
VL51 -32802.456220 -49500.106716   9986.320911              
*  2025  5 21  7 40   0.00000000                            
PL51   4181.289442  -1395.128133  11412.288257              
VL51 -34777.839441 -48628.191186   7018.506980              
*  2025  5 21  7 42   0.00000000                            
PL51   3752.717202  -1972.523667  11478.598280              
VL51 -36629.511338 -47574.561950   4030.599494              
*  2025  5 21  7 44   0.00000000                            
PL51   3302.710705  -2536.213307  11508.979986              
VL51 -38348.816031 -46344.876430   1032.027394              
*  2025  5 21  7 46   0.00000000                            
PL51   2832.907671  -3084.121754  11503.362034              
VL51 -39927.625094 -44945.475168  -1967.771328              
*  2025  5 21  7 48   0.00000000                            
PL51   2345.040025  -3614.253736  11461.786242              
VL51 -41358.372314 -43383.349913  -4959.380010              
*  2025  5 21  7 50   0.00000000                            
PL51   1840.926949  -4124.701616  11384.407146              
VL51 -42634.085902 -41666.109255  -7933.433299              
*  2025  5 21  7 52   0.00000000                            
PL51   1322.467571  -4613.652582  11271.491216              
VL51 -43748.418082 -39801.941989 -10880.646635              
*  2025  5 21  7 54   0.00000000                            
PL51    791.633314  -5079.395375  11123.415704              
VL51 -44695.671932 -37799.578426 -13791.845165              
*  2025  5 21  7 56   0.00000000                            
PL51    250.459935  -5520.326546  10940.667160              
VL51 -45470.825430 -35668.249824 -16657.992000              
*  2025  5 21  7 58   0.00000000                            
PL51   -298.960700  -5934.956218  10723.839613              
VL51 -46069.552625 -33417.646162 -19470.215761              
*  2025  5 21  8  0   0.00000000                            
PL51   -854.489083  -6321.913327  10473.632418              
VL51 -46488.241886 -31057.872437 -22219.837343              
*  2025  5 21  8  2   0.00000000                            
PL51  -1413.946730  -6679.950336  10190.847799              
VL51 -46724.011184 -28599.403688 -24898.395858              
*  2025  5 21  8  4   0.00000000                            
PL51  -1975.125014  -7007.947397   9876.388074              
VL51 -46774.720360 -26053.038919 -27497.673690              
*  2025  5 21  8  6   0.00000000                            
PL51  -2535.794125  -7304.915962   9531.252590              
VL51 -46638.980356 -23429.854135 -30009.720631              
*  2025  5 21  8  8   0.00000000                            
PL51  -3093.712121  -7570.001816   9156.534380              
VL51 -46316.159379 -20741.154656 -32426.877015              
*  2025  5 21  8 10   0.00000000                            
PL51  -3646.634042  -7802.487546   8753.416534              
VL51 -45806.385982 -17998.426916 -34741.795819              
*  2025  5 21  8 12   0.00000000                            
PL51  -4192.321032  -8001.794417   8323.168328              
VL51 -45110.549066 -15213.289944 -36947.463659              
*  2025  5 21  8 14   0.00000000                            
PL51  -4728.549453  -8167.483677   7867.141095              
VL51 -44230.294819 -12397.446710 -39037.220635              
*  2025  5 21  8 16   0.00000000                            
PL51  -5253.119932  -8299.257270   7386.763875              
VL51 -43168.020611  -9562.635552 -41004.778967              
*  2025  5 21  8 18   0.00000000                            
PL51  -5763.866330  -8396.957970   6883.538838              
VL51 -41926.865899  -6720.581870 -42844.240384              
*  2025  5 21  8 20   0.00000000                            
PL51  -6258.664576  -8460.568940   6359.036516              
VL51 -40510.700190  -3882.950286 -44550.112224              
*  2025  5 21  8 22   0.00000000                            
PL51  -6735.441339  -8490.212715   5814.890845              
VL51 -38924.108140  -1061.297449 -46117.322216              
*  2025  5 21  8 24   0.00000000                            
PL51  -7192.182506  -8486.149631   5252.794038              
VL51 -37172.371840   1732.974331 -47541.231918              
*  2025  5 21  8 26   0.00000000                            
PL51  -7626.941436  -8448.775700   4674.491306              
VL51 -35261.450415   4488.662438 -48817.648790              
*  2025  5 21  8 28   0.00000000                            
PL51  -8037.846945  -8378.619942   4081.775440              
VL51 -33197.956984   7194.808143 -49942.836873              
*  2025  5 21  8 30   0.00000000                            
PL51  -8423.111003  -8276.341207   3476.481275              
VL51 -30989.133117   9840.739453 -50913.526076              
*  2025  5 21  8 32   0.00000000                            
PL51  -8781.036111  -8142.724479   2860.480054              
VL51 -28642.820881  12416.112485 -51726.920043              
*  2025  5 21  8 34   0.00000000                            
PL51  -9110.022329  -7978.676700   2235.673699              
VL51 -26167.432599  14910.951188 -52380.702597              
*  2025  5 21  8 36   0.00000000                            
PL51  -9408.573924  -7785.222129   1603.989021              
VL51 -23571.918450  17315.685297 -52873.042755              
*  2025  5 21  8 38   0.00000000                            
PL51  -9675.305621  -7563.497250    967.371871              
VL51 -20865.732052  19621.186360 -53202.598314              
*  2025  5 21  8 40   0.00000000                            
PL51  -9908.948429  -7314.745268    327.781265              
VL51 -18058.794151  21818.801741 -53368.518003              
*  2025  5 21  8 42   0.00000000                            
PL51 -10108.355021  -7040.310203   -312.816519              
VL51 -15161.454593  23900.386457 -53370.442224              
*  2025  5 21  8 44   0.00000000                            
PL51 -10272.504643  -6741.630622   -952.453833              
VL51 -12184.452729  25858.332745 -53208.502378              
*  2025  5 21  8 46   0.00000000                            
PL51 -10400.507547  -6420.233024  -1589.167542              
VL51  -9138.876402  27685.597286 -52883.318816              
*  2025  5 21  8 48   0.00000000                            
PL51 -10491.608919  -6077.724913  -2221.004875              
VL51  -6036.119705  29375.725972 -52395.997424              
*  2025  5 21  8 50   0.00000000                            
PL51 -10545.192296  -5715.787599  -2846.029218              
VL51  -2887.839670  30922.876166 -51748.124889              
*  2025  5 21  8 52   0.00000000                            
PL51 -10560.782456  -5336.168732  -3462.325857              
VL51    294.087955  32321.836384 -50941.762669              
*  2025  5 21  8 54   0.00000000                            
PL51 -10538.047774  -4940.674627  -4068.007624              
VL51   3497.613650  33568.043369 -49979.439718              
*  2025  5 21  8 56   0.00000000                            
PL51 -10476.802034  -4531.162397  -4661.220464              
VL51   6710.559647  34657.596503 -48864.144008              
*  2025  5 21  8 58   0.00000000                            
PL51 -10377.005694  -4109.531923  -5240.148885              
VL51   9920.665851  35587.269554 -47599.312879              
*  2025  5 21  9  0   0.00000000                            
PL51 -10238.766596  -3677.717711  -5803.021284              
VL51  13115.636019  36354.519727 -46188.822272              
*  2025  5 21  9  2   0.00000000                            
PL51 -10062.340123  -3237.680646  -6348.115142              
VL51  16283.184022  36957.494029 -44636.974893              
*  2025  5 21  9  4   0.00000000                            
PL51  -9848.128798  -2791.399689  -6873.762072              
VL51  19411.080050  37395.032950 -42948.487327              
*  2025  5 21  9  6   0.00000000                            
PL51  -9596.681336  -2340.863549  -7378.352697              
VL51  22487.196603  37666.671462 -41128.476176              
*  2025  5 21  9  8   0.00000000                            
PL51  -9308.691138  -1888.062356  -7860.341368              
VL51  25499.554110  37772.637372 -39182.443241              
*  2025  5 21  9 10   0.00000000                            
PL51  -8984.994247  -1434.979368  -8318.250690              
VL51  28436.366061  37713.847048 -37116.259804              
*  2025  5 21  9 12   0.00000000                            
PL51  -8626.566764   -983.582749  -8750.675858              
VL51  31286.083471  37491.898559 -34936.150051              
*  2025  5 21  9 14   0.00000000                            
PL51  -8234.521733   -535.817442  -9156.288787              
VL51  34037.438564  37109.062263 -32648.673687              
*  2025  5 21  9 16   0.00000000                            
PL51  -7810.105508    -93.597169  -9533.842032              
VL51  36679.487545  36568.268914 -30260.707772              
*  2025  5 21  9 18   0.00000000                            
PL51  -7354.693618    341.203408  -9882.172484              
VL51  39201.652328  35873.095325 -27779.427834              
*  2025  5 21  9 20   0.00000000                            
PL51  -6869.786131    766.756342 -10200.204831              
VL51  41593.761097  35027.747671 -25212.288296              
*  2025  5 21  9 22   0.00000000                            
PL51  -6357.002541   1181.287843 -10486.954788              
VL51  43846.087598  34037.042474 -22567.002245              
*  2025  5 21  9 24   0.00000000                            
PL51  -5818.076194   1583.085478 -10741.532076              
VL51  45949.389033  32906.385378 -19851.520586              
*  2025  5 21  9 26   0.00000000                            
PL51  -5254.848265   1970.505098 -10963.143145              
VL51  47894.942465  31641.747749 -17074.010606              
*  2025  5 21  9 28   0.00000000                            
PL51  -4669.261313   2341.977480 -11151.093643              
VL51  49674.579617  30249.641216 -14242.833971              
*  2025  5 21  9 30   0.00000000                            
PL51  -4063.352419   2696.014646 -11304.790610              
VL51  51280.719967  28737.090200 -11366.524194              
*  2025  5 21  9 32   0.00000000                            
PL51  -3439.245949   3031.215839 -11423.744406              
VL51  52706.402029  27111.602537  -8453.763575              
*  2025  5 21  9 34   0.00000000                            
PL51  -2799.145941   3346.273144 -11507.570351              
VL51  53945.312725  25381.138273  -5513.359658              
*  2025  5 21  9 36   0.00000000                            
PL51  -2145.328166   3639.976717 -11555.990090              
VL51  54991.814738  23554.076713  -2554.221214              
*  2025  5 21  9 38   0.00000000                            
PL51  -1480.131859   3911.219606 -11568.832658              
VL51  55840.971748  21639.181832    414.666233              
*  2025  5 21  9 40   0.00000000                            
PL51   -805.951168   4159.002156 -11546.035251              
VL51  56488.571436  19645.566119   3384.265299              
*  2025  5 21  9 42   0.00000000                            
PL51   -125.226341   4382.435967 -11487.643700              
VL51  56931.146166  17582.652978   6345.512049              
*  2025  5 21  9 44   0.00000000                            
PL51    559.565322   4580.747389 -11393.812634              
VL51  57165.991207  15460.137778   9289.341669              
*  2025  5 21  9 46   0.00000000                            
PL51   1245.918723   4753.280549 -11264.805334              
VL51  57191.180415  13287.947658  12206.714487              
*  2025  5 21  9 48   0.00000000                            
PL51   1931.310388   4899.499884 -11100.993276              
VL51  57005.579247  11076.200220  15088.642291              
*  2025  5 21  9 50   0.00000000                            
PL51   2613.208030   5018.992174 -10902.855353              
VL51  56608.855002   8835.161230  17926.214889              
*  2025  5 21  9 52   0.00000000                            
PL51   3289.080218   5111.468063 -10670.976777              
VL51  56001.484193   6575.201454  20710.626877              
*  2025  5 21  9 54   0.00000000                            
PL51   3956.406120   5176.763052 -10406.047665              
VL51  55184.756951   4306.752791  23433.204530              
*  2025  5 21  9 56   0.00000000                            
PL51   4612.685275   5214.837972 -10108.861289              
VL51  54160.778370   2040.263840  26085.432759              
*  2025  5 21  9 58   0.00000000                            
PL51   5255.447365   5225.778915  -9780.312020              
VL51  52932.466709   -213.844934  28658.982065              
*  2025  5 21 10  0   0.00000000                            
PL51   5882.261947   5209.796620  -9421.392933              
VL51  51503.548373  -2445.226260  31145.735394              
*  2025  5 21 10  2   0.00000000                            
PL51   6490.748103   5167.225332  -9033.193099              
VL51  49878.549621  -4643.651186  33537.814816              
*  2025  5 21 10  4   0.00000000                            
PL51   7078.583975   5098.521107  -8616.894559              
VL51  48062.784926  -6799.054059  35827.607924              
*  2025  5 21 10  6   0.00000000                            
PL51   7643.516131   5004.259587  -8173.768977              
VL51  46062.341963  -8901.577194  38007.793855              
*  2025  5 21 10  8   0.00000000                            
PL51   8183.368744   4885.133236  -7705.173993              
VL51  43884.063202 -10941.615004  40071.368806              
*  2025  5 21 10 10   0.00000000                            
PL51   8696.052515   4741.948054  -7212.549263              
VL51  41535.524080 -12909.857399  42011.670948              
*  2025  5 21 10 12   0.00000000                            
PL51   9179.573326   4575.619779  -6697.412212              
VL51  39025.007797 -14797.332244  43822.404597              
*  2025  5 21 10 14   0.00000000                            
PL51   9632.040560   4387.169578  -6161.353502              
VL51  36361.476740 -16595.446639  45497.663528              
*  2025  5 21 10 16   0.00000000                            
PL51  10051.675068   4177.719258  -5606.032218              
VL51  33554.540607 -18296.026824  47031.953304              
*  2025  5 21 10 18   0.00000000                            
PL51  10436.816727   3948.486003  -5033.170802              
VL51  30614.421302 -19891.356481  48420.212481              
*  2025  5 21 10 20   0.00000000                            
PL51  10785.931561   3700.776665  -4444.549733              
VL51  27551.914696 -21374.213208  49657.832562              
*  2025  5 21 10 22   0.00000000                            
PL51  11097.618382   3435.981629  -3842.001985              
VL51  24378.349391 -22737.902954  50740.676575              
*  2025  5 21 10 24   0.00000000                            
PL51  11370.614923   3155.568275  -3227.407256              
VL51  21105.542621 -23976.292205  51665.096138              
*  2025  5 21 10 26   0.00000000                            
PL51  11603.803424   2861.074074  -2602.686017              
VL51  17745.753486 -25083.837708  52427.946891              
*  2025  5 21 10 28   0.00000000                            
PL51  11796.215639   2554.099335  -1969.793378              
VL51  14311.633698 -26055.613547  53026.602184              
*  2025  5 21 10 30   0.00000000                            
PL51  11947.037244   2236.299653  -1330.712802              
VL51  10816.176088 -26887.335391  53458.964904              
*  2025  5 21 10 32   0.00000000                            
PL51  12055.611605   1909.378079   -687.449690              
VL51   7272.661090 -27575.381730  53723.477362              
*  2025  5 21 10 34   0.00000000                            
PL51  12121.442908   1575.077050    -42.024857              
VL51   3694.601495 -28116.811981  53819.129139              
*  2025  5 21 10 36   0.00000000                            
PL51  12144.198601   1235.170130    603.532068              
VL51     95.685733 -28509.381296  53745.462831              
*  2025  5 21 10 38   0.00000000                            
PL51  12123.711158    891.453589   1247.189306              
VL51  -3510.280010 -28751.551997  53502.577629              
*  2025  5 21 10 40   0.00000000                            
PL51  12059.979141    545.737864   1886.919615              
VL51  -7109.430535 -28842.501512  53091.130692              
*  2025  5 21 10 42   0.00000000                            
PL51  11953.167553    199.838947   2520.706984              
VL51 -10687.900912 -28782.126776  52512.336273              
*  2025  5 21 10 44   0.00000000                            
PL51  11803.607475   -144.430254   3146.553300              
VL51 -14231.885970 -28571.045033  51767.962600              
*  2025  5 21 10 46   0.00000000                            
PL51  11611.794997   -485.268549   3762.484969              
VL51 -17727.699670 -28210.591023  50860.326506              
*  2025  5 21 10 48   0.00000000                            
PL51  11378.389430   -820.895039   4366.559452              
VL51 -21161.834013 -27702.810577  49792.285834              
*  2025  5 21 10 50   0.00000000                            
PL51  11104.210823  -1149.557592   4956.871702              
VL51 -24521.017171 -27050.450626  48567.229649              
*  2025  5 21 10 52   0.00000000                            
PL51  10790.236782  -1469.541183   5531.560472              
VL51 -27792.270508 -26256.945712  47189.066335              
*  2025  5 21 10 54   0.00000000                            
PL51  10437.598621  -1779.176042   6088.814460              
VL51 -30962.964183 -25326.401057  45662.209615              
*  2025  5 21 10 56   0.00000000                            
PL51  10047.576847  -2076.845587   6626.878283              
VL51 -34020.871043 -24263.572313  43991.562607              
*  2025  5 21 10 58   0.00000000                            
PL51   9621.596018  -2360.994090   7144.058244              
VL51 -36954.218521 -23073.842107  42182.499996              
*  2025  5 21 11  0   0.00000000                            
PL51   9161.218985  -2630.134047   7638.727874              
VL51 -39751.738278 -21763.193527  40240.848422              
*  2025  5 21 11  2   0.00000000                            
PL51   8668.140555  -2882.853205   8109.333230              
VL51 -42402.713335 -20338.180724  38172.865221              
*  2025  5 21 11  4   0.00000000                            
PL51   8144.180610  -3117.821231   8554.397926              
VL51 -44897.022491 -18805.896789  35985.215608              
*  2025  5 21 11  6   0.00000000                            
PL51   7591.276701  -3333.795969   8972.527890              
VL51 -47225.181803 -17173.939114  33684.948458              
*  2025  5 21 11  8   0.00000000                            
PL51   7011.476171  -3529.629274   9362.415807              
VL51 -49378.382954 -15450.372436  31279.470801              
*  2025  5 21 11 10   0.00000000                            
PL51   6406.927829  -3704.272390   9722.845264              
VL51 -51348.528369 -13643.689774  28776.521167              
*  2025  5 21 11 12   0.00000000                            
PL51   5779.873233  -3856.780839  10052.694563              
VL51 -53128.262906 -11762.771488  26184.141931              
*  2025  5 21 11 14   0.00000000                            
PL51   5132.637603  -3986.318821  10350.940193              
VL51 -54711.002056  -9816.842686  23510.650779              
*  2025  5 21 11 16   0.00000000                            
PL51   4467.620427  -4092.163088  10616.659963              
VL51 -56090.956524  -7815.429212  20764.611454              
*  2025  5 21 11 18   0.00000000                            
PL51   3787.285785  -4173.706279  10849.035772              
VL51 -57263.153155  -5768.312455  17954.803904              
*  2025  5 21 11 20   0.00000000                            
PL51   3094.152451  -4230.459714  11047.356028              
VL51 -58223.452151  -3685.483211  15090.193971              
*  2025  5 21 11 22   0.00000000                            
PL51   2390.783806  -4262.055622  11211.017688              
VL51 -58968.560552  -1577.094834  12179.902754              
*  2025  5 21 11 24   0.00000000                            
PL51   1679.777617  -4268.248816  11339.527940              
VL51 -59496.041999    546.584083   9233.175771              
*  2025  5 21 11 26   0.00000000                            
PL51    963.755712  -4248.917783  11432.505513              
VL51 -59804.322784   2675.217276   6259.352039              
*  2025  5 21 11 28   0.00000000                            
PL51    245.353618  -4204.065211  11489.681606              
VL51 -59892.694225   4798.448403   3267.833182              
*  2025  5 21 11 30   0.00000000                            
PL51   -472.789822  -4133.817953  11510.900463              
VL51 -59761.311437   6905.948439    268.052678              
*  2025  5 21 11 32   0.00000000                            
PL51  -1188.042786  -4038.426406  11496.119567              
VL51 -59411.188543   8987.462671  -2730.554664              
*  2025  5 21 11 34   0.00000000                            
PL51  -1897.790738  -3918.263348  11445.409476              
VL51 -58844.190413  11032.857095  -5718.582911              
*  2025  5 21 11 36   0.00000000                            
PL51  -2599.446565  -3773.822212  11358.953295              
VL51 -58063.021018  13032.164004  -8686.684801              
*  2025  5 21 11 38   0.00000000                            
PL51  -3290.460566  -3605.714821  11237.045798              
VL51 -57071.208480  14975.626603 -11625.601066              
*  2025  5 21 11 40   0.00000000                            
PL51  -3968.330232  -3414.668598  11080.092200              
VL51 -55873.086933  16853.742452 -14526.189187              
*  2025  5 21 11 42   0.00000000                            
PL51  -4630.609794  -3201.523256  10888.606583              
VL51 -54473.775285  18657.305578 -17379.451517              
*  2025  5 21 11 44   0.00000000                            
PL51  -5274.919502  -2967.226998  10663.209994              
VL51 -52879.153025  20377.447077 -20176.562695              
*  2025  5 21 11 46   0.00000000                            
PL51  -5898.954586  -2712.832237  10404.628218              
VL51 -51095.833173  22005.674056 -22908.896279              
*  2025  5 21 11 48   0.00000000                            
PL51  -6500.493889  -2439.490856  10113.689233              
VL51 -49131.132537  23533.906763 -25568.050531              
*  2025  5 21 11 50   0.00000000                            
PL51  -7077.408116  -2148.449040   9791.320366              
VL51 -46993.039411  24954.513769 -28145.873294              
*  2025  5 21 11 52   0.00000000                            
PL51  -7627.667688  -1841.041694   9438.545152              
VL51 -44690.178864  26260.345061 -30634.485897              
*  2025  5 21 11 54   0.00000000                            
PL51  -8149.350167  -1518.686482   9056.479914              
VL51 -42231.775793  27444.762935 -33026.306030              
*  2025  5 21 11 56   0.00000000                            
PL51  -8640.647214  -1182.877499   8646.330076              
VL51 -39627.615888  28501.670576 -35314.069555              
*  2025  5 21 11 58   0.00000000                            
PL51  -9099.871082   -835.178625   8209.386218              
VL51 -36888.004695  29425.538218 -37490.851176              
*  2025  5 21 12  0   0.00000000                            
PL51  -9525.460597   -477.216578   7747.019891              
VL51 -34023.724942  30211.426804 -39550.083955              
*  2025  5 21 12  2   0.00000000                            
PL51  -9915.986620   -110.673690   7260.679209              
VL51 -31045.992303  30855.009054 -41485.577605              
*  2025  5 21 12  4   0.00000000                            
PL51 -10270.156970    262.719541   6751.884223              
VL51 -27966.409803  31352.587885 -43291.535545              
*  2025  5 21 12  6   0.00000000                            
PL51 -10586.820793    641.192114   6222.222100              
VL51 -24796.921015  31701.112110 -44962.570662              
*  2025  5 21 12  8   0.00000000                            
PL51 -10864.972364   1022.940356   5673.342126              
VL51 -21549.762271  31898.189383 -46493.719763              
*  2025  5 21 12 10   0.00000000                            
PL51 -11103.754306   1406.135889   5106.950531              
VL51 -18237.414048  31942.096345 -47880.456675              
*  2025  5 21 12 12   0.00000000                            
PL51 -11302.460227   1788.933709   4524.805181              
VL51 -14872.551749  31831.785944 -49118.703982              
*  2025  5 21 12 14   0.00000000                            
PL51 -11460.536763   2169.480327   3928.710126              
VL51 -11467.996046  31566.891927 -50204.843365              
*  2025  5 21 12 16   0.00000000                            
PL51 -11577.585018   2545.921955   3320.510033              
VL51  -8036.663000  31147.730487 -51135.724527              
*  2025  5 21 12 18   0.00000000                            
PL51 -11653.361413   2916.412689   2702.084529              
VL51  -4591.514133  30575.299094 -51908.672709              
*  2025  5 21 12 20   0.00000000                            
PL51 -11687.777931   3279.122663   2075.342453              
VL51  -1145.506667  29851.272512 -52521.494764              
*  2025  5 21 12 22   0.00000000                            
PL51 -11680.901767   3632.246141   1442.216047              
VL51   2288.455911  28977.996046 -52972.483808              
*  2025  5 21 12 24   0.00000000                            
PL51 -11632.954393   3974.009507    804.655104              
VL51   5697.572737  27958.476061 -53260.422442              
*  2025  5 21 12 26   0.00000000                            
PL51 -11544.310032   4302.679129    164.621076              
VL51   9069.193755  26796.367830 -53384.584545              
*  2025  5 21 12 28   0.00000000                            
PL51 -11415.493567   4616.569057   -475.918820              
VL51  12390.867020  25495.960763 -53344.735668              
*  2025  5 21 12 30   0.00000000                            
PL51 -11247.177883   4914.048537  -1114.997501              
VL51  15650.384944  24062.161109 -53141.132028              
*  2025  5 21 12 32   0.00000000                            
PL51 -11040.180666   5193.549289  -1750.653888              
VL51  18835.829310  22500.472194 -52774.518132              
*  2025  5 21 12 34   0.00000000                            
PL51 -10795.460665   5453.572551  -2380.938752              
VL51  21935.614924  20816.972302 -52246.123046              
*  2025  5 21 12 36   0.00000000                            
PL51 -10514.113439   5692.695825  -3003.920492              
VL51  24938.531727  19018.290291 -51557.655342              
*  2025  5 21 12 38   0.00000000                            
PL51 -10197.366616   5909.579334  -3617.690859              
VL51  27833.785235  17111.579050 -50711.296747              
*  2025  5 21 12 40   0.00000000                            
PL51  -9846.574672   6102.972135  -4220.370583              
VL51  30611.035174  15104.486925 -49709.694543              
*  2025  5 21 12 42   0.00000000                            
PL51  -9463.213253   6271.717890  -4810.114914              
VL51  33260.432172  13005.127222 -48555.952746              
*  2025  5 21 12 44   0.00000000                            
PL51  -9048.873080   6414.760247  -5385.119040              
VL51  35772.652412  10822.045927 -47253.622122              
*  2025  5 21 12 46   0.00000000                            
PL51  -8605.253443   6531.147834  -5943.623383              
VL51  38138.930125   8564.187773 -45806.689078              
*  2025  5 21 12 48   0.00000000                            
PL51  -8134.155318   6620.038832  -6483.918757              
VL51  40351.087853   6240.860776 -44219.563491              
*  2025  5 21 12 50   0.00000000                            
PL51  -7637.474143   6680.705115  -7004.351369              
VL51  42401.564392   3861.699399 -42497.065520              
*  2025  5 21 12 52   0.00000000                            
PL51  -7117.192262   6712.535936  -7503.327659              
VL51  44283.440352   1436.626458 -40644.411455              
*  2025  5 21 12 54   0.00000000                            
PL51  -6575.371085   6715.041161  -7979.318964              
VL51  45990.461287  -1024.186080 -38667.198648              
*  2025  5 21 12 56   0.00000000                            
PL51  -6014.142979   6687.854010  -8430.865998              
VL51  47517.058346  -3510.357286 -36571.389581              
*  2025  5 21 12 58   0.00000000                            
PL51  -5435.702935   6630.733327  -8856.583132              
VL51  48858.366402  -6011.338287 -34363.295106              
*  2025  5 21 13  0   0.00000000                            
PL51  -4842.300021   6543.565338  -9255.162468              
VL51  50010.239641  -8516.454017 -32049.556910              
*  2025  5 21 13  2   0.00000000                            
PL51  -4236.228674   6426.364919  -9625.377704              
VL51  50969.264580 -11014.945527 -29637.129226              
*  2025  5 21 13  4   0.00000000                            
PL51  -3619.819845   6279.276340  -9966.087769              
VL51  51732.770505 -13496.012764 -27133.259828              
*  2025  5 21 13  6   0.00000000                            
PL51  -2995.432037   6102.573504 -10276.240228              
VL51  52298.837307 -15948.857648 -24545.470358              
*  2025  5 21 13  8   0.00000000                            
PL51  -2365.442262   5896.659665 -10554.874450              
VL51  52666.300702 -18362.727349 -21881.535984              
*  2025  5 21 13 10   0.00000000                            
PL51  -1732.236956   5662.066620 -10801.124518              
VL51  52834.754845 -20726.957609 -19149.464445              
*  2025  5 21 13 12   0.00000000                            
PL51  -1098.202871   5399.453390 -11014.221900              
VL51  52804.552327 -23031.015984 -16357.474495              
*  2025  5 21 13 14   0.00000000                            
PL51   -465.717991   5109.604379 -11193.497842              
VL51  52576.801549 -25264.544879 -13513.973769              
*  2025  5 21 13 16   0.00000000                            
PL51    162.857512   4793.427022 -11338.385505              
VL51  52153.361500 -27417.404230 -10627.536110              
*  2025  5 21 13 18   0.00000000                            
PL51    785.190239   4451.948914 -11448.421814              
VL51  51536.833925 -29479.713714  -7706.878359              
*  2025  5 21 13 20   0.00000000                            
PL51   1398.982418   4086.314450 -11523.249039              
VL51  50730.552903 -31441.894330  -4760.836650              
*  2025  5 21 13 22   0.00000000                            
PL51   2001.980617   3697.780960 -11562.616075              
VL51  49738.571857 -33294.709230  -1798.342227              
*  2025  5 21 13 24   0.00000000                            
PL51   2591.984282   3287.714363 -11566.379443              
VL51  48565.647996 -35029.303646   1171.603191              
*  2025  5 21 13 26   0.00000000                            
PL51   3166.854083   2857.584347 -11534.503981              
VL51  47217.224232 -36637.243769   4139.952467              
*  2025  5 21 13 28   0.00000000                            
PL51   3724.520013   2408.959092 -11467.063238              
VL51  45699.408583 -38110.554438   7097.638484              
*  2025  5 21 13 30   0.00000000                            
PL51   4262.989241   1943.499546 -11364.239560              
VL51  44018.951108 -39441.755488  10035.599946              
*  2025  5 21 13 32   0.00000000                            
PL51   4780.353662   1462.953272 -11226.323862              
VL51  42183.218408 -40623.896595  12944.807490              
*  2025  5 21 13 34   0.00000000                            
PL51   5274.797131    969.147892 -11053.715091              
VL51  40200.165737 -41650.590485  15816.290062              
*  2025  5 21 13 36   0.00000000                            
PL51   5744.602347    463.984140 -10846.919360              
VL51  38078.306786 -42516.044336  18641.161533              
*  2025  5 21 13 38   0.00000000                            
PL51   6188.157363    -50.571453 -10606.548774              
VL51  35826.681189 -43215.089224  21410.647469              
*  2025  5 21 13 40   0.00000000                            
PL51   6603.961693   -572.494208 -10333.319927              
VL51  33454.819821 -43743.207453  24116.112032              
*  2025  5 21 13 42   0.00000000                            
PL51   6990.631984  -1099.709270 -10028.052076              
VL51  30972.707969 -44096.557612  26749.084915              
*  2025  5 21 13 44   0.00000000                            
PL51   7346.907238  -1630.099856  -9691.664995              
VL51  28390.746468 -44271.997203  29301.288259              
*  2025  5 21 13 46   0.00000000                            
PL51   7671.653560  -2161.515771  -9325.176501              
VL51  25719.710883 -44267.102677  31764.663462              
*  2025  5 21 13 48   0.00000000                            
PL51   7963.868396  -2691.782137  -8929.699669              
VL51  22970.708869 -44080.186730  34131.397785              
*  2025  5 21 13 50   0.00000000                            
PL51   8222.684258  -3218.708321  -8506.439718              
VL51  20155.135834 -43710.312707  36393.950656              
*  2025  5 21 13 52   0.00000000                            
PL51   8447.371897  -3740.097011  -8056.690590              
VL51  17284.629038 -43157.305980  38545.079572              
*  2025  5 21 13 54   0.00000000                            
PL51   8637.342929  -4253.753415  -7581.831224              
VL51  14371.020298 -42421.762170  40577.865476              
*  2025  5 21 13 56   0.00000000                            
PL51   8792.151876  -4757.494537  -7083.321521              
VL51  11426.287467 -41505.052087  42485.737490              
*  2025  5 21 13 58   0.00000000                            
PL51   8911.497624  -5249.158489  -6562.698024              
VL51   8462.504881 -40409.323298  44262.496888              
*  2025  5 21 14  0   0.00000000                            
PL51   8995.224278  -5726.613810  -6021.569313              
VL51   5491.792972 -39137.498227  45902.340177              
*  2025  5 21 14  2   0.00000000                            
PL51   9043.321409  -6187.768729  -5461.611124              
VL51   2526.267265 -37693.268721  47399.881155              
*  2025  5 21 14  4   0.00000000                            
PL51   9055.923690  -6630.580352  -4884.561224              
VL51   -422.013011 -36081.087021  48750.171821              
*  2025  5 21 14  6   0.00000000                            
PL51   9033.309906  -7053.063713  -4292.214023              
VL51  -3341.096463 -34306.153119  49948.721998              
*  2025  5 21 14  8   0.00000000                            
PL51   8975.901359  -7453.300650  -3686.414976              
VL51  -6219.190967 -32374.398483  50991.517553              
*  2025  5 21 14 10   0.00000000                            
PL51   8884.259642  -7829.448474  -3069.054769              
VL51  -9044.714733 -30292.466154  51875.037075              
*  2025  5 21 14 12   0.00000000                            
PL51   8759.083815  -8179.748364  -2442.063311              
VL51 -11806.346743 -28067.687280  52596.266887              
*  2025  5 21 14 14   0.00000000                            
PL51   8601.206979  -8502.533468  -1807.403561              
VL51 -14493.076284 -25708.054120  53152.714297              
*  2025  5 21 14 16   0.00000000                            
PL51   8411.592257  -8796.236658  -1167.065207              
VL51 -17094.251289 -23222.189627  53542.418949              
*  2025  5 21 14 18   0.00000000                            
PL51   8191.328213  -9059.397899   -523.058220              
VL51 -19599.625232 -20619.313733  53763.962208              
*  2025  5 21 14 20   0.00000000                            
PL51   7941.623706  -9290.671193    122.593692              
VL51 -21999.402282 -17909.206466  53816.474474              
*  2025  5 21 14 22   0.00000000                            
PL51   7663.802225  -9488.831065    767.859711              
VL51 -24284.280465 -15102.168078  53699.640372              
*  2025  5 21 14 24   0.00000000                            
PL51   7359.295716  -9652.778555   1410.708573              
VL51 -26445.492569 -12208.976391  53413.701746              
*  2025  5 21 14 26   0.00000000                            
PL51   7029.637926  -9781.546674   2049.115265              
VL51 -28474.844558  -9240.841548  52959.458436              
*  2025  5 21 14 28   0.00000000                            
PL51   6676.457314  -9874.305313   2681.067713              
VL51 -30364.751252  -6209.358442  52338.266811              
*  2025  5 21 14 30   0.00000000                            
PL51   6301.469541  -9930.365564   3304.573443              
VL51 -32108.269078  -3126.457046  51552.036046              
*  2025  5 21 14 32   0.00000000                            
PL51   5906.469594  -9949.183431   3917.666178              
VL51 -33699.125690     -4.350939  50603.222158              
*  2025  5 21 14 34   0.00000000                            
PL51   5493.323565  -9930.362919   4518.412355              
VL51 -35131.746287   3144.515709  49494.819840              
*  2025  5 21 14 36   0.00000000                            
PL51   5063.960144  -9873.658475   5104.917528              
VL51 -36401.276498   6307.522386  48230.352114              
*  2025  5 21 14 38   0.00000000                            
PL51   4620.361850  -9778.976777   5675.332637              
VL51 -37503.601689   9471.927431  46813.857883              
*  2025  5 21 14 40   0.00000000                            
PL51   4164.556063  -9646.377848   6227.860111              
VL51 -38435.362610  12624.923865  45249.877442              
*  2025  5 21 14 42   0.00000000                            
PL51   3698.605876  -9476.075507   6760.759793              
VL51 -39193.967316  15753.695549  43543.436034              
*  2025  5 21 14 44   0.00000000                            
PL51   3224.600843  -9268.437141   7272.354644              
VL51 -39777.599300  18845.473374  41700.025556              
*  2025  5 21 14 46   0.00000000                            
PL51   2744.647635  -9023.982804   7761.036231              
VL51 -40185.221836  21887.591186  39725.584511              
*  2025  5 21 14 48   0.00000000                            
PL51   2260.860686  -8743.383649   8225.269954              
VL51 -40416.578523  24867.541142  37626.476328              
*  2025  5 21 14 50   0.00000000                            
PL51   1775.352834  -8427.459701   8663.600008              
VL51 -40472.190077  27773.028216  35409.466170              
*  2025  5 21 14 52   0.00000000                            
PL51   1290.226042  -8077.176978   9074.654060              
VL51 -40353.347406  30592.023588  33081.696371              
*  2025  5 21 14 54   0.00000000                            
PL51    807.562211  -7693.643989   9457.147617              
VL51 -40062.101064  33312.816651  30650.660624              
*  2025  5 21 14 56   0.00000000                            
PL51    329.414144  -7278.107608   9809.888087              
VL51 -39601.247174  35924.065378  28124.177066              
*  2025  5 21 14 58   0.00000000                            
PL51   -142.203294  -6831.948355  10131.778501              
VL51 -38974.309936  38414.844842  25510.360404              
*  2025  5 21 15  0   0.00000000                            
PL51   -605.321796  -6356.675118  10421.820905              
VL51 -38185.520869  40774.693659  22817.593219              
*  2025  5 21 15  2   0.00000000                            
PL51  -1058.027959  -5853.919314  10679.119395              
VL51 -37239.794926  42993.658178  20054.496576              
*  2025  5 21 15  4   0.00000000                            
PL51  -1498.471329  -5325.428550  10902.882802              
VL51 -36142.703661  45062.334222  17229.900088              
*  2025  5 21 15  6   0.00000000                            
PL51  -1924.872100  -4773.059788  11092.427012              
VL51 -34900.445608  46971.906248  14352.811556              
*  2025  5 21 15  8   0.00000000                            
PL51  -2335.528455  -4198.772062  11247.176919              
VL51 -33519.814072  48714.183764  11432.386303              
*  2025  5 21 15 10   0.00000000                            
PL51  -2728.823488  -3604.618772  11366.668014              
VL51 -32008.162509  50281.634893   8477.896325              
*  2025  5 21 15 12   0.00000000                            
PL51  -3103.231717  -2992.739593  11450.547597              
VL51 -30373.367712  51667.416967   5498.699372              
*  2025  5 21 15 14   0.00000000                            
PL51  -3457.325126  -2365.352039  11498.575619              
VL51 -28623.790981  52865.404058   2504.208067              
*  2025  5 21 15 16   0.00000000                            
PL51  -3789.778740  -1724.742712  11510.625162              
VL51 -26768.237506  53870.211363   -496.140842              
*  2025  5 21 15 18   0.00000000                            
PL51  -4099.375699  -1073.258276  11486.682536              
VL51 -24815.914154  54677.216381  -3492.916972              
*  2025  5 21 15 20   0.00000000                            
PL51  -4385.011818   -413.296199  11426.847030              
VL51 -22776.385891  55282.576829  -6476.726469              
*  2025  5 21 15 22   0.00000000                            
PL51  -4645.699618    252.704696  11331.330290              
VL51 -20659.531030  55683.245263  -9438.241729              
*  2025  5 21 15 24   0.00000000                            
PL51  -4880.571811    922.273849  11200.455350              
VL51 -18475.495542  55876.980394 -12368.230607              
*  2025  5 21 15 26   0.00000000                            
PL51  -5088.884235   1592.918679  11034.655314              
VL51 -16234.646620  55862.355075 -15257.585025              
*  2025  5 21 15 28   0.00000000                            
PL51  -5270.018225   2262.134390  10834.471695              
VL51 -13947.525717  55638.760981 -18097.348912              
*  2025  5 21 15 30   0.00000000                            
PL51  -5423.482427   2927.413809  10600.552436              
VL51 -11624.801259  55206.409994 -20878.745398              
*  2025  5 21 15 32   0.00000000                            
PL51  -5548.914029   3586.257218  10333.649590              
VL51  -9277.221235  54566.332315 -23593.203216              
*  2025  5 21 15 34   0.00000000                            
PL51  -5646.079437   4236.182147  10034.616707              
VL51  -6915.565861  53720.371349 -26232.382224              
*  2025  5 21 15 36   0.00000000                            
PL51  -5714.874378   4874.733088   9704.405906              
VL51  -4550.600513  52671.175398 -28788.198018              
*  2025  5 21 15 38   0.00000000                            
PL51  -5755.323440   5499.491083   9344.064666              
VL51  -2193.029114  51422.186228 -31252.845564              
*  2025  5 21 15 40   0.00000000                            
PL51  -5767.579060   6108.083169   8954.732339              
VL51    146.551827  49977.624572 -33618.821794              
*  2025  5 21 15 42   0.00000000                            
PL51  -5751.919960   6698.191616   8537.636390              
VL51   2457.698367  48342.472643 -35878.947129              
*  2025  5 21 15 44   0.00000000                            
PL51  -5708.749058   7267.562951   8094.088400              
VL51   4730.163265  46522.453741 -38026.385872              
*  2025  5 21 15 46   0.00000000                            
PL51  -5638.590837   7814.016712   7625.479815              
VL51   6953.938967  44524.009057 -40054.665423              
*  2025  5 21 15 48   0.00000000                            
PL51  -5542.088227   8335.453912   7133.277483              
VL51   9119.299242  42354.271767 -41957.694277              
*  2025  5 21 15 50   0.00000000                            
PL51  -5419.998984   8829.865169   6619.018982              
VL51  11216.839338  40021.038546 -43729.778765              
*  2025  5 21 15 52   0.00000000                            
PL51  -5273.191597   9295.338492   6084.307746              
VL51  13237.514491  37532.738614 -45365.638499              
*  2025  5 21 15 54   0.00000000                            
PL51  -5102.640747   9730.066669   5530.808024              
VL51  15172.676651  34898.400455 -46860.420487              
*  2025  5 21 15 56   0.00000000                            
PL51  -4909.422338  10132.354250   4960.239673              
VL51  17014.109298  32127.616359 -48209.711904              
*  2025  5 21 15 58   0.00000000                            
PL51  -4694.708117  10500.624089   4374.372804              
VL51  18754.060207  29230.504911 -49409.551470              
*  2025  5 21 16  0   0.00000000                            
PL51  -4459.759920  10833.423422   3775.022304              
VL51  20385.272064  26217.671610 -50456.439448              
*  2025  5 21 16  2   0.00000000                            
PL51  -4205.923554  11129.429472   3164.042242              
VL51  21901.010818  23100.167758 -51347.346220              
*  2025  5 21 16  4   0.00000000                            
PL51  -3934.622369  11387.454537   2543.320189              
VL51  23295.091670  19889.447797 -52079.719435              
*  2025  5 21 16  6   0.00000000                            
PL51  -3647.350514  11606.450568   1914.771449              
VL51  24561.902621  16597.325250 -52651.489730              
*  2025  5 21 16  8   0.00000000                            
PL51  -3345.665941  11785.513206   1280.333237              
VL51  25696.425490  13235.927469 -53061.075002              
*  2025  5 21 16 10   0.00000000                            
PL51  -3031.183163  11923.885276    641.958818              
VL51  26694.254340   9817.649357 -53307.383254              
*  2025  5 21 16 12   0.00000000                            
PL51  -2705.565811  12020.959708      1.611611              
VL51  27551.611272   6355.106245 -53389.813995              
*  2025  5 21 16 14   0.00000000                            
PL51  -2370.519016  12076.281901   -638.740710              
VL51  28265.359518   2861.086125 -53308.258219              
*  2025  5 21 16 16   0.00000000                            
PL51  -2027.781648  12089.551506  -1277.132104              
VL51  28833.013826   -651.498565 -53063.096998              
*  2025  5 21 16 18   0.00000000                            
PL51  -1679.118454  12060.623627  -1911.604029              
VL51  29252.748112  -4169.659423 -52655.198682              
*  2025  5 21 16 20   0.00000000                            
PL51  -1326.312112  11989.509440  -2540.211270              
VL51  29523.400374  -7680.380646 -52085.914772              
*  2025  5 21 16 22   0.00000000                            
PL51   -971.155246  11876.376237  -3161.027699              
VL51  29644.474886 -11170.667483 -51357.074487              
*  2025  5 21 16 24   0.00000000                            
PL51   -615.442435  11721.546875  -3772.151975              
VL51  29616.141691 -14627.594424 -50470.978083              
*  2025  5 21 16 26   0.00000000                            
PL51   -260.962235  11525.498665  -4371.713146              
VL51  29439.233412 -18038.352939 -49430.388948              
*  2025  5 21 16 28   0.00000000                            
PL51     90.510736  11288.861682  -4957.876154              
VL51  29115.239444 -21390.298641 -48238.524531              
*  2025  5 21 16 30   0.00000000                            
PL51    437.223633  11012.416517  -5528.847225              
VL51  28646.297552 -24670.997695 -46899.046149              
*  2025  5 21 16 32   0.00000000                            
PL51    777.453101  10697.091473  -6082.879129              
VL51  28035.182938 -27868.272349 -45416.047695              
*  2025  5 21 16 34   0.00000000                            
PL51   1109.512847  10343.959230  -6618.276295              
VL51  27285.294828 -30970.245437 -43794.043301              
*  2025  5 21 16 36   0.00000000                            
PL51   1431.761032   9954.232971  -7133.399779              
VL51  26400.640655 -33965.383720 -42037.954001              
*  2025  5 21 16 38   0.00000000                            
PL51   1742.607470   9529.262004  -7626.672059              
VL51  25385.817902 -36842.539937 -40153.093409              
*  2025  5 21 16 40   0.00000000                            
PL51   2040.520581   9070.526884  -8096.581655              
VL51  24245.993683 -39590.993427 -38145.152497              
*  2025  5 21 16 42   0.00000000                            
PL51   2324.034098   8579.634057  -8541.687564              
VL51  22986.882149 -42200.489228 -36020.183468              
*  2025  5 21 16 44   0.00000000                            
PL51   2591.753481   8058.310050  -8960.623491              
VL51  21614.719813 -44661.275519 -33784.582804              
*  2025  5 21 16 46   0.00000000                            
PL51   2842.362034   7508.395209  -9352.101878              
VL51  20136.238878 -46964.139290 -31445.073522              
*  2025  5 21 16 48   0.00000000                            
PL51   3074.626677   6931.837036  -9714.917710              
VL51  18558.638677 -49100.440186 -29008.686656              
*  2025  5 21 16 50   0.00000000                            
PL51   3287.403374   6330.683121 -10047.952094              
VL51  16889.555334 -51062.142384 -26482.742043              
*  2025  5 21 16 52   0.00000000                            
PL51   3479.642184   5707.073705 -10350.175612              
VL51  15137.029724 -52841.844450 -23874.828409              
*  2025  5 21 16 54   0.00000000                            
PL51   3650.391920   5063.233901 -10620.651420              
VL51  13309.473878 -54432.807078 -21192.782818              
*  2025  5 21 16 56   0.00000000                            
PL51   3798.804387   4401.465591 -10858.538103              
VL51  11415.635916 -55828.978650 -18444.669499              
*  2025  5 21 16 58   0.00000000                            
PL51   3924.138207   3724.139035 -11063.092273              
VL51   9464.563624 -57025.018520 -15638.758093              
*  2025  5 21 17  0   0.00000000                            
PL51   4025.762184   3033.684205 -11233.670896              
VL51   7465.566803 -58016.317986 -12783.501328              
*  2025  5 21 17  2   0.00000000                            
PL51   4103.158218   2332.581897 -11369.733359              
VL51   5428.178498 -58799.018854  -9887.512182              
*  2025  5 21 17  4   0.00000000                            
PL51   4155.923747   1623.354615 -11470.843245              
VL51   3362.115223 -59370.029551  -6959.540519              
*  2025  5 21 17  6   0.00000000                            
PL51   4183.773706    908.557296 -11536.669842              
VL51   1277.236316 -59727.038707  -4008.449255              
*  2025  5 21 17  8   0.00000000                            
PL51   4186.541990    190.767876 -11566.989348              
VL51   -816.497460 -59868.526171  -1043.190066              
*  2025  5 21 17 10   0.00000000                            
PL51   4164.182424   -527.422258 -11561.685790              
VL51  -2909.065932 -59793.771375   1927.221340              
*  2025  5 21 17 12   0.00000000                            
PL51   4116.769218  -1243.417902 -11520.751644              
VL51  -4990.432025 -59502.859012   4893.730353              
*  2025  5 21 17 14   0.00000000                            
PL51   4044.496917  -1954.629711 -11444.288145              
VL51  -7050.584614 -58996.681963   7847.268971              
*  2025  5 21 17 16   0.00000000                            
PL51   3947.679823  -2658.483910 -11332.505298              
VL51  -9079.581588 -58276.941411  10778.781653              
*  2025  5 21 17 18   0.00000000                            
PL51   3826.750920  -3352.431974 -11185.721565              
VL51 -11067.592979 -57346.144114  13679.251481              
*  2025  5 21 17 20   0.00000000                            
PL51   3682.260258  -4033.960266 -11004.363253              
VL51 -13004.943990 -56207.596761  16539.726592              
*  2025  5 21 17 22   0.00000000                            
PL51   3514.872844  -4700.599587 -10788.963562              
VL51 -14882.157783 -54865.397380  19351.346824              
*  2025  5 21 17 24   0.00000000                            
PL51   3325.366003  -5349.934607 -10540.161334              
VL51 -16689.997842 -53324.423766  22105.370531              
*  2025  5 21 17 26   0.00000000                            
PL51   3114.626250  -5979.613135 -10258.699462              
VL51 -18419.509759 -51590.318880  24793.201491              
*  2025  5 21 17 28   0.00000000                            
PL51   2883.645654  -6587.355202  -9945.422990              
VL51 -20062.062245 -49669.473223  27406.415844              
*  2025  5 21 17 30   0.00000000                            
PL51   2633.517719  -7170.961908  -9601.276876              
VL51 -21609.387202 -47569.004153  29936.788980              
*  2025  5 21 17 32   0.00000000                            
PL51   2365.432793  -7728.324002  -9227.303446              
VL51 -23053.618656 -45296.732170  32376.322297              
*  2025  5 21 17 34   0.00000000                            
PL51   2080.673013  -8257.430171  -8824.639520              
VL51 -24387.330372 -42861.154162  34717.269734              
*  2025  5 21 17 36   0.00000000                            
PL51   1780.606812  -8756.374973  -8394.513224              
VL51 -25603.571953 -40271.413657  36952.163979              
*  2025  5 21 17 38   0.00000000                            
PL51   1466.682999  -9223.366404  -7938.240490              
VL51 -26695.903221 -37537.268117  39073.842255              
*  2025  5 21 17 40   0.00000000                            
PL51   1140.424442  -9656.733060  -7457.221250              
VL51 -27658.426700 -34669.053339  41075.471552              
*  2025  5 21 17 42   0.00000000                            
PL51    803.421367 -10054.930845  -6952.935331              
VL51 -28485.817995 -31677.645041  42950.573196              
*  2025  5 21 17 44   0.00000000                            
PL51    457.324315 -10416.549206  -6426.938058              
VL51 -29173.353873 -28574.417748  44693.046630              
*  2025  5 21 17 46   0.00000000                            
PL51    103.836769 -10740.316861  -5880.855577              
VL51 -29716.937873 -25371.201087  46297.192257              
*  2025  5 21 17 48   0.00000000                            
PL51   -255.292510 -11025.106983  -5316.379918              
VL51 -30113.123263 -22080.233654  47757.733240              
*  2025  5 21 17 50   0.00000000                            
PL51   -618.277396 -11269.941822  -4735.263791              
VL51 -30359.133164 -18714.114619  49069.836108              
*  2025  5 21 17 52   0.00000000                            
PL51   -983.302550 -11473.996731  -4139.315149              
VL51 -30452.877706 -15285.753247  50229.130042              
*  2025  5 21 17 54   0.00000000                            
PL51  -1348.531748 -11636.603573  -3530.391530              
VL51 -30392.968049 -11808.316564  51231.724713              
*  2025  5 21 17 56   0.00000000                            
PL51  -1712.116362 -11757.253492  -2910.394192              
VL51 -30178.727167  -8295.175390  52074.226545              
*  2025  5 21 17 58   0.00000000                            
PL51  -2072.203947 -11835.599030  -2281.262060              
VL51 -29810.197258  -4759.848992  52753.753282              
*  2025  5 21 18  0   0.00000000                            
PL51  -2426.946904 -11871.455568  -1644.965514              
VL51 -29288.143709  -1215.948621  53267.946757              
*  2025  5 21 18  2   0.00000000                            
PL51  -2774.511160 -11864.802089  -1003.500033              
VL51 -28614.055539   2322.879772  53614.983745              
*  2025  5 21 18  4   0.00000000                            
PL51  -3113.084839 -11815.781244   -358.879718              
VL51 -27790.142274   5843.013355  53793.584823              
*  2025  5 21 18  6   0.00000000                            
PL51  -3440.886872 -11724.698733    286.869273              
VL51 -26819.327222   9330.910459  53803.021146              
*  2025  5 21 18  8   0.00000000                            
PL51  -3756.175499 -11592.021976    931.715365              
VL51 -25705.237163  12773.168522  53643.119080              
*  2025  5 21 18 10   0.00000000                            
PL51  -4057.256638 -11418.378103   1573.628243              
VL51 -24452.188472  16156.581621  53314.262636              
*  2025  5 21 18 12   0.00000000                            
PL51  -4342.492053 -11204.551248   2210.585548              
VL51 -23065.169722  19468.197261  52817.393669              
*  2025  5 21 18 14   0.00000000                            
PL51  -4610.307305 -10951.479180   2840.579562              
VL51 -21549.820865  22695.372104  52154.009831              
*  2025  5 21 18 16   0.00000000                            
PL51  -4859.199420 -10660.249256   3461.623852              
VL51 -19912.409068  25825.826314  51326.160268              
*  2025  5 21 18 18   0.00000000                            
PL51  -5087.744261 -10332.093748   4071.759853              
VL51 -18159.801348  28847.696225  50336.439083              
*  2025  5 21 18 20   0.00000000                            
PL51  -5294.603541  -9968.384540   4669.063358              
VL51 -16299.434158  31749.585016  49187.976602              
*  2025  5 21 18 22   0.00000000                            
PL51  -5478.531464  -9570.627233   5251.650884              
VL51 -14339.280069  34520.611143  47884.428479              
*  2025  5 21 18 24   0.00000000                            
PL51  -5638.380942  -9140.454685   5817.685908              
VL51 -12287.811766  37150.454241  46429.962715              
*  2025  5 21 18 26   0.00000000                            
PL51  -5773.109368  -8679.620013   6365.384920              
VL51 -10153.963535  39629.398265  44829.244662              
*  2025  5 21 18 28   0.00000000                            
PL51  -5881.783914  -8189.989099   6893.023295              
VL51  -7947.090477  41948.371656  43087.420101              
*  2025  5 21 18 30   0.00000000                            
PL51  -5963.586325  -7673.532631   7398.940950              
VL51  -5676.925668  44098.984319  41210.096487              
*  2025  5 21 18 32   0.00000000                            
PL51  -6017.817187  -7132.317717   7881.547757              
VL51  -3353.535510  46073.561246  39203.322483              
*  2025  5 21 18 34   0.00000000                            
PL51  -6043.899655  -6568.499125   8339.328709              
VL51   -987.273530  47865.172634  37073.565890              
*  2025  5 21 18 36   0.00000000                            
PL51  -6041.382609  -5984.310174   8770.848815              
VL51   1411.267133  49467.660373  34827.690111              
*  2025  5 21 18 38   0.00000000                            
PL51  -6009.943244  -5382.053333   9174.757689              
VL51   3831.302281  50875.660803  32472.929267              
*  2025  5 21 18 40   0.00000000                            
PL51  -5949.389065  -4764.090574   9549.793852              
VL51   6261.905994  52084.623682  30016.862115              
*  2025  5 21 18 42   0.00000000                            
PL51  -5859.659288  -4132.833513   9894.788703              
VL51   8692.060510  53090.827307  27467.384893              
*  2025  5 21 18 44   0.00000000                            
PL51  -5740.825645  -3490.733395  10208.670159              
VL51  11110.706366  53891.389764  24832.683232              
*  2025  5 21 18 46   0.00000000                            
PL51  -5593.092579  -2840.270974  10490.465959              
VL51  13506.792576  54484.276325  22121.203270              
*  2025  5 21 18 48   0.00000000                            
PL51  -5416.796843  -2183.946316  10739.306608              
VL51  15869.326590  54868.302985  19341.622107              
*  2025  5 21 18 50   0.00000000                            
PL51  -5212.406506  -1524.268588  10954.427975              
VL51  18187.423790  55043.136205  16502.817724              
*  2025  5 21 18 52   0.00000000                            
PL51  -4980.519355   -863.745879  11135.173517              
VL51  20450.356311  55009.288902  13613.838518              
*  2025  5 21 18 54   0.00000000                            
PL51  -4721.860736   -204.875079  11280.996140              
VL51  22647.600948  54768.112792  10683.872558              
*  2025  5 21 18 56   0.00000000                            
PL51  -4437.280808    449.868122  11391.459690              
VL51  24768.885954  54321.787157   7722.216696              
*  2025  5 21 18 58   0.00000000                            
PL51  -4127.751254   1098.039079  11466.240074              
VL51  26804.236532  53673.304172   4738.245646              
*  2025  5 21 19  0   0.00000000                            
PL51  -3794.361452   1737.233839  11505.126010              
VL51  28744.018828  52826.450901   1741.381127              
*  2025  5 21 19  2   0.00000000                            
PL51  -3438.314131   2365.098564  11508.019402              
VL51  30578.982251  51785.788095  -1258.938826              
*  2025  5 21 19  4   0.00000000                            
PL51  -3060.920520   2979.338661  11474.935359              
VL51  32300.299959  50556.625944  -4253.290273              
*  2025  5 21 19  6   0.00000000                            
PL51  -2663.595037   3577.727628  11406.001839              
VL51  33899.607347  49144.996910  -7232.293433              
*  2025  5 21 19  8   0.00000000                            
PL51  -2247.849518   4158.115532  11301.458947              
VL51  35369.038401  47557.625824 -10186.642289              
*  2025  5 21 19 10   0.00000000                            
PL51  -1815.287027   4718.437136  11161.657872              
VL51  36701.259771  45801.897395 -13107.133665              
*  2025  5 21 19 12   0.00000000                            
PL51  -1367.595274   5256.719602  10987.059478              
VL51  37889.502466  43885.821313 -15984.695682              
*  2025  5 21 19 14   0.00000000                            
PL51   -906.539665   5771.089776  10778.232568              
VL51  38927.591031  41817.995123 -18810.415521              
*  2025  5 21 19 16   0.00000000                            
PL51   -433.956011   6259.781003  10535.851809              
VL51  39809.970145  39607.565051 -21575.566435              
*  2025  5 21 19 18   0.00000000                            
PL51     48.257049   6721.139476  10260.695339              
VL51  40531.728525  37264.184968 -24271.633921              
*  2025  5 21 19 20   0.00000000                            
PL51    538.145917   7153.630063   9953.642070              
VL51  41088.620079  34797.973688 -26890.341017              
*  2025  5 21 19 22   0.00000000                            
PL51   1033.710122   7555.841629   9615.668693              
VL51  41477.082239  32219.470777 -29423.672648              
*  2025  5 21 19 24   0.00000000                            
PL51   1532.910625   7926.491812   9247.846388              
VL51  41694.251425  29539.591072 -31863.898985              
*  2025  5 21 19 26   0.00000000                            
PL51   2033.678282   8264.431246   8851.337270              
VL51  41737.975588  26769.578097 -34203.597757              
*  2025  5 21 19 28   0.00000000                            
PL51   2533.922440   8568.647223   8427.390571              
VL51  41606.823811  23920.956574 -36435.675469              
*  2025  5 21 19 30   0.00000000                            
PL51   3031.539640   8838.266777   7977.338569              
VL51  41300.092930  21005.484207 -38553.387491              
*  2025  5 21 19 32   0.00000000                            
PL51   3524.422370   9072.559191   7502.592291              
VL51  40817.811178  18035.102944 -40550.356965              
*  2025  5 21 19 34   0.00000000                            
PL51   4010.467850   9270.937911   7004.636989              
VL51  40160.738834  15021.889904 -42420.592486              
*  2025  5 21 19 36   0.00000000                            
PL51   4487.586804   9432.961871   6485.027418              
VL51  39330.365897  11978.008155 -44158.504522              
*  2025  5 21 19 38   0.00000000                            
PL51   4953.712192   9558.336234   5945.382920              
VL51  38328.906805   8915.657549 -45758.920528              
*  2025  5 21 19 40   0.00000000                            
PL51   5406.807852   9646.912537   5387.382333              
VL51  37159.292236   5847.025802 -47217.098726              
*  2025  5 21 19 42   0.00000000                            
PL51   5844.877035   9698.688253   4812.758754              
VL51  35825.158030   2784.240005 -48528.740506              
*  2025  5 21 19 44   0.00000000                            
PL51   6265.970785   9713.805777   4223.294144              
VL51  34330.831308   -260.681232 -49690.001443              
*  2025  5 21 19 46   0.00000000                            
PL51   6668.196136   9692.550842   3620.813825              
VL51  32681.313843  -3275.874826 -50697.500904              
*  2025  5 21 19 48   0.00000000                            
PL51   7049.724098   9635.350372   3007.180864              
VL51  30882.262781  -6249.679283 -51548.330225              
*  2025  5 21 19 50   0.00000000                            
PL51   7408.797389   9542.769796   2384.290362              
VL51  28939.968788  -9170.679593 -52240.059471              
*  2025  5 21 19 52   0.00000000                            
PL51   7743.737898   9415.509824   1754.063682              
VL51  26861.331735 -12027.750807 -52770.742755              
*  2025  5 21 19 54   0.00000000                            
PL51   8052.953834   9254.402715   1118.442614              
VL51  24653.834018 -14810.100130 -53138.922131              
*  2025  5 21 19 56   0.00000000                            
PL51   8334.946545   9060.408045    479.383499              
VL51  22325.511648 -17507.307376 -53343.630066              
*  2025  5 21 19 58   0.00000000                            
PL51   8588.316982   8834.608003   -161.148656              
VL51  19884.923206 -20109.363663 -53384.390483              
*  2025  5 21 20  0   0.00000000                            
PL51   8811.771769   8578.202230   -801.186080              
VL51  17341.116832 -22606.708191 -53261.218418              
*  2025  5 21 20  2   0.00000000                            
PL51   9004.128869   8292.502235  -1438.764124              
VL51  14703.595361 -24990.262990 -52974.618297              
*  2025  5 21 20  4   0.00000000                            
PL51   9164.322829   7978.925401  -2071.927109              
VL51  11982.279758 -27251.465527 -52525.580848              
*  2025  5 21 20  6   0.00000000                            
PL51   9291.409563   7638.988616  -2698.734145              
VL51   9187.471013 -29382.299074 -51915.578705              
*  2025  5 21 20  8   0.00000000                            
PL51   9384.570684   7274.301552  -3317.264876              
VL51   6329.810621 -31375.320732 -51146.560706              
*  2025  5 21 20 10   0.00000000                            
PL51   9443.117340   6886.559624  -3925.625153              
VL51   3420.239832 -33223.687059 -50220.944946              
*  2025  5 21 20 12   0.00000000                            
PL51   9466.493565   6477.536654  -4521.952623              
VL51    469.957798 -34921.177198 -49141.610604              
*  2025  5 21 20 14   0.00000000                            
PL51   9454.279114   6049.077275  -5104.422201              
VL51  -2509.621211 -36462.213488 -47911.888597              
*  2025  5 21 20 16   0.00000000                            
PL51   9406.191792   5603.089103  -5671.251433              
VL51  -5506.911366 -37841.879474 -46535.551098              
*  2025  5 21 20 18   0.00000000                            
PL51   9322.089236   5141.534702  -6220.705721              
VL51  -8510.199475 -39055.935304 -45016.799958              
*  2025  5 21 20 20   0.00000000                            
PL51   9201.970188   4666.423392  -6751.103403              
VL51 -11507.689631 -40100.830475 -43360.254077              
*  2025  5 21 20 22   0.00000000                            
PL51   9045.975210   4179.802912  -7260.820680              
VL51 -14487.548196 -40973.713903 -41570.935773              
*  2025  5 21 20 24   0.00000000                            
PL51   8854.386867   3683.750978  -7748.296369              
VL51 -17437.948931 -41672.441322 -39654.256194              
*  2025  5 21 20 26   0.00000000                            
PL51   8627.629372   3180.366772  -8212.036477              
VL51 -20347.118150 -42195.579999 -37615.999816              
*  2025  5 21 20 28   0.00000000                            
PL51   8366.267678   2671.762386  -8650.618581              
VL51 -23203.379749 -42542.410798 -35462.308082              
*  2025  5 21 20 30   0.00000000                            
PL51   8071.006045   2160.054264  -9062.696014              
VL51 -25995.199947 -42712.927575 -33199.662217              
*  2025  5 21 20 32   0.00000000                            
PL51   7742.686061   1647.354660  -9447.001832              
VL51 -28711.231637 -42707.833969 -30834.865278              
*  2025  5 21 20 34   0.00000000                            
PL51   7382.284140   1135.763153  -9802.352566              
VL51 -31340.358190 -42528.537599 -28375.023453              
*  2025  5 21 20 36   0.00000000                            
PL51   6990.908496    627.358248 -10127.651742              
VL51 -33871.736591 -42177.141719 -25827.526676              
*  2025  5 21 20 38   0.00000000                            
PL51   6569.795607    124.189088 -10421.893170              
VL51 -36294.839781 -41656.434357 -23200.028559              
*  2025  5 21 20 40   0.00000000                            
PL51   6120.306171   -371.732681 -10684.163981              
VL51 -38599.498081 -40969.875004 -20500.425700              
*  2025  5 21 20 42   0.00000000                            
PL51   5643.920575   -858.440879 -10913.647417              
VL51 -40775.939572 -40121.578884 -17736.836380              
*  2025  5 21 20 44   0.00000000                            
PL51   5142.233888  -1334.022555 -11109.625359              
VL51 -42814.829312 -39116.298875 -14917.578682              
*  2025  5 21 20 46   0.00000000                            
PL51   4616.950384  -1796.625517 -11271.480594              
VL51 -44707.307271 -37959.405126 -12051.148053              
*  2025  5 21 20 48   0.00000000                            
PL51   4069.877624  -2244.465606 -11398.698804              
VL51 -46445.024858 -36656.862442  -9146.194351              
*  2025  5 21 20 50   0.00000000                            
PL51   3502.920111  -2675.833686 -11490.870277              
VL51 -48020.179933 -35215.205492  -6211.498365              
*  2025  5 21 20 52   0.00000000                            
PL51   2918.072524  -3089.102322 -11547.691337              
VL51 -49425.550169 -33641.511915  -3255.947876              
*  2025  5 21 20 54   0.00000000                            
PL51   2317.412572  -3482.732127 -11568.965482              
VL51 -50654.524648 -31943.373390   -288.513244              
*  2025  5 21 20 56   0.00000000                            
PL51   1703.093480  -3855.277743 -11554.604227              
VL51 -51701.133579 -30128.864746   2681.777429              
*  2025  5 21 20 58   0.00000000                            
PL51   1077.336122  -4205.393446 -11504.627642              
VL51 -52560.075989 -28206.511200   5645.863549              
*  2025  5 21 21  0   0.00000000                            
PL51    442.420841  -4531.838345 -11419.164593              
VL51 -53226.745294 -26185.253793   8594.677638              
*  2025  5 21 21  2   0.00000000                            
PL51   -199.321022  -4833.481158 -11298.452667              
VL51 -53697.252587 -24074.413125  11519.171292              
*  2025  5 21 21  4   0.00000000                            
PL51   -845.515873  -5109.304536 -11142.837786              
VL51 -53968.447563 -21883.651490  14410.341421              
*  2025  5 21 21  6   0.00000000                            
PL51  -1493.756841  -5358.408933 -10952.773505              
VL51 -54037.936921 -19622.933506  17259.256742              
*  2025  5 21 21  8   0.00000000                            
PL51  -2141.612953  -5580.015990 -10728.819990              
VL51 -53904.100144 -17302.485362  20057.084470              
*  2025  5 21 21 10   0.00000000                            
PL51  -2786.638497  -5773.471421 -10471.642677              
VL51 -53566.102533 -14932.752797  22795.117150              
*  2025  5 21 21 12   0.00000000                            
PL51  -3426.382511  -5938.247390 -10182.010603              
VL51 -53023.905377 -12524.357940  25464.799577              
*  2025  5 21 21 14   0.00000000                            
PL51  -4058.398381  -6073.944368  -9860.794419              
VL51 -52278.273144 -10088.055147  28057.755722              
*  2025  5 21 21 16   0.00000000                            
PL51  -4680.253508  -6180.292443  -9508.964081              
VL51 -51330.777587  -7634.685982  30565.815601              
*  2025  5 21 21 18   0.00000000                            
PL51  -5289.539004  -6257.152099  -9127.586212              
VL51 -50183.798662  -5175.133502  32981.041985              
*  2025  5 21 21 20   0.00000000                            
PL51  -5883.879381  -6304.514434  -8717.821156              
VL51 -48840.522166  -2720.276011  35295.756871              
*  2025  5 21 21 22   0.00000000                            
PL51  -6460.942186  -6322.500824  -8280.919704              
VL51 -47304.934012   -280.940469  37502.567595              
*  2025  5 21 21 24   0.00000000                            
PL51  -7018.447556  -6311.362028  -7818.219520              
VL51 -45581.811086   2132.144260  39594.392488              
*  2025  5 21 21 26   0.00000000                            
PL51  -7554.177634  -6271.476728  -7331.141256              
VL51 -43676.708616   4508.394114  41564.485954              
*  2025  5 21 21 28   0.00000000                            
PL51  -8065.985817  -6203.349512  -6821.184372              
VL51 -41595.944046   6837.416290  43406.462849              
*  2025  5 21 21 30   0.00000000                            
PL51  -8551.805788  -6107.608308  -6289.922670              
VL51 -39346.577380   9109.055221  45114.322029              
*  2025  5 21 21 32   0.00000000                            
PL51  -9009.660292  -5985.001256  -5738.999547              
VL51 -36936.388015  11313.437869  46682.468950              
*  2025  5 21 21 34   0.00000000                            
PL51  -9437.669611  -5836.393059  -5170.122988              
VL51 -34373.848088  13441.018082  48105.737175              
*  2025  5 21 21 36   0.00000000                            
PL51  -9834.059700  -5662.760792  -4585.060302              
VL51 -31668.092393  15482.619796  49379.408662              
*  2025  5 21 21 38   0.00000000                            
PL51 -10197.169943  -5465.189215  -3985.632632              
VL51 -28828.884943  17429.478836  50499.232701              
*  2025  5 21 21 40   0.00000000                            
PL51 -10525.460485  -5244.865585  -3373.709235              
VL51 -25866.582283  19273.283090  51461.443374              
*  2025  5 21 21 42   0.00000000                            
PL51 -10817.519107  -5003.073999  -2751.201571              
VL51 -22792.093676  21006.210808  52262.775412              
*  2025  5 21 21 44   0.00000000                            
PL51 -11072.067605  -4741.189289  -2120.057208              
VL51 -19616.838326  22620.966819  52900.478328              
*  2025  5 21 21 46   0.00000000                            
PL51 -11287.967639  -4460.670501  -1482.253570              
VL51 -16352.699808  24110.816411  53372.328718              
*  2025  5 21 21 48   0.00000000                            
PL51 -11464.226018  -4163.053976   -839.791543              
VL51 -13011.977905  25469.616701  53676.640632              
*  2025  5 21 21 50   0.00000000                            
PL51 -11599.999395  -3849.946074   -194.688979              
VL51  -9607.338101  26691.845254  53812.273916              
*  2025  5 21 21 52   0.00000000                            
PL51 -11694.598340  -3523.015572    451.025893              
VL51  -6151.758960  27772.625788  53778.640454              
*  2025  5 21 21 54   0.00000000                            
PL51 -11747.490774  -3183.985770   1095.321125              
VL51  -2658.477666  28707.750795  53575.708252              
*  2025  5 21 21 56   0.00000000                            
PL51 -11758.304734  -2834.626348   1736.167729              
VL51    859.065974  29493.700913  53204.003300              
*  2025  5 21 21 58   0.00000000                            
PL51 -11726.830469  -2476.745006   2371.546377              
VL51   4387.286779  30127.660934  52664.609213              
*  2025  5 21 22  0   0.00000000                            
PL51 -11653.021828  -2112.178938   2999.454078              
VL51   7912.512373  30607.532332  51959.164600              
*  2025  5 21 22  2   0.00000000                            
PL51 -11536.996959  -1742.786175   3617.910812              
VL51  11421.041974  30931.942237  51089.858203              
*  2025  5 21 22  4   0.00000000                            
PL51 -11379.038296  -1370.436837   4224.966087              
VL51  14899.205470  31100.248794  50059.421786              
*  2025  5 21 22  6   0.00000000                            
PL51 -11179.591832   -997.004353   4818.705410              
VL51  18333.422450  31112.542859  48871.120843              
*  2025  5 21 22  8   0.00000000                            
PL51 -10939.265697   -624.356671   5397.256616              
VL51  21710.260868  30969.646052  47528.743155              
*  2025  5 21 22 10   0.00000000                            
PL51 -10658.828022   -254.347521   5958.796063              
VL51  25016.495008  30673.105163  46036.585273              
*  2025  5 21 22 12   0.00000000                            
PL51 -10339.204124    111.192232   6501.554641              
VL51  28239.162448  30225.182954  44399.436998              
*  2025  5 21 22 14   0.00000000                            
PL51  -9981.473012    470.463115   7023.823594              
VL51  31365.619704  29628.845437  42622.563973              
*  2025  5 21 22 16   0.00000000                            
PL51  -9586.863229    821.705383   7523.960111              
VL51  34383.596287  28887.745717  40711.688472              
*  2025  5 21 22 18   0.00000000                            
PL51  -9156.748066   1163.207158   8000.392687              
VL51  37281.246881  28006.204490  38672.968505              
*  2025  5 21 22 20   0.00000000                            
PL51  -8692.640155   1493.312303   8451.626214              
VL51  40047.201404  26989.187362  36512.975370              
*  2025  5 21 22 22   0.00000000                            
PL51  -8196.185478   1810.428009   8876.246800              
VL51  42670.612705  25842.279104  34238.669762              
*  2025  5 21 22 24   0.00000000                            
PL51  -7669.156819   2113.032061   9272.926295              
VL51  45141.201692  24571.655030  31857.376578              
*  2025  5 21 22 26   0.00000000                            
PL51  -7113.446686   2399.679733   9640.426500              
VL51  47449.299682  23184.049662  29376.758536              
*  2025  5 21 22 28   0.00000000                            
PL51  -6531.059754   2669.010300   9977.603058              
VL51  49585.887801  21686.722882  26804.788765              
*  2025  5 21 22 30   0.00000000                            
PL51  -5924.104843   2919.753130  10283.409013              
VL51  51542.633272  20087.423760  24149.722476              
*  2025  5 21 22 32   0.00000000                            
PL51  -5294.786478   3150.733324  10556.898017              
VL51  53311.922461  18394.352285  21420.067865              
*  2025  5 21 22 34   0.00000000                            
PL51  -4645.396088   3360.876887  10797.227191              
VL51  54886.890550  16616.119198  18624.556387              
*  2025  5 21 22 36   0.00000000                            
PL51  -3978.302852   3549.215412  11003.659621              
VL51  56261.447757  14761.704166  15772.112533              
*  2025  5 21 22 38   0.00000000                            
PL51  -3295.944260   3714.890241  11175.566494              
VL51  57430.302032  12840.412518  12871.823250              
*  2025  5 21 22 40   0.00000000                            
PL51  -2600.816424   3857.156118  11312.428860              
VL51  58388.978176  10861.830779   9932.907131              
*  2025  5 21 22 42   0.00000000                            
PL51  -1895.464177   3975.384282  11413.839027              
VL51  59133.833361   8835.781215   6964.683496              
*  2025  5 21 22 44   0.00000000                            
PL51  -1182.471012   4069.065022  11479.501586              
VL51  59662.069046   6772.275646   3976.541488              
*  2025  5 21 22 46   0.00000000                            
PL51   -464.448893   4137.809677  11509.234062              
VL51  59971.739305   4681.468716    977.909272              
*  2025  5 21 22 48   0.00000000                            
PL51    255.972004   4181.352059  11502.967198              
VL51  60061.755570   2573.610862  -2021.776542              
*  2025  5 21 22 50   0.00000000                            
PL51    976.153593   4199.549328  11460.744877              
VL51  59931.887853    459.001191  -5013.101186              
*  2025  5 21 22 52   0.00000000                            
PL51   1693.460171   4192.382288  11382.723678              
VL51  59582.762461  -1652.059534  -7986.701623              
*  2025  5 21 22 54   0.00000000                            
PL51   2405.268660   4159.955128  11269.172077              
VL51  59015.856290  -3749.315592 -10933.295972              
*  2025  5 21 22 56   0.00000000                            
PL51   3108.978765   4102.494607  11120.469304              
VL51  58233.487737  -5822.602485 -13843.712384              
*  2025  5 21 22 58   0.00000000                            
PL51   3802.023000   4020.348679  10937.103848              
VL51  57238.804329  -7861.892411 -16708.917292              
*  2025  5 21 23  0   0.00000000                            
PL51   4481.876550   3913.984591  10719.671632              
VL51  56035.767132  -9857.338854 -19520.042970              
*  2025  5 21 23  2   0.00000000                            
PL51   5146.066919   3783.986442  10468.873863              
VL51  54629.132059 -11799.320087 -22268.414332              
*  2025  5 21 23  4   0.00000000                            
PL51   5792.183347   3631.052228  10185.514563              
VL51  53024.428162 -13678.481452 -24945.574897              
*  2025  5 21 23  6   0.00000000                            
PL51   6417.885937   3455.990398   9870.497794              
VL51  51227.933035 -15485.776211 -27543.311870              
*  2025  5 21 23  8   0.00000000                            
PL51   7020.914480   3259.715914   9524.824590              
VL51  49246.645441 -17212.504845 -30053.680275              
*  2025  5 21 23 10   0.00000000                            
PL51   7599.096932   3043.245860   9149.589598              
VL51  47088.255304 -18850.352631 -32469.026088              
*  2025  5 21 23 12   0.00000000                            
PL51   8150.357511   2807.694610   8745.977461              
VL51  44761.111179 -20391.425365 -34782.008312              
*  2025  5 21 23 14   0.00000000                            
PL51   8672.724397   2554.268575   8315.258927              
VL51  42274.185369 -21828.283090 -36985.619949              
*  2025  5 21 23 16   0.00000000                            
PL51   9164.336997   2284.260560   7858.786725              
VL51  39637.036824 -23153.971717 -39073.207816              
*  2025  5 21 23 18   0.00000000                            
PL51   9623.452750   1999.043757   7377.991207              
VL51  36859.771984 -24362.052404 -41038.491150              
*  2025  5 21 23 20   0.00000000                            
PL51  10048.453451   1700.065396   6874.375772              
VL51  33953.003742 -25446.628611 -42875.578983              
*  2025  5 21 23 22   0.00000000                            
PL51  10437.851078   1388.840085   6349.512088              
VL51  30927.808690 -26402.370718 -44578.986216              
*  2025  5 21 23 24   0.00000000                            
PL51  10790.293088   1066.942878   5805.035138              
VL51  27795.682826 -27224.538128 -46143.648394              
*  2025  5 21 23 26   0.00000000                            
PL51  11104.567180    736.002080   5242.638085              
VL51  24568.495919 -27908.998787 -47564.935119              
*  2025  5 21 23 28   0.00000000                            
PL51  11379.605497    397.691846   4664.066992              
VL51  21258.444690 -28452.246053 -48838.662109              
*  2025  5 21 23 30   0.00000000                            
PL51  11614.488269     53.724584   4071.115403              
VL51  17878.005030 -28851.412865 -49961.101853              
*  2025  5 21 23 32   0.00000000                            
PL51  11808.446867   -294.156789   3465.618803              
VL51  14439.883410 -29104.283168 -50928.992866              
*  2025  5 21 23 34   0.00000000                            
PL51  11960.866278   -644.186712   2849.448980              
VL51  10956.967706 -29209.300578 -51739.547516              
*  2025  5 21 23 36   0.00000000                            
PL51  12071.286984   -994.584938   2224.508299              
VL51   7442.277609 -29165.574257 -52390.458431              
*  2025  5 21 23 38   0.00000000                            
PL51  12139.406246  -1343.564540   1592.723904              
VL51   3908.914820 -28972.881998 -52879.903468              
*  2025  5 21 23 40   0.00000000                            
PL51  12165.078788  -1689.339940    956.041875              
VL51    370.013230 -28631.670529 -53206.549252              
*  2025  5 21 23 42   0.00000000                            
PL51  12148.316883  -2030.134920    316.421351              
VL51  -3161.310734 -28143.053047 -53369.553287              
*  2025  5 21 23 44   0.00000000                            
PL51  12089.289855  -2364.190599   -324.171371              
VL51  -6672.007429 -27508.804016 -53368.564650              
*  2025  5 21 23 46   0.00000000                            
PL51  11988.322973  -2689.773315   -963.768728              
VL51 -10149.142740 -26731.351264 -53203.723289              
*  2025  5 21 23 48   0.00000000                            
PL51  11845.895785  -3005.182411  -1600.407773              
VL51 -13579.946131 -25813.765441 -52875.657942              
*  2025  5 21 23 50   0.00000000                            
PL51  11662.639867  -3308.757871  -2232.136019              
VL51 -16951.857790 -24759.746883 -52385.482700              
*  2025  5 21 23 52   0.00000000                            
PL51  11439.336017  -3598.887782  -2857.017237              
VL51 -20252.574719 -23573.609964 -51734.792255              
*  2025  5 21 23 54   0.00000000                            
PL51  11176.910903  -3874.015600  -3473.137190              
VL51 -23470.095602 -22260.265020 -50925.655858              
*  2025  5 21 23 56   0.00000000                            
PL51  10876.433182  -4132.647179  -4078.609283              
VL51 -26592.764309 -20825.197916 -49960.610030              
*  2025  5 21 23 58   0.00000000                            
PL51  10539.109101  -4373.357544  -4671.580118              
VL51 -29609.311887 -19274.447367 -48842.650073              
*  2025  5 22  0  0   0.00000000                            
PL51  10166.277576  -4594.797451  -5250.234951              
VL51 -32508.897043 -17614.579876 -47575.220410              
*  2025  5 22  0  2   0.00000000                            
PL51   9759.405002  -4795.699186  -5812.803007              
VL51 -35281.144085 -15852.664074 -46162.203809              
*  2025  5 22  0  4   0.00000000                            
PL51   9320.079072  -4974.883201  -6357.562679              
VL51 -37916.181025 -13996.239330 -44607.909532              
*  2025  5 22  0  6   0.00000000                            
PL51   8850.002913  -5131.262766  -6882.846567              
VL51 -40404.672876 -12053.287825 -42917.060457              
*  2025  5 22  0  8   0.00000000                            
PL51   8350.988240  -5263.849514  -7387.046354              
VL51 -42737.855096 -10032.200796 -41094.779206              
*  2025  5 22  0 10   0.00000000                            
PL51   7824.948367  -5371.758061  -7868.617523              
VL51 -44907.563950  -7941.744909 -39146.573346              
*  2025  5 22  0 12   0.00000000                            
PL51   7273.890824  -5454.210300  -8326.083879              
VL51 -46906.264796  -5791.026887 -37078.319683              
*  2025  5 22  0 14   0.00000000                            
PL51   6699.909651  -5510.539260  -8758.041880              
VL51 -48727.078083  -3589.456795 -34896.247708              
*  2025  5 22  0 16   0.00000000                            
PL51   6105.177395  -5540.192524  -9163.164770              
VL51 -50363.802960  -1346.710128 -32606.922244              
*  2025  5 22  0 18   0.00000000                            
PL51   5491.936832  -5542.735177  -9540.206491              
VL51 -51810.938501    927.311186 -30217.225311              
*  2025  5 22  0 20   0.00000000                            
PL51   4862.492454  -5517.852288  -9888.005379              
VL51 -53063.702450   3222.518729 -27734.337264              
*  2025  5 22  0 22   0.00000000                            
PL51   4219.201747  -5465.350902 -10205.487626              
VL51 -54118.047477   5528.678363 -25165.717237              
*  2025  5 22  0 24   0.00000000                            
PL51   3564.466285  -5385.161541 -10491.670506              
VL51 -54970.674893   7835.451695 -22519.082912              
*  2025  5 22  0 26   0.00000000                            
PL51   2900.722676  -5277.339203 -10745.665353              
VL51 -55619.045799  10132.438100 -19802.389656              
*  2025  5 22  0 28   0.00000000                            
PL51   2230.433395  -5142.063856 -10966.680284              
VL51 -56061.389636  12409.217187 -17023.809051              
*  2025  5 22  0 30   0.00000000                            
PL51   1556.077521  -4979.640415 -11154.022663              
VL51 -56296.710114  14655.391552 -14191.706850              
*  2025  5 22  0 32   0.00000000                            
PL51    880.141423  -4790.498215 -11307.101293              
VL51 -56324.788507  16860.629706 -11314.620374              
*  2025  5 22  0 34   0.00000000                            
PL51    205.109429  -4575.189955 -11425.428343              
VL51 -56146.184293  19014.709016  -8401.235402              
*  2025  5 22  0 36   0.00000000                            
PL51   -466.545511  -4334.390140 -11508.620979              
VL51 -55762.233125  21107.558556  -5460.362554              
*  2025  5 22  0 38   0.00000000                            
PL51  -1132.371107  -4068.893004 -11556.402729              
VL51 -55175.042148  23129.301693  -2500.913213              
*  2025  5 22  0 40   0.00000000                            
PL51  -1789.944950  -3779.609920 -11568.604535              
VL51 -54387.482625  25070.298297    468.125004              
*  2025  5 22  0 42   0.00000000                            
PL51  -2436.883620  -3467.566318 -11545.165526              
VL51 -53403.179904  26921.186408   3437.713185              
*  2025  5 22  0 44   0.00000000                            
PL51  -3070.851666  -3133.898096 -11486.133479              
VL51 -52226.500702  28672.923239   6398.786459              
*  2025  5 22  0 46   0.00000000                            
PL51  -3689.570409  -2779.847550 -11391.664975              
VL51 -50862.537719  30316.825333   9342.279689              
*  2025  5 22  0 48   0.00000000                            
PL51  -4290.826549  -2406.758822 -11262.025251              
VL51 -49317.091602  31844.607749  12259.153479              
*  2025  5 22  0 50   0.00000000                            
PL51  -4872.480540  -2016.072896 -11097.587729              
VL51 -47596.650251  33248.422103  15140.420480              
*  2025  5 22  0 52   0.00000000                            
PL51  -5432.474698  -1609.322130 -10898.833236              
VL51 -45708.365512  34520.893308  17977.171920              
*  2025  5 22  0 54   0.00000000                            
PL51  -5968.841018  -1188.124365 -10666.348896              
VL51 -43660.027262  35655.154855  20760.604331              
*  2025  5 22  0 56   0.00000000                            
PL51  -6479.708661   -754.176623 -10400.826714              
VL51 -41460.034940  36644.882456  23482.046402              
*  2025  5 22  0 58   0.00000000                            
PL51  -6963.311082   -309.248401 -10103.061817              
VL51 -39117.366551  37484.325891  26132.985902              
*  2025  5 22  1  0   0.00000000                            
PL51  -7417.992780    144.825395  -9773.950395              
VL51 -36641.545207  38168.338888  28705.096599              
*  2025  5 22  1  2   0.00000000                            
PL51  -7842.215623    606.151867  -9414.487298              
VL51 -34042.603273  38692.406848  31190.265094              
*  2025  5 22  1  4   0.00000000                            
PL51  -8234.564734   1072.787860  -9025.763331              
VL51 -31331.044185  39052.672273  33580.617480              
*  2025  5 22  1  6   0.00000000                            
PL51  -8593.753901   1542.747990  -8608.962213              
VL51 -28517.802042  39245.957699  35868.545743              
*  2025  5 22  1  8   0.00000000                            
PL51  -8918.630495   2014.012923  -8165.357235              
VL51 -25614.199078  39269.785977  38046.733771              
*  2025  5 22  1 10   0.00000000                            
PL51  -9208.179860   2484.537891  -7696.307601              
VL51 -22631.901140  39122.397754  40108.182895              
*  2025  5 22  1 12   0.00000000                            
PL51  -9461.529163   2952.261397  -7203.254473              
VL51 -19582.871316  38802.765983  42046.236811              
*  2025  5 22  1 14   0.00000000                            
PL51  -9677.950668   3415.114068  -6687.716708              
VL51 -16479.321878  38310.607332  43854.605767              
*  2025  5 22  1 16   0.00000000                            
PL51  -9856.864438   3871.027640  -6151.286326              
VL51 -13333.664717  37646.390361  45527.389902              
*  2025  5 22  1 18   0.00000000                            
PL51  -9997.840421   4317.944005  -5595.623695              
VL51 -10158.460470  36811.340360  47059.101579              
*  2025  5 22  1 20   0.00000000                            
PL51 -10100.599926   4753.824310  -5022.452453              
VL51  -6966.366547  35807.440735  48444.686602              
*  2025  5 22  1 22   0.00000000                            
PL51 -10165.016468   5176.658042  -4433.554187              
VL51  -3770.084302  34637.430879  49679.544178              
*  2025  5 22  1 24   0.00000000                            
PL51 -10191.115973   5584.472070  -3830.762880              
VL51   -582.305568  33304.800461  50759.545490              
*  2025  5 22  1 26   0.00000000                            
PL51 -10179.076346   5975.339596  -3215.959144              
VL51   2584.341164  31813.780096  51681.050757              
*  2025  5 22  1 28   0.00000000                            
PL51 -10129.226382   6347.388972  -2591.064253              
VL51   5717.344671  30169.328373  52440.924665              
*  2025  5 22  1 30   0.00000000                            
PL51 -10042.044038   6698.812339  -1958.034013              
VL51   8804.364737  28377.115266  53036.550039              
*  2025  5 22  1 32   0.00000000                            
PL51  -9918.154063   7027.874048  -1318.852464              
VL51  11833.285430  26443.501943  53465.839662              
*  2025  5 22  1 34   0.00000000                            
PL51  -9758.324986   7332.918814   -675.525464              
VL51  14792.267622  24375.517047  53727.246135              
*  2025  5 22  1 36   0.00000000                            
PL51  -9563.465489   7612.379565    -30.074159              
VL51  17669.800454  22180.829522  53819.769689              
*  2025  5 22  1 38   0.00000000                            
PL51  -9334.620160   7864.784949    615.471620              
VL51  20454.751461  19867.718106  53742.963892              
*  2025  5 22  1 40   0.00000000                            
PL51  -9072.964667   8088.766450   1259.080027              
VL51  23136.415068  17445.037627  53496.939163              
*  2025  5 22  1 42   0.00000000                            
PL51  -8779.800347   8283.065085   1898.723888              
VL51  25704.559161  14922.182255  53082.364085              
*  2025  5 22  1 44   0.00000000                            
PL51  -8456.548258   8446.537638   2532.387397              
VL51  28149.469482  12309.045914  52500.464453              
*  2025  5 22  1 46   0.00000000                            
PL51  -8104.742712   8578.162412   3158.072786              
VL51  30461.991574   9615.980035  51753.020083              
*  2025  5 22  1 48   0.00000000                            
PL51  -7726.024320   8677.044447   3773.806944              
VL51  32633.570037   6853.748906  50842.359352              
*  2025  5 22  1 50   0.00000000                            
PL51  -7322.132576   8742.420202   4377.647955              
VL51  34656.284867   4033.482838  49771.351524              
*  2025  5 22  1 52   0.00000000                            
PL51  -6894.898037   8773.661648   4967.691528              
VL51  36522.884674   1166.629424  48543.396883              
*  2025  5 22  1 54   0.00000000                            
PL51  -6446.234112   8770.279785   5542.077306              
VL51  38226.816600  -1735.096844  47162.414736              
*  2025  5 22  1 56   0.00000000                            
PL51  -5978.128521   8731.927527   6098.995006              
VL51  39762.252770  -4659.766324  45632.829360              
*  2025  5 22  1 58   0.00000000                            
PL51  -5492.634451   8658.401972   6636.690390              
VL51  41124.113161  -7595.287040  43959.553975              
*  2025  5 22  2  0   0.00000000                            
PL51  -4991.861465   8549.646026   7153.471022              
VL51  42308.084769 -10529.458283  42147.972845              
*  2025  5 22  2  2   0.00000000                            
PL51  -4477.966201   8405.749390   7647.711804              
VL51  43310.637008 -13450.024713  40203.921599              
*  2025  5 22  2  4   0.00000000                            
PL51  -3953.142908   8226.948880   8117.860271              
VL51  44129.033281 -16344.730651  38133.665914              
*  2025  5 22  2  6   0.00000000                            
PL51  -3419.613873   8013.628115   8562.441611              
VL51  44761.338702 -19201.374298  35943.878648              
*  2025  5 22  2  8   0.00000000                            
PL51  -2879.619768   7766.316541   8980.063410              
VL51  45206.423970 -22007.861586  33641.615589              
*  2025  5 22  2 10   0.00000000                            
PL51  -2335.409980   7485.687820   9369.420093              
VL51  45463.965413 -24752.259397  31234.289923              
*  2025  5 22  2 12   0.00000000                            
PL51  -1789.232966   7172.557584   9729.297056              
VL51  45534.441259 -27422.847884  28729.645584              
*  2025  5 22  2 14   0.00000000                            
PL51  -1243.326666   6827.880568  10058.574467              
VL51  45419.124197 -30008.171650  26135.729609              
*  2025  5 22  2 16   0.00000000                            
PL51   -699.909036   6452.747133  10356.230736              
VL51  45120.070328 -32497.089551  23460.863638              
*  2025  5 22  2 18   0.00000000                            
PL51   -161.168726   6048.379208  10621.345635              
VL51  44640.104611 -34878.822902  20713.614701              
*  2025  5 22  2 20   0.00000000                            
PL51    370.744034   5616.125658  10853.103065              
VL51  43982.802923 -37143.001877  17902.765424              
*  2025  5 22  2 22   0.00000000                            
PL51    893.726328   5157.457110  11050.793457              
VL51  43152.470888 -39279.709922  15037.283768              
*  2025  5 22  2 24   0.00000000                            
PL51   1405.731167   4673.960256  11213.815821              
VL51  42154.119614 -41279.525992  12126.292443              
*  2025  5 22  2 26   0.00000000                            
PL51   1904.775793   4167.331670  11341.679413              
VL51  40993.438500 -43133.564460   9179.038112              
*  2025  5 22  2 28   0.00000000                            
PL51   2388.949641   3639.371148  11434.005036              
VL51  39676.765296 -44833.512549   6204.860491              
*  2025  5 22  2 30   0.00000000                            
PL51   2856.421928   3091.974632  11490.525976              
VL51  38211.053590 -46371.665144   3213.161471              
*  2025  5 22  2 32   0.00000000                            
PL51   3305.448838   2527.126714  11511.088559              
VL51  36603.837904 -47740.956881    213.374349              
*  2025  5 22  2 34   0.00000000                            
PL51   3734.380268   1946.892786  11495.652349              
VL51  34863.196606 -48934.991403  -2785.066706              
*  2025  5 22  2 36   0.00000000                            
PL51   4141.666125   1353.410846  11444.289970              
VL51  32997.712816 -49948.067686  -5772.756889              
*  2025  5 22  2 38   0.00000000                            
PL51   4525.862138    748.883019  11357.186582              
VL51  31016.433532 -50775.203373  -8740.350574              
*  2025  5 22  2 40   0.00000000                            
PL51   4885.635171    135.566799  11234.638987              
VL51  28928.827148 -51412.155037 -11678.590650              
*  2025  5 22  2 42   0.00000000                            
PL51   5219.768020   -484.233917  11077.054399              
VL51  26744.739597 -51855.435339 -14578.337288              
*  2025  5 22  2 44   0.00000000                            
PL51   5527.163672  -1108.177993  10884.948866              
VL51  24474.349298 -52102.327027 -17430.596055              
*  2025  5 22  2 46   0.00000000                            
PL51   5806.849020  -1733.896363  10658.945358              
VL51  22128.121131 -52150.893753 -20226.545324              
*  2025  5 22  2 48   0.00000000                            
PL51   6057.978020  -2359.001449  10399.771535              
VL51  19716.759630 -51999.987695 -22957.562893              
*  2025  5 22  2 50   0.00000000                            
PL51   6279.834286  -2981.096654  10108.257197              
VL51  17251.161602 -51649.253980 -25615.251752              
*  2025  5 22  2 52   0.00000000                            
PL51   6471.833105  -3597.785888   9785.331431              
VL51  14742.368380 -51099.131906 -28191.464947              
*  2025  5 22  2 54   0.00000000                            
PL51   6633.522892  -4206.683090   9432.019471              
VL51  12201.517894 -50350.852996 -30678.329471              
*  2025  5 22  2 56   0.00000000                            
PL51   6764.586052  -4805.421705   9049.439265              
VL51   9639.796770 -49406.435897 -33068.269129              
*  2025  5 22  2 58   0.00000000                            
PL51   6864.839289  -5391.664088   8638.797786              
VL51   7068.392646 -48268.678179 -35354.026334              
*  2025  5 22  3  0   0.00000000                            
PL51   6934.233322  -5963.110781   8201.387082              
VL51   4498.446898 -46941.145074 -37528.682768              
*  2025  5 22  3  2   0.00000000                            
PL51   6972.852060  -6517.509647   7738.580089              
VL51   1941.007955 -45428.155221 -39585.678876              
*  2025  5 22  3  4   0.00000000                            
PL51   6980.911204  -7052.664805   7251.826212              
VL51   -593.014604 -43734.763491 -41518.832141              
*  2025  5 22  3  6   0.00000000                            
PL51   6958.756309  -7566.445356   6742.646696              
VL51  -3092.894995 -41866.740979 -43322.354098              
*  2025  5 22  3  8   0.00000000                            
PL51   6906.860322  -8056.793836   6212.629808              
VL51  -5548.135053 -39830.552247 -44990.866058              
*  2025  5 22  3 10   0.00000000                            
PL51   6825.820584  -8521.734392   5663.425825              
VL51  -7948.506749 -37633.329943 -46519.413500              
*  2025  5 22  3 12   0.00000000                            
PL51   6716.355348  -8959.380631   5096.741869              
VL51 -10284.093266 -35282.846890 -47903.479115              
*  2025  5 22  3 14   0.00000000                            
PL51   6579.299803  -9367.943129   4514.336586              
VL51 -12545.328459 -32787.485790 -49138.994472              
*  2025  5 22  3 16   0.00000000                            
PL51   6415.601638  -9745.736546   3918.014699              
VL51 -14723.034568 -30156.206656 -50222.350288              
*  2025  5 22  3 18   0.00000000                            
PL51   6226.316166 -10091.186360   3309.621443              
VL51 -16808.458055 -27398.512128 -51150.405297              
*  2025  5 22  3 20   0.00000000                            
PL51   6012.601024 -10402.835148   2691.036900              
VL51 -18793.303434 -24524.410808 -51920.493704              
*  2025  5 22  3 22   0.00000000                            
PL51   5775.710489 -10679.348439   2064.170260              
VL51 -20669.764973 -21544.378762 -52530.431221              
*  2025  5 22  3 24   0.00000000                            
PL51   5516.989420 -10919.520078   1430.954010              
VL51 -22430.556190 -18469.319354 -52978.519688              
*  2025  5 22  3 26   0.00000000                            
PL51   5237.866859 -11122.277104    793.338082              
VL51 -24068.937007 -15310.521557 -53263.550278              
*  2025  5 22  3 28   0.00000000                            
PL51   4939.849329 -11286.684127    153.283968              
VL51 -25578.738523 -12079.616910 -53384.805275              
*  2025  5 22  3 30   0.00000000                            
PL51   4624.513837 -11411.947168   -487.241175              
VL51 -26954.385279  -8788.535288 -53342.058460              
*  2025  5 22  3 32   0.00000000                            
PL51   4293.500636 -11497.416970  -1126.270423              
VL51 -28190.914978  -5449.459667 -53135.574096              
*  2025  5 22  3 34   0.00000000                            
PL51   3948.505761 -11542.591762  -1761.842951              
VL51 -29283.995597  -2074.780051 -52766.104533              
*  2025  5 22  3 36   0.00000000                            
PL51   3591.273376 -11547.119460  -2392.009876              
VL51 -30229.939828   1322.953250 -52234.886460              
*  2025  5 22  3 38   0.00000000                            
PL51   3223.587965 -11510.799313  -3014.840036              
VL51 -31025.716837   4731.076813 -51543.635841              
*  2025  5 22  3 40   0.00000000                            
PL51   2847.266394 -11433.582968  -3628.425703              
VL51 -31668.961305   8136.861583 -50694.541554              
*  2025  5 22  3 42   0.00000000                            
PL51   2464.149889 -11315.574981  -4230.888217              
VL51 -32157.979746  11527.560472 -49690.257789              
*  2025  5 22  3 44   0.00000000                            
PL51   2076.095948 -11157.032740  -4820.383518              
VL51 -32491.754113  14890.455892 -48533.895239              
*  2025  5 22  3 46   0.00000000                            
PL51   1684.970225 -10958.365831  -5395.107562              
VL51 -32669.942700  18212.907068 -47229.011139              
*  2025  5 22  3 48   0.00000000                            
PL51   1292.638426 -10720.134836  -5953.301616              
VL51 -32692.878368  21482.396967 -45779.598187              
*  2025  5 22  3 50   0.00000000                            
PL51    900.958235 -10443.049564  -6493.257415              
VL51 -32561.564133  24686.578683 -44190.072410              
*  2025  5 22  3 52   0.00000000                            
PL51    511.771311 -10127.966738  -7013.322158              
VL51 -32277.666148  27813.321147 -42465.260009              
*  2025  5 22  3 54   0.00000000                            
PL51    126.895391  -9775.887133  -7511.903350              
VL51 -31843.504144  30850.754000 -40610.383232              
*  2025  5 22  3 56   0.00000000                            
PL51   -251.883491  -9387.952187  -7987.473465              
VL51 -31262.039368  33787.311516 -38631.045327              
*  2025  5 22  3 58   0.00000000                            
PL51   -622.818613  -8965.440081  -8438.574422              
VL51 -30536.860104  36611.775426 -36533.214606              
*  2025  5 22  4  0   0.00000000                            
PL51   -984.209989  -8509.761323  -8863.821869              
VL51 -29672.164809  39313.316531 -34323.207680              
*  2025  5 22  4  2   0.00000000                            
PL51  -1334.411584  -8022.453835  -9261.909252              
VL51 -28672.742974  41881.534978 -32007.671888              
*  2025  5 22  4  4   0.00000000                            
PL51  -1671.838276  -7505.177566  -9631.611681              
VL51 -27543.953769  44306.499092 -29593.566974              
*  2025  5 22  4  6   0.00000000                            
PL51  -1994.972554  -6959.708649  -9971.789561              
VL51 -26291.702555  46578.782651 -27088.146040              
*  2025  5 22  4  8   0.00000000                            
PL51  -2302.370925  -6387.933120 -10281.391997              
VL51 -24922.415355  48689.500509 -24498.935811              
*  2025  5 22  4 10   0.00000000                            
PL51  -2592.669992  -5791.840219 -10559.459954              
VL51 -23443.011370  50630.342451 -21833.716247              
*  2025  5 22  4 12   0.00000000                            
PL51  -2864.592203  -5173.515300 -10805.129172              
VL51 -21860.873632  52393.605203 -19100.499536              
*  2025  5 22  4 14   0.00000000                            
PL51  -3116.951231  -4535.132362 -11017.632822              
VL51 -20183.817894  53972.222482 -16307.508479              
*  2025  5 22  4 16   0.00000000                            
PL51  -3348.656972  -3878.946237 -11196.303903              
VL51 -18420.059849  55359.793021 -13463.154326              
*  2025  5 22  4 18   0.00000000                            
PL51  -3558.720137  -3207.284451 -11340.577364              
VL51 -16578.180795  56550.606456 -10576.014055              
*  2025  5 22  4 20   0.00000000                            
PL51  -3746.256430  -2522.538790 -11449.991959              
VL51 -14667.091824  57539.667008  -7654.807151              
*  2025  5 22  4 22   0.00000000                            
PL51  -3910.490280  -1827.156592 -11524.191811              
VL51 -12695.996684  58322.714862  -4708.371887              
*  2025  5 22  4 24   0.00000000                            
PL51  -4050.758127  -1123.631804 -11562.927694              
VL51 -10674.353380  58896.245174  -1745.641144              
*  2025  5 22  4 26   0.00000000                            
PL51  -4166.511235   -414.495814 -11566.058023              
VL51  -8611.834671  59257.524621   1224.382203              
*  2025  5 22  4 28   0.00000000                            
PL51  -4257.318026    297.691889 -11533.549541              
VL51  -6518.287549  59404.605404   4192.650318              
*  2025  5 22  4 30   0.00000000                            
PL51  -4322.865928   1010.353213 -11465.477707              
VL51  -4403.691849  59336.336646   7150.095816              
*  2025  5 22  4 32   0.00000000                            
PL51  -4362.962710   1720.901083 -11362.026781              
VL51  -2278.118099  59052.373085  10087.657536              
*  2025  5 22  4 34   0.00000000                            
PL51  -4377.537321   2426.749146 -11223.489585              
VL51   -151.684748  58553.180995  12996.306634              
*  2025  5 22  4 36   0.00000000                            
PL51  -4366.640201   3125.321530 -11050.266964              
VL51   1965.485077  57840.041256  15867.072956              
*  2025  5 22  4 38   0.00000000                            
PL51  -4330.443080   3814.062622 -10842.866920              
VL51   4063.307155  56915.049491  18691.071648              
*  2025  5 22  4 40   0.00000000                            
PL51  -4269.238242   4490.446834 -10601.903425              
VL51   6131.779938  55781.113207  21459.529957              
*  2025  5 22  4 42   0.00000000                            
PL51  -4183.437280   5151.988310 -10328.094919              
VL51   8161.028329  54441.945869  24163.814137              
*  2025  5 22  4 44   0.00000000                            
PL51  -4073.569307   5796.250549 -10022.262478              
VL51  10141.347313  52902.057855  26795.456422              
*  2025  5 22  4 46   0.00000000                            
PL51  -3940.278662   6420.855895  -9685.327661              
VL51  12063.245263  51166.744246  29346.181957              
*  2025  5 22  4 48   0.00000000                            
PL51  -3784.322086   7023.494868  -9318.310031              
VL51  13917.486730  49242.069402  31807.935628              
*  2025  5 22  4 50   0.00000000                            
PL51  -3606.565399   7601.935281  -8922.324364              
VL51  15695.134542  47134.848326  34172.908680              
*  2025  5 22  4 52   0.00000000                            
PL51  -3407.979672   8154.031125  -8498.577528              
VL51  17387.590994  44852.624788  36433.565032              
*  2025  5 22  4 54   0.00000000                            
PL51  -3189.636908   8677.731167  -8048.365062              
VL51  18986.637962  42403.646223  38582.667176              
*  2025  5 22  4 56   0.00000000                            
PL51  -2952.705258   9171.087221  -7573.067433              
VL51  20484.475700  39796.835429  40613.301555              
*  2025  5 22  4 58   0.00000000                            
PL51  -2698.443770   9632.262075  -7074.146003              
VL51  21873.760153  37041.759108  42518.903303              
*  2025  5 22  5  0   0.00000000                            
PL51  -2428.196709  10059.537007  -6553.138704              
VL51  23147.638552  34148.593315  44293.280207              
*  2025  5 22  5  2   0.00000000                            
PL51  -2143.387454  10451.318878  -6011.655418              
VL51  24299.783096  31128.085883  45930.635793              
*  2025  5 22  5  4   0.00000000                            
PL51  -1845.512013  10806.146754  -5451.373102              
VL51  25324.422527  27991.515956  47425.591376              
*  2025  5 22  5  6   0.00000000                            
PL51  -1536.132158  11122.698022  -4874.030644              
VL51  26216.371384  24750.650726  48773.206967              
*  2025  5 22  5  8   0.00000000                            
PL51  -1216.868239  11399.793976  -4281.423483              
VL51  26971.056753  21417.699552  49969.000888              
*  2025  5 22  5 10   0.00000000                            
PL51   -889.391684  11636.404835  -3675.397994              
VL51  27584.542333  18005.265619  51008.967966              
*  2025  5 22  5 12   0.00000000                            
PL51   -555.417227  11831.654167  -3057.845673              
VL51  28053.549638  14526.295336  51889.596188              
*  2025  5 22  5 14   0.00000000                            
PL51   -216.694909  11984.822694  -2430.697124              
VL51  28375.476174  10994.025709  52607.881679              
*  2025  5 22  5 16   0.00000000                            
PL51    124.998137  12095.351456  -1795.915882              
VL51  28548.410458   7421.929913  53161.341898              
*  2025  5 22  5 18   0.00000000                            
PL51    467.866042  12162.844305  -1155.492089              
VL51  28571.143742   3823.661348  53548.026933              
*  2025  5 22  5 20   0.00000000                            
PL51    810.102695  12187.069734   -511.436039              
VL51  28443.178337    212.996452  53766.528810              
*  2025  5 22  5 22   0.00000000                            
PL51   1149.900303  12167.961999    134.228363              
VL51  28164.732469  -3396.223421  53815.988729              
*  2025  5 22  5 24   0.00000000                            
PL51   1485.457997  12105.621550    779.470232              
VL51  27736.741583  -6990.150740  53696.102162              
*  2025  5 22  5 26   0.00000000                            
PL51   1814.990426  12000.314746   1422.258368              
VL51  27160.856088 -10554.990845  53407.121768              
*  2025  5 22  5 28   0.00000000                            
PL51   2136.736307  11852.472872   2060.567950              
VL51  26439.435516 -14077.060968  52949.858096              
*  2025  5 22  5 30   0.00000000                            
PL51   2448.966881  11662.690441   2692.387226              
VL51  25575.539118 -17542.848908  52325.678048              
*  2025  5 22  5 32   0.00000000                            
PL51   2749.994235  11431.722799   3315.724165              
VL51  24572.912922 -20939.071044  51536.501115              
*  2025  5 22  5 34   0.00000000                            
PL51   3038.179448  11160.483037   3928.613060              
VL51  23435.973336 -24252.729365  50584.793391              
*  2025  5 22  5 36   0.00000000                            
PL51   3311.940523  10850.038229   4529.121034              
VL51  22169.787347 -27471.167199  49473.559376              
*  2025  5 22  5 38   0.00000000                            
PL51   3569.760054  10501.605010   5115.354444              
VL51  20780.049454 -30582.123358  48206.331629              
*  2025  5 22  5 40   0.00000000                            
PL51   3810.192606  10116.544515   5685.465146              
VL51  19273.055428 -33573.784367  46787.158304              
*  2025  5 22  5 42   0.00000000                            
PL51   4031.871756   9696.356701   6237.656596              
VL51  17655.673074 -36434.834533  45220.588638              
*  2025  5 22  5 44   0.00000000                            
PL51   4233.516767   9242.674089   6770.189764              
VL51  15935.310154 -39154.503545  43511.656486              
*  2025  5 22  5 46   0.00000000                            
PL51   4413.938864   8757.254945   7281.388845              
VL51  14119.879659 -41722.611387  41665.861985              
*  2025  5 22  5 48   0.00000000                            
PL51   4572.047072   8241.975941   7769.646734              
VL51  12217.762628 -44129.610322  39689.151471              
*  2025  5 22  5 50   0.00000000                            
PL51   4706.853604   7698.824333   8233.430249              
VL51  10237.768754 -46366.623749  37587.895759              
*  2025  5 22  5 52   0.00000000                            
PL51   4817.478753   7129.889691   8671.285091              
VL51   8189.094976 -48425.481762  35368.866929              
*  2025  5 22  5 54   0.00000000                            
PL51   4903.155285   6537.355219   9081.840513              
VL51   6081.282309 -50298.753262  33039.213731              
*  2025  5 22  5 56   0.00000000                            
PL51   4963.232298   5923.488719   9463.813681              
VL51   3924.171150 -51979.774506  30606.435768              
*  2025  5 22  5 58   0.00000000                            
PL51   4997.178543   5290.633226   9816.013729              
VL51   1727.855302 -53462.673991  28078.356568              
*  2025  5 22  6  0   0.00000000                            
PL51   5004.585182   4641.197373  10137.345478              
VL51   -497.365045 -54742.393597  25463.095706              
*  2025  5 22  6  2   0.00000000                            
PL51   4985.167980   3977.645521  10426.812817              
VL51  -2741.031120 -55814.705951  22769.040095              
*  2025  5 22  6  4   0.00000000                            
PL51   4938.768917   3302.487705  10683.521735              
VL51  -4992.573924 -56676.227965  20004.814594              
*  2025  5 22  6  6   0.00000000                            
PL51   4865.357216   2618.269441  10906.682998              
VL51  -7241.362892 -57324.430566  17179.252058              
*  2025  5 22  6  8   0.00000000                            
PL51   4765.029797   1927.561440  11095.614461              
VL51  -9476.754616 -57757.644612  14301.362969              
*  2025  5 22  6 10   0.00000000                            
PL51   4638.011133   1232.949267  11249.743019              
VL51 -11688.141417 -57975.063050  11380.304763              
*  2025  5 22  6 12   0.00000000                            
PL51   4484.652532    537.023009  11368.606183              
VL51 -13864.999523 -57976.739356   8425.350982              
*  2025  5 22  6 14   0.00000000                            
PL51   4305.430849   -157.633032  11451.853289              
VL51 -15996.936656 -57763.582325   5445.860351              
*  2025  5 22  6 16   0.00000000                            
PL51   4100.946619   -848.450544  11499.246334              
VL51 -18073.738809 -57337.347304   2451.245894              
*  2025  5 22  6 18   0.00000000                            
PL51   3871.921650  -1532.887305  11510.660443              
VL51 -20085.416012 -56700.623938   -549.055811              
*  2025  5 22  6 20   0.00000000                            
PL51   3619.196058  -2208.437093  11486.083970              
VL51 -22022.246902 -55856.820545  -3545.615140              
*  2025  5 22  6 22   0.00000000                            
PL51   3343.724792  -2872.639407  11425.618229              
VL51 -23874.821905 -54810.145235  -6529.039596              
*  2025  5 22  6 24   0.00000000                            
PL51   3046.573631  -3523.088934  11329.476875              
VL51 -25634.084852 -53565.583888  -9490.003552              
*  2025  5 22  6 26   0.00000000                            
PL51   2728.914710  -4157.444735  11197.984921              
VL51 -27291.372873 -52128.875133 -12419.277479              
*  2025  5 22  6 28   0.00000000                            
PL51   2392.021567  -4773.439110  11031.577416              
VL51 -28838.454402 -50506.482486 -15307.756559              
*  2025  5 22  6 30   0.00000000                            
PL51   2037.263751  -5368.886122  10830.797776              
VL51 -30267.565164 -48705.563791 -18146.488617              
*  2025  5 22  6 32   0.00000000                            
PL51   1666.101008  -5941.689730  10596.295794              
VL51 -31571.442003 -46733.938143 -20926.701295              
*  2025  5 22  6 34   0.00000000                            
PL51   1280.077074  -6489.851512  10328.825318              
VL51 -32743.354445 -44600.050461 -23639.828395              
*  2025  5 22  6 36   0.00000000                            
PL51    880.813109  -7011.477953  10029.241627              
VL51 -33777.133885 -42312.933884 -26277.535348              
*  2025  5 22  6 38   0.00000000                            
PL51    470.000792  -7504.787269   9698.498501              
VL51 -34667.200303 -39882.170163 -28831.743751              
*  2025  5 22  6 40   0.00000000                            
PL51     49.395106  -7968.115743   9337.645006              
VL51 -35408.586426 -37317.848233 -31294.654924              
*  2025  5 22  6 42   0.00000000                            
PL51   -379.193143  -8399.923551   8947.822000              
VL51 -35996.959254 -34630.521124 -33658.772446              
*  2025  5 22  6 44   0.00000000                            
PL51   -813.905055  -8798.800070   8530.258378              
VL51 -36428.638873 -31831.161394 -35916.923621              
*  2025  5 22  6 46   0.00000000                            
PL51  -1252.841570  -9163.468636   8086.267061              
VL51 -36700.614503 -28931.115262 -38062.279826              
*  2025  5 22  6 48   0.00000000                            
PL51  -1694.071582  -9492.790746   7617.240754              
VL51 -36810.557720 -25942.055626 -40088.375703              
*  2025  5 22  6 50   0.00000000                            
PL51  -2135.640191  -9785.769693   7124.647474              
VL51 -36756.832807 -22875.934149 -41989.127131              
*  2025  5 22  6 52   0.00000000                            
PL51  -2575.577061 -10041.553622   6610.025879              
VL51 -36538.504210 -19744.932608 -43758.847958              
*  2025  5 22  6 54   0.00000000                            
PL51  -3011.904860 -10259.437990   6074.980392              
VL51 -36155.341085 -16561.413710 -45392.265426              
*  2025  5 22  6 56   0.00000000                            
PL51  -3442.647717 -10438.867447   5521.176161              
VL51 -35607.818914 -13337.871556 -46884.534281              
*  2025  5 22  6 58   0.00000000                            
PL51  -3865.839706 -10579.437114   4950.333843              
VL51 -34897.118228 -10086.881966 -48231.249513              
*  2025  5 22  7  0   0.00000000                            
PL51  -4279.533274 -10680.893260   4364.224260              
VL51 -34025.120421  -6821.052852 -49428.457724              
*  2025  5 22  7  2   0.00000000                            
PL51  -4681.807617 -10743.133396   3764.662914              
VL51 -32994.400730  -3552.974845 -50472.667078              
*  2025  5 22  7  4   0.00000000                            
PL51  -5070.776951 -10766.205774   3153.504395              
VL51 -31808.218392   -295.172352 -51360.855840              
*  2025  5 22  7  6   0.00000000                            
PL51  -5444.598642 -10750.308297   2532.636697              
VL51 -30470.504058   2939.944760 -52090.479487              
*  2025  5 22  7  8   0.00000000                            
PL51  -5801.481181 -10695.786861   1903.975457              
VL51 -28985.844517   6140.128671 -52659.476387              
*  2025  5 22  7 10   0.00000000                            
PL51  -6139.691946 -10603.133133   1269.458132              
VL51 -27359.464818   9293.340138 -53066.272047              
*  2025  5 22  7 12   0.00000000                            
PL51  -6457.564747 -10472.981770    631.038134              
VL51 -25597.207863  12387.793873 -53309.781936              
*  2025  5 22  7 14   0.00000000                            
PL51  -6753.507100 -10306.107107     -9.321056              
VL51 -23705.511577  15412.002606 -53389.412902              
*  2025  5 22  7 16   0.00000000                            
PL51  -7026.007225 -10103.419326   -649.651789              
VL51 -21691.383743  18354.819701 -53305.063169              
*  2025  5 22  7 18   0.00000000                            
PL51  -7273.640715  -9865.960118  -1287.988139              
VL51 -19562.374624  21205.480133 -53057.120961              
*  2025  5 22  7 20   0.00000000                            
PL51  -7495.076877  -9594.897868  -1922.371762              
VL51 -17326.547483  23953.639723 -52646.461756              
*  2025  5 22  7 22   0.00000000                            
PL51  -7689.084699  -9291.522379  -2550.857726              
VL51 -14992.447131  26589.412484 -52074.444197              
*  2025  5 22  7 24   0.00000000                            
PL51  -7854.538430  -8957.239157  -3171.520275              
VL51 -12569.066632  29103.405944 -51342.904691              
*  2025  5 22  7 26   0.00000000                            
PL51  -7990.422751  -8593.563292  -3782.458522              
VL51 -10065.812305  31486.754357 -50454.150742              
*  2025  5 22  7 28   0.00000000                            
PL51  -8095.837515  -8202.112945  -4381.802059              
VL51  -7492.467167  33731.149681 -49410.953040              
*  2025  5 22  7 30   0.00000000                            
PL51  -8170.002044  -7784.602482  -4967.716462              
VL51  -4859.152966  35828.870238 -48216.536368              
*  2025  5 22  7 32   0.00000000                            
PL51  -8212.258957  -7342.835281  -5538.408675              
VL51  -2176.290932  37772.806990 -46874.569356              
*  2025  5 22  7 34   0.00000000                            
PL51  -8222.077524  -6878.696229  -6092.132276              
VL51    545.438580  39556.487355 -45389.153147              
*  2025  5 22  7 36   0.00000000                            
PL51  -8199.056527  -6394.143961  -6627.192587              
VL51   3295.137431  41174.096518 -43764.809004              
*  2025  5 22  7 38   0.00000000                            
PL51  -8142.926623  -5891.202845  -7141.951642              
VL51   6061.731871  42620.496182 -42006.464919              
*  2025  5 22  7 40   0.00000000                            
PL51  -8053.552191  -5371.954769  -7634.832979              
VL51   8834.015396  43891.240737 -40119.441256              
*  2025  5 22  7 42   0.00000000                            
PL51  -7930.932671  -4838.530742  -8104.326258              
VL51  11600.692150  44982.590815 -38109.435478              
*  2025  5 22  7 44   0.00000000                            
PL51  -7775.203368  -4293.102354  -8548.991692              
VL51  14350.420731  45891.524216 -35982.506000              
*  2025  5 22  7 46   0.00000000                            
PL51  -7586.635740  -3737.873114  -8967.464276              
VL51  17071.858250  46615.744172 -33745.055213              
*  2025  5 22  7 48   0.00000000                            
PL51  -7365.637144  -3175.069710  -9358.457808              
VL51  19753.704515  47153.684981 -31403.811705              
*  2025  5 22  7 50   0.00000000                            
PL51  -7112.750064  -2606.933217  -9720.768695              
VL51  22384.746193  47504.514986 -28965.811736              
*  2025  5 22  7 52   0.00000000                            
PL51  -6828.650803  -2035.710282 -10053.279529              
VL51  24953.900815  47668.136917 -26438.379992              
*  2025  5 22  7 54   0.00000000                            
PL51  -6514.147650  -1463.644323 -10354.962429              
VL51  27450.260483  47645.185616 -23829.109663              
*  2025  5 22  7 56   0.00000000                            
PL51  -6170.178523   -892.966770 -10624.882142              
VL51  29863.135160  47437.023149 -21145.841877              
*  2025  5 22  7 58   0.00000000                            
PL51  -5797.808101   -325.888381 -10862.198890              
VL51  32182.095391  47045.731366 -18396.644526              
*  2025  5 22  8  0   0.00000000                            
PL51  -5398.224441    235.409338 -11066.170962              
VL51  34397.014345  46474.101904 -15589.790508              
*  2025  5 22  8  2   0.00000000                            
PL51  -4972.735101    788.782577 -11236.157039              
VL51  36498.109044  45725.623701 -12733.735423              
*  2025  5 22  8  4   0.00000000                            
PL51  -4522.762769   1332.133506 -11371.618253              
VL51  38475.980641  44804.468039  -9837.094738              
*  2025  5 22  8  6   0.00000000                            
PL51  -4049.840418   1863.418357 -11472.119964              
VL51  40321.653649  43715.471168  -6908.620450              
*  2025  5 22  8  8   0.00000000                            
PL51  -3555.605996   2380.655291 -11537.333258              
VL51  42026.613956  42464.114564  -3957.177267              
*  2025  5 22  8 10   0.00000000                            
PL51  -3041.796666   2881.932005 -11567.036149              
VL51  43582.845528  41056.502838   -991.718330              
*  2025  5 22  8 12   0.00000000                            
PL51  -2510.242621   3365.413074 -11561.114498              
VL51  44982.865648  39499.339389   1978.739507              
*  2025  5 22  8 14   0.00000000                            
PL51  -1962.860476   3829.346972 -11519.562626              
VL51  46219.758571  37799.899816   4945.140795              
*  2025  5 22  8 16   0.00000000                            
PL51  -1401.646273   4272.072771 -11442.483622              
VL51  47287.207447  35966.003168   7898.417006              
*  2025  5 22  8 18   0.00000000                            
PL51   -828.668110   4692.026481 -11330.089347              
VL51  48179.524378  34005.981092  10829.512394              
*  2025  5 22  8 20   0.00000000                            
PL51   -246.058428   5087.747001 -11182.700124              
VL51  48891.678472  31928.644938  13729.410170              
*  2025  5 22  8 22   0.00000000                            
PL51    343.994038   5457.881672 -11000.744112              
VL51  49419.321742  29743.250910  16589.158954              
*  2025  5 22  8 24   0.00000000                            
PL51    939.252590   5801.191398 -10784.756359              
VL51  49758.812705  27459.463336  19399.899452              
*  2025  5 22  8 26   0.00000000                            
PL51   1537.441181   6116.555309 -10535.377540              
VL51  49907.237549  25087.316149  22152.891290              
*  2025  5 22  8 28   0.00000000                            
PL51   2136.253257   6402.974961 -10253.352364              
VL51  49862.428708  22637.172695  24839.539966              
*  2025  5 22  8 30   0.00000000                            
PL51   2733.360812   6659.578039  -9939.527666              
VL51  49622.980721  20119.683965  27451.423818              
*  2025  5 22  8 32   0.00000000                            
PL51   3326.423614   6885.621549  -9594.850169              
VL51  49188.263232  17545.745389  29980.320952              
*  2025  5 22  8 34   0.00000000                            
PL51   3913.098567   7080.494489  -9220.363925              
VL51  48558.431001  14926.452318  32418.236036              
*  2025  5 22  8 36   0.00000000                            
PL51   4491.049181   7243.719970  -8817.207439              
VL51  47734.430815  12273.054354  34757.426858              
*  2025  5 22  8 38   0.00000000                            
PL51   5057.955100   7374.956794  -8386.610470              
VL51  46718.005170   9596.908671  36990.430561              
*  2025  5 22  8 40   0.00000000                            
PL51   5611.521653   7474.000455  -7929.890528              
VL51  45511.692638   6909.432520  39110.089434              
*  2025  5 22  8 42   0.00000000                            
PL51   6149.489398   7540.783574  -7448.449059              
VL51  44118.824817   4222.055091  41109.576146              
*  2025  5 22  8 44   0.00000000                            
PL51   6669.643598   7575.375753  -6943.767329              
VL51  42543.519801   1546.168931  42982.418310              
*  2025  5 22  8 46   0.00000000                            
PL51   7169.823602   7577.982840  -6417.402025              
VL51  40790.672100  -1106.918867  44722.522234              
*  2025  5 22  8 48   0.00000000                            
PL51   7647.932088   7548.945609  -5870.980572              
VL51  38865.938994  -3726.035478  46324.195744              
*  2025  5 22  8 50   0.00000000                            
PL51   8101.944111   7488.737864  -5306.196183              
VL51  36775.723278  -6300.190946  47782.169943              
*  2025  5 22  8 52   0.00000000                            
PL51   8529.915933   7397.963945  -4724.802652              
VL51  34527.152429  -8818.626319  49091.619765              
*  2025  5 22  8 54   0.00000000                            
PL51   8929.993570   7277.355678  -4128.608917              
VL51  32128.054213 -11270.861076  50248.183214              
*  2025  5 22  8 56   0.00000000                            
PL51   9300.421039   7127.768754  -3519.473390              
VL51  29586.928787 -13646.739599  51247.979140              
*  2025  5 22  8 58   0.00000000                            
PL51   9639.548236   6950.178551  -2899.298091              
VL51  26912.917379 -15936.476438  52087.623438              
*  2025  5 22  9  0   0.00000000                            
PL51   9945.838427   6745.675434  -2270.022593              
VL51  24115.767644 -18130.700111  52764.243559              
*  2025  5 22  9  2   0.00000000                            
PL51  10217.875301   6515.459530  -1633.617805              
VL51  21205.795840 -20220.495195  53275.491211              
*  2025  5 22  9  4   0.00000000                            
PL51  10454.369550   6260.835013   -992.079617              
VL51  18193.845955 -22197.442461  53619.553163              
*  2025  5 22  9  6   0.00000000                            
PL51  10654.164944   5983.203920   -347.422421              
VL51  15091.245994 -24053.656803  53795.160044              
*  2025  5 22  9  8   0.00000000                            
PL51  10816.243863   5684.059525    298.327456              
VL51  11909.761599 -25781.822754  53801.593087              
*  2025  5 22  9 10   0.00000000                            
PL51  10939.732257   5364.979305    943.138390              
VL51   8661.547254 -27375.227345  53638.688717              
*  2025  5 22  9 12   0.00000000                            
PL51  11023.904008   5027.617526   1584.980139              
VL51   5359.095308 -28827.790122  53306.840965              
*  2025  5 22  9 14   0.00000000                            
PL51  11068.184671   4673.697486   2221.830535              
VL51   2015.183080 -30134.090127  52807.001646              
*  2025  5 22  9 16   0.00000000                            
PL51  11072.154567   4305.003460   2851.682171              
VL51  -1357.181662 -31289.389677  52140.678300              
*  2025  5 22  9 18   0.00000000                            
PL51  11035.551214   3923.372370   3472.549043              
VL51  -4744.816554 -32289.654797  51309.929876              
*  2025  5 22  9 20   0.00000000                            
PL51  10958.271080   3530.685236   4082.473133              
VL51  -8134.421524 -33131.572176  50317.360182              
*  2025  5 22  9 22   0.00000000                            
PL51  10840.370656   3128.858448   4679.530894              
VL51 -11512.636377 -33812.562551  49166.109126              
*  2025  5 22  9 24   0.00000000                            
PL51  10682.066823   2719.834888   5261.839621              
VL51 -14866.098787 -34330.790442  47859.841798              
*  2025  5 22  9 26   0.00000000                            
PL51  10483.736534   2305.574972   5827.563677              
VL51 -18181.502334 -34685.170190  46402.735450              
*  2025  5 22  9 28   0.00000000                            
PL51  10245.915794   1888.047633   6374.920551              
VL51 -21445.654314 -34875.368266  44799.464457              
*  2025  5 22  9 30   0.00000000                            
PL51   9969.297952   1469.221294   6902.186724              
VL51 -24645.532964 -34901.801874  43055.183356              
*  2025  5 22  9 32   0.00000000                            
PL51   9654.731310   1051.054896   7407.703318              
VL51 -27768.343836 -34765.633856  41175.508046              
*  2025  5 22  9 34   0.00000000                            
PL51   9303.216062    635.488989   7889.881513              
VL51 -30801.575004 -34468.763967  39166.495282              
*  2025  5 22  9 36   0.00000000                            
PL51   8915.900581    224.436968   8347.207706              
VL51 -33733.050830 -34013.816587  37034.620563              
*  2025  5 22  9 38   0.00000000                            
PL51   8494.077069   -180.223537   8778.248394              
VL51 -36550.984028 -33404.124973  34786.754562              
*  2025  5 22  9 40   0.00000000                            
PL51   8039.176593   -576.659054   9181.654770              
VL51 -39244.025768 -32643.712169  32430.138198              
*  2025  5 22  9 42   0.00000000                            
PL51   7552.763535   -963.088418   9556.167009              
VL51 -41801.313599 -31737.268707  29972.356528              
*  2025  5 22  9 44   0.00000000                            
PL51   7036.529479  -1337.790626   9900.618237              
VL51 -44212.516975 -30690.127259  27421.311549              
*  2025  5 22  9 46   0.00000000                            
PL51   6492.286569  -1699.112385  10213.938164              
VL51 -46467.880183 -29508.234402  24785.194090              
*  2025  5 22  9 48   0.00000000                            
PL51   5921.960364  -2045.475288  10495.156379              
VL51 -48558.262524 -28198.119676  22072.454894              
*  2025  5 22  9 50   0.00000000                            
PL51   5327.582235  -2375.382614  10743.405294              
VL51 -50475.175567 -26766.862126  19291.775047              
*  2025  5 22  9 52   0.00000000                            
PL51   4711.281329  -2687.425712  10957.922722              
VL51 -52210.817356 -25222.054532  16452.035872              
*  2025  5 22  9 54   0.00000000                            
PL51   4075.276139  -2980.289936  11138.054105              
VL51 -53758.103442 -23571.765513  13562.288429              
*  2025  5 22  9 56   0.00000000                            
PL51   3421.865727  -3252.760121  11283.254359              
VL51 -55110.694649 -21824.499750  10631.722741              
*  2025  5 22  9 58   0.00000000                            
PL51   2753.420628  -3503.725570  11393.089361              
VL51 -56263.021491 -19989.156512   7669.636876              
*  2025  5 22 10  0   0.00000000                            
PL51   2072.373489  -3732.184527  11467.237059              
VL51 -57210.305184 -18074.986737   4685.406003              
*  2025  5 22 10  2   0.00000000                            
PL51   1381.209467  -3937.248141  11505.488210              
VL51 -57948.575209 -16091.548873   1688.451540              
*  2025  5 22 10  4   0.00000000                            
PL51    682.456441  -4118.143879  11507.746753              
VL51 -58474.683417 -14048.663712  -1311.789506              
*  2025  5 22 10  6   0.00000000                            
PL51    -21.324917  -4274.218404  11474.029811              
VL51 -58786.314663 -11956.368434  -4305.894898              
*  2025  5 22 10  8   0.00000000                            
PL51   -727.551192  -4404.939889  11404.467339              
VL51 -58881.993980  -9824.870080  -7284.487155              
*  2025  5 22 10 10   0.00000000                            
PL51  -1433.626330  -4509.899780  11299.301400              
VL51 -58761.090335  -7664.498658 -10238.263070              
*  2025  5 22 10 12   0.00000000                            
PL51  -2136.951770  -4588.813982  11158.885109              
VL51 -58423.816960  -5485.660109 -13158.022702              
*  2025  5 22 10 14   0.00000000                            
PL51  -2834.936566  -4641.523493  10983.681216              
VL51 -57871.228338  -3298.789300 -16034.697754              
*  2025  5 22 10 16   0.00000000                            
PL51  -3525.007438  -4667.994470  10774.260362              
VL51 -57105.213854  -1114.303268 -18859.379296              
*  2025  5 22 10 18   0.00000000                            
PL51  -4204.618746  -4668.317735  10531.299006              
VL51 -56128.488185   1057.445100 -21623.344743              
*  2025  5 22 10 20   0.00000000                            
PL51  -4871.262313  -4642.707729  10255.577025              
VL51 -54944.578477   3206.212778 -24318.084034              
*  2025  5 22 10 22   0.00000000                            
PL51  -5522.477085  -4591.500928   9947.975018              
VL51 -53557.808390   5321.911490 -26935.324940              
*  2025  5 22 10 24   0.00000000                            
PL51  -6155.858578  -4515.153718   9609.471299              
VL51 -51973.279106   7394.651628 -29467.057430              
*  2025  5 22 10 26   0.00000000                            
PL51  -6769.068078  -4414.239752   9241.138613              
VL51 -50196.847376   9414.784990 -31905.557047              
*  2025  5 22 10 28   0.00000000                            
PL51  -7359.841563  -4289.446808   8844.140572              
VL51 -48235.100749  11372.946203 -34243.407219              
*  2025  5 22 10 30   0.00000000                            
PL51  -7925.998310  -4141.573149   8419.727834              
VL51 -46095.330087  13260.092650 -36473.520470              
*  2025  5 22 10 32   0.00000000                            
PL51  -8465.449160  -3971.523421   7969.234031              
VL51 -43785.499491  15067.542752 -38589.158478              
*  2025  5 22 10 34   0.00000000                            
PL51  -8976.204398  -3780.304100   7494.071464              
VL51 -41314.213784  16787.012472 -40583.950944              
*  2025  5 22 10 36   0.00000000                            
PL51  -9456.381238  -3569.018512   6995.726582              
VL51 -38690.683698  18410.649898 -42451.913222              
*  2025  5 22 10 38   0.00000000                            
PL51  -9904.210877  -3338.861446   6475.755253              
VL51 -35924.688888  19931.067787 -44187.462697              
*  2025  5 22 10 40   0.00000000                            
PL51 -10318.045086  -3091.113401   5935.777848              
VL51 -33026.538948  21341.373946 -45785.433859              
*  2025  5 22 10 42   0.00000000                            
PL51 -10696.362327  -2827.134467   5377.474151              
VL51 -30007.032585  22635.199350 -47241.092050              
*  2025  5 22 10 44   0.00000000                            
PL51 -11037.773370  -2548.357896   4802.578116              
VL51 -26877.415106  23806.723894 -48550.145859              
*  2025  5 22 10 46   0.00000000                            
PL51 -11341.026389  -2256.283367   4212.872478              
VL51 -23649.334392  24850.699699 -49708.758133              
*  2025  5 22 10 48   0.00000000                            
PL51 -11605.011522  -1952.469999   3610.183243              
VL51 -20334.795553  25762.471880 -50713.555588              
*  2025  5 22 10 50   0.00000000                            
PL51 -11828.764879  -1638.529116   2996.374071              
VL51 -16946.114422  26537.996724 -51561.637001              
*  2025  5 22 10 52   0.00000000                            
PL51 -12011.471987  -1316.116821   2373.340572              
VL51 -13495.870092  27173.857215 -52250.579969              
*  2025  5 22 10 54   0.00000000                            
PL51 -12152.470662   -986.926397   1743.004523              
VL51  -9996.856694  27667.275856 -52778.446236              
*  2025  5 22 10 56   0.00000000                            
PL51 -12251.253297   -652.680568   1107.308035              
VL51  -6462.034577  28016.124778 -53143.785581              
*  2025  5 22 10 58   0.00000000                            
PL51 -12307.468558   -315.123654    468.207680              
VL51  -2904.481131  28218.933087 -53345.638283              
*  2025  5 22 11  0   0.00000000                            
PL51 -12320.922497     23.986337   -172.331400              
VL51    662.658612  28274.891470 -53383.536166              
*  2025  5 22 11  2   0.00000000                            
PL51 -12291.579063    362.885668   -812.341396              
VL51   4226.221378  28183.854050 -53257.502242              
*  2025  5 22 11  4   0.00000000                            
PL51 -12219.560031    699.812828  -1449.857713              
VL51   7773.074867  27946.337501 -52968.048986              
*  2025  5 22 11  6   0.00000000                            
PL51 -12105.144330   1033.016465  -2082.924827              
VL51  11290.166630  27563.517460 -52516.175249              
*  2025  5 22 11  8   0.00000000                            
PL51 -11948.766799   1360.763259  -2709.602098              
VL51  14764.572413  27037.222264 -51903.361852              
*  2025  5 22 11 10   0.00000000                            
PL51 -11751.016360   1681.345701  -3327.969520              
VL51  18183.543810  26369.924051 -51131.565882              
*  2025  5 22 11 12   0.00000000                            
PL51 -11512.633624   1993.089757  -3936.133394              
VL51  21534.555055  25564.727291 -50203.213722              
*  2025  5 22 11 14   0.00000000                            
PL51 -11234.507950   2294.362370  -4532.231915              
VL51  24805.348799  24625.354794 -49121.192852              
*  2025  5 22 11 16   0.00000000                            
PL51 -10917.673948   2583.578787  -5114.440647              
VL51  27983.980700  23556.131281 -47888.842460              
*  2025  5 22 11 18   0.00000000                            
PL51 -10563.307466   2859.209670  -5680.977882              
VL51  31058.862700  22361.964576 -46509.942906              
*  2025  5 22 11 20   0.00000000                            
PL51 -10172.721061   3119.787969  -6230.109866              
VL51  34018.804830  21048.324536 -44988.704079              
*  2025  5 22 11 22   0.00000000                            
PL51  -9747.358980   3363.915529  -6760.155878              
VL51  36853.055421  19621.219786 -43329.752710              
*  2025  5 22 11 24   0.00000000                            
PL51  -9288.791665   3590.269405  -7269.493150              
VL51  39551.339601  18087.172382 -41538.118677              
*  2025  5 22 11 26   0.00000000                            
PL51  -8798.709814   3797.607864  -7756.561621              
VL51  42103.895965  16453.190490 -39619.220364              
*  2025  5 22 11 28   0.00000000                            
PL51  -8278.918004   3984.776039  -8219.868501              
VL51  44501.511327  14726.739201 -37578.849114              
*  2025  5 22 11 30   0.00000000                            
PL51  -7731.327917   4150.711235  -8657.992655              
VL51  46735.553457  12915.709597 -35423.152829              
*  2025  5 22 11 32   0.00000000                            
PL51  -7157.951182   4294.447842  -9069.588777              
VL51  48798.001720  11028.386170 -33158.618772              
*  2025  5 22 11 34   0.00000000                            
PL51  -6560.891862   4415.121856  -9453.391351              
VL51  50681.475556   9073.412718 -30792.055586              
*  2025  5 22 11 36   0.00000000                            
PL51  -5942.338615   4511.974976  -9808.218403              
VL51  52379.260721   7059.756841 -28330.574606              
*  2025  5 22 11 38   0.00000000                            
PL51  -5304.556551   4584.358272 -10132.975015              
VL51  53885.333244   4996.673140 -25781.570463              
*  2025  5 22 11 40   0.00000000                            
PL51  -4649.878814   4631.735402 -10426.656603              
VL51  55194.381029   2893.665257 -23152.701040              
*  2025  5 22 11 42   0.00000000                            
PL51  -3980.697929   4653.685369 -10688.351953              
VL51  56301.823059    760.446863 -20451.866796              
*  2025  5 22 11 44   0.00000000                            
PL51  -3299.456919   4649.904799 -10917.246008              
VL51  57203.826162  -1393.098283 -17687.189492              
*  2025  5 22 11 46   0.00000000                            
PL51  -2608.640245   4620.209740 -11112.622391              
VL51  57897.319272  -3556.957064 -14866.990334              
*  2025  5 22 11 48   0.00000000                            
PL51  -1910.764590   4564.536969 -11273.865663              
VL51  58380.005172  -5721.028426 -11999.767573              
*  2025  5 22 11 50   0.00000000                            
PL51  -1208.369512   4482.944791 -11400.463312              
VL51  58650.369659  -7875.165338  -9094.173565              
*  2025  5 22 11 52   0.00000000                            
PL51   -504.008009   4375.613342 -11492.007463              
VL51  58707.688099 -10009.217185  -6158.991328              
*  2025  5 22 11 54   0.00000000                            
PL51    199.762987   4242.844372 -11548.196301              
VL51  58552.029338 -12113.072438  -3203.110595              
*  2025  5 22 11 56   0.00000000                            
PL51    900.392135   4085.060521 -11568.835205              
VL51  58184.256921 -14176.701490   -235.503411              
*  2025  5 22 11 58   0.00000000                            
PL51   1595.343219   3902.804079 -11553.837592              
VL51  57606.027594 -16190.199496   2734.800721              
*  2025  5 22 12  0   0.00000000                            
PL51   2282.104647   3696.735231 -11503.225447              
VL51  56819.787046 -18143.829087   5698.740106              
*  2025  5 22 12  2   0.00000000                            
PL51   2958.198870   3467.629795 -11417.129565              
VL51  55828.762869 -20028.062797   8647.246501              
*  2025  5 22 12  4   0.00000000                            
PL51   3621.191718   3216.376446 -11295.789466              
VL51  54636.954716 -21833.625054  11571.271106              
*  2025  5 22 12  6   0.00000000                            
PL51   4268.701584   2943.973449 -11139.553009              
VL51  53249.121628 -23551.533572  14461.810846              
*  2025  5 22 12  8   0.00000000                            
PL51   4898.408451   2651.524895 -10948.875683              
VL51  51670.766532 -25173.139986  17309.934905              
*  2025  5 22 12 10   0.00000000                            
PL51   5508.062712   2340.236449 -10724.319579              
VL51  49908.117902 -26690.169556  20106.811465              
*  2025  5 22 12 12   0.00000000                            
PL51   6095.493747   2011.410640 -10466.552043              
VL51  47968.108587 -28094.759775  22843.734575              
*  2025  5 22 12 14   0.00000000                            
PL51   6658.618240   1666.441685 -10176.344000              
VL51  45858.351819 -29379.497704  25512.151104              
*  2025  5 22 12 16   0.00000000                            
PL51   7195.448184   1306.809880  -9854.567964              
VL51  43587.114429 -30537.455854  28103.687693              
*  2025  5 22 12 18   0.00000000                            
PL51   7704.098548    934.075566  -9502.195714              
VL51  41163.287289 -31562.226450  30610.177638              
*  2025  5 22 12 20   0.00000000                            
PL51   8182.794576    549.872693  -9120.295657              
VL51  38596.353045 -32447.953865  33023.687609              
*  2025  5 22 12 22   0.00000000                            
PL51   8629.878681    155.902017  -8710.029864              
VL51  35896.351186 -33189.365083  35336.544119              
*  2025  5 22 12 24   0.00000000                            
PL51   9043.816904   -246.076072  -8272.650804              
VL51  33073.840527 -33781.797963  37541.359634              
*  2025  5 22 12 26   0.00000000                            
PL51   9423.204912   -654.249033  -7809.497746              
VL51  30139.859204 -34221.227168  39631.058216              
*  2025  5 22 12 28   0.00000000                            
PL51   9766.773490  -1066.759960  -7321.992880              
VL51  27105.882276 -34504.287548  41598.900589              
*  2025  5 22 12 30   0.00000000                            
PL51  10073.393527  -1481.715630  -6811.637122              
VL51  23983.777080 -34628.294831  43438.508496              
*  2025  5 22 12 32   0.00000000                            
PL51  10342.080438  -1897.194787  -6280.005644              
VL51  20785.756472 -34591.263448  45143.888230              
*  2025  5 22 12 34   0.00000000                            
PL51  10571.998026  -2311.256615  -5728.743121              
VL51  17524.330128 -34391.921341  46709.453197              
*  2025  5 22 12 36   0.00000000                            
PL51  10762.461736  -2721.949372  -5159.558718              
VL51  14212.254094 -34029.721632  48130.045395              
*  2025  5 22 12 38   0.00000000                            
PL51  10912.941308  -3127.319152  -4574.220822              
VL51  10862.478786 -33504.851003  49400.955659              
*  2025  5 22 12 40   0.00000000                            
PL51  11023.062784  -3525.418715  -3974.551540              
VL51   7488.095668 -32818.234701  50517.942552              
*  2025  5 22 12 42   0.00000000                            
PL51  11092.609881  -3914.316366  -3362.420986              
VL51   4102.282858 -31971.538068  51477.249776              
*  2025  5 22 12 44   0.00000000                            
PL51  11121.524695  -4292.104824  -2739.741355              
VL51    718.249901 -30967.164538  52275.621977              
*  2025  5 22 12 46   0.00000000                            
PL51  11109.907749  -4656.910054  -2108.460830              
VL51  -2650.818000 -29808.250037  52910.318820              
*  2025  5 22 12 48   0.00000000                            
PL51  11058.017361  -5006.900003  -1470.557328              
VL51  -5991.816025 -28498.653773  53379.127245              
*  2025  5 22 12 50   0.00000000                            
PL51  10966.268344  -5340.293203   -828.032104              
VL51  -9291.775752 -27042.945418  53680.371784              
*  2025  5 22 12 52   0.00000000                            
PL51  10835.230035  -5655.367208   -182.903252              
VL51 -12537.920841 -25446.388688  53812.922862              
*  2025  5 22 12 54   0.00000000                            
PL51  10665.623660  -5950.466802    462.800887              
VL51 -15717.722091 -23714.921392  53776.202992              
*  2025  5 22 12 56   0.00000000                            
PL51  10458.319040  -6224.011949   1107.048376              
VL51 -18818.951547 -21855.132005  53570.190818              
*  2025  5 22 12 58   0.00000000                            
PL51  10214.330660  -6474.505450   1747.810370              
VL51 -21829.735356 -19874.232883  53195.422942              
*  2025  5 22 13  0   0.00000000                            
PL51   9934.813109  -6700.540248   2383.067807              
VL51 -24738.605065 -17780.030242  52652.993513              
*  2025  5 22 13  2   0.00000000                            
PL51   9621.055917  -6900.806358   3010.818092              
VL51 -27534.547072 -15580.891050  51944.551560              
*  2025  5 22 13  4   0.00000000                            
PL51   9274.477810  -7074.097387   3629.081719              
VL51 -30207.049927 -13285.707004  51072.296076              
*  2025  5 22 13  6   0.00000000                            
PL51   8896.620413  -7219.316596   4235.908840              
VL51 -32746.149244 -10903.855804  50038.968883              
*  2025  5 22 13  8   0.00000000                            
PL51   8489.141428  -7335.482492   4829.385718              
VL51 -35142.469947  -8445.159908  48847.845291              
*  2025  5 22 13 10   0.00000000                            
PL51   8053.807324  -7421.733900   5407.641064              
VL51 -37387.265639  -5919.843022  47502.722635              
*  2025  5 22 13 12   0.00000000                            
PL51   7592.485573  -7477.334514   5968.852224              
VL51 -39472.454872  -3338.484548  46007.906728              
*  2025  5 22 13 14   0.00000000                            
PL51   7107.136466  -7501.676877   6511.251185              
VL51 -41390.654140   -711.972260  44368.196324              
*  2025  5 22 13 16   0.00000000                            
PL51   6599.804560  -7494.285792   7033.130395              
VL51 -43135.207420   1948.546551  42588.865675              
*  2025  5 22 13 18   0.00000000                            
PL51   6072.609788  -7454.821137   7532.848346              
VL51 -44700.212136   4631.715173  40675.645285              
*  2025  5 22 13 20   0.00000000                            
PL51   5527.738279  -7383.080071   8008.834932              
VL51 -46080.541420   7326.018535  38634.700980              
*  2025  5 22 13 22   0.00000000                            
PL51   4967.432936  -7278.998629   8459.596538              
VL51 -47271.862591  10019.834979  36472.611402              
*  2025  5 22 13 24   0.00000000                            
PL51   4393.983816  -7142.652681   8883.720848              
VL51 -48270.651795  12701.488442  34196.344073              
*  2025  5 22 13 26   0.00000000                            
PL51   3809.718351  -6974.258274   9279.881365              
VL51 -49074.204759  15359.300784  31813.230140              
*  2025  5 22 13 28   0.00000000                            
PL51   3216.991471  -6774.171349   9646.841618              
VL51 -49680.643676  17981.644002  29330.937961              
*  2025  5 22 13 30   0.00000000                            
PL51   2618.175665  -6542.886816   9983.459040              
VL51 -50088.920203  20556.992051  26757.445651              
*  2025  5 22 13 32   0.00000000                            
PL51   2015.651027  -6281.037035  10288.688519              
VL51 -50298.814644  23073.972044  24101.012740              
*  2025  5 22 13 34   0.00000000                            
PL51   1411.795336  -5989.389668  10561.585603              
VL51 -50310.931355  25521.414556  21370.151086              
*  2025  5 22 13 36   0.00000000                            
PL51    808.974215  -5668.844940  10801.309344              
VL51 -50126.690472  27888.402842  18573.595162              
*  2025  5 22 13 38   0.00000000                            
PL51    209.531407  -5320.432324  11007.124797              
VL51 -49748.316045  30164.320711  15720.271877              
*  2025  5 22 13 40   0.00000000                            
PL51   -384.220781  -4945.306650  11178.405139              
VL51 -49178.820717  32338.898886  12819.270035              
*  2025  5 22 13 42   0.00000000                            
PL51   -970.010834  -4544.743675  11314.633431              
VL51 -48421.987060  34402.259643   9879.809568              
*  2025  5 22 13 44   0.00000000                            
PL51  -1545.617141  -4120.135122  11415.404007              
VL51 -47482.345720  36344.959555   6911.210652              
*  2025  5 22 13 46   0.00000000                            
PL51  -2108.876821  -3672.983228  11480.423488              
VL51 -46365.150527  38158.030177   3922.862817              
*  2025  5 22 13 48   0.00000000                            
PL51  -2657.694243  -3204.894805  11509.511432              
VL51 -45076.350715  39833.016524    924.194159              
*  2025  5 22 13 50   0.00000000                            
PL51  -3190.049189  -2717.574865  11502.600613              
VL51 -43622.560438  41362.013192  -2075.359260              
*  2025  5 22 13 52   0.00000000                            
PL51  -3704.004633  -2212.819815  11459.736934              
VL51 -42011.025746  42737.698009  -5066.383707              
*  2025  5 22 13 54   0.00000000                            
PL51  -4197.714122  -1692.510275  11381.078978              
VL51 -40249.589202  43953.363082  -8039.517702              
*  2025  5 22 13 56   0.00000000                            
PL51  -4669.428701  -1158.603528  11266.897206              
VL51 -38346.652332  45002.943146 -10985.481457              
*  2025  5 22 13 58   0.00000000                            
PL51  -5117.503394   -613.125657  11117.572801              
VL51 -36311.136087  45881.041132 -13895.105779              
*  2025  5 22 14  0   0.00000000                            
PL51  -5540.403185    -58.163386  10933.596170              
VL51 -34152.439528  46582.950854 -16759.360320              
*  2025  5 22 14  2   0.00000000                            
PL51  -5936.708503    504.144334  10715.565115              
VL51 -31880.396920  47104.676773 -19569.381143              
*  2025  5 22 14  4   0.00000000                            
PL51  -6305.120179   1071.614953  10464.182671              
VL51 -29505.233426  47442.950772 -22316.497495              
*  2025  5 22 14  6   0.00000000                            
PL51  -6644.463862   1642.031139  10180.254634              
VL51 -27037.519626  47595.245901 -24992.257751              
*  2025  5 22 14  8   0.00000000                            
PL51  -6953.693891   2213.149739   9864.686777              
VL51 -24488.125029  47559.787067 -27588.454460              
*  2025  5 22 14 10   0.00000000                            
PL51  -7231.896594   2782.710850   9518.481778              
VL51 -21868.170799  47335.558647 -30097.148429              
*  2025  5 22 14 12   0.00000000                            
PL51  -7478.293028   3348.446962   9142.735860              
VL51 -19188.981881  46922.309008 -32510.691802              
*  2025  5 22 14 14   0.00000000                            
PL51  -7692.241126   3908.092136   8738.635161              
VL51 -16462.038726  46320.551955 -34821.750074              
*  2025  5 22 14 16   0.00000000                            
PL51  -7873.237281   4459.391189   8307.451848              
VL51 -13698.928817  45531.565095 -37023.323004              
*  2025  5 22 14 18   0.00000000                            
PL51  -8020.917332   5000.108828   7850.539986              
VL51 -10911.298175  44557.385160 -39108.764369              
*  2025  5 22 14 20   0.00000000                            
PL51  -8135.056982   5528.038716   7369.331177              
VL51  -8110.803052  43400.800314 -41071.800525              
*  2025  5 22 14 22   0.00000000                            
PL51  -8215.571631   6041.012435   6865.329984              
VL51  -5309.061985  42065.339487 -42906.547733              
*  2025  5 22 14 24   0.00000000                            
PL51  -8262.515636   6536.908290   6340.109155              
VL51  -2517.608405  40555.258803 -44607.528215              
*  2025  5 22 14 26   0.00000000                            
PL51  -8276.081012   7013.659943   5795.304660              
VL51    252.156020  38875.525146 -46169.684902              
*  2025  5 22 14 28   0.00000000                            
PL51  -8256.595574   7469.264827   5232.610564              
VL51   2989.007132  37031.796963 -47588.394847              
*  2025  5 22 14 30   0.00000000                            
PL51  -8204.520537   7901.792319   4653.773740              
VL51   5681.942944  35030.402380 -48859.481273              
*  2025  5 22 14 32   0.00000000                            
PL51  -8120.447590   8309.391630   4060.588450              
VL51   8320.227045  32878.314731 -49979.224235              
*  2025  5 22 14 34   0.00000000                            
PL51  -8005.095456   8690.299388   3454.890811              
VL51  10893.430598  30583.125611 -50944.369874              
*  2025  5 22 14 36   0.00000000                            
PL51  -7859.305953   9042.846886   2838.553147              
VL51  13391.472758  28153.015574 -51752.138257              
*  2025  5 22 14 38   0.00000000                            
PL51  -7684.039589   9365.466960   2213.478265              
VL51  15804.659390  25596.722589 -52400.229790              
*  2025  5 22 14 40   0.00000000                            
PL51  -7480.370694   9656.700478   1581.593662              
VL51  18123.719929  22923.508404 -52886.830199              
*  2025  5 22 14 42   0.00000000                            
PL51  -7249.482129   9915.202416    944.845672              
VL51  20339.842261  20143.122945 -53210.614079              
*  2025  5 22 14 44   0.00000000                            
PL51  -6992.659586  10139.747491    305.193593              
VL51  22444.705502  17265.766904 -53370.747019              
*  2025  5 22 14 46   0.00000000                            
PL51  -6711.285504  10329.235339   -335.396216              
VL51  24430.510575  14302.052662 -53366.886292              
*  2025  5 22 14 48   0.00000000                            
PL51  -6406.832639  10482.695211   -974.956231              
VL51  26290.008465  11262.963719 -53199.180149              
*  2025  5 22 14 50   0.00000000                            
PL51  -6080.857303  10599.290181  -1611.523642              
VL51  28016.526067   8159.812790 -52868.265705              
*  2025  5 22 14 52   0.00000000                            
PL51  -5734.992314  10678.320833  -2243.146201              
VL51  29603.989545   5004.198753 -52375.265476              
*  2025  5 22 14 54   0.00000000                            
PL51  -5370.939673  10719.228435  -2867.888020              
VL51  31046.945145   1807.962600 -51721.782562              
*  2025  5 22 14 56   0.00000000                            
PL51  -4990.463014  10721.597578  -3483.835301              
VL51  32340.577384  -1416.857408 -50909.894550              
*  2025  5 22 14 58   0.00000000                            
PL51  -4595.379847  10685.158267  -4089.101987              
VL51  33480.724600  -4658.071228 -49942.146154              
*  2025  5 22 15  0   0.00000000                            
PL51  -4187.553636  10609.787468  -4681.835321              
VL51  34463.891818  -7903.382982 -48821.540654              
*  2025  5 22 15  2   0.00000000                            
PL51  -3768.885730  10495.510102  -5260.221285              
VL51  35287.260921 -11140.437211 -47551.530180              
*  2025  5 22 15  4   0.00000000                            
PL51  -3341.307196  10342.499482  -5822.489930              
VL51  35948.698131 -14356.865258 -46136.004892              
*  2025  5 22 15  6   0.00000000                            
PL51  -2906.770576  10151.077192  -6366.920554              
VL51  36446.758795 -17540.331653 -44579.281097              
*  2025  5 22 15  8   0.00000000                            
PL51  -2467.241600   9921.712409  -6891.846748              
VL51  36780.689504 -20678.580331 -42886.088366              
*  2025  5 22 15 10   0.00000000                            
PL51  -2024.690894   9655.020679  -7395.661265              
VL51  36950.427552 -23759.480545 -41061.555670              
*  2025  5 22 15 12   0.00000000                            
PL51  -1581.085705   9351.762137  -7876.820730              
VL51  36956.597785 -26771.072349 -39111.196599              
*  2025  5 22 15 14   0.00000000                            
PL51  -1138.381685   9012.839186  -8333.850162              
VL51  36800.506849 -29701.611490 -37040.893689              
*  2025  5 22 15 16   0.00000000                            
PL51   -698.514757   8639.293648  -8765.347300              
VL51  36484.134902 -32539.613601 -34856.881892              
*  2025  5 22 15 18   0.00000000                            
PL51   -263.393091   8232.303377  -9169.986731              
VL51  36010.124808 -35273.897538 -32565.731244              
*  2025  5 22 15 20   0.00000000                            
PL51    165.110766   7793.178372  -9546.523804              
VL51  35381.768886 -37893.627744 -30174.328740              
*  2025  5 22 15 22   0.00000000                            
PL51    585.167597   7323.356376  -9893.798318              
VL51  34602.993260 -40388.355525 -27689.859479              
*  2025  5 22 15 24   0.00000000                            
PL51    994.999010   6824.397997 -10210.737986              
VL51  33678.339872 -42748.059083 -25119.787093              
*  2025  5 22 15 26   0.00000000                            
PL51   1392.884712   6297.981346 -10496.361653              
VL51  32612.946230 -44963.182224 -22471.833519              
*  2025  5 22 15 28   0.00000000                            
PL51   1777.169523   5745.896229 -10749.782275              
VL51  31412.522962 -47024.671596 -19753.958117              
*  2025  5 22 15 30   0.00000000                            
PL51   2146.270107   5170.037897 -10970.209637              
VL51  30083.329254 -48924.012373 -16974.336199              
*  2025  5 22 15 32   0.00000000                            
PL51   2498.681398   4572.400375 -11156.952814              
VL51  28632.146250 -50653.262257 -14141.336969              
*  2025  5 22 15 34   0.00000000                            
PL51   2832.982692   3955.069400 -11309.422359              
VL51  27066.248496 -52205.083700 -11263.500919              
*  2025  5 22 15 36   0.00000000                            
PL51   3147.843391   3320.214977 -11427.132228              
VL51  25393.373526 -53572.774241  -8349.516702              
*  2025  5 22 15 38   0.00000000                            
PL51   3442.028364   2670.083588 -11509.701408              
VL51  23621.689667 -54750.294863  -5408.197500              
*  2025  5 22 15 40   0.00000000                            
PL51   3714.402916   2006.990071 -11556.855274              
VL51  21759.762162 -55732.296245  -2448.456927              
*  2025  5 22 15 42   0.00000000                            
PL51   3963.937340   1333.309195 -11568.426642              
VL51  19816.517711 -56514.142832    520.715516              
*  2025  5 22 15 44   0.00000000                            
PL51   4189.711035    651.466962 -11544.356534              
VL51  17801.207536 -57091.934602   3490.279407              
*  2025  5 22 15 46   0.00000000                            
PL51   4390.916170    -36.068334 -11484.694636              
VL51  15723.369065 -57462.526443   6451.168757              
*  2025  5 22 15 48   0.00000000                            
PL51   4566.860884   -726.795275 -11389.599450              
VL51  13592.786358 -57623.545037   9394.317717              
*  2025  5 22 15 50   0.00000000                            
PL51   4716.972000  -1418.188667 -11259.338139              
VL51  11419.449391 -57573.403139  12310.686617              
*  2025  5 22 15 52   0.00000000                            
PL51   4840.797249  -2107.709043 -11094.286053              
VL51   9213.512309 -57311.311172  15191.288290              
*  2025  5 22 15 54   0.00000000                            
PL51   4938.006983  -2792.812295 -10894.925937              
VL51   6985.250792 -56837.286023  18027.214632              
*  2025  5 22 15 56   0.00000000                            
PL51   5008.395377  -3470.959384 -10661.846831              
VL51   4745.018658 -56152.156945  20809.663365              
*  2025  5 22 15 58   0.00000000                            
PL51   5051.881098  -4139.626115 -10395.742628              
VL51   2503.203856 -55257.568477  23529.964929              
*  2025  5 22 16  0   0.00000000                            
PL51   5068.507453  -4796.312920 -10097.410327              
VL51    270.183993 -54155.980280  26179.609434              
*  2025  5 22 16  2   0.00000000                            
PL51   5058.441994  -5438.554622  -9767.747953              
VL51  -1943.718430 -52850.663829  28750.273613              
*  2025  5 22 16  4   0.00000000                            
PL51   5021.975587  -6063.930140  -9407.752155              
VL51  -4128.280915 -51345.695863  31233.847667              
*  2025  5 22 16  6   0.00000000                            
PL51   4959.520945  -6670.072101  -9018.515485              
VL51  -6273.425797 -49645.948568  33622.461926              
*  2025  5 22 16  8   0.00000000                            
PL51   4871.610620  -7254.676304  -8601.223361              
VL51  -8369.264845 -47757.076422  35908.513232              
*  2025  5 22 16 10   0.00000000                            
PL51   4758.894466  -7815.511017  -8157.150706              
VL51 -10406.143409 -45685.499687  38084.690928              
*  2025  5 22 16 12   0.00000000                            
PL51   4622.136571  -8350.426047  -7687.658290              
VL51 -12374.683946 -43438.384522  40144.002359              
*  2025  5 22 16 14   0.00000000                            
PL51   4462.211680  -8857.361554  -7194.188763              
VL51 -14265.828684 -41023.619720  42079.797765              
*  2025  5 22 16 16   0.00000000                            
PL51   4280.101103  -9334.356572  -6678.262392              
VL51 -16070.881244 -38449.790079  43885.794443              
*  2025  5 22 16 18   0.00000000                            
PL51   4076.888135  -9779.557176  -6141.472517              
VL51 -17781.546978 -35726.146448  45556.100057              
*  2025  5 22 16 20   0.00000000                            
PL51   3853.753002 -10191.224285  -5585.480733              
VL51 -19389.971828 -32862.572497  47085.234950              
*  2025  5 22 16 22   0.00000000                            
PL51   3611.967348 -10567.741040  -5012.011806              
VL51 -20888.779461 -29869.548315  48468.153346              
*  2025  5 22 16 24   0.00000000                            
PL51   3352.888290 -10907.619723  -4422.848350              
VL51 -22271.106481 -26758.110914  49700.263283              
*  2025  5 22 16 26   0.00000000                            
PL51   3077.952061 -11209.508192  -3819.825265              
VL51 -23530.635499 -23539.811807  50777.445165              
*  2025  5 22 16 28   0.00000000                            
PL51   2788.667274 -11472.195786  -3204.823967              
VL51 -24661.625846 -20226.671786  51696.068782              
*  2025  5 22 16 30   0.00000000                            
PL51   2486.607823 -11694.618671  -2579.766419              
VL51 -25658.941742 -16831.133120  52453.008703              
*  2025  5 22 16 32   0.00000000                            
PL51   2173.405479 -11875.864598  -1946.608992              
VL51 -26518.077723 -13366.009353  53045.657895              
*  2025  5 22 16 34   0.00000000                            
PL51   1850.742179 -12015.177049  -1307.336173              
VL51 -27235.181154  -9844.432953  53471.939488              
*  2025  5 22 16 36   0.00000000                            
PL51   1520.342076 -12111.958739   -663.954136              
VL51 -27807.071682  -6279.801050  53730.316570              
*  2025  5 22 16 38   0.00000000                            
PL51   1183.963373 -12165.774455    -18.484224              
VL51 -28231.257463  -2685.719547  53819.799951              
*  2025  5 22 16 40   0.00000000                            
PL51    843.389974 -12176.353227    627.043670              
VL51 -28505.948069    924.054114  53739.953797              
*  2025  5 22 16 42   0.00000000                            
PL51    500.423016 -12143.589786   1270.597759              
VL51 -28630.063955   4535.669240  53490.899102              
*  2025  5 22 16 44   0.00000000                            
PL51    156.872287 -12067.545342   1910.151056              
VL51 -28603.242416   8135.240893  53073.314937              
*  2025  5 22 16 46   0.00000000                            
PL51   -185.452380 -11948.447629   2543.688070              
VL51 -28425.839968  11708.909311  52488.437460              
*  2025  5 22 16 48   0.00000000                            
PL51   -524.749748 -11786.690251   3169.211469              
VL51 -28098.931145  15242.899403  51738.056666              
*  2025  5 22 16 50   0.00000000                            
PL51   -859.235756 -11582.831308   3784.748698              
VL51 -27624.303671  18723.579987  50824.510896              
*  2025  5 22 16 52   0.00000000                            
PL51  -1187.152036 -11337.591319   4388.358516              
VL51 -27004.450060  22137.522440  49750.679116              
*  2025  5 22 16 54   0.00000000                            
PL51  -1506.774301 -11051.850438   4978.137423              
VL51 -26242.555669  25471.558430  48519.971021              
*  2025  5 22 16 56   0.00000000                            
PL51  -1816.420569 -10726.644998   5552.225962              
VL51 -25342.483278  28712.836414  47136.315008              
*  2025  5 22 16 58   0.00000000                            
PL51  -2114.459184 -10363.163373   6108.814859              
VL51 -24308.754293  31848.876601  45604.144098              
*  2025  5 22 17  0   0.00000000                            
PL51  -2399.316592  -9962.741195   6646.150985              
VL51 -23146.526685  34867.624077  43928.379899              
*  2025  5 22 17  2   0.00000000                            
PL51  -2669.484826  -9526.855952   7162.543113              
VL51 -21861.569797  37757.499823  42114.414677              
*  2025  5 22 17  4   0.00000000                            
PL51  -2923.528682  -9057.120980   7656.367449              
VL51 -20460.236182  40507.449373  40168.091682              
*  2025  5 22 17  6   0.00000000                            
PL51  -3160.092533  -8555.278890   8126.072920              
VL51 -18949.430633  43106.988865  38095.683805              
*  2025  5 22 17  8   0.00000000                            
PL51  -3377.906754  -8023.194456   8570.186190              
VL51 -17336.576600  45546.248275  35903.870710              
*  2025  5 22 17 10   0.00000000                            
PL51  -3575.793738  -7462.847009   8987.316398              
VL51 -15629.580184  47816.011631  33599.714568              
*  2025  5 22 17 12   0.00000000                            
PL51  -3752.673453  -6876.322358   9376.159601              
VL51 -13836.791932  49907.754045  31190.634510              
*  2025  5 22 17 14   0.00000000                            
PL51  -3907.568543  -6265.804298   9735.502889              
VL51 -11966.966645  51813.675404  28684.379965              
*  2025  5 22 17 16   0.00000000                            
PL51  -4039.608925  -5633.565719  10064.228195              
VL51 -10029.221427  53526.730607  26089.002999              
*  2025  5 22 17 18   0.00000000                            
PL51  -4148.035880  -4981.959390  10361.315745              
VL51  -8032.992210  55040.656250  23412.829795              
*  2025  5 22 17 20   0.00000000                            
PL51  -4232.205607  -4313.408433  10625.847182              
VL51  -5987.988989  56349.993679  20664.431427              
*  2025  5 22 17 22   0.00000000                            
PL51  -4291.592243  -3630.396546  10857.008320              
VL51  -3904.149994  57450.108363  17852.594029              
*  2025  5 22 17 24   0.00000000                            
PL51  -4325.790320  -2935.458017  11054.091547              
VL51  -1791.595043  58337.205541  14986.288513              
*  2025  5 22 17 26   0.00000000                            
PL51  -4334.516661  -2231.167572  11216.497857              
VL51    339.421699  59008.342140  12074.639950              
*  2025  5 22 17 28   0.00000000                            
PL51  -4317.611706  -1520.130098  11343.738516              
VL51   2478.559315  59461.434953   9126.896735              
*  2025  5 22 17 30   0.00000000                            
PL51  -4275.040270   -804.970301  11435.436356              
VL51   4615.437866  59695.265101   6152.399669              
*  2025  5 22 17 32   0.00000000                            
PL51  -4206.891722    -88.322318  11491.326699              
VL51   6739.686026  59709.478828   3160.551056              
*  2025  5 22 17 34   0.00000000                            
PL51  -4113.379598    627.180644  11511.257909              
VL51   8840.988414  59504.584674    160.783936              
*  2025  5 22 17 36   0.00000000                            
PL51  -3994.840649   1338.916626  11495.191578              
VL51  10909.132398  59081.947103  -2837.468449              
*  2025  5 22 17 38   0.00000000                            
PL51  -3851.733331   2044.285130  11443.202348              
VL51  12934.054195  58443.776670  -5824.802874              
*  2025  5 22 17 40   0.00000000                            
PL51  -3684.635744   2740.717198  11355.477369              
VL51  14905.884047  57593.116815  -8791.875927              
*  2025  5 22 17 42   0.00000000                            
PL51  -3494.243042   3425.685307  11232.315406              
VL51  16814.990306  56533.827390 -11729.433322              
*  2025  5 22 17 44   0.00000000                            
PL51  -3281.364313   4096.713058  11074.125598              
VL51  18652.022240  55270.565023 -14628.338633              
*  2025  5 22 17 46   0.00000000                            
PL51  -3046.918964   4751.384597  10881.425874              
VL51  20407.951393  53808.760447 -17479.601378              
*  2025  5 22 17 48   0.00000000                            
PL51  -2791.932607   5387.353759  10654.841032              
VL51  22074.111333  52154.592917 -20274.404396              
*  2025  5 22 17 50   0.00000000                            
PL51  -2517.532490   6002.352879  10395.100508              
VL51  23642.235648  50314.961848 -23004.130417              
*  2025  5 22 17 52   0.00000000                            
PL51  -2224.942475   6594.201254  10103.035812              
VL51  25104.494034  48297.455827 -25660.387792              
*  2025  5 22 17 54   0.00000000                            
PL51  -1915.477602   7160.813212   9779.577679              
VL51  26453.526342  46110.319143 -28235.035309              
*  2025  5 22 17 56   0.00000000                            
PL51  -1590.538248   7700.205769   9425.752913              
VL51  27682.474474  43762.415990 -30720.206025              
*  2025  5 22 17 58   0.00000000                            
PL51  -1251.603929   8210.505841   9042.680965              
VL51  28785.011994  41263.192516 -33108.330082              
*  2025  5 22 18  0   0.00000000                            
PL51   -900.226749   8689.956992   8631.570229              
VL51  29755.371374  38622.636873 -35392.156444              
*  2025  5 22 18  2   0.00000000                            
PL51   -538.024543   9136.925688   8193.714097              
VL51  30588.368756  35851.237457 -37564.773512              
*  2025  5 22 18  4   0.00000000                            
PL51   -166.673741   9549.907041   7730.486764              
VL51  31279.426168  32959.939494 -39619.628574              
*  2025  5 22 18  6   0.00000000                            
PL51    212.098030   9927.530021   7243.338815              
VL51  31824.591115  29960.100166 -41550.546055              
*  2025  5 22 18  8   0.00000000                            
PL51    596.519549  10268.562128   6733.792591              
VL51  32220.553470  26863.442443 -43351.744529              
*  2025  5 22 18 10   0.00000000                            
PL51    984.783800  10571.913495   6203.437367              
VL51  32464.659622  23682.007809 -45017.852451              
*  2025  5 22 18 12   0.00000000                            
PL51   1375.055922  10836.640424   5653.924343              
VL51  32554.923832  20428.108066 -46543.922578              
*  2025  5 22 18 14   0.00000000                            
PL51   1765.481276  11061.948337   5086.961477              
VL51  32490.036757  17114.276405 -47925.445039              
*  2025  5 22 18 16   0.00000000                            
PL51   2154.193599  11247.194134   4504.308159              
VL51  32269.371136  13753.217949 -49158.359025              
*  2025  5 22 18 18   0.00000000                            
PL51   2539.323208  11391.887960   3907.769764              
VL51  31892.984608  10357.759960 -50239.063075              
*  2025  5 22 18 20   0.00000000                            
PL51   2919.005224  11495.694370   3299.192082              
VL51  31361.619694   6940.801915 -51164.423936              
*  2025  5 22 18 22   0.00000000                            
PL51   3291.387774  11558.432896   2680.455658              
VL51  30676.700946   3515.265648 -51931.783988              
*  2025  5 22 18 24   0.00000000                            
PL51   3654.640145  11580.078021   2053.470040              
VL51  29840.329296     94.045758 -52538.967240              
*  2025  5 22 18 26   0.00000000                            
PL51   4006.960852  11560.758550   1420.167977              
VL51  28855.273655  -3310.039539 -52984.283877              
*  2025  5 22 18 28   0.00000000                            
PL51   4346.585592  11500.756407    782.499561              
VL51  27724.959813  -6684.296908 -53266.533396              
*  2025  5 22 18 30   0.00000000                            
PL51   4671.795045  11400.504849    142.426348              
VL51  26453.456700 -10016.205593 -53385.006311              
*  2025  5 22 18 32   0.00000000                            
PL51   4980.922496  11260.586110   -498.084545              
VL51  25045.460075 -13293.464135 -53339.484471              
*  2025  5 22 18 34   0.00000000                            
PL51   5272.361248  11081.728499  -1137.066323              
VL51  23506.273736 -16504.035927 -53130.239992              
*  2025  5 22 18 36   0.00000000                            
PL51   5544.571792  10864.802953  -1772.558389              
VL51  21841.788325 -19636.193485 -52758.032831              
*  2025  5 22 18 38   0.00000000                            
PL51   5796.088713  10610.819068  -2402.612172              
VL51  20058.457828 -22678.561249 -52224.107029              
*  2025  5 22 18 40   0.00000000                            
PL51   6025.527295  10320.920631  -3025.296912              
VL51  18163.273874 -25620.156800 -51530.185643              
*  2025  5 22 18 42   0.00000000                            
PL51   6231.589811   9996.380657  -3638.705366              
VL51  16163.737940 -28450.430336 -50678.464411              
*  2025  5 22 18 44   0.00000000                            
PL51   6413.071461   9638.595978  -4240.959441              
VL51  14067.831580 -31159.302295 -49671.604168              
*  2025  5 22 18 46   0.00000000                            
PL51   6568.865948   9249.081378  -4830.215719              
VL51  11883.984806 -33737.198995 -48512.722072              
*  2025  5 22 18 48   0.00000000                            
PL51   6697.970661   8829.463319  -5404.670879              
VL51   9621.042740 -36175.086192 -47205.381660              
*  2025  5 22 18 50   0.00000000                            
PL51   6799.491445   8381.473283  -5962.566985              
VL51   7288.230678 -38464.500458 -45753.581800              
*  2025  5 22 18 52   0.00000000                            
PL51   6872.646949   7906.940740  -6502.196639              
VL51   4895.117696 -40597.578290 -44161.744568              
*  2025  5 22 18 54   0.00000000                            
PL51   6916.772527   7407.785787  -7021.907981              
VL51   2451.578927 -42567.082887 -42434.702105              
*  2025  5 22 18 56   0.00000000                            
PL51   6931.323676   6886.011479  -7520.109530              
VL51    -32.243341 -44366.428510 -40577.682496              
*  2025  5 22 18 58   0.00000000                            
PL51   6915.879003   6343.695885  -7995.274840              
VL51  -2545.979617 -45989.702392 -38596.294716              
*  2025  5 22 19  0   0.00000000                            
PL51   6870.142709   5782.983888  -8445.946980              
VL51  -5079.074075 -47431.684136 -36496.512685              
*  2025  5 22 19  2   0.00000000                            
PL51   6793.946577   5206.078779  -8870.742813              
VL51  -7620.826191 -48687.862568 -34284.658482              
*  2025  5 22 19  4   0.00000000                            
PL51   6687.251450   4615.233652  -9268.357065              
VL51 -10160.433018 -49754.449994 -31967.384753              
*  2025  5 22 19  6   0.00000000                            
PL51   6550.148210   4012.742656  -9637.566190              
VL51 -12687.031957 -50628.393880 -29551.656357              
*  2025  5 22 19  8   0.00000000                            
PL51   6382.858231   3400.932111  -9977.231995              
VL51 -15189.743890 -51307.385888 -27044.731292              
*  2025  5 22 19 10   0.00000000                            
PL51   6185.733319   2782.151538 -10286.305047              
VL51 -17657.716541 -51789.868300 -24454.140930              
*  2025  5 22 19 12   0.00000000                            
PL51   5959.255130   2158.764628 -10563.827824              
VL51 -20080.167926 -52075.037803 -21787.669614              
*  2025  5 22 19 14   0.00000000                            
PL51   5704.034065   1533.140178 -10808.937632              
VL51 -22446.429764 -52162.846648 -19053.333620              
*  2025  5 22 19 16   0.00000000                            
PL51   5420.807643    907.643030 -11020.869255              
VL51 -24745.990718 -52054.001183 -16259.359545              
*  2025  5 22 19 18   0.00000000                            
PL51   5110.438366    284.625044 -11198.957347              
VL51 -26968.539325 -51749.957781 -13414.162119              
*  2025  5 22 19 20   0.00000000                            
PL51   4773.911059   -333.583862 -11342.638555              
VL51 -29104.006490 -51252.916154 -10526.321482              
*  2025  5 22 19 22   0.00000000                            
PL51   4412.329715   -944.684585 -11451.453365              
VL51 -31142.607405 -50565.810095  -7604.559947              
*  2025  5 22 19 24   0.00000000                            
PL51   4026.913829  -1546.417572 -11525.047663              
VL51 -33074.882766 -49692.295644  -4657.718266              
*  2025  5 22 19 26   0.00000000                            
PL51   3618.994256  -2136.571406 -11563.174015              
VL51 -34891.739130 -48636.736711  -1694.731438              
*  2025  5 22 19 28   0.00000000                            
PL51   3190.008575  -2712.991201 -11565.692651              
VL51 -36584.488298 -47404.188180   1275.395932              
*  2025  5 22 19 30   0.00000000                            
PL51   2741.496005  -3273.586780 -11532.572146              
VL51 -38144.885569 -46000.376523   4243.614687              
*  2025  5 22 19 32   0.00000000                            
PL51   2275.091852  -3816.340603 -11463.889808              
VL51 -39565.166714 -44431.677951   7200.856561              
*  2025  5 22 19 34   0.00000000                            
PL51   1792.521532  -4339.315426 -11359.831749              
VL51 -40838.083542 -42705.094148  10138.059973              
*  2025  5 22 19 36   0.00000000                            
PL51   1295.594173  -4840.661644 -11220.692648              
VL51 -41956.937889 -40828.225623  13046.196143              
*  2025  5 22 19 38   0.00000000                            
PL51    786.195816  -5318.624308 -11046.875202              
VL51 -42915.613886 -38809.242728  15916.295484              
*  2025  5 22 19 40   0.00000000                            
PL51    266.282249  -5771.549776 -10838.889255              
VL51 -43708.608349 -36656.854401  18739.474228              
*  2025  5 22 19 42   0.00000000                            
PL51   -262.128522  -6197.891982 -10597.350608              
VL51 -44331.059137 -34380.274696  21506.961212              
*  2025  5 22 19 44   0.00000000                            
PL51   -796.964125  -6596.218277 -10322.979504              
VL51 -44778.771311 -31989.187177  24210.124795              
*  2025  5 22 19 46   0.00000000                            
PL51  -1336.105970  -6965.214849 -10016.598795              
VL51 -45048.240954 -29493.707250  26840.499806              
*  2025  5 22 19 48   0.00000000                            
PL51  -1877.397675  -7303.691662  -9679.131781              
VL51 -45136.676493 -26904.342539  29389.814469              
*  2025  5 22 19 50   0.00000000                            
PL51  -2418.653729  -7610.586920  -9311.599730              
VL51 -45042.017358 -24231.951405  31850.017216              
*  2025  5 22 19 52   0.00000000                            
PL51  -2957.668358  -7884.971016  -8915.119073              
VL51 -44762.949848 -21487.699726  34213.303296              
*  2025  5 22 19 54   0.00000000                            
PL51  -3492.224574  -8126.049955  -8490.898286              
VL51 -44298.920050 -18683.016071  36472.141081              
*  2025  5 22 19 56   0.00000000                            
PL51  -4020.103350  -8333.168229  -8040.234456              
VL51 -43650.143680 -15829.545415  38619.297960              
*  2025  5 22 19 58   0.00000000                            
PL51  -4539.092900  -8505.811134  -7564.509540              
VL51 -42817.612718 -12939.101557  40647.865718              
*  2025  5 22 20  0   0.00000000                            
PL51  -5046.998019  -8643.606498  -7065.186323              
VL51 -41803.098730 -10023.618423  42551.285263              
*  2025  5 22 20  2   0.00000000                            
PL51  -5541.649439  -8746.325832  -6543.804085              
VL51 -40609.152770  -7095.100437  44323.370589              
*  2025  5 22 20  4   0.00000000                            
PL51  -6020.913163  -8813.884871  -6001.973982              
VL51 -39239.101792  -4165.572171  45958.331850              
*  2025  5 22 20  6   0.00000000                            
PL51  -6482.699743  -8846.343509  -5441.374163              
VL51 -37697.041488  -1247.027498  47450.797393              
*  2025  5 22 20  8   0.00000000                            
PL51  -6924.973437  -8843.905130  -4863.744621              
VL51 -35987.825529   1648.621526  48795.834648              
*  2025  5 22 20 10   0.00000000                            
PL51  -7345.761225  -8806.915315  -4270.881806              
VL51 -34117.051166   4509.595808  49988.969714              
*  2025  5 22 20 12   0.00000000                            
PL51  -7743.161628  -8735.859942  -3664.633012              
VL51 -32091.041208   7324.300132  51026.205527              
*  2025  5 22 20 14   0.00000000                            
PL51  -8115.353287  -8631.362674  -3046.890554              
VL51 -29916.822386  10081.373575  51904.038482              
*  2025  5 22 20 16   0.00000000                            
PL51  -8460.603264  -8494.181852  -2419.585751              
VL51 -27602.100168  12769.739179  52619.473377              
*  2025  5 22 20 18   0.00000000                            
PL51  -8777.275016  -8325.206794  -1784.682752              
VL51 -25155.230092  15378.652573  53170.036587              
*  2025  5 22 20 20   0.00000000                            
PL51  -9063.836010  -8125.453515  -1144.172197              
VL51 -22585.185716  17897.749313  53553.787338              
*  2025  5 22 20 22   0.00000000                            
PL51  -9318.864927  -7896.059896   -500.064774              
VL51 -19901.523328  20317.090633  53769.327010              
*  2025  5 22 20 24   0.00000000                            
PL51  -9541.058432  -7638.280308    145.615335              
VL51 -17114.343549  22627.207368  53815.806369              
*  2025  5 22 20 26   0.00000000                            
PL51  -9729.237455  -7353.479724    790.837083              
VL51 -14234.250019  24819.141775  53692.930670              
*  2025  5 22 20 28   0.00000000                            
PL51  -9882.352971  -7043.127342   1433.569227              
VL51 -11272.305375  26884.487005  53400.962567              
*  2025  5 22 20 30   0.00000000                            
PL51  -9999.491229  -6708.789754   2071.787023              
VL51  -8239.984729  28815.423995  52940.722804              
*  2025  5 22 20 32   0.00000000                            
PL51 -10079.878412  -6352.123678   2703.478922              
VL51  -5149.126901  30604.755546  52313.588645              
*  2025  5 22 20 34   0.00000000                            
PL51 -10122.884697  -5974.868313   3326.653220              
VL51  -2011.883676  32245.937401  51521.490062              
*  2025  5 22 20 36   0.00000000                            
PL51 -10128.027699  -5578.837330   3939.344660              
VL51   1159.332654  33733.106120  50566.903674              
*  2025  5 22 20 38   0.00000000                            
PL51 -10094.975275  -5165.910551   4539.620946              
VL51   4351.903157  35061.103609  49452.844475              
*  2025  5 22 20 40   0.00000000                            
PL51 -10023.547674  -4738.025358   5125.589139              
VL51   7553.057253  36225.498160  48182.855393              
*  2025  5 22 20 42   0.00000000                            
PL51  -9913.719025  -4297.167864   5695.401922              
VL51  10749.928520  37222.601891  46760.994738              
*  2025  5 22 20 44   0.00000000                            
PL51  -9765.618145  -3845.363904   6247.263699              
VL51  13929.610999  38049.484488  45191.821609              
*  2025  5 22 20 46   0.00000000                            
PL51  -9579.528680  -3384.669879   6779.436503              
VL51  17079.215706  38703.983217  43480.379362              
*  2025  5 22 20 48   0.00000000                            
PL51  -9355.888557  -2917.163506   7290.245705              
VL51  20185.927029  39184.709134  41632.177213              
*  2025  5 22 20 50   0.00000000                            
PL51  -9095.288773  -2444.934510   7778.085480              
VL51  23237.058720  39491.049524  39653.170123              
*  2025  5 22 20 52   0.00000000                            
PL51  -8798.471503  -1970.075318   8241.424031              
VL51  26220.109193  39623.166559  37549.737043              
*  2025  5 22 20 54   0.00000000                            
PL51  -8466.327565  -1494.671784   8678.808534              
VL51  29122.815839  39581.992237  35328.657680              
*  2025  5 22 20 56   0.00000000                            
PL51  -8099.893225  -1020.794002   9088.869807              
VL51  31933.208102  39369.219653  32997.087890              
*  2025  5 22 20 58   0.00000000                            
PL51  -7700.346386   -550.487241   9470.326664              
VL51  34639.659056  38987.290700  30562.533840              
*  2025  5 22 21  0   0.00000000                            
PL51  -7269.002164    -85.763051   9821.989962              
VL51  37230.935243  38439.380304  28032.825067              
*  2025  5 22 21  2   0.00000000                            
PL51  -6807.307872    371.409419  10142.766313              
VL51  39696.244545  37729.377310  25416.086585              
*  2025  5 22 21  4   0.00000000                            
PL51  -6316.837452    819.111861  10431.661458              
VL51  42025.281885  36861.862173  22720.710156              
*  2025  5 22 21  6   0.00000000                            
PL51  -5799.285368   1255.484959  10687.783294              
VL51  44208.272570  35842.081600  19955.324874              
*  2025  5 22 21  8   0.00000000                            
PL51  -5256.459991   1678.736211  10910.344543              
VL51  46236.013089  34675.920325  17128.767193              
*  2025  5 22 21 10   0.00000000                            
PL51  -4690.276516   2087.147409  11098.665053              
VL51  48099.909228  33369.870175  14250.050523              
*  2025  5 22 21 12   0.00000000                            
PL51  -4102.749435   2479.081724  11252.173744              
VL51  49792.011350  31930.996648  11328.334523              
*  2025  5 22 21 14   0.00000000                            
PL51  -3495.984604   2852.990377  11370.410175              
VL51  51305.046729  30366.903160   8372.894219              
*  2025  5 22 21 16   0.00000000                            
PL51  -2872.170943   3207.418867  11453.025741              
VL51  52632.448827  28685.693206   5393.089060              
*  2025  5 22 21 18   0.00000000                            
PL51  -2233.571802   3541.012742  11499.784503              
VL51  53768.383430  26895.930609   2398.332028              
*  2025  5 22 21 20   0.00000000                            
PL51  -1582.516029   3852.522867  11510.563648              
VL51  54707.771584  25006.598087   -601.941085              
*  2025  5 22 21 22   0.00000000                            
PL51   -921.388790   4140.810202  11485.353572              
VL51  55446.309269  23027.054356  -3598.302137              
*  2025  5 22 21 24   0.00000000                            
PL51   -252.622166   4404.850046  11424.257617              
VL51  55980.483783  20966.989970  -6581.360743              
*  2025  5 22 21 26   0.00000000                            
PL51    421.314426   4643.735750  11327.491431              
VL51  56307.586804  18836.382119  -9541.793934              
*  2025  5 22 21 28   0.00000000                            
PL51   1097.923946   4856.681883  11195.381989              
VL51  56425.724137  16645.448602 -12470.375288              
*  2025  5 22 21 30   0.00000000                            
PL51   1774.691539   5043.026837  11028.366259              
VL51  56333.822117  14404.601172 -15358.003478              
*  2025  5 22 21 32   0.00000000                            
PL51   2449.094409   5202.234873  10826.989537              
VL51  56031.630717  12124.398463 -18195.730137              
*  2025  5 22 21 34   0.00000000                            
PL51   3118.611703   5333.897601  10591.903444              
VL51  55519.723339   9815.498716 -20974.786993              
*  2025  5 22 21 36   0.00000000                            
PL51   3780.734371   5437.734891  10323.863609              
VL51  54799.493356   7488.612469 -23686.612209              
*  2025  5 22 21 38   0.00000000                            
PL51   4432.974972   5513.595219  10023.727034              
VL51  53873.147423   5154.455449 -26322.875861              
*  2025  5 22 21 40   0.00000000                            
PL51   5072.877380   5561.455444   9692.449168              
VL51  52743.695615   2823.701822 -28875.504489              
*  2025  5 22 21 42   0.00000000                            
PL51   5698.026342   5581.420036   9331.080682              
VL51  51414.938458    506.938010 -31336.704681              
*  2025  5 22 21 44   0.00000000                            
PL51   6306.056880   5573.719749   8940.763977              
VL51  49891.450924  -1785.382750 -33698.985629              
*  2025  5 22 21 46   0.00000000                            
PL51   6894.663467   5538.709751   8522.729419              
VL51  48178.563463  -4042.984932 -35955.180599              
*  2025  5 22 21 48   0.00000000                            
PL51   7461.608965   5476.867235   8078.291326              
VL51  46282.340171  -6255.814148 -38098.467289              
*  2025  5 22 21 50   0.00000000                            
PL51   8004.733289   5388.788506   7608.843725              
VL51  44209.554190  -8414.079329 -40122.386997              
*  2025  5 22 21 52   0.00000000                            
PL51   8521.961747   5275.185579   7115.855870              
VL51  41967.660446 -10508.293476 -42020.862591              
*  2025  5 22 21 54   0.00000000                            
PL51   9011.313053   5136.882291   6600.867571              
VL51  39564.765843 -12529.312845 -43788.215199              
*  2025  5 22 21 56   0.00000000                            
PL51   9470.906952   4974.809956   6065.484317              
VL51  37009.597054 -14468.374413 -45419.179620              
*  2025  5 22 21 58   0.00000000                            
PL51   9898.971460   4790.002582   5511.372223              
VL51  34311.466042 -16317.131475 -46908.918383              
*  2025  5 22 22  0   0.00000000                            
PL51  10293.849663   4583.591669   4940.252828              
VL51  31480.233454 -18067.687257 -48253.034467              
*  2025  5 22 22  2   0.00000000                            
PL51  10654.006076   4356.800622   4353.897731              
VL51  28526.270055 -19712.626418 -49447.582616              
*  2025  5 22 22  4   0.00000000                            
PL51  10978.032525   4110.938792   3754.123115              
VL51  25460.416358 -21245.044329 -50489.079275              
*  2025  5 22 22  6   0.00000000                            
PL51  11264.653529   3847.395186   3142.784153              
VL51  22293.940612 -22658.574029 -51374.511088              
*  2025  5 22 22  8   0.00000000                            
PL51  11512.731176   3567.631865   2521.769318              
VL51  19038.495326 -23947.410776 -52101.341985              
*  2025  5 22 22 10   0.00000000                            
PL51  11721.269467   3273.177062   1892.994627              
VL51  15706.072506 -25106.334100 -52667.518826              
*  2025  5 22 22 12   0.00000000                            
PL51  11889.418115   2965.618051   1258.397813              
VL51  12308.957781 -26130.727306 -53071.475619              
*  2025  5 22 22 14   0.00000000                            
PL51  12016.475789   2646.593797    619.932463              
VL51   8859.683611 -27016.594353 -53312.136312              
*  2025  5 22 22 16   0.00000000                            
PL51  12101.892791   2317.787424    -20.437869              
VL51   5370.981742 -27760.574080 -53388.916166              
*  2025  5 22 22 18   0.00000000                            
PL51  12145.273158   1980.918517   -660.745561              
VL51   1855.735110 -28359.951742 -53301.721725              
*  2025  5 22 22 20   0.00000000                            
PL51  12146.376189   1637.735318  -1299.024813              
VL51  -1673.070641 -28812.667822 -53050.949411              
*  2025  5 22 22 22   0.00000000                            
PL51  12105.117384   1290.006819  -1933.317505              
VL51  -5202.395817 -29117.324118 -52637.482747              
*  2025  5 22 22 24   0.00000000                            
PL51  12021.568798    939.514804  -2561.679023              
VL51  -8719.195369 -29273.187103 -52062.688254              
*  2025  5 22 22 26   0.00000000                            
PL51  11895.958817    588.045866  -3182.184025              
VL51 -12210.467404 -29280.188562 -51328.410043              
*  2025  5 22 22 28   0.00000000                            
PL51  11728.671351    237.383436  -3792.932128              
VL51 -15663.301367 -29138.923532 -50436.963136              
*  2025  5 22 22 30   0.00000000                            
PL51  11520.244447   -110.700156  -4392.053517              
VL51 -19064.925709 -28850.645575 -49391.125549              
*  2025  5 22 22 32   0.00000000                            
PL51  11271.368345   -454.451536  -4977.714447              
VL51 -22402.754883 -28417.259426 -48194.129200              
*  2025  5 22 22 34   0.00000000                            
PL51  10982.882962   -792.144046  -5548.122627              
VL51 -25664.435507 -27841.311062 -46849.649652              
*  2025  5 22 22 36   0.00000000                            
PL51  10655.774835  -1122.085366  -6101.532481              
VL51 -28837.891540 -27125.975264 -45361.794770              
*  2025  5 22 22 38   0.00000000                            
PL51  10291.173530  -1442.624974  -6636.250258              
VL51 -31911.368338 -26275.040723 -43735.092322              
*  2025  5 22 22 40   0.00000000                            
PL51   9890.347528  -1752.161409  -7150.638992              
VL51 -34873.475451 -25292.892777 -41974.476569              
*  2025  5 22 22 42   0.00000000                            
PL51   9454.699597  -2049.149318  -7643.123298              
VL51 -37713.228032 -24184.493858 -40085.273902              
*  2025  5 22 22 44   0.00000000                            
PL51   8985.761695  -2332.106253  -8112.193984              
VL51 -40420.086746 -22955.361727 -38073.187563              
*  2025  5 22 22 46   0.00000000                            
PL51   8485.189383  -2599.619191  -8556.412476              
VL51 -42983.996074 -21611.545593 -35944.281492              
*  2025  5 22 22 48   0.00000000                            
PL51   7954.755802  -2850.350761  -8974.415048              
VL51 -45395.420874 -20159.600205 -33704.963351              
*  2025  5 22 22 50   0.00000000                            
PL51   7396.345219  -3083.045144  -9364.916842              
VL51 -47645.381147 -18606.558026 -31361.966754              
*  2025  5 22 22 52   0.00000000                            
PL51   6811.946164  -3296.533628  -9726.715664              
VL51 -49725.484880 -16959.899570 -28922.332756              
*  2025  5 22 22 54   0.00000000                            
PL51   6203.644188  -3489.739801 -10058.695561              
VL51 -51627.958896 -15227.522033 -26393.390623              
*  2025  5 22 22 56   0.00000000                            
PL51   5573.614263  -3661.684353 -10359.830165              
VL51 -53345.677628 -13417.706303 -23782.737929              
*  2025  5 22 22 58   0.00000000                            
PL51   4924.112846  -3811.489473 -10629.185782              
VL51 -54872.189739 -11539.082466 -21098.220005              
*  2025  5 22 23  0   0.00000000                            
PL51   4257.469643  -3938.382831 -10865.924245              
VL51 -56201.742521  -9600.593928 -18347.908769              
*  2025  5 22 23  2   0.00000000                            
PL51   3576.079090  -4041.701110 -11069.305503              
VL51 -57329.303994  -7611.460247 -15540.080964              
*  2025  5 22 23  4   0.00000000                            
PL51   2882.391581  -4120.893094 -11238.689940              
VL51 -58250.582645  -5581.138810 -12683.195827              
*  2025  5 22 23  6   0.00000000                            
PL51   2178.904477  -4175.522287 -11373.540432              
VL51 -58962.044738  -3519.285455  -9785.872210              
*  2025  5 22 23  8   0.00000000                            
PL51   1468.152924  -4205.269052 -11473.424126              
VL51 -59460.929122  -1435.714184  -6856.865197              
*  2025  5 22 23 10   0.00000000                            
PL51    752.700502  -4209.932265 -11538.013923              
VL51 -59745.259486    659.643940  -3905.042217              
*  2025  5 22 23 12   0.00000000                            
PL51     35.129748  -4189.430466 -11567.089690              
VL51 -59813.854000   2756.782544   -939.358711              
*  2025  5 22 23 14   0.00000000                            
PL51   -681.967420  -4143.802516 -11560.539162              
VL51 -59666.332284   4845.662248   2031.166642              
*  2025  5 22 23 16   0.00000000                            
PL51  -1395.999354  -4073.207729 -11518.358550              
VL51 -59303.119659   6916.253356   4997.477095              
*  2025  5 22 23 18   0.00000000                            
PL51  -2104.384350  -3977.925506 -11440.652852              
VL51 -58725.448630   8958.578804   7950.503376              
*  2025  5 22 23 20   0.00000000                            
PL51  -2804.560333  -3858.354440 -11327.635837              
VL51 -57935.357552  10962.757233  10881.189571              
*  2025  5 22 23 22   0.00000000                            
PL51  -3493.994503  -3715.010911 -11179.629738              
VL51 -56935.686435  12919.046010  13780.519304              
*  2025  5 22 23 24   0.00000000                            
PL51  -4170.192919  -3548.527164 -10997.064615              
VL51 -55730.069853  14817.884071  16639.542179              
*  2025  5 22 23 26   0.00000000                            
PL51  -4830.709970  -3359.648875 -10780.477402              
VL51 -54322.926909  16649.934402  19449.400439              
*  2025  5 22 23 28   0.00000000                            
PL51  -5473.157720  -3149.232210 -10530.510638              
VL51 -52719.448237  18406.126017  22201.355778              
*  2025  5 22 23 30   0.00000000                            
PL51  -6095.215070  -2918.240383 -10247.910868              
VL51 -50925.580006  20077.695233  24886.816255              
*  2025  5 22 23 32   0.00000000                            
PL51  -6694.636716  -2667.739726  -9933.526730              
VL51 -48948.004919  21656.226091  27497.363237              
*  2025  5 22 23 34   0.00000000                            
PL51  -7269.261856  -2398.895279  -9588.306710              
VL51 -46794.120189  23133.689728  30024.778292              
*  2025  5 22 23 36   0.00000000                            
PL51  -7817.022619  -2112.965914  -9213.296581              
VL51 -44472.012520  24502.482513  32461.069947              
*  2025  5 22 23 38   0.00000000                            
PL51  -8335.952172  -1811.299012  -8809.636516              
VL51 -41990.430091  25755.462767  34798.500230              
*  2025  5 22 23 40   0.00000000                            
PL51  -8824.192476  -1495.324704  -8378.557896              
VL51 -39358.751593  26885.985858  37029.610871              
*  2025  5 22 23 42   0.00000000                            
PL51  -9280.001651  -1166.549709  -7921.379791              
VL51 -36586.952364  27887.937502  39147.249085              
*  2025  5 22 23 44   0.00000000                            
PL51  -9701.760920   -826.550777  -7439.505145              
VL51 -33685.567696  28755.765052  41144.592793              
*  2025  5 22 23 46   0.00000000                            
PL51 -10087.981093   -476.967773  -6934.416661              
VL51 -30665.653395  29484.506597  43015.175184              
*  2025  5 22 23 48   0.00000000                            
PL51 -10437.308561   -119.496424  -6407.672392              
VL51 -27538.743712  30069.817687  44752.908477              
*  2025  5 22 23 50   0.00000000                            
PL51 -10748.530780    244.119232  -5860.901056              
VL51 -24316.806771  30507.995488  46352.106760              
*  2025  5 22 23 52   0.00000000                            
PL51 -11020.581189    612.094685  -5295.797080              
VL51 -21012.197640  30796.000204  47807.507769              
*  2025  5 22 23 54   0.00000000                            
PL51 -11252.543567    982.613020  -4714.115394              
VL51 -17637.609231  30931.473594  49114.293476              
*  2025  5 22 23 56   0.00000000                            
PL51 -11443.655781   1353.833188  -4117.665981              
VL51 -14206.021219  30912.754446  50268.109349              
*  2025  5 22 23 58   0.00000000                            
PL51 -11593.312908   1723.898453  -3508.308209              
VL51 -10730.647194  30738.890845  51265.082156              
*  2025  5 23  0  0   0.00000000                            
PL51 -11701.069718   2090.945000  -2887.944954              
VL51  -7224.880186  30409.649170  52101.836183              
*  2025  5 23  0  2   0.00000000                            
PL51 -11766.642527   2453.110363  -2258.516541              
VL51  -3702.237617  29925.519511  52775.507749              
*  2025  5 23  0  4   0.00000000                            
PL51 -11789.910264   2808.542622  -1621.994526              
VL51   -176.303391  29287.718018  53283.757897              
*  2025  5 23  0  6   0.00000000                            
PL51 -11770.915026   3155.408573   -980.375325              
VL51   3339.328043  28498.185099  53624.783178              
*  2025  5 23  0  8   0.00000000                            
PL51 -11709.861803   3491.902682   -335.673740              
VL51   6831.110171  27559.580516  53797.324423              
*  2025  5 23  0 10   0.00000000                            
PL51 -11607.117565   3816.255606    310.083618              
VL51  10285.602080  26475.274673  53800.673424              
*  2025  5 23  0 12   0.00000000                            
PL51 -11463.209654   4126.742652    954.864968              
VL51  13689.526057  25249.336360  53634.677480              
*  2025  5 23  0 14   0.00000000                            
PL51 -11278.823479   4421.692064   1596.640043              
VL51  17029.824651  23886.516938  53299.741734              
*  2025  5 23  0 16   0.00000000                            
PL51 -11054.799533   4699.493105   2233.386788              
VL51  20293.716875  22392.231054  52796.829281              
*  2025  5 23  0 18   0.00000000                            
PL51 -10792.129749   4958.603881   2863.098041              
VL51  23468.753215  20772.533946  52127.459025              
*  2025  5 23  0 20   0.00000000                            
PL51 -10491.953197   5197.558874   3483.788182              
VL51  26542.869164  19034.095467  51293.701279              
*  2025  5 23  0 22   0.00000000                            
PL51 -10155.551148   5414.976152   4093.499711              
VL51  29504.436943  17184.170969  50298.171138              
*  2025  5 23  0 24   0.00000000                            
PL51  -9784.341541   5609.564196   4690.309734              
VL51  32342.315150  15230.569184  49144.019638              
*  2025  5 23  0 26   0.00000000                            
PL51  -9379.872853   5780.128345   5272.336332              
VL51  35045.896038  13181.617307  47834.922770              
*  2025  5 23  0 28   0.00000000                            
PL51  -8943.817427   5925.576782   5837.744784              
VL51  37605.150188  11046.123457  46375.068392              
*  2025  5 23  0 30   0.00000000                            
PL51  -8477.964282   6044.926080   6384.753619              
VL51  40010.668326   8833.336735  44769.141137              
*  2025  5 23  0 32   0.00000000                            
PL51  -7984.211428   6137.306233   6911.640477              
VL51  42253.700075   6552.905113  43022.305391              
*  2025  5 23  0 34   0.00000000                            
PL51  -7464.557749   6201.965189   7416.747757              
VL51  44326.189462   4214.831370  41140.186445              
*  2025  5 23  0 36   0.00000000                            
PL51  -6921.094471   6238.272827   7898.488026              
VL51  46220.806993   1829.427343  39128.849937              
*  2025  5 23  0 38   0.00000000                            
PL51  -6355.996272   6245.724387   8355.349169              
VL51  47930.978176   -592.733261  36994.779690              
*  2025  5 23  0 40   0.00000000                            
PL51  -5771.512068   6223.943325   8785.899269              
VL51  49450.908360  -3040.863244  34744.854084              
*  2025  5 23  0 42   0.00000000                            
PL51  -5169.955522   6172.683578   9188.791193              
VL51  50775.603806  -5504.011203  32386.321086              
*  2025  5 23  0 44   0.00000000                            
PL51  -4553.695332   6091.831235   9562.766870              
VL51  51900.888915  -7971.111477  29926.772077              
*  2025  5 23  0 46   0.00000000                            
PL51  -3925.145321   5981.405606   9906.661252              
VL51  52823.419594 -10431.034481  27374.114624              
*  2025  5 23  0 48   0.00000000                            
PL51  -3286.754407   5841.559689  10219.405936              
VL51  53540.692724 -12872.637177  24736.544327              
*  2025  5 23  0 50   0.00000000                            
PL51  -2640.996468   5672.580027  10500.032454              
VL51  54051.051768 -15284.813429  22022.515896              
*  2025  5 23  0 52   0.00000000                            
PL51  -1990.360170   5474.885964  10747.675197              
VL51  54353.688536 -17656.543991  19240.713591              
*  2025  5 23  0 54   0.00000000                            
PL51  -1337.338795   5249.028306  10961.573998              
VL51  54448.641181 -19976.945913  16400.021153              
*  2025  5 23  0 56   0.00000000                            
PL51   -684.420117   4995.687396  11141.076338              
VL51  54336.788490 -22235.321122  13509.491364              
*  2025  5 23  0 58   0.00000000                            
PL51    -34.076365   4715.670602  11285.639193              
VL51  54019.840568 -24421.203986  10578.315343              
*  2025  5 23  1  0   0.00000000                            
PL51    611.245680   4409.909256  11394.830508              
VL51  53500.326017 -26524.407646   7615.791706              
*  2025  5 23  1  2   0.00000000                            
PL51   1249.134409   4079.455033  11468.330300              
VL51  52781.575718 -28535.068927   4631.295694              
*  2025  5 23  1  4   0.00000000                            
PL51   1877.222904   3725.475807  11505.931399              
VL51  51867.703361 -30443.691650   1634.248368              
*  2025  5 23  1  6   0.00000000                            
PL51   2493.198195   3349.250994  11507.539805              
VL51  50763.582831 -32241.188174  -1365.914011              
*  2025  5 23  1  8   0.00000000                            
PL51   3094.810236   2952.166414  11473.174695              
VL51  49474.822631 -33918.919006  -4359.770344              
*  2025  5 23  1 10   0.00000000                            
PL51   3679.880545   2535.708682  11402.968056              
VL51  48007.737463 -35468.730322  -7337.944688              
*  2025  5 23  1 12   0.00000000                            
PL51   4246.310505   2101.459167  11297.163971              
VL51  46369.317154 -36882.989288 -10291.135797              
*  2025  5 23  1 14   0.00000000                            
PL51   4792.089258   1651.087539  11156.117540              
VL51  44567.193079 -38154.617018 -13210.146151              
*  2025  5 23  1 16   0.00000000                            
PL51   5315.301193   1186.344939  10980.293471              
VL51  42609.602262 -39277.119085 -16085.910356              
*  2025  5 23  1 18   0.00000000                            
PL51   5814.132990    709.056793  10770.264325              
VL51  40505.349331 -40244.613463 -18909.522878              
*  2025  5 23  1 20   0.00000000                            
PL51   6286.880190    221.115309  10526.708434              
VL51  38263.766513 -41051.855811 -21672.265020              
*  2025  5 23  1 22   0.00000000                            
PL51   6731.953277   -275.528314  10250.407502              
VL51  35894.671841 -41694.262020 -24365.631084              
*  2025  5 23  1 24   0.00000000                            
PL51   7147.883253   -778.871928   9942.243898              
VL51  33408.325788 -42167.927952 -26981.353658              
*  2025  5 23  1 26   0.00000000                            
PL51   7533.326673  -1286.870702   9603.197647              
VL51  30815.386481 -42469.646298 -29511.427954              
*  2025  5 23  1 28   0.00000000                            
PL51   7887.070151  -1797.445569   9234.343139              
VL51  28126.863726 -42596.920531 -31948.135158              
*  2025  5 23  1 30   0.00000000                            
PL51   8208.034290  -2308.491824   8836.845560              
VL51  25354.072013 -42547.975886 -34284.064732              
*  2025  5 23  1 32   0.00000000                            
PL51   8495.277059  -2817.887838   8411.957068              
VL51  22508.582708 -42321.767371 -36512.135612              
*  2025  5 23  1 34   0.00000000                            
PL51   8747.996580  -3323.503848   7961.012717              
VL51  19602.175616 -41917.984766 -38625.616262              
*  2025  5 23  1 36   0.00000000                            
PL51   8965.533343  -3823.210786   7485.426145              
VL51  16646.790128 -41337.054627 -40618.143534              
*  2025  5 23  1 38   0.00000000                            
PL51   9147.371819  -4314.889122   6986.685049              
VL51  13654.476129 -40580.139284 -42483.740302              
*  2025  5 23  1 40   0.00000000                            
PL51   9293.141498  -4796.437669   6466.346456              
VL51  10637.344875 -39649.132874 -44216.831815              
*  2025  5 23  1 42   0.00000000                            
PL51   9402.617325  -5265.782329   5926.031795              
VL51   7607.520029 -38546.654411 -45812.260747              
*  2025  5 23  1 44   0.00000000                            
PL51   9475.719564  -5720.884730   5367.421813              
VL51   4577.089038 -37276.037960 -47265.300907              
*  2025  5 23  1 46   0.00000000                            
PL51   9512.513066  -6159.750743   4792.251321              
VL51   1558.055061 -35841.319960 -48571.669585              
*  2025  5 23  1 48   0.00000000                            
PL51   9513.205982  -6580.438808   4202.303805              
VL51  -1437.710393 -34247.223756 -49727.538505              
*  2025  5 23  1 50   0.00000000                            
PL51   9478.147894  -6981.068082   3599.405917              
VL51  -4398.513911 -32499.141421 -50729.543380              
*  2025  5 23  1 52   0.00000000                            
PL51   9407.827411  -7359.826335   2985.421854              
VL51  -7312.885554 -30603.112964 -51574.792033              
*  2025  5 23  1 54   0.00000000                            
PL51   9302.869218  -7714.977587   2362.247653              
VL51 -10169.622980 -28565.803006 -52260.871111              
*  2025  5 23  1 56   0.00000000                            
PL51   9164.030611  -8044.869458   1731.805409              
VL51 -12957.834165 -26394.475039 -52785.851347              
*  2025  5 23  1 58   0.00000000                            
PL51   8992.197518  -8347.940181   1096.037447              
VL51 -15666.978566 -24096.963380 -53148.291411              
*  2025  5 23  2  0   0.00000000                            
PL51   8788.380049  -8622.725276    456.900446              
VL51 -18286.906560 -21681.642956 -53347.240338              
*  2025  5 23  2  2   0.00000000                            
PL51   8553.707573  -8867.863846   -183.640452              
VL51 -20807.897070 -19157.397025 -53382.238540              
*  2025  5 23  2  4   0.00000000                            
PL51   8289.423364  -9082.104473   -823.617536              
VL51 -23220.693210 -16533.582988 -53253.317427              
*  2025  5 23  2  6   0.00000000                            
PL51   7996.878822  -9264.310693  -1461.066410              
VL51 -25516.535848 -13819.996424 -52960.997667              
*  2025  5 23  2  8   0.00000000                            
PL51   7677.527313  -9413.466032  -2094.031848              
VL51 -27687.194988 -11026.833502 -52506.286074              
*  2025  5 23  2 10   0.00000000                            
PL51   7332.917642  -9528.678579  -2720.573599              
VL51 -29724.998862  -8164.651907 -51890.671196              
*  2025  5 23  2 12   0.00000000                            
PL51   6964.687192  -9609.185080  -3338.772139              
VL51 -31622.860653  -5244.330442 -51116.117589              
*  2025  5 23  2 14   0.00000000                            
PL51   6574.554752  -9654.354550  -3946.734339              
VL51 -33374.302766  -2277.027454 -50185.058846              
*  2025  5 23  2 16   0.00000000                            
PL51   6164.313079  -9663.691367  -4542.599048              
VL51 -34973.478595    725.861745 -49100.389396              
*  2025  5 23  2 18   0.00000000                            
PL51   5735.821208  -9636.837857  -5124.542567              
VL51 -36415.191707   3752.748319 -47865.455119              
*  2025  5 23  2 20   0.00000000                            
PL51   5290.996541  -9573.576355  -5690.784002              
VL51 -37694.912427   6791.894042 -46484.042823              
*  2025  5 23  2 22   0.00000000                            
PL51   4831.806770  -9473.830726  -6239.590491              
VL51 -38808.791758   9831.455967 -44960.368621              
*  2025  5 23  2 24   0.00000000                            
PL51   4360.261630  -9337.667354  -6769.282279              
VL51 -39753.672644  12859.531473 -43299.065267              
*  2025  5 23  2 26   0.00000000                            
PL51   3878.404544  -9165.295586  -7278.237633              
VL51 -40527.098544  15864.203533 -41505.168483              
*  2025  5 23  2 28   0.00000000                            
PL51   3388.304183  -8957.067635  -7764.897596              
VL51 -41127.319323  18833.586055 -39584.102348              
*  2025  5 23  2 30   0.00000000                            
PL51   2892.045961  -8713.477933  -8227.770553              
VL51 -41553.294478  21755.869157 -37541.663771              
*  2025  5 23  2 32   0.00000000                            
PL51   2391.723518  -8435.161948  -8665.436606              
VL51 -41804.693703  24619.364211 -35384.006117              
*  2025  5 23  2 34   0.00000000                            
PL51   1889.430203  -8122.894461  -9076.551752              
VL51 -41881.894814  27412.548549 -33117.622020              
*  2025  5 23  2 36   0.00000000                            
PL51   1387.250607  -7777.587307  -9459.851845              
VL51 -41785.979090  30124.109672 -30749.325401              
*  2025  5 23  2 38   0.00000000                            
PL51    887.252158  -7400.286594  -9814.156341              
VL51 -41518.724030  32742.988850 -28286.232772              
*  2025  5 23  2 40   0.00000000                            
PL51    391.476826  -6992.169394 -10138.371812              
VL51 -41082.593597  35258.423965 -25735.743812              
*  2025  5 23  2 42   0.00000000                            
PL51    -98.067047  -6554.539938 -10431.495227              
VL51 -40480.725969  37659.991483 -23105.521292              
*  2025  5 23  2 44   0.00000000                            
PL51   -579.412749  -6088.825299 -10692.616981              
VL51 -39716.918864  39937.647430 -20403.470350              
*  2025  5 23  2 46   0.00000000                            
PL51  -1050.643015  -5596.570603 -10920.923681              
VL51 -38795.612491  42081.767244 -17637.717154              
*  2025  5 23  2 48   0.00000000                            
PL51  -1509.897620  -5079.433760 -11115.700663              
VL51 -37721.870168  44083.184375 -14816.586999              
*  2025  5 23  2 50   0.00000000                            
PL51  -1955.380732  -4539.179743 -11276.334250              
VL51 -36501.356698  45933.227542 -11948.581831              
*  2025  5 23  2 52   0.00000000                            
PL51  -2385.367987  -3977.674429 -11402.313733              
VL51 -35140.314542  47623.756491  -9042.357256              
*  2025  5 23  2 54   0.00000000                            
PL51  -2798.213268  -3396.878022 -11493.233077              
VL51 -33645.537870  49147.196167  -6106.699042              
*  2025  5 23  2 56   0.00000000                            
PL51  -3192.355159  -2798.838070 -11548.792335              
VL51 -32024.344565  50496.569161  -3150.499139              
*  2025  5 23  2 58   0.00000000                            
PL51  -3566.323051  -2185.682111 -11568.798779              
VL51 -30284.546244  51665.526328   -182.731249              
*  2025  5 23  3  0   0.00000000                            
PL51  -3918.742881  -1559.609960 -11553.167733              
VL51 -28434.416387  52648.375450   2787.574024              
*  2025  5 23  3  2   0.00000000                            
PL51  -4248.342468   -922.885660 -11501.923103              
VL51 -26482.656665  53440.107824   5751.354430              
*  2025  5 23  3  4   0.00000000                            
PL51  -4553.956447   -277.829138 -11415.197603              
VL51 -24438.361530  54036.422668   8699.541692              
*  2025  5 23  3  6   0.00000000                            
PL51  -4834.530757    373.192432 -11293.232676              
VL51 -22310.981197  54433.749209  11623.087457              
*  2025  5 23  3  8   0.00000000                            
PL51  -5089.126682   1027.773504 -11136.378091              
VL51 -20110.283093  54629.266349  14512.989546              
*  2025  5 23  3 10   0.00000000                            
PL51  -5316.924422   1683.479266 -10945.091235              
VL51 -17846.311882  54620.919771  17360.318460              
*  2025  5 23  3 12   0.00000000                            
PL51  -5517.226167   2337.854927 -10719.936080              
VL51 -15529.348199  54407.436384  20156.244092              
*  2025  5 23  3 14   0.00000000                            
PL51  -5689.458681   2988.435166 -10461.581828              
VL51 -13169.866187  53988.335971  22892.062591              
*  2025  5 23  3 16   0.00000000                            
PL51  -5833.175361   3632.753701 -10170.801235              
VL51 -10778.489986  53363.939924  25559.223317              
*  2025  5 23  3 18   0.00000000                            
PL51  -5948.057771   4268.352949  -9848.468611              
VL51  -8365.949319  52535.376969  28149.355812              
*  2025  5 23  3 20   0.00000000                            
PL51  -6033.916641   4892.793728  -9495.557495              
VL51  -5943.034302  51504.585748  30654.296696              
*  2025  5 23  3 22   0.00000000                            
PL51  -6090.692316   5503.664979  -9113.138011              
VL51  -3520.549679  50274.314192  33066.116416              
*  2025  5 23  3 24   0.00000000                            
PL51  -6118.454655   6098.593454  -8702.373903              
VL51  -1109.268622  48848.115575  35377.145726              
*  2025  5 23  3 26   0.00000000                            
PL51  -6117.402372   6675.253345  -8264.519250              
VL51   1280.113700  47230.341199  37580.001818              
*  2025  5 23  3 28   0.00000000                            
PL51  -6087.861824   7231.375792  -7800.914882              
VL51   3637.026589  45426.129631  39667.613972              
*  2025  5 23  3 30   0.00000000                            
PL51  -6030.285237   7764.758253  -7312.984475              
VL51   5951.070125  43441.392475  41633.248611              
*  2025  5 23  3 32   0.00000000                            
PL51  -5945.248383   8273.273679  -6802.230367              
VL51   8212.061100  41282.796635  43470.533659              
*  2025  5 23  3 34   0.00000000                            
PL51  -5833.447704   8754.879447  -6270.229070              
VL51  10410.078351  38957.743088  45173.482050              
*  2025  5 23  3 36   0.00000000                            
PL51  -5695.696901   9207.626032  -5718.626521              
VL51  12535.507281  36474.342156  46736.514282              
*  2025  5 23  3 38   0.00000000                            
PL51  -5532.922992   9629.665349  -5149.133056              
VL51  14579.083330  33841.385345  48154.479877              
*  2025  5 23  3 40   0.00000000                            
PL51  -5346.161858  10019.258739  -4563.518140              
VL51  16531.934175  31068.313781  49422.677615              
*  2025  5 23  3 42   0.00000000                            
PL51  -5136.553292  10374.784567  -3963.604863              
VL51  18385.620411  28165.183352  50536.874423              
*  2025  5 23  3 44   0.00000000                            
PL51  -4905.335564  10694.745363  -3351.264216              
VL51  20132.174494  25142.626647  51493.322769              
*  2025  5 23  3 46   0.00000000                            
PL51  -4653.839539  10977.774508  -2728.409165              
VL51  21764.137718  22011.811847  52288.776467              
*  2025  5 23  3 48   0.00000000                            
PL51  -4383.482359  11222.642394  -2096.988554              
VL51  23274.594985  18784.398700  52920.504737              
*  2025  5 23  3 50   0.00000000                            
PL51  -4095.760721  11428.262049  -1458.980839              
VL51  24657.207176  15472.491801  53386.304448              
*  2025  5 23  3 52   0.00000000                            
PL51  -3792.243786  11593.694177   -816.387696              
VL51  25906.240888  12088.591352  53684.510409              
*  2025  5 23  3 54   0.00000000                            
PL51  -3474.565745  11718.151605   -171.227515              
VL51  27016.595373   8645.541664  53814.003630              
*  2025  5 23  3 56   0.00000000                            
PL51  -3144.418082  11801.003088    474.471198              
VL51  27983.826466   5156.477642  53774.217473              
*  2025  5 23  3 58   0.00000000                            
PL51  -2803.541565  11841.776468   1118.676471              
VL51  28804.167365   1634.769544  53565.141615              
*  2025  5 23  4  0   0.00000000                            
PL51  -2453.718010  11840.161160   1759.359554              
VL51  29474.546098  -1906.033685  53187.323801              
*  2025  5 23  4  2   0.00000000                            
PL51  -2096.761858  11796.009950   2394.501621              
VL51  29992.599583  -5452.262190  52641.869331              
*  2025  5 23  4  4   0.00000000                            
PL51  -1734.511595  11709.340094   3022.100438              
VL51  30356.684157  -8990.183782  51930.438301              
*  2025  5 23  4  6   0.00000000                            
PL51  -1368.821083  11580.333716   3640.177000              
VL51  30565.882542 -12506.062968  51055.240599              
*  2025  5 23  4  8   0.00000000                            
PL51  -1001.550809  11409.337486   4246.782084              
VL51  30620.007170 -15986.220124  50019.028679              
*  2025  5 23  4 10   0.00000000                            
PL51   -634.559138  11196.861603   4840.002704              
VL51  30519.599883 -19417.090498  48825.088166              
*  2025  5 23  4 12   0.00000000                            
PL51   -269.693570  10943.578058   5417.968447              
VL51  30265.927990 -22785.282698  47477.226331              
*  2025  5 23  4 14   0.00000000                            
PL51     91.217918  10650.318211   5978.857647              
VL51  29860.976720 -26077.636380  45979.758510              
*  2025  5 23  4 16   0.00000000                            
PL51    446.375426  10318.069675   6520.903395              
VL51  29307.438127 -29281.278823  44337.492535              
*  2025  5 23  4 18   0.00000000                            
PL51    794.015527   9947.972536   7042.399346              
VL51  28608.696507 -32383.680070  42555.711259              
*  2025  5 23  4 20   0.00000000                            
PL51   1132.419472   9541.314913   7541.705301              
VL51  27768.810436 -35372.706381  40640.153289              
*  2025  5 23  4 22   0.00000000                            
PL51   1459.921157   9099.527894   8017.252557              
VL51  26792.491538 -38236.671690  38596.992030              
*  2025  5 23  4 24   0.00000000                            
PL51   1774.914814   8624.179866   8467.548988              
VL51  25685.080133 -40964.386831  36432.813156              
*  2025  5 23  4 26   0.00000000                            
PL51   2075.862396   8116.970271   8891.183851              
VL51  24452.517906 -43545.206292  34154.590661              
*  2025  5 23  4 28   0.00000000                            
PL51   2361.300615   7579.722813   9286.832294              
VL51  23101.317788 -45969.072280  31769.661597              
*  2025  5 23  4 30   0.00000000                            
PL51   2629.847605   7014.378155   9653.259557              
VL51  21638.531221 -48226.555921  29285.699669              
*  2025  5 23  4 32   0.00000000                            
PL51   2880.209170   6422.986142   9989.324850              
VL51  20071.713020 -50308.895415  26710.687785              
*  2025  5 23  4 34   0.00000000                            
PL51   3111.184611   5807.697579  10293.984887              
VL51  18408.884025 -52208.031016  24052.889744              
*  2025  5 23  4 36   0.00000000                            
PL51   3321.672077   5170.755619  10566.297093              
VL51  16658.491767 -53916.636700  21320.821148              
*  2025  5 23  4 38   0.00000000                            
PL51   3510.673442   4514.486780  10805.422439              
VL51  14829.369364 -55428.148429  18523.219715              
*  2025  5 23  4 40   0.00000000                            
PL51   3677.298679   3841.291651  11010.627933              
VL51  12930.692873 -56736.788922  15669.015094              
*  2025  5 23  4 42   0.00000000                            
PL51   3820.769715   3153.635319  11181.288737              
VL51  10971.937328 -57837.588874  12767.298324              
*  2025  5 23  4 44   0.00000000                            
PL51   3940.423741   2454.037568  11316.889920              
VL51   8962.831684 -58726.404584   9827.291060              
*  2025  5 23  4 46   0.00000000                            
PL51   4035.715995   1745.062877  11417.027839              
VL51   6913.312900 -59399.931960   6858.314679              
*  2025  5 23  4 48   0.00000000                            
PL51   4106.221971   1029.310286  11481.411153              
VL51   4833.479391 -59855.716918   3869.759386              
*  2025  5 23  4 50   0.00000000                            
PL51   4151.639079    309.403146  11509.861462              
VL51   2733.544058 -60092.162157    871.053414              
*  2025  5 23  4 52   0.00000000                            
PL51   4171.787734   -412.021182  11502.313580              
VL51    623.787122 -60108.530362  -2128.367568              
*  2025  5 23  4 54   0.00000000                            
PL51   4166.611883  -1132.321648  11458.815441              
VL51  -1485.491026 -59904.943855  -5119.090769              
*  2025  5 23  4 56   0.00000000                            
PL51   4136.178963  -1848.863813  11379.527646              
VL51  -3584.016751 -59482.380740  -8091.756195              
*  2025  5 23  4 58   0.00000000                            
PL51   4080.679302  -2559.030073  11264.722651              
VL51  -5661.589667 -58842.667618 -11037.086107              
*  2025  5 23  5  0   0.00000000                            
PL51   4000.424964  -3260.229782  11114.783608              
VL51  -7708.128512 -57988.468920 -13945.913929              
*  2025  5 23  5  2   0.00000000                            
PL51   3895.848045  -3949.909229  10930.202859              
VL51  -9713.716194 -56923.272961 -16809.212514              
*  2025  5 23  5  4   0.00000000                            
PL51   3767.498444  -4625.561418  10711.580094              
VL51 -11668.643829 -55651.374801 -19618.121714              
*  2025  5 23  5  6   0.00000000                            
PL51   3616.041099  -5284.735638  10459.620192              
VL51 -13563.453601 -54177.856019 -22363.975156              
*  2025  5 23  5  8   0.00000000                            
PL51   3442.252730  -5925.046760  10175.130735              
VL51 -15388.980256 -52508.561527 -25038.326172              
*  2025  5 23  5 10   0.00000000                            
PL51   3247.018082  -6544.184245   9859.019220              
VL51 -17136.391089 -50650.073536 -27632.972824              
*  2025  5 23  5 12   0.00000000                            
PL51   3031.325705  -7139.920822   9512.289978              
VL51 -18797.224255 -48609.682826 -30139.981941              
*  2025  5 23  5 14   0.00000000                            
PL51   2796.263283  -7710.120807   9136.040813              
VL51 -20363.425279 -46395.357446 -32551.712156              
*  2025  5 23  5 16   0.00000000                            
PL51   2543.012537  -8252.748026   8731.459360              
VL51 -21827.381617 -44015.709005 -34860.835862              
*  2025  5 23  5 18   0.00000000                            
PL51   2272.843720  -8765.873330   8299.819200              
VL51 -23181.955166 -41479.956682 -37060.360061              
*  2025  5 23  5 20   0.00000000                            
PL51   1987.109745  -9247.681653   7842.475723              
VL51 -24420.512577 -38797.889134 -39143.646062              
*  2025  5 23  5 22   0.00000000                            
PL51   1687.239957  -9696.478614   7360.861765              
VL51 -25536.953301 -35979.824436 -41104.427980              
*  2025  5 23  5 24   0.00000000                            
PL51   1374.733577 -10110.696613   6856.483027              
VL51 -26525.735240 -33036.568238 -42936.830013              
*  2025  5 23  5 26   0.00000000                            
PL51   1051.152866 -10488.900430   6330.913301              
VL51 -27381.897927 -29979.370289 -44635.382443              
*  2025  5 23  5 28   0.00000000                            
PL51    718.116017 -10829.792281   5785.789503              
VL51 -28101.083162 -26819.879521 -46195.036351              
*  2025  5 23  5 30   0.00000000                            
PL51    377.289815 -11132.216333   5222.806543              
VL51 -28679.553016 -23570.097855 -47611.176990              
*  2025  5 23  5 32   0.00000000                            
PL51     30.382101 -11395.162661   4643.712045              
VL51 -29114.205168 -20242.332919 -48879.635813              
*  2025  5 23  5 34   0.00000000                            
PL51   -320.865934 -11617.770622   4050.300922              
VL51 -29402.585507 -16849.149862 -49996.701119              
*  2025  5 23  5 36   0.00000000                            
PL51   -674.687591 -11799.331658   3444.409840              
VL51 -29542.897968 -13403.322455 -50959.127291              
*  2025  5 23  5 38   0.00000000                            
PL51  -1029.298601 -11939.291501   2827.911576              
VL51 -29534.011588  -9917.783664 -51764.142627              
*  2025  5 23  5 40   0.00000000                            
PL51  -1382.905138 -12037.251782   2202.709292              
VL51 -29375.464750  -6405.575903 -52409.455721              
*  2025  5 23  5 42   0.00000000                            
PL51  -1733.711860 -12092.971053   1570.730739              
VL51 -29067.466632  -2879.801159 -52893.260422              
*  2025  5 23  5 44   0.00000000                            
PL51  -2079.929957 -12106.365194    933.922412              
VL51 -28610.895864    646.428819 -53214.239331              
*  2025  5 23  5 46   0.00000000                            
PL51  -2419.785157 -12077.507240    294.243671              
VL51 -28007.296429   4160.042050 -53371.565890              
*  2025  5 23  5 48   0.00000000                            
PL51  -2751.525678 -12006.626603   -346.339153              
VL51 -27258.870839   7648.055423 -53364.905035              
*  2025  5 23  5 50   0.00000000                            
PL51  -3073.430072 -11894.107718   -985.858656              
VL51 -26368.470640  11097.623148 -53194.412458              
*  2025  5 23  5 52   0.00000000                            
PL51  -3383.814943 -11740.488105  -1622.352237              
VL51 -25339.584296  14496.084398 -52860.732501              
*  2025  5 23  5 54   0.00000000                            
PL51  -3681.042510 -11546.455873  -2253.867940              
VL51 -24176.322533  17831.009989 -52364.994697              
*  2025  5 23  5 56   0.00000000                            
PL51  -3963.527965 -11312.846660  -2878.470254              
VL51 -22883.401195  21090.247909 -51708.809005              
*  2025  5 23  5 58   0.00000000                            
PL51  -4229.746628 -11040.640046  -3494.245839              
VL51 -21466.121720  24261.967577 -50894.259748              
*  2025  5 23  6  0   0.00000000                            
PL51  -4478.240839 -10730.955432  -4099.309178              
VL51 -19930.349300  27334.702650 -49923.898310              
*  2025  5 23  6  2   0.00000000                            
PL51  -4707.626587 -10385.047425  -4691.808129              
VL51 -18282.488843  30297.392264 -48800.734622              
*  2025  5 23  6  4   0.00000000                            
PL51  -4916.599825 -10004.300729  -5269.929376              
VL51 -16529.458829  33139.420563 -47528.227469              
*  2025  5 23  6  6   0.00000000                            
PL51  -5103.942471  -9590.224580  -5831.903745              
VL51 -14678.663180  35850.654403 -46110.273686              
*  2025  5 23  6  8   0.00000000                            
PL51  -5268.528055  -9144.446736  -6376.011395              
VL51 -12737.961247  38421.479115 -44551.196260              
*  2025  5 23  6 10   0.00000000                            
PL51  -5409.326991  -8668.707048  -6900.586853              
VL51 -10715.636051  40842.832221 -42855.731416              
*  2025  5 23  6 12   0.00000000                            
PL51  -5525.411468  -8164.850648  -7404.023891              
VL51  -8620.360883  43106.235030 -41029.014713              
*  2025  5 23  6 14   0.00000000                            
PL51  -5615.959920  -7634.820759  -7884.780230              
VL51  -6461.164396  45203.822019 -39076.566205              
*  2025  5 23  6 16   0.00000000                            
PL51  -5680.261077  -7080.651176  -8341.382061              
VL51  -4247.394317  47128.367940 -37004.274708              
*  2025  5 23  6 18   0.00000000                            
PL51  -5717.717569  -6504.458428  -8772.428371              
VL51  -1988.679897  48873.312571 -34818.381228              
*  2025  5 23  6 20   0.00000000                            
PL51  -5727.849073  -5908.433668  -9176.595065              
VL51    305.106764  50432.783078 -32525.461566              
*  2025  5 23  6 22   0.00000000                            
PL51  -5710.294991  -5294.834293  -9552.638875              
VL51   2623.890395  51801.613930 -30132.408160              
*  2025  5 23  6 24   0.00000000                            
PL51  -5664.816646  -4665.975358  -9899.401051              
VL51   4957.433102  52975.364306 -27646.411198              
*  2025  5 23  6 26   0.00000000                            
PL51  -5591.298982  -4024.220781 -10215.810810              
VL51   7295.375655  53950.332994 -25074.939020              
*  2025  5 23  6 28   0.00000000                            
PL51  -5489.751775  -3371.974395 -10500.888561              
VL51   9627.279377  54723.570708 -22425.717866              
*  2025  5 23  6 30   0.00000000                            
PL51  -5360.310330  -2711.670865 -10753.748869              
VL51  11942.668520  55292.889825 -19706.710993              
*  2025  5 23  6 32   0.00000000                            
PL51  -5203.235670  -2045.766496 -10973.603173              
VL51  14231.072969  55656.871516 -16926.097183              
*  2025  5 23  6 34   0.00000000                            
PL51  -5018.914211  -1376.729988 -11159.762242              
VL51  16482.071166  55814.870240 -14092.248690              
*  2025  5 23  6 36   0.00000000                            
PL51  -4807.856920   -707.033131 -11311.638358              
VL51  18685.333106  55767.015614 -11213.708638              
*  2025  5 23  6 38   0.00000000                            
PL51  -4570.697962    -39.141517 -11428.747232              
VL51  20830.663269  55514.211628  -8299.167909              
*  2025  5 23  6 40   0.00000000                            
PL51  -4308.192826    624.494744 -11510.709634              
VL51  22908.043369  55058.133213  -5357.441529              
*  2025  5 23  6 42   0.00000000                            
PL51  -4021.215945   1281.450236 -11557.252738              
VL51  24907.674762  54401.220162  -2397.444592              
*  2025  5 23  6 44   0.00000000                            
PL51  -3710.757810   1929.333369 -11568.211180              
VL51  26820.020393  53546.668390    571.832271              
*  2025  5 23  6 46   0.00000000                            
PL51  -3377.921576   2565.795383 -11543.527808              
VL51  28635.846123  52498.418545   3541.347839              
*  2025  5 23  6 48   0.00000000                            
PL51  -3023.919191   3188.539207 -11483.254145              
VL51  30346.261299  51261.141972   6502.035650              
*  2025  5 23  6 50   0.00000000                            
PL51  -2650.067029   3795.328128 -11387.550533              
VL51  31942.758416  49840.224025   9444.829719              
*  2025  5 23  6 52   0.00000000                            
PL51  -2257.781061   4383.994245 -11256.685974              
VL51  33417.251714  48241.744759  12360.690576              
*  2025  5 23  6 54   0.00000000                            
PL51  -1848.571571   4952.446677 -11091.037652              
VL51  34762.114547  46472.456994  15240.631611              
*  2025  5 23  6 56   0.00000000                            
PL51  -1424.037427   5498.679496 -10891.090140              
VL51  35970.215372  44539.761796  18075.745649              
*  2025  5 23  6 58   0.00000000                            
PL51   -985.859930   6020.779337 -10657.434288              
VL51  37034.952182  42451.681391  20857.231731              
*  2025  5 23  7  0   0.00000000                            
PL51   -535.796265   6516.932685 -10390.765786              
VL51  37950.285223  40216.829560  23576.422016              
*  2025  5 23  7  2   0.00000000                            
PL51    -75.672566   6985.432780 -10091.883402              
VL51  38710.767820  37844.379553  26224.808758              
*  2025  5 23  7  4   0.00000000                            
PL51    392.623378   7424.686125  -9761.686904              
VL51  39311.575138  35344.029609  28794.071267              
*  2025  5 23  7  6   0.00000000                            
PL51    867.149744   7833.218573  -9401.174650              
VL51  39748.530716  32725.966122  31276.102782              
*  2025  5 23  7  8   0.00000000                            
PL51   1345.918603   8209.680942  -9011.440863              
VL51  40018.130600  30000.824566  33663.037167              
*  2025  5 23  7 10   0.00000000                            
PL51   1826.904124   8552.854171  -8593.672585              
VL51  40117.564910  27179.648270  35947.275313              
*  2025  5 23  7 12   0.00000000                            
PL51   2308.051016   8861.653948  -8149.146310              
VL51  40044.736676  24273.845159  38121.511170              
*  2025  5 23  7 14   0.00000000                            
PL51   2787.283184   9135.134818  -7679.224324              
VL51  39798.277797  21295.142599  40178.757276              
*  2025  5 23  7 16   0.00000000                            
PL51   3262.512556   9372.493740  -7185.350722              
VL51  39377.561971  18255.540488  42112.369658              
*  2025  5 23  7 18   0.00000000                            
PL51   3731.648045   9573.073062  -6669.047146              
VL51  38782.714460  15167.262771  43916.072009              
*  2025  5 23  7 20   0.00000000                            
PL51   4192.604609   9736.362918  -6131.908233              
VL51  38014.618575  12042.707555  45583.978978              
*  2025  5 23  7 22   0.00000000                            
PL51   4643.312374   9862.003007  -5575.596781              
VL51  37074.918763   8894.396027  47110.618468              
*  2025  5 23  7 24   0.00000000                            
PL51   5081.725764   9949.783762  -5001.838673              
VL51  35966.020215   5734.920398  48490.952792              
*  2025  5 23  7 26   0.00000000                            
PL51   5505.832613   9999.646885  -4412.417533              
VL51  34691.084917   2576.891104  49720.398564              
*  2025  5 23  7 28   0.00000000                            
PL51   5913.663202  10011.685246  -3809.169171              
VL51  33254.024103   -567.116496  50794.845183              
*  2025  5 23  7 30   0.00000000                            
PL51   6303.299190   9986.142142  -3193.975798              
VL51  31659.487073  -3684.615640  51710.671794              
*  2025  5 23  7 32   0.00000000                            
PL51   6672.882382   9923.409909  -2568.760062              
VL51  29912.846378  -6763.261659  52464.762601              
*  2025  5 23  7 34   0.00000000                            
PL51   7020.623306   9824.027905  -1935.478900              
VL51  28020.179399  -9790.905141  53054.520416              
*  2025  5 23  7 36   0.00000000                            
PL51   7344.809535   9688.679843  -1296.117245              
VL51  25988.246355 -12755.644501  53477.878350              
*  2025  5 23  7 38   0.00000000                            
PL51   7643.813739   9518.190509   -652.681601              
VL51  23824.464826 -15645.877655  53733.309540              
*  2025  5 23  7 40   0.00000000                            
PL51   7916.101400   9313.521867     -7.193515              
VL51  21536.880874 -18450.352516  53819.834847              
*  2025  5 23  7 42   0.00000000                            
PL51   8160.238164   9075.768555    638.317033              
VL51  19134.136891 -21158.216032  53737.028443              
*  2025  5 23  7 44   0.00000000                            
PL51   8374.896788   8806.152821   1281.818289              
VL51  16625.436319 -23759.061478  53485.021246              
*  2025  5 23  7 46   0.00000000                            
PL51   8558.863648   8506.018886   1921.283420              
VL51  14020.505406 -26242.973738  53064.502140              
*  2025  5 23  7 48   0.00000000                            
PL51   8711.044767   8176.826786   2554.697202              
VL51  11329.552183 -28600.572320  52476.716969              
*  2025  5 23  7 50   0.00000000                            
PL51   8830.471341   7820.145711   3180.062688              
VL51   8563.222883 -30823.051834  51723.465288              
*  2025  5 23  7 52   0.00000000                            
PL51   8916.304718   7437.646878   3795.407821              
VL51   5732.556032 -32902.219722  50807.094860              
*  2025  5 23  7 54   0.00000000                            
PL51   8967.840825   7031.095958   4398.791971              
VL51   2848.934456 -34830.531004  49730.493935              
*  2025  5 23  7 56   0.00000000                            
PL51   8984.514000   6602.345121   4988.312360              
VL51    -75.964521 -36601.119839  48497.081344              
*  2025  5 23  7 58   0.00000000                            
PL51   8965.900220   6153.324707   5562.110359              
VL51  -3030.220413 -38207.827750  47110.794454              
*  2025  5 23  8  0   0.00000000                            
PL51   8911.719705   5686.034589   6118.377632              
VL51  -6001.722160 -39645.228333  45576.075070              
*  2025  5 23  8  2   0.00000000                            
PL51   8821.838883   5202.535257   6655.362089              
VL51  -8978.221659 -40908.648352  43897.853355              
*  2025  5 23  8  4   0.00000000                            
PL51   8696.271711   4704.938671   7171.373646              
VL51 -11947.387969 -41994.185108  42081.529877              
*  2025  5 23  8  6   0.00000000                            
PL51   8535.180342   4195.398933   7664.789748              
VL51 -14896.861870 -42898.720027  40132.955878              
*  2025  5 23  8  8   0.00000000                            
PL51   8338.875135   3676.102809   8134.060654              
VL51 -17814.310503 -43619.928405  38058.411896              
*  2025  5 23  8 10   0.00000000                            
PL51   8107.814014   3149.260169   8577.714451              
VL51 -20687.481792 -44156.285320  35864.584852              
*  2025  5 23  8 12   0.00000000                            
PL51   7842.601172   2617.094372   8994.361787              
VL51 -23504.258377 -44507.067698  33558.543744              
*  2025  5 23  8 14   0.00000000                            
PL51   7543.985138   2081.832647   9382.700304              
VL51 -26252.710789 -44672.352579  31147.714068              
*  2025  5 23  8 16   0.00000000                            
PL51   7212.856203   1545.696524   9741.518753              
VL51 -28921.149599 -44653.011633  28639.851121              
*  2025  5 23  8 18   0.00000000                            
PL51   6850.243238   1010.892352  10069.700792              
VL51 -31498.176308 -44450.702015  26043.012308              
*  2025  5 23  8 20   0.00000000                            
PL51   6457.309901    479.601938  10366.228438              
VL51 -33972.732734 -44067.853640  23365.528604              
*  2025  5 23  8 22   0.00000000                            
PL51   6035.350269    -46.026622  10630.185173              
VL51 -36334.148693 -43507.653023  20615.975298              
*  2025  5 23  8 24   0.00000000                            
PL51   5585.783901   -563.887918  10860.758703              
VL51 -38572.187764 -42774.023779  17803.142152              
*  2025  5 23  8 26   0.00000000                            
PL51   5110.150372  -1071.927932  11057.243343              
VL51 -40677.090956 -41871.603965  14936.003102              
*  2025  5 23  8 28   0.00000000                            
PL51   4610.103293  -1568.152463  11219.042049              
VL51 -42639.618097 -40805.720393  12023.685626              
*  2025  5 23  8 30   0.00000000                            
PL51   4087.403848  -2050.635224  11345.668075              
VL51 -44451.086791 -39582.360086   9075.439889              
*  2025  5 23  8 32   0.00000000                            
PL51   3543.913878  -2517.525576  11436.746255              
VL51 -46103.408796 -38208.139061   6100.607802              
*  2025  5 23  8 34   0.00000000                            
PL51   2981.588550  -2967.055882  11492.013926              
VL51 -47589.123682 -36690.268614   3108.592094              
*  2025  5 23  8 36   0.00000000                            
PL51   2402.468634  -3397.548431  11511.321465              
VL51 -48901.429670 -35036.519306    108.825520              
*  2025  5 23  8 38   0.00000000                            
PL51   1808.672427  -3807.421926  11494.632471              
VL51 -50034.211544 -33255.182851  -2889.259690              
*  2025  5 23  8 40   0.00000000                            
PL51   1202.387364  -4195.197497  11442.023574              
VL51 -50982.065560 -31355.032112  -5876.262036              
*  2025  5 23  8 42   0.00000000                            
PL51    585.861345  -4559.504230  11353.683892              
VL51 -51740.321296 -29345.279418  -8842.840519              
*  2025  5 23  8 44   0.00000000                            
PL51    -38.606180  -4899.084177  11229.914121              
VL51 -52305.060382 -27235.533415 -11779.743893              
*  2025  5 23  8 46   0.00000000                            
PL51   -668.673333  -5212.796853  11071.125292              
VL51 -52673.132101 -25035.754652 -14677.839319              
*  2025  5 23  8 48   0.00000000                            
PL51  -1301.965095  -5499.623185  10877.837180              
VL51 -52842.165812 -22756.210116 -17528.140370              
*  2025  5 23  8 50   0.00000000                            
PL51  -1936.082731  -5758.668907  10650.676381              
VL51 -52810.580198 -20407.426912 -20321.834310              
*  2025  5 23  8 52   0.00000000                            
PL51  -2568.613294  -5989.167409  10390.374069              
VL51 -52577.589315 -18000.145286 -23050.308603              
*  2025  5 23  8 54   0.00000000                            
PL51  -3197.139197  -6190.482003  10097.763436              
VL51 -52143.205453 -15545.271180 -25705.176592              
*  2025  5 23  8 56   0.00000000                            
PL51  -3819.247789  -6362.107629   9773.776839              
VL51 -51508.238798 -13053.828522 -28278.302287              
*  2025  5 23  8 58   0.00000000                            
PL51  -4432.540911  -6503.671982   9419.442639              
VL51 -50674.293926 -10536.911437 -30761.824203              
*  2025  5 23  9  0   0.00000000                            
PL51  -5034.644397  -6614.936071   9035.881775              
VL51 -49643.763145  -8005.636573 -33148.178180              
*  2025  5 23  9  2   0.00000000                            
PL51  -5623.217463  -6695.794201   8624.304063              
VL51 -48419.816735  -5471.095742 -35430.119136              
*  2025  5 23  9  4   0.00000000                            
PL51  -6195.961978  -6746.273397   8186.004240              
VL51 -47006.390148  -2944.309071 -37600.741683              
*  2025  5 23  9  6   0.00000000                            
PL51  -6750.631548  -6766.532263   7722.357774              
VL51 -45408.168233   -436.178832 -39653.499576              
*  2025  5 23  9  8   0.00000000                            
PL51  -7285.040403  -6756.859296   7234.816439              
VL51 -43630.566583   2042.555838 -41582.223930              
*  2025  5 23  9 10   0.00000000                            
PL51  -7797.072036  -6717.670663   6724.903689              
VL51 -41679.710076   4481.363180 -43381.140191              
*  2025  5 23  9 12   0.00000000                            
PL51  -8284.687577  -6649.507451   6194.209825              
VL51 -39562.408741   6869.961835 -45044.883811              
*  2025  5 23  9 14   0.00000000                            
PL51  -8745.933856  -6553.032413   5644.386990              
VL51 -37286.131024   9198.362489 -46568.514619              
*  2025  5 23  9 16   0.00000000                            
PL51  -9178.951127  -6429.026219   5077.143998              
VL51 -34858.974592  11456.908001 -47947.529839              
*  2025  5 23  9 18   0.00000000                            
PL51  -9581.980437  -6278.383240   4494.241014              
VL51 -32289.634791  13636.311846 -49177.875756              
*  2025  5 23  9 20   0.00000000                            
PL51  -9953.370595  -6102.106877   3897.484099              
VL51 -29587.370882  15727.694759 -50255.957988              
*  2025  5 23  9 22   0.00000000                            
PL51 -10291.584726  -5901.304462   3288.719647              
VL51 -26761.970204  17722.619426 -51178.650362              
*  2025  5 23  9 24   0.00000000                            
PL51 -10595.206383  -5677.181762   2669.828718              
VL51 -23823.710404  19613.123122 -51943.302361              
*  2025  5 23  9 26   0.00000000                            
PL51 -10862.945197  -5431.037093   2042.721294              
VL51 -20783.319890  21391.748159 -52547.745155              
*  2025  5 23  9 28   0.00000000                            
PL51 -11093.642040  -5164.255094   1409.330469              
VL51 -17651.936681  23051.570053 -52990.296187              
*  2025  5 23  9 30   0.00000000                            
PL51 -11286.273683  -4878.300165    771.606592              
VL51 -14441.065808  24586.223309 -53269.762334              
*  2025  5 23  9 32   0.00000000                            
PL51 -11439.956943  -4574.709623    131.511387              
VL51 -11162.535452  25989.924744 -53385.441632              
*  2025  5 23  9 34   0.00000000                            
PL51 -11553.952290  -4255.086584   -508.987951              
VL51  -7828.451985  27257.494281 -53337.123596              
*  2025  5 23  9 36   0.00000000                            
PL51 -11627.666908  -3921.092611  -1147.924643              
VL51  -4451.154111  28384.373136 -53125.088135              
*  2025  5 23  9 38   0.00000000                            
PL51 -11660.657209  -3574.440168  -1783.338202              
VL51  -1043.166274  29366.639371 -52750.103100              
*  2025  5 23  9 40   0.00000000                            
PL51 -11652.630778  -3216.884896  -2413.280263              
VL51   2382.848474  30201.020772 -52213.420490              
*  2025  5 23  9 42   0.00000000                            
PL51 -11603.447748  -2850.217751  -3035.820364              
VL51   5814.135993  30884.905025 -51516.771352              
*  2025  5 23  9 44   0.00000000                            
PL51 -11513.121613  -2476.257038  -3649.051661              
VL51   9237.898755  31416.347182 -50662.359403              
*  2025  5 23  9 46   0.00000000                            
PL51 -11381.819456  -2096.840372  -4251.096552              
VL51  12641.343588  31794.074422 -49652.853425              
*  2025  5 23  9 48   0.00000000                            
PL51 -11209.861616  -1713.816600  -4840.112208              
VL51  16011.729285  32017.488103 -48491.378457              
*  2025  5 23  9 50   0.00000000                            
PL51 -10997.720776  -1329.037707  -5414.295987              
VL51  19336.413907  32086.663134 -47181.505836              
*  2025  5 23  9 52   0.00000000                            
PL51 -10746.020494   -944.350753  -5971.890727              
VL51  22602.901640  32002.344689 -45727.242119              
*  2025  5 23  9 54   0.00000000                            
PL51 -10455.533169   -561.589863  -6511.189897              
VL51  25798.889042  31765.942290 -44133.016928              
*  2025  5 23  9 56   0.00000000                            
PL51 -10127.177458   -182.568304  -7030.542593              
VL51  28912.310519  31379.521314 -42403.669775              
*  2025  5 23  9 58   0.00000000                            
PL51  -9762.015156    190.929324  -7528.358375              
VL51  31931.382902  30845.791969 -40544.435892              
*  2025  5 23 10  0   0.00000000                            
PL51  -9361.247543    557.154747  -8003.111923              
VL51  34844.648972  30168.095794 -38560.931132              
*  2025  5 23 10  2   0.00000000                            
PL51  -8926.211216    914.403498  -8453.347515              
VL51  37641.019810  29350.389761 -36459.135984              
*  2025  5 23 10  4   0.00000000                            
PL51  -8458.373426   1261.022195  -8877.683295              
VL51  40309.815838  28397.228047 -34245.378734              
*  2025  5 23 10  6   0.00000000                            
PL51  -7959.326922   1595.415591  -9274.815349              
VL51  42840.806438  27313.741552 -31926.317852              
*  2025  5 23 10  8   0.00000000                            
PL51  -7430.784337   1916.053355  -9643.521552              
VL51  45224.248044  26105.615256 -29508.923607              
*  2025  5 23 10 10   0.00000000                            
PL51  -6874.572120   2221.476581  -9982.665199              
VL51  47450.920595  24779.063498 -27000.458981              
*  2025  5 23 10 12   0.00000000                            
PL51  -6292.624046   2510.303975 -10291.198398              
VL51  49512.162259  23340.803271 -24408.459903              
*  2025  5 23 10 14   0.00000000                            
PL51  -5686.974315   2781.237723 -10568.165224              
VL51  51399.902339  21798.025627 -21740.714840              
*  2025  5 23 10 16   0.00000000                            
PL51  -5059.750277   3033.068996 -10812.704624              
VL51  53106.692248  20158.365287 -19005.243782              
*  2025  5 23 10 18   0.00000000                            
PL51  -4413.164783   3264.683086 -11024.053067              
VL51  54625.734508  18429.868556 -16210.276634              
*  2025  5 23 10 20   0.00000000                            
PL51  -3749.508212   3475.064140 -11201.546930              
VL51  55950.909642  16620.959646 -13364.231056              
*  2025  5 23 10 22   0.00000000                            
PL51  -3071.140185   3663.299488 -11344.624613              
VL51  57076.800919  14740.405508 -10475.689768              
*  2025  5 23 10 24   0.00000000                            
PL51  -2380.480992   3828.583540 -11452.828386              
VL51  57998.716846  12797.279281  -7553.377334              
*  2025  5 23 10 26   0.00000000                            
PL51  -1680.002769   3970.221230 -11525.805945              
VL51  58712.711337  10800.922464  -4606.136465              
*  2025  5 23 10 28   0.00000000                            
PL51   -972.220442   4087.631007 -11563.311687              
VL51  59215.601476   8760.905927  -1642.903841              
*  2025  5 23 10 30   0.00000000                            
PL51   -259.682475   4180.347347 -11565.207691              
VL51  59504.982800   6686.989871   1327.314519              
*  2025  5 23 10 32   0.00000000                            
PL51    455.038549   4248.022779 -11531.464397              
VL51  59579.242007   4589.082858   4295.468314              
*  2025  5 23 10 34   0.00000000                            
PL51   1169.355487   4290.429416 -11462.160990              
VL51  59437.567012   2477.200036   7252.488418              
*  2025  5 23 10 36   0.00000000                            
PL51   1880.676297   4307.459983 -11357.485466              
VL51  59079.954279    361.420695  10189.312708              
*  2025  5 23 10 38   0.00000000                            
PL51   2586.413767   4299.128325 -11217.734395              
VL51  58507.213323  -1748.154715  13096.912219              
*  2025  5 23 10 40   0.00000000                            
PL51   3283.995290   4265.569401 -11043.312363              
VL51  57720.968344  -3841.447955  15966.317575              
*  2025  5 23 10 42   0.00000000                            
PL51   3970.872632   4207.038760 -10834.731100              
VL51  56723.656886  -5908.446604  18788.645658              
*  2025  5 23 10 44   0.00000000                            
PL51   4644.531667   4123.911487 -10592.608279              
VL51  55518.525497  -7939.247740  21555.126444              
*  2025  5 23 10 46   0.00000000                            
PL51   5302.502049   4016.680624 -10317.666000              
VL51  54109.622303  -9924.101541  24257.129949              
*  2025  5 23 10 48   0.00000000                            
PL51   5942.366767   3885.955079 -10010.728950              
VL51  52501.786470 -11853.454617  26886.193218              
*  2025  5 23 10 50   0.00000000                            
PL51   6561.771557   3732.457004  -9672.722232              
VL51  50700.634504 -13717.992916  29434.047277              
*  2025  5 23 10 52   0.00000000                            
PL51   7158.434138   3557.018675  -9304.668881              
VL51  48712.543369 -15508.684000  31892.643959              
*  2025  5 23 10 54   0.00000000                            
PL51   7730.153213   3360.578858  -8907.687049              
VL51  46544.630402 -17216.818515  34254.182529              
*  2025  5 23 10 56   0.00000000                            
PL51   8274.817224   3144.178690  -8482.986883              
VL51  44204.730022 -18834.050657  36511.135988              
*  2025  5 23 10 58   0.00000000                            
PL51   8790.412795   2908.957078  -8031.867082              
VL51  41701.367255 -20352.437432  38656.276960              
*  2025  5 23 11  0   0.00000000                            
PL51   9275.032847   2656.145642  -7555.711146              
VL51  39043.728100 -21764.476507  40682.703050              
*  2025  5 23 11  2   0.00000000                            
PL51   9726.884340   2387.063200  -7055.983332              
VL51  36241.626793 -23063.142463  42583.861558              
*  2025  5 23 11  4   0.00000000                            
PL51  10144.295593   2103.109841  -6534.224311              
VL51  33305.470022 -24241.921224  44353.573411              
*  2025  5 23 11  6   0.00000000                            
PL51  10525.723171   1805.760594  -5992.046545              
VL51  30246.218211 -25294.842479  45986.056208              
*  2025  5 23 11  8   0.00000000                            
PL51  10869.758277   1496.558715  -5431.129394              
VL51  27075.343954 -26216.509889  47475.946225              
*  2025  5 23 11 10   0.00000000                            
PL51  11175.132640   1177.108632  -4853.213967              
VL51  23804.787758 -27002.128880  48818.319267              
*  2025  5 23 11 12   0.00000000                            
PL51  11440.723851    849.068571  -4260.097727              
VL51  20446.911245 -27647.531852  50008.710214              
*  2025  5 23 11 14   0.00000000                            
PL51  11665.560120    514.142893  -3653.628871              
VL51  17014.447993 -28149.200609  51043.131149              
*  2025  5 23 11 16   0.00000000                            
PL51  11848.824436    174.074182  -3035.700506              
VL51  13520.452232 -28504.285855  51918.087932              
*  2025  5 23 11 18   0.00000000                            
PL51  11989.858101   -169.364885  -2408.244631              
VL51   9978.245623 -28710.623612  52630.595095              
*  2025  5 23 11 20   0.00000000                            
PL51  12088.163603   -514.379839  -1773.225950              
VL51   6401.362355 -28766.748409  53178.188962              
*  2025  5 23 11 22   0.00000000                            
PL51  12143.406839   -859.162870  -1132.635546              
VL51   2803.492844 -28671.903149  53558.938882              
*  2025  5 23 11 24   0.00000000                            
PL51  12155.418638  -1201.901368   -488.484422              
VL51   -801.573695 -28426.045545  53771.456474              
*  2025  5 23 11 26   0.00000000                            
PL51  12124.195604  -1540.786519    157.203049              
VL51  -4400.007507 -28029.851049  53814.902825              
*  2025  5 23 11 28   0.00000000                            
PL51  12049.900245  -1874.021919    802.395748              
VL51  -7977.997075 -27484.712231  53688.993550              
*  2025  5 23 11 30   0.00000000                            
PL51  11932.860407  -2199.832160   1445.062487              
VL51 -11521.808099 -26792.734571  53394.001667              
*  2025  5 23 11 32   0.00000000                            
PL51  11773.567985  -2516.471340   2083.178706              
VL51 -15017.842349 -25956.728666  52930.758250              
*  2025  5 23 11 34   0.00000000                            
PL51  11572.676947  -2822.231459   2714.733154              
VL51 -18452.696067 -24980.198872  52300.650829              
*  2025  5 23 11 36   0.00000000                            
PL51  11331.000650  -3115.450659   3337.734556              
VL51 -21813.217581 -23867.328419  51505.619535              
*  2025  5 23 11 38   0.00000000                            
PL51  11049.508476  -3394.521265   3950.218201              
VL51 -25086.563810 -22622.961093  50548.151005              
*  2025  5 23 11 40   0.00000000                            
PL51  10729.321795  -3657.897583   4550.252459              
VL51 -28260.255339 -21252.579561  49431.270066              
*  2025  5 23 11 42   0.00000000                            
PL51  10371.709280  -3904.103422   5135.945174              
VL51 -31322.229764 -19762.280467  48158.529265              
*  2025  5 23 11 44   0.00000000                            
PL51   9978.081596  -4131.739296   5705.449926              
VL51 -34260.893011 -18158.746445  46733.996273              
*  2025  5 23 11 46   0.00000000                            
PL51   9549.985477  -4339.489273   6256.972124              
VL51 -37065.168352 -16449.215201  45162.239273              
*  2025  5 23 11 48   0.00000000                            
PL51   9089.097242  -4526.127438   6788.774919              
VL51 -39724.542874 -14641.445854  43448.310395              
*  2025  5 23 11 50   0.00000000                            
PL51   8597.215762  -4690.523933   7299.184897              
VL51 -42229.111156 -12743.682717  41597.727305              
*  2025  5 23 11 52   0.00000000                            
PL51   8076.254923  -4831.650552   7786.597553              
VL51 -44569.615950 -10764.616742  39616.453050              
*  2025  5 23 11 54   0.00000000                            
PL51   7528.235619  -4948.585857   8249.482499              
VL51 -46737.485660  -8713.344836  37510.874280              
*  2025  5 23 11 56   0.00000000                            
PL51   6955.277318  -5040.519797   8686.388416              
VL51 -48724.868476  -6599.327290  35287.777968              
*  2025  5 23 11 58   0.00000000                            
PL51   6359.589236  -5106.757805   9095.947705              
VL51 -50524.662986  -4432.343548  32954.326748              
*  2025  5 23 12  0   0.00000000                            
PL51   5743.461166  -5146.724353   9476.880846              
VL51 -52130.545182  -2222.446581  30518.033033              
*  2025  5 23 12  2   0.00000000                            
PL51   5109.254007  -5159.965958   9828.000431              
VL51 -53536.991739     20.083911  27986.732017              
*  2025  5 23 12  4   0.00000000                            
PL51   4459.390035  -5146.153616  10148.214871              
VL51 -54739.299527   2284.789193  25368.553735              
*  2025  5 23 12  6   0.00000000                            
PL51   3796.342960  -5105.084659  10436.531765              
VL51 -55733.601293   4561.079859  22671.894296              
*  2025  5 23 12  8   0.00000000                            
PL51   3122.627825  -5036.684032  10692.060915              
VL51 -56516.877504   6838.284599  19905.386435              
*  2025  5 23 12 10   0.00000000                            
PL51   2440.790777  -4941.004985  10914.016982              
VL51 -57086.964361   9105.699141  17077.869532              
*  2025  5 23 12 12   0.00000000                            
PL51   1753.398772  -4818.229169  11101.721792              
VL51 -57442.557996  11352.635124  14198.359205              
*  2025  5 23 12 14   0.00000000                            
PL51   1063.029251  -4668.666160  11254.606261              
VL51 -57583.214908  13568.468673  11276.016633              
*  2025  5 23 12 16   0.00000000                            
PL51    372.259825  -4492.752390  11372.211957              
VL51 -57509.348700  15742.688457   8320.117712              
*  2025  5 23 12 18   0.00000000                            
PL51   -316.341964  -4291.049518  11454.192295              
VL51 -57222.223200  17864.943014   5340.022162              
*  2025  5 23 12 20   0.00000000                            
PL51  -1000.228794  -4064.242227  11500.313353              
VL51 -56723.942049  19925.087140   2345.142699              
*  2025  5 23 12 22   0.00000000                            
PL51  -1676.883556  -3813.135477  11510.454328              
VL51 -56017.434877  21913.227160   -655.085638              
*  2025  5 23 12 24   0.00000000                            
PL51  -2343.829170  -3538.651223  11484.607618              
VL51 -55106.440171  23819.764878  -3651.235906              
*  2025  5 23 12 26   0.00000000                            
PL51  -2998.638171  -3241.824614  11422.878546              
VL51 -53995.484954  25635.440047  -6633.919330              
*  2025  5 23 12 28   0.00000000                            
PL51  -3638.942032  -2923.799688  11325.484721              
VL51 -52689.861414  27351.371185  -9593.814956              
*  2025  5 23 12 30   0.00000000                            
PL51  -4262.440196  -2585.824591  11192.755054              
VL51 -51195.600614  28959.094583 -12521.698786              
*  2025  5 23 12 32   0.00000000                            
PL51  -4866.908766  -2229.246344  11025.128415              
VL51 -49519.443436  30450.601353 -15408.472332              
*  2025  5 23 12 34   0.00000000                            
PL51  -5450.208838  -1855.505166  10823.151967              
VL51 -47668.808899  31818.372384 -18245.190499              
*  2025  5 23 12 36   0.00000000                            
PL51  -6010.294436  -1466.128405  10587.479154              
VL51 -45651.760029  33055.411071 -21023.088737              
*  2025  5 23 12 38   0.00000000                            
PL51  -6545.220023  -1062.724077  10318.867382              
VL51 -43476.967435  34155.273705 -23733.609386              
*  2025  5 23 12 40   0.00000000                            
PL51  -7053.147563   -646.974067  10018.175378              
VL51 -41153.670769  35112.097412 -26368.427155              
*  2025  5 23 12 42   0.00000000                            
PL51  -7532.353108   -220.627001   9686.360256              
VL51 -38691.638248  35920.625557 -28919.473669              
*  2025  5 23 12 44   0.00000000                            
PL51  -7981.232892    214.509171   9324.474291              
VL51 -36101.124410  36576.230509 -31378.961036              
*  2025  5 23 12 46   0.00000000                            
PL51  -8398.308900    656.574840   8933.661414              
VL51 -33392.826302  37074.933705 -33739.404366              
*  2025  5 23 12 48   0.00000000                            
PL51  -8782.233913   1103.666637   8515.153453              
VL51 -30577.838277  37413.422958 -35993.643217              
*  2025  5 23 12 50   0.00000000                            
PL51  -9131.795995   1553.845520   8070.266110              
VL51 -27667.605584  37589.066929 -38134.861885              
*  2025  5 23 12 52   0.00000000                            
PL51  -9445.922425   2005.145016   7600.394711              
VL51 -24673.876964  37599.926752 -40156.608535              
*  2025  5 23 12 54   0.00000000                            
PL51  -9723.683044   2455.579584   7107.009730              
VL51 -21608.656415  37444.764761 -42052.813096              
*  2025  5 23 12 56   0.00000000                            
PL51  -9964.293029   2903.153068   6591.652110              
VL51 -18484.154345  37123.050314 -43817.803913              
*  2025  5 23 12 58   0.00000000                            
PL51 -10167.115075   3345.867206   6055.928384              
VL51 -15312.738287  36634.962692 -45446.323098              
*  2025  5 23 13  0   0.00000000                            
PL51 -10331.660982   3781.730145   5501.505625              
VL51 -12106.883377  35981.391089 -46933.540568              
*  2025  5 23 13  2   0.00000000                            
PL51 -10457.592650   4208.764949   4930.106239              
VL51  -8879.122792  35163.931699 -48275.066731              
*  2025  5 23 13  4   0.00000000                            
PL51 -10544.722477   4625.018053   4343.502605              
VL51  -5641.998322  34184.881930 -49466.963799              
*  2025  5 23 13  6   0.00000000                            
PL51 -10593.013169   5028.567624   3743.511594              
VL51  -2408.011288  33047.231780 -50505.755715              
*  2025  5 23 13  8   0.00000000                            
PL51 -10602.576963   5417.531810   3131.988978              
VL51    810.426035  31754.652417 -51388.436659              
*  2025  5 23 13 10   0.00000000                            
PL51 -10573.674268   5790.076831   2510.823740              
VL51   4001.038273  30311.482038 -52112.478145              
*  2025  5 23 13 12   0.00000000                            
PL51 -10506.711741   6144.424884   1881.932311              
VL51   7151.733941  28722.709056 -52675.834684              
*  2025  5 23 13 14   0.00000000                            
PL51 -10402.239803   6478.861834   1247.252748              
VL51  10250.651362  26993.952713 -53076.948020              
*  2025  5 23 13 16   0.00000000                            
PL51 -10260.949612   6791.744650    608.738872              
VL51  13286.203360  25131.441202 -53314.749939              
*  2025  5 23 13 18   0.00000000                            
PL51 -10083.669510   7081.508578    -31.645629              
VL51  16247.120579  23141.987392 -53388.663666              
*  2025  5 23 13 20   0.00000000                            
PL51  -9871.360951   7346.673991   -671.933094              
VL51  19122.493254  21032.962269 -53298.603838              
*  2025  5 23 13 22   0.00000000                            
PL51  -9625.113950   7585.852921  -1310.157778              
VL51  21901.811299  18812.266210 -53044.975106              
*  2025  5 23 13 24   0.00000000                            
PL51  -9346.142052   7797.755228  -1944.361722              
VL51  24575.002565  16488.298208 -52628.669340              
*  2025  5 23 13 26   0.00000000                            
PL51  -9035.776857   7981.194390  -2572.600569              
VL51  27132.469153  14069.923180 -52051.061505              
*  2025  5 23 13 28   0.00000000                            
PL51  -8695.462123   8135.092887  -3192.949335              
VL51  29565.121634  11566.437502 -51314.004201              
*  2025  5 23 13 30   0.00000000                            
PL51  -8326.747469   8258.487164  -3803.508102              
VL51  31864.411094   8987.532913 -50419.820932              
*  2025  5 23 13 32   0.00000000                            
PL51  -7931.281706   8350.532154  -4402.407618              
VL51  34022.358886   6343.258930 -49371.298128              
*  2025  5 23 13 34   0.00000000                            
PL51  -7510.805833   8410.505335  -4987.814800              
VL51  36031.584010   3643.983939 -48171.675974              
*  2025  5 23 13 36   0.00000000                            
PL51  -7067.145704   8437.810319  -5557.938120              
VL51  37885.328053    900.355099 -46824.638091              
*  2025  5 23 13 38   0.00000000                            
PL51  -6602.204430   8431.979952  -6111.032857              
VL51  39577.477619  -1876.742785 -45334.300128              
*  2025  5 23 13 40   0.00000000                            
PL51  -6117.954509   8392.678914  -6645.406208              
VL51  41102.584220  -4676.229266 -43705.197303              
*  2025  5 23 13 42   0.00000000                            
PL51  -5616.429744   8319.705810  -7159.422245              
VL51  42455.881567  -7486.870993 -41942.270957              
*  2025  5 23 13 44   0.00000000                            
PL51  -5099.716966   8212.994748  -7651.506699              
VL51  43633.300261 -10297.325041 -40050.854164              
*  2025  5 23 13 46   0.00000000                            
PL51  -4569.947596   8072.616388  -8120.151573              
VL51  44631.479853 -13096.182686 -38036.656444              
*  2025  5 23 13 48   0.00000000                            
PL51  -4029.289077   7898.778471  -8563.919564              
VL51  45447.778275 -15872.013495 -35905.747614              
*  2025  5 23 13 50   0.00000000                            
PL51  -3479.936213   7691.825809  -8981.448281              
VL51  46080.278628 -18613.409586 -33664.540831              
*  2025  5 23 13 52   0.00000000                            
PL51  -2924.102437   7452.239754  -9371.454267              
VL51  46527.793331 -21309.029924 -31319.774856              
*  2025  5 23 13 54   0.00000000                            
PL51  -2364.011047   7180.637130  -9732.736787              
VL51  46789.865658 -23947.644529 -28878.495553              
*  2025  5 23 13 56   0.00000000                            
PL51  -1801.886442   6877.768631 -10064.181407              
VL51  46866.768648 -26518.178445 -26348.036698              
*  2025  5 23 13 58   0.00000000                            
PL51  -1239.945384   6544.516704 -10364.763325              
VL51  46759.501425 -29009.755354 -23736.000079              
*  2025  5 23 14  0   0.00000000                            
PL51   -680.388316   6181.892903 -10633.550466              
VL51  46469.782938 -31411.740686 -21050.234958              
*  2025  5 23 14  2   0.00000000                            
PL51   -125.390779   5791.034735 -10869.706327              
VL51  46000.043151 -33713.784107 -18298.816904              
*  2025  5 23 14  4   0.00000000                            
PL51    422.905054   5373.201995 -11072.492559              
VL51  45353.411726 -35905.861246 -15490.026029              
*  2025  5 23 14  6   0.00000000                            
PL51    962.398700   4929.772611 -11241.271290              
VL51  44533.704209 -37978.314536 -12632.324652              
*  2025  5 23 14  8   0.00000000                            
PL51   1491.039496   4462.238001 -11375.507179              
VL51  43545.405789 -39921.893036  -9734.334431              
*  2025  5 23 14 10   0.00000000                            
PL51   2006.834528   3972.197960 -11474.769179              
VL51  42393.652650 -41727.791106  -6804.812966              
*  2025  5 23 14 12   0.00000000                            
PL51   2507.856317   3461.355093 -11538.732035              
VL51  41084.210978 -43387.685805  -3852.629914              
*  2025  5 23 14 14   0.00000000                            
PL51   2992.250243   2931.508802 -11567.177475              
VL51  39623.453659 -44893.772876   -886.742641              
*  2025  5 23 14 16   0.00000000                            
PL51   3458.241676   2384.548854 -11559.995120              
VL51  38018.334747 -46238.801193   2083.828568              
*  2025  5 23 14 18   0.00000000                            
PL51   3904.142782   1822.448548 -11517.183087              
VL51  36276.361733 -47416.105519   5050.025703              
*  2025  5 23 14 20   0.00000000                            
PL51   4328.358992   1247.257494 -11438.848286              
VL51  34405.565710 -48419.637465   8002.778602              
*  2025  5 23 14 22   0.00000000                            
PL51   4729.395089    661.094036 -11325.206412              
VL51  32414.469485 -49243.994493  10933.030864              
*  2025  5 23 14 24   0.00000000                            
PL51   5105.860917     66.137336 -11176.581625              
VL51  30312.053721 -49884.446832  13831.766058              
*  2025  5 23 14 26   0.00000000                            
PL51   5456.476652   -535.380847 -10993.405911              
VL51  28107.721202 -50336.962180  16690.034198              
*  2025  5 23 14 28   0.00000000                            
PL51   5780.077654  -1141.184663 -10776.218120              
VL51  25811.259293 -50598.228048  19498.978432              
*  2025  5 23 14 30   0.00000000                            
PL51   6075.618840  -1748.962932 -10525.662695              
VL51  23432.800711 -50665.671596  22249.861880              
*  2025  5 23 14 32   0.00000000                            
PL51   6342.178591  -2356.378127 -10242.488065              
VL51  20982.782695 -50537.476850  24934.094582              
*  2025  5 23 14 34   0.00000000                            
PL51   6578.962149  -2961.075542  -9927.544723              
VL51  18471.904708 -50212.599135  27543.260472              
*  2025  5 23 14 36   0.00000000                            
PL51   6785.304506  -3560.692623  -9581.782976              
VL51  15911.084785 -49690.776610  30069.144296              
*  2025  5 23 14 38   0.00000000                            
PL51   6960.672759  -4152.868415  -9206.250377              
VL51  13311.414672 -48972.538771  32503.758399              
*  2025  5 23 14 40   0.00000000                            
PL51   7104.667919  -4735.253092  -8802.088829              
VL51  10684.113913 -48059.211806  34839.369278              
*  2025  5 23 14 42   0.00000000                            
PL51   7217.026162  -5305.517536  -8370.531385              
VL51   8040.483046 -46952.920694  37068.523789              
*  2025  5 23 14 44   0.00000000                            
PL51   7297.619524  -5861.362917  -7912.898720              
VL51   5391.856089 -45656.587959  39184.074912              
*  2025  5 23 14 46   0.00000000                            
PL51   7346.456005  -6400.530239  -7430.595315              
VL51   2749.552505 -44173.928997  41179.206955              
*  2025  5 23 14 48   0.00000000                            
PL51   7363.679114  -6920.809806  -6925.105324              
VL51    124.828848 -42509.443908  43047.460074              
*  2025  5 23 14 50   0.00000000                            
PL51   7349.566815  -7420.050580  -6397.988167              
VL51  -2471.169703 -40668.405790  44782.753996              
*  2025  5 23 14 52   0.00000000                            
PL51   7304.529907  -7896.169358  -5850.873837              
VL51  -5027.457703 -38656.845464  46379.410807              
*  2025  5 23 14 54   0.00000000                            
PL51   7229.109813  -8347.159765  -5285.457935              
VL51  -7533.257462 -36481.532607  47832.176686              
*  2025  5 23 14 56   0.00000000                            
PL51   7123.975808  -8771.100983  -4703.496463              
VL51  -9978.046488 -34149.953321  49136.242445              
*  2025  5 23 14 58   0.00000000                            
PL51   6989.921667  -9166.166197  -4106.800366              
VL51 -12351.604121 -31670.284147  50287.262747              
*  2025  5 23 15  0   0.00000000                            
PL51   6827.861778  -9530.630709  -3497.229864              
VL51 -14644.057094 -29051.362616  51281.373868              
*  2025  5 23 15  2   0.00000000                            
PL51   6638.826698  -9862.879674  -2876.688566              
VL51 -16845.923774 -26302.654385  52115.209876              
*  2025  5 23 15  4   0.00000000                            
PL51   6423.958204 -10161.415424  -2247.117415              
VL51 -18948.156838 -23434.217105  52785.917106              
*  2025  5 23 15  6   0.00000000                            
PL51   6184.503825 -10424.864342  -1610.488460              
VL51 -20942.184125 -20456.661141  53291.166821              
*  2025  5 23 15  8   0.00000000                            
PL51   5921.810914 -10651.983238   -968.798490              
VL51 -22819.947425 -17381.107314  53629.165949              
*  2025  5 23 15 10   0.00000000                            
PL51   5637.320253 -10841.665214   -324.062551              
VL51 -24573.938964 -14219.141864  53798.665816              
*  2025  5 23 15 12   0.00000000                            
PL51   5332.559243 -10992.944963    321.692625              
VL51 -26197.235375 -10982.768841  53798.968786              
*  2025  5 23 15 14   0.00000000                            
PL51   5009.134703 -11105.003481    966.435267              
VL51 -27683.528921  -7684.360170  53629.932751              
*  2025  5 23 15 16   0.00000000                            
PL51   4668.725307 -11177.172179   1608.135241              
VL51 -29027.155799  -4336.603634  53291.973420              
*  2025  5 23 15 18   0.00000000                            
PL51   4313.073704 -11208.936348   2244.770753              
VL51 -30223.121328   -952.449071  52786.064378              
*  2025  5 23 15 20   0.00000000                            
PL51   3943.978353 -11199.937971   2874.335029              
VL51 -31267.121879   2454.946952  52113.734889              
*  2025  5 23 15 22   0.00000000                            
PL51   3563.285115 -11149.977869   3494.842956              
VL51 -32155.563405   5872.277657  51277.065450              
*  2025  5 23 15 24   0.00000000                            
PL51   3172.878647 -11059.017161   4104.337667              
VL51 -32885.576450   9286.143476  50278.681115              
*  2025  5 23 15 26   0.00000000                            
PL51   2774.673632 -10927.178025   4700.897015              
VL51 -33455.027578  12683.110043  49121.742608              
*  2025  5 23 15 28   0.00000000                            
PL51   2370.605896 -10754.743771   5282.639944              
VL51 -33862.527117  16049.766440  47809.935297              
*  2025  5 23 15 30   0.00000000                            
PL51   1962.623460 -10542.158206   5847.732707              
VL51 -34107.433227  19372.783388  46347.456072              
*  2025  5 23 15 32   0.00000000                            
PL51   1552.677553 -10290.024312   6394.394911              
VL51 -34189.852243  22638.971044  44738.998209              
*  2025  5 23 15 34   0.00000000                            
PL51   1142.713655  -9999.102225   6920.905378              
VL51 -34110.635331  25835.336121  42989.734318              
*  2025  5 23 15 36   0.00000000                            
PL51    734.662596  -9670.306539   7425.607783              
VL51 -33871.371482  28949.137998  41105.297468              
*  2025  5 23 15 38   0.00000000                            
PL51    330.431764  -9304.702946   7906.916061              
VL51 -33474.376918  31967.943562  39091.760598              
*  2025  5 23 15 40   0.00000000                            
PL51    -68.103544  -8903.504222   8363.319548              
VL51 -32922.680979  34879.680474  36955.614344              
*  2025  5 23 15 42   0.00000000                            
PL51   -459.108576  -8468.065591   8793.387857              
VL51 -32220.008622  37672.688613  34703.743398              
*  2025  5 23 15 44   0.00000000                            
PL51   -840.797349  -7999.879473   9195.775460              
VL51 -31370.759633  40335.769449  32343.401534              
*  2025  5 23 15 46   0.00000000                            
PL51  -1211.440612  -7500.569666   9569.225956              
VL51 -30379.984716  42858.233118  29882.185448              
*  2025  5 23 15 48   0.00000000                            
PL51  -1569.373490  -6971.884973   9912.576026              
VL51 -29253.358616  45229.942993  27328.007532              
*  2025  5 23 15 50   0.00000000                            
PL51  -1913.002806  -6415.692301  10224.759056              
VL51 -27997.150448  47441.357565  24689.067742              
*  2025  5 23 15 52   0.00000000                            
PL51  -2240.814018  -5833.969291  10504.808410              
VL51 -26618.191419  49483.569472  21973.824678              
*  2025  5 23 15 54   0.00000000                            
PL51  -2551.377757  -5228.796487  10751.860361              
VL51 -25123.840143  51348.341532  19190.966032              
*  2025  5 23 15 56   0.00000000                            
PL51  -2843.355939  -4602.349089  10965.156659              
VL51 -23521.945758  53028.139661  16349.378516              
*  2025  5 23 15 58   0.00000000                            
PL51  -3115.507421  -3956.888338  11144.046735              
VL51 -21820.809044  54516.162568  13458.117406              
*  2025  5 23 16  0   0.00000000                            
PL51  -3366.693175  -3294.752562  11287.989543              
VL51 -20029.141758  55806.368137  10526.375820              
*  2025  5 23 16  2   0.00000000                            
PL51  -3595.880970  -2618.347920  11396.555025              
VL51 -18156.024416  56893.496440   7563.453837              
*  2025  5 23 16  4   0.00000000                            
PL51  -3802.149537  -1930.138899  11469.425215              
VL51 -16210.862720  57773.089303   4578.727593              
*  2025  5 23 16  6   0.00000000                            
PL51  -3984.692202  -1232.638591  11506.394957              
VL51 -14203.342864  58441.506399   1581.618440              
*  2025  5 23 16  8   0.00000000                            
PL51  -4142.819983   -528.398801  11507.372274              
VL51 -12143.385943  58895.937856  -1418.437714              
*  2025  5 23 16 10   0.00000000                            
PL51  -4275.964127    179.999979  11472.378354              
VL51 -10041.101669  59134.413352  -4412.020780              
*  2025  5 23 16 12   0.00000000                            
PL51  -4383.678098    889.958680  11401.547179              
VL51  -7906.741629  59155.807735  -7389.756485              
*  2025  5 23 16 14   0.00000000                            
PL51  -4465.638994   1598.869814  11295.124801              
VL51  -5750.652286  58959.843177 -10342.345914              
*  2025  5 23 16 16   0.00000000                            
PL51  -4521.648404   2304.127640  11153.468261              
VL51  -3583.227941  58547.087904 -13260.594504              
*  2025  5 23 16 18   0.00000000                            
PL51  -4551.632703   3003.138287  10977.044169              
VL51  -1414.863841  57918.951561 -16135.440414              
*  2025  5 23 16 20   0.00000000                            
PL51  -4555.642779   3693.329814  10766.426937              
VL51    744.090335  57077.677249 -18957.982218              
*  2025  5 23 16 22   0.00000000                            
PL51  -4533.853217   4372.162141  10522.296701              
VL51   2883.376462  56026.330321 -21719.505834              
*  2025  5 23 16 24   0.00000000                            
PL51  -4486.560918   5037.136836  10245.436908              
VL51   4992.873208  54768.784003 -24411.510634              
*  2025  5 23 16 26   0.00000000                            
PL51  -4414.183201   5685.806709   9936.731608              
VL51   7062.640351  53309.701927 -27025.734683              
*  2025  5 23 16 28   0.00000000                            
PL51  -4317.255360   6315.785172   9597.162437              
VL51   9082.962019  51654.517671 -29554.179034              
*  2025  5 23 16 30   0.00000000                            
PL51  -4196.427727   6924.755347   9227.805326              
VL51  11044.388656  49809.411408 -31989.131030              
*  2025  5 23 16 32   0.00000000                            
PL51  -4052.462223   7510.478866   8829.826927              
VL51  12937.777576  47781.283776 -34323.186563              
*  2025  5 23 16 34   0.00000000                            
PL51  -3886.228448   8070.804351   8404.480783              
VL51  14754.331929  45577.727095 -36549.271237              
*  2025  5 23 16 36   0.00000000                            
PL51  -3698.699300   8603.675526   7953.103253              
VL51  16485.637957  43206.994050 -38660.660377              
*  2025  5 23 16 38   0.00000000                            
PL51  -3490.946167   9107.138940   7477.109197              
VL51  18123.700376  40677.963993 -40650.997860              
*  2025  5 23 16 40   0.00000000                            
PL51  -3264.133699   9579.351278   6977.987449              
VL51  19660.975780  38000.106995 -42514.313708              
*  2025  5 23 16 42   0.00000000                            
PL51  -3019.514201  10018.586221   6457.296084              
VL51  21090.403919  35183.445818 -44245.040418              
*  2025  5 23 16 44   0.00000000                            
PL51  -2758.421655  10423.240838   5916.657497              
VL51  22405.436773  32238.515948 -45838.027996              
*  2025  5 23 16 46   0.00000000                            
PL51  -2482.265408  10791.841496   5357.753307              
VL51  23600.065293  29176.323861 -47288.557656              
*  2025  5 23 16 48   0.00000000                            
PL51  -2192.523563  11123.049246   4782.319111              
VL51  24668.843730  26008.303688 -48592.354172              
*  2025  5 23 16 50   0.00000000                            
PL51  -1890.736080  11415.664694   4192.139089              
VL51  25606.911465  22746.272443 -49745.596843              
*  2025  5 23 16 52   0.00000000                            
PL51  -1578.497637  11668.632316   3589.040496              
VL51  26410.012273  19402.384015 -50744.929054              
*  2025  5 23 16 54   0.00000000                            
PL51  -1257.450278  11881.044223   2974.888039              
VL51  27074.510945  15989.082083 -51587.466421              
*  2025  5 23 16 56   0.00000000                            
PL51   -929.275870  12052.143347   2351.578171              
VL51  27597.407229  12519.052162 -52270.803494              
*  2025  5 23 16 58   0.00000000                            
PL51   -595.688418  12181.326058   1721.033310              
VL51  27976.347047   9005.172973 -52793.019031              
*  2025  5 23 17  0   0.00000000                            
PL51   -258.426253  12268.144180   1085.196002              
VL51  28209.630961   5460.467317 -53152.679818              
*  2025  5 23 17  2   0.00000000                            
PL51     80.755856  12312.306431    446.023053              
VL51  28296.219882   1898.052675 -53348.843062              
*  2025  5 23 17  4   0.00000000                            
PL51    420.094651  12313.679259   -194.520367              
VL51  28235.738001  -1668.908295 -53381.057363              
*  2025  5 23 17  6   0.00000000                            
PL51    757.826345  12272.287087   -834.466617              
VL51  28028.472998  -5227.257171 -53249.362273              
*  2025  5 23 17  8   0.00000000                            
PL51   1092.194575  12188.311970  -1471.851471              
VL51  27675.373494  -8763.888883 -52954.286486              
*  2025  5 23 17 10   0.00000000                            
PL51   1421.458299  12062.092656  -2104.719962              
VL51  27178.043839 -12265.800374 -52496.844676              
*  2025  5 23 17 12   0.00000000                            
PL51   1743.899626  11894.123081  -2731.132198              
VL51  26538.736242 -15720.138633 -51878.533027              
*  2025  5 23 17 14   0.00000000                            
PL51   2057.831528  11685.050278  -3349.169098              
VL51  25760.340311 -19114.247933 -51101.323480              
*  2025  5 23 17 16   0.00000000                            
PL51   2361.605411  11435.671735  -3956.938069              
VL51  24846.370061 -22435.716115 -50167.656741              
*  2025  5 23 17 18   0.00000000                            
PL51   2653.618520  11146.932195  -4552.578574              
VL51  23800.948456 -25672.419788 -49080.434077              
*  2025  5 23 17 20   0.00000000                            
PL51   2932.321143  10819.919933  -5134.267612              
VL51  22628.789556 -28812.568272 -47843.007949              
*  2025  5 23 17 22   0.00000000                            
PL51   3196.223582  10455.862497  -5700.225065              
VL51  21335.178355 -31844.746168 -46459.171507              
*  2025  5 23 17 24   0.00000000                            
PL51   3443.902873  10056.121966  -6248.718920              
VL51  19925.948392 -34757.954416 -44933.147001              
*  2025  5 23 17 26   0.00000000                            
PL51   3674.009225   9622.189711  -6778.070341              
VL51  18407.457236 -37541.649701 -43269.573134              
*  2025  5 23 17 28   0.00000000                            
PL51   3885.272152   9155.680699  -7286.658591              
VL51  16786.559936 -40185.782112 -41473.491426              
*  2025  5 23 17 30   0.00000000                            
PL51   4076.506270   8658.327354  -7772.925773              
VL51  15070.580556 -42680.830924 -39550.331608              
*  2025  5 23 17 32   0.00000000                            
PL51   4246.616747   8131.973005  -8235.381399              
VL51  13267.281895 -45017.838426 -37505.896116              
*  2025  5 23 17 34   0.00000000                            
PL51   4394.604379   7578.564935  -8672.606767              
VL51  11384.833509 -47188.441690 -35346.343705              
*  2025  5 23 17 36   0.00000000                            
PL51   4519.570271   7000.147066  -9083.259129              
VL51   9431.778147 -49184.902191 -33078.172256              
*  2025  5 23 17 38   0.00000000                            
PL51   4620.720103   6398.852295  -9466.075661              
VL51   7416.996731 -51000.133232 -30708.200786              
*  2025  5 23 17 40   0.00000000                            
PL51   4697.367976   5776.894523  -9819.877197              
VL51   5349.671989 -52627.725078 -28243.550717              
*  2025  5 23 17 42   0.00000000                            
PL51   4748.939807   5136.560391 -10143.571747              
VL51   3239.250864 -54061.967756 -25691.626440              
*  2025  5 23 17 44   0.00000000                            
PL51   4774.976268   4480.200757 -10436.157773              
VL51   1095.405829 -55297.871448 -23060.095203              
*  2025  5 23 17 46   0.00000000                            
PL51   4775.135256   3810.221945 -10696.727214              
VL51  -1072.004773 -56331.184448 -20356.866365              
*  2025  5 23 17 48   0.00000000                            
PL51   4749.193883   3129.076793 -10924.468271              
VL51  -3252.977231 -57158.408608 -17590.070036              
*  2025  5 23 17 50   0.00000000                            
PL51   4697.049970   2439.255529 -11118.667919              
VL51  -5437.403698 -57776.812270 -14768.035146              
*  2025  5 23 17 52   0.00000000                            
PL51   4618.723048   1743.276510 -11278.714163              
VL51  -7615.114005 -58184.440610 -11899.266960              
*  2025  5 23 17 54   0.00000000                            
PL51   4514.354854   1043.676848 -11404.098012              
VL51  -9775.917937 -58380.123382  -8992.424064              
*  2025  5 23 17 56   0.00000000                            
PL51   4384.209315    343.002965 -11494.415184              
VL51 -11909.647841 -58363.480026  -6056.294856              
*  2025  5 23 17 58   0.00000000                            
PL51   4228.672018   -356.198903 -11549.367513              
VL51 -14006.201426 -58134.922108  -3099.773556              
*  2025  5 23 18  0   0.00000000                            
PL51   4048.249174  -1051.392210 -11568.764079              
VL51 -16055.584617 -57695.653060   -131.835760              
*  2025  5 23 18  2   0.00000000                            
PL51   3843.566059  -1740.059590 -11552.522032              
VL51 -18047.954324 -57047.665211   2838.486426              
*  2025  5 23 18  4   0.00000000                            
PL51   3615.364946  -2419.712292 -11500.667123              
VL51 -19973.660981 -56193.734063   5802.129660              
*  2025  5 23 18  6   0.00000000                            
PL51   3364.502533  -3087.899527 -11413.333919              
VL51 -21823.290714 -55137.409814   8750.025006              
*  2025  5 23 18  8   0.00000000                            
PL51   3091.946858  -3742.217703 -11290.765719              
VL51 -23587.706969 -53883.006097  11673.123905              
*  2025  5 23 18 10   0.00000000                            
PL51   2798.773733  -4380.319504 -11133.314152              
VL51 -25258.091457 -52435.585928  14562.424452              
*  2025  5 23 18 12   0.00000000                            
PL51   2486.162677  -4999.922781 -10941.438457              
VL51 -26825.984255 -50800.944853  17408.997927              
*  2025  5 23 18 14   0.00000000                            
PL51   2155.392380  -5598.819232 -10715.704446              
VL51 -28283.322881 -48985.591292  20204.015516              
*  2025  5 23 18 16   0.00000000                            
PL51   1807.835710  -6174.882823 -10456.783142              
VL51 -29622.480193 -46996.724091  22938.775192              
*  2025  5 23 18 18   0.00000000                            
PL51   1444.954263  -6726.077921 -10165.449095              
VL51 -30836.300910 -44842.207294  25604.728662              
*  2025  5 23 18 20   0.00000000                            
PL51   1068.292495  -7250.467118  -9842.578381              
VL51 -31918.136610 -42530.542162  28193.508330              
*  2025  5 23 18 22   0.00000000                            
PL51    679.471429  -7746.218689  -9489.146266              
VL51 -32861.878995 -40070.836483  30696.954186              
*  2025  5 23 18 24   0.00000000                            
PL51    280.181995  -8211.613678  -9106.224558              
VL51 -33661.991257 -37472.771218  33107.140536              
*  2025  5 23 18 26   0.00000000                            
PL51   -127.822017  -8645.052561  -8694.978634              
VL51 -34313.537364 -34746.564544  35416.402477              
*  2025  5 23 18 28   0.00000000                            
PL51   -542.731321  -9045.061463  -8256.664155              
VL51 -34812.209080 -31902.933388  37617.362013              
*  2025  5 23 18 30   0.00000000                            
PL51   -962.688827  -9410.297904  -7792.623467              
VL51 -35154.350543 -28953.052533  39702.953706              
*  2025  5 23 18 32   0.00000000                            
PL51  -1385.797598  -9739.556030  -7304.281701              
VL51 -35336.980230 -25908.511427  41666.449733              
*  2025  5 23 18 34   0.00000000                            
PL51  -1810.129061 -10031.771325  -6793.142575              
VL51 -35357.810150 -22781.268821  43501.484233              
*  2025  5 23 18 36   0.00000000                            
PL51  -2233.731435 -10286.024758  -6260.783906              
VL51 -35215.262096 -19583.605393  45202.076825              
*  2025  5 23 18 38   0.00000000                            
PL51  -2654.638323 -10501.546352  -5708.852850              
VL51 -34908.480828 -16328.074535  46762.655147              
*  2025  5 23 18 40   0.00000000                            
PL51  -3070.877456 -10677.718153  -5139.060876              
VL51 -34437.344036 -13027.451484  48178.076309              
*  2025  5 23 18 42   0.00000000                            
PL51  -3480.479529 -10814.076580  -4553.178488              
VL51 -33802.468984  -9694.681020  49443.647104              
*  2025  5 23 18 44   0.00000000                            
PL51  -3881.487100 -10910.314141  -3953.029715              
VL51 -33005.215720  -6342.823952  50555.142872              
*  2025  5 23 18 46   0.00000000                            
PL51  -4271.963505 -10966.280495  -3340.486385              
VL51 -32047.686779  -2985.002636  51508.824860              
*  2025  5 23 18 48   0.00000000                            
PL51  -4650.001747 -10981.982867  -2717.462195              
VL51 -30932.723313    365.654214  52301.455977              
*  2025  5 23 18 50   0.00000000                            
PL51  -5013.733319 -10957.585783  -2085.906605              
VL51 -29663.897608   3696.067135  52930.314813              
*  2025  5 23 18 52   0.00000000                            
PL51  -5361.336914 -10893.410150  -1447.798578              
VL51 -28245.501983   6993.261681  53393.207817              
*  2025  5 23 18 54   0.00000000                            
PL51  -5691.046984 -10789.931661   -805.140179              
VL51 -26682.534066  10244.424022  53688.479530              
*  2025  5 23 18 56   0.00000000                            
PL51  -6001.162091 -10647.778532   -159.950069              
VL51 -24980.678496  13436.956093  53815.020791              
*  2025  5 23 18 58   0.00000000                            
PL51  -6290.053029 -10467.728591    485.743093              
VL51 -23146.285106  16558.529980  53772.274834              
*  2025  5 23 19  0   0.00000000                            
PL51  -6556.170657 -10250.705714   1129.907299              
VL51 -21186.343681  19597.141225  53560.241227              
*  2025  5 23 19  2   0.00000000                            
PL51  -6798.053410  -9997.775628   1770.513885              
VL51 -19108.455393  22541.160774  53179.477588              
*  2025  5 23 19  4   0.00000000                            
PL51  -7014.334447  -9710.141102   2405.544225              
VL51 -16920.801068  25379.385234  52631.099073              
*  2025  5 23 19  6   0.00000000                            
PL51  -7203.748403  -9389.136552   3032.996407              
VL51 -14632.106431  28101.085184  51916.775605              
*  2025  5 23 19  8   0.00000000                            
PL51  -7365.137706  -9036.222072   3650.891863              
VL51 -12251.604518  30696.051238  51038.726862              
*  2025  5 23 19 10   0.00000000                            
PL51  -7497.458423  -8652.976926   4257.281926              
VL51  -9788.995462  33154.637616  49999.715028              
*  2025  5 23 19 12   0.00000000                            
PL51  -7599.785613  -8241.092543   4850.254281              
VL51  -7254.403863  35467.802975  48803.035369              
*  2025  5 23 19 14   0.00000000                            
PL51  -7671.318154  -7802.365030   5427.939301              
VL51  -4658.333988  37627.148266  47452.504663              
*  2025  5 23 19 16   0.00000000                            
PL51  -7711.383022  -7338.687253   5988.516220              
VL51  -2011.623045  39624.951442  45952.447561              
*  2025  5 23 19 18   0.00000000                            
PL51  -7719.438994  -6852.040523   6530.219140              
VL51    674.607209  41454.198801  44307.680955              
*  2025  5 23 19 20   0.00000000                            
PL51  -7695.079768  -6344.485923   7051.342830              
VL51   3389.000250  43108.612844  42523.496456              
*  2025  5 23 19 22   0.00000000                            
PL51  -7638.036476  -5818.155327   7550.248313              
VL51   6120.015696  44582.676500  40605.641067              
*  2025  5 23 19 24   0.00000000                            
PL51  -7548.179577  -5275.242146   8025.368202              
VL51   8855.981053  45871.653620  38560.296189              
*  2025  5 23 19 26   0.00000000                            
PL51  -7425.520132  -4717.991856   8475.211784              
VL51  11585.144021  46971.605671  36394.055059              
*  2025  5 23 19 28   0.00000000                            
PL51  -7270.210446  -4148.692340   8898.369815              
VL51  14295.725097  47879.404578  34113.898772              
*  2025  5 23 19 30   0.00000000                            
PL51  -7082.544079  -3569.664111   9293.519025              
VL51  16975.970188  48592.741689  31727.170999              
*  2025  5 23 19 32   0.00000000                            
PL51  -6862.955223  -2983.250441   9659.426312              
VL51  19614.202977  49110.132879  29241.551545              
*  2025  5 23 19 34   0.00000000                            
PL51  -6612.017462  -2391.807457   9994.952612              
VL51  22198.876786  49430.919793  26665.028884              
*  2025  5 23 19 36   0.00000000                            
PL51  -6330.441906  -1797.694241  10299.056435              
VL51  24718.625672  49555.267301  24005.871800              
*  2025  5 23 19 38   0.00000000                            
PL51  -6019.074719  -1203.262989  10570.797050              
VL51  27162.314542  49484.157208  21272.600288              
*  2025  5 23 19 40   0.00000000                            
PL51  -5678.894057   -610.849259  10809.337326              
VL51  29519.088021  49219.378330  18473.955829              
*  2025  5 23 19 42   0.00000000                            
PL51  -5311.006426    -22.762367  11013.946210              
VL51  31778.417896  48763.513025  15618.871193              
*  2025  5 23 19 44   0.00000000                            
PL51  -4916.642474    558.724034  11184.000833              
VL51  33930.148911  48119.920310  12716.439885              
*  2025  5 23 19 46   0.00000000                            
PL51  -4497.152257   1131.381165  11318.988263              
VL51  35964.542736  47292.715708   9775.885368              
*  2025  5 23 19 48   0.00000000                            
PL51  -4053.999977   1693.034055  11418.506873              
VL51  37872.319933  46286.747957   6806.530158              
*  2025  5 23 19 50   0.00000000                            
PL51  -3588.758236   2241.570186  11482.267345              
VL51  39644.699765  45107.572751   3817.764922              
*  2025  5 23 19 52   0.00000000                            
PL51  -3103.101822   2774.947810  11510.093305              
VL51  41273.437690  43761.423671    819.017678              
*  2025  5 23 19 54   0.00000000                            
PL51  -2598.801068   3291.203887  11501.921587              
VL51  42750.860410  42255.180478  -2180.276808              
*  2025  5 23 19 56   0.00000000                            
PL51  -2077.714793   3788.461646  11457.802128              
VL51  44069.898351  40596.334953  -5170.707319              
*  2025  5 23 19 58   0.00000000                            
PL51  -1541.782876   4264.937705  11377.897513              
VL51  45224.115464  38792.954467  -8142.916085              
*  2025  5 23 20  0   0.00000000                            
PL51   -993.018495   4718.948755  11262.482148              
VL51  46207.736256  36853.643475 -11087.628200              
*  2025  5 23 20  2   0.00000000                            
PL51   -433.500045   5148.917761  11111.941098              
VL51  47015.669965  34787.503131 -13995.680470              
*  2025  5 23 20  4   0.00000000                            
PL51    134.637203   5553.379673  10926.768575              
VL51  47643.531818  32604.089226 -16858.049613              
*  2025  5 23 20  6   0.00000000                            
PL51    709.209693   5930.986619  10707.566093              
VL51  48087.661313  30313.368639 -19665.879753              
*  2025  5 23 20  8   0.00000000                            
PL51   1287.994363   6280.512575  10455.040298              
VL51  48345.137475  27925.674514 -22410.509128              
*  2025  5 23 20 10   0.00000000                            
PL51   1868.737603   6600.857482  10170.000482              
VL51  48413.791063  25451.660347 -25083.495963              
*  2025  5 23 20 12   0.00000000                            
PL51   2449.164325   6891.050813   9853.355793              
VL51  48292.213693  22902.253193 -27676.643447              
*  2025  5 23 20 14   0.00000000                            
PL51   3026.987140   7150.254568   9506.112151              
VL51  47979.763870  20288.606186 -30182.023755              
*  2025  5 23 20 16   0.00000000                            
PL51   3599.915580   7377.765703   9129.368881              
VL51  47476.569917  17622.050565 -32592.001070              
*  2025  5 23 20 18   0.00000000                            
PL51   4165.665333   7573.017974   8724.315075              
VL51  46783.529823  14914.047396 -34899.253552              
*  2025  5 23 20 20   0.00000000                            
PL51   4721.967468   7735.583210   8292.225696              
VL51  45902.307998  12176.139203 -37096.794203              
*  2025  5 23 20 22   0.00000000                            
PL51   5266.577597   7865.171994   7834.457446              
VL51  44835.329000   9419.901674 -39177.990579              
*  2025  5 23 20 24   0.00000000                            
PL51   5797.284939   7961.633779   7352.444393              
VL51  43585.768244   6656.895640 -41136.583324              
*  2025  5 23 20 26   0.00000000                            
PL51   6311.921268   8024.956419   6847.693395              
VL51  42157.539746   3898.619527 -42966.703450              
*  2025  5 23 20 28   0.00000000                            
PL51   6808.369678   8055.265140   6321.779312              
VL51  40555.280986   1156.462439 -44662.888355              
*  2025  5 23 20 30   0.00000000                            
PL51   7284.573171   8052.820951   5776.340045              
VL51  38784.334923  -1558.341925 -46220.096525              
*  2025  5 23 20 32   0.00000000                            
PL51   7738.542990   8018.018507   5213.071395              
VL51  36850.729290  -4234.760354 -47633.720894              
*  2025  5 23 20 34   0.00000000                            
PL51   8168.366707   7951.383437   4633.721787              
VL51  34761.153231  -6862.004024 -48899.600824              
*  2025  5 23 20 36   0.00000000                            
PL51   8572.216003   7853.569158   4040.086835              
VL51  32522.931405  -9429.571068 -50014.032708              
*  2025  5 23 20 38   0.00000000                            
PL51   8948.354127   7725.353181   3434.003811              
VL51  30143.995663 -11927.287635 -50973.779148              
*  2025  5 23 20 40   0.00000000                            
PL51   9295.143003   7567.632936   2817.345999              
VL51  27632.854433 -14345.347309 -51776.076727              
*  2025  5 23 20 42   0.00000000                            
PL51   9611.049952   7381.421137   2192.016966              
VL51  24998.559922 -16674.348732 -52418.642341              
*  2025  5 23 20 44   0.00000000                            
PL51   9894.654009   7167.840705   1559.944772              
VL51  22250.673304 -18905.331301 -52899.678105              
*  2025  5 23 20 46   0.00000000                            
PL51  10144.651817   6928.119274    923.076118              
VL51  19399.228013 -21029.808825 -53217.874820              
*  2025  5 23 20 48   0.00000000                            
PL51  10359.863062   6663.583307    283.370475              
VL51  16454.691326 -23039.800998 -53372.414026              
*  2025  5 23 20 50   0.00000000                            
PL51  10539.235440   6375.651849   -357.205812              
VL51  13427.924362 -24927.862628 -53362.968639              
*  2025  5 23 20 52   0.00000000                            
PL51  10681.849137   6065.829940   -996.685419              
VL51  10330.140683 -26687.110494 -53189.702195              
*  2025  5 23 20 54   0.00000000                            
PL51  10786.920806   5735.701724  -1633.105920              
VL51   7172.863660 -28311.247765 -52853.266730              
*  2025  5 23 20 56   0.00000000                            
PL51  10853.807018   5386.923278  -2264.515626              
VL51   3967.882755 -29794.585913 -52354.799317              
*  2025  5 23 20 58   0.00000000                            
PL51  10882.007195   5021.215192  -2888.979379              
VL51    727.208907 -31132.064056 -51695.917289              
*  2025  5 23 21  0   0.00000000                            
PL51  10871.165990   4640.354939  -3504.584284              
VL51  -2536.970830 -32319.265698 -50878.712182              
*  2025  5 23 21  2   0.00000000                            
PL51  10821.075128   4246.169048  -4109.445350              
VL51  -5812.339225 -33352.432809 -49905.742440              
*  2025  5 23 21  4   0.00000000                            
PL51  10731.674691   3840.525138  -4701.711049              
VL51  -9086.495204 -34228.477233 -48780.024895              
*  2025  5 23 21  6   0.00000000                            
PL51  10603.053846   3425.323821  -5279.568758              
VL51 -12347.000440 -34944.989403 -47505.025095              
*  2025  5 23 21  8   0.00000000                            
PL51  10435.451006   3002.490520  -5841.250078              
VL51 -15581.426013 -35500.244353 -46084.646489              
*  2025  5 23 21 10   0.00000000                            
PL51  10229.253444   2573.967233  -6385.036020              
VL51 -18777.398983 -35893.205032 -44523.218533              
*  2025  5 23 21 12   0.00000000                            
PL51   9984.996341   2141.704270  -6909.262041              
VL51 -21922.648728 -36123.522942 -42825.483767              
*  2025  5 23 21 14   0.00000000                            
PL51   9703.361282   1707.652000  -7412.322918              
VL51 -25005.052879 -36191.536102 -40996.583893              
*  2025  5 23 21 16   0.00000000                            
PL51   9385.174200   1273.752641  -7892.677448              
VL51 -28012.682717 -36098.264402 -39042.044924              
*  2025  5 23 21 18   0.00000000                            
PL51   9031.402792    841.932113  -8348.852971              
VL51 -30933.847899 -35845.402371 -36967.761429              
*  2025  5 23 21 20   0.00000000                            
PL51   8643.153384    414.092004  -8779.449686              
VL51 -33757.140352 -35435.309403 -34779.979943              
*  2025  5 23 21 22   0.00000000                            
PL51   8221.667294     -7.898342  -9183.144780              
VL51 -36471.477231 -34870.997502 -32485.281563              
*  2025  5 23 21 24   0.00000000                            
PL51   7768.316669   -422.209568  -9558.696327              
VL51 -39066.142822 -34156.116622 -30090.563780              
*  2025  5 23 21 26   0.00000000                            
PL51   7284.599842   -827.059858  -9904.946977              
VL51 -41530.829245 -33294.937631 -27603.021584              
*  2025  5 23 21 28   0.00000000                            
PL51   6772.136191  -1220.722281 -10220.827406              
VL51 -43855.675858 -32292.332994 -25030.127869              
*  2025  5 23 21 30   0.00000000                            
PL51   6232.660551  -1601.531873 -10505.359532              
VL51 -46031.307256 -31153.755244 -22379.613180              
*  2025  5 23 21 32   0.00000000                            
PL51   5668.017167  -1967.892469 -10757.659480              
VL51 -48048.869729 -29885.213305 -19659.444831              
*  2025  5 23 21 34   0.00000000                            
PL51   5080.153221  -2318.283216 -10976.940299              
VL51 -49900.066103 -28493.246754 -16877.805419              
*  2025  5 23 21 36   0.00000000                            
PL51   4471.111958  -2651.264789 -11162.514409              
VL51 -51577.188846 -26984.898118 -14043.070768              
*  2025  5 23 21 38   0.00000000                            
PL51   3843.025417  -2965.485237 -11313.795785              
VL51 -53073.151325 -25367.683260 -11163.787318              
*  2025  5 23 21 40   0.00000000                            
PL51   3198.106803  -3259.685488 -11430.301871              
VL51 -54381.517143 -23649.559984  -8248.648990              
*  2025  5 23 21 42   0.00000000                            
PL51   2538.642522  -3532.704449 -11511.655202              
VL51 -55496.527422 -21838.894912  -5306.473543              
*  2025  5 23 21 44   0.00000000                            
PL51   1866.983890  -3783.483706 -11557.584751              
VL51 -56413.125946 -19944.428760  -2346.178456              
*  2025  5 23 21 46   0.00000000                            
PL51   1185.538569  -4011.071798 -11567.926974              
VL51 -57126.982057 -17975.240090    623.243649              
*  2025  5 23 21 48   0.00000000                            
PL51    496.761731  -4214.628048 -11542.626566              
VL51 -57634.511201 -15940.707658   3592.750005              
*  2025  5 23 21 50   0.00000000                            
PL51   -196.853006  -4393.425927 -11481.736911              
VL51 -57932.893030 -13850.471464   6553.273093              
*  2025  5 23 21 52   0.00000000                            
PL51   -892.782843  -4546.855958 -11385.420219              
VL51 -58020.086955 -11714.392613   9495.746386              
*  2025  5 23 21 54   0.00000000                            
PL51  -1588.485241  -4674.428115 -11253.947366              
VL51 -57894.845055  -9542.512126  12411.130415              
*  2025  5 23 21 56   0.00000000                            
PL51  -2281.407491  -4775.773736 -11087.697405              
VL51 -57556.722260  -7345.008809  15290.439116              
*  2025  5 23 21 58   0.00000000                            
PL51  -2968.996402  -4850.646914 -10887.156771              
VL51 -57006.083700  -5132.156328  18124.766406              
*  2025  5 23 22  0   0.00000000                            
PL51  -3648.708046  -4898.925381 -10652.918156              
VL51 -56244.109148  -2914.279623  20905.312942              
*  2025  5 23 22  2   0.00000000                            
PL51  -4318.017551  -4920.610853 -10385.679072              
VL51 -55272.794451   -701.710814  23623.413016              
*  2025  5 23 22  4   0.00000000                            
PL51  -4974.428884  -4915.828854 -10086.240080              
VL51 -54094.949887   1495.255260  26270.561503              
*  2025  5 23 22  6   0.00000000                            
PL51  -5615.484599  -4884.827998  -9755.502706              
VL51 -52714.195359   3666.405683  28838.440806              
*  2025  5 23 22  8   0.00000000                            
PL51  -6238.775511  -4827.978740  -9394.467027              
VL51 -51134.952360   5801.654129  31318.947710              
*  2025  5 23 22 10   0.00000000                            
PL51  -6841.950244  -4745.771589  -9004.228940              
VL51 -49362.432662   7891.085376  33704.220048              
*  2025  5 23 22 12   0.00000000                            
PL51  -7422.724635  -4638.814788  -8585.977107              
VL51 -47402.623674   9924.999459  35986.663097              
*  2025  5 23 22 14   0.00000000                            
PL51  -7978.890935  -4507.831469  -8140.989595              
VL51 -45262.270453  11893.955285  38158.975579              
*  2025  5 23 22 16   0.00000000                            
PL51  -8508.326778  -4353.656292  -7670.630196              
VL51 -42948.854349  13788.813493  40214.175169              
*  2025  5 23 22 18   0.00000000                            
PL51  -9009.003867  -4177.231565  -7176.344450              
VL51 -40470.568291  15600.778364  42145.623390              
*  2025  5 23 22 20   0.00000000                            
PL51  -9478.996354  -3979.602882  -6659.655379              
VL51 -37836.288746  17321.438555  43947.049763              
*  2025  5 23 22 22   0.00000000                            
PL51  -9916.488854  -3761.914266  -6122.158920              
VL51 -35055.544382  18942.806452  45612.575097              
*  2025  5 23 22 24   0.00000000                            
PL51 -10319.784066  -3525.402863  -5565.519106              
VL51 -32138.481527  20457.355917  47136.733779              
*  2025  5 23 22 26   0.00000000                            
PL51 -10687.309968  -3271.393181  -4991.462965              
VL51 -29095.826493  21858.058218  48514.494933              
*  2025  5 23 22 28   0.00000000                            
PL51 -11017.626529  -3001.290917  -4401.775190              
VL51 -25938.844892  23138.415934  49741.282319              
*  2025  5 23 22 30   0.00000000                            
PL51 -11309.431924  -2716.576392  -3798.292566              
VL51 -22679.298084  24292.494608  50812.992842              
*  2025  5 23 22 32   0.00000000                            
PL51 -11561.568211  -2418.797613  -3182.898193              
VL51 -19329.396923  25314.951969  51726.013527              
*  2025  5 23 22 34   0.00000000                            
PL51 -11773.026431  -2109.563008  -2557.515505              
VL51 -15901.752986  26201.064506  52477.236864              
*  2025  5 23 22 36   0.00000000                            
PL51 -11942.951116  -1790.533856  -1924.102126              
VL51 -12409.327497  26946.751233  53064.074375              
*  2025  5 23 22 38   0.00000000                            
PL51 -12070.644163  -1463.416444  -1284.643570              
VL51  -8865.378199  27548.594462  53484.468318              
*  2025  5 23 22 40   0.00000000                            
PL51 -12155.568069  -1129.954004   -641.146807              
VL51  -5283.404415  28003.857443  53736.901414              
*  2025  5 23 22 42   0.00000000                            
PL51 -12197.348491   -791.918448      4.366267              
VL51  -1677.090588  28310.498725  53820.404528              
*  2025  5 23 22 44   0.00000000                            
PL51 -12195.776121   -451.101959    649.865443              
VL51   1939.751402  28467.183147  53734.562214              
*  2025  5 23 22 46   0.00000000                            
PL51 -12150.807867   -109.308463   1293.318867              
VL51   5553.240847  28473.289338  53479.516093              
*  2025  5 23 22 48   0.00000000                            
PL51 -12062.567319    231.654959   1932.699736              
VL51   9149.487423  28328.913701  53055.966002              
*  2025  5 23 22 50   0.00000000                            
PL51 -11931.344517    569.986697   2565.992987              
VL51  12714.650670  28034.870790  52465.168904              
*  2025  5 23 22 52   0.00000000                            
PL51 -11757.594984    903.899209   3191.201969              
VL51  16234.999434  27592.690106  51708.935546              
*  2025  5 23 22 54   0.00000000                            
PL51 -11541.938071   1231.627562   3806.355056              
VL51  19696.970916  27004.609285  50789.624860              
*  2025  5 23 22 56   0.00000000                            
PL51 -11285.154575   1551.437876   4409.512181              
VL51  23087.229007  26273.563723  49710.136157              
*  2025  5 23 22 58   0.00000000                            
PL51 -10988.183683   1861.635615   4998.771260              
VL51  26392.721587  25403.172697  48473.899130              
*  2025  5 23 23  0   0.00000000                            
PL51 -10652.119222   2160.573690   5572.274490              
VL51  29600.736469  24397.722049  47084.861736              
*  2025  5 23 23  2   0.00000000                            
PL51 -10278.205252   2446.660343   6128.214482              
VL51  32698.955679  23262.143558  45547.476027              
*  2025  5 23 23  4   0.00000000                            
PL51  -9867.831022   2718.366754   6664.840218              
VL51  35675.507790  22001.991101  43866.682023              
*  2025  5 23 23  6   0.00000000                            
PL51  -9422.525308   2974.234348   7180.462797              
VL51  38519.018048  20623.413765  42047.889705              
*  2025  5 23 23  8   0.00000000                            
PL51  -8943.950160   3212.881764   7673.460961              
VL51  41218.656021  19133.126074  40096.959263              
*  2025  5 23 23 10   0.00000000                            
PL51  -8433.894104   3433.011448   8142.286369              
VL51  43764.180563  17538.375493  38020.179689              
*  2025  5 23 23 12   0.00000000                            
PL51  -7894.264812   3633.415837   8585.468606              
VL51  46145.981864  15846.907419  35824.245844              
*  2025  5 23 23 14   0.00000000                            
PL51  -7327.081287   3812.983116   9001.619910              
VL51  48355.120426  14066.927855  33516.234130              
*  2025  5 23 23 16   0.00000000                            
PL51  -6734.465608   3970.702509   9389.439599              
VL51  50383.362765  12207.063982  31103.576884              
*  2025  5 23 23 18   0.00000000                            
PL51  -6118.634253   4105.669089   9747.718180              
VL51  52223.213720  10276.322850  28594.035642              
*  2025  5 23 23 20   0.00000000                            
PL51  -5481.889066   4217.088077  10075.341136              
VL51  53867.945244   8284.048434  25995.673398              
*  2025  5 23 23 22   0.00000000                            
PL51  -4826.607900   4304.278622  10371.292370              
VL51  55311.621558   6239.877265  23316.826010              
*  2025  5 23 23 24   0.00000000                            
PL51  -4155.234973   4366.677042  10634.657310              
VL51  56549.120628   4153.692911  20566.072888              
*  2025  5 23 23 26   0.00000000                            
PL51  -3470.270993   4403.839506  10864.625647              
VL51  57576.151893   2035.579514  17752.207108              
*  2025  5 23 23 28   0.00000000                            
PL51  -2774.263098   4415.444162  11060.493718              
VL51  58389.270232   -104.225345  14884.205096              
*  2025  5 23 23 30   0.00000000                            
PL51  -2069.794637   4401.292689  11221.666527              
VL51  58985.886176  -2255.378239  11971.195995              
*  2025  5 23 23 32   0.00000000                            
PL51  -1359.474869   4361.311287  11347.659388              
VL51  59364.272382  -4407.477711   9022.430865              
*  2025  5 23 23 34   0.00000000                            
PL51   -645.928589   4295.551080  11438.099207              
VL51  59523.566402  -6550.112076   6047.251798              
*  2025  5 23 23 36   0.00000000                            
PL51     68.214243   4204.187957  11492.725384              
VL51  59463.769820  -8672.907009   3055.061087              
*  2025  5 23 23 38   0.00000000                            
PL51    780.328850   4087.521838  11511.390357              
VL51  59185.743789 -10765.572706     55.290522              
*  2025  5 23 23 40   0.00000000                            
PL51   1487.805910   3945.975379  11494.059768              
VL51  58691.201078 -12817.950399  -2942.629074              
*  2025  5 23 23 42   0.00000000                            
PL51   2188.061706   3780.092129  11440.812274              
VL51  57982.694689 -14820.058052  -5929.297992              
*  2025  5 23 23 44   0.00000000                            
PL51   2878.548129   3590.534135  11351.838990              
VL51  57063.603149 -16762.135030  -8895.377367              
*  2025  5 23 23 46   0.00000000                            
PL51   3556.762476   3378.079027  11227.442590              
VL51  55938.112583 -18634.685572 -11831.618423              
*  2025  5 23 23 48   0.00000000                            
PL51   4220.257019   3143.616581  11068.036045              
VL51  54611.195686 -20428.520884 -14728.891149              
*  2025  5 23 23 50   0.00000000                            
PL51   4866.648305   2888.144795  10874.141036              
VL51  53088.587704 -22134.799704 -17578.212325              
*  2025  5 23 23 52   0.00000000                            
PL51   5493.626144   2612.765482  10646.386023              
VL51  51376.759571 -23745.067158 -20370.772836              
*  2025  5 23 23 54   0.00000000                            
PL51   6098.962267   2318.679408  10385.503999              
VL51  49482.888332 -25251.291780 -23097.964207              
*  2025  5 23 23 56   0.00000000                            
PL51   6680.518605   2007.181001  10092.329925              
VL51  47414.825006 -26645.900552 -25751.404283              
*  2025  5 23 23 58   0.00000000                            
PL51   7236.255175   1679.652648   9767.797867              
VL51  45181.060026 -27921.811823 -28322.962011              
*  2025  5 24  0  0   0.00000000                            
PL51   7764.237528   1337.558632   9412.937835              
VL51  42790.686504 -29072.465903 -30804.781252              
*  2025  5 24  0  2   0.00000000                            
PL51   8262.643765    982.438624   9028.872352              
VL51  40253.361064 -30091.853814 -33189.303575              
*  2025  5 24  0  4   0.00000000                            
PL51   8729.771036    615.901015   8616.812743              
VL51  37579.263374 -30974.542645 -35469.289979              
*  2025  5 24  0  6   0.00000000                            
PL51   9164.041574    239.615807   8178.055184              
VL51  34779.053392 -31715.699223 -37637.841489              
*  2025  5 24  0  8   0.00000000                            
PL51   9564.008196   -144.692706   7713.976500              
VL51  31863.827232 -32311.110868 -39688.418585              
*  2025  5 24  0 10   0.00000000                            
PL51   9928.359261   -535.253494   7226.029741              
VL51  28845.071659 -32757.203445 -41614.859414              
*  2025  5 24  0 12   0.00000000                            
PL51  10255.923078   -930.256546   6715.739547              
VL51  25734.617367 -33051.056715 -43411.396753              
*  2025  5 24  0 14   0.00000000                            
PL51  10545.671754  -1327.860796   6184.697321              
VL51  22544.591253 -33190.416899 -45072.673678              
*  2025  5 24  0 16   0.00000000                            
PL51  10796.724450  -1726.202181   5634.556213              
VL51  19287.367875 -33173.706416 -46593.757920              
*  2025  5 24  0 18   0.00000000                            
PL51  11008.350064  -2123.401801   5067.025945              
VL51  15975.520287 -33000.030791 -47970.154864              
*  2025  5 24  0 20   0.00000000                            
PL51  11179.969312  -2517.574141   4483.867492              
VL51  12621.770450 -32669.182696 -49197.819178              
*  2025  5 24  0 22   0.00000000                            
PL51  11311.156221  -2906.835330   3886.887625              
VL51   9238.939403 -32181.643141 -50273.165050              
*  2025  5 24  0 24   0.00000000                            
PL51  11401.639012  -3289.311392   3277.933342              
VL51   5839.897402 -31538.579827 -51193.075013              
*  2025  5 24  0 26   0.00000000                            
PL51  11451.300399  -3663.146461   2658.886203              
VL51   2437.514202 -30741.842663 -51954.907347              
*  2025  5 24  0 28   0.00000000                            
PL51  11460.177280  -4026.510931   2031.656584              
VL51   -955.390311 -29793.956509 -52556.502058              
*  2025  5 24  0 30   0.00000000                            
PL51  11428.459850  -4377.609494   1398.177868              
VL51  -4326.094963 -28698.111167 -52996.185413              
*  2025  5 24  0 32   0.00000000                            
PL51  11356.490123  -4714.689046    760.400586              
VL51  -7662.025422 -27458.148691 -53272.773053              
*  2025  5 24  0 34   0.00000000                            
PL51  11244.759890  -5036.046427    120.286539              
VL51 -10950.801419 -26078.548075 -53385.571690              
*  2025  5 24  0 36   0.00000000                            
PL51  11093.908106  -5340.035958   -520.197102              
VL51 -14180.282932 -24564.407408 -53334.379375              
*  2025  5 24  0 38   0.00000000                            
PL51  10904.717741  -5625.076753  -1159.083687              
VL51 -17338.615111 -22921.423565 -53119.484396              
*  2025  5 24  0 40   0.00000000                            
PL51  10678.112096  -5889.659768  -1794.412954              
VL51 -20414.271821 -21155.869552 -52741.662798              
*  2025  5 24  0 42   0.00000000                            
PL51  10415.150598  -6132.354567  -2424.236862              
VL51 -23396.097649 -19274.569589 -52202.174572              
*  2025  5 24  0 44   0.00000000                            
PL51  10117.024115  -6351.815779  -3046.625367              
VL51 -26273.348229 -17284.872058 -51502.758532              
*  2025  5 24  0 46   0.00000000                            
PL51   9785.049788  -6546.789215  -3659.672136              
VL51 -29035.728758 -15194.620420 -50645.625925              
*  2025  5 24  0 48   0.00000000                            
PL51   9420.665412  -6716.117622  -4261.500165              
VL51 -31673.430587 -13012.122229 -49633.452809              
*  2025  5 24  0 50   0.00000000                            
PL51   9025.423397  -6858.746061  -4850.267309              
VL51 -34177.165780 -10746.116363 -48469.371235              
*  2025  5 24  0 52   0.00000000                            
PL51   8600.984320  -6973.726875  -5424.171694              
VL51 -36538.199525  -8405.738611 -47156.959276              
*  2025  5 24  0 54   0.00000000                            
PL51   8149.110106  -7060.224240  -5981.457005              
VL51 -38748.380330  -6000.485733 -45700.229953              
*  2025  5 24  0 56   0.00000000                            
PL51   7671.656855  -7117.518272  -6520.417631              
VL51 -40800.167904  -3540.178146 -44103.619087              
*  2025  5 24  0 58   0.00000000                            
PL51   7170.567356  -7145.008681  -7039.403665              
VL51 -42686.658663  -1034.921361 -42371.972132              
*  2025  5 24  1  0   0.00000000                            
PL51   6647.863305  -7142.217959  -7536.825731              
VL51 -44401.608793   1504.933688 -40510.530038              
*  2025  5 24  1  2   0.00000000                            
PL51   6105.637260  -7108.794076  -8011.159642              
VL51 -45939.454820   4068.831282 -38524.914172              
*  2025  5 24  1  4   0.00000000                            
PL51   5546.044367  -7044.512693  -8460.950873              
VL51 -47295.331655   6646.052385 -36421.110362              
*  2025  5 24  1  6   0.00000000                            
PL51   4971.293885  -6949.278869  -8884.818830              
VL51 -48465.088047   9225.756793 -34205.452101              
*  2025  5 24  1  8   0.00000000                            
PL51   4383.640539  -6823.128261  -9281.460919              
VL51 -49445.299469  11797.025854 -31884.602946              
*  2025  5 24  1 10   0.00000000                            
PL51   3785.375734  -6666.227802  -9649.656400              
VL51 -50233.278370  14348.905591 -29465.538157              
*  2025  5 24  1 12   0.00000000                            
PL51   3178.818666  -6478.875869  -9988.270009              
VL51 -50827.081817  16870.450110 -26955.525617              
*  2025  5 24  1 14   0.00000000                            
PL51   2566.307353  -6261.501924 -10296.255354              
VL51 -51225.516495  19350.765161 -24362.106054              
*  2025  5 24  1 16   0.00000000                            
PL51   1950.189618  -6014.665631 -10572.658069              
VL51 -51428.141084  21779.051708 -21693.072614              
*  2025  5 24  1 18   0.00000000                            
PL51   1332.814073  -5739.055457 -10816.618714              
VL51 -51435.265993  24144.649369 -18956.449800              
*  2025  5 24  1 20   0.00000000                            
PL51    716.521103  -5435.486740 -11027.375421              
VL51 -51247.950482  26437.079610 -16160.471821              
*  2025  5 24  1 22   0.00000000                            
PL51    103.633918  -5104.899261 -11204.266284              
VL51 -50867.997169  28646.088535 -13313.560371              
*  2025  5 24  1 24   0.00000000                            
PL51   -503.550325  -4748.354284 -11346.731466              
VL51 -50297.943949  30761.689160 -10424.301867              
*  2025  5 24  1 26   0.00000000                            
PL51  -1102.769284  -4367.031109 -11454.315039              
VL51 -49541.053340  32774.203014  -7501.424176              
*  2025  5 24  1 28   0.00000000                            
PL51  -1691.804050  -3962.223121 -11526.666542              
VL51 -48601.299281  34674.300958  -4553.772844              
*  2025  5 24  1 30   0.00000000                            
PL51  -2268.487593  -3535.333361 -11563.542243              
VL51 -47483.351415  36453.043057  -1590.286869              
*  2025  5 24  1 32   0.00000000                            
PL51  -2830.713001  -3087.869615 -11564.806117              
VL51 -46192.556875  38101.917392   1380.025975              
*  2025  5 24  1 34   0.00000000                            
PL51  -3376.441494  -2621.439061 -11530.430519              
VL51 -44734.919622  39612.877650   4348.114221              
*  2025  5 24  1 36   0.00000000                            
PL51  -3903.710163  -2137.742452 -11460.496557              
VL51 -43117.077354  40978.379361   7304.908176              
*  2025  5 24  1 38   0.00000000                            
PL51  -4410.639428  -1638.567893 -11355.194157              
VL51 -41346.276050  42191.414638  10241.345735              
*  2025  5 24  1 40   0.00000000                            
PL51  -4895.440176  -1125.784195 -11214.821811              
VL51 -39430.342184  43245.545257  13148.398515              
*  2025  5 24  1 42   0.00000000                            
PL51  -5356.420541   -601.333853 -11039.786020              
VL51 -37377.652663  44134.933950  16017.098250              
*  2025  5 24  1 44   0.00000000                            
PL51  -5791.992325    -67.225658 -10830.600410              
VL51 -35197.102559  44854.373739  18838.563419              
*  2025  5 24  1 46   0.00000000                            
PL51  -6200.677008    474.473037 -10587.884531              
VL51 -32898.070698  45399.315172  21604.026046              
*  2025  5 24  1 48   0.00000000                            
PL51  -6581.111337   1021.644355 -10312.362332              
VL51 -30490.383178  45765.891302  24304.858613              
*  2025  5 24  1 50   0.00000000                            
PL51  -6932.052464   1572.128226 -10004.860315              
VL51 -27984.274911  45950.940251  26932.601026              
*  2025  5 24  1 52   0.00000000                            
PL51  -7252.382614   2123.730970  -9666.305365              
VL51 -25390.349284  45952.025212  29478.987551              
*  2025  5 24  1 54   0.00000000                            
PL51  -7541.113252   2674.234101  -9297.722253              
VL51 -22719.536037  45767.451734  31935.973648              
*  2025  5 24  1 56   0.00000000                            
PL51  -7797.388740   3221.403328  -8900.230827              
VL51 -19983.047494  45396.282138  34295.762594              
*  2025  5 24  1 58   0.00000000                            
PL51  -8020.489457   3762.997709  -8475.042874              
VL51 -17192.333286  44838.346929  36550.831806              
*  2025  5 24  2  0   0.00000000                            
PL51  -8209.834372   4296.778918  -8023.458681              
VL51 -14359.033704  44094.253077  38693.958745              
*  2025  5 24  2  2   0.00000000                            
PL51  -8364.983039   4820.520600  -7546.863273              
VL51 -11494.931866  43165.389041  40718.246287              
*  2025  5 24  2  4   0.00000000                            
PL51  -8485.637025   5332.017759  -7046.722370              
VL51  -8611.904879  42053.926430  42617.147447              
*  2025  5 24  2  6   0.00000000                            
PL51  -8571.640737   5829.096151  -6524.578029              
VL51  -5721.874181  40762.818227  44384.489323              
*  2025  5 24  2  8   0.00000000                            
PL51  -8622.981655   6309.621630  -5982.044026              
VL51  -2836.755300  39295.793474  46014.496127              
*  2025  5 24  2 10   0.00000000                            
PL51  -8639.789957   6771.509414  -5420.800952              
VL51     31.592787  37657.348397  47501.811196              
*  2025  5 24  2 12   0.00000000                            
PL51  -8622.337535   7212.733217  -4842.591057              
VL51   2871.418420  35852.733902  48841.517826              
*  2025  5 24  2 14   0.00000000                            
PL51  -8571.036404   7631.334213  -4249.212854              
VL51   5671.127932  33887.939452  50029.158819              
*  2025  5 24  2 16   0.00000000                            
PL51  -8486.436503   8025.429785  -3642.515496              
VL51   8419.335971  31769.673319  51060.754594              
*  2025  5 24  2 18   0.00000000                            
PL51  -8369.222895   8393.222013  -3024.392938              
VL51  11104.915209  29505.339250  51932.819760              
*  2025  5 24  2 20   0.00000000                            
PL51  -8220.212380   8733.005861  -2396.777923              
VL51  13717.045172  27103.009605  52642.378006              
*  2025  5 24  2 22   0.00000000                            
PL51  -8040.349523   9043.177023  -1761.635785              
VL51  16245.259928  24571.395045  53186.975214              
*  2025  5 24  2 24   0.00000000                            
PL51  -7830.702122   9322.239388  -1120.958120              
VL51  18679.494357  21919.810884  53564.690672              
*  2025  5 24  2 26   0.00000000                            
PL51  -7592.456124   9568.812068   -476.756325              
VL51  21010.128739  19158.140244  53774.146306              
*  2025  5 24  2 28   0.00000000                            
PL51  -7326.910029   9781.635987    168.944961              
VL51  23228.031403  16296.794177  53814.513838              
*  2025  5 24  2 30   0.00000000                            
PL51  -7035.468786   9959.579953    814.114484              
VL51  25324.599174  13346.668926  53685.519803              
*  2025  5 24  2 32   0.00000000                            
PL51  -6719.637217  10101.646215   1456.721050              
VL51  27291.795383  10319.100561  53387.448372              
*  2025  5 24  2 34   0.00000000                            
PL51  -6381.013009  10206.975459   2094.740228              
VL51  29122.185200   7225.817194  52921.141933              
*  2025  5 24  2 36   0.00000000                            
PL51  -6021.279291  10274.851209   2726.161036              
VL51  30808.968082   4078.889064  52287.999416              
*  2025  5 24  2 38   0.00000000                            
PL51  -5642.196845  10304.703628   3348.992601              
VL51  32346.007125    890.676726  51489.972341              
*  2025  5 24  2 40   0.00000000                            
PL51  -5245.595982  10296.112678   3961.270752              
VL51  33727.855163  -2326.222332  50529.558635              
*  2025  5 24  2 42   0.00000000                            
PL51  -4833.368125  10248.810645   4561.064533              
VL51  34949.777444  -5559.028372  49409.794217              
*  2025  5 24  2 44   0.00000000                            
PL51  -4407.457143  10162.683984   5146.482594              
VL51  36007.770772  -8794.835058  48134.242427              
*  2025  5 24  2 46   0.00000000                            
PL51  -3969.850473  10037.774504   5715.679447              
VL51  36898.579015 -12020.665803  46706.981356              
*  2025  5 24  2 48   0.00000000                            
PL51  -3522.570084   9874.279873   6266.861557              
VL51  37619.704907 -15223.530468  45132.589147              
*  2025  5 24  2 50   0.00000000                            
PL51  -3067.663315   9672.553437   6798.293245              
VL51  38169.418098 -18390.482134  43416.127369              
*  2025  5 24  2 52   0.00000000                            
PL51  -2607.193646   9433.103362   7308.302382              
VL51  38546.759434 -21508.673627  41563.122550              
*  2025  5 24  2 54   0.00000000                            
PL51  -2143.231435   9156.591103   7795.285843              
VL51  38751.541466 -24565.413515  39579.545976              
*  2025  5 24  2 56   0.00000000                            
PL51  -1677.844673   8843.829200   8257.714722              
VL51  38784.345226 -27548.221269  37471.791883              
*  2025  5 24  2 58   0.00000000                            
PL51  -1213.089800   8495.778423   8694.139264              
VL51  38646.513304 -30444.881325  35246.654152              
*  2025  5 24  3  0   0.00000000                            
PL51   -751.002628   8113.544278   9103.193517              
VL51  38340.139318 -33243.495763  32911.301650              
*  2025  5 24  3  2   0.00000000                            
PL51   -293.589406   7698.372878   9483.599674              
VL51  37868.053862 -35932.535371  30473.252342              
*  2025  5 24  3  4   0.00000000                            
PL51    157.181918   7251.646233   9834.172108              
VL51  37233.807053 -38500.888842  27940.346327              
*  2025  5 24  3  6   0.00000000                            
PL51    599.390215   6774.876942  10153.821063              
VL51  36441.647805 -40937.909896  25320.717912              
*  2025  5 24  3  8   0.00000000                            
PL51   1031.169416   6269.702343  10441.556018              
VL51  35496.499991 -43233.462124  22622.766891              
*  2025  5 24  3 10   0.00000000                            
PL51   1450.716456   5737.878140  10696.488695              
VL51  34403.935643 -45377.961377  19855.129134              
*  2025  5 24  3 12   0.00000000                            
PL51   1856.298880   5181.271533  10917.835717              
VL51  33170.145373 -47362.415525  17026.646640              
*  2025  5 24  3 14   0.00000000                            
PL51   2246.262067   4601.853888  11104.920890              
VL51  31801.906199 -49178.461452  14146.337163              
*  2025  5 24  3 16   0.00000000                            
PL51   2619.036070   4001.692982  11257.177139              
VL51  30306.546962 -50818.399154  11223.363556              
*  2025  5 24  3 18   0.00000000                            
PL51   2973.142015   3382.944859  11374.148059              
VL51  28691.911546 -52275.222816   8267.002930              
*  2025  5 24  3 20   0.00000000                            
PL51   3307.198054   2747.845324  11455.489099              
VL51  26966.320096 -53542.648792   5286.615762              
*  2025  5 24  3 22   0.00000000                            
PL51   3619.924834   2098.701127  11500.968383              
VL51  25138.528445 -54615.140393   2291.615049              
*  2025  5 24  3 24   0.00000000                            
PL51   3910.150477   1437.880868  11510.467150              
VL51  23217.685971 -55487.929431   -708.564375              
*  2025  5 24  3 26   0.00000000                            
PL51   4176.815041    767.805662  11483.979837              
VL51  21213.292081 -56157.034469  -3704.496280              
*  2025  5 24  3 28   0.00000000                            
PL51   4418.974456     90.939604  11421.613793              
VL51  19135.151553 -56619.275739  -6686.793121              
*  2025  5 24  3 30   0.00000000                            
PL51   4635.803912   -590.219925  11323.588636              
VL51  16993.328931 -56872.286717  -9646.135700              
*  2025  5 24  3 32   0.00000000                            
PL51   4826.600702  -1273.152066  11190.235261              
VL51  14798.102198 -56914.522333 -12573.302310              
*  2025  5 24  3 34   0.00000000                            
PL51   4990.786501  -1955.322375  11021.994492              
VL51  12559.915923 -56745.263831 -15459.197285              
*  2025  5 24  3 36   0.00000000                            
PL51   5127.909082  -2634.192749  10819.415408              
VL51  10289.334105 -56364.620288 -18294.878882              
*  2025  5 24  3 38   0.00000000                            
PL51   5237.643469  -3307.231353  10583.153327              
VL51   7996.992899 -55773.526813 -21071.586433              
*  2025  5 24  3 40   0.00000000                            
PL51   5319.792513  -3971.922509  10313.967478              
VL51   5693.553437 -54973.739481 -23780.766680              
*  2025  5 24  3 42   0.00000000                            
PL51   5374.286916  -4625.776493  10012.718356              
VL51   3389.654945 -53967.827026 -26414.099249              
*  2025  5 24  3 44   0.00000000                            
PL51   5401.184686  -5266.339231   9680.364781              
VL51   1095.868333 -52759.159378 -28963.521184              
*  2025  5 24  3 46   0.00000000                            
PL51   5400.670043  -5891.201821   9317.960663              
VL51  -1177.349540 -51351.893104 -31421.250500              
*  2025  5 24  3 48   0.00000000                            
PL51   5373.051782  -6498.009874   8926.651501              
VL51  -3419.700752 -49750.953827 -33779.808686              
*  2025  5 24  3 50   0.00000000                            
PL51   5318.761098  -7084.472621   8507.670605              
VL51  -5621.090176 -47962.015728 -36032.042118              
*  2025  5 24  3 52   0.00000000                            
PL51   5238.348895  -7648.371760   8062.335076              
VL51  -7771.668140 -45991.478229 -38171.142325              
*  2025  5 24  3 54   0.00000000                            
PL51   5132.482597  -8187.570006   7592.041554              
VL51  -9861.871732 -43846.439960 -40190.665075              
*  2025  5 24  3 56   0.00000000                            
PL51   5001.942459  -8700.019308   7098.261731              
VL51 -11882.464590 -41534.670134 -42084.548228              
*  2025  5 24  3 58   0.00000000                            
PL51   4847.617424  -9183.768716   6582.537669              
VL51 -13824.575026 -39064.577465 -43847.128329              
*  2025  5 24  4  0   0.00000000                            
PL51   4670.500523  -9636.971858   6046.476923              
VL51 -15679.732356 -36445.176746 -45473.155902              
*  2025  5 24  4  2   0.00000000                            
PL51   4471.683858 -10057.893996   5491.747487              
VL51 -17439.901292 -33686.053254 -46957.809422              
*  2025  5 24  4  4   0.00000000                            
PL51   4252.353178 -10444.918651   4920.072581              
VL51 -19097.514285 -30797.325118 -48296.707941              
*  2025  5 24  4  6   0.00000000                            
PL51   4013.782084 -10796.553765   4333.225298              
VL51 -20645.501699 -27789.603796 -49485.922337              
*  2025  5 24  4  8   0.00000000                            
PL51   3757.325885 -11111.437369   3733.023118              
VL51 -22077.319722 -24673.952849 -50521.985189              
*  2025  5 24  4 10   0.00000000                            
PL51   3484.415132 -11388.342757   3121.322317              
VL51 -23386.975918 -21461.845140 -51401.899256              
*  2025  5 24  4 12   0.00000000                            
PL51   3196.548860 -11626.183134   2500.012280              
VL51 -24569.052326 -18165.118645 -52123.144539              
*  2025  5 24  4 14   0.00000000                            
PL51   2895.287567 -11824.015723   1871.009740              
VL51 -25618.726054 -14795.931046 -52683.683939              
*  2025  5 24  4 16   0.00000000                            
PL51   2582.245967 -11981.045328   1236.252957              
VL51 -26531.787279 -11366.713270 -53081.967476              
*  2025  5 24  4 18   0.00000000                            
PL51   2259.085533 -12096.627324    597.695853              
VL51 -27304.654604  -7890.122178 -53316.935098              
*  2025  5 24  4 20   0.00000000                            
PL51   1927.506881 -12170.270088    -42.697877              
VL51 -27934.387736  -4378.992564 -53388.018047              
*  2025  5 24  4 22   0.00000000                            
PL51   1589.242010 -12201.636838   -682.960663              
VL51 -28418.697447   -846.288679 -53295.138819              
*  2025  5 24  4 24   0.00000000                            
PL51   1246.046449 -12190.546895  -1321.126942              
VL51 -28755.952790   2694.944527 -53038.709725              
*  2025  5 24  4 26   0.00000000                            
PL51    899.691324 -12136.976362  -1955.239027              
VL51 -28945.185578   6231.630271 -52619.630080              
*  2025  5 24  4 28   0.00000000                            
PL51    551.955391 -12041.058207  -2583.352924              
VL51 -28986.092130   9750.708712 -52039.282048              
*  2025  5 24  4 30   0.00000000                            
PL51    204.617069 -11903.081775  -3203.544096              
VL51 -28879.032303  13239.185457 -51299.525190              
*  2025  5 24  4 32   0.00000000                            
PL51   -140.553507 -11723.491708  -3813.913151              
VL51 -28625.025836  16684.179632 -50402.689742              
*  2025  5 24  4 34   0.00000000                            
PL51   -481.802367 -11502.886302  -4412.591445              
VL51 -28225.746055  20072.971354 -49351.568663              
*  2025  5 24  4 36   0.00000000                            
PL51   -817.399501 -11242.015289  -4997.746582              
VL51 -27683.510976  23393.048436 -48149.408513              
*  2025  5 24  4 38   0.00000000                            
PL51  -1145.646527 -10941.777073  -5567.587794              
VL51 -27001.271868  26632.152184 -46799.899171              
*  2025  5 24  4 40   0.00000000                            
PL51  -1464.884206 -10603.215418  -6120.371195              
VL51 -26182.599340  29778.322129 -45307.162473              
*  2025  5 24  4 42   0.00000000                            
PL51  -1773.499787 -10227.515605  -6654.404894              
VL51 -25231.667013  32819.939566 -43675.739779              
*  2025  5 24  4 44   0.00000000                            
PL51  -2069.934126  -9816.000076  -7168.053943              
VL51 -24153.232868  35745.769754 -41910.578551              
*  2025  5 24  4 46   0.00000000                            
PL51  -2352.688576  -9370.123583  -7659.745131              
VL51 -22952.618338  38545.002660 -40017.017952              
*  2025  5 24  4 48   0.00000000                            
PL51  -2620.331615  -8891.467854  -8127.971591              
VL51 -21635.685250  41207.292128 -38000.773544              
*  2025  5 24  4 50   0.00000000                            
PL51  -2871.505183  -8381.735799  -8571.297219              
VL51 -20208.810690  43722.793371 -35867.921107              
*  2025  5 24  4 52   0.00000000                            
PL51  -3104.930698  -7842.745276  -8988.360899              
VL51 -18678.859913  46082.198664 -33624.879636              
*  2025  5 24  4 54   0.00000000                            
PL51  -3319.414748  -7276.422445  -9377.880512              
VL51 -17053.157378  48276.771169 -31278.393547              
*  2025  5 24  4 56   0.00000000                            
PL51  -3513.854418  -6684.794722  -9738.656733              
VL51 -15339.456024  50298.376787 -28835.514138              
*  2025  5 24  4 58   0.00000000                            
PL51  -3687.242236  -6069.983366 -10069.576599              
VL51 -13545.904888  52139.513959 -26303.580323              
*  2025  5 24  5  0   0.00000000                            
PL51  -3838.670728  -5434.195720 -10369.616839              
VL51 -11681.015186  53793.341332 -23690.198708              
*  2025  5 24  5  2   0.00000000                            
PL51  -3967.336550  -4779.717134 -10637.846964              
VL51  -9753.624949  55253.703227 -21003.222995              
*  2025  5 24  5  4   0.00000000                            
PL51  -4072.544194  -4108.902593 -10873.432107              
VL51  -7772.862348  56515.152821 -18250.732787              
*  2025  5 24  5  6   0.00000000                            
PL51  -4153.709240  -3424.168087 -11075.635606              
VL51  -5748.107815  57572.972994 -15441.011795              
*  2025  5 24  5  8   0.00000000                            
PL51  -4210.361155  -2727.981740 -11243.821311              
VL51  -3688.955079  58423.194764 -12582.525490              
*  2025  5 24  5 10   0.00000000                            
PL51  -4242.145610  -2022.854733 -11377.455638              
VL51  -1605.171249  59062.613270  -9683.898216              
*  2025  5 24  5 12   0.00000000                            
PL51  -4248.826317  -1311.332053 -11476.109332              
VL51    493.343952  59488.801219  -6753.889802              
*  2025  5 24  5 14   0.00000000                            
PL51  -4230.286376   -595.983092 -11539.458946              
VL51   2596.599653  59700.119774  -3801.371691              
*  2025  5 24  5 16   0.00000000                            
PL51  -4186.529112    120.607865 -11567.288044              
VL51   4694.555884  59695.726808   -835.302605              
*  2025  5 24  5 18   0.00000000                            
PL51  -4117.678414    835.851235 -11559.488089              
VL51   6777.166081  59475.582494   2135.296214              
*  2025  5 24  5 20   0.00000000                            
PL51  -4023.978553   1547.161789 -11516.059052              
VL51   8834.419896  59040.452161   5101.366181              
*  2025  5 24  5 22   0.00000000                            
PL51  -3905.793493   2251.968314 -11437.109703              
VL51  10856.386181  58391.906388   8053.836920              
*  2025  5 24  5 24   0.00000000                            
PL51  -3763.605682   2947.723262 -11322.857598              
VL51  12833.256010  57532.318276  10983.652168              
*  2025  5 24  5 26   0.00000000                            
PL51  -3598.014328   3631.912354 -11173.628750              
VL51  14755.385562  56464.857862  13881.795988              
*  2025  5 24  5 28   0.00000000                            
PL51  -3409.733158   4302.064088 -10989.856993              
VL51  16613.338737  55193.483621  16739.319260              
*  2025  5 24  5 30   0.00000000                            
PL51  -3199.587678   4955.759141 -10772.083013              
VL51  18397.929322  53722.931043  19547.366379              
*  2025  5 24  5 32   0.00000000                            
PL51  -2968.511919   5590.639608 -10520.953070              
VL51  20100.262546  52058.698231  22297.202127              
*  2025  5 24  5 34   0.00000000                            
PL51  -2717.544698   6204.418050 -10237.217387              
VL51  21711.775852  50207.028524  24980.238634              
*  2025  5 24  5 36   0.00000000                            
PL51  -2447.825387   6794.886320  -9921.728225              
VL51  23224.278694  48174.890123  27588.062370              
*  2025  5 24  5 38   0.00000000                            
PL51  -2160.589222   7359.924123  -9575.437625              
VL51  24629.991195  45969.952724  30112.461081              
*  2025  5 24  5 40   0.00000000                            
PL51  -1857.162145   7897.507278  -9199.394835              
VL51  25921.581460  43600.561175  32545.450586              
*  2025  5 24  5 42   0.00000000                            
PL51  -1538.955211   8405.715651  -8794.743409              
VL51  27092.201363  41075.706186  34879.301331              
*  2025  5 24  5 44   0.00000000                            
PL51  -1207.458581   8882.740710  -8362.717999              
VL51  28135.520619  38404.992132  37106.564620              
*  2025  5 24  5 46   0.00000000                            
PL51   -864.235111   9326.892682  -7904.640825              
VL51  29045.758941  35598.602019  39220.098392              
*  2025  5 24  5 48   0.00000000                            
PL51   -510.913566   9736.607279  -7421.917848              
VL51  29817.716098  32667.259673  41213.092435              
*  2025  5 24  5 50   0.00000000                            
PL51   -149.181498  10110.451938  -6916.034636              
VL51  30446.799682  29622.189269  43079.092929              
*  2025  5 24  5 52   0.00000000                            
PL51    219.222212  10447.131577  -6388.551946              
VL51  30929.050400  26475.072308  44812.026174              
*  2025  5 24  5 54   0.00000000                            
PL51    592.515080  10745.493809  -5841.101022              
VL51  31261.164721  23238.002176  46406.221386              
*  2025  5 24  5 56   0.00000000                            
PL51    968.879019  11004.533602  -5275.378633              
VL51  31440.514698  19923.436449  47856.432420              
*  2025  5 24  5 58   0.00000000                            
PL51   1346.468543  11223.397352  -4693.141850              
VL51  31465.164811  16544.147127  49157.858299              
*  2025  5 24  6  0   0.00000000                            
PL51   1723.419165  11401.386348  -4096.202589              
VL51  31333.885699  13113.168992  50306.162395              
*  2025  5 24  6  2   0.00000000                            
PL51   2097.855937  11537.959607  -3486.421929              
VL51  31046.164628   9643.746313  51297.490147              
*  2025  5 24  6  4   0.00000000                            
PL51   2467.902097  11632.736063  -2865.704229              
VL51  30602.212602   6149.278162  52128.485190              
*  2025  5 24  6  6   0.00000000                            
PL51   2831.687774  11685.496086  -2235.991064              
VL51  30002.968016   2643.262568  52796.303759              
*  2025  5 24  6  8   0.00000000                            
PL51   3187.358727  11696.182337  -1599.254994              
VL51  29250.096787   -860.760170  53298.627269              
*  2025  5 24  6 10   0.00000000                            
PL51   3533.085054  11664.899924   -957.493197              
VL51  28345.988912  -4349.264754  53633.672976              
*  2025  5 24  6 12   0.00000000                            
PL51   3867.069847  11591.915884   -312.720984              
VL51  27293.751432  -7808.798408  53800.202619              
*  2025  5 24  6 14   0.00000000                            
PL51   4187.557731  11477.657962    333.034776              
VL51  26097.197808 -11226.038359  53797.528978              
*  2025  5 24  6 16   0.00000000                            
PL51   4492.843261  11322.712714    977.742294              
VL51  24760.833727 -14587.848963  53625.520298              
*  2025  5 24  6 18   0.00000000                            
PL51   4781.279130  11127.822914   1619.371549              
VL51  23289.839400 -17881.338150  53284.602518              
*  2025  5 24  6 20   0.00000000                            
PL51   5051.284134  10893.884304   2255.900976              
VL51  21690.048411 -21093.912890  52775.759288              
*  2025  5 24  6 22   0.00000000                            
PL51   5301.350872  10621.941677   2885.324151              
VL51  19967.923223 -24213.333368  52100.529749              
*  2025  5 24  6 24   0.00000000                            
PL51   5530.053129  10313.184320   3505.656431              
VL51  18130.527455 -27227.765568  51261.004079              
*  2025  5 24  6 26   0.00000000                            
PL51   5736.052909   9968.940837   4114.941530              
VL51  16185.495080 -30125.831960  50259.816808              
*  2025  5 24  6 28   0.00000000                            
PL51   5918.107076   9590.673383   4711.257997              
VL51  14140.996691 -32896.660030  49100.137936              
*  2025  5 24  6 30   0.00000000                            
PL51   6075.073582   9179.971318   5292.725582              
VL51  12005.703037 -35529.928353  47785.661896              
*  2025  5 24  6 32   0.00000000                            
PL51   6205.917234   8738.544338   5857.511450              
VL51   9788.746031 -38015.909978  46320.594414              
*  2025  5 24  6 34   0.00000000                            
PL51   6309.714985   8268.215088   6403.836226              
VL51   7499.677436 -40345.512877  44709.637355              
*  2025  5 24  6 36   0.00000000                            
PL51   6385.660709   7770.911321   6929.979850              
VL51   5148.425490 -42510.317255  42957.971633              
*  2025  5 24  6 38   0.00000000                            
PL51   6433.069457   7248.657625   7434.287216              
VL51   2745.249695 -44502.609535  41071.238295              
*  2025  5 24  6 40   0.00000000                            
PL51   6451.381144   6703.566756   7915.173566              
VL51    300.694038 -46315.412851  39055.517901              
*  2025  5 24  6 42   0.00000000                            
PL51   6440.163684   6137.830636   8371.129637              
VL51  -2174.461100 -47942.513939  36917.308303              
*  2025  5 24  6 44   0.00000000                            
PL51   6399.115525   5553.711050   8800.726526              
VL51  -4669.248086 -49378.486299  34663.500977              
*  2025  5 24  6 46   0.00000000                            
PL51   6328.067603   4953.530078   9202.620266              
VL51  -7172.561959 -50618.709567  32301.356021              
*  2025  5 24  6 48   0.00000000                            
PL51   6226.984686   4339.660329   9575.556090              
VL51  -9673.210878 -51659.385042  29838.475963              
*  2025  5 24  6 50   0.00000000                            
PL51   6095.966108   3714.515009   9918.372383              
VL51 -12159.966839 -52497.547334  27282.778522              
*  2025  5 24  6 52   0.00000000                            
PL51   5935.245908   3080.537863  10230.004291              
VL51 -14621.616395 -53131.072143  24642.468454              
*  2025  5 24  6 54   0.00000000                            
PL51   5745.192342   2440.193065  10509.486998              
VL51 -17047.011138 -53558.680174  21926.008616              
*  2025  5 24  6 56   0.00000000                            
PL51   5526.306807   1795.955063  10755.958641              
VL51 -19425.117703 -53779.937246  19142.090399              
*  2025  5 24  6 58   0.00000000                            
PL51   5279.222166   1150.298465  10968.662874              
VL51 -21745.067064 -53795.250643  16299.603644              
*  2025  5 24  7  0   0.00000000                            
PL51   5004.700478    505.687975  11146.951070              
VL51 -23996.202898 -53605.861795  13407.606177              
*  2025  5 24  7  2   0.00000000                            
PL51   4703.630169   -135.431552  11290.284149              
VL51 -26168.128805 -53213.835384  10475.293083              
*  2025  5 24  7  4   0.00000000                            
PL51   4377.022628   -770.644904  11398.234041              
VL51 -28250.754193 -52622.044974   7511.965824              
*  2025  5 24  7  6   0.00000000                            
PL51   4026.008276  -1397.576123  11470.484777              
VL51 -30234.338629 -51834.155292   4527.001326              
*  2025  5 24  7  8   0.00000000                            
PL51   3651.832105  -2013.897866  11506.833212              
VL51 -32109.534473 -50854.601285   1529.821127              
*  2025  5 24  7 10   0.00000000                            
PL51   3255.848715  -2617.340516  11507.189370              
VL51 -33867.427634 -49688.564091  -1470.139293              
*  2025  5 24  7 12   0.00000000                            
PL51   2839.516880  -3205.700972  11471.576434              
VL51 -35499.576274 -48341.944081  -4463.460914              
*  2025  5 24  7 14   0.00000000                            
PL51   2404.393660  -3776.851106  11400.130368              
VL51 -36998.047322 -46821.331129  -7440.771190              
*  2025  5 24  7 16   0.00000000                            
PL51   1952.128085  -4328.745844  11293.099176              
VL51 -38355.450672 -45133.972286 -10392.773602              
*  2025  5 24  7 18   0.00000000                            
PL51   1484.454449  -4859.430848  11150.841821              
VL51 -39564.970927 -43287.737040 -13310.276640              
*  2025  5 24  7 20   0.00000000                            
PL51   1003.185238  -5367.049766  10973.826793              
VL51 -40620.396609 -41291.080347 -16184.222155              
*  2025  5 24  7 22   0.00000000                            
PL51    510.203714  -5849.851021  10762.630338              
VL51 -41516.146726 -39153.003629 -19005.712986              
*  2025  5 24  7 24   0.00000000                            
PL51      7.456209  -6306.194131  10517.934370              
VL51 -42247.294639 -36883.013929 -21766.039829              
*  2025  5 24  7 26   0.00000000                            
PL51   -503.055857  -6734.555520  10240.524056              
VL51 -42809.589139 -34491.081401 -24456.707265              
*  2025  5 24  7 28   0.00000000                            
PL51  -1019.284198  -7133.533812   9931.285099              
VL51 -43199.472696 -31987.595347 -27069.458919              
*  2025  5 24  7 30   0.00000000                            
PL51  -1539.142074  -7501.854595   9591.200721              
VL51 -43414.096810 -29383.318956 -29596.301689              
*  2025  5 24  7 32   0.00000000                            
PL51  -2060.512883  -7838.374624   9221.348366              
VL51 -43451.334425 -26689.342948 -32029.529000              
*  2025  5 24  7 34   0.00000000                            
PL51  -2581.258875  -8142.085474   8822.896127              
VL51 -43309.789370 -23917.038306 -34361.743025              
*  2025  5 24  7 36   0.00000000                            
PL51  -3099.229967  -8412.116611   8397.098910              
VL51 -42988.802798 -21078.008274 -36585.875832              
*  2025  5 24  7 38   0.00000000                            
PL51  -3612.272609  -8647.737894   7945.294358              
VL51 -42488.456599 -18184.039839 -38695.209394              
*  2025  5 24  7 40   0.00000000                            
PL51  -4118.238684  -8848.361484   7468.898535              
VL51 -41809.573805 -15247.054860 -40683.394406              
*  2025  5 24  7 42   0.00000000                            
PL51  -4614.994386  -9013.543165   6969.401397              
VL51 -40953.715981 -12279.061076 -42544.467882              
*  2025  5 24  7 44   0.00000000                            
PL51  -5100.429052  -9142.983089   6448.362054              
VL51 -39923.177641  -9292.103165 -44272.869467              
*  2025  5 24  7 46   0.00000000                            
PL51  -5572.463910  -9236.525920   5907.403850              
VL51 -38720.977722  -6298.214068 -45863.456442              
*  2025  5 24  7 48   0.00000000                            
PL51  -6029.060708  -9294.160404   5348.209267              
VL51 -37350.848174  -3309.366750 -47311.517397              
*  2025  5 24  7 50   0.00000000                            
PL51  -6468.230182  -9316.018368   4772.514673              
VL51 -35817.219727   -337.426609 -48612.784528              
*  2025  5 24  7 52   0.00000000                            
PL51  -6888.040349  -9302.373140   4182.104932              
VL51 -34125.204898   2605.895319 -49763.444561              
*  2025  5 24  7 54   0.00000000                            
PL51  -7286.624568  -9253.637427   3578.807895              
VL51 -32280.578339   5509.088153 -50760.148275              
*  2025  5 24  7 56   0.00000000                            
PL51  -7662.189359  -9170.360641   2964.488775              
VL51 -30289.754598   8360.885812 -51600.018612              
*  2025  5 24  7 58   0.00000000                            
PL51  -8013.021930  -9053.225702   2341.044443              
VL51 -28159.763394  11150.310340 -52280.657372              
*  2025  5 24  8  0   0.00000000                            
PL51  -8337.497407  -8903.045326   1710.397649              
VL51 -25898.222526  13866.713760 -52800.150483              
*  2025  5 24  8  2   0.00000000                            
PL51  -8634.085708  -8720.757822   1074.491187              
VL51 -23513.308515  16499.818302 -53157.071845              
*  2025  5 24  8  4   0.00000000                            
PL51  -8901.358067  -8507.422418    435.282023              
VL51 -21013.725119  19039.754862 -53350.485761              
*  2025  5 24  8  6   0.00000000                            
PL51  -9137.993161  -8264.214138   -205.264596              
VL51 -18408.669835  21477.099570 -53379.947933              
*  2025  5 24  8  8   0.00000000                            
PL51  -9342.782821  -7992.418243   -845.181040              
VL51 -15707.798551  23802.908325 -53245.505076              
*  2025  5 24  8 10   0.00000000                            
PL51  -9514.637318  -7693.424284  -1482.503175              
VL51 -12921.188474  26008.749190 -52947.693133              
*  2025  5 24  8 12   0.00000000                            
PL51  -9652.590182  -7368.719771  -2115.276220              
VL51 -10059.299506  28086.732533 -52487.534132              
*  2025  5 24  8 14   0.00000000                            
PL51  -9755.802558  -7019.883494  -2741.560555              
VL51  -7132.934213  30029.538826 -51866.531713              
*  2025  5 24  8 16   0.00000000                            
PL51  -9823.567076  -6648.578530  -3359.437462              
VL51  -4153.196557  31830.444020 -51086.665352              
*  2025  5 24  8 18   0.00000000                            
PL51  -9855.311207  -6256.544955  -3967.014798              
VL51  -1131.449542  33483.342418 -50150.383328              
*  2025  5 24  8 20   0.00000000                            
PL51  -9850.600117  -5845.592300  -4562.432574              
VL51   1920.728052  34982.767000 -49060.594480              
*  2025  5 24  8 22   0.00000000                            
PL51  -9809.138993  -5417.591780  -5143.868419              
VL51   4991.585700  36323.907149 -47820.658781              
*  2025  5 24  8 24   0.00000000                            
PL51  -9730.774836  -4974.468320  -5709.542942              
VL51   8069.245766  37502.623742 -46434.376793              
*  2025  5 24  8 26   0.00000000                            
PL51  -9615.497715  -4518.192424  -6257.724940              
VL51  11141.748578  38515.461592 -44905.978031              
*  2025  5 24  8 28   0.00000000                            
PL51  -9463.441482  -4050.771904  -6786.736477              
VL51  14197.097804  39359.659208 -43240.108290              
*  2025  5 24  8 30   0.00000000                            
PL51  -9274.883936  -3574.243509  -7294.957797              
VL51  17223.305971  40033.155890 -41441.815975              
*  2025  5 24  8 32   0.00000000                            
PL51  -9050.246445  -3090.664491  -7780.832067              
VL51  20208.439973  40534.596140 -39516.537477              
*  2025  5 24  8 34   0.00000000                            
PL51  -8790.093022  -2602.104125  -8242.869941              
VL51  23140.666434  40863.331406 -37470.081634              
*  2025  5 24  8 36   0.00000000                            
PL51  -8495.128856  -2110.635230  -8679.653932              
VL51  26008.296770  41019.419191 -35308.613327              
*  2025  5 24  8 38   0.00000000                            
PL51  -8166.198308  -1618.325716  -9089.842584              
VL51  28799.831812  41003.619512 -33038.636253              
*  2025  5 24  8 40   0.00000000                            
PL51  -7804.282370  -1127.230188  -9472.174427              
VL51  31504.005854  40817.388790 -30666.974905              
*  2025  5 24  8 42   0.00000000                            
PL51  -7410.495605   -639.381634  -9825.471716              
VL51  34109.829997  40462.871172 -28200.755822              
*  2025  5 24  8 44   0.00000000                            
PL51  -6986.082572   -156.783243 -10148.643940              
VL51  36606.634641  39942.887354 -25647.388127              
*  2025  5 24  8 46   0.00000000                            
PL51  -6532.413737    318.599635 -10440.691093              
VL51  38984.111026  39260.920942 -23014.543404              
*  2025  5 24  8 48   0.00000000                            
PL51  -6050.980905    784.847356 -10700.706700              
VL51  41232.351679  38421.102423 -20310.134945              
*  2025  5 24  8 50   0.00000000                            
PL51  -5543.392167   1240.093628 -10927.880588              
VL51  43341.889661  37428.190788 -17542.296399              
*  2025  5 24  8 52   0.00000000                            
PL51  -5011.366382   1682.532940 -11121.501401              
VL51  45303.736496  36287.552890 -14719.359844              
*  2025  5 24  8 54   0.00000000                            
PL51  -4456.727219   2110.427714 -11280.958847              
VL51  47109.418667  35005.140591 -11849.833322              
*  2025  5 24  8 56   0.00000000                            
PL51  -3881.396762   2522.115181 -11405.745672              
VL51  48751.012563  33587.465774  -8942.377842              
*  2025  5 24  8 58   0.00000000                            
PL51  -3287.388711   2916.013943 -11495.459352              
VL51  50221.177774  32041.573282  -6005.783888              
*  2025  5 24  9  0   0.00000000                            
PL51  -2676.801195   3290.630189 -11549.803508              
VL51  51513.188604  30375.011881  -3048.947451              
*  2025  5 24  9  2   0.00000000                            
PL51  -2051.809213   3644.563568 -11568.589025              
VL51  52620.963705  28595.803292    -80.845600              
*  2025  5 24  9  4   0.00000000                            
PL51  -1414.656736   3976.512661 -11551.734874              
VL51  53539.093701  26712.409410   2889.488377              
*  2025  5 24  9  6   0.00000000                            
PL51   -767.648486   4285.280062 -11499.268636              
VL51  54262.866690  24733.697762   5852.990239              
*  2025  5 24  9  8   0.00000000                            
PL51   -113.141424   4569.777028 -11411.326722              
VL51  54788.291511  22668.905319   8800.590442              
*  2025  5 24  9 10   0.00000000                            
PL51    546.464021   4829.027691 -11288.154279              
VL51  55112.118632  20527.600744  11723.240136              
*  2025  5 24  9 12   0.00000000                            
PL51   1208.732973   5062.172798 -11130.104783              
VL51  55231.858564  18319.645187  14611.937461              
*  2025  5 24  9 14   0.00000000                            
PL51   1871.205320   5268.472984 -10937.639321              
VL51  55145.797657  16055.151732  17457.754117              
*  2025  5 24  9 16   0.00000000                            
PL51   2531.405110   5447.311547 -10711.325541              
VL51  54853.011161  13744.443619  20251.862125              
*  2025  5 24  9 18   0.00000000                            
PL51   3186.850078   5598.196708 -10451.836292              
VL51  54353.373456  11398.011375  22985.560750              
*  2025  5 24  9 20   0.00000000                            
PL51   3835.061285   5720.763359 -10159.947935              
VL51  53647.565309   9026.468982  25650.303488              
*  2025  5 24  9 22   0.00000000                            
PL51   4473.572822   5814.774280  -9836.538326              
VL51  52737.078088   6640.509241  28237.725064              
*  2025  5 24  9 24   0.00000000                            
PL51   5099.941548   5880.120809  -9482.584483              
VL51  51624.214804   4250.858485  30739.668353              
*  2025  5 24  9 26   0.00000000                            
PL51   5711.756817   5916.822975  -9099.159927              
VL51  50312.087920   1868.230806  33148.211133              
*  2025  5 24  9 28   0.00000000                            
PL51   6306.650164   5925.029069  -8687.431704              
VL51  48804.613832   -496.718027  35455.692578              
*  2025  5 24  9 30   0.00000000                            
PL51   6882.304902   5905.014675  -8248.657090              
VL51  47106.503963  -2833.436770  37654.739380              
*  2025  5 24  9 32   0.00000000                            
PL51   7436.465591   5857.181129  -7784.179988              
VL51  45223.252412  -5131.524828  39738.291393              
*  2025  5 24  9 34   0.00000000                            
PL51   7966.947338   5782.053443  -7295.427017              
VL51  43161.120134  -7380.778102  41699.626691              
*  2025  5 24  9 36   0.00000000                            
PL51   8471.644889   5680.277674  -6783.903308              
VL51  40927.115629  -9571.234340  43532.385891              
*  2025  5 24  9 38   0.00000000                            
PL51   8948.541464   5552.617749  -6251.188012              
VL51  38528.972142 -11693.217774  45230.595638              
*  2025  5 24  9 40   0.00000000                            
PL51   9395.717303   5399.951766  -5698.929531              
VL51  35975.121407 -13737.382826  46788.691124              
*  2025  5 24  9 42   0.00000000                            
PL51   9811.357867   5223.267777  -5128.840486              
VL51  33274.663974 -15694.756636  48201.537484              
*  2025  5 24  9 44   0.00000000                            
PL51  10193.761676   5023.659064  -4542.692433              
VL51  30437.336195 -17556.780209  49464.449979              
*  2025  5 24  9 46   0.00000000                            
PL51  10541.347723   4802.318938  -3942.310354              
VL51  27473.473966 -19315.347923  50573.212794              
*  2025  5 24  9 48   0.00000000                            
PL51  10852.662429   4560.535064  -3329.566914              
VL51  24393.973330 -20962.845198  51524.096354              
*  2025  5 24  9 50   0.00000000                            
PL51  11126.386121   4299.683360  -2706.376541              
VL51  21210.248109 -22492.184068  52313.873026              
*  2025  5 24  9 52   0.00000000                            
PL51  11361.338973   4021.221470  -2074.689309              
VL51  17934.184713 -23896.836471  52939.831075              
*  2025  5 24  9 54   0.00000000                            
PL51  11556.486396   3726.681862  -1436.484679              
VL51  14578.094347 -25170.865017  53399.786798              
*  2025  5 24  9 56   0.00000000                            
PL51  11710.943830   3417.664566   -793.765093              
VL51  11154.662805 -26308.951064  53692.094697              
*  2025  5 24  9 58   0.00000000                            
PL51  11823.980934   3095.829595   -148.549470              
VL51   7676.898132 -27306.419893  53815.655648              
*  2025  5 24 10  0   0.00000000                            
PL51  11895.025128   2762.889085    497.133391              
VL51   4158.076373 -28159.262836  53769.922957              
*  2025  5 24 10  2   0.00000000                            
PL51  11923.664470   2420.599182   1141.251468              
VL51    611.685721 -28864.156190  53554.906266              
*  2025  5 24 10  4   0.00000000                            
PL51  11909.649869   2070.751726   1781.776200              
VL51  -2948.630660 -29418.476809  53171.173254              
*  2025  5 24 10  6   0.00000000                            
PL51  11852.896586   1715.165771   2416.689186              
VL51  -6509.132825 -29820.314237  52619.849095              
*  2025  5 24 10  8   0.00000000                            
PL51  11753.485051   1355.678975   3043.988859              
VL51 -10056.042939 -30068.479323  51902.613673              
*  2025  5 24 10 10   0.00000000                            
PL51  11611.660960    994.138910   3661.697114              
VL51 -13575.604528 -30162.509236  51021.696540              
*  2025  5 24 10 12   0.00000000                            
PL51  11427.834659    632.394337   4267.865865              
VL51 -17054.141768 -30102.668849  49979.869644              
*  2025  5 24 10 14   0.00000000                            
PL51  11202.579826    272.286480   4860.583496              
VL51 -20478.118485 -29889.948490  48780.437863              
*  2025  5 24 10 16   0.00000000                            
PL51  10936.631444    -84.359644   5437.981191              
VL51 -23834.196525 -29526.058052  47427.227398              
*  2025  5 24 10 18   0.00000000                            
PL51  10630.883076   -435.743812   5998.239109              
VL51 -27109.293183 -29013.417526  45924.572092              
*  2025  5 24 10 20   0.00000000                            
PL51  10286.383466   -780.099034   6539.592382              
VL51 -30290.637379 -28355.144008  44277.297763              
*  2025  5 24 10 22   0.00000000                            
PL51   9904.332464  -1115.699830   7060.336920              
VL51 -33365.824293 -27555.035266  42490.704641              
*  2025  5 24 10 24   0.00000000                            
PL51   9486.076318  -1440.870280   7558.834983              
VL51 -36322.868156 -26617.549988  40570.548007              
*  2025  5 24 10 26   0.00000000                            
PL51   9033.102335  -1753.991819   8033.520522              
VL51 -39150.252954 -25547.784824  38523.017164              
*  2025  5 24 10 28   0.00000000                            
PL51   8547.032951  -2053.510743   8482.904251              
VL51 -41836.980794 -24351.448382  36354.712845              
*  2025  5 24 10 30   0.00000000                            
PL51   8029.619241  -2337.945378   8905.578442              
VL51 -44372.617683 -23034.832344  34072.623193              
*  2025  5 24 10 32   0.00000000                            
PL51   7482.733886  -2605.892894   9300.221424              
VL51 -46747.336555 -21604.779867  31684.098448              
*  2025  5 24 10 34   0.00000000                            
PL51   6908.363649  -2856.035716   9665.601769              
VL51 -48951.957318 -20068.651483  29196.824463              
*  2025  5 24 10 36   0.00000000                            
PL51   6308.601385  -3087.147521  10000.582155              
VL51 -50977.983796 -18434.288678  26618.795203              
*  2025  5 24 10 38   0.00000000                            
PL51   5685.637630  -3298.098777  10304.122897              
VL51 -52817.637398 -16709.975384  23958.284355              
*  2025  5 24 10 40   0.00000000                            
PL51   5041.751806  -3487.861812  10575.285124              
VL51 -54463.887405 -14904.397581  21223.816179              
*  2025  5 24 10 42   0.00000000                            
PL51   4379.303079  -3655.515390  10813.233614              
VL51 -55910.477792 -13026.601250  18424.135761              
*  2025  5 24 10 44   0.00000000                            
PL51   3700.720921  -3800.248770  11017.239258              
VL51 -57151.950478 -11085.948906  15568.178773              
*  2025  5 24 10 46   0.00000000                            
PL51   3008.495414  -3921.365235  11186.681167              
VL51 -58183.664981  -9092.074924  12665.040896              
*  2025  5 24 10 48   0.00000000                            
PL51   2305.167337  -4018.285087  11321.048406              
VL51 -59001.814430  -7054.839915   9723.947018              
*  2025  5 24 10 50   0.00000000                            
PL51   1593.318088  -4090.548081  11419.941359              
VL51 -59603.437929  -4984.284365   6754.220338              
*  2025  5 24 10 52   0.00000000                            
PL51    875.559472  -4137.815300  11483.072725              
VL51 -59986.429274  -2890.581773   3765.251482              
*  2025  5 24 10 54   0.00000000                            
PL51    154.523417  -4159.870475  11510.268139              
VL51 -60149.542053   -783.991508    766.467752              
*  2025  5 24 10 56   0.00000000                            
PL51   -567.148365  -4156.620727  11501.466433              
VL51 -60092.391176   1325.188405  -2232.697410              
*  2025  5 24 10 58   0.00000000                            
PL51  -1286.814697  -4128.096749  11456.719524              
VL51 -59815.450869   3426.668340  -5222.834636              
*  2025  5 24 11  0   0.00000000                            
PL51  -2001.845225  -4074.452426  11376.191951              
VL51 -59320.049217   5510.213787  -8194.588459              
*  2025  5 24 11  2   0.00000000                            
PL51  -2709.630611  -3995.963896  11260.160043              
VL51 -58608.359305   7565.691520 -11138.686660              
*  2025  5 24 11  4   0.00000000                            
PL51  -3407.592607  -3893.028061  11109.010757              
VL51 -57683.387048   9583.115024 -14045.969068              
*  2025  5 24 11  6   0.00000000                            
PL51  -4093.193954  -3766.160554  10923.240156              
VL51 -56548.955782  11552.689012 -16907.415741              
*  2025  5 24 11  8   0.00000000                            
PL51  -4763.948091  -3615.993191  10703.451562              
VL51 -55209.687729  13464.852829 -19714.174452              
*  2025  5 24 11 10   0.00000000                            
PL51  -5417.428607  -3443.270894  10450.353387              
VL51 -53670.982413  15310.322594 -22457.587413              
*  2025  5 24 11 12   0.00000000                            
PL51  -6051.278429  -3248.848128  10164.756635              
VL51 -51938.992165  17080.131898 -25129.217164              
*  2025  5 24 11 14   0.00000000                            
PL51  -6663.218695  -3033.684853   9847.572117              
VL51 -50020.594836  18765.670904 -27720.871564              
*  2025  5 24 11 16   0.00000000                            
PL51  -7251.057279  -2798.842019   9499.807354              
VL51 -47923.363841  20358.723706 -30224.627830              
*  2025  5 24 11 18   0.00000000                            
PL51  -7812.696951  -2545.476627   9122.563210              
VL51 -45655.535699  21851.503792 -32632.855549              
*  2025  5 24 11 20   0.00000000                            
PL51  -8346.143125  -2274.836371   8717.030249              
VL51 -43225.975197  23236.687498 -34938.238638              
*  2025  5 24 11 22   0.00000000                            
PL51  -8849.511174  -1988.253893   8284.484837              
VL51 -40644.138345  24507.445315 -37133.796183              
*  2025  5 24 11 24   0.00000000                            
PL51  -9321.033301  -1687.140678   7826.285002              
VL51 -37920.033286  25657.470941 -39212.902115              
*  2025  5 24 11 26   0.00000000                            
PL51  -9759.064912  -1372.980615   7343.866061              
VL51 -35064.179310  26681.007982 -41169.303699              
*  2025  5 24 11 28   0.00000000                            
PL51 -10162.090500  -1047.323243   6838.736038              
VL51 -32087.564166  27572.874203 -42997.138775              
*  2025  5 24 11 30   0.00000000                            
PL51 -10528.729002   -711.776739   6312.470880              
VL51 -29001.599828  28328.483249 -44690.951729              
*  2025  5 24 11 32   0.00000000                            
PL51 -10857.738615   -368.000639   5766.709485              
VL51 -25818.076894  28943.863762 -46245.708162              
*  2025  5 24 11 34   0.00000000                            
PL51 -11148.021063    -17.698364   5203.148573              
VL51 -22549.117820  29415.675833 -47656.808222              
*  2025  5 24 11 36   0.00000000                            
PL51 -11398.625291    337.390445   4623.537392              
VL51 -19207.129145  29741.224747 -48920.098565              
*  2025  5 24 11 38   0.00000000                            
PL51 -11608.750586    695.497737   4029.672298              
VL51 -15804.752928  29918.471961 -50031.882944              
*  2025  5 24 11 40   0.00000000                            
PL51 -11777.749105   1054.834981   3423.391212              
VL51 -12354.817562  29946.043315 -50988.931385              
*  2025  5 24 11 42   0.00000000                            
PL51 -11905.127818   1413.601168   2806.567980              
VL51  -8870.288182  29823.234439 -51788.487944              
*  2025  5 24 11 44   0.00000000                            
PL51 -11990.549848   1769.990871   2181.106640              
VL51  -5364.216838  29550.013360 -52428.277046              
*  2025  5 24 11 46   0.00000000                            
PL51 -12033.835212   2122.202312   1548.935630              
VL51  -1849.692646  29127.020319 -52906.508389              
*  2025  5 24 11 48   0.00000000                            
PL51 -12034.960974   2468.445420    912.001944              
VL51   1660.207910  28555.564814 -53221.880420              
*  2025  5 24 11 50   0.00000000                            
PL51 -11994.060790   2806.949822    272.265249              
VL51   5152.470319  27837.619895 -53373.582400              
*  2025  5 24 11 52   0.00000000                            
PL51 -11911.423875   3135.972765   -368.308008              
VL51   8614.190864  26975.813764 -53361.295054              
*  2025  5 24 11 54   0.00000000                            
PL51 -11787.493384   3453.806910  -1007.750493              
VL51  12032.624742  25973.418711 -53185.189830              
*  2025  5 24 11 56   0.00000000                            
PL51 -11622.864217   3758.787985  -1644.099866              
VL51  15395.233293  24834.337471 -52845.926789              
*  2025  5 24 11 58   0.00000000                            
PL51 -11418.280272   4049.302250  -2275.404620              
VL51  18689.730191  23563.087040 -52344.651146              
*  2025  5 24 12  0   0.00000000                            
PL51 -11174.631142   4323.793767  -2899.729880              
VL51  21904.126433  22164.780064 -51682.988477              
*  2025  5 24 12  2   0.00000000                            
PL51 -10892.948286   4580.771417  -3515.163131              
VL51  25026.773955  20645.103848 -50863.038646              
*  2025  5 24 12  4   0.00000000                            
PL51 -10574.400681   4818.815662  -4119.819864              
VL51  28046.407749  19010.297120 -49887.368456              
*  2025  5 24 12  6   0.00000000                            
PL51 -10220.289985   5036.585013  -4711.849133              
VL51  30952.186311  17267.124623 -48759.003083              
*  2025  5 24 12  8   0.00000000                            
PL51  -9832.045218   5232.822175  -5289.438994              
VL51  33733.730323  15422.849667 -47481.416333              
*  2025  5 24 12 10   0.00000000                            
PL51  -9411.216992   5406.359860  -5850.821828              
VL51  36381.159410  13485.204741 -46058.519767              
*  2025  5 24 12 12   0.00000000                            
PL51  -8959.471318   5556.126230  -6394.279523              
VL51  38885.126905  11462.360326 -44494.650734              
*  2025  5 24 12 14   0.00000000                            
PL51  -8478.582998   5681.149955  -6918.148504              
VL51  41236.852480   9362.892016 -42794.559390              
*  2025  5 24 12 16   0.00000000                            
PL51  -7970.428648   5780.564875  -7420.824605              
VL51  43428.152601   7195.746081 -40963.394722              
*  2025  5 24 12 18   0.00000000                            
PL51  -7436.979363   5853.614227  -7900.767767              
VL51  45451.468701   4970.203608 -39006.689655              
*  2025  5 24 12 20   0.00000000                            
PL51  -6880.293062   5899.654448  -8356.506553              
VL51  47299.893025   2695.843334 -36930.345263              
*  2025  5 24 12 22   0.00000000                            
PL51  -6302.506530   5918.158510  -8786.642464              
VL51  48967.192088    382.503312 -34740.614160              
*  2025  5 24 12 24   0.00000000                            
PL51  -5705.827207   5908.718807  -9189.854053              
VL51  50447.827682  -1959.758462 -32444.083088              
*  2025  5 24 12 26   0.00000000                            
PL51  -5092.524721   5871.049543  -9564.900831              
VL51  51736.975428  -4320.704342 -30047.654756              
*  2025  5 24 12 28   0.00000000                            
PL51  -4464.922232   5804.988649  -9910.626942              
VL51  52830.540808  -6689.958103 -27558.528953              
*  2025  5 24 12 30   0.00000000                            
PL51  -3825.387583   5710.499192 -10225.964614              
VL51  53725.172656  -9057.046671 -24984.182977              
*  2025  5 24 12 32   0.00000000                            
PL51  -3176.324319   5587.670289 -10509.937363              
VL51  54418.274087 -11411.442375 -22332.351409              
*  2025  5 24 12 34   0.00000000                            
PL51  -2520.162574   5436.717500 -10761.662963              
VL51  54908.010839 -13742.605598 -19611.005254              
*  2025  5 24 12 36   0.00000000                            
PL51  -1859.349892   5257.982719 -10980.356152              
VL51  55193.317011 -16040.027689 -16828.330483              
*  2025  5 24 12 38   0.00000000                            
PL51  -1196.341977   5051.933544 -11165.331077              
VL51  55273.898182 -18293.274010 -13992.705992              
*  2025  5 24 12 40   0.00000000                            
PL51   -533.593436   4819.162127 -11316.003478              
VL51  55150.231900 -20492.026983 -11112.681012              
*  2025  5 24 12 42   0.00000000                            
PL51    126.451478   4560.383517 -11431.892592              
VL51  54823.565536 -22626.129002  -8196.951979              
*  2025  5 24 12 44   0.00000000                            
PL51    781.368076   4276.433477 -11512.622780              
VL51  54295.911487 -24685.625074  -5254.338898              
*  2025  5 24 12 46   0.00000000                            
PL51   1428.760374   3968.265807 -11557.924862              
VL51  53570.039729 -26660.805052  -2293.761221              
*  2025  5 24 12 48   0.00000000                            
PL51   2066.270122   3636.949149 -11567.637166              
VL51  52649.467720 -28542.245306    675.786741              
*  2025  5 24 12 50   0.00000000                            
PL51   2691.585703   3283.663303 -11541.706277              
VL51  51538.447650 -30320.849698   3645.260828              
*  2025  5 24 12 52   0.00000000                            
PL51   3302.450857   2909.695058 -11480.187481              
VL51  50241.951056 -31987.889702   6605.592454              
*  2025  5 24 12 54   0.00000000                            
PL51   3896.673214   2516.433545 -11383.244905              
VL51  48765.650799 -33535.043518   9547.714380              
*  2025  5 24 12 56   0.00000000                            
PL51   4472.132579   2105.365122 -11251.151346              
VL51  47115.900439 -34954.434026  12462.586823              
*  2025  5 24 12 58   0.00000000                            
PL51   5026.788975   1678.067824 -11084.287779              
VL51  45299.711025 -36238.665419  15341.223837              
*  2025  5 24 13  0   0.00000000                            
PL51   5558.690370   1236.205370 -10883.142557              
VL51  43324.725338 -37380.858358  18174.719937              
*  2025  5 24 13  2   0.00000000                            
PL51   6065.980098    781.520764 -10648.310281              
VL51  41199.189614 -38374.683483  20954.276894              
*  2025  5 24 13  4   0.00000000                            
PL51   6546.903916    315.829502 -10380.490351              
VL51  38931.922822 -39214.393115  23671.230658              
*  2025  5 24 13  6   0.00000000                            
PL51   6999.816680   -158.987586 -10080.485200              
VL51  36532.283516 -39894.850987  26317.078342              
*  2025  5 24 13  8   0.00000000                            
PL51   7423.188611   -640.991844  -9749.198189              
VL51  34010.134368 -40411.559833  28883.505179              
*  2025  5 24 13 10   0.00000000                            
PL51   7815.611117  -1128.194609  -9387.631196              
VL51  31375.804426 -40760.686666  31362.411393              
*  2025  5 24 13 12   0.00000000                            
PL51   8175.802157  -1618.565325  -8996.881871              
VL51  28640.049211 -40939.085586  33745.938878              
*  2025  5 24 13 14   0.00000000                            
PL51   8502.611104  -2110.039907  -8578.140582              
VL51  25814.008754 -40944.317947  36026.497594              
*  2025  5 24 13 16   0.00000000                            
PL51   8795.023102  -2600.529340  -8132.687036              
VL51  22909.163687 -40774.669728  38196.791572              
*  2025  5 24 13 18   0.00000000                            
PL51   9052.162877  -3087.928463  -7661.886600              
VL51  19937.289537 -40429.165961  40249.844415              
*  2025  5 24 13 20   0.00000000                            
PL51   9273.297994  -3570.124907  -7167.186317              
VL51  16910.409378 -39907.582073  42179.024176              
*  2025  5 24 13 22   0.00000000                            
PL51   9457.841539  -4045.008151  -6650.110624              
VL51  13840.745008 -39210.452020  43978.067486              
*  2025  5 24 13 24   0.00000000                            
PL51   9605.354201  -4510.478662  -6112.256790              
VL51  10740.666845 -38339.073083  45641.102816              
*  2025  5 24 13 26   0.00000000                            
PL51   9715.545749  -4964.457059  -5555.290081              
VL51   7622.642739 -37295.507242  47162.672720              
*  2025  5 24 13 28   0.00000000                            
PL51   9788.275893  -5404.893288  -4980.938661              
VL51   4499.185939 -36082.579049  48537.754957              
*  2025  5 24 13 30   0.00000000                            
PL51   9823.554509  -5829.775735  -4390.988249              
VL51   1382.802423 -34703.869908  49761.782335              
*  2025  5 24 13 32   0.00000000                            
PL51   9821.541238  -6237.140262  -3787.276549              
VL51  -1714.062144 -33163.708766  50830.661163              
*  2025  5 24 13 34   0.00000000                            
PL51   9782.544441  -6625.079098  -3171.687460              
VL51  -4779.075563 -31467.159145  51740.788181              
*  2025  5 24 13 36   0.00000000                            
PL51   9707.019519  -6991.749562  -2546.145103              
VL51  -7800.072113 -29620.002552  52489.065848              
*  2025  5 24 13 38   0.00000000                            
PL51   9595.566599  -7335.382559  -1912.607666              
VL51 -10765.105127 -27628.718281  53072.915858              
*  2025  5 24 13 40   0.00000000                            
PL51   9448.927595  -7654.290817  -1273.061099              
VL51 -13662.498853 -25500.459657  53490.290805              
*  2025  5 24 13 42   0.00000000                            
PL51   9267.982649  -7946.876812   -629.512690              
VL51 -16480.899327 -23243.026807  53739.683868              
*  2025  5 24 13 44   0.00000000                            
PL51   9053.745971  -8211.640351     16.015475              
VL51 -19209.323938 -20864.836062  53820.136445              
*  2025  5 24 13 46   0.00000000                            
PL51   8807.361094  -8447.185767    661.493125              
VL51 -21837.209431 -18374.886125  53731.243670              
*  2025  5 24 13 48   0.00000000                            
PL51   8530.095562  -8652.228689   1304.888473              
VL51 -24354.458046 -15782.721160  53473.157740              
*  2025  5 24 13 50   0.00000000                            
PL51   8223.335077  -8825.602350   1944.174903              
VL51 -26751.481538 -13098.390992  53046.589019              
*  2025  5 24 13 52   0.00000000                            
PL51   7888.577135  -8966.263406   2577.337672              
VL51 -29019.242799 -10332.408618  52452.804903              
*  2025  5 24 13 54   0.00000000                            
PL51   7527.424174  -9073.297221   3202.380568              
VL51 -31149.294865  -7495.705254  51693.626427              
*  2025  5 24 13 56   0.00000000                            
PL51   7141.576270  -9145.922611   3817.332531              
VL51 -33133.817063  -4599.583167  50771.422627              
*  2025  5 24 13 58   0.00000000                            
PL51   6732.823426  -9183.496000   4420.254175              
VL51 -34965.648095  -1655.666537  49689.102693              
*  2025  5 24 14  0   0.00000000                            
PL51   6303.037470  -9185.514978   5009.244218              
VL51 -36638.315889   1324.149364  48450.105935              
*  2025  5 24 14  2   0.00000000                            
PL51   5854.163627  -9151.621249   5582.445771              
VL51 -38146.064035   4327.750413  47058.389637              
*  2025  5 24 14  4   0.00000000                            
PL51   5388.211790  -9081.602928   6138.052470              
VL51 -39483.874686   7342.856990  45518.414857              
*  2025  5 24 14  6   0.00000000                            
PL51   4907.247535  -8975.396211   6674.314426              
VL51 -40647.487805  10357.078167  43835.130264              
*  2025  5 24 14  8   0.00000000                            
PL51   4413.382933  -8833.086379   7189.543970              
VL51 -41633.416670  13357.966426  42013.954101              
*  2025  5 24 14 10   0.00000000                            
PL51   3908.767193  -8654.908147   7682.121173              
VL51 -42438.959589  16333.072612  40060.754387              
*  2025  5 24 14 12   0.00000000                            
PL51   3395.577197  -8441.245357   8150.499113              
VL51 -43062.207780  19270.000840  37981.827469              
*  2025  5 24 14 14   0.00000000                            
PL51   2876.007948  -8192.630008   8593.208881              
VL51 -43502.049419  22156.463043  35783.875047              
*  2025  5 24 14 16   0.00000000                            
PL51   2352.263011  -7909.740637   9008.864297              
VL51 -43758.169863  24980.332921  33473.979804              
*  2025  5 24 14 18   0.00000000                            
PL51   1826.544956  -7593.400064   9396.166335              
VL51 -43831.048095  27729.698976  31059.579771              
*  2025  5 24 14 20   0.00000000                            
PL51   1301.045878  -7244.572493   9753.907221              
VL51 -43721.949460  30392.916414  28548.441571              
*  2025  5 24 14 22   0.00000000                            
PL51    777.938026  -6864.360018  10080.974216              
VL51 -43432.914769  32958.657639  25948.632687              
*  2025  5 24 14 24   0.00000000                            
PL51    259.364571  -6453.998511  10376.353052              
VL51 -42966.745887  35415.961134  23268.492876              
*  2025  5 24 14 26   0.00000000                            
PL51   -252.569411  -6014.852951  10639.131027              
VL51 -42326.987930  37754.278502  20516.604892              
*  2025  5 24 14 28   0.00000000                            
PL51   -755.805747  -5548.412194  10868.499739              
VL51 -41517.908209  39963.519472  17701.764638              
*  2025  5 24 14 30   0.00000000                            
PL51  -1248.341681  -5056.283214  11063.757467              
VL51 -40544.472076  42034.094706  14832.950874              
*  2025  5 24 14 32   0.00000000                            
PL51  -1728.238098  -4540.184848  11224.311178              
VL51 -39412.315841  43956.956215  11919.294614              
*  2025  5 24 14 34   0.00000000                            
PL51  -2193.627396  -4001.941071  11349.678170              
VL51 -38127.716932  45723.635274   8970.048330              
*  2025  5 24 14 36   0.00000000                            
PL51  -2642.720988  -3443.473830  11439.487346              
VL51 -36697.561478  47326.277667   5994.555067              
*  2025  5 24 14 38   0.00000000                            
PL51  -3073.816401  -2866.795468  11493.480115              
VL51 -35129.309512  48757.676164   3002.217582              
*  2025  5 24 14 40   0.00000000                            
PL51  -3485.303939  -2274.000789  11511.510923              
VL51 -33430.957975  50011.300116      2.467621              
*  2025  5 24 14 42   0.00000000                            
PL51  -3875.672899  -1667.258766  11493.547418              
VL51 -31611.001735  51081.322082  -2995.264586              
*  2025  5 24 14 44   0.00000000                            
PL51  -4243.517301  -1048.803965  11439.670252              
VL51 -29678.392803  51962.641396  -5981.580500              
*  2025  5 24 14 46   0.00000000                            
PL51  -4587.541120   -420.927694  11350.072517              
VL51 -27642.497979  52650.904636  -8947.143034              
*  2025  5 24 14 48   0.00000000                            
PL51  -4906.563004    214.031067  11225.058839              
VL51 -25513.055111  53142.522913 -11882.705807              
*  2025  5 24 14 50   0.00000000                            
PL51  -5199.520456    853.694933  11065.044110              
VL51 -23300.128191  53434.685983 -14779.141817              
*  2025  5 24 14 52   0.00000000                            
PL51  -5465.473478   1495.657524  10870.551890              
VL51 -21014.061482  53525.373130 -17627.471456              
*  2025  5 24 14 54   0.00000000                            
PL51  -5703.607647   2137.492987  10642.212473              
VL51 -18665.432901  53413.360825 -20418.889789              
*  2025  5 24 14 56   0.00000000                            
PL51  -5913.236647   2776.765595  10380.760632              
VL51 -16265.006842  53098.227160 -23144.793051              
*  2025  5 24 14 58   0.00000000                            
PL51  -6093.804211   3411.039374  10087.033047              
VL51 -13823.686650  52580.353070 -25796.804276              
*  2025  5 24 15  0   0.00000000                            
PL51  -6244.885511   4037.887731   9761.965442              
VL51 -11352.466946  51860.920361 -28366.798021              
*  2025  5 24 15  2   0.00000000                            
PL51  -6366.187962   4654.903036   9406.589411              
VL51  -8862.385987  50941.906572 -30846.924122              
*  2025  5 24 15  4   0.00000000                            
PL51  -6457.551464   5259.706123   9022.028990              
VL51  -6364.478268  49826.076731 -33229.630431              
*  2025  5 24 15  6   0.00000000                            
PL51  -6518.948071   5849.955678   8609.496941              
VL51  -3869.727538  48516.972023 -35507.684479              
*  2025  5 24 15  8   0.00000000                            
PL51  -6550.481108   6423.357467   8170.290795              
VL51  -1389.020427  47018.895471 -37674.194027              
*  2025  5 24 15 10   0.00000000                            
PL51  -6552.383728   6977.673378   7705.788649              
VL51   1066.899141  45336.894669 -39722.626455              
*  2025  5 24 15 12   0.00000000                            
PL51  -6525.016928   7510.730238   7217.444746              
VL51   3487.474579  43476.741663 -41646.826943              
*  2025  5 24 15 14   0.00000000                            
PL51  -6468.867046   8020.428374   6706.784831              
VL51   5862.380133  41444.910072 -43441.035410              
*  2025  5 24 15 16   0.00000000                            
PL51  -6384.542730   8504.749879   6175.401325              
VL51   8181.563074  39248.549549 -45099.902170              
*  2025  5 24 15 18   0.00000000                            
PL51  -6272.771419   8961.766557   5624.948310              
VL51  10435.284448  36895.457691 -46618.502266              
*  2025  5 24 15 20   0.00000000                            
PL51  -6134.395340   9389.647521   5057.136352              
VL51  12614.158207  34394.049534 -47992.348469              
*  2025  5 24 15 22   0.00000000                            
PL51  -5970.367047   9786.666406   4473.727180              
VL51  14709.188593  31753.324744 -49217.402895              
*  2025  5 24 15 24   0.00000000                            
PL51  -5781.744524  10151.208178   3876.528230              
VL51  16711.805640  28982.832665 -50290.087244              
*  2025  5 24 15 26   0.00000000                            
PL51  -5569.685869  10481.775506   3267.387075              
VL51  18613.898659  26092.635350 -51207.291624              
*  2025  5 24 15 28   0.00000000                            
PL51  -5335.443598  10776.994691   2648.185756              
VL51  20407.847603  23093.268740 -51966.381966              
*  2025  5 24 15 30   0.00000000                            
PL51  -5080.358575  11035.621104   2020.835042              
VL51  22086.552187  19995.702134 -52565.206004              
*  2025  5 24 15 32   0.00000000                            
PL51  -4805.853613  11256.544138   1387.268611              
VL51  23643.458684  16811.296132 -53002.097830              
*  2025  5 24 15 34   0.00000000                            
PL51  -4513.426769  11438.791647    749.437198              
VL51  25072.584283  13551.759204 -53275.881006              
*  2025  5 24 15 36   0.00000000                            
PL51  -4204.644356  11581.533848    109.302712              
VL51  26368.538952  10229.103077 -53385.870261              
*  2025  5 24 15 38   0.00000000                            
PL51  -3881.133714  11684.086693   -531.167668              
VL51  27526.544734   6855.597101 -53331.871748              
*  2025  5 24 15 40   0.00000000                            
PL51  -3544.575762  11745.914679  -1170.007377              
VL51  28542.452406   3443.721795 -53114.181911              
*  2025  5 24 15 42   0.00000000                            
PL51  -3196.697365  11766.633101  -1805.256338              
VL51  29412.755472      6.121765 -52733.584959              
*  2025  5 24 15 44   0.00000000                            
PL51  -2839.263551  11746.009737  -2434.966793              
VL51  30134.601456  -3444.441843 -52191.349000              
*  2025  5 24 15 46   0.00000000                            
PL51  -2474.069611  11683.965958  -3057.209080              
VL51  30705.800472  -6895.139145 -51489.220853              
*  2025  5 24 15 48   0.00000000                            
PL51  -2102.933108  11580.577269  -3670.077337              
VL51  31124.831082 -10333.119415 -50629.419593              
*  2025  5 24 15 50   0.00000000                            
PL51  -1727.685834  11436.073265  -4271.695130              
VL51  31390.843431 -13745.558899 -49614.628871              
*  2025  5 24 15 52   0.00000000                            
PL51  -1350.165746  11250.837031  -4860.220969              
VL51  31503.659700 -17119.708386 -48447.988053              
*  2025  5 24 15 54   0.00000000                            
PL51   -972.208913  11025.403956  -5433.853724              
VL51  31463.771890 -20442.940381 -47133.082229              
*  2025  5 24 15 56   0.00000000                            
PL51   -595.641505  10760.459996  -5990.837905              
VL51  31272.336978 -23702.795727 -45673.931126              
*  2025  5 24 15 58   0.00000000                            
PL51   -222.271851  10456.839379  -6529.468804              
VL51  30931.169486 -26887.029544 -44074.976975              
*  2025  5 24 16  0   0.00000000                            
PL51    146.117387  10115.521756  -7048.097493              
VL51  30442.731514 -29983.656325 -42341.071362              
*  2025  5 24 16  2   0.00000000                            
PL51    507.776920   9737.628829  -7545.135648              
VL51  29810.120286 -32980.994074 -40477.461118              
*  2025  5 24 16  4   0.00000000                            
PL51    860.998360   9324.420448  -8019.060202              
VL51  29037.053268 -35867.707334 -38489.773272              
*  2025  5 24 16  6   0.00000000                            
PL51   1204.121568   8877.290197  -8468.417816              
VL51  28127.850941 -38632.848995 -36383.999108              
*  2025  5 24 16  8   0.00000000                            
PL51   1535.541771   8397.760494  -8891.829148              
VL51  27087.417273 -41265.900730 -34166.477388              
*  2025  5 24 16 10   0.00000000                            
PL51   1853.716436   7887.477209  -9287.992918              
VL51  25921.217992 -43756.811971 -31843.876752              
*  2025  5 24 16 12   0.00000000                            
PL51   2157.171874   7348.203823  -9655.689758              
VL51  24635.256742 -46096.037295 -29423.177356              
*  2025  5 24 16 14   0.00000000                            
PL51   2444.509535   6781.815153  -9993.785836              
VL51  23236.049199 -48274.572117 -26911.651777              
*  2025  5 24 16 16   0.00000000                            
PL51   2714.411995   6190.290656 -10301.236246              
VL51  21730.595256 -50283.986590 -24316.845226              
*  2025  5 24 16 18   0.00000000                            
PL51   2965.648583   5575.707335 -10577.088159              
VL51  20126.349358 -52116.457623 -21646.555101              
*  2025  5 24 16 20   0.00000000                            
PL51   3197.080656   4940.232282 -10820.483723              
VL51  18431.189103 -53764.798913 -18908.809917              
*  2025  5 24 16 22   0.00000000                            
PL51   3407.666474   4286.114860 -11030.662707              
VL51  16653.382201 -55222.488919 -16111.847633              
*  2025  5 24 16 24   0.00000000                            
PL51   3596.465678   3615.678573 -11206.964881              
VL51  14801.551898 -56483.696684 -13264.093415              
*  2025  5 24 16 26   0.00000000                            
PL51   3762.643345   2931.312635 -11348.832125              
VL51  12884.640974 -57543.305428 -10374.136857              
*  2025  5 24 16 28   0.00000000                            
PL51   3905.473592   2235.463267 -11455.810267              
VL51  10911.874427 -58396.933830  -7450.708683              
*  2025  5 24 16 30   0.00000000                            
PL51   4024.342741   1530.624757 -11527.550631              
VL51   8892.720958 -59040.954927  -4502.656966              
*  2025  5 24 16 32   0.00000000                            
PL51   4118.752002    819.330309 -11563.811301              
VL51   6836.853368 -59472.512548  -1538.922873              
*  2025  5 24 16 34   0.00000000                            
PL51   4188.319680    104.142704 -11564.458088              
VL51   4754.107997 -59689.535213   1431.484020              
*  2025  5 24 16 36   0.00000000                            
PL51   4232.782892   -612.355184 -11529.465207              
VL51   2654.443326 -59690.747423   4399.510830              
*  2025  5 24 16 38   0.00000000                            
PL51   4251.998777  -1327.569998 -11458.915638              
VL51    547.897869 -59475.678269   7356.086851              
*  2025  5 24 16 40   0.00000000                            
PL51   4245.945207  -2038.907584 -11353.001187              
VL51  -1555.452505 -59044.667293  10292.149391              
*  2025  5 24 16 42   0.00000000                            
PL51   4214.720971  -2743.782746 -11212.022235              
VL51  -3645.537690 -58398.867525  13198.669923              
*  2025  5 24 16 44   0.00000000                            
PL51   4158.545446  -3439.629005 -11036.387166              
VL51  -5712.336743 -57540.245632  16066.680513              
*  2025  5 24 16 46   0.00000000                            
PL51   4077.757751  -4123.908353 -10826.611486              
VL51  -7745.921431 -56471.579114  18887.300484              
*  2025  5 24 16 48   0.00000000                            
PL51   3972.815368  -4794.120946 -10583.316608              
VL51  -9736.499751 -55196.450487  21651.763242              
*  2025  5 24 16 50   0.00000000                            
PL51   3844.292249  -5447.814723 -10307.228328              
VL51 -11674.459263 -53719.238396  24351.443219              
*  2025  5 24 16 52   0.00000000                            
PL51   3692.876404  -6082.594879  -9999.174965              
VL51 -13550.410069 -52045.105624  26977.882859              
*  2025  5 24 16 54   0.00000000                            
PL51   3519.366971  -6696.133199  -9660.085187              
VL51 -15355.227246 -50179.983953  29522.819558              
*  2025  5 24 16 56   0.00000000                            
PL51   3324.670792  -7286.177168  -9290.985510              
VL51 -17080.092555 -48130.555865  31978.212484              
*  2025  5 24 16 58   0.00000000                            
PL51   3109.798482  -7850.558864  -8892.997475              
VL51 -18716.535243 -45904.233078  34336.269186              
*  2025  5 24 17  0   0.00000000                            
PL51   2875.860018  -8387.203555  -8467.334511              
VL51 -20256.471725 -43509.131901  36589.471897              
*  2025  5 24 17  2   0.00000000                            
PL51   2624.059869  -8894.137999  -8015.298484              
VL51 -21692.243969 -40954.045452  38730.603412              
*  2025  5 24 17  4   0.00000000                            
PL51   2355.691660  -9369.498376  -7538.275932              
VL51 -23016.656365 -38248.412753  40752.772453              
*  2025  5 24 17  6   0.00000000                            
PL51   2072.132411  -9811.537844  -7037.734013              
VL51 -24223.010888 -35402.284772  42649.438373              
*  2025  5 24 17  8   0.00000000                            
PL51   1774.836366 -10218.633660  -6515.216147              
VL51 -25305.140345 -32426.287471  44414.435096              
*  2025  5 24 17 10   0.00000000                            
PL51   1465.328436 -10589.293843  -5972.337383              
VL51 -26257.439503 -29331.581968  46041.994151              
*  2025  5 24 17 12   0.00000000                            
PL51   1145.197274 -10922.163347  -5410.779498              
VL51 -27074.893907 -26129.821940  47526.766660              
*  2025  5 24 17 14   0.00000000                            
PL51    816.088031 -11216.029700  -4832.285830              
VL51 -27753.106203 -22833.108394  48863.844166              
*  2025  5 24 17 16   0.00000000                            
PL51    479.694804 -11469.828088  -4238.655881              
VL51 -28288.319768 -19453.941994  50048.778149              
*  2025  5 24 17 18   0.00000000                            
PL51    137.752819 -11682.645856  -3631.739682              
VL51 -28677.439498 -16005.173111  51077.598108              
*  2025  5 24 17 20   0.00000000                            
PL51   -207.969616 -11853.726391  -3013.431959              
VL51 -28918.049584 -12499.949839  51946.828090              
*  2025  5 24 17 22   0.00000000                            
PL51   -555.679353 -11982.472376  -2385.666109              
VL51 -29008.428133  -8951.664177  52653.501524              
*  2025  5 24 17 24   0.00000000                            
PL51   -903.566805 -12068.448386  -1750.408001              
VL51 -28947.558519  -5373.896664  53195.174280              
*  2025  5 24 17 26   0.00000000                            
PL51  -1249.814456 -12111.382808  -1109.649647              
VL51 -28735.137351  -1780.359705  53569.935815              
*  2025  5 24 17 28   0.00000000                            
PL51  -1592.605456 -12111.169085   -465.402735              
VL51 -28371.578968   1815.160093  53776.418345              
*  2025  5 24 17 30   0.00000000                            
PL51  -1930.132238 -12067.866250    180.307927              
VL51 -27858.016406   5398.860301  53813.803934              
*  2025  5 24 17 32   0.00000000                            
PL51  -2260.605133 -11981.698768    825.451041              
VL51 -27196.298789   8956.981434  53681.829456              
*  2025  5 24 17 34   0.00000000                            
PL51  -2582.260929 -11853.055665   1467.995494              
VL51 -26388.985128  12475.865793  53380.789355              
*  2025  5 24 17 36   0.00000000                            
PL51  -2893.371333 -11682.488955   2105.917057              
VL51 -25439.334539  15942.016041  52911.536184              
*  2025  5 24 17 38   0.00000000                            
PL51  -3192.251300 -11470.711370   2737.205070              
VL51 -24351.292910  19342.153205  52275.478882              
*  2025  5 24 17 40   0.00000000                            
PL51  -3477.267171 -11218.593391   3359.869104              
VL51 -23129.476083  22663.273752  51474.578804              
*  2025  5 24 17 42   0.00000000                            
PL51  -3746.844598 -10927.159609   3971.945547              
VL51 -21779.149625  25892.705436  50511.343503              
*  2025  5 24 17 44   0.00000000                            
PL51  -3999.476204 -10597.584424   4571.504116              
VL51 -20306.205310  29018.161588  49388.818308              
*  2025  5 24 17 46   0.00000000                            
PL51  -4233.728936 -10231.187096   5156.654247              
VL51 -18717.134436  32027.793561  48110.575732              
*  2025  5 24 17 48   0.00000000                            
PL51  -4448.251090  -9829.426191   5725.551345              
VL51 -17018.998122  34910.241033  46680.702787              
*  2025  5 24 17 50   0.00000000                            
PL51  -4641.778948  -9393.893427   6276.402875              
VL51 -15219.394773  37654.679918  45103.786266              
*  2025  5 24 17 52   0.00000000                            
PL51  -4813.143027  -8926.306966   6807.474259              
VL51 -13326.424885  40250.867618  43384.896093              
*  2025  5 24 17 54   0.00000000                            
PL51  -4961.273873  -8428.504177   7317.094566              
VL51 -11348.653399  42689.185403  41529.566830              
*  2025  5 24 17 56   0.00000000                            
PL51  -5085.207400  -7902.433916   7803.661966              
VL51  -9295.069817  44960.677706  39543.777451              
*  2025  5 24 17 58   0.00000000                            
PL51  -5184.089734  -7350.148343   8265.648938              
VL51  -7175.046311  47057.088155  37433.929499              
*  2025  5 24 18  0   0.00000000                            
PL51  -5257.181547  -6773.794334   8701.607195              
VL51  -4998.294065  48970.892177  35206.823763              
*  2025  5 24 18  2   0.00000000                            
PL51  -5303.861853  -6175.604522   9110.172334              
VL51  -2774.818085  50695.326053  32869.635585              
*  2025  5 24 18  4   0.00000000                            
PL51  -5323.631257  -5557.888013   9490.068174              
VL51   -514.870730  52224.412310  30429.888951              
*  2025  5 24 18  6   0.00000000                            
PL51  -5316.114642  -4923.020813   9840.110780              
VL51   1771.095787  53552.981372  27895.429502              
*  2025  5 24 18  8   0.00000000                            
PL51  -5281.063272  -4273.436024  10159.212155              
VL51   4072.477673  54676.689421  25274.396582              
*  2025  5 24 18 10   0.00000000                            
PL51  -5218.356323  -3611.613848  10446.383593              
VL51   6378.568371  55592.032429  22575.194487              
*  2025  5 24 18 12   0.00000000                            
PL51  -5128.001824  -2940.071444  10700.738682              
VL51   8678.607658  56296.356351  19806.463025              
*  2025  5 24 18 14   0.00000000                            
PL51  -5010.136998  -2261.352685  10921.495950              
VL51  10961.830798  56787.863488  16977.047536              
*  2025  5 24 18 16   0.00000000                            
PL51  -4865.028030  -1578.017865  11107.981153              
VL51  13217.517497  57065.615052  14095.968490              
*  2025  5 24 18 18   0.00000000                            
PL51  -4693.069239   -892.633393  11259.629188              
VL51  15435.040452  57129.529968  11172.390805              
*  2025  5 24 18 20   0.00000000                            
PL51  -4494.781673   -207.761527  11375.985645              
VL51  17603.913256  56980.380015   8215.592993              
*  2025  5 24 18 22   0.00000000                            
PL51  -4270.811135    474.049812  11456.707982              
VL51  19713.837458  56619.781347   5234.936266              
*  2025  5 24 18 24   0.00000000                            
PL51  -4021.925651   1150.277107  11501.566334              
VL51  21754.748572  56050.182536   2239.833696              
*  2025  5 24 18 26   0.00000000                            
PL51  -3749.012395   1818.431139  11510.443951              
VL51  23716.860854  55274.849215   -760.280466              
*  2025  5 24 18 28   0.00000000                            
PL51  -3453.074078   2476.066693  11483.337267              
VL51  25590.710643  54297.845462  -3755.981212              
*  2025  5 24 18 30   0.00000000                            
PL51  -3135.224831   3120.792002  11420.355613              
VL51  27367.198126  53124.012036  -6737.882852              
*  2025  5 24 18 32   0.00000000                            
PL51  -2796.685603   3750.277928  11321.720561              
VL51  29037.627322  51758.941622  -9696.668656              
*  2025  5 24 18 34   0.00000000                            
PL51  -2438.779078   4362.266819  11187.764926              
VL51  30593.744174  50208.951205 -12623.119974              
*  2025  5 24 18 36   0.00000000                            
PL51  -2062.924154   4954.581023  11018.931414              
VL51  32027.772574  48481.051758 -15508.144762              
*  2025  5 24 18 38   0.00000000                            
PL51  -1670.630009   5525.131021  10815.770938              
VL51  33332.448202  46582.915374 -18342.805422              
*  2025  5 24 18 40   0.00000000                            
PL51  -1263.489759   6071.923149  10578.940599              
VL51  34501.050065  44522.840035 -21118.345904              
*  2025  5 24 18 42   0.00000000                            
PL51   -843.173767   6593.066890  10309.201347              
VL51  35527.429616  42309.712176 -23826.217992              
*  2025  5 24 18 44   0.00000000                            
PL51   -411.422609   7086.781696  10007.415341              
VL51  36406.037358  39952.967233 -26458.106707              
*  2025  5 24 18 46   0.00000000                            
PL51     29.960259   7551.403337   9674.542993              
VL51  37131.946848  37462.548336 -29005.954793              
*  2025  5 24 18 48   0.00000000                            
PL51    479.116113   7985.389728   9311.639740              
VL51  37700.876027  34848.863356 -31461.986198              
*  2025  5 24 18 50   0.00000000                            
PL51    934.138803   8387.326248   8919.852530              
VL51  38109.205800  32122.740466 -33818.728532              
*  2025  5 24 18 52   0.00000000                            
PL51   1393.082809   8755.930507   8500.416053              
VL51  38353.995820  29295.382421 -36069.034439              
*  2025  5 24 18 54   0.00000000                            
PL51   1853.971462   9090.056563   8054.648713              
VL51  38432.997418  26378.319727 -38206.101841              
*  2025  5 24 18 56   0.00000000                            
PL51   2314.805317   9388.698567   7583.948371              
VL51  38344.663651  23383.362905 -40223.493023              
*  2025  5 24 18 58   0.00000000                            
PL51   2773.570607   9650.993834   7089.787866              
VL51  38088.156434  20322.554012 -42115.152494              
*  2025  5 24 19  0   0.00000000                            
PL51   3228.247787   9876.225329   6573.710326              
VL51  37663.350742  17208.117643 -43875.423613              
*  2025  5 24 19  2   0.00000000                            
PL51   3676.820097  10063.823562   6037.324286              
VL51  37070.835877  14052.411570 -45499.063915              
*  2025  5 24 19  4   0.00000000                            
PL51   4117.282128  10213.367885   5482.298637              
VL51  36311.913800  10867.877245 -46981.259110              
*  2025  5 24 19  6   0.00000000                            
PL51   4547.648349  10324.587203   4910.357407              
VL51  35388.594567   7666.990341 -48317.635723              
*  2025  5 24 19  8   0.00000000                            
PL51   4965.961563  10397.360090   4323.274406              
VL51  34303.588883   4462.211543 -49504.272351              
*  2025  5 24 19 10   0.00000000                            
PL51   5370.301253  10431.714312   3722.867737              
VL51  33060.297838   1265.937774 -50537.709506              
*  2025  5 24 19 12   0.00000000                            
PL51   5758.791796  10427.825775   3110.994202              
VL51  31662.799876  -1909.545960 -51414.958046              
*  2025  5 24 19 14   0.00000000                            
PL51   6129.610497  10386.016898   2489.543615              
VL51  30115.835057  -5052.113910 -52133.506181              
*  2025  5 24 19 16   0.00000000                            
PL51   6480.995421  10306.754417   1860.433040              
VL51  28424.786716  -8149.845950 -52691.325049              
*  2025  5 24 19 18   0.00000000                            
PL51   6811.252987  10190.646654   1225.600968              
VL51  26595.660572 -11191.072783 -53086.872866              
*  2025  5 24 19 20   0.00000000                            
PL51   7118.765305  10038.440235    587.001453              
VL51  24635.061409 -14164.419840 -53319.097657              
*  2025  5 24 19 22   0.00000000                            
PL51   7401.997208   9851.016298    -53.401771              
VL51  22550.167422 -17058.849700 -53387.438579              
*  2025  5 24 19 24   0.00000000                            
PL51   7659.502968   9629.386206   -693.641190              
VL51  20348.702336 -19863.702910 -53291.825840              
*  2025  5 24 19 26   0.00000000                            
PL51   7889.932669   9374.686767  -1331.751388              
VL51  18038.905432 -22568.737023 -53032.679243              
*  2025  5 24 19 28   0.00000000                            
PL51   8092.038200   9088.175015  -1965.774915              
VL51  15629.499587 -25164.163766 -52610.905375              
*  2025  5 24 19 30   0.00000000                            
PL51   8264.678856   8771.222536  -2593.768098              
VL51  13129.657490 -27640.684180 -52027.893464              
*  2025  5 24 19 32   0.00000000                            
PL51   8406.826529   8425.309404  -3213.806807              
VL51  10548.966137 -29989.521652 -51285.509944              
*  2025  5 24 19 34   0.00000000                            
PL51   8517.570454   8052.017724  -3823.992135              
VL51   7897.389780 -32202.452715 -50386.091746              
*  2025  5 24 19 36   0.00000000                            
PL51   8596.121511   7653.024819  -4422.456006              
VL51   5185.231458 -34271.835540 -49332.438372              
*  2025  5 24 19 38   0.00000000                            
PL51   8641.816050   7230.096091  -5007.366666              
VL51   2423.093257 -36190.636038 -48127.802783              
*  2025  5 24 19 40   0.00000000                            
PL51   8654.119237   6785.077588  -5576.934070              
VL51   -378.164539 -37952.451503 -46775.881138              
*  2025  5 24 19 42   0.00000000                            
PL51   8632.627901   6319.888293  -6129.415125              
VL51  -3207.465270 -39551.531744 -45280.801436              
*  2025  5 24 19 44   0.00000000                            
PL51   8577.072877   5836.512183  -6663.118807              
VL51  -6053.558543 -40982.797649 -43647.111101              
*  2025  5 24 19 46   0.00000000                            
PL51   8487.320831   5336.990077  -7176.411110              
VL51  -8905.063544 -42241.857154 -41879.763551              
*  2025  5 24 19 48   0.00000000                            
PL51   8363.375562   4823.411308  -7667.719834              
VL51 -11750.512862 -43325.018573 -39984.103802              
*  2025  5 24 19 50   0.00000000                            
PL51   8205.378778   4297.905252  -8135.539191              
VL51 -14578.396703 -44229.301297 -37965.853141              
*  2025  5 24 19 52   0.00000000                            
PL51   8013.610334   3762.632745  -8578.434227              
VL51 -17377.207318 -44952.443810 -35831.092936              
*  2025  5 24 19 54   0.00000000                            
PL51   7788.487945   3219.777418  -8995.045039              
VL51 -20135.483513 -45492.909048 -33586.247600              
*  2025  5 24 19 56   0.00000000                            
PL51   7530.566359   2671.536985  -9384.090788              
VL51 -22841.855117 -45849.887114 -31238.066775              
*  2025  5 24 19 58   0.00000000                            
PL51   7240.535997   2120.114515  -9744.373489              
VL51 -25485.087234 -46023.295343 -28793.606765              
*  2025  5 24 20  0   0.00000000                            
PL51   6919.221069   1567.709716 -10074.781575              
VL51 -28054.124192 -46013.775747 -26260.211259              
*  2025  5 24 20  2   0.00000000                            
PL51   6567.577158   1016.510270 -10374.293231              
VL51 -30538.133011 -45822.689873 -23645.491379              
*  2025  5 24 20  4   0.00000000                            
PL51   6186.688293    468.683238 -10641.979476              
VL51 -32926.546293 -45452.111089 -20957.305084              
*  2025  5 24 20  6   0.00000000                            
PL51   5777.763507    -73.633419 -10877.006998              
VL51 -35209.104395 -44904.814354 -18203.735961              
*  2025  5 24 20  8   0.00000000                            
PL51   5342.132895   -608.339187 -11078.640737              
VL51 -37375.896754 -44184.263487 -15393.071425              
*  2025  5 24 20 10   0.00000000                            
PL51   4881.243183  -1133.379175 -11246.246189              
VL51 -39417.402239 -43294.595987 -12533.780365              
*  2025  5 24 20 12   0.00000000                            
PL51   4396.652814  -1646.752100 -11379.291456              
VL51 -41324.528410 -42240.605460  -9634.490244              
*  2025  5 24 20 14   0.00000000                            
PL51   3890.026581  -2146.518037 -11477.348999              
VL51 -43088.649546 -41027.721674  -6703.963702              
*  2025  5 24 20 16   0.00000000                            
PL51   3363.129800  -2630.805929 -11540.097128              
VL51 -44701.643324 -39661.988325  -3751.074654              
*  2025  5 24 20 18   0.00000000                            
PL51   2817.822056  -3097.820802 -11567.321181              
VL51 -46155.926009 -38150.038546   -784.783941              
*  2025  5 24 20 20   0.00000000                            
PL51   2256.050541  -3545.850686 -11558.914428              
VL51 -47444.486037 -36499.068236   2185.885470              
*  2025  5 24 20 22   0.00000000                            
PL51   1679.842991  -3973.273196 -11514.878659              
VL51 -48560.915852 -34716.807252   5151.873690              
*  2025  5 24 20 24   0.00000000                            
PL51   1091.300258  -4378.561753 -11435.324477              
VL51 -49499.441858 -32811.488556   8104.109498              
*  2025  5 24 20 26   0.00000000                            
PL51    492.588534  -4760.291431 -11320.471278              
VL51 -50254.952359 -30791.815374  11033.536270              
*  2025  5 24 20 28   0.00000000                            
PL51   -114.068751  -5117.144392 -11170.646920              
VL51 -50823.023345 -28666.926449  13931.138218              
*  2025  5 24 20 30   0.00000000                            
PL51   -726.399324  -5447.914892 -10986.287073              
VL51 -51199.941995 -26446.359481  16787.966890              
*  2025  5 24 20 32   0.00000000                            
PL51  -1342.090731  -5751.513845 -10767.934248              
VL51 -51382.727743 -24140.012853  19595.167867              
*  2025  5 24 20 34   0.00000000                            
PL51  -1958.799241  -6026.972909 -10516.236515              
VL51 -51369.150807 -21758.105732  22344.007633              
*  2025  5 24 20 36   0.00000000                            
PL51  -2574.158947  -6273.448091 -10231.945882              
VL51 -51157.748016 -19311.136673  25025.900516              
*  2025  5 24 20 38   0.00000000                            
PL51  -3185.791054  -6490.222844  -9915.916366              
VL51 -50747.835822 -16809.840845  27632.435669              
*  2025  5 24 20 40   0.00000000                            
PL51  -3791.313291  -6676.710644  -9569.101730              
VL51 -50139.520372 -14265.145993  30155.403990              
*  2025  5 24 20 42   0.00000000                            
PL51  -4388.349438  -6832.457028  -9192.552901              
VL51 -49333.704511 -11688.127307  32586.824905              
*  2025  5 24 20 44   0.00000000                            
PL51  -4974.538907  -6957.141092  -8787.415068              
VL51 -48332.091605  -9089.961327  34918.972918              
*  2025  5 24 20 46   0.00000000                            
PL51  -5547.546362  -7050.576424  -8354.924467              
VL51 -47137.186085  -6481.879070  37144.403827              
*  2025  5 24 20 48   0.00000000                            
PL51  -6105.071310  -7112.711473  -7896.404844              
VL51 -45752.290613  -3875.118544  39255.980494              
*  2025  5 24 20 50   0.00000000                            
PL51  -6644.857653  -7143.629348  -7413.263625              
VL51 -44181.499803  -1280.876857  41246.898055              
*  2025  5 24 20 52   0.00000000                            
PL51  -7164.703130  -7143.547036  -6906.987776              
VL51 -42429.690429   1289.737890  43110.708441              
*  2025  5 24 20 54   0.00000000                            
PL51  -7662.468632  -7112.814047  -6379.139381              
VL51 -40502.508080   3825.754705  44841.344102              
*  2025  5 24 20 56   0.00000000                            
PL51  -8136.087326  -7051.910483  -5831.350936              
VL51 -38406.350234   6316.387575  46433.140778              
*  2025  5 24 20 58   0.00000000                            
PL51  -8583.573558  -6961.444527  -5265.320381              
VL51 -36148.345765   8751.082887  47880.859207              
*  2025  5 24 21  0   0.00000000                            
PL51  -9003.031492  -6842.149380  -4682.805871              
VL51 -33736.330884  11119.566140  49179.705629              
*  2025  5 24 21  2   0.00000000                            
PL51  -9392.663435  -6694.879632  -4085.620320              
VL51 -31178.821570  13411.887724  50325.350954              
*  2025  5 24 21  4   0.00000000                            
PL51  -9750.777809  -6520.607094  -3475.625711              
VL51 -28484.982563  15618.467504  51313.948463              
*  2025  5 24 21  6   0.00000000                            
PL51 -10075.796737  -6320.416107  -2854.727214              
VL51 -25664.593013  17730.137975  52142.149926              
*  2025  5 24 21  8   0.00000000                            
PL51 -10366.263192  -6095.498338  -2224.867113              
VL51 -22728.008897  19738.185725  52807.120014              
*  2025  5 24 21 10   0.00000000                            
PL51 -10620.847675  -5847.147090  -1588.018575              
VL51 -19686.122370  21634.390982  53306.548883              
*  2025  5 24 21 12   0.00000000                            
PL51 -10838.354398  -5576.751155   -946.179276              
VL51 -16550.318204  23411.064990  53638.662850              
*  2025  5 24 21 14   0.00000000                            
PL51 -11017.726912  -5285.788227   -301.364919              
VL51 -13332.427521  25061.084992  53802.233049              
*  2025  5 24 21 16   0.00000000                            
PL51 -11158.053180  -4975.817914    344.397354              
VL51 -10044.679048  26577.926613  53796.581996              
*  2025  5 24 21 18   0.00000000                            
PL51 -11258.570039  -4648.474377    989.075599              
VL51  -6699.648130  27955.693414  53621.587996              
*  2025  5 24 21 20   0.00000000                            
PL51 -11318.667048  -4305.458633   1630.639762              
VL51  -3310.203767  29189.143452  53277.687349              
*  2025  5 24 21 22   0.00000000                            
PL51 -11337.889682  -3948.530555   2267.068369              
VL51    110.546037  30273.712668  52765.874311              
*  2025  5 24 21 24   0.00000000                            
PL51 -11315.941867  -3579.500617   2896.355219              
VL51   3549.310315  31205.534956  52087.698807              
*  2025  5 24 21 26   0.00000000                            
PL51 -11252.687833  -3200.221413   3516.516020              
VL51   6992.672270  31981.458788  51245.261885              
*  2025  5 24 21 28   0.00000000                            
PL51 -11148.153278  -2812.579001   4125.594968              
VL51  10427.147179  32599.060295  50241.208938              
*  2025  5 24 21 30   0.00000000                            
PL51 -11002.525832  -2418.484109   4721.671223              
VL51  13839.240741  33056.652730  49078.720727              
*  2025  5 24 21 32   0.00000000                            
PL51 -10816.154820  -2019.863254   5302.865275              
VL51  17215.507559  33353.292253  47761.502241              
*  2025  5 24 21 34   0.00000000                            
PL51 -10589.550331  -1618.649810   5867.345153              
VL51  20542.609412  33488.780022  46293.769479              
*  2025  5 24 21 36   0.00000000                            
PL51 -10323.381576  -1216.775071   6413.332468              
VL51  23807.373028  33463.660587  44680.234212              
*  2025  5 24 21 38   0.00000000                            
PL51 -10018.474572   -816.159362   6939.108264              
VL51  26996.847015  33279.216605  42926.086842              
*  2025  5 24 21 40   0.00000000                            
PL51  -9675.809144   -418.703230   7443.018646              
VL51  30098.357669  32937.459945  41036.977439              
*  2025  5 24 21 42   0.00000000                            
PL51  -9296.515258    -26.278765   7923.480176              
VL51  33099.563379  32441.119236  39018.995087              
*  2025  5 24 21 44   0.00000000                            
PL51  -8881.868727    359.278911   8378.985009              
VL51  35988.507340  31793.623978  36878.645648              
*  2025  5 24 21 46   0.00000000                            
PL51  -8433.286278    736.179937   8808.105752              
VL51  38753.668331  30999.085304  34622.828083              
*  2025  5 24 21 48   0.00000000                            
PL51  -7952.320037   1102.687768   9209.500035              
VL51  41384.009328  30062.273562  32258.809437              
*  2025  5 24 21 50   0.00000000                            
PL51  -7440.651436   1457.126932   9581.914770              
VL51  43869.023719  28988.592831  29794.198645              
*  2025  5 24 21 52   0.00000000                            
PL51  -6900.084586   1797.890467   9924.190092              
VL51  46198.778921  27784.052570  27236.919276              
*  2025  5 24 21 54   0.00000000                            
PL51  -6332.539136   2123.447004  10235.262967              
VL51  48363.957233  26455.236557  24595.181353              
*  2025  5 24 21 56   0.00000000                            
PL51  -5740.042671   2432.347457  10514.170453              
VL51  50355.893740  25009.269316  21877.452389              
*  2025  5 24 21 58   0.00000000                            
PL51  -5124.722659   2723.231303  10760.052619              
VL51  52166.611141  23453.780236  19092.427773              
*  2025  5 24 22  0   0.00000000                            
PL51  -4488.798012   2994.832409  10972.155091              
VL51  53788.851365  21796.865585  16249.000638              
*  2025  5 24 22  2   0.00000000                            
PL51  -3834.570280   3245.984401  11149.831251              
VL51  55216.103891  20047.048632  13356.231347              
*  2025  5 24 22  4   0.00000000                            
PL51  -3164.414528   3475.625540  11292.544053              
VL51  56442.630670  18213.238109  10423.316728              
*  2025  5 24 22  6   0.00000000                            
PL51  -2480.769932   3682.803091  11399.867476              
VL51  57463.487607  16304.685223   7459.559183              
*  2025  5 24 22  8   0.00000000                            
PL51  -1786.130144   3866.677165  11471.487609              
VL51  58274.542564  14330.939455   4474.335784              
*  2025  5 24 22 10   0.00000000                            
PL51  -1083.033454   4026.524033  11507.203358              
VL51  58872.489848  12301.803356   1477.067478              
*  2025  5 24 22 12   0.00000000                            
PL51   -374.052805   4161.738886  11506.926793              
VL51  59254.861206  10227.286578  -1522.811519              
*  2025  5 24 22 14   0.00000000                            
PL51    338.214304   4271.838039  11470.683120              
VL51  59420.033308   8117.559339  -4515.884028              
*  2025  5 24 22 16   0.00000000                            
PL51   1051.155985   4356.460580  11398.610299              
VL51  59367.231759   5982.905552  -7492.779826              
*  2025  5 24 22 18   0.00000000                            
PL51   1762.156158   4415.369451  11290.958306              
VL51  59096.531661   3833.675812 -10444.205113              
*  2025  5 24 22 20   0.00000000                            
PL51   2468.604724   4448.451966  11148.088036              
VL51  58608.854763   1680.240459 -13360.971438              
*  2025  5 24 22 22   0.00000000                            
PL51   3167.907701   4455.719768  10970.469874              
VL51  57905.963265   -467.057092 -16234.024002              
*  2025  5 24 22 24   0.00000000                            
PL51   3857.497246   4437.308230  10758.681920              
VL51  56990.450317  -2597.946556 -19054.469296              
*  2025  5 24 22 26   0.00000000                            
PL51   4534.841559   4393.475298  10513.407896              
VL51  55865.727297  -4702.276333 -21813.601965              
*  2025  5 24 22 28   0.00000000                            
PL51   5197.454609   4324.599804  10235.434726              
VL51  54536.007952  -6770.058219 -24502.930878              
*  2025  5 24 22 30   0.00000000                            
PL51   5842.905650   4231.179238   9925.649818              
VL51  53006.289479  -8791.511106 -27114.204308              
*  2025  5 24 22 32   0.00000000                            
PL51   6468.828495   4113.827006   9585.038042              
VL51  51282.330662 -10757.103493 -29639.434176              
*  2025  5 24 22 34   0.00000000                            
PL51   7072.930511   3973.269191   9214.678425              
VL51  49370.627159 -12657.594646 -32070.919318              
*  2025  5 24 22 36   0.00000000                            
PL51   7653.001296   3810.340819   8815.740576              
VL51  47278.384065 -14484.074249 -34401.267695              
*  2025  5 24 22 38   0.00000000                            
PL51   8206.921020   3625.981667   8389.480847              
VL51  45013.485870 -16228.000399 -36623.417525              
*  2025  5 24 22 40   0.00000000                            
PL51   8732.668378   3421.231621   7937.238251              
VL51  42584.463943 -17881.235796 -38730.657263              
*  2025  5 24 22 42   0.00000000                            
PL51   9228.328154   3197.225618   7460.430141              
VL51  40000.461680 -19436.081998 -40716.644402              
*  2025  5 24 22 44   0.00000000                            
PL51   9692.098337   2955.188178   6960.547679              
VL51  37271.197473 -20885.311611 -42575.423028              
*  2025  5 24 22 46   0.00000000                            
PL51  10122.296795   2696.427574   6439.151096              
VL51  34406.925657 -22222.198302 -44301.440117              
*  2025  5 24 22 48   0.00000000                            
PL51  10517.367458   2422.329648   5897.864766              
VL51  31418.395597 -23440.544518 -45889.560514              
*  2025  5 24 22 50   0.00000000                            
PL51  10875.886007   2134.351313   5338.372110              
VL51  28316.809087 -24534.706830 -47335.080581              
*  2025  5 24 22 52   0.00000000                            
PL51  11196.565041   1834.013760   4762.410339              
VL51  25113.776236 -25499.618802 -48633.740480              
*  2025  5 24 22 54   0.00000000                            
PL51  11478.258700   1522.895417   4171.765066              
VL51  21821.270025 -26330.811315 -49781.735073              
*  2025  5 24 22 56   0.00000000                            
PL51  11719.966748   1202.624663   3568.264790              
VL51  18451.579708 -27024.430286 -50775.723418              
*  2025  5 24 22 58   0.00000000                            
PL51  11920.838078    874.872363   2953.775273              
VL51  15017.263253 -27577.251723 -51612.836855              
*  2025  5 24 23  0   0.00000000                            
PL51  12080.173651    541.344223   2330.193833              
VL51  11531.099003 -27986.694075 -52290.685667              
*  2025  5 24 23  2   0.00000000                            
PL51  12197.428845    203.773026   1699.443567              
VL51   8006.036752 -28250.827855 -52807.364304              
*  2025  5 24 23  4   0.00000000                            
PL51  12272.215218   -136.089241   1063.467510              
VL51   4455.148419 -28368.382496 -53161.455195              
*  2025  5 24 23  6   0.00000000                            
PL51  12304.301677   -476.479318    424.222771              
VL51    891.578531 -28338.750456 -53352.031128              
*  2025  5 24 23  8   0.00000000                            
PL51  12293.615050   -815.630642   -216.325365              
VL51  -2671.505344 -28161.988567 -53378.656216              
*  2025  5 24 23 10   0.00000000                            
PL51  12240.240068  -1151.781313   -856.209327              
VL51  -6220.961967 -27838.816624 -53241.385465              
*  2025  5 24 23 12   0.00000000                            
PL51  12144.418753  -1483.182026  -1493.465141              
VL51  -9743.725454 -27370.613277 -52940.762965              
*  2025  5 24 23 14   0.00000000                            
PL51  12006.549222  -1808.103940  -2126.138284              
VL51 -13226.853776 -26759.409220 -52477.818725              
*  2025  5 24 23 16   0.00000000                            
PL51  11827.183915  -2124.846449  -2752.289484              
VL51 -16657.576539 -26007.877765 -51854.064177              
*  2025  5 24 23 18   0.00000000                            
PL51  11607.027251  -2431.744825  -3370.000467              
VL51 -20023.341894 -25119.322823 -51071.486394              
*  2025  5 24 23 20   0.00000000                            
PL51  11346.932731  -2727.177697  -3977.379624              
VL51 -23311.862405 -24097.664386 -50132.541049              
*  2025  5 24 23 22   0.00000000                            
PL51  11047.899495  -3009.574349  -4572.567585              
VL51 -26511.159726 -22947.421567 -49040.144155              
*  2025  5 24 23 24   0.00000000                            
PL51  10711.068349  -3277.421791  -5153.742686              
VL51 -29609.607942 -21673.693291 -47797.662639              
*  2025  5 24 23 26   0.00000000                            
PL51  10337.717288  -3529.271595  -5719.126322              
VL51 -32595.975441 -20282.136720 -46408.903783              
*  2025  5 24 23 28   0.00000000                            
PL51   9929.256516  -3763.746449  -6266.988156              
VL51 -35459.465179 -18778.943514 -44878.103582              
*  2025  5 24 23 30   0.00000000                            
PL51   9487.223002  -3979.546421  -6795.651197              
VL51 -38189.753239 -17170.814018 -43209.914060              
*  2025  5 24 23 32   0.00000000                            
PL51   9013.274577  -4175.454896  -7303.496703              
VL51 -40777.025557 -15464.929493 -41409.389599              
*  2025  5 24 23 34   0.00000000                            
PL51   8509.183610  -4350.344173  -7788.968927              
VL51 -43212.012724 -13668.922485 -39481.972314              
*  2025  5 24 23 36   0.00000000                            
PL51   7976.830266  -4503.180693  -8250.579678              
VL51 -45486.022773 -11790.845459 -37433.476520              
*  2025  5 24 23 38   0.00000000                            
PL51   7418.195396  -4633.029883  -8686.912687              
VL51 -47590.971845  -9839.137797 -35270.072344              
*  2025  5 24 23 40   0.00000000                            
PL51   6835.353068  -4739.060591  -9096.627775              
VL51 -49519.412681  -7822.591300 -32998.268517              
*  2025  5 24 23 42   0.00000000                            
PL51   6230.462759  -4820.549103  -9478.464812              
VL51 -51264.560863  -5750.314288 -30624.894383              
*  2025  5 24 23 44   0.00000000                            
PL51   5605.761268  -4876.882718  -9831.247449              
VL51 -52820.318736  -3631.694443 -28157.081173              
*  2025  5 24 23 46   0.00000000                            
PL51   4963.554331  -4907.562874 -10153.886627              
VL51 -54181.296965  -1476.360498 -25602.242571              
*  2025  5 24 23 48   0.00000000                            
PL51   4306.208012  -4912.207801 -10445.383844              
VL51 -55342.833663    705.857092 -22968.054600              
*  2025  5 24 23 50   0.00000000                            
PL51   3636.139868  -4890.554708 -10704.834184              
VL51 -56301.011054   2904.966379 -20262.434874              
*  2025  5 24 23 52   0.00000000                            
PL51   2955.809931  -4842.461467 -10931.429083              
VL51 -57052.669615   5110.854920 -17493.521218              
*  2025  5 24 23 54   0.00000000                            
PL51   2267.711541  -4767.907819 -11124.458843              
VL51 -57595.419663   7313.331426 -14669.649714              
*  2025  5 24 23 56   0.00000000                            
PL51   1574.362048  -4666.996061 -11283.314876              
VL51 -57927.650345   9502.167910 -11799.332176              
*  2025  5 24 23 58   0.00000000                            
PL51    878.293425  -4539.951231 -11407.491676              
VL51 -58048.535997  11667.142224  -8891.233096              
EOF                                                         
