sgp4_err,tdnn_err,true_x,true_y,true_z,pred_x,pred_y,pred_z
164.37001,123.430145,-136.29642,65.43198,-64.68746,-51.67892,85.84558,22.530437
165.8056,105.73079,-124.40519,86.72254,-66.36957,-67.7233,106.18741,20.517803
161.85333,119.797745,-127.42287,80.46256,-59.317245,-48.016674,115.07626,22.770144
150.65025,105.31619,-124.40938,65.46221,-54.327576,-59.888245,119.82083,7.82152
170.23293,145.06291,-115.040245,87.915596,-89.55373,-52.81778,101.33502,40.886772
160.8392,111.42037,-124.69035,80.14605,-63.12225,-48.1725,99.980515,15.529256
156.58644,101.10143,-119.29301,89.93147,-46.371964,-53.968952,120.70274,24.155283
164.21347,141.84322,-123.94566,75.64005,-76.36877,-48.646927,122.81482,34.30141
168.9987,143.65692,-122.240585,85.697716,-79.31817,-43.527237,117.35979,36.920696
170.94608,130.84724,-130.84596,83.99602,-70.77957,-44.823586,121.86607,20.289026
173.38342,120.471985,-129.50063,93.5205,-66.81366,-42.926212,108.940994,15.748246
181.56146,119.77583,-125.24944,111.68865,-69.16004,-62.51256,117.533585,32.863186
167.89432,115.50784,-126.30327,95.87144,-54.56012,-56.458817,128.55217,31.207706
179.36903,113.68515,-133.88385,104.59461,-56.5743,-58.25638,132.67877,23.809744
173.96623,113.60595,-132.52586,102.04916,-47.893894,-66.11926,130.2233,39.62883
180.17006,137.51387,-121.9821,110.83108,-72.43818,-62.91897,133.12923,49.66073
193.0544,120.22063,-133.86163,116.970695,-74.99681,-53.81996,139.32127,12.015153
164.20186,111.62913,-122.24198,95.51371,-53.59952,-55.03053,139.32239,24.742708
161.52477,78.73531,-104.302864,107.19061,-60.986717,-69.82299,135.04388,4.0516796
183.72504,121.89032,-130.80351,105.42374,-74.64792,-42.46671,129.79445,5.356758
174.33588,92.67585,-122.232544,102.80654,-69.942535,-60.51977,139.47125,-10.773144
180.69743,102.9582,-115.82533,119.84231,-69.221436,-54.17756,135.5408,11.382303
174.97075,108.6186,-109.944046,116.17199,-71.16297,-56.2076,147.0973,17.835049
168.40001,97.84299,-111.14667,109.562164,-62.702606,-49.502556,146.2058,4.7702227
165.61118,87.448555,-100.09625,112.62004,-68.25011,-46.20622,133.72697,-2.7227752
169.3744,93.711845,-98.37655,120.41125,-68.43169,-47.662937,137.52483,8.719941
176.84244,99.725876,-117.07453,118.46129,-60.517975,-48.376484,149.81238,4.0245485
186.23633,106.38969,-124.580025,123.5611,-60.701984,-48.74293,145.53365,10.407276
174.83992,105.76633,-110.565384,122.231606,-58.019936,-55.386414,147.50018,27.89273
181.9839,96.90316,-116.817635,131.01857,-47.63494,-52.104908,150.2668,21.688091
178.754,89.47488,-89.65773,143.10605,-58.350338,-58.83464,149.96985,25.301237
192.25066,109.72176,-119.28916,139.92247,-56.5663,-42.433784,147.222,21.28986
186.21666,92.181274,-111.283806,137.63058,-57.545704,-63.86465,160.82487,18.34634
190.21626,95.21966,-111.22669,137.75575,-69.399994,-58.925907,159.45868,7.5461626
191.95937,93.57225,-94.16011,147.91957,-78.164734,-64.508446,165.5674,8.981452
199.07538,84.6777,-118.169914,149.55298,-57.960533,-57.96684,171.16634,-2.2034385
168.7227,109.21612,-106.51683,113.441864,-64.3335,-59.322758,165.39415,18.848051
183.1718,90.20671,-108.42004,131.95473,-66.83923,-46.77148,148.03615,-2.3357246
183.01778,84.8206,-111.89996,138.48457,-42.058575,-40.26788,161.87881,-3.9042556
181.11201,62.95745,-79.77181,154.90085,-48.702793,-47.552372,163.15736,4.8624144
180.29854,95.413,-85.36777,145.0676,-65.219154,-45.450542,168.74232,18.117977
187.85637,115.39172,-98.83971,148.12152,-59.926437,-24.952618,171.00188,25.653969
194.53024,87.57996,-99.356384,157.74829,-56.837852,-46.709656,175.9232,11.108004
188.55971,97.30116,-87.601036,150.15259,-72.86423,-45.990818,183.46107,8.214488
207.2339,109.66262,-115.59065,149.00668,-85.35885,-46.938602,182.69705,-6.9431887
191.21405,99.22197,-93.95899,150.58014,-71.1865,-44.383305,167.5786,12.713723
201.21335,79.917534,-101.54554,161.642,-63.24303,-43.62559,177.10454,-10.415709
192.5177,94.36399,-97.56598,150.9761,-68.23542,-45.344006,188.12958,0.51336503
177.2738,70.583725,-84.33779,141.04137,-67.11777,-35.25664,172.23857,-26.689014
171.9762,68.96421,-86.067696,138.62888,-54.78341,-28.457762,165.29298,-29.013737
203.85182,68.51688,-91.20885,172.2208,-60.776836,-35.8621,169.23659,-19.916603
188.80562,53.928772,-68.887054,166.96321,-54.864746,-46.350517,182.29245,-8.558099
209.87392,102.60757,-91.618416,169.94919,-81.64169,-21.057459,193.3788,-11.580619
193.73694,77.429,-65.75881,172.95766,-57.05828,-13.466013,190.81004,-3.4627159
190.44684,75.75949,-69.54997,167.20235,-58.875633,-17.35489,186.26035,-8.516734
207.86775,73.73983,-75.03994,179.99675,-72.09127,-28.515785,198.0832,-17.250826
199.68303,74.62447,-81.72559,172.63445,-58.29637,-25.55161,180.19513,-9.40421
205.26933,68.5187,-74.71848,179.61732,-65.411934,-30.857353,190.7656,-14.2064705
208.12315,65.8597,-67.25222,189.58528,-53.92392,-21.552843,197.1778,-6.44296
191.76613,57.20577,-76.90012,172.57558,-32.84598,-28.73477,200.96541,-20.289902
168.18442,59.384342,-61.04894,151.13449,-41.863655,-32.540436,189.26257,-6.3343897
176.24132,53.43454,-61.93841,160.80276,-36.24003,-14.1909275,171.50502,-14.955213
186.55093,66.52443,-57.66008,171.28688,-44.773323,-15.486372,194.22856,0.34158444
197.02348,85.40638,-83.608025,169.87077,-53.513752,-12.95093,189.08394,-9.877495
202.45308,98.50507,-81.82169,178.35667,-49.115612,-12.4506035,185.03835,19.791443
202.65735,118.710785,-82.123955,175.09404,-60.753143,-11.39485,186.0738,33.508236
195.19286,92.86684,-74.85923,174.47609,-44.85312,-13.037962,186.76361,23.01341
189.76959,94.6652,-59.552994,176.7219,-35.457397,-10.7592945,191.97209,44.133408
190.69347,105.64564,-42.177002,178.15994,-54.005016,-15.630674,187.09912,48.24348
183.97351,91.801414,-62.69572,164.93034,-51.598213,0.23290801,188.56471,10.849349
199.44046,72.08502,-62.473286,184.35591,-43.724506,-0.12986207,191.99068,-7.664176
192.60841,73.26152,-60.97636,175.77682,-49.232265,-6.746851,206.34511,-9.894231
204.48778,59.542004,-67.36011,185.27426,-53.845623,-21.001661,198.51799,-18.694134
183.79132,79.348915,-58.263363,165.32663,-55.02546,-4.986765,186.9981,-0.24482036
203.52272,98.5926,-76.53881,181.61769,-50.27294,7.492853,177.82674,1.018121
214.53905,96.27305,-56.50766,196.86009,-62.937634,-10.680971,193.34767,21.304785
209.9101,81.03086,-65.028015,196.51723,-34.90797,-3.8146536,202.35124,17.906843
190.84941,50.73707,-32.934032,186.52008,-23.69155,-18.429533,219.48474,11.793124
190.83566,84.36379,-38.97984,183.38132,-35.110077,7.546793,212.15092,28.920471
199.70854,72.46551,-50.60563,190.49152,-31.528252,6.4146175,204.60088,10.908994
204.83286,80.84708,-34.475777,194.35742,-54.267776,9.324453,215.8248,10.719505
188.26378,72.91948,-29.410763,182.66814,-36.117832,14.729898,209.43398,15.738105
175.17206,94.95393,-21.589417,168.80457,-40.72806,28.10288,212.60683,27.598053
186.51274,82.834175,-38.553543,179.1564,-35.17239,24.335972,194.31395,16.572813
194.27687,54.131783,-27.251965,188.26747,-38.33636,11.485216,194.94148,-0.47594142
173.75053,110.0568,-38.92583,163.6566,-43.798756,16.942022,218.11717,33.501663
185.05742,92.01359,-14.865166,181.09903,-35.42819,28.612797,195.61049,43.793156
179.03142,107.11238,-24.20844,172.09253,-43.540813,28.545439,195.69145,46.728718
195.12047,94.34113,-25.876001,189.97107,-36.226494,28.58366,191.0942,40.951946
204.30064,93.26575,-29.265179,196.39758,-47.50966,26.404797,200.0,27.084396
189.94539,91.85484,-14.566955,186.91795,-29.981256,31.64894,204.65286,47.341587
181.03194,81.61993,-14.100152,178.72452,-24.627014,34.45998,209.59761,33.15833
189.21681,102.932014,-35.056522,183.0711,-32.613426,38.070095,198.09059,37.885853
183.76616,70.402855,-14.996616,181.03973,-27.909311,16.913229,202.34196,31.092777
198.1781,89.67336,-21.235167,192.81407,-41.12266,32.534344,204.41977,29.611586
201.69594,74.5939,-15.645301,200.0258,-21.353405,42.224022,206.93318,26.020622
168.78555,103.03155,-4.8081746,165.18358,-34.342346,38.706062,211.82764,46.825684
188.97702,91.63685,-13.579795,186.37183,-28.805178,52.05797,198.11702,33.652744
185.43951,98.00925,-15.536996,181.35362,-35.96571,40.91811,206.6021,39.50196
195.37927,64.11123,2.8015819,193.70265,-24.935589,32.599094,211.76387,29.021837
193.60333,91.341736,-16.671204,190.99947,-26.932514,49.094234,217.25935,31.018826
178.44957,94.11728,11.932389,175.53886,-29.70524,50.06342,209.74826,49.01924
198.27144,80.67217,-10.193367,195.33138,-33.46946,55.919765,201.3285,13.254778
205.79556,40.00703,20.295807,204.68448,-3.3322043,53.281334,209.9119,19.36787
186.37932,66.07004,31.307762,183.01845,-15.578566,40.36719,227.51694,32.046387
197.30133,73.25224,24.526934,194.8019,-20.310753,66.844894,212.35046,36.5022
184.11482,86.51671,8.597953,183.86282,-3.8132145,79.70252,211.49886,37.108456
192.96956,56.29068,32.70057,189.98698,-8.7169075,56.401627,215.65321,34.95892
192.91968,76.68931,35.015976,186.9391,-32.30461,70.427284,217.01501,28.640444
191.25575,66.34804,28.174498,188.92705,-10.66922,79.92462,210.57222,23.523705
191.30995,82.644196,34.737316,184.5503,-37.08968,78.255104,212.68877,27.134045
182.4216,83.39899,25.919416,178.41809,-27.598093,83.31976,210.74507,22.94336
170.55371,69.50272,25.535168,168.54362,4.510195,75.04068,213.48888,24.338888
180.40857,70.63916,29.163454,178.08644,0.32322732,73.245186,208.67813,45.504807
196.31107,69.12808,39.092216,191.82114,-14.698651,68.64664,209.355,45.447605
182.80336,92.92503,41.970654,177.43375,-13.438657,81.057526,219.66383,59.876827
168.54826,80.66133,42.02434,161.86684,-20.536194,87.43666,205.87231,28.514774
186.01044,43.626656,65.50691,174.08015,-0.8642487,94.21313,189.89873,27.637726
175.14308,66.441734,50.461056,167.40022,-9.857074,83.31218,203.45714,35.185753
195.4829,52.201168,56.3126,186.96518,-8.442423,93.84255,202.1259,24.675667
212.97372,58.62233,68.95611,201.47578,1.9393545,103.76773,203.08015,49.059338
174.82079,104.825066,49.006516,167.76752,3.5046844,106.53796,225.43483,70.450516
176.83128,80.804245,57.639942,166.8559,-10.971225,104.82632,202.18858,44.048107
178.85846,91.537415,74.2495,162.31143,-13.384212,121.59144,184.63753,61.960255
182.86789,75.72086,71.76303,167.60428,-12.555033,106.64872,185.4285,52.387352
164.23508,90.58752,54.45554,154.81879,6.3624115,123.55077,187.1363,54.822308
169.83817,83.10094,71.563354,153.9638,5.9146175,112.3717,181.04051,73.16433
184.3637,96.1302,82.234245,164.6596,-12.12137,129.00002,192.78194,66.647934
175.33905,90.33765,61.547432,164.18677,2.1799865,128.6963,193.56706,54.633316
181.5596,71.523705,87.497025,158.43317,15.380216,113.24345,189.72318,74.32915
178.94203,78.22733,77.09421,161.53189,2.9132485,111.94126,187.42467,68.344055
179.06772,82.0877,86.85949,156.52847,-2.2454405,121.26075,192.85149,62.63269
181.6071,84.158424,92.08294,156.34827,-7.964082,130.06522,185.94362,60.89717
192.88857,58.925934,90.81481,169.99274,4.9800835,124.28407,181.91261,52.45737
201.0698,52.20767,108.142654,167.77364,24.833826,118.202095,202.15427,62.558907
194.3967,48.33558,98.72843,166.10971,20.905556,121.10476,200.94331,46.198578
181.52328,62.74004,93.18802,155.66693,5.9888754,136.98337,189.10219,36.28556
160.4535,80.53387,93.34424,128.93378,21.328264,142.03316,180.45738,58.96815
164.13048,83.12979,93.49692,133.1391,21.063347,150.21584,154.31902,77.56748
165.64514,95.51996,90.41228,134.29668,34.53299,157.44508,154.43423,99.948975
178.3259,77.90539,112.18533,137.63463,14.692866,139.27242,150.27202,87.413864
195.56026,38.66604,125.571175,142.70232,46.29495,143.40974,164.8903,72.480225
181.80519,82.60032,101.16544,144.75038,42.96879,156.63402,180.06985,93.05824
175.04857,82.639275,108.90783,130.89923,40.157024,137.97594,174.59619,104.16548
176.90482,77.667564,116.36058,132.4059,14.879042,140.31293,149.03117,86.56082
186.89201,37.571598,123.20607,133.85031,42.549164,143.39601,148.38997,71.04622
182.25206,70.246445,118.758896,134.4603,31.58364,152.76634,151.75935,90.89773
188.38026,82.716385,129.33473,136.87407,9.299833,166.26524,148.8228,82.11051
189.6154,52.182972,132.93233,123.094604,55.610977,165.04594,153.37036,83.6172
185.9027,74.071754,132.61981,122.65,44.07999,165.33943,166.59633,93.82745
184.32054,61.239796,121.053444,133.73894,38.396183,155.18358,157.34436,83.11774
187.22746,57.855423,132.23584,129.65955,27.264614,146.37366,148.21306,79.858505
179.56218,61.00525,131.84355,109.35609,54.01108,173.44531,142.32524,83.82704
187.90361,76.00205,151.17989,104.91006,38.40783,168.87212,125.535416,109.165665
174.19301,86.35863,140.32434,93.86093,43.108414,179.13506,130.36783,110.87677
178.16939,66.31,133.10461,108.229904,48.345757,180.96123,124.19989,91.034966
175.77063,70.13926,133.76141,102.719765,50.496204,170.90987,139.09201,96.87582
179.7194,51.164562,129.69576,109.91372,57.992203,157.0012,135.6158,93.476776
186.64957,53.79141,138.30527,108.85062,62.323547,165.17094,134.61325,101.38291
184.53049,48.96172,139.55435,109.56534,50.719017,162.93797,118.71036,93.00833
196.29936,56.40936,145.5901,120.83207,52.442,173.44562,118.784485,100.99455
176.11192,77.46652,134.79442,103.91364,44.98594,175.0617,133.75829,103.70213
189.30927,61.44945,157.97188,95.003296,43.16297,171.81929,134.71945,88.23306
191.5757,50.537155,154.99309,96.50748,58.30411,172.94118,132.88051,88.039474
166.96019,65.662285,134.29321,80.58306,57.602863,162.08104,133.3079,85.01357
200.75395,46.37476,170.152,89.97147,56.893597,157.8081,116.71625,93.07173
193.08992,58.07659,162.16577,70.24869,77.542564,176.54422,124.58624,92.02911
194.25172,44.174618,163.04112,84.15653,63.984837,176.46262,114.28287,93.490234
211.93895,35.921658,179.12592,84.09394,76.25183,176.86433,111.577225,99.07498
192.92754,68.25546,170.19144,63.36884,65.43339,191.57372,112.12927,107.92533
184.74243,62.69402,160.72095,54.564014,73.14915,198.29863,97.92653,98.37906
192.41881,60.025524,169.99664,58.210537,68.885956,199.04308,65.30713,121.150314
198.89603,61.124393,171.03416,72.5979,71.39141,187.5129,93.622665,126.47551
198.59541,64.067375,174.59929,53.312366,77.67488,193.70335,96.963684,121.04582
188.27124,67.33919,164.22429,67.93915,62.140194,195.66383,81.6649,120.3472
192.07327,51.48786,170.6483,49.444126,73.11782,183.65282,80.745544,111.597595
208.65585,40.91192,185.10898,65.17764,71.201454,187.32906,80.00874,108.92439
201.81245,49.536762,176.13477,51.690956,84.30911,194.46603,88.2139,111.77977
198.66182,65.808556,181.92607,41.966,67.742615,201.02888,87.97113,110.54654
196.39186,44.905457,175.11589,26.110806,85.11273,189.59169,68.44734,84.65264
195.86618,62.67388,181.2205,33.7936,66.07639,208.42561,41.681812,122.17334
206.49307,53.02417,192.39389,37.423775,64.711624,203.17244,51.60699,114.89251
216.61693,27.532084,193.68672,36.64521,89.91128,194.49107,63.76885,89.071014
198.29243,62.87003,182.62267,28.026669,71.81445,199.24962,84.73149,94.07331
218.63957,50.41097,203.92249,21.601227,76.2515,200.9601,54.298515,113.94945
194.95128,54.337486,180.89763,22.232925,69.06368,208.24568,51.24718,105.50187
207.17928,50.72783,183.91525,6.589927,94.576836,210.21849,46.03966,112.94042
204.23088,53.546707,179.5834,28.798971,92.57826,210.02696,30.214853,137.31058
205.016,72.45861,186.86806,10.174668,84.29366,205.6469,50.623726,140.98448
211.073,39.121605,189.15047,16.342226,91.94717,211.75764,32.007004,119.785995
199.74109,66.88983,182.52214,22.318338,77.94842,215.05452,35.631,134.89946
201.9265,67.873505,186.26851,12.649985,76.797386,206.94284,41.080326,135.46223
217.251,27.82984,196.98227,16.954166,90.06147,191.45842,41.358288,101.740005
207.13522,50.29165,189.91223,8.807437,81.85859,204.0289,52.263435,103.47525
228.0714,40.085064,194.67184,20.141508,117.045265,181.90608,40.530342,85.27197
220.75679,48.479378,197.14084,4.987624,99.38715,187.80403,50.87882,110.539635
223.30528,43.604042,197.05396,-15.461038,103.80303,194.70662,28.209208,106.20803
228.76898,33.016094,204.00516,-10.443519,102.779526,217.75937,4.313339,129.13336
216.95117,60.58259,193.18207,-22.385567,95.9223,221.34196,10.862192,137.84674
236.57675,34.369316,200.64146,-27.829393,122.463486,213.13167,-2.9808006,142.30977
222.92319,68.48403,197.519,-13.492557,102.45628,219.31004,-2.7328358,166.59758
228.22316,38.503246,197.34743,-13.299768,113.80565,212.78152,5.207781,143.86249
234.16074,45.108204,195.07547,-30.70545,125.91952,212.74757,10.8684635,123.60362
219.82777,58.936405,201.23428,-20.957073,86.685005,215.8586,-13.6460705,142.83725
251.11104,28.71846,218.37657,-23.561792,121.41764,225.7881,-6.080515,143.14137
253.19212,53.12956,215.20259,-37.07189,128.67279,224.44467,13.662812,142.23007
228.84984,54.621426,198.60555,-39.077724,107.09956,211.74876,-0.35157204,143.66638
211.43025,77.64342,189.66594,-38.373825,85.49343,217.37518,-14.812846,154.01752
242.64893,54.9295,203.28354,-51.970978,121.52938,230.54646,-15.954222,153.12506
220.142,78.72102,192.49117,-29.947166,102.68732,226.3372,-29.89895,173.71844
248.60863,71.41603,204.05219,-72.11556,122.63732,211.66756,-11.869759,160.71358
209.05083,80.80842,171.35556,-66.65721,99.130585,215.35344,-42.066994,161.8872
229.8184,68.5,197.73624,-39.559082,110.47225,221.74954,-64.08179,169.9371
247.49344,77.73352,204.2307,-73.7477,118.83689,225.44656,-24.474861,174.6835
236.00847,45.883003,200.09085,-59.78582,109.76069,220.53056,-36.946133,143.99475
244.71718,40.709335,204.30862,-71.54234,113.61375,213.70963,-40.457726,137.10765
237.13603,10.416333,194.44116,-49.15741,126.383766,204.14409,-45.161762,128.24445
256.16595,59.745293,220.0163,-65.413185,114.24405,197.7109,-13.958956,135.45267
255.62961,43.560303,212.6218,-71.838844,122.6829,215.22318,-29.34922,129.00247
240.41942,62.445976,194.45181,-76.705475,118.60852,226.15335,-25.778763,136.03154
240.85265,33.170017,193.01378,-60.082005,131.08948,219.00053,-57.504,151.64383
250.32828,25.406693,202.58017,-62.680923,133.22858,205.94008,-43.66509,149.50592
269.5598,64.70123,221.61418,-90.043594,124.35928,206.60493,-29.017834,139.92136
240.87808,38.08215,188.56076,-73.34811,131.15025,218.90237,-54.51918,144.83441
249.03514,51.954308,200.46037,-83.69309,121.412445,219.00102,-57.707325,162.33623
241.26437,40.32989,193.69597,-82.29738,118.41427,204.05147,-66.4796,154.10706
223.02522,77.24798,161.81381,-96.065155,119.36685,220.45366,-64.07342,158.41504
242.91768,41.11265,175.7586,-103.30855,132.0546,206.14426,-80.870026,149.40108
250.50798,58.395206,182.52376,-101.522255,137.95073,210.5306,-86.62561,187.03564
241.40837,77.37086,189.77753,-97.139755,112.88283,210.7585,-80.4725,185.33195
244.10295,33.723137,182.65562,-101.78581,125.82188,199.00525,-77.54553,143.17227
248.38579,35.142567,183.67093,-100.69034,133.72229,198.52454,-71.66672,146.4349
234.24786,67.60779,173.06375,-114.90978,108.20685,191.3909,-65.91916,150.93011
277.29282,32.70799,201.49168,-124.96384,143.79567,201.87767,-93.11571,150.59142
274.14413,28.845493,196.95988,-110.70137,155.01138,221.16458,-94.65419,155.29865
259.2918,43.869125,188.78687,-116.56612,133.47697,203.42896,-88.86516,164.07242
242.669,52.719185,174.09889,-110.30722,128.42831,215.67705,-103.269806,160.37463
251.42245,58.730846,168.48758,-110.91441,149.93503,220.11131,-92.958786,171.73819
255.90477,59.212013,189.09898,-114.14536,129.48485,205.20587,-94.50249,183.25945
240.89468,76.82,160.94864,-136.9992,115.58539,194.25423,-98.50244,173.24132
260.07224,47.98763,185.19763,-118.59836,138.7199,209.57048,-120.14191,179.97076
249.72034,61.5,186.45271,-107.1563,126.98159,204.44356,-100.73123,185.40475
256.18903,66.19101,190.70703,-121.09604,121.22921,195.32896,-81.36604,173.72296
248.07962,40.140377,171.25545,-114.70811,137.40707,194.58167,-85.17375,151.04897
258.63342,57.0986,165.11041,-136.04608,145.6201,201.58235,-97.87807,167.41049
251.03436,60.137474,162.32527,-144.25859,126.0251,195.6423,-123.71536,172.16174
264.96466,75.33353,166.76846,-147.53006,142.87906,221.10786,-143.91786,195.27176
249.89401,74.26683,161.47166,-123.901924,144.8391,215.61649,-150.77187,188.14697
248.53784,74.336334,153.0382,-127.59877,148.28769,197.88426,-120.352875,206.88406
257.4121,49.656475,168.99501,-127.8549,146.029,184.5282,-113.97063,190.87582
255.45169,59.516937,158.58833,-141.61594,140.70464,179.05357,-99.50679,177.86401
263.19763,38.610435,162.51543,-140.28268,152.053,192.53413,-124.806656,171.13338
254.31062,47.99544,160.62791,-141.3405,137.38338,190.83005,-126.83522,172.1307
248.42719,62.532116,137.6479,-157.31728,134.26512,184.33833,-128.18326,165.1445
269.92505,50.08243,145.80751,-172.33597,148.19289,182.10475,-151.86339,176.71227
250.26799,92.444916,149.10352,-159.0483,123.08453,190.29167,-169.05391,205.35782
256.46664,64.01477,158.00494,-145.85764,139.61876,191.25592,-151.05095,194.25061
253.783,33.529736,164.58627,-138.6072,133.64047,172.38725,-114.72002,155.98721
255.49379,51.521263,143.92339,-152.12555,146.41492,151.94452,-108.109634,120.83133
247.90543,26.405756,143.01804,-149.51785,136.5973,153.74654,-130.70616,121.92468
261.24606,39.840023,140.55551,-157.3663,153.50885,167.60506,-137.44963,132.09094
256.31647,48.21149,122.629486,-173.26552,143.06099,168.05138,-157.76117,150.74976
254.8074,81.95275,129.60631,-175.38431,131.27829,169.27013,-174.14691,203.29666
246.01274,93.38839,129.58836,-155.87721,138.90245,175.33038,-170.04857,219.50331
248.12938,87.61787,128.02934,-163.12,136.40756,167.7389,-129.96005,207.05206
255.55638,67.26998,131.4538,-171.77225,136.29169,152.5475,-140.84967,191.73792
254.59232,54.716457,130.33641,-175.18237,131.47035,158.57655,-154.18611,172.89932
255.37326,40.913208,120.55285,-156.52603,161.45226,160.6339,-163.24236,155.8725
269.67804,55.37147,110.01188,-190.58266,156.043,141.03896,-147.31673,172.046
247.79657,77.44837,114.200806,-181.80801,123.65151,146.38597,-179.87563,194.17009
245.2983,82.652985,104.698616,-173.51433,137.95103,164.12897,-174.2741,195.93138
241.49081,66.730804,119.82649,-160.59848,134.65295,153.49803,-160.70212,192.75385
254.33098,50.61867,109.18429,-171.05185,153.57478,137.54582,-143.87263,185.11429
255.82037,39.74371,114.63414,-176.06912,145.64388,135.9455,-147.16765,162.87508
240.59561,55.357925,86.11322,-180.08846,134.5323,133.5012,-160.61882,153.89906
254.99915,71.71689,105.29929,-196.8453,123.25026,137.26306,-179.63506,185.00174
234.24252,88.34167,102.3705,-167.17352,128.71008,149.16289,-191.8301,199.20546
231.06763,97.94035,83.458115,-178.33577,120.98772,144.85359,-154.12029,192.67548
235.83482,54.362785,91.44837,-167.93692,138.24628,125.30338,-160.26659,180.00632
240.01054,55.412655,89.4778,-188.04399,119.771965,110.12043,-154.94945,158.95819
240.23634,44.36567,99.22434,-169.6844,138.4467,133.24667,-176.08621,166.12735
244.96378,53.51168,64.351814,-178.83461,154.43408,112.828316,-157.67854,154.03067
237.00383,52.414215,85.70137,-176.71951,132.81844,100.17032,-177.66017,183.17116
256.088,35.086502,84.09367,-189.89409,149.85893,97.69511,-165.03865,170.05988
212.6905,85.42138,81.016846,-161.84462,111.613655,114.12778,-164.38878,190.29294
228.43872,65.0788,50.888508,-181.26097,129.23567,97.69802,-147.26085,158.30829
238.59851,53.004715,69.43453,-183.37054,135.86708,92.38054,-168.94424,181.45525
236.93776,71.5891,61.36648,-196.52916,117.37937,94.02743,-166.30576,173.31549
238.02101,58.425167,68.63358,-181.85837,137.05164,108.187805,-181.44078,180.46996
235.73714,75.70502,63.89879,-189.94402,123.81694,103.91022,-164.4274,183.23343
240.40695,61.359596,62.814526,-192.71037,129.50684,93.93621,-182.5196,181.53227
225.33365,82.893005,48.144707,-186.47363,116.924164,102.999756,-178.67451,178.46533
227.94188,62.619884,59.0131,-179.47661,127.65337,103.92914,-177.55104,170.91217
225.1244,59.196705,40.770912,-182.14728,126.01153,86.034294,-164.82378,160.71112
210.57599,47.106262,47.040703,-169.20395,116.64972,75.54205,-172.06491,153.62396
227.9693,57.08984,42.819187,-188.99161,120.12725,78.61706,-160.17628,153.59348
220.80591,45.46427,48.533665,-172.04335,129.69627,84.068016,-172.81505,158.3712
227.69388,61.51829,39.80992,-191.48015,116.524414,70.05834,-159.94368,160.21405
220.3032,57.371597,39.131638,-183.38762,115.546776,72.1987,-172.14749,160.93002
218.53203,48.943844,34.83937,-182.32898,115.189835,59.96703,-168.10844,154.25461
217.37352,39.411293,49.39939,-174.28534,120.02893,65.62057,-172.69109,155.362
213.3026,57.35852,18.88603,-176.00589,119.13647,70.025764,-156.24141,136.01164
198.29082,64.62585,11.696652,-162.47275,113.21072,69.802414,-169.77017,140.5993
216.72563,44.955532,22.53366,-178.93393,120.1509,57.20049,-162.10965,143.84462
224.39363,35.12122,20.108856,-178.28087,134.28828,53.017807,-175.0737,146.00055
198.29146,77.5129,25.342915,-168.36938,101.64491,55.975765,-171.18892,172.51349
214.17575,48.046852,28.155539,-178.7143,115.143166,50.486073,-152.1435,148.35965
190.96138,71.00704,-7.850559,-163.8738,97.39125,48.398647,-149.14586,138.30106
203.81487,81.49233,5.8467045,-183.33148,88.25286,43.987392,-154.50299,154.28221
210.18683,52.93392,4.1369185,-177.44754,112.558754,47.82324,-172.40958,141.5896
229.86191,58.13992,0.2774483,-194.2681,122.729324,46.999775,-163.36316,137.04613
186.31711,91.89022,-2.8593462,-160.16959,94.93865,51.056393,-193.49525,161.25311
204.2653,82.04305,-4.543428,-175.81602,104.1125,52.93365,-160.53078,160.55096
201.53784,64.67032,-7.5318255,-176.43527,97.08901,35.782925,-155.47543,140.02075
197.70053,83.68878,-19.020903,-171.44069,96.47604,34.302216,-164.7094,160.32208
195.37463,80.06403,-33.66147,-159.89183,106.842514,39.742416,-164.98224,139.3905
190.68889,85.10876,-1.6508067,-174.03133,77.895134,14.004085,-145.05539,156.69827
182.65695,59.154457,-12.188188,-156.70064,92.99558,26.757666,-163.26103,137.3917
199.84384,63.312717,-15.073023,-168.78503,106.00647,12.402141,-120.32959,136.20782
187.46083,69.92541,-25.833607,-161.1487,91.872,17.076017,-138.08119,142.26413
192.46185,39.224514,-20.204409,-166.767,94.18162,6.8583508,-150.09691,117.06489
191.22908,42.644608,-8.933157,-162.6959,99.56486,27.066523,-145.52475,114.72437
183.50069,71.17584,-28.475313,-152.3961,97.96956,30.31362,-144.388,136.98175
196.96573,63.395584,-19.666958,-165.4824,105.27929,25.467134,-140.59045,141.98071
176.22375,71.06907,-35.656704,-139.16588,102.48676,17.1163,-148.3835,149.22513
178.69894,107.00467,-53.64647,-142.29141,94.18564,26.495375,-125.368164,162.97464
179.6053,80.82852,-38.230976,-156.13005,80.173485,-2.4412365,-128.30098,147.28818
184.1,73.90915,-46.653778,-148.68604,97.594025,11.671826,-136.11276,142.28973
174.98357,87.3742,-45.54418,-143.00784,89.81831,6.373966,-125.539566,158.23962
179.13263,110.5357,-60.581955,-151.45139,73.952255,9.351232,-127.0925,156.34741
166.54898,71.54762,-33.963104,-147.21066,69.779465,-8.8007145,-135.4404,135.59068
179.78894,95.574005,-50.93566,-153.71092,78.240326,9.661781,-113.39754,140.46265
169.54202,82.55386,-42.66269,-146.47008,74.481476,-2.8457448,-131.82092,144.62274
172.2558,69.69621,-49.948483,-145.71672,77.02314,1.971381,-131.04634,120.66578
161.51088,54.23848,-43.432884,-137.92494,71.96114,-2.880844,-129.12372,106.68479
173.14955,82.6802,-60.497677,-145.88802,70.905014,1.8800333,-113.042816,114.393364
163.50249,49.724396,-42.085396,-127.71545,93.15803,-3.8319244,-129.85005,124.586136
184.25272,97.401955,-71.208885,-144.25899,90.02239,9.109766,-107.89052,132.44072
166.83604,90.74864,-58.82089,-130.89647,85.00408,-2.5541935,-129.40776,155.70497
162.63197,93.75,-58.940464,-132.82341,73.06439,0.8563802,-130.57356,144.94193
177.48608,106.101364,-86.571526,-139.75345,66.79339,-6.204296,-116.23851,131.81593
146.50342,115.46391,-61.385487,-116.01496,65.370476,-10.0576105,-124.392395,168.19644
164.95837,68.09991,-76.81646,-123.280334,77.979645,-27.81649,-103.60603,121.06182
164.46474,86.74073,-75.73502,-129.82896,66.67017,-32.011208,-87.5509,129.47218
165.84975,79.92884,-73.52709,-130.62437,71.3585,-22.233011,-111.33374,128.81644
159.15445,76.48745,-78.66818,-121.70387,66.46732,-21.744112,-122.278275,116.78897
165.1009,79.89685,-81.1812,-131.2097,59.4922,-24.022081,-99.2988,104.83073
153.40288,55.051575,-71.6479,-110.36473,79.32095,-32.10082,-115.50693,116.80965
142.79982,79.598114,-77.963844,-98.39517,67.85773,-30.180689,-77.634796,127.60837
146.05414,74.19375,-70.274895,-110.746315,63.77186,-25.562006,-77.89224,112.86189
153.39166,87.66326,-86.039345,-112.98691,58.064495,-18.167267,-87.32329,106.95279
133.89853,67.599724,-69.27233,-101.44002,53.00866,-19.38267,-108.1089,98.48436
159.82364,85.18915,-103.355194,-114.320114,42.41718,-37.405334,-89.89241,89.819565
161.2469,83.14034,-102.20248,-104.75356,67.68275,-35.35224,-95.31062,116.924904
160.29002,77.21814,-98.67537,-93.68664,84.962975,-36.71701,-95.28081,131.04514
145.19087,92.75851,-86.58874,-104.422585,51.947834,-47.200993,-78.96379,131.64423
133.46916,72.30242,-87.87601,-88.166595,48.40109,-42.27069,-83.45389,104.12631
142.21864,80.386955,-101.47413,-89.43001,43.72758,-47.258183,-69.08836,100.3136
142.96814,54.681034,-92.15344,-102.62717,37.989227,-67.61211,-67.462906,72.45638
151.29756,66.82545,-93.14681,-104.64207,57.14274,-40.17907,-78.242096,88.07538
151.48624,57.066845,-93.16533,-98.09763,67.93012,-40.588436,-85.90498,86.21309
127.85667,38.215874,-62.73306,-96.87334,54.83066,-54.00548,-87.5316,90.99632
161.26454,73.90577,-99.38419,-109.05319,65.362595,-31.728476,-82.942825,78.896736
125.81832,84.10448,-91.02435,-75.507034,43.10191,-40.890697,-90.203705,109.082565
142.86467,82.80852,-100.36658,-87.41724,52.054104,-35.170174,-76.07341,101.61069
131.8773,69.036224,-87.67141,-92.8261,32.926384,-52.641514,-67.66353,87.45726
141.93155,83.4356,-104.83942,-84.049126,45.695625,-28.318657,-79.37897,78.91239
143.36841,74.05488,-111.50615,-77.61473,46.02294,-45.72421,-79.72844,79.89508
142.00792,51.86822,-115.58288,-65.074585,51.012814,-72.10409,-61.159794,78.864456
129.80995,60.351574,-106.17973,-64.69705,37.32058,-74.778076,-52.38843,87.18417
158.6671,63.06792,-125.62207,-79.99204,55.25249,-76.421486,-40.863556,61.27318
151.25496,79.15807,-122.33299,-78.07897,43.365158,-71.29722,-55.022133,99.03609
111.254776,53.5683,-85.69533,-63.347027,32.080345,-62.520153,-68.30586,79.98379
132.5217,61.158092,-111.91782,-53.05136,47.375755,-56.270535,-45.49217,70.82956
136.36647,73.19238,-109.24619,-64.44206,50.49802,-59.08372,-22.661718,83.08731
138.43771,55.252262,-107.90144,-70.103806,50.712234,-79.21363,-39.536087,86.80329
123.942085,76.57064,-103.41005,-57.556602,37.305424,-51.6707,-50.600567,93.197655
137.21477,82.32026,-118.65331,-60.052135,33.96072,-52.89554,-37.25493,78.2534
129.6517,102.519585,-117.964676,-40.642574,34.6195,-54.11462,-46.316723,115.46677
133.15247,123.46159,-119.888596,-50.67033,28.228422,-50.056572,-23.249886,125.859955
148.52882,67.361084,-126.786644,-54.64846,54.561077,-67.90514,-35.82401,82.05821
114.33565,89.92497,-99.34395,-52.524925,20.781137,-65.85139,-36.845444,102.95761
125.18892,71.80366,-106.82973,-34.776707,54.581295,-49.054005,-28.40911,96.770935
130.92705,72.942184,-117.63238,-34.669113,46.06591,-80.89786,2.563057,97.25824
132.62218,79.922714,-115.323906,-52.55441,39.037308,-90.74903,-0.038440704,94.48719
161.28856,130.87292,-155.01901,-32.948624,29.80068,-58.285847,-18.298603,116.96358
136.67622,82.68259,-128.35184,-27.735554,38.04503,-81.57563,-1.3896523,101.05485
113.14511,103.64288,-106.58253,-33.630165,17.968609,-68.22777,-8.557098,110.501396
144.45491,101.89463,-132.71684,-43.458244,37.387737,-61.784172,7.147484,90.11601
125.47175,66.77166,-116.800316,-27.043732,36.75047,-78.546265,-10.201874,88.9219
137.68098,70.286644,-129.33768,-30.31157,35.660053,-78.17995,7.8442116,64.84337
122.77657,52.872276,-114.84916,-27.158905,33.874958,-92.24432,10.778496,62.97265
124.95979,59.436436,-120.27399,-20.643175,26.700336,-81.8752,18.009943,51.41574
123.56731,82.99552,-116.26143,-31.841778,26.614134,-70.06225,17.283033,74.79318
114.94153,72.85995,-111.76577,-24.023033,11.766832,-66.56396,8.381535,58.642063
136.94354,73.727066,-134.19455,-17.718788,21.387354,-65.54233,1.2621841,40.234818
116.78211,54.996456,-114.236626,-11.962623,20.94715,-83.0247,19.111088,53.96456
143.42258,56.17304,-138.20169,-5.4419074,37.659,-91.358406,24.294907,46.07506
142.20244,91.12363,-139.8055,-7.097409,24.707098,-81.67262,30.82015,83.84013
149.26952,60.341866,-140.35088,-16.59214,48.309082,-99.017715,24.206161,64.98778
126.772575,101.219765,-126.19936,-11.822026,1.6023302,-87.73911,19.826296,90.43063
111.855095,68.452995,-108.79182,-18.80495,17.963472,-94.04978,29.359983,63.920982
118.64028,70.926125,-117.93693,8.798093,9.686326,-79.8055,29.944046,65.61796
129.3262,93.928246,-125.1124,-12.914853,29.5659,-71.19342,54.965427,66.43998
121.73973,57.434883,-117.25456,6.9941645,32.082798,-87.12722,36.64447,70.96809
120.96616,83.26248,-117.27562,-12.656555,26.742859,-75.587425,47.392925,67.441315
123.83211,60.854847,-116.423294,-10.695681,41.194633,-72.65751,24.7601,64.10176
132.0322,101.11998,-128.46173,-4.7118964,29.899757,-55.539722,12.126549,97.71759
151.09372,130.2738,-150.19083,-10.581783,12.230088,-62.328606,14.149166,105.309616
129.59286,82.6922,-128.25838,9.3536215,15.600336,-83.29087,27.259056,82.99816
133.98227,109.49543,-130.89114,17.639198,21.879902,-67.09092,54.16416,103.00809
128.8616,117.95868,-126.12725,-9.361346,24.250237,-79.782814,56.578777,109.67221
113.05862,88.506004,-113.01018,-3.4745555,-0.9729002,-77.25193,26.946608,74.46802
138.59023,86.44218,-136.12175,13.378949,23.004894,-63.43907,23.458261,68.92795
125.19909,74.18389,-117.30114,26.36714,34.660057,-74.7937,62.67459,83.63938
130.85106,100.559685,-129.06784,15.023133,16.126612,-81.885544,68.63393,86.66118
142.98274,104.14203,-139.83794,17.12161,24.935154,-67.11714,64.877945,82.227425
126.58298,82.28912,-123.07605,10.475571,27.74572,-77.520706,54.0233,80.60985
128.84608,86.76297,-127.83394,7.617923,14.517418,-68.48048,38.981422,69.67949
130.58163,93.501335,-126.77526,19.219366,24.691753,-64.18165,50.311634,86.54712
154.1584,102.43535,-146.72896,-4.745466,46.91924,-71.866646,57.25562,78.54042
149.04362,81.37913,-141.90942,22.778158,39.154007,-82.83382,36.883,92.71175
124.21277,92.84295,-116.81942,33.624645,26.482845,-80.00072,53.185177,108.62128
125.83421,87.26683,-116.931366,32.620594,32.85485,-60.497345,59.125366,94.37137
151.60577,108.9957,-141.81468,46.297783,26.90101,-60.02754,75.44528,92.88213
118.59094,101.62062,-115.29564,24.848616,12.357157,-66.84571,61.66994,94.19399
138.03441,67.58328,-133.27834,26.55617,22.952076,-79.062744,54.198246,52.072468
121.103264,97.45897,-119.060585,21.078077,-8.137418,-80.08393,69.421844,67.211685
130.71533,60.38212,-122.553856,32.403008,32.092346,-83.31462,62.664543,66.83806
136.98996,75.168144,-127.76399,38.325466,29.841759,-88.24011,78.56058,79.30347
127.616615,90.01111,-118.86378,44.8567,10.02509,-60.192356,75.07674,71.08677
125.13293,93.48529,-119.666504,32.721237,17.034458,-54.105293,69.52527,72.61273
142.40874,109.39607,-134.98117,45.459034,5.7286143,-49.701225,69.675186,68.76718
134.81097,89.46648,-125.08366,49.663116,6.8676906,-72.04356,65.2276,77.44672
127.8984,85.146935,-116.960464,49.989212,12.813712,-67.980865,64.88573,80.85324
119.46339,84.22588,-110.40412,40.768703,19.301466,-63.740437,79.84358,77.69103
128.32867,83.075264,-120.032776,44.319023,11.745801,-62.364395,69.14841,66.03146
119.79357,95.257545,-115.71809,30.028587,10.390171,-63.610435,78.648895,73.468124
145.90836,75.91772,-126.79833,59.84992,39.42315,-54.629684,61.04169,62.23909
126.953735,100.94677,-123.693245,27.796362,8.755855,-75.336876,81.83908,79.55226
142.55263,83.577805,-125.082886,63.713017,24.471771,-60.12862,65.75726,77.04287
126.95767,101.75952,-108.77424,64.60119,3.5722392,-57.838844,87.89888,88.65075
117.13774,90.91342,-106.8189,46.41255,12.724269,-53.937107,81.63872,77.08882
113.68927,62.890778,-91.55856,51.916473,43.01444,-41.096336,79.14621,69.01971
140.36203,147.37791,-134.6987,31.415087,25.671877,-13.850576,90.663925,85.37088
114.85752,102.772804,-104.14208,48.0709,8.378565,-62.518433,86.00845,94.25635
112.71757,106.82813,-103.531,42.78119,12.085238,-46.59506,82.08899,93.74242
112.51,99.46607,-101.53412,44.32345,20.52628,-48.763134,88.552,92.15878
120.03957,107.4209,-104.60115,57.43308,15.535937,-42.829193,76.495834,101.341385
124.752754,123.86888,-109.3068,56.902576,18.107958,-25.783314,75.86487,107.44498
120.14678,103.53381,-97.97401,67.47661,18.25781,-35.34908,94.30617,96.34022
130.34665,124.049385,-116.64581,57.175274,12.976769,-36.356327,90.81438,101.31723
121.88212,112.974556,-105.64769,58.41663,18.905956,-52.62391,89.70538,113.63884
116.59867,108.06595,-105.292274,49.31477,8.212085,-46.53987,84.27042,91.60969
120.441895,79.2843,-95.54567,69.30237,25.008413,-30.62119,75.36589,70.15111
123.94757,96.9291,-104.97206,57.468792,33.100708,-38.052364,97.40953,90.55399
122.539024,85.511696,-106.266815,51.161274,32.833626,-45.34894,90.42668,78.24771
129.27684,103.19884,-109.74896,60.28305,33.456913,-32.610714,84.5853,97.39546
124.25,135.78476,-114.23475,48.25097,11.803096,-27.70413,93.158295,106.17023
139.01102,98.74209,-118.98682,57.47657,43.832245,-40.001442,79.08984,98.63718
130.02908,126.76183,-114.15027,58.77203,20.727724,-45.840637,86.77478,124.01749
133.21223,116.75321,-112.51745,67.04473,24.597574,-38.80664,88.39488,112.8248
105.72251,78.50637,-83.51754,61.85417,18.90309,-57.788097,93.986404,86.05347
130.33226,116.89873,-111.28046,57.971684,34.557735,-23.195206,95.61687,100.67673
117.50851,98.80916,-93.74701,64.601395,29.053925,-56.100163,96.05875,115.09259
122.17406,90.21121,-99.42738,63.522552,30.382763,-41.650433,94.82431,92.37263
119.10001,108.83502,-109.27854,42.27595,20.843275,-47.379215,98.354904,90.53634
120.57493,124.72169,-103.443085,61.145756,10.337313,-27.155401,61.56928,108.72036
130.97806,116.94363,-113.4524,57.256603,32.119034,-25.24425,72.84169,106.67244
132.78271,98.29166,-97.44094,85.5938,27.004183,-33.940407,88.42734,102.064995
98.89799,88.99754,-69.62373,56.86965,41.19784,-31.690126,97.57942,110.47984
110.724884,83.35776,-79.77091,64.046486,42.03182,-25.366583,98.10541,95.09996
137.88062,105.17017,-117.15757,58.075073,44.269714,-31.047062,95.86548,91.35086
144.67291,120.345924,-112.51148,89.22646,15.539632,-34.82394,90.6664,107.117325
118.79841,91.5356,-93.00065,61.517845,40.25119,-55.564938,116.54068,103.35942
107.66332,125.65031,-93.558685,44.4041,28.644394,-40.322487,118.11424,114.572876
102.88876,94.46562,-83.314156,56.1355,23.697996,-45.53833,85.494705,105.62102
130.81691,106.62559,-103.04431,68.63833,41.729584,-19.645956,88.53119,105.633705
104.27795,96.67166,-83.96017,52.266384,33.34684,-37.681385,117.391266,88.16659
103.57606,123.891335,-90.15332,48.457558,18.011127,-22.441288,102.99371,105.72914
113.47873,106.12878,-91.65745,38.92108,53.77459,-20.327543,99.99162,102.35481
115.37121,102.26422,-89.17768,65.29486,34.12303,-22.819212,87.37315,109.07352
114.64759,106.58015,-84.81729,75.29172,17.14707,-23.189291,91.57834,102.15326
127.16668,92.11624,-94.24161,71.82976,46.38436,-19.808638,106.80916,88.62172
108.46641,128.1677,-87.09976,58.069374,28.839455,-25.345694,123.22287,120.26961
101.475365,100.80113,-76.16996,62.516956,23.500652,-22.33881,102.162766,99.163445
131.85173,125.69215,-106.81428,61.200912,47.04748,-8.623407,102.39656,113.96092
103.50877,120.09347,-81.82347,58.829674,22.561537,-30.40046,94.12723,124.994125
91.09893,108.6923,-80.88463,34.08967,24.096272,-41.57433,97.678085,103.23031
112.05204,120.328995,-90.09646,64.45221,17.217234,-18.994963,94.000626,109.735825
111.05862,98.81928,-79.11431,66.27392,40.813972,-6.790697,103.240295,97.93199
108.355896,88.7772,-85.2296,54.137,39.985657,-23.578886,92.77719,91.33068
106.02542,127.31071,-83.88801,63.704586,12.4103775,3.7039297,99.07416,97.29749
105.81064,60.71089,-71.48142,64.01398,45.38173,-18.455862,86.56526,64.68738
88.89355,102.83794,-68.98875,39.155483,40.19493,-15.628462,112.33638,88.921364
105.60547,119.79729,-92.70735,49.18592,10.1856575,-21.750193,80.09935,101.5446
120.43359,86.36695,-92.2807,72.68607,27.893536,-22.17783,75.41434,78.47229
110.12039,118.84996,-90.33388,54.559055,32.54261,-19.869806,120.15355,102.839294
101.93748,112.67237,-79.15656,50.64855,40.007935,-12.888313,101.44797,115.712234
108.48157,116.07029,-90.62605,42.36388,41.048355,-7.0630474,91.12395,104.82976
104.74642,101.53817,-78.02921,61.273785,33.237865,-11.873758,86.355835,106.246735
77.20265,105.97759,-61.812443,36.531307,28.066404,-2.7620585,98.82477,90.02115
99.64186,101.79176,-69.98656,57.625027,41.455975,-0.7196009,97.49269,104.72205
96.38108,146.42084,-82.10641,45.42886,22.300953,-3.9050314,115.43033,124.50635
104.7846,99.04702,-81.83455,59.652996,26.647144,-14.119705,92.778656,90.518814
98.56248,112.728935,-76.672714,52.954433,31.203793,-4.32209,104.609985,99.9986
89.93783,98.42922,-65.556595,52.643497,31.35398,0.6084497,95.07025,89.44125
88.52295,88.213165,-55.635403,58.383156,35.79866,-5.5675354,90.59207,101.070984
104.46919,91.00137,-67.34042,66.35396,44.67529,8.018068,92.607376,89.27821
88.59035,106.57157,-66.09956,43.432186,39.892597,-4.712124,111.07443,95.40901
94.768135,89.9347,-72.41342,40.781696,45.9054,-2.258196,77.160065,89.68918
98.04718,127.37837,-84.24394,36.65978,35.16312,2.926048,72.00444,121.067154
101.796364,112.48333,-73.86571,55.661472,42.56397,6.4172688,65.17633,120.8186
80.63498,127.37837,-63.2333,17.840582,46.953228,4.894308,81.46593,133.92897
94.33584,133.25726,-75.686386,46.3345,31.099522,7.062559,59.06413,134.67236
109.85559,128.58266,-89.02944,54.927055,33.672386,2.1942594,75.561554,121.89241
72.05727,104.63508,-58.720615,29.455286,28.879011,-12.55909,77.91666,109.29514
81.284996,101.89946,-64.56406,42.322445,24.211493,4.14485,73.138535,92.59619
105.5237,75.08162,-73.33132,57.37394,49.80424,-3.604853,75.44501,73.68549
90.98077,107.37784,-75.40138,51.54251,0.5607878,-29.760824,95.65289,87.59402
66.364525,89.36722,-53.888844,28.261627,26.238771,-2.0661929,92.98753,59.65386
89.34484,85.834145,-65.57604,52.51154,29.449665,8.780333,80.786285,60.096603
73.545906,97.88258,-57.632477,36.847515,25.891312,-1.9624083,99.01752,76.752396
67.47592,75.23962,-56.18541,28.986496,24.103258,-2.1516993,77.119125,45.08058
80.86408,102.59264,-66.905525,38.923496,22.88606,22.707094,71.41144,59.79349
92.58645,110.20209,-78.26387,36.45017,33.926254,23.704058,66.15793,63.624702
68.19274,78.93035,-51.920322,25.399578,35.754505,-1.8041632,72.302246,74.753784
88.60869,84.826294,-62.653683,50.549423,36.264015,3.52258,63.08226,87.13342
77.903786,111.43384,-61.9907,43.935078,17.035503,0.86334777,86.38588,98.65398
67.95035,104.0877,-54.101624,35.327385,21.106718,7.7122784,77.78186,93.032906
71.869675,116.31853,-59.46787,38.123196,15.311956,25.509872,78.80043,83.42008
73.994934,94.60576,-56.99922,35.90218,30.39148,12.58919,76.11003,79.84969
80.001564,54.502293,-52.98127,39.11824,45.321815,-17.308018,75.47171,63.972427
84.94852,104.15974,-70.46068,41.840736,23.365269,9.569082,79.204636,79.112686
61.68468,93.95877,-50.491924,23.865463,26.805986,6.2055016,74.00461,83.740944
52.50714,75.39894,-43.69428,24.916658,14.095852,5.898617,52.86488,62.841537
59.690872,87.84361,-43.484013,24.860683,32.947105,19.065424,68.62221,77.604294
50.12547,105.08806,-45.409904,11.133934,18.872156,18.444853,62.850964,85.46521
69.355965,71.00176,-56.58309,31.013119,24.546602,0.7604139,43.478386,63.422745
64.214485,110.43126,-53.304787,29.107716,20.50723,21.104433,64.12755,93.82009
61.30457,91.68015,-49.05759,11.488475,34.948326,9.097101,70.57059,74.40498
51.000614,91.34858,-40.34051,23.169092,20.482706,12.361067,42.10782,92.32441
68.20786,82.48523,-46.373455,43.74967,24.185549,14.155821,46.389507,80.09434
37.77896,96.83104,-33.42377,4.03349,17.431372,4.1686573,62.990437,84.076385
31.404617,67.57079,-24.960169,15.382982,11.371524,12.360271,44.84526,59.070164
56.80669,94.11163,-45.21364,19.04732,29.04937,30.093431,54.997185,72.93777
55.27036,86.00146,-49.55796,16.828674,18.31091,-0.30285668,71.151,63.266838
49.43683,81.27154,-41.989998,14.095822,22.476458,10.16906,56.12944,67.83303
50.18777,78.31068,-43.36604,19.292557,15.78811,9.328724,53.884182,61.57525
41.14684,90.02916,-40.803623,1.6977066,3.414275,5.9902306,58.155422,55.368587
46.549034,55.125423,-29.610403,29.151634,20.779888,19.041471,32.42429,47.120434
44.216087,104.86688,-38.189636,19.678677,10.587861,20.867031,69.52141,81.60558
55.967068,106.89393,-53.51311,3.7051015,15.7632065,19.769598,59.52233,69.539154
41.803856,106.35906,-39.142326,-12.660565,-8.301746,14.611849,34.345695,71.47621
70.14672,116.51743,-67.093025,13.302658,16.277536,29.684824,7.1042423,80.980515
31.91003,125.001564,-29.478922,12.040366,-2.2914896,18.197716,47.58319,107.52713
35.025215,115.64338,-35.110435,-0.85157627,1.3822536,22.457712,55.474987,84.02353
23.937744,111.29922,-22.37156,7.108469,4.128954,29.13468,62.036865,85.80147
27.454792,102.87492,-27.115112,4.85313,1.1043082,23.457102,56.845417,74.08621
21.840687,59.5504,-21.124176,-0.08426959,6.210372,0.78363013,46.33129,36.043266
51.096874,97.918655,-48.368877,-1.6490296,16.058516,28.437986,56.182655,33.65796
36.416214,95.45295,-19.860903,-28.32254,10.809852,26.261389,31.471409,68.96272
33.60455,91.17017,-26.573553,-8.176273,18.587656,41.58054,9.890215,77.18172
45.638695,132.14297,-44.6205,-1.6136372,10.344266,46.514282,31.26287,99.61235
31.341118,99.27267,-19.987818,-14.844119,18.670685,33.9164,23.351364,93.140816
25.379694,112.25223,-16.769053,-17.044645,7.68975,36.202763,28.19974,95.66445
27.908401,99.905914,-27.169558,-0.91088843,6.9997306,32.789124,31.480076,79.83798
19.08953,88.89779,-9.14979,-14.799162,7.865103,12.04969,29.724606,82.46123
23.881952,89.29739,-0.42621833,-23.678558,2.6698291,29.852524,28.151903,68.572586
23.861908,84.88439,-17.239283,-16.624,2.123271,40.78277,18.58323,53.2499
29.127586,86.822655,-7.166325,-28.203285,-1.8295218,42.193077,15.253998,54.95079
31.313993,58.365513,-3.8706107,-30.650969,-4.6454167,35.591003,0.109004974,24.87515
28.799915,73.26623,-8.147406,-27.209059,5.4221644,50.622707,-4.813759,42.958717
24.922306,72.847755,5.19337,-23.387989,-6.58826,48.484486,-1.0692673,46.601974
29.867481,85.87964,-14.026119,-25.448961,-6.6397624,57.618076,0.32697487,32.672905
28.58,74.407684,-5.278545,-26.56071,9.429265,49.92502,7.4903584,45.39471
39.20703,92.75943,-18.260382,-34.45957,2.8832579,52.11113,3.2905846,49.627388
31.698038,70.58044,10.598226,-25.857542,-15.387411,35.918865,-15.564192,50.48718
50.388645,76.94804,-2.7132146,-48.846493,-11.99241,38.377945,-4.8486385,36.376648
22.235336,76.535225,2.9701173,-1.1909667,-21.828493,44.239895,-27.578485,36.599274
30.641323,81.53076,0.55992645,-30.391516,-4.0380664,43.49969,16.508154,46.947067
47.069263,70.46464,19.409035,-38.901928,-18.443176,44.618862,6.2520695,30.000341
34.249317,65.33483,7.667236,-32.931797,-5.715738,53.989735,-12.301634,34.737762
49.14535,83.59314,-9.31941,-43.816887,-20.182375,56.890057,-20.577543,24.727398
34.528973,46.195236,-0.33698165,-34.048096,-6.053196,25.70232,-6.970196,20.948353
39.425762,62.632984,10.523597,-36.336105,-11.3676815,32.77136,-13.975042,42.806087
36.304268,72.55903,-1.8815513,-33.038044,15.12368,54.763546,6.452631,37.10936
35.975685,82.36542,-5.0570736,-35.508488,-3.2281048,40.09114,0.24711037,56.12642
60.569176,107.786026,9.774935,-54.764694,-23.979773,56.435436,-9.636431,61.85357
57.568436,95.2792,-12.129754,-56.308426,-0.09041014,59.057552,-24.948517,54.872543
64.31174,129.05086,-5.947824,-49.96742,-40.493546,53.710045,-32.307816,73.08382
45.957863,81.30806,10.655411,-42.727654,-13.386928,37.79675,-13.64979,57.64794
52.102062,98.91063,13.752325,-49.2844,-9.88451,62.359837,8.554977,53.99455
52.357544,93.428116,9.797147,-46.610985,-22.09756,61.139214,0.766222,39.948494
64.544556,69.029434,34.99756,-50.03096,-20.837004,53.9366,-17.783068,37.49073
50.880375,102.58563,-6.499384,-49.235664,-11.4567795,76.1538,-9.665798,34.672943
77.71181,116.27043,12.240206,-69.781075,-31.548145,59.539967,-20.36693,61.91651
73.62617,132.37494,21.428745,-57.13499,-40.534203,79.17767,-40.98619,77.145485
67.36653,130.5766,10.953401,-56.433407,-34.897163,79.06829,-21.914812,70.97152
65.53673,110.687904,34.917076,-43.829807,-33.79061,81.77119,-22.135653,63.685944
79.07631,100.81698,33.669567,-66.92666,-24.824232,73.47192,-16.878496,52.595215
72.68167,123.402794,31.799305,-49.157223,-42.531937,91.784935,-20.82105,60.81287
76.17455,95.9339,19.935772,-68.73048,-26.20511,72.60323,-24.448208,40.937775
74.97208,127.802826,10.756287,-47.444004,-57.376347,78.769966,-40.711517,50.550568
85.24267,101.80964,30.205976,-69.37647,-38.80791,71.90299,-22.155632,40.51526
84.48705,72.65716,37.70428,-67.90038,-33.418995,77.70039,-50.160114,25.439613
74.67272,69.23928,36.823097,-56.516426,-31.813404,86.707085,-37.28481,11.77378
86.35103,90.52495,31.512053,-64.381256,-48.44616,77.37817,-29.853104,22.049263
81.9226,65.586296,30.204252,-63.280685,-42.156788,77.465576,-25.388924,-16.521374
77.806755,71.62969,34.36945,-52.603394,-45.86889,77.11129,-26.246918,5.0542965
100.00695,93.792404,36.63908,-81.98701,-44.47216,72.747795,-16.185946,12.13452
98.08831,76.20001,40.533764,-73.93313,-50.425266,80.10623,-42.36088,6.806816
93.22151,86.54318,35.01861,-72.53203,-46.99023,92.296135,-53.508427,15.099336
90.4119,89.07706,21.723434,-76.55559,-42.86664,84.4467,-43.66421,10.613957
98.129555,94.26832,28.822021,-69.4074,-63.18921,69.94172,-51.9066,20.19336
90.431435,81.49109,38.45769,-67.19806,-47.442986,78.24116,-40.350155,18.833065
105.219345,98.6585,39.232132,-81.87352,-53.369724,80.7324,-27.486954,18.171356
87.92755,85.11887,21.932299,-70.76943,-47.100937,81.244255,-44.366184,7.5037317
104.274895,95.417465,28.35925,-86.87188,-49.795036,74.12379,-46.16688,22.923126
104.72312,64.72683,34.14214,-79.32736,-58.994755,58.891926,-58.653526,-2.6655471
115.29278,71.19847,51.44864,-85.80319,-57.24298,80.76894,-58.76256,1.559838
99.46607,72.126625,43.498856,-63.44815,-62.86147,81.00605,-49.481888,-2.95975
117.83483,90.87565,20.207384,-95.3902,-65.504234,70.32502,-38.705788,-15.671406
101.54588,50.334545,47.462845,-76.27719,-46.657635,74.0232,-68.301544,-5.1616297
115.28768,92.78421,37.524536,-86.225655,-66.81587,84.71087,-47.3949,3.110593
109.593636,50.842896,41.86024,-87.70873,-51.411156,76.87171,-63.44192,-23.466583
106.199715,76.79772,41.045986,-68.70832,-69.95279,83.46517,-70.94054,-5.9385033
109.85474,81.383354,40.2563,-87.9056,-52.273773,86.25854,-49.427444,3.0420916
91.35653,72.28513,27.89273,-63.16714,-59.694836,79.49384,-47.136627,-11.852925
126.03695,76.652725,52.191235,-94.658264,-65.460686,64.9231,-45.966816,-6.7690086
126.40665,64.75157,55.376446,-96.61846,-59.957176,76.307495,-62.381943,-8.703044
124.288536,79.52044,46.425507,-79.20848,-83.72194,83.84068,-66.73947,-15.041402
131.8676,80.15152,47.770218,-95.218735,-77.78827,88.83198,-58.22476,-19.812359
110.08662,40.271152,43.75417,-81.80499,-59.342033,76.5725,-61.198685,-48.90572
118.75243,66.020004,48.432716,-91.036285,-59.315002,77.022896,-41.33486,-25.883802
134.13356,53.15837,60.734123,-91.680084,-76.72457,65.47253,-57.87548,-35.683598
109.94999,66.38712,53.89444,-72.96134,-61.773697,91.46847,-52.90608,-11.175532
133.24625,97.31521,49.232178,-99.86636,-73.25754,89.33497,-45.73364,-3.311487
124.303055,74.145546,42.561966,-99.155785,-61.98374,83.8695,-63.126617,-11.733146
133.29877,96.97551,56.71712,-92.149536,-77.70028,92.19634,-72.20055,10.451686
122.47551,66.34992,63.002262,-85.62251,-60.685986,98.71006,-65.10181,-8.807399
139.5636,76.495094,53.951485,-91.04764,-91.13162,83.423386,-63.563698,-26.27141
143.7013,98.24968,50.273685,-105.999596,-82.93432,86.28099,-60.014225,-4.498268
143.59404,78.60661,78.02959,-85.53501,-85.44853,91.09164,-76.29297,-8.305087
146.42426,91.46174,60.24808,-108.939896,-76.60435,88.22697,-41.42668,-22.16165
136.78198,86.053764,60.311176,-90.44918,-83.08758,102.21825,-66.144394,-11.920567
140.07587,86.32388,50.888966,-92.25611,-92.262314,100.26349,-62.158627,-27.508717
150.93562,64.32923,78.64058,-94.00017,-88.08018,95.85955,-69.71042,-30.584793
153.25734,83.12077,67.268585,-115.519035,-75.47362,113.44364,-58.477795,-36.365517
141.35506,86.90117,59.467052,-95.975655,-84.75034,106.309944,-82.59953,-13.048985
152.4795,89.43294,63.99611,-115.0969,-77.318344,96.96503,-54.719517,-20.265955
152.67203,92.73113,67.50986,-104.60299,-88.44592,95.65414,-80.4698,-3.467512
137.15616,74.81686,81.14661,-85.426285,-70.0484,111.112206,-72.98001,-2.4533155
151.80663,88.19439,66.93643,-99.86532,-92.38204,100.93098,-58.55066,-22.282396
173.67642,74.799736,79.673546,-99.22935,-118.34894,84.740616,-56.2169,-57.61348
145.0181,89.71901,60.383274,-98.979454,-86.83624,103.202995,-60.26409,-18.138523
150.06665,98.05101,54.047626,-98.17152,-99.85352,78.92535,-39.962044,-24.921103
162.68759,107.8645,62.06313,-101.33478,-111.16702,70.34602,-39.085415,-23.496315
165.94427,100.32447,83.254425,-84.9998,-115.73897,84.36503,-44.5499,-23.578136
167.86304,96.04296,83.06738,-119.94874,-83.18712,105.82244,-37.051662,-40.39557
157.63327,84.393425,69.646675,-103.20776,-97.009346,111.36512,-58.68477,-38.6705
156.13536,107.89115,70.74431,-88.41633,-107.98363,121.7506,-54.144295,-19.457945
169.34358,101.63169,68.320076,-107.91708,-110.97742,102.274376,-45.949493,-38.00264
148.80272,70.04463,79.05223,-101.19982,-75.59945,125.145294,-60.921535,-41.236446
157.28716,132.1325,58.20573,-87.26731,-117.6448,111.00628,-55.69522,-0.63117003
155.94711,120.170715,53.297688,-95.27691,-111.54899,97.672554,-47.472656,-10.4409895
173.27507,94.36631,85.69422,-116.57766,-94.95514,96.43825,-44.80064,-34.85944
160.57787,89.073006,78.168274,-99.335014,-99.6375,96.20622,-62.250202,-20.399763
154.0495,117.70302,64.764206,-99.608986,-97.25263,112.21108,-42.426243,-6.5353346
153.06616,72.04339,70.10258,-96.981606,-95.55356,103.16768,-50.38523,-51.847992
172.0792,102.88829,66.0859,-107.099846,-117.603745,110.032875,-52.321983,-42.335003
166.10689,95.38081,84.36918,-87.10519,-113.52991,120.79838,-61.995247,-28.807467
151.28781,84.57246,71.77533,-90.44678,-97.96773,122.30816,-53.59904,-40.47883
157.8013,71.99479,76.086624,-87.08951,-107.30642,103.964775,-43.642345,-57.12326
161.4342,86.024704,68.13039,-101.00712,-105.87432,107.31757,-48.81202,-49.93198
174.69402,97.78676,87.14053,-95.22179,-117.773506,116.729515,-58.9084,-31.820854
172.47319,60.5,96.82131,-87.11793,-112.92701,107.7685,-53.86892,-63.554363
174.20175,110.709076,56.29153,-105.49959,-126.77935,110.225975,-42.99158,-52.574207
171.67993,64.45347,76.93103,-109.404274,-107.76901,91.48479,-59.45885,-69.75479
170.09189,75.82216,86.72115,-106.68362,-100.183655,119.56716,-71.198975,-41.79672
171.98401,91.28116,79.42809,-95.912224,-118.63788,118.155174,-61.070995,-43.69124
168.6572,89.61864,75.59464,-112.493614,-100.76548,125.919205,-63.197727,-45.654194
174.56804,76.6355,95.17548,-100.15799,-107.08582,119.20879,-83.62306,-35.82787
172.89014,92.02344,90.75524,-89.07192,-117.017334,123.7452,-61.611538,-35.368717
179.74565,93.9428,83.57695,-104.44946,-120.57839,124.47113,-66.463715,-44.94717
185.36534,105.841866,88.49858,-90.43246,-135.68758,133.95866,-66.36116,-43.181103
170.9342,67.214676,98.57718,-88.47223,-108.39963,126.00925,-65.87677,-51.255142
174.8351,87.43748,80.41972,-93.24974,-124.36498,108.16036,-42.99123,-58.03496
180.8238,73.697014,86.03975,-98.95968,-124.5966,112.73835,-54.443356,-72.50379
184.11206,55.047707,103.535866,-84.10939,-127.07425,110.64488,-68.73657,-74.5609
163.84215,85.65775,80.794266,-78.85045,-118.52025,124.81095,-42.42191,-54.991386
179.78946,100.77326,86.62381,-101.04844,-120.95825,133.106,-47.816406,-49.07506
174.70332,98.49143,75.37416,-88.879585,-129.99474,132.54683,-67.43843,-52.648438
178.17986,96.29253,78.15197,-95.51471,-128.22484,123.66158,-65.3562,-49.29743
160.55295,104.12973,75.19885,-70.482445,-123.50198,132.10675,-65.11101,-36.40265
188.51408,100.52487,109.03691,-80.88411,-130.82619,112.02631,-52.990414,-34.34818
155.90642,57.890118,94.521996,-74.94443,-98.75359,113.85352,-42.829067,-54.670654
173.00072,106.01599,77.05077,-87.93617,-127.49435,119.39509,-28.079088,-51.100594
181.55754,91.61749,90.86715,-78.13984,-136.31866,113.17585,-41.238693,-55.548306
181.092,66.004265,99.45681,-77.11305,-130.29146,106.38201,-35.78876,-79.0428
190.05804,101.79829,92.979225,-78.37734,-146.23927,133.90854,-27.634314,-67.60177
161.32233,75.30034,80.98028,-49.37326,-130.61917,134.07492,-35.2256,-78.943184
174.85641,99.16684,87.723015,-63.651287,-136.84532,125.01809,-18.516598,-56.60733
181.26527,88.58647,92.967964,-87.61647,-128.28302,117.47571,-20.838346,-75.55961
181.8435,123.14987,84.13701,-76.08503,-142.2782,154.35492,-48.267365,-44.874702
174.11249,116.17289,88.25245,-86.10892,-123.18043,137.86562,-34.680943,-31.554445
196.88399,101.80055,105.45844,-70.78828,-150.66154,124.38846,-40.652523,-55.26007
182.88602,104.93577,94.905594,-68.564186,-140.20477,133.892,-22.638103,-54.33525
172.18904,108.6876,84.54267,-66.74238,-133.91833,139.87968,-17.448803,-54.624733
182.736,104.08578,92.94354,-61.904873,-144.5676,127.437874,-8.413338,-62.334854
179.12802,93.48991,106.69648,-66.5806,-127.08122,130.34499,-19.479313,-50.21836
175.86163,109.10803,86.537025,-50.276886,-144.25502,143.4474,-16.518356,-57.00458
180.78233,109.49893,82.281525,-67.88085,-146.07536,134.48134,-21.134401,-61.951633
181.66617,81.0625,113.659744,-49.822186,-132.30125,137.42372,-18.63689,-61.246243
188.66208,130.25385,99.37721,-76.94151,-140.92078,143.03212,1.8449707,-47.20931
182.79018,100.78938,104.45954,-56.067257,-139.48152,160.12663,-29.680706,-60.029823
184.44652,111.89728,85.32904,-63.638287,-150.93289,148.61539,-18.2591,-70.92544
179.23906,121.50264,89.74131,-63.05604,-141.57881,150.25829,-22.03873,-44.30427
170.99068,97.89407,100.134186,-38.4383,-133.18915,150.47174,-17.440239,-51.799168
186.73515,118.404236,112.062775,-54.66554,-139.18213,149.21231,-4.506859,-38.408783
174.17775,97.706276,90.23563,-28.365597,-146.42032,145.65878,-7.070469,-69.24918
201.1452,144.86308,95.7542,-53.223446,-168.6168,150.44435,-5.5993137,-42.9176
175.71301,87.71545,97.412575,-43.781174,-139.84276,142.03651,-5.897444,-74.80017
187.68341,93.857605,105.70341,-31.063673,-151.7946,134.85025,15.068207,-75.13173
196.86163,94.30801,118.43716,-25.539442,-155.60924,140.20659,13.446127,-72.407715
195.47954,78.03245,115.75803,-47.35502,-150.11835,144.3075,7.4334736,-102.141235
184.62885,118.536125,81.535255,-46.343178,-158.6561,158.79388,6.109022,-85.5403
179.92012,74.4211,115.231735,-25.415503,-135.98306,142.53217,11.099079,-77.54324
184.83304,124.93223,98.08841,-46.972637,-149.38226,134.76064,37.822323,-65.813324
180.63292,89.41616,120.35441,-48.492813,-126.115036,152.9647,11.726234,-68.40198
178.30469,106.54488,105.58121,-6.235696,-143.16139,160.93056,-5.293091,-52.026634
185.39755,125.85706,103.992714,-32.3436,-149.9764,156.13898,23.56141,-50.010784
175.39955,103.26816,100.63492,-20.132755,-141.89821,152.01814,30.544846,-67.865654
172.914,84.60053,108.74125,-13.9387,-133.61806,144.95189,29.705378,-70.44203
192.157,105.44578,121.633224,-14.295414,-147.7152,128.00034,38.154312,-56.575493
190.05789,86.77269,117.30502,-22.898697,-148.10844,134.45094,41.350716,-92.5963
194.15265,98.555824,126.28463,-14.4827,-147.07442,156.63557,34.243572,-67.07901
177.3302,104.43778,99.09055,5.941449,-147.04253,149.13655,54.94848,-69.377975
181.93748,98.955795,109.76455,11.132863,-144.57048,128.46785,76.98575,-72.83153
196.52481,84.48965,124.64742,14.0978565,-150.85759,139.35808,65.578354,-85.68985
196.65262,84.9073,130.91475,6.909527,-146.31728,162.90897,52.12752,-81.859535
198.3362,105.030945,116.45862,-10.77736,-160.66621,164.82332,49.6851,-89.90381
175.67441,85.0147,112.75618,1.4830384,-134.30757,161.86412,54.152008,-89.172104
187.08354,98.00638,112.65184,5.4544373,-149.1941,145.74802,71.26956,-84.51296
189.65561,107.98843,112.147224,-13.040165,-152.7116,137.06413,67.411804,-85.01776
180.90952,86.17715,119.33159,18.540327,-134.95097,156.64558,47.758842,-63.568962
174.98857,126.5168,115.898994,-1.7740417,-131.03107,169.87288,62.31784,-36.708477
196.22499,102.92473,125.145905,22.750793,-149.60608,151.81082,56.560947,-56.166397
180.40648,124.13803,102.18107,9.732088,-148.7114,160.53804,62.35311,-53.16719
184.56773,106.71926,107.56916,38.952553,-144.46695,158.7521,56.81706,-52.67615
183.5933,98.93179,121.72003,21.357193,-135.461,132.79356,81.93248,-58.06748
177.66823,117.415924,130.17712,-5.0279036,-121.080574,151.68372,73.69728,-36.67016
184.21523,108.32013,130.66655,1.9912453,-129.65309,175.56273,53.381527,-45.26271
181.1084,94.79583,118.23496,19.477219,-136.09372,165.99489,45.428852,-58.457104
165.50906,63.166447,122.94522,24.61683,-107.85305,145.71571,74.433136,-76.96526
182.65883,106.93456,131.58765,32.282074,-121.95739,160.5569,87.537476,-34.883305
171.1936,93.82564,116.076584,33.13633,-121.7272,175.49295,74.58894,-61.4404
195.4303,101.53817,145.35696,28.094648,-127.847626,169.90904,70.1593,-38.933857
192.38893,96.91749,128.82854,50.257553,-133.45688,179.34377,63.70731,-51.558132
185.95766,114.618935,121.16382,43.042988,-134.4837,170.23936,85.2522,-40.17384
183.6852,79.71198,138.87096,47.20666,-110.70525,147.68794,95.229065,-47.59856
197.41391,99.20307,128.8941,45.11643,-142.62408,163.78717,99.049576,-66.76473
211.25813,77.39711,155.08456,53.974598,-132.78853,157.92107,91.633835,-65.63389
187.09958,76.20737,131.65498,67.03943,-114.8862,189.8414,84.65335,-69.39241
184.8927,88.99614,134.06592,53.83222,-115.488235,173.98647,117.470795,-67.98736
196.48935,82.16599,143.77791,41.67739,-126.91216,153.7621,108.815475,-80.62841
218.18527,87.76994,166.4423,65.30767,-125.20104,180.84969,99.45929,-45.605515
194.69334,85.57307,145.07835,59.475616,-115.337685,182.62836,107.00337,-54.90752
202.80286,81.16033,139.80273,79.99273,-123.04371,176.87628,107.035355,-56.104156
213.52531,77.2593,167.01425,70.19456,-112.542564,186.87596,110.330215,-50.195976
190.57019,77.583824,148.78635,69.96947,-96.052765,199.50043,115.04176,-58.123703
194.04332,82.71336,162.6178,52.682026,-91.85527,187.0985,116.14453,-44.91363
192.37009,106.833984,150.36053,66.10782,-99.64378,207.22165,102.53465,-16.718832
199.47745,90.18592,156.85272,62.39544,-105.56339,183.50175,104.92166,-30.76683
214.05972,76.53267,179.87636,56.696594,-100.977806,191.41539,93.66968,-35.36738
203.20018,82.11463,159.56631,83.646,-94.45187,212.8644,100.40979,-34.130516
218.30827,86.65593,181.5485,83.50098,-88.37266,199.27538,123.04277,-12.907783
199.50313,80.79024,169.4023,69.598366,-79.48161,200.56345,129.84065,-34.594883
186.92311,111.848114,134.38179,78.94925,-102.942825,211.5437,119.92824,-33.390644
196.39899,98.33743,158.8476,66.75293,-94.22163,191.92862,118.12758,-16.601254
207.82088,88.662636,152.89642,97.91516,-101.26827,191.0144,116.17247,-23.082005
215.05246,118.664444,168.82562,73.27473,-110.792366,196.70662,134.29211,-12.821626
218.3233,92.637146,168.79376,105.70758,-88.723816,209.24956,115.39754,-5.812228
187.99872,103.97235,145.12723,89.92457,-78.7518,218.72789,141.90988,-26.857254
234.5481,79.45124,187.31168,109.21473,-88.6174,190.03818,146.8008,-19.076378
192.92049,82.23451,163.36559,82.261795,-61.467335,212.16283,147.33582,-48.252666
219.8255,82.447044,178.75523,102.484604,-75.747116,216.82552,144.34373,-15.778047
193.5775,100.33226,150.99467,93.54327,-77.34395,213.84958,142.29483,-15.728347
217.44174,77.61627,179.14908,98.82477,-74.307304,205.15913,140.64174,-13.839995
210.79686,84.31954,166.58212,110.56607,-66.520164,219.13539,154.77106,-17.898836
213.44592,101.19667,171.40327,109.21077,-65.445656,220.11601,143.33812,16.630949
220.81892,102.44208,185.93788,94.02534,-72.60175,220.07733,154.91638,2.4592736
219.90408,111.09486,177.27261,106.64849,-73.62388,221.00764,151.2067,17.868958
221.22397,85.0707,170.2271,128.20943,-59.799717,218.3887,164.04784,0.25643468
200.31409,106.79538,159.12134,109.22792,-53.815514,194.9878,183.28038,13.751119
220.32524,90.50976,172.08386,119.16065,-68.540855,210.2957,166.27579,-2.2437923
215.03629,71.674835,184.57018,102.95764,-40.007458,215.04567,151.51807,3.229726
196.75809,80.88693,159.30394,109.76454,-35.047817,221.75908,148.2411,-0.827584
220.14175,84.56657,176.6154,121.28641,-51.153023,204.97766,159.21968,19.401405
221.86546,97.28177,175.33281,124.53953,-53.543476,215.08986,158.87767,28.06566
213.01512,96.73468,172.0707,118.42521,-42.29204,219.52737,184.7415,9.859746
213.18892,105.39568,176.20096,109.872154,-48.94589,216.00873,173.34987,24.985722
229.6588,77.18656,193.08565,116.80152,-42.787643,209.04024,163.91914,16.496983
214.69983,89.74556,177.28737,112.87381,-43.149143,211.98618,173.01344,13.698905
213.97404,85.236435,178.35724,114.36397,-29.070765,230.6717,162.87254,17.544657
218.58466,76.99391,182.9594,117.46478,-21.891129,219.98967,161.7287,28.893232
210.13463,94.92925,180.19482,106.726494,-18.89906,220.19595,167.51517,41.962578
224.4541,70.50632,182.43015,128.57303,-23.194086,217.77837,147.1927,35.160473
219.32484,92.9974,182.0897,119.40777,-26.67373,228.0111,149.4977,48.2092
223.55717,72.022675,188.30533,119.278275,-15.074318,217.46275,152.40967,42.087524
232.86761,78.1409,199.63882,118.90821,-13.794305,228.81425,154.8904,48.673183
206.63605,93.063484,165.77933,123.376854,-2.477899,234.8944,155.89291,51.269897
221.40234,55.793285,169.06297,142.98653,-3.1351748,192.94426,165.5853,41.5195
226.58014,83.32054,183.94083,131.29256,-16.377848,206.21677,168.82582,55.305264
237.77536,71.42347,191.25888,141.16039,-3.4252577,223.69888,164.92932,55.770275
228.72827,84.0989,199.33864,112.144516,-3.704232,226.41878,164.5447,55.655514
233.21892,44.94719,196.23492,125.94286,1.0350826,215.70708,160.07635,23.071291
233.26662,51.568523,202.43257,115.85349,3.422143,216.90207,163.62163,16.005302
223.98898,77.76648,174.99504,139.8444,-4.3966904,233.64003,170.08923,37.076958
225.23557,67.585594,186.07544,126.23389,13.508627,222.64725,173.76477,45.138016
228.86923,61.611687,185.36157,132.76753,20.855108,215.37477,168.7365,61.014538
231.83844,77.914215,186.22342,137.9994,3.766352,222.98247,160.24794,68.76083
224.40993,89.172935,177.19942,137.40192,5.9285927,228.79868,148.12785,77.66734
231.95258,59.48529,185.01149,139.05463,15.733474,214.55981,162.44466,61.590748
228.24397,62.26556,171.69438,147.50175,29.426367,204.85304,169.6179,76.58069
235.37949,75.01708,187.61531,141.42867,15.234119,190.84666,180.6014,78.55307
217.49167,69.8306,176.21156,124.6413,26.222261,202.59615,171.22646,71.339325
255.42429,37.591557,203.02058,151.33884,34.21498,216.77129,159.57095,68.19081
252.1246,64.43698,196.69376,155.59346,25.682978,214.45082,179.63307,82.635
242.64803,65.587845,188.23889,144.01675,51.69461,230.16197,192.43098,66.26069
239.56001,74.67356,198.02202,130.97295,32.47132,234.36124,184.06502,69.55441
239.36165,52.010216,178.05911,150.89978,52.906887,225.76866,158.76671,72.35952
242.4905,66.129135,188.64526,142.73764,54.009315,212.31596,182.60445,100.901535
242.28319,85.11472,195.63199,136.00674,44.364433,221.72513,174.86742,114.666016
244.38136,52.53228,191.47206,142.76459,51.193066,221.17819,162.21156,89.59913
231.4865,99.11137,192.98764,124.10056,30.893438,211.2117,174.97108,114.25882
243.96562,52.329636,181.32472,145.86536,72.97844,225.66483,170.3365,86.390884
222.59697,108.42266,177.21677,127.09806,45.20233,216.48851,189.76546,124.42231
242.80612,69.206696,193.2375,135.58237,56.54703,217.81656,173.87425,109.47967
244.41257,54.417942,181.48756,145.47017,75.08334,221.7714,165.1202,106.1818
239.89078,105.29989,190.85783,129.74902,66.30435,227.40489,182.95345,148.55508
259.1575,71.1069,195.6516,151.46965,77.34318,230.08386,173.84502,134.83282
268.5004,72.36357,210.68942,146.7168,78.69374,232.13972,186.87161,134.55106
256.68515,69.48306,182.90198,153.19057,95.43052,229.09428,183.60173,136.53964
255.25946,93.144196,190.45699,145.83081,87.01485,229.24565,176.3505,165.79813
262.43576,105.1308,174.18088,169.46379,98.508965,243.40799,173.82668,178.25984
259.5154,105.19647,182.0046,160.59933,92.1845,214.22786,188.79628,187.87811
236.46101,117.282684,172.75609,138.43211,82.69836,219.35265,183.22339,180.79872
255.79417,105.007164,183.17793,152.98355,91.93355,217.24614,178.49574,188.48663
242.08386,106.828,172.32013,143.23729,91.65276,225.63728,183.76106,174.9043
261.85837,73.55443,187.44543,149.14845,106.0932,221.49333,183.83891,161.36363
258.4387,75.31434,183.27208,152.82928,98.557724,229.24684,185.27565,148.91846
256.73624,83.57491,181.55345,153.48491,96.770195,224.65266,187.52908,159.9811
256.8999,77.64986,170.77179,149.07115,121.25772,232.26562,186.68832,149.65945
249.86246,90.989784,169.94447,142.39862,115.12347,225.56465,186.40657,171.5403
240.46466,94.66256,165.546,137.16095,108.439735,214.49022,181.24762,175.73836
258.3774,68.81417,173.6824,131.6284,138.98146,210.27048,176.472,175.58287
253.02917,90.103065,172.87729,142.8074,116.75973,211.57553,172.04066,192.68141
243.80077,109.09922,165.28429,137.36986,115.06179,215.66087,175.32286,204.3988
248.82022,93.00168,179.51947,126.2815,116.705574,221.19528,176.86134,183.03831
268.07474,76.22868,172.19563,163.16269,125.17553,222.99313,177.4322,180.38313
262.94202,84.85465,171.38591,133.56105,147.8741,211.64297,188.77116,197.74336
259.56598,76.749596,180.53944,125.41955,137.79185,201.08084,180.17073,187.77414
256.82935,77.88975,170.28534,143.46097,127.846725,218.96928,152.87895,188.34981
264.15442,78.19207,175.22131,131.20067,148.36545,219.13484,167.9491,200.62872
264.90045,71.83488,175.88326,131.74345,147.64499,210.41678,168.71027,198.87186
266.31842,54.34611,167.61171,139.41156,152.58652,200.89523,160.79619,190.34741
272.73477,62.769917,164.01074,143.69917,163.65073,205.73148,169.49547,202.92313
250.053,72.42453,152.59436,129.7334,149.9629,196.1609,168.06126,192.54565
241.01505,86.42663,147.88562,119.30529,148.40636,197.12933,157.4887,207.56082
266.65427,75.247925,158.55733,122.70864,175.56963,202.02531,153.29588,229.02441
257.19107,77.79179,166.47209,119.80922,155.01941,199.81238,154.90602,216.38638
252.15286,66.036446,158.27235,123.02881,153.08505,197.528,155.32726,194.55865
262.69815,74.91203,135.80411,142.62154,174.14915,205.04533,157.882,198.33624
250.16444,99.05176,136.9323,108.6561,179.23787,187.48962,177.50179,228.95805
251.6164,75.58315,147.22815,131.57436,156.16577,170.49525,148.22217,225.81638
265.89908,61.994457,164.15865,124.71682,168.231,186.03185,153.9151,218.24423
261.85016,63.706356,146.39647,119.02204,181.61513,193.17249,155.01213,205.9666
266.65802,51.541245,138.19934,122.470894,192.70697,176.17181,141.06787,222.15668
275.69003,54.90674,137.06883,139.93083,193.76427,185.68845,143.52588,219.37457
268.17532,55.05679,137.89575,125.08417,193.09683,163.76305,167.75713,215.38074
260.7163,63.283092,140.11168,122.01275,182.84224,163.67589,161.30916,226.40198
274.84085,65.88058,137.2961,111.18213,210.51149,166.14961,153.4221,252.74283
280.274,39.296947,141.63795,121.12486,209.57382,160.13068,139.5689,238.37518
268.083,55.86591,152.57007,115.51102,187.57352,175.41762,151.76115,223.58974
270.38028,67.62026,150.60893,107.22987,197.31606,182.84543,159.44257,225.96631
280.35156,49.21636,137.06789,121.70605,211.76715,170.39937,158.11606,214.02844
286.40924,46.856163,124.335045,132.60374,221.16037,162.85468,154.00899,237.66455
265.81055,70.44147,121.97407,109.00665,209.66002,153.13634,157.53828,249.47046
275.6973,61.19845,126.08571,101.943954,223.11742,169.36302,138.61809,244.88422
267.01358,80.56209,118.93647,127.36872,202.3606,164.41718,118.946335,268.59714
285.0798,57.66715,128.71524,115.9306,226.54178,159.81102,136.73477,270.19205
272.52432,54.0324,122.7129,100.7077,221.55615,143.19968,144.15134,247.1592
271.06686,53.591045,119.661026,105.78678,218.91917,137.65474,133.9754,261.13034
269.52274,48.920853,120.29726,103.57795,217.31528,148.23468,134.54222,243.45506
263.8148,52.554733,112.82516,93.44897,219.64531,148.09471,131.87325,223.68294
257.56067,49.862312,108.44639,97.09595,212.42357,136.19693,115.94255,249.31097
258.21793,45.918407,105.59806,106.45519,210.28397,141.02307,112.491776,238.9267
274.39435,48.435524,88.35969,104.062805,237.86795,132.63593,122.99257,231.0935
277.55405,39.389084,102.46981,97.112686,239.01273,124.113914,130.16756,239.62457
265.9878,62.441975,90.354836,87.24929,234.54604,133.42859,126.48233,257.64682
263.67688,40.401115,107.72739,86.950584,224.59416,124.117455,114.793915,248.401
258.99902,46.685116,89.62551,79.84956,229.64569,125.896545,108.95563,231.85057
263.75842,46.22229,84.379906,93.79797,231.47592,113.93225,105.96086,264.85117
265.6506,46.395042,97.190796,87.16617,231.67963,112.72665,121.31247,258.87717
285.85574,27.097048,81.471725,111.24787,250.6633,104.73869,117.977234,238.06865
264.23947,66.730804,78.3588,98.28222,232.72583,111.42273,137.8159,274.625
268.71594,66.20281,51.71545,83.728775,249.95612,110.77998,112.89877,251.13768
279.0287,38.951893,84.089485,75.853676,254.92232,101.23874,101.83493,278.46207
281.01868,45.662483,84.47415,86.64855,253.38477,120.72358,96.77417,279.87128
266.11462,73.8787,65.15084,84.36597,244.0465,112.13053,117.98509,289.86267
266.70688,57.402634,51.83819,91.43261,245.27917,92.84418,111.85219,279.5883
259.57465,69.262184,63.059647,72.819664,241.06137,84.06303,112.59094,293.43433
257.88562,59.583973,71.814545,74.92726,235.89539,98.79948,104.081665,280.5194
297.72345,48.13782,66.2112,71.36554,281.5363,97.40057,104.738785,268.52823
268.1442,66.68208,63.310307,78.9754,248.34581,103.79164,95.30832,298.67868
259.03534,46.268913,63.746437,67.65085,241.66115,81.22351,94.60834,274.98373
270.8362,29.130096,66.64363,76.965744,251.00673,90.50045,90.70561,259.64905
259.30676,53.085426,53.76189,81.61675,240.06894,85.98221,113.96643,267.8103
271.87463,39.803425,70.478264,54.826077,256.86603,76.11646,93.78342,262.54672
287.25653,44.945107,56.28485,73.68996,271.81226,95.68872,76.04164,249.44632
272.15677,59.643864,49.672962,72.09763,257.72748,100.82637,81.5668,286.08762
271.0361,44.218914,44.854572,65.32504,259.2476,83.586235,79.86954,275.0333
262.31473,65.163376,39.11541,61.206852,252.0861,82.043526,80.49367,297.21075
251.2719,69.55585,30.835062,56.91594,242.72003,79.94588,67.58888,290.8172
264.19006,76.72027,37.59243,55.789165,255.35634,79.43815,74.643616,317.42313
271.86404,57.236897,41.286877,49.029144,264.2205,79.685585,70.41229,300.4656
256.14413,67.22935,25.1455,41.901062,251.44373,64.42581,71.740555,297.26834
271.1362,41.153725,29.941128,45.28941,265.69693,64.61525,49.599556,286.77997
266.33185,73.05951,5.662622,76.33646,255.15872,64.69088,53.184605,291.62302
266.60956,70.63332,6.958385,41.652855,263.15796,53.285812,76.072464,304.59445
270.9963,70.306915,14.442222,48.019043,266.33588,65.52317,57.95796,312.58258
266.16214,83.18369,4.418251,60.574657,259.054,73.928856,54.196087,303.44174
260.23746,59.912064,12.21788,34.642277,257.59048,54.86643,60.030857,290.99088
269.48355,44.688652,2.097654,50.323772,264.795,38.007984,44.366848,290.58374
256.62213,69.63361,11.437045,45.29826,252.41196,44.385628,66.39325,310.02325
265.4567,48.98186,15.791333,40.25742,261.93896,48.573833,71.36299,280.61142
274.9207,42.223366,1.0792835,43.951538,271.3576,40.83897,57.39504,270.61444
248.2766,72.996574,-8.27629,44.641357,244.12314,48.333958,50.043232,290.6546
266.07904,50.700138,-3.1574974,34.763313,263.7513,45.400093,45.834957,275.80325
251.59569,71.29629,-8.782671,44.75665,247.34723,52.868435,45.905373,282.57535
261.95877,84.47642,-21.448086,15.957273,260.56674,47.187767,52.156242,295.4782
267.49768,67.10486,-7.972902,36.746964,264.84607,32.246635,21.58725,316.659
271.45212,65.54495,-14.709724,37.231983,268.48337,38.483612,46.259037,305.9291
247.96475,104.357635,-32.539463,47.6423,241.12663,37.496788,54.135757,318.19937
263.87192,72.46044,-39.40573,26.489634,259.60513,14.614843,56.50221,297.50217
263.05762,71.445015,-31.77798,38.314655,258.2705,22.60182,27.783945,302.6235
257.6684,68.15469,-40.418842,28.043318,252.98886,11.675149,47.24528,292.7581
259.48422,55.33365,-32.507946,39.929276,254.25146,6.40296,39.28553,293.61246
257.7141,26.22022,-24.595125,53.92506,250.63766,-16.486591,56.360653,275.30258
245.64316,73.93578,-32.728474,9.165366,243.30482,-4.571741,67.25331,278.69376
277.06677,49.20874,-31.43663,26.753525,274.08508,18.058983,31.607746,273.59402
240.7282,108.02922,-60.54443,16.967207,232.17043,32.658768,29.678255,284.08194
262.319,48.187782,-33.377636,29.754974,258.61484,9.195844,15.156324,276.78928
241.95053,82.06095,-32.442005,5.832614,239.779,14.042917,43.051174,296.82867
248.36024,76.448105,-58.74701,0.6818144,241.30965,3.3350904,20.889557,281.07242
235.20204,100.07622,-43.69314,22.204994,229.93326,13.569541,12.527706,310.9857
248.79007,73.697014,-51.615276,29.700169,241.62451,18.430231,19.854137,262.43784
251.40804,60.110313,-38.62912,26.143143,247.02943,-0.8824351,48.91663,287.61557
251.58,71.63143,-62.484802,12.499683,243.50768,4.4184113,37.639797,255.69641
234.36136,69.973206,-52.53404,11.262187,228.06987,6.735881,17.585407,263.58005
242.31024,78.76071,-68.98533,19.06354,231.44228,6.6224957,7.992897,248.83188
256.8297,75.332596,-70.59987,25.747929,245.51872,-5.549529,16.325026,282.66226
237.09334,84.54141,-72.800156,22.193514,224.60452,-23.297232,36.9365,291.12283
222.009,84.53402,-71.60189,2.052641,210.07338,-35.208473,43.11474,273.84946
247.97783,83.35166,-86.98222,9.813021,231.77415,-11.997307,21.55593,266.63016
261.55734,81.291145,-83.816246,9.975304,247.72963,-15.509724,12.030888,292.16257
259.38678,73.58159,-66.70231,6.3375535,250.30963,-15.063639,9.243511,302.6805
246.65005,49.72424,-69.821175,15.336676,235.82948,-40.21847,24.948065,274.4572
253.19014,71.151245,-96.08103,24.61402,232.87335,-35.916218,41.21018,267.72092
237.11812,68.22206,-87.414566,16.165615,220.02916,-49.820942,38.912983,272.29135
240.16089,81.622604,-94.02017,0.63412344,221.12111,-27.545572,30.594486,258.32584
229.21005,54.129475,-90.65166,12.6482315,209.85571,-42.703632,13.4625435,235.03221
249.9865,42.346783,-81.158615,-0.22437148,236.46657,-41.895737,16.680817,236.63358
232.35641,64.25729,-78.990295,2.5225384,218.45032,-38.00976,14.356911,266.35825
228.25752,57.35852,-83.40236,7.6224756,212.36183,-43.397987,20.310133,251.47925
245.23152,58.01724,-93.78948,-0.32354268,226.73027,-46.70417,30.648571,240.41704
240.09633,66.64083,-95.23832,1.1957409,220.49304,-42.923588,21.976082,256.2784
233.05847,61.273975,-96.42926,12.529285,211.75879,-45.54657,1.006176,245.6559
224.23982,53.55838,-89.451065,11.456742,205.65663,-41.139942,14.77459,228.85767
212.81976,50.259327,-84.139786,-4.1429,195.65431,-49.525993,24.751179,218.37892
239.41856,58.079685,-111.46779,-7.629725,212.14925,-54.874985,4.9771156,221.22812
234.87976,46.151924,-106.074554,6.677843,209.282,-65.607704,-6.5735054,228.33443
216.3169,77.3854,-115.517395,-24.125885,181.08727,-64.23073,9.428074,227.67152
231.77899,58.305233,-109.20496,-4.3519025,204.63596,-62.23381,-5.139881,239.03233
219.21051,84.91319,-108.79244,-8.633347,189.8734,-61.30941,13.435574,256.3342
212.4747,58.670692,-113.38081,12.473044,179.33246,-69.90996,4.0459633,218.34085
198.64604,43.66062,-97.89617,-10.234462,172.2514,-71.4511,14.994045,196.15993
232.22202,69.93211,-117.57783,-1.7248274,199.87788,-49.50081,12.690628,192.54608
233.97061,56.925938,-122.640854,3.4930136,198.85605,-73.37467,14.133526,224.12892
217.30911,38.63289,-113.85627,-1.4510028,185.01103,-81.58538,2.573204,205.60648
215.63757,47.87549,-117.99813,-13.214992,179.75679,-78.92926,7.089836,198.82483
218.68141,45.404434,-106.2703,-13.730995,190.25572,-74.28046,-5.0527573,221.71094
232.65263,61.207127,-126.5583,-10.100905,194.65259,-75.21755,-7.676674,227.87277
192.26349,61.603573,-99.62465,-12.92571,164.01872,-82.305275,-8.012501,222.52036
211.16107,54.55559,-111.75366,-18.996084,177.68599,-64.42618,3.168705,193.32379
191.65138,65.247604,-106.85379,0.54952693,159.22565,-70.49478,3.5680313,213.48627
191.66197,52.943954,-109.57817,-9.717526,156.89671,-72.37161,11.9166565,187.76126
195.60994,43.087845,-118.32274,-14.072727,155.45273,-77.72325,-2.6274033,161.61327
206.81952,62.66977,-128.36967,-4.298712,161.50098,-65.77844,-7.6660576,165.36414
206.47095,62.205807,-130.39961,0.04438598,160.34567,-75.48184,-10.63781,186.71182
223.28961,51.327988,-127.09144,-15.465393,183.16887,-77.92464,-0.71805954,187.15695
212.67404,72.47974,-140.18097,5.527039,160.16368,-89.52567,-8.726788,210.04553
219.95583,78.98259,-137.17578,-19.24561,170.80234,-81.89639,9.331444,219.6407
210.25298,55.9559,-128.53139,-11.627658,165.76865,-100.2678,-0.057762146,212.9433
215.86397,54.88909,-137.20552,-16.375536,166.18013,-99.65283,6.1439095,198.68839
195.6103,53.009434,-122.50251,-12.323754,151.52516,-99.72814,3.6494255,197.1593
182.37941,52.86303,-123.787704,-21.494305,131.56584,-103.41935,8.997742,170.03204
196.09727,27.95085,-118.97621,-16.404722,155.18791,-96.89568,0.17177582,150.11877
198.55418,49.816067,-129.89333,4.8272,149.9752,-87.88871,14.55537,174.71295
194.51799,28.517538,-128.43538,-3.0143306,146.33002,-104.58189,9.549789,155.05807
201.94693,48.88651,-136.08833,-9.211541,148.85208,-90.586815,8.39846,152.18106
221.03566,67.71921,-152.62299,-17.916145,158.75998,-85.5277,-8.47147,162.35231
187.76352,93.1203,-138.95271,-28.429203,123.08604,-84.085106,-23.75293,197.86777
184.73431,87.97869,-137.08008,-15.070861,122.763214,-82.68927,-18.11922,192.11597
173.8347,87.253784,-129.6664,-26.078657,113.42172,-92.5216,8.63546,183.95784
192.08109,64.88599,-133.71362,-5.3573685,137.72862,-85.33926,2.176937,181.46115
183.70033,86.31268,-127.53913,-33.279667,127.88463,-97.17536,11.837353,195.16187
185.36354,50.804504,-126.88943,-2.3936915,134.70457,-83.41364,-16.656631,156.79243
162.86636,62.102493,-102.127914,-22.268526,125.07756,-83.48261,6.189663,176.79065
177.57323,101.1615,-142.16437,-11.497136,105.88899,-60.91363,2.3554077,165.17429
173.8566,85.58528,-130.30833,-29.576643,111.47958,-89.96407,0.81728363,180.4621
184.62187,88.32726,-133.13013,-22.807129,125.9077,-57.24113,-23.648903,171.07388
183.64816,93.59272,-142.8,-27.082767,111.659355,-85.34742,-0.7720909,180.90392
176.92477,99.6961,-135.33475,-19.94778,112.48731,-70.857155,-21.708374,188.25354
171.74483,71.094376,-123.062874,-30.18037,116.00358,-104.94271,-4.9853134,180.00754
174.36905,105.10122,-144.6839,-32.556507,92.197296,-86.839966,-0.6928177,173.69958
167.69682,104.45994,-134.68422,-20.71429,97.72098,-82.4889,-3.769638,186.60306
146.55951,73.95607,-108.92798,-19.591318,96.47137,-73.65676,-4.0320015,159.13481
170.07062,72.43189,-134.26727,-28.8766,100.100525,-77.988335,4.181072,131.43813
161.20659,62.66628,-120.18208,-18.756836,106.05377,-71.12536,-16.507095,144.58647
154.82777,90.93026,-131.80063,-30.336138,74.58494,-70.59334,-10.624638,138.91823
177.10237,63.66563,-139.30719,-33.05216,103.93594,-79.904396,-19.3106,122.11505
150.27058,77.13179,-112.68335,-30.00701,95.06587,-72.956795,-24.256012,161.06741
155.04037,95.449265,-130.6035,-21.119997,80.766396,-73.56919,-11.91164,157.02686
146.74893,68.58309,-115.753265,-34.452244,83.016365,-80.89692,-4.9042053,133.78033
153.60059,68.56748,-127.47612,-41.428867,75.475555,-83.85207,-16.814499,122.00386
155.46382,72.557304,-128.92546,-37.964092,78.0326,-83.73495,-29.029148,134.09706
143.38846,60.28526,-114.91271,-37.50247,76.93473,-73.28872,-22.961159,118.38126
153.04008,51.33423,-127.93176,-30.935484,78.37271,-82.31826,-27.238544,101.00667
157.11322,80.64506,-133.19218,-52.02864,65.00511,-82.00876,-17.816994,116.58778
140.00401,56.361,-116.30098,-38.133904,67.911064,-78.94074,-43.297817,109.8978
153.7376,67.49306,-133.90965,-34.56695,67.09975,-70.509995,-28.238155,88.72325
139.05574,54.37658,-115.51936,-40.53198,65.543526,-79.90051,-17.320496,99.95413
150.09663,83.869316,-139.96402,-15.057332,52.477592,-78.22233,-29.022045,107.1897
135.87701,69.91066,-127.08158,-14.794595,45.60843,-79.56403,-9.348766,96.84086
148.22386,69.33118,-132.36499,-44.493267,49.923584,-88.87736,-4.1082344,85.72726
144.57805,63.663666,-118.87005,-55.59928,61.35114,-78.66608,-29.221512,103.410904
136.79044,81.194595,-117.83384,-54.756844,42.61715,-70.664055,-49.50109,109.2552
142.37473,78.55134,-126.7821,-28.902147,57.907745,-63.047985,-51.59496,97.780396
124.117386,63.404457,-107.16961,-38.730206,49.17718,-65.88671,-13.428417,90.12661
125.52515,70.492905,-111.15148,-44.032246,38.269794,-75.7706,-14.010727,90.51932
117.51303,32.230614,-94.41728,-41.776215,56.15781,-75.83978,-20.289219,70.77703
120.43671,66.468506,-110.01091,-31.10918,38.043507,-57.971912,-25.325289,79.34202
139.68027,85.708534,-127.832634,-44.788723,34.467922,-66.49209,-17.08741,87.42565
132.85542,73.71991,-113.31135,-63.99147,27.431028,-67.484276,-38.816822,78.56317
128.9714,79.133194,-114.811935,-42.18023,40.86116,-58.475918,-59.30412,94.03418
116.641815,76.323326,-100.49074,-47.85309,35.312717,-60.96664,-34.69726,99.47645
117.13774,80.24893,-111.540306,-34.940876,8.4969,-65.903275,-36.257328,74.37744
115.02778,64.01807,-100.371574,-52.43638,19.731829,-68.09138,-19.17041,63.723824
120.10107,64.67527,-109.144356,-46.048122,19.686815,-58.71375,-25.485115,55.44329
116.55257,36.61476,-99.540634,-59.47746,12.085596,-93.08918,-29.271019,32.25827
110.04268,45.39828,-99.38391,-46.85944,5.3892555,-67.2819,-43.947544,37.325794
128.75342,51.03587,-110.45912,-59.009354,30.098307,-71.27347,-28.994286,17.48156
114.99349,79.67828,-108.04232,-39.172333,5.261149,-57.02572,-43.54252,65.78754
126.40121,86.662056,-115.845375,-49.613243,-9.915805,-60.11764,-32.074554,54.091038
101.27075,44.610115,-94.120895,-36.613426,7.989689,-64.38619,-32.72829,41.312782
115.000885,67.42711,-97.70901,-60.280552,-4.1585107,-70.118835,-16.637798,38.74799
93.86867,50.55412,-84.676125,-39.030586,11.364912,-61.648525,-37.911655,56.05415
100.024506,62.46162,-90.24057,-36.706043,-22.616776,-64.51967,-18.473797,31.287724
118.9911,72.269485,-97.03406,-61.59336,-31.099194,-59.971737,-21.234886,16.281565
99.52422,53.01217,-84.91375,-49.914116,-14.065001,-43.309925,-42.74681,17.846428
97.71463,57.02166,-85.22825,-46.40771,11.407496,-33.70135,-32.431313,30.65089
106.32659,45.66763,-81.53651,-66.89702,13.356147,-61.0138,-26.879696,4.644886
127.30641,79.724625,-114.20887,-56.16152,-4.6124344,-45.357285,-52.697643,35.47882
97.24038,98.978714,-83.54379,-48.12594,-13.325717,-31.736164,-55.416344,70.80106
104.423584,67.33965,-87.83249,-56.38236,-1.2787383,-42.85711,-38.755886,46.336937
112.658104,84.60019,-91.71541,-60.427353,-25.260406,-57.26838,-30.123175,46.311134
106.43955,79.14309,-92.91448,-46.10967,-23.831991,-49.982395,-37.8308,41.87754
121.1967,69.91468,-90.43391,-79.99674,-10.9117565,-58.566257,-33.97131,31.042946
94.02659,61.149406,-76.04846,-53.23461,-16.097715,-41.52521,-59.802227,34.23054
98.92326,52.203926,-77.22765,-61.617203,-6.2346745,-50.26972,-38.2185,31.920681
115.4567,92.84673,-87.99483,-65.294945,-35.6684,-29.904152,-26.632568,24.92326
82.544304,24.66811,-53.190422,-57.112617,-26.7905,-48.154327,-43.67203,-6.6535444
104.64053,79.02729,-75.42895,-68.33097,-23.938978,-19.077969,-29.246033,14.888204
89.02808,45.011284,-61.03893,-57.924965,-29.264547,-49.114193,-23.87674,-1.6901319
86.17461,53.450912,-69.6928,-44.09728,-24.9301,-31.803246,-26.188986,8.291079
89.79003,79.81854,-76.52247,-40.91923,-22.858532,-25.456049,-10.099319,29.762009
110.663055,83.942314,-82.32729,-55.372013,-48.843697,-53.88352,-11.781837,16.541286
102.6368,97.82382,-73.843506,-45.43002,-55.190235,-27.253656,-31.831774,30.269691
78.70991,68.628075,-54.1217,-50.386036,-27.107376,-32.693417,-17.118675,29.094215
103.17703,104.13363,-45.384853,-74.56263,-54.51161,-14.342981,-17.143215,26.13323
103.503624,64.4811,-55.918888,-59.067722,-64.27672,-29.235023,-41.426174,-8.438095
93.20173,79.88742,-52.78239,-59.78568,-48.116573,-10.678262,-22.923836,9.219493
93.84162,91.31402,-40.057724,-65.34595,-53.64221,-16.460896,3.54105,1.4981787
92.602646,61.247448,-42.93238,-66.32911,-47.753742,-28.608322,-12.443352,-22.905096
112.52777,96.13695,-52.385727,-74.30644,-65.61917,-12.657547,-17.215065,-0.044917822
85.49306,69.76568,-55.676575,-39.80635,-51.388073,-6.2504396,-35.816875,-1.7505624
115.87736,120.19255,-49.14101,-78.97774,-69.02702,-7.629141,-10.873825,20.987003
85.24963,89.15191,-44.38135,-42.494762,-59.20862,-2.6272414,-31.69832,19.113453
103.12371,98.379684,-41.409946,-67.73414,-65.82597,-2.2448437,-20.533905,11.332244
100.06654,81.5,-45.807358,-67.58975,-58.246986,-6.7871714,-27.012297,1.2652066
91.222595,79.00158,-33.642532,-75.32405,-38.615417,7.347891,-27.50882,9.070236
110.809525,101.636604,-43.409363,-80.568054,-62.524693,4.5637856,-31.730358,12.600926
104.312035,79.00949,-41.93472,-68.85169,-66.096634,-4.610611,-32.80193,-6.45846
96.3613,104.204124,-51.571507,-51.23949,-63.28345,11.17016,-27.56594,16.568417
110.97072,112.948,-35.40618,-78.24064,-70.71869,5.197753,-16.928108,15.263408
98.67244,95.73401,-26.115873,-64.28329,-70.08923,13.986697,-38.687115,13.029032
87.535706,87.625626,0.09579063,-54.406166,-68.60205,14.018797,-28.488634,13.788337
97.078575,100.22475,-24.908424,-63.0139,-69.33741,20.844355,-15.190786,5.316661
97.20596,83.30817,-28.136889,-72.331314,-58.83345,12.285614,-13.636978,-14.863569
94.591225,71.77395,0.548081,-71.22335,-62.53791,28.006794,-38.37222,-4.789317
110.85689,80.51242,-16.2604,-76.35755,-79.20931,19.738523,-34.284527,-20.490347
115.38414,95.22211,-18.447428,-87.41484,-73.431076,40.013027,-52.94487,-6.683213
102.913795,102.73875,7.7541056,-61.369553,-82.57722,37.4361,-69.779465,15.588576
96.58286,90.65318,-21.973602,-72.01268,-60.581512,28.849794,-32.61097,3.5379794
122.402,129.60324,-6.8631,-80.625984,-91.26852,30.933207,-27.521574,20.664448
123.081276,115.97952,-3.1672137,-87.97305,-86.04591,39.49471,-49.835102,14.896783
142.76204,128.90016,6.064765,-83.45764,-115.787636,43.108093,-60.535072,5.4178915
118.391304,105.49407,-21.397398,-68.474525,-94.384346,50.420498,-54.66261,-18.415272
103.65568,71.25482,-12.253306,-73.80006,-71.4045,32.50391,-54.049088,-20.043726
140.97606,124.45983,8.612702,-88.50999,-109.10049,30.048323,-21.185766,-6.8347464
139.55017,137.42816,-8.556568,-69.00086,-121.211945,39.80576,-40.631435,4.4502172
143.53831,107.17393,13.739967,-90.31133,-110.94235,42.07291,-44.659977,-17.813305
125.54282,88.20573,6.230922,-62.44971,-109.23745,21.472685,-49.962696,-23.124216
140.04106,103.24001,6.748305,-93.06214,-104.41768,42.97162,-27.025097,-33.790062
142.39119,97.643486,-11.804809,-88.66563,-110.428444,47.45714,-43.745106,-47.65086
122.09013,76.73982,-18.887978,-72.985634,-96.20311,43.061703,-59.22346,-52.837467
142.7883,101.225,10.68213,-85.81781,-113.579094,36.236988,-43.98864,-25.245737
143.15813,102.743614,-12.529863,-87.15719,-112.99118,42.382862,-50.017853,-34.302948
144.35027,95.620346,29.780201,-76.06281,-119.00566,51.73313,-55.703964,-28.203205
116.50536,76.244675,18.27117,-67.05973,-93.292076,52.30151,-41.57346,-29.75738
142.17595,92.95832,18.17698,-87.01163,-111.11157,41.27194,-26.918427,-44.01916
131.43153,66.59955,1.1801366,-80.88388,-103.61338,36.25024,-43.831314,-61.12683
138.07697,70.57974,24.23221,-86.511345,-104.496506,41.510166,-49.977863,-47.10746
126.75592,90.80336,16.769539,-67.101036,-106.33318,55.872913,-34.50723,-30.804245
149.70409,103.17219,33.621803,-74.453995,-125.792366,61.20036,-49.71154,-29.373074
152.58296,96.960045,32.879807,-94.71684,-114.83779,59.24213,-39.638027,-39.34013
140.55092,91.57681,17.962816,-72.62809,-118.79696,62.321156,-54.193123,-40.988255
141.43019,105.49171,46.715004,-71.89362,-112.48327,55.057716,-27.784355,-16.954712
137.66196,69.793,38.655552,-61.30493,-117.37105,42.438984,-25.748934,-56.94023
144.34702,90.267654,40.0469,-53.631226,-127.81314,74.83181,-14.836914,-54.21115
151.12764,86.610115,42.780704,-82.75552,-118.73858,76.31731,-30.126986,-59.06787
140.74179,79.61156,18.44595,-79.09698,-115.07229,78.63886,-41.78088,-77.967926
160.58273,99.00284,21.700932,-87.40733,-133.29211,69.45479,-51.235,-54.478607
145.21558,95.049,25.046907,-69.671425,-124.73605,69.350685,-52.73311,-42.424194
155.23692,105.62463,41.566605,-54.036846,-139.4708,68.37678,-28.090467,-40.69448
152.72688,106.57978,31.504623,-71.0809,-131.48561,69.0474,-24.404932,-43.490894
135.30705,96.571945,27.977457,-59.9594,-118.01029,72.77769,-29.473211,-38.3408
145.47615,123.13407,24.364166,-68.42044,-126.18847,76.51957,-24.934772,-23.229475
158.92299,90.277435,48.490917,-76.2862,-130.84343,46.167965,-26.060486,-55.705193
149.92462,105.36848,27.303633,-66.79415,-131.38089,79.192154,-35.132954,-45.441795
162.45923,99.12626,60.959167,-95.87053,-116.00196,75.793144,-34.459347,-40.180744
187.13515,107.1355,61.47881,-101.09846,-145.2914,85.017586,-44.745945,-57.14377
151.52621,70.95696,59.115574,-71.648766,-119.58323,87.0572,-50.202503,-58.167206
172.96861,125.612564,47.663483,-68.13203,-151.63658,88.21349,-13.78738,-45.51316
178.88266,104.13723,45.43679,-82.56792,-151.92502,71.8777,-17.659023,-75.18228
174.91966,112.22919,81.7687,-78.17405,-133.36003,86.2691,-26.38468,-34.006462
163.927,101.00747,58.12432,-86.69222,-126.26111,104.329704,-33.213573,-54.34089
158.4108,89.251595,53.558937,-58.360104,-137.16612,84.79532,-26.641132,-59.422318
169.14087,96.37123,61.92504,-79.341156,-136.10078,82.42892,-23.60237,-59.537098
164.76892,103.94654,51.30727,-63.45563,-143.4575,99.6168,-31.484306,-57.542835
163.27675,94.47603,57.85909,-76.81584,-131.79222,86.31918,-21.784971,-60.25843
155.91817,95.43914,74.0793,-61.40928,-122.70786,101.81992,-28.384895,-37.646957
160.96782,91.96622,57.2184,-73.26059,-131.38293,90.994286,-14.269695,-69.54505
160.20993,113.70523,46.663963,-76.3882,-132.71317,107.39176,-26.844772,-49.77285
166.4251,77.55142,76.02731,-63.707184,-133.766,81.8081,-27.885849,-65.04837
177.49736,114.44431,84.99672,-76.48685,-135.79727,98.456535,-8.935604,-44.218918
173.82503,111.735245,77.006996,-78.4248,-134.63052,111.86887,-10.787617,-52.695778
171.57451,116.21989,75.35118,-71.69345,-136.71164,108.85243,-22.729197,-37.055466
195.54155,118.611824,86.30922,-90.4938,-150.53725,103.46159,-16.745556,-59.350594
181.9042,85.66505,80.60017,-87.71634,-137.43677,107.06337,-35.12197,-74.898186
158.59639,77.963234,73.78961,-49.267853,-131.22038,119.17614,-39.60873,-68.335205
160.83842,92.00985,62.418045,-80.08127,-125.016014,96.46866,-16.55603,-67.76131
168.28194,60.229248,82.360664,-73.45567,-127.17527,86.57842,-33.30588,-82.612526
165.33092,94.635155,82.3664,-65.61341,-127.83958,117.52915,-37.205627,-44.994804
173.18271,94.41167,83.35089,-61.269913,-138.88596,107.75935,-35.408154,-51.848557
174.47224,81.89361,80.85509,-66.8805,-139.36313,110.60476,-21.038183,-78.472984
183.2928,102.92625,83.137344,-62.582047,-150.87836,116.24139,-18.866001,-63.675858
167.10121,89.28361,84.229485,-65.30757,-128.67818,118.10548,-7.250923,-70.037186
171.8475,85.67088,74.837265,-63.99936,-140.70491,103.65043,-6.655796,-84.28912
175.29547,66.372055,96.29751,-72.715675,-127.518524,105.53348,-15.672405,-95.119415
161.47755,44.83651,89.12217,-45.008976,-126.92523,111.77309,-26.377079,-93.177795
195.06746,80.76548,116.729614,-68.350945,-140.21863,116.44539,-6.489599,-88.57061
162.28139,66.07004,73.22481,-54.085144,-134.56291,109.30082,-9.471392,-101.50304
179.96892,86.50181,96.047516,-61.479095,-139.24518,114.58224,0.28524017,-82.03644
177.13219,71.95311,92.00314,-60.509636,-138.70317,85.00544,-4.0923424,-94.70223
176.05183,73.87828,88.95134,-56.447792,-140.98956,116.26168,-4.3227806,-95.87674
170.66707,77.16217,88.54052,-46.461346,-137.77998,123.76046,-1.5337105,-86.1125
190.62923,84.14274,102.60156,-55.5715,-150.37393,112.60323,6.666691,-94.58858
167.71777,79.159645,88.779526,-53.906868,-131.62286,109.172554,12.462488,-93.66447
166.19116,66.206116,109.36734,-57.302845,-111.279755,117.74986,2.6709824,-84.87399
162.11493,70.40774,90.49597,-59.745514,-121.1245,100.57662,2.6096802,-89.42125
166.73106,81.03086,96.00007,-66.25669,-118.86479,115.47221,2.7426872,-80.91314
185.6125,93.35149,99.95748,-56.032284,-145.87148,123.71066,-19.53616,-63.360176
178.43556,92.66742,90.174774,-70.64372,-136.81273,130.89673,-10.53055,-79.33294
182.13182,93.878914,93.761505,-60.128437,-144.16385,120.92048,-18.10061,-64.59187
186.75786,97.69468,107.795685,-56.309353,-141.41716,131.45097,-9.412741,-59.039783
169.55899,83.47155,84.9172,-52.276943,-136.88116,126.34289,-7.964939,-79.745514
182.8811,88.20998,100.5033,-51.52838,-143.51247,118.09489,4.6834183,-77.60603
187.73119,86.95976,102.95995,-55.124554,-147.17233,122.61458,-6.0088787,-78.02608
187.49533,72.78908,110.05626,-66.438156,-136.71277,116.54693,-2.0197067,-103.4981
199.29439,68.03308,116.93829,-42.89582,-155.27023,131.3013,-17.312725,-94.07625
170.41713,49.350784,103.1421,-47.851337,-127.047,135.58827,-13.54818,-114.28235
180.33926,73.84612,99.8033,-49.865047,-141.47513,119.64493,11.242844,-104.96254
177.90236,58.412327,96.58397,-50.037346,-140.25699,121.43833,-5.8284454,-110.47877
188.52321,70.173004,111.75613,-40.760162,-146.2178,136.23354,-7.0588512,-89.46069
158.05379,57.84678,106.21656,-56.18367,-103.01903,125.71642,-1.9635906,-97.53467
193.00842,83.91364,114.253174,-48.581696,-148.13878,117.3959,-18.75013,-69.71097
181.43042,55.00909,129.36848,-30.136473,-123.89811,136.1831,-5.9881973,-74.93544
168.26468,92.4608,95.736534,-44.197353,-130.88231,140.15352,12.880522,-72.914696
171.69304,77.33208,116.12918,-49.62699,-116.432846,128.85756,21.019714,-87.28962
153.75711,77.91181,101.21326,-28.239891,-112.460915,141.48509,1.5786457,-52.493416
175.4724,89.95867,107.239044,-17.32033,-137.8909,118.85135,20.035694,-56.857513
180.04878,72.3209,131.42961,-42.313408,-115.32766,142.432,3.892353,-60.787838
156.83371,82.09293,111.31379,-26.874651,-106.94411,150.52776,6.7216606,-42.756187
180.11801,132.72928,122.3331,-39.40582,-125.93409,145.18042,23.772936,-11.573424
165.00606,82.111206,114.92647,-41.01334,-110.85272,140.05957,23.968494,-67.285194
174.9666,86.699196,129.61966,-41.709618,-110.17765,153.78905,22.734459,-57.735683
173.78435,113.4485,115.23589,-39.937107,-124.45113,158.15915,17.34227,-36.234062
172.61029,67.91355,125.49201,-24.144176,-115.760185,152.53477,14.268694,-66.67264
171.14467,135.17766,105.70082,-35.558617,-130.43285,173.70366,32.60818,-34.52485
161.31491,106.59532,112.355576,-50.377003,-103.68955,168.49191,14.629736,-41.381126
180.27548,120.50752,118.29069,-35.90392,-130.66066,167.44124,-6.331108,-25.12276
166.70409,114.46533,115.546196,-41.095818,-113.455666,164.07785,2.731781,-19.299633
155.84708,91.6614,116.529434,-30.157652,-99.33953,160.95367,0.39093018,-25.048435
150.34128,111.10468,106.40898,-35.400562,-100.46038,153.94334,22.405788,-17.826323
158.06822,122.38158,106.87232,-23.287477,-114.419464,155.26427,16.698439,-9.23976
148.91545,89.1151,99.5269,-28.782228,-106.58603,139.06833,14.872158,-39.82622
144.26797,86.36261,104.36391,-16.898596,-98.35982,154.77098,6.449873,-31.553308
142.60983,80.66482,106.03183,-8.792655,-94.9477,138.36018,19.885262,-27.134418
125.7756,106.16504,89.476524,-15.5295725,-86.77908,150.72316,28.34177,-11.786836
165.17912,102.24511,117.5353,-26.60889,-112.97253,143.5958,27.08115,-30.070473
157.07642,114.57667,96.108376,-35.948154,-119.27818,147.4612,25.304306,-36.60347
147.96304,83.886925,109.90489,-13.771414,-97.72413,146.38818,19.091814,-30.432337
159.18857,87.77822,124.1578,-19.0219,-97.85232,135.79555,44.895157,-38.692966
152.91255,60.195515,126.20848,-10.514881,-85.708374,148.47676,41.986282,-66.77817
141.36765,109.54023,109.364334,-33.30338,-82.98529,165.60591,50.49567,-39.937748
161.39548,102.72901,116.576836,-28.456034,-108.27989,161.18156,14.475853,-25.596512
152.05757,100.94493,98.5166,-13.917791,-115.471146,158.55894,17.108513,-40.184647
129.60121,121.9703,91.22032,-15.330878,-90.599,165.63106,28.627632,-4.781646
144.99834,106.4079,113.492096,-14.903401,-89.418335,150.08853,21.738289,4.4221087
139.88881,110.11884,107.65221,-21.06136,-87.12076,142.32802,30.145397,4.2174788
145.70518,116.929,109.19508,-18.001925,-95.44035,145.42497,30.36071,4.5028715
143.16736,103.41826,110.555504,-2.3632045,-90.91838,149.97719,32.47951,-1.524472
143.11002,101.33939,113.87533,-9.419033,-86.1097,146.93323,44.81296,-7.0125494
148.03058,104.5144,110.420975,-17.14071,-96.727104,145.07903,46.959007,-21.996086
153.78577,93.70951,111.89124,-17.031677,-103.82323,149.3895,26.549423,-29.936138
126.445206,86.2465,102.411705,-12.3730755,-73.440506,159.31334,31.04966,-25.390465
136.89467,112.55392,99.20861,-10.162204,-93.97887,138.20596,45.040848,-3.5259845
137.56203,97.43638,105.48139,14.97013,-86.89182,145.57445,37.29111,-1.0274246
126.42692,127.582085,92.11041,-11.113161,-85.85748,155.83,49.8451,6.418586
133.90599,72.97945,111.647995,-4.773716,-74.24989,132.46614,34.226513,-15.6022215
115.76176,105.69622,84.04496,-10.216631,-78.97626,145.12737,34.224606,-4.882169
143.02185,113.20253,109.59554,-1.0233164,-92.4357,137.94,43.73119,8.122964
116.18096,78.16672,94.683174,-8.884934,-67.19506,139.88829,41.30766,-28.186092
142.15067,117.68928,107.65006,-1.2468538,-93.23042,137.8893,44.637695,10.675406
123.830086,78.68539,105.25146,10.403974,-63.801643,142.56534,46.93828,-4.8316946
134.72849,118.886566,96.609695,1.9125042,-93.57672,152.68062,54.035038,-3.2415817
114.528656,72.00738,95.605194,5.2129774,-63.403088,139.25583,51.027943,-28.840706
132.6118,87.849655,109.9347,17.344658,-71.64673,145.83269,48.084286,2.3281243
135.11066,98.08956,112.94068,17.381403,-71.83724,135.71216,69.41992,7.522958
134.07257,102.447014,104.19551,23.36873,-81.114624,142.86168,58.980385,7.2271795
129.30511,91.75213,108.82429,11.52442,-69.15544,153.02151,60.14104,-4.7869806
113.426186,88.84045,88.50282,16.54597,-69.0463,133.6603,56.81102,-4.312909
116.64315,86.42338,95.18643,26.243593,-62.26939,140.18925,66.20235,0.23914075
99.015785,74.82688,89.65603,8.142599,-41.237476,125.96814,62.356888,-3.537051
118.429306,105.16921,90.46945,14.378896,-75.370285,127.69421,46.61908,18.16968
110.33359,98.85848,91.48183,23.51999,-56.919308,133.5126,51.524685,27.761856
113.07436,97.22397,99.5342,8.697944,-53.07024,137.04488,62.273037,19.112381
97.0248,93.66029,78.53327,10.87049,-55.598015,138.40366,58.191338,-1.659888
137.18805,131.40967,95.9191,-0.6923951,-97.70174,128.54492,51.83579,17.953474
107.029205,103.970245,81.92035,22.442934,-64.8868,146.65753,53.887123,10.463698
98.34029,105.24851,83.15308,15.4067545,-50.465504,131.77856,72.55263,24.303213
87.21955,117.65548,73.45186,20.896282,-42.139095,134.94958,74.216934,43.339233
104.891014,123.8598,80.84427,25.258356,-61.897293,121.866486,64.8439,48.047104
98.7655,87.34558,91.17203,14.280968,-34.995136,131.8572,56.284847,29.882555
109.33092,119.59985,92.8803,24.596146,-51.774555,129.64241,57.32936,57.205376
86.9965,121.37989,71.35996,25.043701,-43.493095,133.48988,57.708614,56.037292
97.86119,98.11194,90.54648,17.37116,-33.477325,111.867966,65.12323,50.205524
78.241714,109.30498,65.92223,13.614528,-39.962296,120.02214,71.70386,34.750572
79.10634,131.4824,69.19609,17.6078,-34.131996,124.52862,61.308475,76.96969
86.78574,143.7581,72.872,14.091339,-44.79939,132.21873,63.932148,75.6012
82.88245,125.45841,63.515087,28.437037,-45.408222,132.31078,56.76576,55.51237
88.629845,131.71234,72.009384,21.512274,-46.77457,128.40822,64.38002,64.24321
90.68248,102.21492,72.19195,38.660378,-39.236904,117.6087,55.64677,50.68674
90.34387,102.314545,68.87113,38.49056,-44.06725,119.80393,72.47627,37.876953
90.34986,124.86048,79.68735,7.156189,-41.58656,119.283104,78.80165,52.05808
84.21485,102.952225,71.6201,20.859396,-39.065475,130.4373,53.71398,39.324165
89.152626,94.60099,79.53953,22.76706,-32.9305,117.268776,62.92774,43.831062
73.39898,103.45772,65.19665,6.816648,-32.8435,120.71671,60.477543,35.772827
77.89378,78.59042,57.57187,45.2104,-26.549864,115.26849,38.93894,26.294067
65.752205,127.567665,48.590702,39.101227,-20.722223,136.51033,64.068436,68.17965
83.956604,110.60904,63.157032,42.13456,-35.68646,107.94347,66.86183,61.93159
87.11972,115.00886,71.43981,34.71043,-35.7412,116.184235,69.50247,64.20995
75.73918,86.33687,58.129566,40.972515,-25.614878,98.36797,63.62752,47.321075
65.14925,76.268265,44.548214,46.248528,-12.012968,85.91343,80.44072,42.482296
86.18581,82.84965,65.65966,52.299175,-19.217918,94.68125,87.83649,49.80819
62.71825,110.89975,43.718983,33.374645,-29.893433,97.7781,93.47038,45.676823
85.410614,77.840485,70.674034,41.50849,-24.261303,96.05968,76.22197,41.282288
81.98058,75.128876,68.562256,38.21023,-24.478142,108.23348,73.38034,28.894846
66.78349,75.380936,55.80731,33.22533,-15.715151,109.99191,68.14101,22.596344
54.722023,92.90488,43.47313,26.449135,-19.632214,114.92147,68.46599,21.851643
70.15173,75.15079,50.917114,42.99708,-21.758747,100.501076,49.805073,34.236195
74.30186,80.52639,52.82632,50.145786,-14.65709,89.3954,82.35338,48.585556
70.905304,85.26613,53.207756,43.87464,-16.0793,83.04401,76.420975,57.338436
57.569523,105.215256,29.045067,48.73327,-11.438776,102.49336,70.578125,61.34237
57.311783,115.82483,23.354897,46.664642,-23.851965,94.73316,66.55324,64.91432
70.602875,73.11336,38.12733,57.5883,-15.471163,77.39805,78.53015,42.54416
72.18379,103.05346,42.52165,55.37141,-18.132803,82.592155,88.53769,70.75906
56.1762,93.021835,36.845356,39.81869,-13.562078,77.10624,83.03215,57.964764
64.39575,74.953316,30.779352,56.682972,-2.889647,85.83309,73.51224,44.504116
54.192368,88.07525,14.846139,50.358547,-13.318442,81.80794,86.800476,31.010033
48.304375,84.56063,26.166851,40.64619,-1.8343564,74.70094,93.93686,42.20651
66.23868,76.04111,35.17012,55.902054,-2.976285,76.207466,75.47818,58.31086
78.943016,90.19181,35.924606,70.02742,-5.937973,82.860245,88.21791,69.211784
59.73483,97.14551,10.997284,58.62892,-5.437648,79.0146,94.84001,53.865616
75.53145,63.319134,39.961037,64.00055,2.970694,71.854034,88.25572,52.387863
63.348736,106.92287,24.16324,55.87246,-17.246994,78.71043,93.35008,66.60532
78.19887,75.37407,22.262772,73.99547,-12.34087,62.20374,98.41667,47.00245
78.48726,67.1677,29.907042,72.70502,-1.9869987,65.429726,98.118774,48.93794
91.28561,96.83104,1.688489,90.80601,6.751695,69.17459,105.20949,75.015335
68.134056,88.32893,21.09665,63.307156,13.370956,41.909054,119.31842,78.48781
82.748116,86.40493,14.05715,81.423164,3.132659,62.736576,105.81441,70.48563
62.587936,92.808945,11.442861,60.826233,8.24569,58.080532,115.36345,67.27776
79.5503,103.40213,1.8985374,79.55769,1.9220425,66.11754,93.71245,81.95172
47.405827,115.16184,14.232461,44.427578,-7.761288,55.254986,105.045456,81.07319
81.46932,107.408394,-3.3940213,80.84396,-7.8822384,63.13341,86.0918,76.03702
67.884094,108.90133,3.8849595,67.26387,5.755716,52.90729,119.06305,88.4083
85.91566,102.5902,-8.626267,84.66461,13.096468,57.897038,108.09819,87.5543
73.472786,99.484924,11.447675,71.21617,14.892593,29.255491,122.115616,98.29433
76.69094,106.905334,-4.783755,75.38682,12.747063,56.494225,116.25,89.88038
75.66538,106.77429,-0.088317476,75.46874,4.7592773,32.634136,128.7776,91.528114
69.03803,105.28176,-10.121195,67.8762,6.339824,46.61571,114.29602,82.731865
63.743626,101.39526,-9.722506,62.79392,1.7551129,27.616693,119.19566,77.857
81.81076,98.20005,-2.2456586,79.98209,17.11075,56.216255,107.12703,91.29074
99.655655,94.57801,-5.600491,98.623985,10.037118,44.59521,117.55336,88.0821
63.431065,122.03688,-6.696106,63.13256,3.2842443,41.708294,129.61044,93.46262
90.45441,97.88514,-18.237524,87.48777,16.751974,50.6624,114.359085,81.3112
78.398026,125.75472,-17.719631,75.62716,8.157373,45.00391,124.21152,105.79818
75.053314,104.69479,-19.813303,72.19398,6.955984,33.91852,117.95978,84.140045
95.7092,107.17276,-23.541435,91.85886,11.933353,45.526337,113.705505,90.76431
102.75456,114.35034,-33.68047,93.729935,24.68814,48.72905,118.333496,100.3155
100.872444,75.77269,-9.48689,96.50919,25.899849,19.909485,130.3698,87.49982
91.68424,102.172646,-10.773409,90.80434,-1.8710253,35.223774,131.77763,79.25635
103.73524,101.540634,-20.037567,100.124794,19.128712,50.648903,127.97592,86.63118
114.09864,124.02419,-45.55733,103.9239,11.279176,36.662426,136.77303,98.27818
89.97361,100.94677,-21.961548,86.52222,6.552139,10.928274,144.00249,82.86357
110.51697,90.40741,-37.19422,102.271095,20.792822,25.457193,133.11858,78.44795
111.671394,134.36517,-49.50008,100.22362,-4.3174095,23.693459,145.6195,98.71993
117.87811,98.18605,-29.623291,112.54041,16.083961,27.815317,141.35707,90.43616
108.10758,93.44651,-32.040367,101.168175,21.384985,22.823132,150.44415,79.10074
109.91474,118.42297,-29.845818,104.83547,12.714671,41.92537,151.33778,94.70902
115.79832,90.909294,-39.38858,106.85127,19.897196,25.14965,139.38669,75.449585
122.01332,139.51791,-58.652447,107.13757,-4.1214695,30.31877,144.87593,96.57531
116.349686,99.55024,-36.51023,108.56358,18.084003,17.407898,146.90794,92.41891
112.79295,131.9479,-42.481796,104.40965,9.96838,30.628508,140.6838,113.70967
106.912346,137.32625,-45.537533,96.382454,11.889205,30.878569,146.18309,114.63895
113.753296,114.93041,-34.283394,108.08154,9.203723,33.25436,136.81508,97.21521
105.35446,131.0496,-51.174465,91.43553,14.835888,36.179237,148.80717,93.6261
127.03937,127.149765,-49.099964,117.26259,6.892315,26.972723,138.2913,106.662796
117.489624,121.59898,-38.304237,111.42888,-0.8288165,25.831814,137.33995,99.090935
134.28421,115.8396,-49.914143,124.072586,12.610224,24.26312,139.68396,99.80452
144.67917,120.64022,-54.121616,134.0246,7.865853,14.90517,158.71657,103.39365
144.45068,119.07692,-50.912094,132.37024,29.083282,23.508064,154.46138,119.193954
129.75842,128.89143,-63.955364,110.64261,20.494991,5.9469433,167.93935,112.57415
125.864265,123.71035,-64.744804,106.64323,15.199314,6.406988,146.21391,108.629295
154.85881,145.31862,-71.70898,137.15573,10.064943,16.140574,147.50961,125.39937
125.48008,128.54182,-51.909496,112.58323,16.47805,8.801624,164.00862,117.39432
142.42564,135.0722,-82.17923,115.75464,10.368092,19.634493,159.64572,87.64402
130.36966,136.50023,-62.063377,114.17574,12.543375,17.580992,152.41396,116.77549
141.93748,119.123886,-64.358696,124.74384,18.895788,15.76231,144.9785,104.41913
137.38199,113.88591,-45.54218,128.64423,12.793633,9.252581,164.83202,105.77468
153.44833,124.876,-64.135254,139.4485,11.316672,11.188871,166.45842,107.55075
139.62987,144.47253,-67.68948,121.570404,7.541291,-3.7943366,172.19829,127.30238
139.56097,123.473236,-62.112835,125.294304,2.8308375,10.004503,160.59705,96.43771
143.32153,135.53436,-87.26479,113.02067,14.190263,11.795885,164.0842,91.536316
130.94751,113.91945,-63.285103,114.30218,13.463031,-9.029497,150.47475,107.187225
168.88907,124.53703,-75.0751,150.71576,9.856881,5.0291157,155.97002,105.17654
153.16975,129.19002,-80.10322,129.5941,12.680404,-1.3237479,178.32088,102.944855
164.22855,141.6565,-96.12575,132.83629,8.101594,-0.56725526,173.53172,104.85439
166.08206,127.73116,-71.17949,149.72435,-6.5306215,-6.084894,159.5759,103.00346
152.0713,126.34755,-70.59351,134.06305,11.345557,-6.8151455,172.67548,113.052055
166.8824,125.486145,-70.80865,150.6749,2.781731,-5.9553776,181.75896,105.551056
157.57979,153.03018,-76.33022,137.70454,3.3718195,5.7497272,177.20302,126.558014
166.99138,132.20451,-88.507866,140.93245,9.174349,-14.743517,175.91957,112.98048
156.30112,105.57464,-79.119125,134.43515,15.270605,-22.083855,185.84969,87.320404
173.48158,112.88878,-80.95691,153.1932,11.225824,-6.312063,172.72745,93.196045
175.00563,125.417366,-75.81751,157.74728,6.7071786,-14.1743355,183.7418,112.546425
157.94156,103.763626,-63.19879,144.39087,9.813391,-4.650259,179.98634,88.19939
180.31068,103.46806,-77.60207,162.03682,13.570864,3.620691,179.58928,74.21164
160.34203,97.14937,-65.13776,144.93024,21.42836,-7.46126,188.06262,86.43327
159.99161,96.83265,-70.04604,143.70125,10.21782,-9.511568,188.50523,71.472664
172.9234,93.88365,-68.41166,158.47003,12.552057,-9.875662,179.9217,83.110016
174.13577,119.411644,-71.66397,158.69154,-4.143035,-6.6732883,182.19606,93.2735
182.70506,89.8043,-78.97572,164.24112,15.569388,-10.009867,181.4875,70.34393
191.14278,110.06816,-80.7018,173.01271,-6.7042885,-8.108473,188.13548,74.1998
169.29675,86.05458,-71.10434,153.65665,7.5751147,-18.817373,186.20117,67.9585
167.79898,91.01236,-69.65243,152.30594,0.5186622,-8.445879,187.12163,57.47297
169.46109,98.19496,-68.31875,154.8554,-8.214,-4.2976627,179.2036,62.215286
166.83394,80.04881,-75.32237,148.97664,2.7460876,-20.155842,176.51598,53.88883
179.87843,63.735783,-70.711464,165.16393,9.423038,-23.250933,186.64703,45.39308
163.23985,89.5405,-62.17625,151.2123,-1.4326532,-7.125723,187.7152,58.957623
198.59082,92.31096,-76.74459,182.3352,14.326752,4.932356,185.99968,56.527817
176.84032,95.43846,-76.10847,159.4157,7.5486245,-13.525679,197.82985,69.09339
178.60028,97.51955,-72.50219,162.765,-0.34908056,-9.79962,188.91185,69.423256
200.59785,108.290405,-81.23287,183.39503,2.4691927,-3.764006,198.077,77.204865
197.70195,115.71625,-88.67263,175.7571,13.661324,-3.1655982,207.84409,84.3672
204.27983,102.244804,-91.850685,181.63228,18.015789,-26.660131,211.42009,91.02198
176.72807,102.250916,-63.713474,164.395,8.853125,-25.302092,199.10197,96.7222
196.71887,85.79227,-76.97567,180.53029,13.6912365,-13.043308,193.1656,69.47615
184.66457,98.70189,-74.08044,168.83142,7.9084806,-12.897413,202.80394,77.72301
195.10318,90.88592,-74.40182,180.26544,2.838926,-12.113035,196.31512,67.706024
194.12689,95.06051,-77.47805,177.9665,8.594481,-8.699236,200.67474,71.11733
193.27184,84.31044,-75.45606,177.04213,19.864985,-11.903059,207.69041,67.0
219.98296,95.44763,-70.43637,208.27702,-4.702491,-21.575304,208.2513,77.844696
203.28674,99.56907,-77.26547,187.6676,15.609322,-9.437246,210.71527,84.68613
217.6155,126.99803,-88.03525,198.72433,-14.559086,-9.645861,217.09108,84.202644
207.56746,90.160965,-58.627296,198.85574,-1.6535299,-10.847055,205.93901,74.40999
206.01517,88.69752,-70.11564,193.67209,10.01239,-13.656221,215.91957,74.83893
208.94557,115.73353,-87.95816,189.38902,2.0081487,-8.330164,227.60542,76.704155
197.5405,99.32397,-58.740353,188.60397,3.231993,-8.288427,216.62297,83.39804
203.39432,97.016754,-61.47163,193.94449,3.5201116,-1.7157347,224.91675,73.940384
185.5667,109.056175,-55.265457,176.89177,-8.8102865,5.8988132,231.15794,63.587288
180.10622,97.96555,-58.126915,170.61736,1.7713852,12.702114,210.82161,56.24342
201.5149,85.61688,-62.5318,189.57484,26.8134,11.292154,198.95906,68.91021
193.74274,117.50426,-65.80666,182.1819,7.3310013,10.005663,227.1918,85.18633
208.39746,117.8866,-68.6656,196.44807,7.441954,1.853029,218.41728,99.06981
206.33044,139.07642,-61.44806,197.1557,6.7400994,11.314457,223.35194,122.62225
191.32564,133.95615,-62.62453,180.38007,-7.633403,2.9721735,214.7267,103.77146
198.61835,108.10296,-34.570694,195.74944,2.0027292,20.192335,214.95557,93.18079
206.38617,124.572266,-68.98506,194.29655,2.1304548,19.738842,219.58504,85.4937
197.25427,116.64155,-44.507954,192.11513,-4.587603,1.8393571,228.0085,96.17569
186.82613,96.71091,-41.95743,181.90694,3.99949,16.208153,215.0453,74.14531
200.21364,110.58707,-51.305454,193.70702,6.478101,25.800179,217.963,81.94808
193.25179,88.31761,-33.81975,190.13722,9.340732,11.834909,217.97008,79.59459
202.10455,93.28451,-39.894993,198.08522,6.28806,26.388248,208.78908,71.426445
194.03737,100.25094,-44.477924,188.28304,13.556155,27.637476,226.67174,71.95215
189.77948,108.40779,-35.414192,186.3344,2.8176055,28.682837,211.1375,86.78257
222.80092,106.26971,-55.720295,215.58788,7.8136773,31.319132,207.37703,68.68398
179.97379,123.74773,-42.99809,174.81241,-1.9591426,10.410761,231.2842,94.50395
197.97475,119.45318,-46.936657,191.92279,-10.879519,30.426733,212.8242,77.45594
200.06764,102.59538,-43.408894,195.27858,3.503269,24.748112,213.94897,77.79455
194.07231,94.30006,-42.52492,189.23882,6.4715385,23.812227,218.84538,66.54666
206.9174,56.62155,-21.513315,205.23682,15.152497,16.433687,214.35349,55.648464
215.867,86.20796,-15.7630205,214.73471,14.727688,39.472572,225.95264,80.13742
190.11526,113.99671,-32.323025,187.20497,-4.887612,31.263979,241.84813,71.75376
209.6813,96.77293,-27.26946,206.95078,18.699673,50.261448,223.08534,74.4557
198.03157,104.71509,-24.593481,196.50198,2.4848375,32.283855,227.93898,83.703476
187.49683,99.63057,-20.878786,186.14728,4.987471,29.590456,226.30199,81.47756
198.04245,104.392586,-22.27159,196.82567,-1.567366,48.0659,218.00409,71.87039
199.43231,99.02146,-8.71047,198.9859,10.144249,55.998005,211.98444,83.96562
208.41125,96.25617,-34.16381,205.44815,-7.204478,37.127216,224.8834,54.618683
195.25368,92.11542,-21.808128,194.09077,-2.2570746,42.440083,224.91815,56.471336
205.73967,87.28294,-18.602654,204.77861,8.258451,45.12963,215.0952,67.40136
203.37297,86.83893,-5.141829,203.319,-5.3255434,36.03906,229.18031,66.75154
195.70769,81.44937,-8.733753,195.40483,3.3961651,44.634182,219.54997,60.449486
189.1038,91.57647,-19.615864,187.98837,5.500441,52.84634,215.04195,54.73125
201.06342,53.67553,-15.250242,198.48041,28.23357,35.392685,214.7902,32.30664
190.58939,48.480022,5.6830482,189.70164,16.776457,28.805235,223.96083,42.31024
184.03265,72.23919,-7.0124726,183.87093,2.7211196,44.436813,217.33229,40.62105
178.09618,80.4196,-5.346891,178.01576,1.9163963,57.00174,210.28879,41.291206
189.77107,75.09005,-2.216091,189.7516,-2.3935816,58.08386,199.82936,41.928524
182.48805,59.883743,8.792953,181.37947,18.367966,52.080364,213.13597,45.075806
195.66685,56.036957,4.6994853,194.88698,16.753403,51.01192,212.23488,43.0866
179.65384,68.26602,-2.4531074,179.45149,7.1094117,38.916504,206.48573,54.280388
185.39098,61.2115,-8.490475,182.76564,30.118496,44.497257,200.45137,54.93911
178.27296,70.93486,0.5590809,175.00127,34.239624,46.320942,208.9092,76.09949
183.16823,88.60023,7.729912,181.67827,21.805902,66.302185,193.69394,86.62029
176.56483,84.44821,7.304618,174.60156,24.58096,68.13688,204.10194,76.38782
183.436,74.740074,22.666859,181.87193,7.617413,62.530087,198.15138,69.13031
179.9453,48.492428,34.26586,174.9761,23.618973,62.720448,196.83356,56.763878
171.06389,86.00041,23.751116,169.26096,5.848696,82.22824,200.99825,61.37314
187.1827,50.50335,32.885685,182.54555,24.744707,79.03847,198.84341,37.569725
185.61964,59.606014,31.2859,181.21265,25.075678,73.61077,204.95654,60.041992
179.422,69.510796,29.682762,176.06343,17.818138,59.923977,216.02849,66.45049
189.80463,60.118187,39.353462,184.21158,22.866888,81.72517,185.32549,66.06084
180.23088,69.76227,24.593506,178.2174,11.177189,78.447754,182.05257,55.385338
186.51358,73.84369,20.200537,184.5544,18.014761,78.617455,186.91246,62.88649
188.79092,64.71648,38.27712,183.10275,25.16958,79.68629,185.81676,74.93693
180.64417,58.4146,56.33675,169.77812,25.003548,75.111404,193.61488,74.68745
193.08371,44.06179,48.61615,182.57076,40.00408,87.82021,190.11507,58.365772
150.00464,85.79709,37.20579,143.40222,24.34725,85.479645,198.00885,69.070015
177.81737,63.712368,42.324284,171.15404,22.899706,89.311775,172.27072,65.66178
173.27092,69.6868,60.548477,161.22493,18.669756,97.127716,193.24083,69.05056
169.18965,69.161156,52.21986,159.56358,20.944044,97.69226,187.52171,65.09678
176.73784,71.897606,42.838593,169.12608,27.713535,101.71152,177.27908,68.887634
181.40924,93.34487,49.434162,171.6985,30.603596,115.50449,170.61453,96.945946
171.74709,80.59941,39.626133,166.04791,19.005716,90.218445,190.11531,77.18373
157.5437,78.779755,44.475555,148.87259,26.47361,95.110374,182.86308,76.252396
151.95132,77.316414,40.219948,144.41069,25.357117,81.11821,175.19298,83.35972
159.62965,66.24056,52.19486,148.65562,25.337708,83.71122,168.06535,80.401184
163.38777,61.81272,62.104717,149.30637,24.029045,97.186134,170.66356,69.841675
155.75502,72.44869,56.790573,140.12946,37.47763,112.25084,175.09398,67.59624
161.83035,68.66085,65.83352,144.99852,28.803541,110.20544,174.77937,72.09926
172.13385,45.642635,85.77481,145.93983,31.187605,103.14181,162.00499,70.0722
156.38295,67.34102,67.26092,136.28915,37.46223,118.42047,172.78154,60.67996
162.11261,64.21935,88.440475,131.62056,34.18088,119.1296,166.8351,77.840576
155.48814,79.978905,50.05965,143.29507,34.108074,121.17864,153.00316,69.42073
159.16678,70.189476,79.02826,136.16254,22.695065,95.01178,164.98123,85.467064
150.32173,66.87722,74.141624,124.68033,39.219105,113.28598,152.02565,85.80042
178.88701,63.932095,74.78912,156.99942,42.1556,109.08833,142.50758,93.96284
159.19878,75.958046,87.0607,125.38785,44.725655,108.845894,170.71292,101.99982
166.5713,50.992645,86.91532,135.93932,40.834953,113.425385,158.90996,77.86111
160.82172,60.902073,105.733734,111.3021,48.450024,129.57428,163.1902,68.97987
177.8421,30.203476,111.2322,126.49008,56.513397,124.73119,143.40031,78.24392
156.48042,68.17911,93.26857,121.15804,32.92295,144.5713,156.29857,61.032284
152.98085,60.669315,100.42454,111.91958,28.286688,133.25919,145.928,66.26196
155.84433,61.76227,104.65068,109.84955,35.971886,154.48201,137.92017,59.474995
162.7702,61.10851,110.66808,112.28723,39.844486,136.61433,145.78789,84.00113
169.89777,45.081177,108.44632,122.087234,46.81455,138.73125,134.6321,77.82655
168.60721,58.114113,132.365,87.4284,57.193577,139.37607,139.1244,82.71433
158.95366,64.94854,100.10474,111.63365,52.59106,157.90118,118.05316,81.637924
163.02435,75.9735,108.44164,113.56634,43.94196,147.13403,130.85017,106.98346
155.01746,57.79706,94.81372,103.99101,65.280914,140.3344,133.26772,85.36943
147.26767,76.928764,115.117645,74.89586,53.28147,130.91508,133.17499,101.25226
171.8764,69.17485,120.486755,115.303986,40.579716,139.33833,94.024155,103.53445
168.10123,47.951077,128.16914,94.93609,52.724564,141.50826,119.31372,92.0618
171.82854,48.49389,128.21075,98.11225,59.122887,157.6749,131.52727,78.22718
154.61829,70.00369,106.75238,98.56247,53.201206,154.03784,135.723,88.56949
161.73512,59.634304,118.50095,100.21094,46.134,150.51662,122.26044,90.58838
156.14415,39.044308,120.80872,86.64739,47.986977,129.77855,124.39635,47.946213
150.32082,71.218414,111.22609,88.84173,47.799774,163.23651,107.26016,93.48093
166.42284,46.355328,133.2436,69.8048,70.590675,138.6852,115.64299,78.39862
163.71547,41.964375,140.0469,64.30005,55.095337,144.14378,100.20297,76.712685
143.89716,58.166393,120.374756,55.59141,56.333103,152.08295,102.95552,67.076096
148.78052,61.874874,126.360275,53.992577,57.189743,160.84634,80.27371,100.88303
169.57457,33.821278,142.16725,73.5346,56.270855,155.26404,84.91316,84.74414
172.06404,61.150208,152.19482,61.97417,51.45178,160.5015,107.603745,90.76689
165.80565,51.13772,134.86995,75.27825,59.984272,171.46082,102.14188,83.544815
167.5567,58.284325,149.97641,50.65692,54.8743,166.30708,92.65378,92.24148
144.25346,56.349358,122.309616,49.780197,58.438923,167.7954,74.19591,80.783554
176.5793,31.72169,143.95012,44.561024,91.90195,162.85977,67.56401,103.21048
157.40121,49.390186,131.59584,58.92458,63.063427,159.04796,61.948936,104.08946
161.0734,55.623875,139.33282,50.380917,62.726494,143.45381,76.49811,112.29448
157.06686,55.145264,140.96416,41.888966,54.621796,149.05553,77.78885,95.593895
182.7184,23.760525,152.18463,62.228287,80.37085,160.93639,64.17798,102.364914
151.82721,67.85474,133.45679,35.297897,62.948185,158.62526,77.34793,110.25
177.93117,26.551836,151.50479,38.389675,85.039154,155.40834,63.45953,93.4423
171.81476,56.40756,160.1739,15.485607,60.100044,173.49821,53.018005,99.50461
163.72003,61.946045,149.10228,33.543144,59.309734,179.13963,36.23637,112.70564
178.28629,42.26405,159.06915,27.06333,76.19448,185.06735,41.629032,106.29978
176.8594,34.38386,161.53256,29.217138,66.41628,173.57079,50.632492,90.41323
176.8064,45.796425,164.51886,24.461315,59.750134,178.79414,53.850197,92.44439
189.91116,42.624084,175.39816,14.908517,71.057495,176.84932,49.56436,95.50026
177.78586,35.163902,159.27838,2.572529,79.23384,164.77998,37.190727,83.338585
184.2695,39.06405,158.1115,18.37453,93.424034,188.05743,19.585548,117.81639
194.39522,40.181618,179.39012,15.321405,73.2498,170.6805,28.731003,109.69652
192.00325,37.799637,168.44604,-3.0525541,92.352425,185.73465,30.733372,89.36431
185.24326,52.825775,170.2316,16.79646,70.842834,179.41634,17.860584,123.474365
203.63156,62.61639,186.84084,-22.349678,78.04846,188.1172,23.243532,121.14379
194.07472,33.400036,167.94113,14.877431,95.83234,194.7939,-5.07901,96.26566
166.99251,68.95832,152.46587,-2.4908016,67.86755,182.90862,36.706234,116.12686
176.56514,34.742805,157.88087,-7.193538,78.303665,173.14064,19.477303,95.112
179.34952,42.95419,161.59619,0.010052515,77.925285,177.28532,21.22482,112.152565
189.74852,46.0706,169.78716,-21.587,81.37682,190.1848,14.173899,102.87196
164.15617,50.865017,146.10922,-8.824901,74.37963,187.00192,6.855192,99.93349
188.88753,47.31543,173.83412,-0.26131496,73.41404,192.44142,8.803255,115.79274
194.46465,56.98684,169.83372,-35.741375,87.36371,184.25325,19.274815,90.788536
220.49094,29.278831,192.49445,-34.07931,102.17378,191.88417,-4.8233795,97.76672
178.31714,73.44556,151.22893,-40.295456,86.14735,206.0232,-12.984283,126.51877
193.27054,71.26184,176.63786,-33.23301,71.6114,196.79085,-19.709883,138.37376
188.6783,59.4979,161.62001,-30.93957,92.43317,207.73772,-11.318224,124.34581
205.09389,54.922672,168.28433,-41.274258,109.66385,197.93088,-3.1277256,135.9444
207.42468,68.58207,171.91441,-65.37701,96.23242,193.30132,-13.864092,136.384
178.93364,88.09086,149.19191,-37.58995,91.534515,213.11845,-46.2528,151.61168
180.94612,88.415215,157.5033,-24.786646,85.55012,203.34988,-23.50595,161.01233
188.18608,70.97359,145.00578,-58.026283,104.843056,188.4689,-14.788176,141.02272
191.00131,76.23811,161.69681,-47.488014,90.66804,187.10011,-35.829376,161.48386
216.27066,62.42195,179.99777,-63.361332,101.86462,195.44818,-32.728436,154.5733
197.431,60.290962,175.20427,-54.74759,73.223465,195.89345,-41.935184,128.04979
218.81328,37.336308,183.75743,-61.09061,101.377396,196.0225,-25.83432,106.366165
220.70625,76.26926,180.06464,-86.68418,93.505714,193.15746,-19.005833,125.57898
210.54276,46.89616,168.05165,-72.15825,104.624146,201.06429,-42.1239,119.0027
217.13475,40.635574,190.69688,-55.494286,88.69603,203.84958,-59.778877,126.42313
206.6065,42.062454,168.8133,-65.31368,99.60545,206.01413,-44.802296,100.09105
212.23395,61.280094,162.42882,-94.23326,98.91612,200.07706,-48.982346,116.97301
192.21992,85.353676,158.54253,-71.93582,81.37333,210.13344,-84.27939,148.64133
196.53816,74.80141,161.53947,-68.42973,88.76433,203.25865,-61.125534,150.67029
213.46019,90.54419,168.69917,-97.63398,87.15966,198.22136,-46.29242,154.86484
234.64761,67.69232,187.73402,-101.15484,98.46627,199.13953,-73.65494,159.5075
205.88467,77.907,167.45172,-76.038925,92.60378,214.20882,-75.13928,154.92862
231.74231,53.621357,189.43182,-98.48334,90.48563,187.885,-54.58337,122.63487
222.87103,39.67997,172.6287,-97.255356,102.37395,203.84407,-72.89804,105.08429
213.86795,77.23988,167.64777,-100.5529,86.64506,218.4778,-67.47836,133.65364
185.81778,84.52403,147.84265,-91.61106,64.408516,218.30373,-83.2796,110.35649
221.79721,37.409893,172.18098,-97.22179,101.051445,207.63576,-89.72427,91.57025
198.45544,62.629864,149.84262,-93.11095,90.7527,204.51094,-72.90585,114.353775
208.25105,63.06792,155.42686,-104.21192,91.559235,188.65085,-74.57263,136.66931
197.72961,65.20928,140.79079,-100.04287,96.12268,187.00229,-76.44458,135.3793
212.00766,66.54557,158.30078,-103.3659,95.93235,181.21931,-80.485016,154.1743
209.2028,90.280464,149.27466,-108.24459,98.73335,196.55475,-84.4312,172.08557
212.97667,76.34994,154.15501,-115.14882,91.83623,184.74379,-82.54286,153.9242
197.66528,89.741646,139.76656,-106.03156,90.723434,200.09236,-91.97215,155.99084
206.43945,65.96638,148.26932,-114.135826,86.9189,173.68205,-86.72014,141.66284
223.874,45.915684,153.04713,-121.61836,108.65868,180.7099,-96.19408,134.74368
240.09908,51.954308,169.99597,-136.30516,101.369484,175.53246,-97.61099,136.2281
227.60712,48.92852,178.79654,-107.602,89.91526,192.22298,-112.04784,136.92085
212.27638,70.75486,140.37137,-127.39604,95.83073,191.43549,-82.04735,115.31296
206.57747,58.818047,143.27107,-119.2891,88.94239,177.69945,-102.73952,134.24112
221.22217,77.904686,133.27625,-146.10094,98.97837,185.19096,-106.35167,141.67896
230.64397,55.819042,170.13087,-127.01822,90.39269,186.21541,-134.5459,143.20065
242.19649,54.70432,158.39601,-150.86436,104.34506,194.0512,-117.02191,127.64142
221.15495,74.81654,152.8591,-128.54276,94.14888,186.31201,-141.94667,159.98495
229.12892,70.8277,150.24948,-144.36743,96.28851,179.31741,-104.26497,146.9831
237.07594,46.449276,148.48347,-149.46172,109.97287,170.37666,-118.555374,137.81714
241.41264,67.92186,148.057,-160.87813,102.271454,182.65643,-124.297745,147.1602
224.49196,70.797935,144.5369,-138.30943,101.65606,196.01054,-156.13411,147.32544
233.72958,55.63641,163.22578,-146.45349,82.11695,186.89232,-136.47594,131.3179
236.99757,49.98062,145.027,-159.89209,97.69785,181.86313,-128.48021,107.940216
243.61012,53.60688,150.1984,-162.68002,101.37779,185.59654,-146.11812,137.27486
213.0644,83.56858,129.8422,-145.42023,86.43594,190.18611,-150.71489,144.29538
229.72104,60.772114,144.22678,-162.51286,73.92999,162.57137,-139.49574,126.43848
237.44525,32.812336,148.17804,-163.2891,88.000084,171.85863,-149.88496,105.837296
229.60197,59.14868,141.56981,-161.10306,81.442245,172.06993,-145.61201,129.97327
242.8418,39.477497,140.50069,-166.59816,106.627525,172.32323,-146.0709,119.94011
223.8888,26.921835,127.97957,-161.2013,88.45808,151.6544,-160.58488,100.606125
213.26689,48.510307,131.32233,-135.9002,99.11879,171.86382,-156.23692,115.60167
224.05025,41.01524,137.06537,-161.60873,73.083374,148.40771,-130.6436,97.61932
240.70691,38.838005,128.20938,-169.45497,113.261215,160.1207,-147.518,113.89967
217.69661,54.33691,119.338844,-154.28268,96.7648,161.10934,-165.86272,129.19016
229.6372,54.87386,113.4017,-179.65022,88.04285,152.83208,-152.96077,114.67672
224.25934,65.827545,114.39802,-176.17886,79.53441,154.58891,-168.12836,130.37607
229.73096,77.866974,131.17145,-173.71939,74.22356,160.22095,-168.9529,146.39417
213.55869,46.78742,106.87724,-164.33986,84.24493,141.20357,-159.55278,116.07974
218.34047,30.17035,108.805565,-165.8788,90.65065,136.42027,-153.66753,95.7608
214.7727,45.741802,120.15762,-168.7194,57.755642,139.91966,-160.19725,97.88726
223.01303,22.566568,119.85102,-166.3122,87.23735,139.32033,-155.05869,91.15126
217.60744,45.687115,108.31356,-165.10463,92.12261,146.73463,-141.61386,95.82056
220.97794,50.37919,122.60146,-173.7421,60.053814,121.19781,-149.36952,104.19253
212.8845,56.63976,101.783775,-165.38225,86.825096,145.16814,-156.68571,122.57919
221.68277,58.053856,116.784454,-169.48817,82.05365,134.80827,-139.14949,127.905975
225.34474,62.243473,92.48546,-188.14752,83.44373,126.671684,-154.83609,122.90068
218.87439,75.48841,93.0011,-175.89476,90.96917,143.20226,-173.57857,147.51651
205.68376,80.31967,94.89334,-165.27408,76.73832,144.36192,-177.52812,139.33879
223.1933,61.48018,92.6121,-183.97885,85.592575,133.46608,-172.26201,130.63446
213.02948,52.445805,103.061516,-164.14436,88.63504,136.20798,-174.98727,128.00656
203.02463,59.036007,102.915375,-158.82925,73.09585,130.7462,-152.08243,124.447876
210.58252,60.41523,92.36184,-180.1258,58.8419,122.7666,-147.10638,99.14679
205.83307,35.69314,92.68208,-165.76225,78.5382,124.65603,-171.08426,93.59312
207.41504,60.84612,83.59682,-170.79445,81.8794,134.60681,-153.85455,110.581345
229.57841,51.4247,96.64002,-192.65898,78.84636,118.54507,-152.75015,103.73295
214.94418,65.56676,101.1358,-180.14122,60.11501,135.59315,-186.8348,114.93936
191.59593,64.43019,81.244194,-157.86244,71.791824,131.98283,-183.6153,101.789
203.14835,51.596996,83.36324,-172.62437,68.0154,114.64446,-153.94882,103.85098
223.48657,42.87773,96.716095,-192.39601,58.81645,110.5342,-167.04652,90.66916
214.93372,75.640594,65.65745,-190.33868,74.7206,133.0963,-179.80013,108.24016
208.85701,74.365654,67.12578,-188.5934,59.868664,115.7635,-195.60492,115.70248
212.01003,85.62126,75.81066,-192.33961,45.993553,108.72197,-193.73715,125.205826
203.5393,69.361374,69.45289,-180.76367,62.68796,120.20312,-181.9853,109.44658
225.36026,51.816986,87.044495,-193.27812,75.96341,114.68403,-158.4833,101.95045
203.58598,39.777508,71.4154,-183.93967,50.704002,97.45051,-181.36757,80.26114
199.78488,66.38901,76.36552,-177.10289,52.892345,120.90824,-171.29207,101.54161
208.25285,58.502136,66.47042,-188.55704,58.963707,116.334625,-162.90431,75.62836
197.45,61.71912,50.338234,-180.3394,62.53261,102.05096,-173.5241,95.07208
197.45442,77.33692,50.33656,-186.1894,43.359615,106.0663,-180.00334,96.649284
177.57533,77.05193,37.70235,-160.09633,67.07008,107.94042,-185.7742,86.17645
195.89601,64.00391,55.352974,-177.34721,61.823406,87.13587,-157.17763,113.58275
173.83038,76.36426,46.975643,-162.1871,42.094334,85.629234,-166.59523,107.493286
214.68814,56.278328,70.86698,-189.22083,73.0095,79.27634,-139.76064,99.3687
186.93849,56.435802,37.373344,-175.86443,51.1419,72.50492,-159.10966,90.7769
211.57327,80.2901,59.7091,-193.59904,61.181168,71.995575,-157.02953,131.52977
172.96025,89.911064,31.947313,-161.33244,52.75798,93.7111,-173.44658,116.76217
199.4505,91.29759,30.026459,-189.26897,54.45953,81.90792,-146.67451,115.87331
190.76573,73.65163,48.38643,-171.22032,68.870575,88.83773,-175.96683,130.23837
180.71819,114.62984,34.814182,-172.21768,42.0863,94.790054,-154.26932,138.0804
166.11536,70.60497,30.618269,-153.69057,54.83782,81.79519,-162.598,102.44748
195.40535,63.263832,45.760975,-181.03902,57.323765,50.46719,-145.19733,109.363464
181.97665,67.158394,54.577606,-167.0399,47.47787,62.662724,-157.5512,113.34271
168.307,85.7817,24.941946,-162.61673,36.343292,74.295074,-134.0826,99.96973
197.90796,61.715576,33.845833,-186.67818,55.965763,65.25382,-146.11028,90.02997
176.0726,49.52777,17.0008,-162.63577,64.5393,51.242496,-163.8723,100.86067
181.65645,92.08827,31.051287,-173.77597,43.01338,64.89405,-149.3142,124.695854
160.95651,73.79871,16.852571,-152.96405,46.56836,73.135864,-150.4057,95.149536
170.55516,72.48103,15.056353,-166.16179,34.89539,48.291393,-140.77184,93.70302
172.95447,62.06096,31.436602,-164.09535,45.117496,54.255188,-146.73943,99.65361
159.65764,58.326668,17.793077,-153.29959,41.364338,49.920208,-140.3181,87.659454
182.17986,71.14071,15.278996,-179.58743,27.210901,46.369373,-129.57608,67.34682
160.98622,61.54876,10.077862,-157.26445,33.175964,40.63637,-150.30461,86.32755
172.1402,52.995872,13.821248,-163.55739,52.473694,49.974693,-138.83012,81.67909
161.212,49.34572,22.531416,-155.67032,35.237568,45.282486,-140.62708,75.57791
138.12155,62.53449,23.068832,-135.36972,15.565322,46.97977,-144.43063,73.04206
162.32765,67.695206,21.875137,-158.87666,25.11676,55.574184,-123.559006,71.714745
160.33559,44.761173,12.739673,-154.53091,41.35428,45.402615,-133.7499,63.31488
157.37222,75.20514,-9.910128,-151.82195,39.66293,47.5411,-145.12492,88.32121
147.7796,73.32473,3.3536692,-145.28316,27.331955,40.93575,-144.06491,90.12494
154.20528,68.459045,3.2949526,-152.06952,24.909,43.751926,-147.45537,79.90626
151.04227,85.62281,5.1390324,-148.86336,25.280746,45.459003,-140.77713,99.86075
155.7996,94.36838,-14.232045,-153.93178,20.038378,38.14063,-133.30412,96.347015
155.10606,84.3987,-6.9328136,-154.59018,9.52738,41.11349,-146.98128,79.29121
130.636,56.924053,-8.238309,-127.13931,28.686974,32.80785,-148.8084,62.4019
143.99318,80.559395,-13.683942,-141.78552,21.212904,42.658417,-114.389725,72.24336
143.03583,51.491238,2.278827,-141.98747,16.513319,22.24642,-126.29031,62.186935
149.41156,51.32498,-15.084248,-147.4658,19.491673,26.91097,-133.51154,45.39567
131.28601,62.518124,-5.821607,-128.14043,27.613676,38.942574,-134.0107,70.831
150.56635,66.11892,-17.333391,-148.6864,16.247795,20.340025,-115.83028,59.317993
151.57584,60.391376,-15.171267,-149.21066,22.110605,23.095469,-132.88464,65.82384
137.07411,67.38323,-26.269136,-131.75679,26.712336,21.898832,-140.24318,73.030846
114.92759,64.528114,-9.715176,-113.2656,17.151909,21.433447,-137.79912,67.59188
108.03772,63.230232,-30.163774,-101.84555,20.165531,22.00337,-113.5963,54.238796
121.474495,54.956882,-29.08441,-116.42591,19.342222,11.220191,-96.51018,51.166542
130.59708,48.413746,-39.03798,-124.29928,8.814796,-0.7083018,-110.6889,35.16584
126.19216,75.09226,-41.41876,-119.16994,2.0189128,8.422784,-117.48088,58.253838
121.89649,54.342087,-41.18204,-113.94467,13.968096,1.0572083,-119.66618,48.309093
112.247375,67.06949,-22.313175,-109.32466,11.763886,0.5179713,-108.728714,74.51694
114.26301,66.62969,-22.962402,-111.79728,5.0463405,0.5321615,-88.94156,63.25226
129.47997,70.15028,-21.209919,-127.721275,2.3386338,8.784283,-87.51744,51.234455
138.0141,43.3505,-29.45607,-134.38466,10.720561,5.3576756,-117.19316,30.013418
97.547745,63.476498,-25.89092,-93.30138,11.533856,11.087088,-128.11012,49.661987
98.4343,69.804306,-34.494144,-91.7787,8.785895,18.237906,-91.173645,55.18685
123.61659,69.66751,-56.217392,-109.77051,10.4845705,6.1648684,-92.9435,37.113773
108.77155,63.62991,-34.923706,-102.49834,9.746638,5.648327,-116.61484,56.852264
105.82186,79.07048,-52.52332,-91.86259,0.7766576,8.464859,-112.231735,46.606136
106.41341,44.074512,-41.410275,-95.24661,22.92369,-4.8231916,-91.20294,46.797592
102.770676,65.95939,-26.498716,-99.24964,3.0275908,-12.5191965,-85.574585,65.6597
100.15051,57.404266,-52.794296,-82.77223,20.353617,-14.246805,-75.832794,62.16539
128.90816,88.4887,-67.49039,-109.705414,-3.5846202,-32.009983,-58.824795,58.90122
101.027534,57.53477,-47.045288,-88.81056,10.692016,-12.534882,-86.65805,57.239685
98.96243,83.440475,-41.948486,-89.19394,-8.403091,-7.4316187,-65.10452,64.08569
111.859566,62.302185,-55.892197,-96.727974,4.131994,-8.789198,-64.73915,28.574999
81.742355,51.43564,-50.817833,-61.46387,18.10952,-11.418632,-77.74219,46.808826
99.025246,100.728905,-40.94299,-89.97534,-5.308598,5.517333,-48.247074,73.521965
109.023506,104.85705,-73.157585,-80.81649,0.21030644,5.777669,-57.665325,65.22308
99.684814,80.983406,-57.664745,-79.024956,18.678835,-1.4569085,-73.40279,77.17934
87.11092,116.68869,-47.790665,-71.382034,-14.496751,-5.2376995,-52.592953,92.514786
93.27178,93.236595,-50.785526,-78.28597,-1.0681715,7.4002457,-52.22376,67.31339
100.058105,89.43433,-65.36513,-75.71724,-4.07025,-0.6916611,-49.171444,51.686913
99.67573,69.06926,-69.513885,-71.06195,7.970854,-26.145857,-50.878304,57.59378
77.899376,65.55341,-49.38447,-58.233387,14.692207,-10.53435,-49.85768,67.40642
88.97366,60.113045,-69.75265,-54.605686,8.571535,-21.884562,-39.299526,42.029816
82.699005,81.65065,-57.724155,-57.64397,-12.677583,-18.591867,-47.889847,57.729416
85.30863,39.56719,-64.71437,-50.99109,22.440264,-27.701134,-51.84248,35.79874
78.71507,73.99208,-51.0583,-59.84728,-4.969262,-23.925364,-26.111874,55.4642
86.02361,76.669846,-54.28809,-64.07749,-18.754656,-11.432679,-38.226757,39.209774
88.37703,77.73995,-72.56123,-45.275627,22.244484,-1.050173,-36.15071,50.8535
90.80207,103.66178,-68.16605,-59.961887,-1.583986,-17.960321,-3.2707062,69.02491
76.45587,77.64342,-59.461517,-47.717648,6.848648,-20.999905,-21.040663,69.25615
102.8197,108.16105,-82.39851,-61.562534,-2.026032,-15.137169,-5.862995,62.00549
103.617386,85.90292,-82.73328,-60.19031,16.5514,-12.998653,-45.748844,64.52055
86.89616,121.32873,-67.58205,-54.299866,4.4613786,-4.3514204,-36.706875,105.86603
79.22841,136.49521,-68.389305,-39.020645,-9.204708,7.166334,-14.540552,102.33385
89.78814,92.24697,-80.83507,-38.689064,7.0374427,-10.876773,-11.899649,61.484455
98.191,123.20794,-87.30797,-43.063953,-12.731859,-18.230627,-8.2962055,82.60692
109.63986,107.45204,-102.165665,-38.988148,7.989296,-27.733492,-13.214199,80.63377
95.15938,110.18979,-90.69639,-28.426025,4.054271,-24.300797,-2.2500381,87.66774
70.54156,82.51769,-52.9613,-46.37789,-3.4742198,-44.363712,-9.22076,69.784
81.0857,99.23214,-77.62185,-19.73463,-12.594853,-26.665438,-0.27870178,70.30846
86.60625,80.648605,-82.72001,-21.669506,14.156207,-25.522987,14.276009,58.49869
91.047745,77.81531,-84.448425,-21.963264,-26.283108,-49.124447,21.498762,28.133512
87.71672,72.55625,-77.32241,-41.02851,5.6632037,-32.48889,15.255905,14.0394
99.90998,88.88109,-96.086266,-23.035639,-15.342869,-20.395702,2.6907387,24.167545
86.19781,46.685825,-83.76508,-20.074724,4.286672,-54.303646,11.85577,21.488895
84.59261,97.040665,-80.822075,-24.270884,-4.6586394,-19.448114,16.391596,57.541115
117.145226,123.94108,-112.09168,-28.912645,-18.399963,-20.70317,25.035034,45.73101
71.3162,63.063957,-68.94964,-16.976328,-5.61494,-43.228405,-0.14457703,49.366627
95.41366,109.91595,-89.8687,-26.47372,-18.072561,-27.000387,22.048199,57.6864
105.05304,100.341995,-98.641884,-35.39781,7.3159523,-23.726955,17.801493,46.799576
90.58085,114.17968,-86.362274,-20.293898,-18.050093,-25.352648,-10.251013,77.504776
95.117035,104.21439,-89.999855,-22.317602,-20.684877,-27.574163,4.6137943,57.769047
91.71866,90.82986,-90.188,-6.3190875,-14.787217,-21.949326,19.608624,39.128853
87.54142,89.237045,-86.44597,12.289648,5.118365,-18.540796,21.872976,61.783043
100.42915,108.04983,-100.15469,-4.957027,-5.6794624,-34.23341,32.289455,70.605644
94.22347,66.75936,-90.176285,26.940231,-1.7571948,-41.005527,24.382534,43.387726
96.33405,94.49901,-94.96223,5.410666,14.833255,-17.301342,31.623535,62.21318
94.287125,100.78845,-90.27562,23.955057,-13.2703495,-36.591106,43.694283,69.88523
94.85911,87.21955,-91.478584,25.062344,0.81918263,-30.07828,39.9902,61.224064
109.73718,98.516815,-108.12286,18.573088,-6.364221,-27.307558,46.412327,42.61726
100.32572,63.869007,-98.01815,19.735165,9.467502,-48.389904,49.60386,36.171257
108.52765,99.0568,-103.38992,24.7873,-21.054502,-31.57488,41.566967,45.346935
94.71437,83.88571,-89.15352,19.638077,-24.926239,-44.61822,53.805878,36.972065
90.71969,68.13818,-87.86872,18.96753,-13.077944,-36.45128,50.448,19.297049
112.112946,92.13577,-101.835495,40.44141,-23.964651,-33.813725,67.30109,32.33242
124.989,107.854065,-123.03065,11.673714,-18.866146,-44.46008,65.82291,30.591412
97.46442,50.262436,-91.6581,32.4046,-4.9164176,-51.90007,54.045685,16.823154
115.38739,87.56141,-111.51897,20.936802,-20.815065,-48.428707,64.14505,22.221289
122.147705,119.69153,-118.16384,19.102505,-23.895464,-35.96391,62.940754,51.368862
93.87259,75.193085,-86.2937,37.07682,-1.6290708,-39.36003,59.89927,52.44538
122.388725,113.76648,-113.08393,47.03219,1.1868124,-17.752243,77.11908,55.5282
110.05226,115.65682,-105.43731,31.228662,-4.2873507,-51.116898,90.94386,78.10978
102.918655,85.72339,-93.69568,42.889435,0.98712385,-39.490406,68.73689,62.525505
92.0842,148.57489,-91.180466,6.6089973,-12.263051,-22.94286,85.91229,93.23033
107.58253,107.18442,-98.94155,42.008747,-2.8976946,-23.129301,45.51906,72.74426
129.00194,143.95311,-118.82162,49.638027,-5.709021,-14.2925415,59.482113,93.19409
116.76258,119.646355,-108.436584,42.766365,3.5103176,-38.35864,77.97711,94.02993
114.80527,120.3713,-92.98606,66.59119,-6.2998657,-29.283848,83.484116,94.35539
112.29203,131.57318,-95.72743,56.61401,-15.546317,-21.226646,85.69316,89.20106
114.30879,107.68937,-98.32957,58.09739,0.36496866,-32.446625,86.60814,80.39964
111.19577,105.88201,-104.69301,38.194595,-0.35207316,-33.436516,79.11427,66.26585
124.87594,111.14068,-111.94936,54.997623,-4.9740176,-36.0116,71.06944,74.68431
117.00534,118.02648,-101.03885,56.759193,-15.638908,-39.96544,90.30867,80.21978
123.029465,107.33243,-111.573456,51.924366,0.2309456,-25.823713,82.68204,56.815384
138.38533,119.13857,-120.469154,67.50583,-2.6795194,-40.52695,83.10397,84.42583
126.03372,130.47797,-115.57907,48.239395,-15.599641,-30.08406,75.578064,79.19113
119.73826,100.549736,-103.95097,57.055412,-16.716238,-33.47706,84.65175,49.73346
117.17508,80.33212,-96.20267,66.50866,5.22442,-31.402504,89.83661,46.96813
136.93155,121.57713,-116.16856,72.007,-10.277771,-42.17838,100.66611,81.67037
149.50334,112.23302,-130.85338,71.766785,2.6351347,-44.40034,96.60864,69.26672
135.11569,97.977036,-109.7813,75.89443,-19.35773,-52.627213,97.35292,56.96436
131.19547,82.384766,-109.24821,72.91668,1.4590997,-55.514526,102.98651,56.516544
133.07329,122.13927,-115.56969,66.27266,3.3156908,-41.536736,105.16638,92.29422
129.98558,86.833176,-106.74084,73.05136,14.822881,-48.63357,97.0396,75.0242
138.68309,102.120026,-112.1256,79.74981,16.847708,-33.26662,102.11665,78.347855
155.96634,95.83058,-111.59237,108.711624,-3.3962672,-50.821888,120.310974,70.06176
141.50354,99.32019,-109.75916,88.62573,1.7174551,-52.538795,122.87575,74.856415
137.96468,135.33847,-110.36949,81.870255,-10.053279,-26.987833,120.24634,89.56969
127.64893,98.18478,-100.079865,77.85496,14.7167225,-30.299273,107.2695,77.421524
142.15924,102.44633,-120.33986,75.05674,-7.994456,-46.63609,102.22276,57.640778
129.69965,113.41627,-89.96031,90.64329,-20.799885,-45.82137,115.912735,80.706566
131.96211,108.18734,-102.88661,82.44815,-8.769933,-35.363598,118.08577,67.61466
117.56275,116.47774,-100.14054,60.73837,-10.007142,-43.20325,137.82689,56.26969
138.91747,89.36582,-103.7988,91.561584,4.177686,-33.65939,101.95874,58.252205
139.97433,87.9094,-108.50046,88.48831,8.813959,-37.70795,115.239746,52.892464
120.458496,114.75545,-98.11192,69.61896,2.3820293,-30.40144,124.72211,77.16734
132.62,150.8329,-106.966484,73.824295,-25.67077,-20.237343,105.311966,93.41011
159.98438,121.64086,-117.17334,109.25941,-4.919241,-32.423782,108.74664,82.411575
161.55978,133.78435,-134.12303,89.731995,-6.698483,-53.074474,135.40115,89.75412
133.40352,109.69646,-96.48356,91.97346,-4.5634313,-45.00186,133.18382,83.23401
117.342445,109.39293,-95.54579,67.58685,5.070215,-36.05345,134.65721,67.67278
141.84322,99.3054,-113.50592,85.0828,3.4465961,-42.29038,122.200745,62.337883
152.18677,84.56506,-120.41991,90.36139,23.17878,-55.406116,128.01837,61.653244
135.0463,102.952965,-99.60854,90.96321,7.5807548,-54.89211,135.23976,89.322365
139.24887,104.95624,-99.2913,97.23496,8.897896,-33.000217,146.1303,73.85988
128.87592,128.0354,-101.859535,77.87455,-11.099383,-32.79088,139.84584,77.27091
143.92532,120.78137,-106.6108,95.66499,-12.510281,-31.099913,126.34323,76.91129
125.63066,119.42885,-92.88868,82.110054,-20.192997,-39.62042,121.77623,78.748055
146.67615,104.07479,-109.15269,97.51149,-5.3519135,-34.998524,128.23769,61.319798
135.31404,120.9055,-99.51668,90.513855,5.331401,-36.595947,137.08827,97.754196
118.44731,112.20914,-93.69869,72.03243,3.0838962,-40.86198,132.17213,81.68785
137.35014,85.8,-94.95963,99.33067,6.194951,-34.63557,119.78725,63.822693
151.19276,119.60131,-99.650215,112.55139,-9.488065,-13.2344475,127.65413,71.21797
133.7819,88.69364,-93.58549,93.18143,20.31562,-31.273157,132.44933,69.073204
129.34512,125.31317,-80.7748,99.2222,-19.169567,-20.187756,134.97432,84.16896
138.96494,112.9855,-97.08125,98.63826,-10.03402,-22.238201,121.56416,71.23289
150.65524,123.78428,-115.16037,97.32158,7.950135,-22.488031,136.06212,79.71391
130.92216,101.594955,-94.24241,91.48521,4.85557,-47.958008,139.55907,81.0491
128.17424,127.03328,-92.177956,86.754974,-19.890795,-48.478397,141.90605,85.8314
142.30331,117.36805,-104.02864,97.156105,-5.0250397,-28.497158,144.34892,71.0724
153.15433,98.26937,-99.55612,115.915184,0.5050442,-24.061407,130.40195,61.19806
133.9741,76.30574,-74.77141,110.58612,-1.7440948,-42.519787,142.93565,59.696495
112.030846,104.63958,-66.78076,89.27857,-7.173438,-10.115841,149.99759,56.3632
123.43952,90.415794,-80.64909,91.72999,17.45306,-7.25165,139.35631,37.289017
145.34361,101.520645,-105.68044,98.23343,16.867514,-26.196152,137.61662,65.336945
132.03462,87.16581,-78.116425,106.67619,2.6485887,-54.051933,144.23053,77.561584
144.76753,106.54701,-89.02209,113.94044,-6.433452,-23.715282,150.5424,69.801895
131.33218,108.63478,-91.82706,92.80372,11.611424,-25.677351,157.16592,69.49646
142.03279,99.91277,-95.25986,105.479774,4.263742,-28.58487,135.53705,73.01059
137.42816,102.14848,-88.27409,105.660645,3.4756317,-23.591272,140.24945,75.298225
130.32004,97.87492,-94.39284,88.647194,17.763325,-29.094587,145.02673,64.25655
143.55884,114.40232,-98.86568,102.50394,17.313955,-23.789467,131.40341,98.75426
123.37367,125.32857,-81.72204,92.069725,5.85744,-32.574043,137.72392,111.80734
115.59196,124.1189,-62.503662,94.60251,-21.590181,-16.355145,134.91267,85.91011
124.407845,111.9333,-72.61787,99.589066,-15.839894,-6.264372,150.37265,58.070137
145.70969,128.50487,-106.35534,99.37458,-9.794601,-15.017696,145.12726,68.87411
129.30705,101.62462,-80.39068,101.735344,-4.1938033,-42.34561,155.54736,72.94686
116.112015,103.4698,-84.52217,79.01107,4.1087093,-29.426655,147.84792,56.958206
116.35963,103.72469,-69.55734,92.18605,-13.247946,-25.754438,132.376,71.614975
125.24177,99.74875,-79.25492,96.40721,11.466992,-11.364613,125.956314,78.31176
132.82413,101.13852,-80.84498,104.8692,-7.466793,-18.171495,133.24776,66.62308
121.848526,99.53046,-70.831055,98.80293,2.2107916,-11.99379,149.56636,64.40847
132.73375,97.92886,-73.66933,110.08461,6.546886,-3.182604,143.76039,64.64222
109.134094,106.863525,-62.91425,89.187096,-4.5938096,-21.398651,154.39719,68.642746
116.014275,100.26995,-76.72726,84.5656,19.635979,-11.010149,137.68092,73.48229
121.40042,107.07153,-64.42378,102.910835,-5.8365273,-19.18578,128.47252,87.989456
108.03356,106.19322,-59.435265,90.31923,0.079931855,-6.569765,133.30634,81.958206
127.681244,114.28692,-79.56199,99.57479,-1.5947665,6.5732784,136.13354,63.157578
110.27466,100.784424,-57.55574,92.623825,15.508157,-1.3428671,141.22894,82.79899
103.32715,101.51478,-57.69159,85.728,-1.4247849,0.9087255,126.22778,70.45178
119.70067,95.84623,-59.831142,103.51868,-3.8448262,3.7511384,133.93156,60.430923
128.88367,83.42961,-48.93291,118.95446,7.1552114,5.206541,122.31598,70.338615
104.13933,108.3109,-49.810616,91.053925,-7.954183,-10.215277,153.99608,70.32601
111.4372,82.3529,-62.18024,92.24792,10.725564,-9.460161,138.75493,52.74546
105.29126,84.33416,-59.862324,86.57607,1.9868814,-4.698902,121.58302,55.35653
98.839516,64.119026,-47.932236,84.84152,15.330051,-14.452415,130.15715,45.804543
82.99548,82.33469,-27.728043,78.10859,4.749477,5.295334,124.95831,63.50911
107.89115,81.186516,-49.59176,95.677124,-4.42194,4.6038513,120.91551,49.744526
106.255585,82.1523,-55.79412,89.74451,-12.041247,-4.211052,127.418625,38.79503
133.0498,93.94813,-79.0073,106.89376,-3.3978686,2.427675,131.80836,36.82349
108.12608,98.39842,-60.197124,89.606384,9.239356,-10.543539,146.61559,72.38706
88.14335,90.82538,-34.675095,80.60458,-7.953377,1.526201,127.83867,59.841885
80.45651,77.37086,-42.564392,68.000435,0.66259456,-8.151163,123.34827,41.584084
91.92932,75.14153,-35.385727,85.17504,-0.9350036,7.308445,109.131775,56.262753
98.66103,90.726234,-41.294846,87.24901,-22.075737,11.294226,129.43611,38.90066
88.44348,84.92644,-44.49992,76.193985,-10.424021,18.439146,129.36253,11.952876
91.68424,103.249695,-58.726124,69.81871,-5.154595,20.764091,130.36688,19.2574
97.01031,92.14798,-58.988834,77.11529,-1.0107352,10.675901,103.80907,52.278507
104.99762,85.909836,-55.704823,88.487625,-7.42618,0.3029325,110.19125,54.013992
83.63761,92.00543,-27.363249,78.03508,-13.44516,7.980463,112.15164,64.327866
78.65113,98.96464,-28.389347,71.01849,-18.76973,20.92325,117.99873,53.228897
105.68585,95.646484,-51.242996,92.67065,-3.512622,20.83798,116.9707,54.536972
77.38378,98.888824,-47.788116,59.62986,-11.914456,-4.8995876,132.5562,39.04562
75.72483,82.663475,-36.185375,66.6143,-3.8340724,8.928278,120.569885,39.587845
90.390816,69.58089,-34.07907,83.6089,-6.451115,12.621111,114.89464,33.765663
78.4554,91.43987,-21.752945,69.53959,-29.002628,23.156542,117.48549,34.672863
77.968346,80.087456,-26.253971,68.86165,-25.282146,31.314142,109.77461,11.503572
82.07809,94.20457,-26.60088,76.823746,-12.108827,47.962147,116.17845,29.975582
72.86974,86.32243,-18.231365,69.12133,-14.83478,18.076244,127.76065,36.84794
60.458664,84.818924,-26.276508,53.03478,-12.316969,22.887619,115.11734,17.504934
73.04151,70.864746,-27.12112,67.64084,4.3711634,38.72922,86.99948,22.514256
67.0839,81.23615,-17.997313,63.487453,-11.653419,34.437847,97.22069,39.80857
51.0343,82.710335,-6.7089467,46.542114,-20.39897,37.507523,97.40517,28.189957
54.373707,73.20903,-24.720135,48.622383,-1.8161416,29.345835,93.33162,19.243488
39.233276,87.34737,-17.537388,33.1164,-12.242909,34.59794,82.24153,38.12881
61.89356,65.62774,-5.470714,61.142765,-7.314154,35.41344,76.14624,41.884018
46.58393,79.62765,3.7753906,44.191093,-14.486323,39.820164,97.47029,32.679897
42.90178,71.81791,-2.807709,42.689766,2.023186,49.56899,90.03833,14.996947
57.32419,67.57218,-19.182028,53.79437,5.760696,43.028767,72.783936,25.274971
59.50683,93.40771,-12.249957,55.868446,-17.031532,53.86488,75.75281,45.965015
37.56661,79.84399,6.624379,35.10514,-12.223768,47.357918,80.7995,39.393974
41.822727,103.66902,-12.521913,37.318203,-13.957928,64.599884,70.52396,47.080338
69.89199,106.458984,-1.4548911,65.62516,-23.764507,54.64785,75.48695,66.21413
58.37714,58.25429,-3.8840013,57.338215,-9.643943,38.20128,80.67488,23.413343
70.37944,61.596596,16.080708,66.91335,-15.470311,59.056904,102.446335,10.996648
49.275375,79.085495,-5.857152,48.240852,-8.298938,58.47499,91.134674,8.387283
38.480717,92.54062,3.7136626,29.908607,-23.961884,58.672897,85.00011,26.185673
59.38487,74.55042,24.215534,36.710075,-40.173717,64.59716,66.601715,14.933486
50.222008,75.03426,28.156967,38.44378,-16.234135,86.94661,58.109455,26.462975
47.681232,93.65929,10.555766,46.45021,1.4202963,88.72996,84.78519,36.129955
24.966305,89.98472,-1.8420272,24.536798,-3.7599635,53.374584,85.56044,31.531715
52.519638,103.260895,21.279413,40.221596,-26.455256,80.03944,58.99645,56.967125
46.055843,100.41111,15.411916,41.351677,-13.319681,84.96896,69.017105,53.72837
43.072296,146.73892,-11.552426,28.665293,-30.17805,93.10432,60.40875,68.08674
41.80012,138.87045,10.367563,30.999676,-26.135792,66.47513,62.95304,96.537186
49.101658,111.48067,33.089104,27.316374,-23.984627,68.28114,64.29088,75.24297
34.47412,138.1134,6.58029,13.607033,-30.94251,87.974785,80.784454,58.004288
23.86445,111.6592,13.973447,15.889105,-11.112721,74.61826,53.459534,75.44415
32.936115,114.62378,19.152708,20.85086,-17.063917,80.92134,49.672966,74.9864
56.422203,105.0459,39.7842,37.61488,-12.895692,93.20307,63.240604,74.28248
28.709755,120.87759,24.921606,5.4847016,-13.470062,102.17497,62.12795,60.68286
59.83679,110.317726,39.595478,31.57046,-32.050224,90.18864,35.53741,65.59035
45.37896,108.45753,33.611317,24.002352,-19.208115,101.57416,39.823017,63.966705
64.55331,142.13342,37.99808,14.924646,-49.952885,101.02209,57.764355,70.414505
49.40462,107.5,27.99962,28.55452,-29.025553,101.26162,43.57355,48.3878
49.162716,102.697235,33.248516,20.669397,-30.148247,90.98286,51.390934,49.49756
52.0398,88.45276,41.796177,20.390684,-23.361698,83.12188,67.01466,39.552406
43.17859,83.26473,33.0695,24.667145,-12.836023,93.594185,55.758125,34.60808
40.721615,85.73214,24.330688,23.003134,-22.576954,74.72184,60.024944,35.68098
57.467926,96.1874,42.793873,17.298271,-34.17266,74.45646,60.435055,46.22978
59.10597,114.56139,40.388134,13.158072,-40.97736,96.11957,62.85786,45.71229
58.133602,112.91929,43.56029,10.835287,-37.430027,106.51957,58.05298,44.373196
51.744717,84.65085,41.50321,25.100046,-18.035955,104.62231,57.946087,28.073881
66.26851,81.176506,57.591526,18.892702,-27.03172,78.15197,70.56253,32.331097
46.266212,108.40001,35.988583,-10.795889,-27.461199,92.821884,66.28079,23.917294
49.46337,97.53204,44.766117,1.7678578,-20.53439,112.21531,26.363007,45.32287
45.979614,112.28813,39.81307,-2.2503114,-23.428314,113.02597,34.049232,54.358307
63.96972,113.477974,54.28769,-21.754023,-26.352076,109.8552,27.306137,60.14502
41.818806,103.60894,33.50684,1.2933437,-24.944746,110.82597,3.7111778,43.9921
55.335907,101.36568,40.08982,-4.1775603,-38.06523,100.89309,20.842941,39.276695
67.657684,83.15535,57.335426,2.0879946,-36.055107,93.979515,21.599348,35.506775
65.25383,66.95614,63.903572,4.156973,-11.805005,95.21323,37.50639,36.50211
54.728878,102.362404,46.94729,-14.550837,-24.137121,107.96133,43.764942,34.252827
79.60292,75.92266,72.63831,-17.840929,-27.080542,100.35622,34.139362,20.942842
58.42784,81.97332,52.809395,-2.5055041,-24.896223,113.08578,14.342623,28.4839
71.54238,94.23707,60.50144,3.746444,-38.249435,107.67072,27.597338,40.068275
69.62848,87.83116,63.839813,-22.300425,-17.415424,114.18327,23.895384,38.078915
64.02978,120.0794,53.23581,-15.539403,-31.897703,127.5696,9.506517,59.13724
79.930046,110.62606,70.57493,-27.25725,-25.508024,124.25519,2.4800377,66.38096
84.21142,72.77115,76.74849,-24.940125,-24.48882,108.135216,-6.554882,38.97644
89.2528,103.403336,77.75335,-19.902235,-39.257328,117.77633,11.425636,51.39618
94.81306,109.437836,77.89087,-17.972778,-50.537407,129.22527,14.446199,39.71753
72.96446,72.74785,66.525986,-24.833492,-16.769745,120.53334,18.808462,5.4776487
92.48724,87.985176,86.40517,-11.407699,-31.414173,117.97025,17.092453,45.807995
98.67315,70.84181,91.63107,-28.422981,-22.66309,122.416885,8.378904,29.014368
74.431595,88.30779,63.77849,-23.912603,-29.864876,123.909294,2.6893406,28.545347
98.296745,92.53783,91.04065,-3.3489418,-36.937435,129.48466,-8.391438,46.766983
85.165375,105.58707,68.35221,-26.825785,-43.156563,111.331566,5.155113,48.41178
87.160774,87.783844,75.006294,-26.163982,-35.539413,116.94032,15.489447,29.104433
115.269806,67.04896,105.03895,-31.779358,-34.63031,111.832954,-5.1306286,25.861584
112.64241,66.429,100.24077,-38.562603,-34.424973,121.51257,0.776598,14.677695
87.87636,100.36555,63.924335,-30.274673,-51.98472,134.26984,-0.5470085,12.711087
114.973434,59.789482,102.390594,-46.711723,-23.74306,129.84761,-13.756845,17.584589
91.43312,67.31688,80.13087,-27.91921,-33.61245,122.8774,-7.985935,14.152249
111.76527,65.64873,100.92055,-37.432224,-30.457043,124.99548,1.6630459,16.99392
93.2794,71.18709,72.519394,-50.853657,-29.054588,122.98322,-14.976738,5.9742155
126.97594,102.900055,103.879715,-57.66512,-44.695763,141.39833,-27.73175,46.33418
128.06973,91.13788,111.669716,-54.315525,-31.2586,146.81203,-40.84544,51.689293
104.72934,103.32992,85.22041,-45.088276,-41.2944,150.11302,-25.667713,36.823982
105.83829,86.45989,93.655464,-37.688835,-31.807302,136.62065,-10.321278,37.724556
128.51611,96.09119,99.35158,-70.75709,-39.66063,121.5006,-8.75181,30.048803
99.55873,109.09817,76.42454,-35.414806,-52.847824,139.27298,-41.51018,35.81953
130.93318,86.69712,107.51211,-62.71969,-40.787853,140.1088,-36.306984,35.181316
126.12816,61.306732,104.261116,-67.475266,-21.746613,134.14311,-38.315678,22.53492
113.47687,75.26048,93.941,-60.147877,-21.478167,137.66281,-34.881474,34.520786
133.10294,71.298775,108.589096,-68.99375,-33.840603,138.79701,-44.80462,25.621296
132.07005,43.54667,99.46321,-81.32981,-29.718115,129.295,-51.169243,-20.806042
137.0285,61.84469,110.775475,-69.2533,-41.26007,137.89178,-61.575848,14.113297
144.34383,58.037838,119.61415,-69.21544,-41.91516,132.31085,-48.937637,10.648288
105.01339,61.780357,90.70599,-43.31462,-29.605268,143.9575,-38.910004,1.4146712
117.567,74.15366,99.039215,-49.92575,-38.56763,134.06754,-22.108177,20.061739
134.53624,81.748184,99.96343,-72.15785,-54.133965,128.84349,-37.179783,14.103303
121.61414,59.759937,98.00005,-64.805405,-31.02969,129.0827,-47.35094,17.024746
130.0596,90.06664,96.546265,-81.64317,-30.639902,148.41849,-53.747917,36.958702
119.28223,95.6847,86.593475,-61.203384,-54.947414,133.25935,-52.23516,27.709045
138.41423,97.75607,105.50129,-71.36503,-53.602165,135.50002,-36.235306,31.63993
136.93521,75.848946,102.40276,-73.20666,-53.64059,134.28275,-40.98485,6.636654
145.94006,65.78611,111.62337,-78.58275,-51.745663,136.71663,-44.127987,-1.7677782
140.24643,65.31702,112.30961,-74.95203,-37.838673,140.48814,-51.519703,15.6836
130.9697,51.78803,101.831055,-75.9704,-32.337543,129.82079,-39.17747,-9.489732
140.44861,36.487156,117.211205,-73.736084,-24.25463,127.397514,-47.868126,0.25687337
135.62195,65.75903,101.85303,-84.56703,-29.713774,135.37234,-43.335026,9.013476
128.79271,87.27006,92.73021,-76.005974,-47.221478,142.46098,-65.96591,23.884558
133.47682,61.10237,113.70108,-60.94816,-34.256355,149.21367,-69.26723,14.561749
133.46349,71.607,113.377625,-62.265003,-31.917728,140.65099,-45.740036,32.25083
148.44612,72.79767,120.061066,-80.44027,-33.988136,143.48265,-38.819885,20.863544
149.05116,73.003426,117.419235,-87.03845,-29.198467,140.95311,-54.278065,32.28282
158.65056,82.50796,119.07089,-97.16711,-39.858,141.18274,-64.70839,32.332764
129.22655,106.54371,89.06667,-83.74335,-42.357773,150.71298,-76.22429,43.852497
150.09164,88.74261,118.61123,-85.17607,-35.28953,145.68816,-75.45503,48.574806
139.99553,82.82512,105.47121,-87.647446,-28.472847,151.4567,-57.6547,33.694523
151.7572,52.17279,127.911705,-76.07658,-29.614841,127.964836,-65.119125,21.508139
147.69647,103.967545,97.697014,-97.8932,-51.981846,133.58138,-56.96437,36.505573
146.47014,83.39365,111.18623,-78.28009,-54.714687,134.30437,-76.9951,25.321743
142.18034,73.58159,110.29157,-80.745964,-37.761044,145.73332,-58.407497,22.34083
145.40031,51.560642,115.72784,-76.023834,-45.119022,118.94158,-51.87608,0.3921702
138.79301,62.124874,111.45232,-68.51341,-45.594463,135.85841,-52.47523,9.131991
150.42108,78.60026,105.6894,-98.13937,-43.608177,132.57802,-54.768665,16.400545
174.5666,67.744,132.71667,-105.33861,-43.608597,131.93776,-70.15117,14.500598
153.8384,83.64957,111.49946,-94.679085,-46.782764,139.60844,-76.334625,29.526724
146.47014,74.42614,103.58437,-97.18467,-36.558792,134.29408,-63.317467,21.930574
141.01773,57.493477,111.06483,-81.53828,-29.067242,118.742775,-69.43039,26.46135
154.74171,95.68829,115.79975,-82.95665,-60.13962,132.71465,-55.01098,30.228039
149.71724,76.88465,109.15505,-91.99469,-45.476627,131.1776,-52.77251,17.1319
142.09944,63.37389,108.43337,-87.58474,-26.110016,129.86275,-65.03148,28.861359
154.06816,72.69285,114.83264,-95.505196,-35.980377,117.95281,-58.686615,26.742716
158.85686,54.974995,118.38531,-101.0899,-31.718645,120.42785,-65.418976,10.046086
144.92844,67.09881,105.69725,-92.91305,-35.149624,141.97243,-74.02739,17.960524
151.70036,70.47163,108.19277,-105.35547,-18.05192,137.05028,-68.1655,34.453266
151.163,100.32946,105.61123,-97.51393,-46.122917,130.65569,-83.42911,50.04374
147.67363,68.4854,102.53956,-96.9903,-43.649952,114.39915,-81.40132,22.152637
137.09941,55.42788,97.56657,-88.73742,-37.047794,121.27356,-77.26988,11.527677
142.56227,58.225853,103.97553,-88.157394,-42.051243,106.83268,-61.185757,9.619077
144.96637,57.056988,95.88472,-103.20225,-34.368473,99.40895,-63.866077,7.235676
151.13736,59.196705,117.65944,-85.50412,-40.67864,116.466255,-76.556046,18.112963
152.90602,46.1438,110.668816,-99.32661,-37.132816,103.43224,-67.27544,-4.4903097
161.4938,50.842896,124.5807,-92.40358,-45.902603,110.29487,-66.62718,-4.0359945
151.14066,55.102177,108.37603,-101.150154,-29.586643,121.07462,-53.384724,-5.7480555
134.7043,47.289005,99.749146,-82.29891,-39.00961,123.69399,-71.59325,0.72065663
139.58241,44.698994,98.62987,-89.54572,-40.921165,93.31923,-52.215034,-18.019238
141.73677,55.841293,89.71612,-98.166565,-49.7756,96.3316,-64.78133,-5.224553
135.5037,62.195255,91.24773,-90.18775,-44.390045,118.05276,-76.60513,9.993983
129.451,44.240818,79.23007,-99.182625,-26.781307,102.44892,-73.2274,0.26467538
153.79695,66.94027,116.3253,-82.68684,-56.551662,86.59495,-72.87489,2.478227
167.68199,84.24369,119.48027,-105.6687,-50.88326,97.36581,-49.334606,7.0319967
143.59056,50.41825,110.02961,-86.17897,-33.56402,113.21594,-53.192112,4.3903694
149.81989,69.866394,110.85503,-99.02171,-18.100431,96.46049,-33.3602,-0.13243937
135.51106,45.133827,89.89689,-98.54711,-21.473713,92.923134,-56.606445,-5.2044983
132.80907,48.316666,99.895325,-73.781494,-46.519596,108.585945,-63.774323,0.018095255
147.16763,38.50406,102.3355,-97.39431,-41.84751,110.571884,-70.506195,-14.58238
146.82664,69.980354,93.107254,-104.34064,-45.633068,125.99908,-70.262344,5.7407055
149.9377,54.013885,106.60781,-99.9644,-33.804615,108.77491,-81.12512,16.776384
135.46701,47.48437,97.39176,-84.749756,-40.20457,117.08146,-74.6779,1.8947546
138.52307,51.03568,97.07898,-93.35687,-33.615818,99.33752,-49.9169,-6.1887197
128.81866,39.740566,95.59172,-74.61904,-43.027122,106.83617,-61.887062,-7.245734
144.02783,58.21847,105.70717,-85.040054,-48.88667,112.21052,-46.986767,-5.304641
128.37834,38.40105,90.883865,-77.75646,-45.949257,108.27863,-55.49265,-20.420433
130.1828,43.18854,84.12672,-84.45288,-53.27985,111.85408,-61.353283,-29.76458
144.14668,41.02305,95.90208,-102.68542,-30.847462,96.028244,-62.07508,-29.4569
126.10104,60.84692,66.30975,-100.08442,-39.326515,109.090096,-73.650116,-4.9688587
126.5783,56.973713,87.78535,-80.5929,-41.455982,96.88787,-86.60065,14.486789
129.53017,33.873905,92.44931,-83.08236,-37.75738,96.52151,-69.369064,-7.3339405
128.42043,69.8212,75.877045,-97.84059,-33.34417,111.465065,-45.103058,-4.3459997
123.62668,36.1677,83.470276,-91.49864,-10.671482,105.39875,-71.19672,9.925521
137.3139,55.129616,95.06224,-96.0873,-24.7777,115.65403,-69.7086,19.065493
108.49276,53.784546,73.48447,-69.28022,-40.995995,110.10514,-76.61252,-2.7901828
102.64032,34.866165,76.67519,-65.876884,-15.808401,108.734245,-66.36673,-1.9610984
104.92289,54.819458,73.54252,-65.27533,-35.262924,97.48773,-45.75529,10.53256
117.85652,60.20567,74.64218,-80.0436,-43.17059,97.00615,-49.08138,3.4987004
126.808975,50.39225,91.6516,-82.210976,-29.882156,98.44217,-59.819305,15.075444
123.22364,58.155502,79.441185,-90.703804,-27.436964,99.38105,-58.747917,16.785952
103.8665,67.77701,72.11786,-64.41896,-38.00475,90.25213,-66.30107,27.325953
126.63931,54.64902,76.91611,-96.03605,-29.904,77.47243,-48.058105,-3.7622707
110.438965,51.616524,82.6392,-64.2778,-33.933132,105.562965,-78.83089,10.010001
101.558556,79.25789,68.37329,-60.913292,-44.38073,115.247536,-52.490643,18.842848
96.17115,42.728977,68.68779,-57.714058,-34.414593,96.162254,-61.673134,-1.455199
118.138756,57.57183,68.76218,-79.779015,-52.915855,100.32719,-50.23859,-14.763942
102.94416,49.692177,54.7278,-81.55624,-30.49222,98.33959,-73.928406,-6.740711
92.33127,40.68246,64.16861,-63.98204,-18.277536,80.080246,-52.852222,17.456385
105.456154,69.13393,49.652237,-85.79421,-35.123646,76.66966,-40.461544,9.611935
113.94516,53.08778,87.25669,-66.7108,-31.462435,91.48509,-57.94409,20.668022
103.53502,73.88716,60.663364,-77.32453,-31.551552,97.059166,-31.85477,14.231097
100.539795,38.50974,69.01416,-70.83098,-17.507505,95.61482,-55.881115,5.5136423
92.942184,60.719128,54.69811,-60.84664,-43.51187,91.781525,-49.31892,3.3297923
104.21852,62.866924,65.28583,-69.47643,-42.612785,95.52416,-48.62944,7.9906244
94.95295,54.838398,66.51878,-56.861355,-35.786335,102.78836,-38.73579,1.3019726
90.51692,50.294136,64.16426,-61.649582,-17.845617,91.135956,-31.924381,12.730357
111.05657,68.73136,60.6093,-85.17524,-37.345154,72.914566,-29.220085,0.8141701
80.86911,69.79971,57.892906,-45.529182,-33.231762,95.761406,-53.32619,24.744637
83.73171,74.35388,38.63643,-68.910164,-26.896147,87.203865,-32.528427,16.56592
83.07978,70.42771,49.062096,-60.63859,-29.105095,83.53261,-40.38818,28.670578
80.2465,72.84615,54.973312,-53.729908,-23.382866,90.32522,-44.444965,39.752953
70.24244,67.98529,47.471443,-50.23078,-15.182112,96.72607,-29.184242,25.95608
94.90653,54.827,65.94319,-65.631035,-19.20994,65.02727,-31.695673,23.751421
77.57577,47.05316,43.58949,-61.169483,-19.192379,70.12894,-47.97951,17.768324
81.939,55.011364,61.433567,-52.195557,-17.110212,65.61868,-27.523012,31.88298
68.36666,79.82011,40.148136,-43.21074,-34.79415,78.42301,-16.4852,30.249199
68.856735,77.44192,31.866146,-52.40933,-30.861279,76.72573,-20.156473,23.12249
74.380775,24.849546,60.17409,-41.487106,-14.615127,62.890423,-34.20122,8.8812065
66.88049,56.568542,38.496143,-49.89347,-23.063976,77.54722,-26.121828,8.789693
67.790115,37.94733,53.047215,-37.73689,-19.619759,73.10595,-21.482552,8.665837
72.835434,46.82147,51.55875,-44.846916,-24.245676,73.660645,-21.504084,9.906482
68.16524,54.87486,41.85266,-45.712395,-28.71674,62.441418,-14.783457,12.677769
66.7027,62.66179,47.66081,-32.91207,-32.334156,71.72008,-13.585562,22.198078
64.080025,52.423756,36.906227,-41.13222,-32.478996,66.93629,-17.258516,3.4644024
72.00868,34.2965,51.664352,-40.72474,-29.16191,57.518883,-10.300308,-13.471971
67.65723,42.11888,44.84403,-39.538395,-31.358278,63.910107,-21.359371,1.461034
55.258484,41.587257,38.90872,-34.747887,-18.489574,70.1567,-16.780134,2.9685147
49.162994,34.25274,33.828373,-29.907927,-18.750296,49.141872,-3.7528744,-2.7164686
58.90883,59.122753,37.425858,-29.001348,-35.51705,61.631535,-8.658941,13.904852
51.886898,57.606422,22.039766,-16.325014,-43.872902,53.836414,-5.0608826,2.6033509
47.161957,39.05765,37.902378,-19.42883,-20.006413,56.634598,2.2243443,6.5270844
52.203926,37.363083,39.09733,-20.394827,-28.18347,45.136898,7.735403,-3.8749645
36.006943,30.69609,25.527716,-15.451295,-19.606882,47.01361,4.1661644,-8.533925
43.82351,15.524175,40.41822,-10.707925,-14.497646,42.84485,3.3976746,-8.427886
31.148836,34.960693,24.778967,-7.5727506,-17.234142,47.319885,18.914757,-11.173692
44.35369,42.64094,35.101013,-18.651564,-19.844381,39.353813,17.421131,2.6403096
42.059483,20.579115,37.90626,-15.065769,-10.016101,43.037098,3.6461296,-2.503928
38.73064,32.526913,26.617157,-9.713229,-25.782454,48.335495,6.34182,-7.2077484
42.06617,24.016922,33.723965,-9.791947,-23.658993,39.726357,11.120226,-12.848836
42.50662,39.614548,33.805286,-0.7271533,-25.571047,52.729015,13.441556,6.325265
25.303162,38.39352,22.126638,-0.10709518,-12.722914,47.625896,22.840328,4.940509
23.858961,32.416237,18.050148,-4.6029725,-14.976511,20.007212,18.847382,7.4256077
45.937458,39.003204,43.84471,-5.409848,-12.108343,37.992493,22.113861,15.089587
37.161808,21.430119,30.145494,9.121717,-20.287918,35.206318,19.411274,-1.9529407
26.405493,45.9701,23.966698,-0.5069524,-11.307267,48.48364,27.397299,16.485762
35.72464,47.502632,23.102661,17.392443,-21.057482,43.664913,25.897942,21.414259
29.35132,47.040543,23.333956,4.4265847,-17.243715,40.875027,35.253582,13.698814
26.81534,76.931786,5.086713,-4.270066,-25.510876,48.43867,37.256104,21.529764
34.22079,74.22306,20.088535,-9.671452,-25.80263,45.07794,22.421074,35.86098
35.21452,49.96061,24.804619,19.848314,-15.192389,33.814926,15.953838,33.559105
9.300538,68.628075,5.6384225,-4.4379606,5.8215456,39.145123,46.8543,37.025223
29.026928,79.49882,21.051207,-1.3411514,-20.38691,37.051395,22.935028,54.13066
34.29286,66.95521,21.986912,26.0904,4.1782985,56.83079,22.893253,61.126793
17.693573,104.75686,6.801393,6.231535,-14.659268,54.20061,43.172337,70.55205
32.043915,76.4432,28.71997,6.788738,-12.576894,44.293365,35.545944,56.204353
35.433254,99.66201,6.063925,17.846035,-29.949144,51.366863,28.73975,58.14375
21.449068,101.06318,-9.218868,17.779932,-7.8647075,46.44263,47.630096,71.07212
18.561132,81.30508,8.712228,13.165414,-9.694731,23.16919,48.028477,61.957138
36.276714,71.78614,15.888583,23.940199,21.952877,48.718388,54.944256,78.05617
33.806664,100.11743,4.9955797,33.39007,-1.9601334,41.336216,66.81525,84.60185
36.405914,70.28914,31.94967,16.60239,-4.876111,37.83194,55.85367,53.29151
34.93655,69.16206,18.751226,29.205692,2.0911016,53.881245,56.582714,54.698273
32.726376,88.05254,12.458849,28.868244,-9.3423395,45.19881,72.82089,60.259483
42.33959,74.01586,20.697681,35.403385,-10.620586,32.117386,75.66623,50.360264
35.82793,71.49519,12.173321,33.64103,3.0809343,41.953197,78.40239,50.35048
38.076046,73.53836,20.353785,27.839575,15.730066,47.4106,78.46608,61.834717
32.793922,77.25387,5.4861336,31.55719,6.80989,45.171844,68.761765,61.708595
36.126568,92.37432,26.015007,25.088894,0.84007406,57.05807,69.21854,76.244934
42.68353,82.936066,-6.7891636,42.103897,1.3313421,55.581055,58.457767,53.35778
45.445023,76.663864,4.6540833,43.013603,13.679783,39.15227,67.318665,78.04598
49.688602,101.68733,17.810125,46.13986,4.264115,42.286102,79.177475,96.91031
58.44457,80.98073,11.190687,56.839485,7.948158,50.786587,81.37265,74.01497
59.290565,64.2649,2.6917787,55.387096,20.847668,35.23275,84.80063,68.474396
65.91807,62.153297,6.894403,63.564953,15.6563425,10.404776,88.09985,72.93755
44.4313,98.48049,0.807008,44.36561,1.5615661,38.23844,94.91402,77.74321
55.080276,79.41712,4.918523,54.855984,0.70377237,40.940605,87.11835,63.8638
57.296684,63.916084,12.300568,55.1711,8.832738,43.732693,78.05844,59.688297
41.88195,58.18129,9.484378,33.696095,23.119724,33.554638,81.43532,45.810856
59.90735,34.119793,18.46925,49.648396,28.242792,40.927273,62.819424,49.52098
62.5065,50.04065,16.841282,58.28074,14.9467325,51.359306,70.79869,48.647766
54.81788,49.330517,7.8844714,49.97203,21.245329,37.553192,83.46303,41.705505
65.700554,53.106613,16.85864,58.77102,23.891619,45.392338,82.53792,62.477844
69.80016,65.98721,15.045002,65.78848,17.810192,49.62697,81.51587,71.95774
64.99724,56.40091,-1.6127764,55.34851,33.687157,36.288357,87.17328,61.44114
61.77024,64.91581,-4.029302,59.277252,16.867851,31.234732,83.552216,66.075554
62.19023,89.958755,-5.2936525,56.28448,26.278631,48.010933,88.43451,91.216156
85.04006,73.09123,2.4690704,78.806465,31.817812,37.133137,101.88278,92.06341
93.69673,46.239864,8.628117,89.93186,24.954815,21.587687,101.14212,67.50315
83.667496,44.90337,2.0699098,75.47017,36.31998,23.659948,101.946884,64.61094
78.00361,63.48228,7.192098,75.8794,16.305868,34.36443,105.99249,65.145515
67.316414,50.559372,18.485695,60.589138,23.432665,36.495125,96.892166,53.474545
76.13557,49.06628,9.693598,62.762463,42.47074,37.371895,101.18042,54.97464
76.90416,58.086143,3.8802562,61.616962,45.84377,33.11152,99.45871,78.942894
85.441864,48.82878,-0.21784198,75.442566,39.57179,27.796705,87.968765,78.1867
87.56605,47.46117,11.5966015,68.79455,53.498867,28.56114,106.12297,76.709305
77.343796,71.755226,3.6668913,72.04517,28.07518,41.204346,107.33937,78.49042
68.671776,76.05015,-2.72414,63.522743,26.097666,33.512547,96.64986,84.11996
82.119194,56.053547,3.098609,73.26308,37.070984,35.92365,90.17093,79.40439
74.44839,70.651436,17.297335,69.122345,22.020325,32.488445,104.683075,80.801865
103.73584,32.37476,10.3734,89.64577,51.01824,34.429768,97.392334,70.889534
98.078094,78.16089,2.166076,85.45318,48.476696,33.964256,125.74242,107.114746
101.613235,63.044132,-13.0961485,72.43626,69.804756,25.747433,120.42769,82.71428
102.31729,59.39539,6.8171196,87.15166,52.60115,24.38874,109.8828,105.17116
85.6862,65.79751,10.705161,67.24259,51.64004,36.29765,109.09604,95.61064
105.4257,54.330154,2.1271837,83.77257,64.28062,40.240883,102.20546,98.480804
111.0482,73.98659,-0.3208043,90.636894,64.28121,38.80684,112.34943,122.53056
101.85805,94.7566,-12.303322,89.18191,47.94306,40.463123,109.39122,124.483185
97.496155,66.015625,0.4841757,80.30124,54.677685,36.699097,120.35985,92.6423
99.219536,60.307674,1.8269331,78.94376,59.782276,34.75973,114.28189,95.888336
84.32971,81.30354,-8.553932,69.71024,47.31176,22.354885,113.26967,107.87557
96.947876,47.797096,5.403997,80.781395,52.709415,18.14731,102.2323,94.03939
95.98568,62.001133,-7.507594,79.097496,54.447052,37.8822,111.57187,80.78255
97.60045,68.71135,4.335328,86.42873,44.81217,38.325344,114.012665,98.26144
75.04675,66.07409,12.130516,60.9891,42.236523,40.28184,102.74963,84.93521
104.31443,58.410755,-8.488681,79.43249,66.72364,44.95,88.05948,88.940254
111.11664,64.30117,-5.46358,93.79045,59.177517,28.899408,105.86627,112.03558
108.18665,55.55059,4.6055,81.347496,71.420586,28.944996,110.071014,112.3127
123.359245,54.52466,3.6396139,95.62134,77.91763,40.611763,126.21098,104.35067
108.50002,69.00688,-4.4732304,87.34341,64.285095,35.800568,119.336044,110.45073
111.05379,51.985916,6.075633,86.05247,69.62448,33.438583,113.16394,105.06186
110.83121,63.079597,-10.657855,78.94151,77.27547,40.70446,114.417984,86.0801
118.94806,35.90836,17.276981,89.193596,77.46003,38.085438,97.41803,105.40328
100.425835,74.04897,-7.6912575,73.250114,68.12298,44.314236,104.15149,110.89566
122.17753,82.00771,-16.312143,99.57823,68.59469,47.814713,96.0724,120.17369
106.24061,76.9842,4.575338,81.27057,67.638336,43.9812,106.75159,128.85114
119.93229,50.522892,9.936707,86.13176,82.81586,37.173527,106.88376,119.58612
116.29549,63.392162,-4.600962,93.41617,68.62989,40.79753,120.28914,104.35847
124.76534,58.527905,-3.5717645,96.74569,78.550446,43.19937,105.00836,112.52722
122.042,50.19104,-5.5440564,91.84118,80.169235,30.097303,116.830124,105.094734
141.9606,39.06165,27.293575,85.55887,109.907166,38.019028,123.10806,107.50328
136.67256,70.65585,-12.435562,105.65663,85.87235,48.608814,119.19011,118.84535
110.81918,69.3777,10.622193,78.06967,77.75561,38.47345,114.4037,129.95338
121.261086,50.992798,3.4701147,73.86596,95.89786,47.32235,96.3932,109.302185
123.66797,85.580734,-11.179865,83.22177,91.079,46.593376,107.80353,148.81876
122.1076,84.811554,-13.078174,72.92099,96.99963,43.909634,111.1478,146.59639
127.08363,53.411728,11.889494,77.49086,100.0678,33.275536,101.23395,143.31245
134.63307,69.55214,8.347644,92.92607,97.33985,43.735657,116.73898,152.27802
129.23743,84.5828,9.666811,82.55251,99.06371,49.16803,119.4014,164.25194
145.00775,65.88058,10.451604,89.24833,114.23926,63.40166,106.330505,149.08789
140.13855,77.87329,2.8697033,85.628105,110.70593,58.1654,107.44542,160.99501
126.823944,79.67159,5.8465676,81.26518,97.38617,48.424698,107.35341,158.74802
130.60843,65.003845,16.781805,72.95527,106.97411,52.139763,100.36331,153.68948
144.9804,52.046253,7.695615,90.450714,113.37918,47.0461,93.943085,147.11136
142.7719,93.18262,-7.279436,89.51743,110.81095,55.87494,104.52081,178.31955
141.32079,63.120914,17.270788,92.83482,104.847694,45.749496,99.228424,160.8486
141.10722,65.12296,-1.1160879,97.483826,102.36318,52.901382,110.69885,136.42233
136.8247,77.79179,0.9782266,83.98078,107.94816,52.320675,115.90794,157.33347
149.09729,46.22229,21.053684,89.99811,116.70509,40.464016,102.482056,157.2104
143.93857,73.36382,-9.642876,93.32891,109.28902,48.817753,107.48984,151.32602
127.71942,87.14249,-4.6021776,74.12804,103.987206,42.628017,114.648605,165.49489
154.42798,74.15735,-24.090918,86.202545,126.07896,41.656727,90.74271,159.99425
150.75,75.10701,5.2072845,87.0424,122.86156,34.96808,106.99931,189.18448
167.48955,65.383484,-4.5795307,89.56302,141.64613,50.269264,106.73186,172.44736
127.33715,82.902054,-6.2788005,69.457184,106.53406,31.086687,109.082596,169.00543
147.72525,60.84817,2.6019878,89.35694,117.4685,44.10004,89.334076,162.03334
157.12177,57.295288,6.187148,92.92177,126.469635,39.401592,102.26068,172.23334
133.27979,78.18887,-1.2890053,72.8052,111.4932,35.16135,117.810165,164.01935
155.60527,47.510525,3.9068453,79.42317,133.98616,28.16079,103.690735,166.40933
137.99457,98.797775,-8.706465,91.74042,102.3164,61.348156,101.96393,171.71013
175.38814,45.76571,-5.187985,99.62732,143.9814,40.463295,98.13338,139.74683
153.07515,74.615685,-6.1644664,70.04708,135.8102,46.557724,103.057236,177.68127
163.73149,63.75735,-3.9052184,74.07097,146.19255,45.900036,85.12697,184.22223
152.2112,103.331985,-13.474201,69.162544,134.83391,59.245655,96.243454,203.41324
130.49617,83.0557,3.1286466,50.458588,120.26511,42.59384,87.447876,183.30203
171.06505,54.680893,-8.228473,73.17396,154.73997,33.78543,71.842834,189.6714
152.48688,98.75728,-4.1279383,82.17907,128.73215,36.94253,108.49637,214.39066
163.71469,63.539356,-13.4748125,57.755527,152.70529,26.744818,98.65437,179.84723
156.39774,70.10349,-17.493013,76.65784,135.07512,38.80877,77.042694,176.67236
185.66704,59.110065,-3.7935197,80.07879,167.74258,54.028385,76.53224,178.7041
166.15129,67.09881,-5.7630377,80.44907,145.48355,38.099712,83.9471,196.16351
160.93555,62.78734,1.777405,62.26783,148.59879,45.542587,95.3165,179.41757
152.77107,64.23395,-4.967836,74.51652,133.02843,32.885273,83.67561,183.98213
153.05637,61.929394,-17.40053,68.358444,135.83342,24.14068,100.29378,168.85461
156.64052,44.911022,-10.054063,61.950672,143.54579,19.81384,87.897385,164.26532
173.27219,35.766605,2.2822154,64.11376,161.19514,31.54051,79.79079,174.61826
170.70149,65.140236,-12.838577,49.226963,163.0598,37.602665,85.576035,181.1323
176.67484,57.142365,-17.037603,66.42246,162.91978,35.438076,60.872803,184.87335
168.85645,66.63708,-20.60001,59.6052,156.70337,35.24609,69.75923,191.80927
167.96428,73.725845,-20.026001,64.170135,154.09244,38.644146,75.39963,197.54378
158.97327,57.36288,-14.587688,59.502003,146.27448,17.237024,83.75905,187.99051
166.58481,45.585087,-18.256796,53.87903,156.59555,12.691554,80.30139,177.40488
184.47357,45.92385,-38.29218,55.78195,171.2955,1.3874776,78.35675,176.34302
171.44678,50.339474,-15.948548,66.85196,157.11229,4.867507,66.92621,202.85004
174.4314,53.04008,-23.347864,49.494442,165.84962,11.878901,81.37341,188.68541
170.40613,47.408466,-11.724883,40.643433,165.11154,2.7137125,80.75015,186.14601
180.49168,35.10342,-20.708557,53.904934,170.95274,8.809777,54.508972,190.03566
186.60721,52.003006,-27.558601,44.746983,179.00348,18.00537,67.74614,189.14185
189.7933,33.83785,-22.44886,47.1751,182.46326,5.5406866,65.8053,182.48145
201.40149,45.23066,-30.811764,54.661774,191.34338,11.485629,62.686256,204.60825
169.52138,61.353992,-14.521041,60.894108,157.46281,11.248851,75.502655,211.34015
189.87447,48.572113,-31.67002,36.131756,183.84288,7.072736,64.732925,177.64832
155.96895,63.884663,-28.46922,32.643425,149.78949,5.5317526,45.86202,202.36374
191.81322,33.768513,-12.309889,21.439499,190.17804,14.852064,38.53756,197.9761
173.92311,65.802734,-35.662125,41.502613,165.11826,12.440813,41.42288,210.0906
200.8986,24.88599,-13.298455,36.84344,197.06776,1.9674251,56.196392,201.19261
188.84186,57.84516,-43.28277,37.355984,179.96924,-0.29658532,54.93256,214.28885
199.25961,66.56306,-51.391468,43.20306,187.64902,6.560704,54.970886,217.98196
186.2755,45.74385,-41.21439,39.543217,177.27548,-4.6900787,41.88048,204.77304
190.04358,64.171646,-48.950176,42.014812,178.78264,8.820234,46.50658,205.74612
205.47176,37.383987,-45.000957,28.848938,198.36604,-15.983382,52.346783,203.58008
177.2474,64.73998,-42.3652,25.124973,170.32158,-13.955304,37.20317,227.52106
195.54,44.51141,-37.364357,23.212942,190.61998,-18.831974,43.970013,225.47456
208.53781,51.332253,-53.327316,27.083696,199.8634,-11.88746,53.66087,214.85333
210.4424,50.045135,-41.202118,12.542036,205.96912,-19.8389,46.704685,236.15466
191.0658,59.112312,-48.34863,22.084929,183.59521,-11.928967,23.42407,230.47162
206.84196,33.632435,-27.932272,15.765336,204.29366,-0.25801682,32.595432,211.94017
181.33241,79.14682,-54.19536,2.345117,173.09314,0.38146663,35.1562,220.6179
203.70828,71.46636,-57.882618,20.39336,194.25749,1.536824,14.442726,232.60283
205.30748,32.91978,-36.645306,19.560534,200.95628,-9.153504,23.991337,217.79663
202.75111,42.1022,-45.941467,25.454027,195.87778,-10.837191,39.61289,213.83543
207.23993,42.72195,-35.772667,8.736827,203.88937,-16.31257,42.559216,220.29745
201.03,57.393932,-56.112217,-4.292507,193.03691,-2.538584,17.641596,194.0632
193.37917,50.164146,-47.214497,-5.615268,187.49712,-8.656496,-1.0657387,219.96085
200.48427,97.5821,-84.509964,-1.7768885,181.53143,2.0406182,-4.6531105,225.70781
198.78554,81.17845,-57.251354,0.70059115,190.43945,-11.710746,1.0783043,257.9747
200.70193,66.24776,-62.30671,2.0567274,190.90186,-18.237389,10.070503,239.76935
214.63937,47.69057,-61.23906,4.2163973,205.72523,-27.825562,23.273413,234.15085
201.1396,53.134853,-58.71732,-15.876575,191.66002,-28.714144,19.714931,217.37154
200.77821,26.97713,-53.227882,-3.565992,193.57755,-30.483572,-1.1208954,207.48366
200.21552,41.46252,-50.217434,-11.76404,193.56082,-23.931572,18.46167,204.14142
194.19453,42.615284,-68.28306,-3.021477,181.82896,-30.381233,10.12101,196.06601
203.48909,53.974674,-75.10222,-12.543954,188.69182,-30.027868,4.924362,212.88715
191.43553,42.385876,-54.69576,-15.111683,182.80602,-19.425558,-7.8074226,204.07193
210.1666,47.191765,-59.680107,-13.136181,201.01424,-13.871049,-9.189217,210.80309
210.79256,66.62769,-81.15494,-6.495295,194.54788,-20.19748,-2.4864006,221.1095
194.9237,54.169296,-69.42455,-10.458536,181.97995,-45.291378,-4.7996826,230.26413
224.34015,51.332253,-85.62663,-26.544329,205.51653,-40.920204,-3.3603973,214.48859
214.5986,79.73589,-86.80279,-19.020681,195.27245,-29.599863,-11.307789,250.45612
187.76332,86.30505,-65.29176,-28.938976,173.69835,-32.567116,-17.006271,253.10445
194.61195,62.369865,-81.0357,-8.646751,176.72011,-34.381973,-8.422855,217.69325
213.68098,61.14583,-81.88456,-15.003832,196.84074,-37.94186,19.301266,221.61432
203.96446,32.673576,-67.1835,-7.458724,192.4526,-53.319187,-3.286396,221.66403
205.30846,46.409187,-75.00626,-30.211786,188.74176,-42.502144,3.5933685,185.90582
197.8151,45.478703,-69.920296,-25.294037,183.208,-26.095514,-16.79565,190.88489
203.78313,68.91525,-91.40736,-23.958723,180.71332,-29.885263,-28.435402,212.40887
201.92697,94.00532,-101.66072,-40.60882,169.39828,-30.633413,-26.564384,229.39946
218.1456,81.19883,-96.66327,-33.54446,192.35234,-31.856234,-37.5596,240.95566
208.83965,100.58081,-97.177574,-38.194992,181.17891,-35.129337,-27.301582,259.694
206.71054,96.51554,-99.45843,-51.52128,174.15941,-39.95718,-25.907207,245.75449
220.65868,66.48496,-98.521286,-40.71696,193.22435,-52.778286,-40.240223,241.0281
204.13048,82.87641,-94.17386,-40.75921,176.33273,-49.973526,-25.702744,245.20325
216.35214,56.65907,-100.20319,-55.91512,183.54257,-61.96857,-21.445217,207.5304
214.48369,59.935383,-95.70507,-58.764294,182.39383,-51.16695,-40.672913,217.34653
221.49266,61.589367,-103.495026,-59.015507,186.84312,-45.261196,-56.100796,207.35239
188.49669,54.831562,-70.65942,-51.170807,167.17937,-52.994312,-56.744846,218.61366
226.17084,76.17414,-105.64392,-43.39332,194.84584,-32.149464,-26.155485,199.61655
203.72346,90.0722,-110.22012,-41.127144,166.47446,-56.349094,-11.788239,232.64578
199.31947,46.5215,-94.3476,-49.772106,168.36208,-61.668377,-34.63864,198.43063
219.51595,77.945496,-125.63072,-66.619484,167.00172,-55.24055,-34.787807,173.61191
214.52098,85.65775,-127.32492,-65.490326,160.13898,-52.547897,-62.217754,203.00676
208.9354,111.99107,-119.20172,-56.772854,162.08698,-53.789017,-62.804787,253.10306
201.92635,78.1425,-106.719,-52.685104,162.88039,-69.42528,-34.94867,228.79913
208.48561,68.91299,-117.53149,-56.164,162.51353,-79.962776,-18.932575,206.28696
216.97466,68.337395,-122.34252,-75.01857,163.19316,-80.982574,-39.797867,204.96687
221.40968,74.74122,-126.69357,-59.13161,171.53561,-56.863216,-69.48207,195.60162
206.81876,70.4734,-112.6172,-71.14922,158.19742,-63.35107,-56.68464,205.34433
202.63637,55.767372,-113.319855,-66.59486,154.70052,-69.94744,-60.33667,189.63278
207.09418,74.24453,-121.95468,-70.23486,151.76965,-77.083595,-44.952526,205.6177
230.65668,65.76853,-123.846466,-79.49153,177.64923,-68.9152,-53.924698,202.96262
221.56038,81.155716,-132.9163,-62.07076,165.95293,-72.086815,-69.453445,218.75499
206.34256,72.20111,-109.67484,-67.426865,160.79321,-57.09139,-57.621,209.05322
211.31139,62.60591,-110.18156,-91.64595,155.37541,-79.090904,-44.08929,182.09415
220.00966,54.187176,-121.19702,-101.00135,153.42264,-81.02311,-77.47482,181.32721
209.15903,82.929184,-130.61386,-69.37838,147.50143,-66.6139,-97.020706,192.46011
212.04613,65.922775,-127.010574,-83.298256,147.90338,-75.41964,-62.02809,182.64862
213.22304,62.368362,-128.19362,-89.854,145.18712,-82.79806,-62.4516,178.58432
209.76549,41.746258,-118.08663,-88.747894,149.12859,-87.56666,-78.35144,175.49655
218.81,60.176823,-137.38675,-90.69944,144.10678,-78.07424,-90.70004,135.05342
205.20721,49.729267,-124.9898,-103.07574,126.01396,-83.16598,-87.92493,147.80417
216.53075,57.004387,-137.05978,-90.78128,140.72604,-82.33316,-101.25987,153.60107
208.82663,49.55048,-131.16388,-82.733955,139.98944,-97.1782,-68.17648,172.5381
202.78699,44.401577,-128.99586,-102.83394,117.83074,-108.58263,-68.345795,137.43628
212.07545,49.689034,-140.04485,-99.95365,124.29752,-93.03712,-86.0502,132.27916
212.44765,77.766075,-149.84534,-96.92518,114.643745,-74.94724,-92.322296,134.97084
212.05542,53.674946,-137.26071,-91.57498,133.33359,-84.2898,-97.39369,138.65561
217.37352,45.214073,-138.64653,-95.00514,137.83347,-96.24746,-81.20625,144.8377
198.53416,57.07068,-119.28698,-101.267525,121.64604,-84.33621,-75.58923,158.91428
182.64668,49.16808,-128.6222,-82.69166,100.06597,-94.09742,-81.292206,135.10294
211.07463,51.345036,-126.64406,-97.55872,138.03279,-84.80949,-69.72229,125.860504
213.35475,42.50294,-138.32042,-86.95329,136.77725,-99.24755,-73.394196,144.98285
184.00629,60.458664,-126.59427,-89.689415,99.4115,-94.42158,-84.19473,149.98784
209.70053,67.84737,-138.51437,-104.227905,117.86029,-79.70042,-77.337585,138.3343
200.11656,82.06743,-143.80008,-94.43486,101.58793,-85.046074,-92.18089,158.67155
198.76509,88.3123,-120.97047,-116.78863,106.06501,-79.22816,-96.45215,180.88092
214.08676,69.473015,-130.50291,-126.65116,112.647484,-84.88463,-95.168076,155.14941
204.45755,97.45544,-139.72511,-125.598564,81.4595,-92.745834,-110.33267,165.28745
209.84195,70.2292,-133.88506,-114.399635,114.42355,-90.78413,-122.04173,169.08508
216.0874,92.55978,-145.29965,-122.11843,103.00456,-84.1325,-95.86482,166.58194
210.97394,100.543526,-153.86511,-115.04051,86.98444,-79.911865,-112.04706,155.16986
201.45595,101.48676,-135.28593,-124.514656,81.83973,-64.74225,-109.71648,153.1749
192.60056,68.80932,-130.58261,-113.31437,84.86,-72.562065,-114.63452,122.3705
201.49644,94.84282,-132.81247,-124.549675,85.973236,-66.70579,-95.40259,146.65776
189.71904,74.11014,-139.37692,-93.75361,88.07897,-78.059715,-107.48016,126.61441
179.27608,86.34379,-129.77933,-98.7826,74.17854,-88.00242,-73.282455,144.508
191.62476,66.53221,-143.69928,-100.2037,78.24422,-96.37843,-72.39664,115.88735
202.20737,69.66079,-136.54076,-117.45131,91.68862,-93.899826,-79.418564,132.28212
193.82658,90.42159,-139.6248,-109.65773,77.893974,-66.89295,-111.60553,131.64485
195.93921,68.29386,-124.84075,-132.59866,72.48903,-83.4625,-105.53,119.04767
205.15831,88.50062,-138.88167,-134.70357,67.66432,-74.58636,-120.87775,126.8403
193.31161,130.78659,-141.65002,-112.80111,68.361465,-70.96543,-118.702515,178.026
181.91911,93.71366,-110.37096,-128.56296,66.02897,-75.2111,-97.57301,146.97337
180.60976,65.34715,-108.12846,-133.89963,54.5351,-81.18274,-97.40056,102.01875
205.12679,80.83666,-135.99017,-133.9842,74.82755,-64.14194,-104.5338,97.05043
181.6014,63.12961,-127.48768,-116.5688,55.594845,-81.09484,-124.233826,98.46994
201.23901,69.96654,-139.06194,-139.62164,41.321735,-83.10873,-115.04126,74.72366
187.76573,67.11976,-125.08113,-132.66113,45.37105,-65.03807,-130.44212,75.295456
200.23439,71.31894,-131.60164,-144.8073,43.065437,-72.50844,-129.35631,79.86614
191.64098,89.03028,-148.16232,-113.08239,44.841446,-73.885544,-133.73749,90.036514
195.23192,63.890656,-126.31053,-143.56036,39.426846,-99.778824,-104.38548,81.65058
186.84355,50.13996,-124.84734,-134.07698,35.966846,-91.115395,-126.226425,72.27826
185.81715,41.713493,-116.559074,-139.1563,40.264603,-91.70414,-110.984985,58.479355
195.67516,47.46841,-116.51026,-146.06639,58.243763,-88.32308,-126.61389,25.390589
196.27786,64.456505,-139.87698,-130.96036,42.111206,-78.487564,-127.608734,61.214844
194.63832,68.400475,-131.63637,-139.87228,30.9512,-72.94641,-125.58269,62.51114
202.44753,60.559887,-135.11844,-145.93875,37.720036,-77.5906,-130.44804,49.041443
172.59363,89.52967,-120.819664,-122.04155,17.637642,-60.10151,-132.07225,82.817024
184.9096,70.57133,-129.04443,-131.1706,17.59596,-73.30192,-114.64783,57.914917
200.05452,53.707542,-150.6481,-128.61398,27.805664,-99.33738,-117.05493,17.845024
190.56839,45.96738,-123.56086,-144.19307,16.081442,-99.52069,-120.35159,46.749256
201.30232,61.850628,-130.23396,-152.71819,14.696815,-87.81864,-127.284836,51.837532
186.88632,53.256454,-128.60855,-134.60663,18.433598,-78.421646,-130.94238,36.249153
189.63072,54.992046,-121.4319,-145.24257,9.839482,-81.29665,-129.56934,44.110027
193.29932,49.113388,-118.33555,-152.752,6.965002,-88.10414,-130.97267,39.323112
181.24448,42.438927,-118.014,-136.81946,15.212308,-76.96909,-130.62051,24.238255
170.99599,40.550125,-121.798256,-119.37189,13.850415,-81.468956,-123.85715,12.355179
199.39612,81.897804,-124.762695,-155.57439,-3.6039238,-71.213425,-106.41298,33.759052
199.71683,54.960213,-118.58088,-160.74602,-1.5150983,-74.33147,-148.09914,27.795727
209.07326,83.9021,-122.131355,-169.19357,-10.777144,-53.46123,-166.36443,36.56624
211.83513,83.177895,-137.33002,-160.65239,13.582785,-58.262653,-168.06071,39.19484
194.41873,84.75295,-110.3441,-159.90697,-4.1361637,-67.42996,-172.19554,67.7369
197.09076,84.8204,-117.818954,-157.52304,-12.037004,-67.36,-161.92223,55.608807
171.5696,41.706,-94.72207,-142.62648,-8.978209,-70.38631,-135.24345,24.109495
181.57816,69.75235,-107.23141,-145.71286,-15.001742,-50.873398,-124.325775,19.785381
201.24425,44.345238,-129.54698,-151.92328,-25.246576,-89.95089,-133.5701,-17.0409
191.65761,50.724747,-108.60186,-156.28032,-20.694729,-63.633755,-148.4609,1.3430719
198.72379,54.40818,-119.661705,-154.8343,-33.75553,-69.10314,-161.82678,-15.063188
201.63864,70.54708,-115.66696,-164.90915,-7.577992,-49.24149,-150.73196,10.756633
193.79855,87.181946,-104.92997,-160.87491,-25.325922,-60.51845,-159.97206,50.125893
193.70467,67.763405,-104.51408,-160.41757,-29.188326,-63.554165,-160.30989,25.49705
178.98691,45.512405,-104.221085,-143.46722,-24.152786,-69.21375,-142.57593,4.865287
173.52414,36.77683,-101.03445,-138.76155,-24.301094,-75.275536,-128.3225,-0.3304441
195.10022,68.56911,-118.30677,-154.73528,-13.9612255,-60.985203,-118.37985,-2.7672741
198.0577,39.881084,-97.67541,-170.14766,-27.634815,-69.72416,-146.38548,-12.320609
177.79333,64.97355,-92.458405,-148.15141,-34.297497,-45.225975,-177.86179,-0.69403243
196.48442,70.30687,-94.935394,-168.22714,-37.294437,-48.274452,-142.52016,9.358703
190.36325,82.27293,-95.88644,-160.00987,-37.60033,-39.673992,-156.86353,21.603569
200.77586,84.73229,-114.10786,-160.86458,-36.642376,-53.756344,-153.26978,22.2392
177.02333,53.23276,-89.73718,-150.93079,-21.788261,-52.469433,-150.19466,15.553273
187.5227,78.8781,-95.28495,-146.72546,-68.272,-59.355083,-141.04738,1.7465785
186.58836,38.264206,-75.52482,-162.29137,-52.07351,-65.3814,-142.3132,-21.041609
190.99379,69.535965,-98.91613,-148.98,-66.69006,-54.956013,-139.64012,-13.534434
181.24553,53.12783,-91.55643,-149.46434,-45.727818,-54.1555,-135.2814,-10.568965
180.82657,63.223934,-93.51706,-139.77559,-65.67277,-60.349377,-120.24664,-16.485638
170.57652,39.718197,-82.33091,-134.81804,-64.47073,-56.50167,-121.44496,-36.942337
192.40338,52.386932,-83.782646,-167.09999,-46.28601,-56.137596,-122.57895,-44.87181
193.59789,50.798622,-81.31275,-166.25848,-55.9528,-56.84334,-146.85294,-16.19602
199.6849,77.89827,-79.79593,-167.12134,-74.64751,-43.410442,-155.8169,-7.074664
184.23982,73.25565,-86.28709,-144.42603,-75.37621,-38.64394,-158.21094,-21.38058
193.02542,67.84173,-85.23807,-165.66164,-50.55964,-40.762714,-124.23181,-20.874294
186.70782,86.3094,-79.299706,-150.66594,-77.22048,-50.98052,-140.82002,3.5431411
193.88205,103.47101,-92.53884,-152.98833,-74.88869,-35.993095,-127.95998,7.8105783
195.19734,71.25581,-76.97188,-162.1857,-77.026985,-45.66758,-134.89651,-19.310236
173.07892,41.23409,-65.814735,-143.61273,-71.09238,-55.7191,-144.05739,-30.986609
186.86777,87.14392,-75.26886,-148.75563,-84.00415,-41.082005,-110.24701,-14.217872
176.71959,38.203403,-82.79857,-137.71602,-73.54094,-55.237293,-119.21475,-55.115368
191.31992,64.06881,-65.66991,-155.65088,-89.58235,-48.420864,-117.92758,-40.64483
187.05965,53.528614,-75.66684,-156.68204,-68.92329,-43.570667,-131.80981,-34.38771
188.70679,78.53542,-50.946198,-159.6654,-86.69166,-31.827497,-131.85847,-15.954106
182.91545,38.105938,-60.35844,-151.84735,-81.7369,-40.022472,-143.21013,-51.487743
200.641,70.5607,-56.707314,-156.56685,-112.44367,-45.620045,-128.90157,-48.49118
191.34067,51.078373,-58.92008,-162.39267,-82.253075,-37.03465,-132.38046,-47.125557
185.8225,58.82017,-51.95998,-151.07782,-94.57219,-39.130222,-134.55777,-40.272892
177.03743,73.90027,-73.93911,-130.27219,-93.75455,-21.935474,-117.96829,-42.800125
182.72606,51.538822,-62.770206,-145.29463,-91.191185,-44.339394,-128.37819,-46.39257
199.16074,78.98615,-51.01472,-157.82243,-109.84509,-22.294294,-125.68686,-44.29504
183.34462,88.11817,-58.39539,-131.92699,-113.3368,-17.815416,-136.50505,-35.30474
183.37343,78.58912,-57.27022,-151.4096,-85.52733,-19.832256,-112.41388,-29.2528
188.43451,65.91898,-43.24907,-146.00275,-111.12139,-49.556896,-125.82022,-48.625027
187.41348,94.46428,-61.20769,-139.7613,-108.39284,-17.808731,-124.87224,-26.142057
178.2975,63.955063,-37.91735,-138.77797,-105.141304,-24.85843,-112.05293,-48.67701
196.62527,57.93531,-55.561344,-155.06186,-107.61002,-32.904423,-105.40994,-87.2696
200.40584,64.08783,-37.687622,-160.26645,-113.954025,-24.231634,-130.69063,-58.808983
181.30775,63.42515,-42.71502,-146.39368,-97.88914,-3.005163,-136.23164,-49.639343
182.39107,73.84105,-40.310608,-125.51625,-126.15763,-13.187397,-127.32097,-57.39354
184.19894,59.860252,-36.304985,-134.29243,-121.24568,-19.190802,-107.92879,-69.79972
176.56302,63.06544,-26.460571,-129.98038,-116.582016,-26.073465,-100.78137,-60.684372
160.11012,41.415577,-26.999088,-119.94787,-102.49766,-10.892093,-97.32182,-71.87102
170.59747,65.3548,-42.595566,-121.099144,-112.605194,-25.669287,-94.93393,-54.772423
185.45148,62.635853,-44.897022,-145.40967,-106.514595,-16.907598,-98.384964,-75.81756
182.13731,65.97727,-52.886906,-142.22194,-101.14954,-14.833744,-132.45096,-48.04742
186.55696,96.080696,-33.519157,-144.58212,-112.36926,-11.073907,-131.70917,-19.922718
185.40024,97.72538,-37.132946,-151.90768,-99.344864,4.066163,-124.90573,-15.142177
168.50816,80.7914,-27.07741,-128.88208,-104.96631,6.2381964,-135.41359,-31.391735
177.52254,92.05161,-32.39456,-132.70775,-112.75358,11.105101,-105.55011,-36.262352
167.8824,34.402035,-13.34363,-135.76984,-97.49089,-16.217377,-111.044846,-73.80341
172.75705,63.025787,-17.812706,-135.79631,-104.78424,3.1708229,-99.36656,-58.28605
184.88916,62.83709,-32.188797,-141.6973,-113.85226,-3.6288385,-108.47157,-69.32084
182.74367,63.56296,-22.039415,-131.14053,-125.69267,-1.5710964,-109.10976,-69.26314
188.22394,72.06594,-26.04,-135.78546,-127.43767,2.7129953,-107.09552,-67.86486
177.42393,61.91123,-11.997194,-134.64185,-114.59443,8.169842,-107.8732,-62.508144
180.7851,79.117004,-10.458179,-133.20605,-121.76984,7.838974,-97.88095,-53.290405
163.17476,53.791264,-15.09722,-124.24589,-105.03136,8.393892,-105.485794,-60.40914
165.39195,61.05121,5.3109736,-131.73608,-99.617935,-3.9162018,-85.92461,-60.736214
183.69405,85.35221,-27.561798,-135.037,-121.47788,8.35364,-92.730835,-56.312187
148.06165,36.88157,1.289638,-116.090096,-92.041435,12.202477,-111.03114,-57.174194
175.42235,55.554028,-2.074431,-134.90303,-112.17155,4.39742,-97.48857,-71.84259
167.968,51.935055,1.7582135,-116.70929,-120.455055,23.077368,-116.854126,-72.83913
172.154,66.09463,10.182203,-123.94495,-118.84058,21.446833,-99.604126,-58.4077
152.65074,39.827755,-3.6967008,-121.25384,-92.949265,21.184729,-95.64232,-74.213745
169.23726,66.52443,7.851943,-111.18278,-127.59405,1.6987321,-79.5576,-69.113075
151.87578,53.563046,-17.598623,-117.648315,-93.99003,4.46552,-82.23129,-61.02956
177.25829,87.37992,-6.6869206,-136.12502,-113.529274,-0.8905146,-78.91005,-47.57125
163.56517,91.61332,-19.077679,-115.31008,-114.72018,12.776838,-103.17825,-29.804502
173.99013,118.095566,26.104303,-124.43226,-119.13695,25.89083,-83.23883,-8.397248
162.81987,87.34737,-0.54539496,-113.60122,-116.22126,31.420729,-73.5453,-45.597008
168.82703,82.57913,-2.7539306,-100.59009,-135.22943,20.481018,-78.46149,-59.507698
159.78502,82.14165,0.9229141,-120.08949,-105.543655,34.421776,-74.6212,-45.46252
157.58669,57.33073,-0.19449279,-124.38975,-97.34087,11.253203,-77.06401,-66.41333
153.04024,93.3247,3.732922,-91.50609,-122.299416,43.003506,-88.75787,-37.850494
155.62535,88.46044,3.2296312,-102.246124,-117.52234,19.099365,-69.37834,-36.924854
163.03757,80.240654,23.45535,-124.76316,-102.0562,36.743725,-62.74016,-52.692287
153.5743,57.637337,14.066495,-109.56145,-106.22032,30.974096,-98.174835,-52.582138
157.1787,99.8549,10.193548,-106.06048,-115.60529,48.791996,-82.828445,-26.586529
153.86444,57.801517,25.764051,-100.73408,-113.13711,25.154467,-69.44597,-64.94872
159.27301,78.20815,12.390117,-122.19439,-101.59545,43.66704,-61.17547,-63.80165
153.8173,73.18224,16.07654,-112.54154,-103.17189,46.519638,-82.67792,-43.798115
152.53217,53.726738,13.932991,-104.94818,-109.81087,23.835964,-77.283875,-65.06056
166.38214,57.043842,22.009256,-112.94618,-120.12986,33.403835,-76.296875,-78.1837
144.30025,57.34013,7.1762953,-98.52706,-104.760056,47.26202,-85.017624,-66.12239
153.58711,81.781815,23.145073,-115.87331,-98.02531,54.59811,-67.482635,-40.87281
153.4932,64.07469,21.763414,-106.42293,-108.790855,39.329903,-74.84218,-55.395523
164.57379,84.22405,25.813126,-113.51067,-115.81535,41.28754,-65.95137,-48.239014
165.26297,70.60255,14.520415,-112.488914,-120.59266,40.799644,-77.39665,-65.07293
162.0367,60.994396,10.70575,-113.89778,-114.629074,33.182327,-73.26187,-75.18948
161.28828,73.84455,14.340611,-108.52536,-118.05623,38.12631,-76.47394,-56.509148
135.9937,30.875254,27.266497,-98.31167,-90.338646,37.074757,-75.14607,-72.331406
154.23172,62.53631,49.39447,-98.27735,-108.54913,49.638706,-61.37752,-58.147278
138.59755,55.287823,29.867493,-106.57092,-83.48313,51.45818,-58.262253,-65.813225
126.6289,55.506756,30.067625,-84.820656,-88.91811,56.35156,-70.99298,-41.907597
151.19731,74.63623,30.000687,-108.54856,-100.935425,35.14619,-49.40951,-55.526165
148.72122,49.155525,17.749575,-112.78109,-95.01003,34.53319,-71.69194,-74.89278
157.50526,61.80817,45.212997,-112.19109,-101.175316,56.706326,-89.87601,-44.683044
145.20007,79.70032,21.684357,-112.078674,-89.78187,70.17226,-84.25038,-32.377476
132.36432,79.450554,14.81728,-77.70221,-106.27499,57.24657,-80.509125,-38.889565
146.02274,77.89747,40.025246,-103.80769,-94.32905,58.708492,-62.32655,-31.267609
156.85667,76.72027,19.35657,-103.77724,-115.88442,47.996838,-62.940926,-57.8537
149.91748,58.27789,58.111538,-98.703255,-96.95927,53.668736,-72.81851,-44.790844
131.45633,47.289005,26.945032,-83.31981,-97.86781,51.414684,-73.366425,-58.400665
134.14917,50.09491,26.174707,-78.13583,-105.89769,25.219658,-35.73148,-79.57484
128.74611,51.090607,32.2005,-84.960686,-91.151184,43.53671,-43.04327,-64.74176
143.86191,62.590435,24.941631,-90.557274,-108.93464,45.643253,-40.718746,-77.71569
116.54398,43.448963,20.342144,-75.360085,-86.51127,49.393154,-52.8002,-63.301044
135.66963,54.106953,42.046753,-81.58798,-99.94632,46.66122,-51.598965,-55.280582
120.83046,40.413486,40.13903,-69.76449,-90.004555,54.16917,-45.082203,-61.617958
126.82074,66.047806,38.886967,-92.72271,-77.42994,52.497272,-28.007828,-71.80161
130.47725,61.483738,26.56324,-81.537506,-98.2167,50.435925,-48.68922,-51.74277
126.914345,52.36411,36.260098,-73.403854,-97.048225,46.081154,-42.316868,-56.063484
135.00093,72.69285,35.635868,-79.47114,-102.88652,52.794468,-34.740665,-48.405968
131.03816,58.90034,41.11548,-89.021576,-86.94129,59.90099,-43.048027,-55.54303
113.473564,47.376156,44.62313,-65.60239,-81.031006,60.859486,-51.794697,-38.55317
143.98026,88.764084,40.13983,-103.28536,-91.64314,46.451168,-33.622845,-37.425423
127.28634,53.67786,45.112263,-87.49733,-80.80784,70.30663,-68.98277,-37.080135
125.020996,51.613953,42.387848,-91.76003,-73.43133,63.88087,-59.78144,-39.50806
118.61071,64.22811,33.743458,-87.30475,-72.66021,70.667625,-55.909523,-30.706354
133.03758,68.5529,42.993683,-87.11933,-91.15606,72.10355,-63.428658,-33.298813
105.46564,68.864,22.620602,-87.21189,-55.219727,79.29117,-61.22554,-24.378866
128.32576,89.94165,44.92489,-93.43638,-75.42215,56.239162,-50.947567,2.9177706
122.50102,91.315384,30.171286,-92.27069,-74.532036,66.33453,-58.192924,2.0418704
125.67418,94.70216,32.848675,-78.957016,-91.82327,60.60854,-52.483746,-5.4957
110.92001,74.479866,30.267227,-81.52279,-69.19699,64.79449,-44.01742,-14.816199
129.13269,82.81304,43.245876,-78.03605,-93.41617,53.923435,-47.088665,-17.435022
127.17311,93.538765,50.26136,-88.239174,-77.143974,78.53405,-36.740803,-4.42443
116.72725,78.892334,38.329258,-84.68862,-70.84352,70.12789,-44.617462,-11.16566
109.3595,73.28199,22.92871,-84.5869,-65.56424,56.88242,-35.169834,-23.676163
110.898605,82.42117,39.937458,-77.48869,-68.7003,47.061527,-37.843155,3.3300822
99.02651,76.66159,35.077244,-59.268787,-70.78431,68.60223,-34.54689,-6.982442
112.66987,68.337395,50.42052,-63.590683,-78.671814,59.42184,-28.708906,-20.346462
105.74025,63.788715,34.33622,-77.24476,-63.808365,62.250896,-38.122017,-22.178818
117.21135,88.26806,54.218792,-70.33509,-76.25088,70.00999,-43.275078,6.046056
125.368454,84.74078,53.014652,-84.17619,-76.59099,74.97955,-33.228275,-12.295554
94.415306,46.1438,41.847897,-57.691956,-61.84741,69.73891,-40.298317,-29.56864
122.95121,111.80787,43.975143,-90.94032,-70.180214,66.13202,-12.22481,5.938842
108.45275,92.278114,20.870325,-85.02371,-64.01665,67.97608,-47.623592,6.1352253
103.889366,89.46648,44.007256,-68.99407,-63.794655,70.25408,-52.646965,20.24446
104.18493,104.902336,13.779104,-72.42602,-73.50062,84.4829,-46.15067,-0.19048953
89.1193,79.482704,29.630375,-62.321156,-55.79631,59.100666,-40.227345,14.651439
103.20974,83.20607,41.380253,-78.56172,-53.055855,63.798634,-27.994896,8.79382
121.29922,93.91618,48.748314,-86.51906,-69.37763,63.597782,-31.769814,5.629258
91.056305,90.49758,9.709694,-53.41252,-72.77778,65.196655,-46.26641,-1.455179
120.05415,113.85105,51.76044,-74.92142,-78.19271,57.09535,-26.842724,24.859354
98.14562,95.97656,19.278187,-72.30956,-63.738907,65.2436,-11.793146,-4.3118887
94.792206,93.99734,22.033705,-73.148384,-55.931313,61.432076,-15.766832,7.060998
93.20005,69.18679,21.297312,-68.03449,-60.000614,56.17098,-30.872646,-12.919475
91.41971,63.633717,13.863967,-64.68649,-63.20529,41.72004,-26.65037,-20.287071
85.39211,94.01496,19.502388,-69.28671,-46.146725,72.95309,-20.586704,13.7516985
91.22808,79.92027,41.036736,-62.679222,-52.383907,50.23299,-25.199804,17.686352
97.2998,81.61801,41.734455,-51.94646,-71.24254,56.143566,-18.450836,2.2394269
72.40382,78.762695,26.44718,-46.29838,-49.010994,70.49104,-11.048573,5.773205
99.22481,94.02427,55.16353,-56.715504,-59.927444,56.173244,2.5067272,12.859545
85.28775,99.55903,12.794842,-62.899265,-55.70758,65.20427,-0.8891392,1.8141911
75.86048,79.71982,21.530067,-48.749107,-53.792137,59.49513,-14.264593,7.1575613
96.658226,81.40217,37.476883,-66.829384,-59.210876,57.172573,-16.427055,1.9654124
77.56006,97.63869,4.9776917,-51.157803,-58.090843,65.28796,-25.086597,13.725324
99.88024,128.9845,19.800694,-80.19594,-55.728043,62.79807,-8.32188,42.457916
88.56671,94.07045,16.835377,-73.80292,-46.09684,62.04018,-33.326862,25.650248
88.14193,96.77454,29.05705,-48.123875,-67.797714,66.37846,-28.37199,18.720911
87.8308,109.45804,15.721004,-64.95011,-56.734318,80.566505,-17.201088,17.18208
80.23871,61.12487,28.521662,-55.023308,-50.68034,58.0949,-26.042187,-5.770303
71.18286,86.60119,18.920692,-59.00861,-34.955578,76.34621,-8.8552475,5.9378214
67.88824,68.58434,22.473598,-38.763165,-51.093754,49.190548,-13.531815,6.5205746
72.55558,79.78252,25.443335,-51.689445,-43.84331,61.189693,-2.7724304,7.840042
62.204426,80.53425,5.160492,-47.35148,-40.122536,54.31454,-9.54318,11.24002
94.38253,122.37749,19.039835,-75.767624,-52.804962,51.135044,0.7177124,37.40536
70.68946,99.55471,21.981768,-46.977627,-48.33501,64.688736,-20.334414,38.13178
89.75751,108.43546,40.264885,-68.812164,-41.47161,74.87632,13.195883,21.49658
79.698746,80.75389,25.599434,-66.380806,-35.864296,60.422504,-10.797272,11.381209
85.70297,84.2218,35.156803,-65.98564,-42.275093,71.29743,-18.246895,16.875095
63.634823,82.111206,23.028454,-48.65094,-34.141426,75.618286,-17.627699,21.408482
67.75741,99.92749,27.673548,-44.53171,-43.481377,70.91517,9.359137,29.068867
74.55852,110.59698,21.286304,-38.684834,-59.60589,71.80366,10.860661,25.268938
81.91608,115.4475,6.038371,-54.35145,-61.491646,61.58566,7.681059,18.629002
45.45354,79.89681,12.7045145,-35.84047,-25.178932,60.790497,-7.880474,31.893757
61.17121,96.06152,15.127632,-45.528866,-37.767212,42.37794,10.529444,34.530186
40.501026,88.00347,4.2858863,-34.932808,-19.793913,50.461384,13.8535385,36.539124
75.47705,127.88823,7.627433,-43.80993,-60.608147,35.635605,22.03614,44.74486
35.802464,70.93258,19.672487,-26.56284,-14.295915,53.33893,6.0789394,39.278538
72.56056,136.65668,11.086575,-64.18194,-32.014908,48.466595,36.03468,52.71307
57.894436,103.33471,2.8108385,-51.09621,-26.619507,55.79758,-5.3651733,48.712574
66.76571,117.707146,15.818614,-55.174667,-34.023945,51.265938,-0.47150803,63.576218
66.643906,114.56985,26.969486,-46.830143,-39.264557,61.637413,-2.7851238,61.434776
42.74945,121.482765,-2.0103273,-33.84886,-25.911987,73.97581,11.893681,56.899002
68.10298,138.15503,19.945919,-52.071068,-39.46494,78.40514,11.163658,69.37968
68.00104,118.81505,19.730625,-50.573593,-41.27433,68.57403,1.2257233,53.773247
34.41861,98.37945,14.654461,-27.35185,-14.707403,73.20006,-2.2026443,60.03552
51.81759,126.65331,9.16791,-39.72763,-32.486496,50.172848,18.04075,72.78569
54.82016,148.26755,-0.88924587,-39.537663,-38.404564,64.998314,19.3927,80.86536
41.463276,115.637634,-0.72675085,-29.637415,-29.432133,59.075115,9.380144,61.75623
57.814358,142.80406,4.4737744,-41.486664,-39.936527,67.62258,8.52586,77.91931
52.087215,105.05356,3.7505746,-40.139824,-32.956715,60.279274,-2.1546803,46.552208
35.043724,106.05011,-1.0566508,-11.703745,-32.558853,62.838978,-0.39715958,50.76703
55.85528,121.104294,-9.39869,-40.8663,-36.610836,56.890495,9.2882595,51.074448
38.65391,90.66869,1.8123366,-30.328661,-23.708855,62.43883,0.3730526,36.17504
45.511673,97.309105,11.597453,-36.373737,-25.133497,61.58232,6.084402,47.41559
63.16051,105.38649,11.8901825,-52.410984,-33.24896,64.22646,4.122719,38.790688
39.55534,81.61035,3.1785865,-27.8305,-28.440065,67.71917,-13.727896,19.795021
44.8393,102.915016,10.888878,-33.222374,-27.565834,74.4136,12.211342,38.767235
34.387497,95.25,2.6038642,-24.53366,-23.532038,63.863697,15.434954,37.491478
48.474865,111.51934,0.7907194,-35.417206,-32.935093,61.92863,15.584959,44.717335
40.281044,101.59355,-6.01195,-20.834402,-34.362698,64.04786,-1.3198242,37.4077
27.60095,85.15941,-0.5501873,-15.358034,-23.386526,55.26035,10.458166,36.379463
30.520485,110.93044,-6.623209,-24.430637,-17.47306,64.15893,21.510117,54.854473
30.959652,111.381386,-0.50502634,-26.487595,-16.175524,54.24799,21.967789,67.51497
41.073868,106.33937,-15.104446,-34.277214,-17.360573,53.007084,13.915211,48.76683
39.978313,102.96874,-1.1397203,-33.981186,-21.334951,48.167988,10.106909,58.1429
46.621647,115.70788,-5.8875732,-27.70308,-37.27447,55.563766,-0.11926079,56.8377
37.276207,103.12614,-2.1412964,-19.075907,-31.731737,56.893944,15.958645,45.32991
33.63127,96.63729,-14.22565,-11.983622,-27.93924,51.837116,21.498446,34.446632
45.90207,111.00908,-2.975022,-36.854126,-26.951385,53.153126,24.75032,45.891644
30.251291,97.54999,-1.3455335,-23.514088,-19.488173,56.57535,2.7190323,55.161602
16.101242,82.10397,0.009114438,-9.632692,-12.887753,56.220478,11.575636,43.479534
9.233092,74.42456,-1.9445596,-7.692031,-4.7062016,46.900894,18.14304,45.306664
6.1846585,80.072235,-3.557469,-5.213287,-1.0449218,45.709618,25.914656,54.158634
19.331907,99.30432,-8.69639,-6.3580713,-15.921613,52.999943,27.480576,54.462173
11.265441,82.82398,-5.205943,-9.896929,0.10875741,50.042114,27.586637,49.433838
32.351826,106.73478,-3.3797538,-22.374546,-23.311317,54.89567,22.79977,54.06342
47.19375,133.45003,-18.477194,-26.982075,-34.46429,54.316986,11.647285,71.49101
30.807762,106.67271,-0.33983025,-25.03551,-18.32575,57.078445,7.0731735,66.355484
14.304856,83.898895,13.076662,-5.1614227,-2.7169952,57.211815,19.474619,63.75399
8.483498,79.411224,-4.472743,5.873073,3.9653687,49.986656,35.082096,53.654465
29.334785,111.162636,-7.2305536,23.28895,-16.473736,59.87351,34.10899,72.15046
13.29819,89.06608,-4.8814116,-3.1224582,11.964692,60.995934,28.42854,62.651093
18.866312,117.37204,9.982645,-0.2848894,-16.415228,68.88487,25.774567,82.45466
9.490333,105.20019,-4.5741644,-4.4022894,-6.7077208,63.1572,18.854761,70.13367
13.224363,114.07239,1.9041141,-9.674133,-8.903177,57.985153,19.539986,85.518005
21.366226,95.19462,-14.85358,14.62605,4.778957,58.01176,19.81701,66.42065
9.885477,120.54149,-8.714325,2.4564776,-4.2876625,54.786343,35.37861,93.02858
12.808688,108.87394,-4.2661715,4.751785,-11.176642,57.948696,35.63049,73.03678
27.14573,116.421646,-22.623177,-9.183085,-11.92382,54.371582,34.11679,64.10943
31.642782,105.42422,-29.084618,2.784169,12.234277,54.695347,13.702276,75.48926
29.793299,112.41949,-24.56429,-7.456938,15.157588,31.056864,30.40242,105.28682
20.2608,89.98689,-14.517427,7.5858927,12.453147,39.836517,17.735432,83.295204
22.025908,134.16805,-19.60258,-0.007420303,-10.411565,44.661938,46.787663,97.83156
27.832367,96.76292,-24.572756,11.360911,6.0762844,45.137325,34.361103,68.77891
14.630875,93.04711,-3.7081218,-10.119017,9.959388,33.142216,43.099392,77.30081
25.541939,107.5053,-12.612801,2.7979898,-22.398487,35.984055,30.105553,69.61403
6.615559,82.56976,4.905377,-2.057841,4.1553483,51.996346,39.010395,58.35869
36.653786,120.21855,-35.38472,1.3115568,-9.046097,51.041496,46.989407,61.311607
30.335623,86.087166,-22.0919,15.638121,13.705544,29.06336,44.53208,76.798584
26.449244,108.00492,-20.634136,9.752177,13.421221,48.910477,41.96846,89.417946
30.368568,105.837135,-29.089102,8.481034,-3.4864857,41.40185,43.070858,68.20094
37.526657,114.72685,-35.904274,3.4959147,9.828186,40.982716,34.87562,88.756935
30.72153,155.51045,-24.802181,6.518797,-16.582994,41.707355,37.88674,120.26301
31.196955,108.79453,-18.06544,24.451174,6.751698,41.618725,38.742355,96.53334
34.256386,110.20804,-33.605465,1.5806973,7.0264106,33.85142,55.020832,75.538216
30.623724,122.205,-28.81377,10.608916,1.2686749,31.60531,40.315197,103.35509
42.682697,102.60391,-29.26267,30.504642,5.7509675,39.43596,35.3421,82.27011
38.874798,107.96788,-31.96541,21.369364,5.2407074,29.675999,59.72041,85.07614
34.00092,116.89418,-25.843708,18.017899,12.509943,40.856815,48.98473,104.07077
36.811172,97.71899,-21.76857,21.157652,21.391096,34.168713,43.1229,97.514786
44.763966,112.728935,-32.85316,30.730875,-1.0331358,30.106588,48.221413,91.14474
31.78443,100.100266,-28.090523,14.503253,3.5306818,34.2292,53.516212,72.443436
60.377975,105.01547,-52.4474,16.982462,24.296055,31.611776,49.30876,78.466
47.521706,119.05251,-44.160923,12.512128,11.896899,16.70973,49.115906,107.74011
37.178623,93.81898,-29.248716,20.472744,11.111694,21.873316,44.334724,86.0796
41.221962,82.47575,-25.16458,30.44493,12.249818,28.51644,54.32816,70.16847
50.512375,128.34427,-47.495476,17.091106,-2.5989957,38.523212,65.377686,79.35521
45.56863,104.668526,-42.02002,8.611527,15.593276,21.459835,55.097397,84.591446
57.742966,93.90554,-42.997875,27.410847,27.233664,29.596157,36.292118,85.87703
37.01351,91.870834,-23.79541,24.517887,12.914876,16.667395,57.41518,89.100365
29.15476,100.27587,-26.767286,11.222031,0.11669986,27.575764,45.06253,77.1606
54.20332,104.07449,-39.067966,36.428947,10.948207,35.292145,40.677765,83.670006
63.48425,113.08957,-44.48601,45.460594,5.1287174,33.253185,60.403328,85.389305
47.636646,74.74289,-28.91477,35.87801,11.659384,9.507372,68.3407,67.24364
54.230988,69.03079,-29.786325,39.58283,21.230484,22.692541,68.0224,56.074593
46.47849,94.06514,-37.386906,26.90494,5.240408,31.551416,61.862602,58.72119
64.08198,66.704575,-40.703327,42.13406,26.623516,21.061087,60.64764,44.161835
43.672073,72.431,-29.30135,19.2409,26.020224,15.877935,69.33858,52.156544
63.837685,87.90051,-49.426872,34.707222,19.955315,24.861197,48.86089,64.6774
58.33738,94.75758,-46.39313,34.682575,4.2040143,8.265806,60.368282,76.77717
67.91539,83.997025,-39.581974,50.115116,23.545946,27.78093,57.14538,72.914505
78.84954,117.65734,-59.294804,38.93341,33.79369,26.50606,84.23781,100.45418
55.73374,113.19452,-44.872948,28.678034,15.285292,21.93921,69.11658,97.51935
67.00746,109.61866,-53.165344,40.300224,8.887492,16.317623,65.42015,90.10946
58.02801,90.6325,-43.83116,27.089708,26.735012,13.131906,74.28296,79.12503
75.37904,115.29636,-53.05869,51.825314,13.075149,18.509344,61.434277,102.92607
82.46514,105.93512,-49.57844,61.855736,22.682714,15.683392,66.82469,106.246346
78.16329,112.5622,-60.741333,42.803566,24.513338,17.225067,84.68506,94.25641
66.612686,109.7406,-43.345146,48.910233,11.903783,13.643274,84.39578,98.98137
57.926678,94.82616,-35.664127,34.962612,29.428814,24.579851,71.185196,93.667946
81.261925,99.21442,-59.46468,50.59459,21.361544,11.870139,71.64433,87.22966
78.89867,103.13705,-64.779884,39.86156,20.101156,10.316156,69.08469,83.92984
72.37748,92.13712,-41.667206,54.388832,24.25176,8.526192,70.671234,99.93974
77.44837,119.93436,-54.552402,52.396664,17.996075,19.629972,96.33005,101.531136
72.76718,86.26268,-48.194153,50.813927,19.765915,4.6348915,79.561874,81.63704
84.34453,94.10267,-62.89034,47.684593,28.90899,4.7395687,75.06705,88.79732
86.141235,112.434425,-65.35899,55.26364,10.262936,5.1156654,73.66637,95.84103
76.35484,81.89666,-46.003445,53.84904,28.130568,2.7641523,79.82535,88.415985
75.04207,91.05767,-51.643124,47.384983,27.65774,-2.1723769,87.88605,92.141655
58.92421,86.3977,-41.15098,35.647797,22.184004,-6.813732,82.34888,87.047455
99.31767,84.20808,-70.20258,58.21633,39.905598,-1.0805953,68.55563,86.999626
84.01823,95.97135,-48.815292,62.7001,26.27806,2.322027,96.89783,99.86951
87.40852,82.6094,-55.248787,52.918194,42.59592,3.4197786,91.40431,86.65399
94.830444,118.526634,-71.33312,54.563133,29.145147,8.322483,95.68384,106.431274
95.090744,101.46059,-69.413864,54.076458,35.889877,5.779949,78.74838,98.90516
87.535706,94.26061,-57.632656,58.33474,31.53481,-5.509218,89.1714,103.794205
97.6806,89.579926,-48.300076,76.904655,35.552845,1.5290773,104.02922,104.84383
106.16997,141.98944,-77.21973,72.892166,-3.8579893,-5.1829796,112.30119,112.145355
87.91411,92.13475,-53.036076,60.608932,34.609325,0.42594695,107.22769,93.81552
91.00687,102.96116,-55.466404,68.517136,20.945911,7.602247,103.39914,94.95064
102.486664,85.73296,-61.021084,72.6328,38.18255,-0.5499346,101.695404,91.504555
120.57467,90.11737,-74.821304,89.180626,31.532701,-13.563681,104.67471,95.91957
116.30241,111.36826,-74.350044,87.960594,17.55911,-6.6999626,113.22954,102.8781
116.166435,105.692955,-78.486084,72.5251,45.661472,-1.1895106,111.75752,106.62694
106.37911,125.004,-71.32953,79.45515,5.9014244,-10.334179,112.17894,109.84835
83.8056,107.31991,-65.89549,48.291283,19.05082,-6.7746887,110.19414,83.81026
104.27398,111.28498,-77.86266,64.98699,23.737957,0.38869452,103.36006,93.44859
93.926254,112.58207,-56.607273,73.246284,15.62236,-3.8572466,103.23251,110.30728
96.69722,120.33034,-68.34576,66.78394,15.417542,6.334255,104.45674,102.76616
99.900566,84.55767,-52.643387,74.2358,41.175594,9.7156925,118.896515,75.17939
112.8538,94.54568,-57.2506,90.35049,37.23834,14.737169,113.34621,94.0356
105.35773,100.23179,-70.063484,74.80341,23.983881,-14.594658,115.60933,97.06084
125.559525,70.53775,-67.83912,92.993454,49.91614,-4.806074,102.83821,80.02786
128.12494,108.25175,-83.724815,83.768166,48.00619,5.317026,106.31787,105.576385
114.05291,121.57,-80.50595,72.758965,33.43207,-10.937668,116.68588,122.58161
103.82845,121.08754,-68.48665,71.36152,32.29591,0.7245481,112.872086,122.76213
121.41104,93.40135,-69.77506,90.51584,40.636703,-0.7992327,106.77101,101.40239
123.0854,114.76777,-80.869316,74.33863,55.150757,-0.16277337,122.45909,120.751785
114.99701,101.555405,-56.56648,96.259094,25.748844,-6.121025,103.765625,113.25628
102.62188,127.20855,-71.013084,71.86413,17.44062,10.257341,113.294846,106.34587
130.77754,97.39097,-79.82506,90.53132,50.156506,4.5377293,102.62619,96.110016
114.83385,121.754875,-70.459755,85.4656,31.293348,-3.737198,119.503006,127.69632
132.64615,115.2281,-82.521706,95.112976,40.955708,-0.30700707,112.934265,118.84125
110.44689,116.63411,-75.63809,75.33258,26.865093,-15.596294,134.01263,108.0525
132.25945,106.602356,-87.602974,88.76932,42.732834,-1.4627173,103.99637,102.46708
122.167915,93.61758,-58.926125,99.759605,38.062172,-18.026525,121.17119,119.39928
121.27757,97.84299,-58.155254,99.631676,38.02427,-1.6875689,128.05495,113.03169
112.60661,126.5289,-82.40781,75.38839,16.103611,12.385307,129.35306,81.36429
101.427315,97.69084,-65.49773,76.52984,14.389822,5.6778164,95.054504,78.92995
119.10631,84.91761,-79.217354,82.53528,33.69383,-3.914654,101.294235,68.74226
133.54892,120.3456,-101.02363,79.27734,36.213345,-3.3123057,123.35104,90.51163
119.720505,115.55951,-78.49835,85.0949,31.96046,-17.695702,112.14079,126.90578
105.52636,121.4982,-64.62593,80.7238,20.713915,-3.9218352,114.90086,119.93179
124.04031,81.29614,-57.33689,101.22249,43.95075,0.10373664,114.99454,100.22029
124.40081,134.59012,-78.28663,96.0874,13.305543,11.9681835,122.589615,109.85916
106.80034,97.4782,-48.98384,88.31333,34.137333,5.118496,119.47185,109.20125
126.06174,107.57817,-69.54069,98.23389,37.337555,15.783768,125.8237,95.5206
126.11205,111.01013,-75.23144,97.15701,29.401506,-2.0276358,135.23442,103.89558
123.34505,105.37196,-63.234097,98.899345,37.78586,-11.249865,131.97026,123.40738
117.50106,121.00103,-72.06971,81.565865,44.276394,12.291771,129.05486,117.42927
120.32976,124.76077,-74.064285,86.63249,39.125084,11.208435,101.88106,128.87193
111.17666,113.35453,-56.979416,89.14334,34.526196,11.939327,104.85466,122.85921
112.091484,108.55068,-52.38533,94.409004,30.672985,18.864185,112.77971,110.61879
138.03441,119.526146,-61.057716,120.668175,28.665895,22.514692,130.05199,113.131294
107.33709,149.64626,-61.07975,87.68755,12.0190935,11.722946,131.3091,134.834
136.5705,103.27754,-57.363216,119.32874,33.441853,16.98999,117.187836,105.260254
127.405846,123.54554,-59.425426,109.091606,29.59071,22.291628,138.60632,117.87666
106.55163,104.67689,-58.715168,83.6612,29.82118,2.761894,131.83188,98.79781
118.30575,125.53983,-65.36351,94.28487,29.055738,23.00095,110.94963,117.139496
128.8468,93.25905,-57.091,94.25139,66.70473,26.997644,103.35896,106.0891
141.38777,121.33013,-67.9024,117.48603,39.423683,23.867922,121.25105,118.60895
135.76173,106.31204,-54.63655,117.36124,39.90833,23.946478,122.06413,111.2121
119.713196,112.69095,-71.39139,90.13741,34.665535,15.395699,128.95444,96.158035
120.571556,84.3386,-40.590294,100.37969,52.340084,15.125719,116.73587,113.30687
124.11386,118.82445,-48.657467,109.0254,33.540733,29.366325,114.21379,122.863464
144.95,82.633224,-65.62723,121.42909,43.403793,-0.63268876,119.96219,94.411514
116.349686,90.34932,-34.998455,103.415,39.886005,-4.4251385,134.37502,119.18518
124.49599,90.54971,-47.16285,109.94862,34.68553,3.1969392,136.80891,105.20065
114.3875,118.4103,-46.46057,102.25998,21.39674,26.950665,138.67133,107.38406
105.254456,79.58329,-33.75883,94.39777,31.462809,30.947908,120.82001,68.939445
129.16849,84.126396,-52.088284,114.495224,29.568401,20.112028,113.35484,72.89925
127.17901,84.83661,-43.667168,111.52997,42.337612,19.241213,135.65572,94.23698
108.982796,87.81942,-50.793304,88.46359,38.014317,14.132065,131.19916,79.06134
126.17646,111.02027,-60.213345,105.281395,34.410664,30.54225,109.24333,97.75314
106.36729,99.700806,-37.169724,92.78924,35.919426,19.849924,115.90268,114.657646
124.36338,96.23831,-31.611893,118.412926,19.864944,25.967207,111.77307,96.29947
131.71275,86.09334,-37.74535,117.94223,44.516388,33.52694,132.19533,89.40584
111.169914,97.78803,-40.49573,96.616554,37.620956,23.727468,136.0369,100.05609
116.304825,86.38323,-43.750275,103.18039,30.58494,22.903242,125.03322,80.27267
112.950485,78.93827,-41.363853,101.20005,28.229597,22.531656,111.81038,73.17645
128.53526,69.009514,-28.715855,119.635345,36.969646,21.88898,118.0609,84.423096
121.17575,65.011536,-36.062626,101.33793,55.654583,14.6718235,120.77109,92.251015
119.16926,88.734505,-41.428715,105.798904,35.553936,19.811916,125.11575,97.364456
127.79402,67.88271,-26.658867,117.80327,41.813137,20.422718,127.484375,90.07681
117.34777,83.61519,-37.31723,104.44325,38.459286,30.863798,134.88506,74.5225
106.81204,71.74608,-17.666494,92.787636,49.596375,21.161713,133.28058,95.00485
119.44062,76.918785,-27.9306,108.33612,42.00568,28.647894,112.654205,94.359825
120.303,59.5504,-18.46463,108.81312,47.76478,21.68772,134.15352,84.39072
102.67698,100.34565,-28.017838,92.67275,34.208954,39.007626,137.18463,94.149734
115.20118,87.86069,-25.272264,109.67812,24.20596,32.877937,118.217285,89.203636
111.00563,86.210495,-24.048986,101.44021,38.023212,40.085613,122.1239,91.906906
123.163506,74.97708,-36.274452,114.0009,29.215742,22.252491,124.6783,74.093735
105.285324,80.549675,-31.87571,94.12268,35.178513,20.93896,123.57498,88.40853
104.42409,83.17386,-28.013773,95.39419,31.940195,29.598122,121.7829,85.701805
125.33081,60.839054,-33.51354,111.262856,46.6764,21.478699,127.87233,67.11182
111.2486,57.476627,-7.909815,103.55534,39.697483,16.864857,130.69012,83.9075
107.35572,67.82894,-8.264329,97.941185,42.609848,32.955463,135.86823,81.25948
114.04392,56.99904,-10.055952,103.85469,46.437897,34.944607,133.26128,65.29778
113.17161,51.749397,-7.5199585,101.19666,49.92555,27.403093,139.19928,53.198162
101.49454,54.125435,-2.239424,92.34776,41.779858,19.021202,137.65028,63.13965
101.714134,72.401764,-19.19027,91.15914,40.7226,39.901657,123.24701,68.40547
111.80004,75.63574,-6.7228746,108.952194,24.072546,42.039677,106.923706,81.91635
114.96645,73.92733,-9.270871,111.8084,24.540148,45.963863,120.829926,72.88328
102.09799,78.16911,-11.924412,97.99241,26.44918,40.43117,133.19952,71.56743
98.01785,58.35787,9.358589,92.49488,31.220686,42.072124,119.85936,70.56477
108.07174,60.633923,-5.7368655,104.48911,26.57315,43.202076,109.81917,63.044174
98.02664,69.510796,-4.1962423,90.67392,36.78526,45.68713,130.66757,65.47618
106.42512,57.142673,-8.588514,98.66216,39.388554,37.90356,114.85545,67.8464
99.32524,56.75883,10.697725,92.358734,34.895782,38.683575,118.3049,77.08822
112.18603,31.841452,17.740105,104.45353,37.2235,35.417915,112.507706,62.0467
99.63686,49.33354,22.151785,80.79375,53.509655,52.290493,119.102905,47.62169
99.562874,56.04872,3.0269377,91.12583,39.5862,47.621178,110.544495,67.61711
109.65839,42.00302,18.614676,96.830826,48.35541,48.861927,112.8927,72.030396
93.56453,80.51243,3.0855918,88.90585,29.006973,55.62759,120.87024,81.24442
95.697624,65.05875,5.47077,85.8402,42.493057,48.897133,114.41835,80.87366
115.16756,69.27123,11.833457,106.58223,41.892532,58.424076,100.61398,92.90581
102.73783,55.65968,35.78786,91.7662,29.21238,49.173145,116.77545,76.80207
117.81189,46.304024,22.206753,94.373375,67.2797,62.182507,116.65433,59.8899
89.15611,68.5529,22.564959,81.29132,29.449114,43.188828,126.70285,75.98752
110.03188,50.286835,24.409138,99.0695,40.738056,48.97737,117.20717,80.75833
110.67548,55.444935,47.096897,86.19489,50.73182,66.579544,135.5959,66.62322
108.61061,71.05379,16.82181,90.86002,57.199764,71.183014,132.55144,77.23074
77.804344,85.052284,24.999022,65.8126,32.891907,49.62224,116.23595,97.05206
116.251076,76.702446,25.491903,96.29826,59.641235,74.29929,97.34102,119.257065
118.06036,78.992584,42.423687,95.977036,53.834423,72.84664,127.10585,119.60376
101.02978,97.570564,46.548855,75.16579,49.426147,76.548744,127.037094,126.37036
103.94567,100.09027,31.737349,89.65634,41.570953,79.81101,125.899475,122.36148
113.57294,86.93712,34.55239,87.32134,63.70799,86.56109,116.94673,127.08522
99.05807,82.955185,40.493126,72.48353,53.649876,59.18133,125.54675,115.25293
105.4526,85.305336,35.409443,81.89993,55.898685,83.570885,104.112595,123.05786
105.55627,70.75044,58.30625,71.641205,51.484425,82.576454,110.46695,105.07683
100.94677,76.617966,52.110325,53.459667,68.04462,94.60024,111.19957,95.066345
110.60317,60.799877,70.30292,67.06523,53.275223,87.571434,95.37401,103.50433
84.187294,91.8994,40.586445,58.60933,45.11611,94.885155,108.10654,100.16489
113.014656,45.818256,53.65092,86.48451,48.796116,81.454155,102.114944,81.60596
113.45731,80.331345,61.006542,69.24669,66.05547,92.263016,127.95505,111.33057
102.20567,75.515724,64.97392,61.118675,49.699673,77.29547,116.20709,100.33784
115.62142,67.61009,74.12961,77.38497,43.373325,95.04899,100.721344,103.4173
119.39038,61.070145,69.70181,69.90204,67.02978,108.56136,97.90875,104.65451
113.29276,81.569374,68.06415,73.40463,52.97164,94.918915,130.25165,105.450714
105.94633,77.82392,60.62981,61.7633,60.7648,90.87263,118.60254,105.41713
103.03314,64.13901,72.88602,47.767933,55.4195,91.62196,101.24872,85.03108
116.29199,37.151714,67.0986,58.365005,75.23853,93.18068,77.73686,92.666595
98.27393,87.1207,73.8988,52.48152,37.598667,101.730255,79.51195,116.03815
130.59886,53.464943,95.748245,52.10097,72.09065,108.25881,89.543045,107.77732
132.01918,60.19149,79.70143,61.98271,84.94961,106.86535,115.70242,79.68341
120.48262,91.112656,96.27602,45.97364,56.225574,89.39257,120.449844,108.00644
103.50068,72.086754,67.372154,57.855682,53.49258,103.87357,97.44501,101.16574
134.24564,49.905537,85.33085,62.15344,82.99024,114.183205,101.92172,91.314575
131.34901,57.323402,92.7451,54.98551,75.37391,105.42744,105.24574,100.163345
113.58477,74.84661,83.520905,24.310852,72.51331,111.37613,88.25845,100.260025
117.528786,68.78454,88.84826,45.667934,61.804176,127.12026,57.137257,117.651535
100.517586,89.76047,90.16921,11.192369,43.141674,125.73498,67.445435,102.72444
133.53255,51.451435,93.536804,41.108307,85.78745,135.55434,47.74824,115.17435
128.05467,87.33064,100.98465,34.037796,71.26338,119.73026,85.7054,138.8913
131.71776,68.697655,114.57698,24.897362,60.32382,118.20814,80.06799,100.89441
121.243744,64.03063,97.664215,39.44593,59.60692,111.19115,83.20628,105.15509
132.64503,77.52497,105.50082,19.46371,78.22661,139.5617,78.302765,115.12706
127.10971,48.71922,100.25919,55.35843,55.288967,109.004814,74.56381,98.62284
127.27582,86.36693,103.21089,8.716292,73.59745,130.58626,86.48294,98.641464
135.3978,28.97871,102.97266,29.04051,82.59442,126.095955,46.00203,79.35048
145.80394,67.85164,125.58322,3.1114986,74.20855,135.1378,50.20946,121.97655
135.72859,62.074837,107.521286,24.932497,79.14614,139.32329,40.444645,130.01242
135.32613,73.39962,109.15794,21.40662,77.05204,131.10432,76.059204,121.07377
128.37154,67.585594,94.48521,18.04587,85.01372,125.76588,71.539185,112.24492
133.98904,63.641697,104.26421,18.955608,81.88191,104.09604,68.269,121.740585
147.22946,76.46895,126.15718,-11.906166,74.99228,118.57505,57.715416,106.352325
140.01077,36.077175,112.92986,21.65522,79.9307,137.58553,38.35915,100.39227
157.68184,56.107597,121.24671,18.8073,98.533035,148.98656,61.883747,121.73274
133.10545,68.50228,103.70171,7.7665243,82.915405,130.44365,64.13255,111.76666
131.46298,65.32419,109.93211,12.793242,71.48279,135.91655,47.710785,120.47378
133.40634,65.99254,103.016624,11.73325,84.4023,139.07356,48.742786,124.811615
145.93198,61.6487,116.40646,2.9474027,88.383865,113.594536,54.828632,120.54111
147.81767,58.700645,122.24586,3.8606107,82.755325,121.36862,45.05412,125.17917
145.67944,57.480976,114.60216,-3.30761,90.1331,124.177605,49.736877,109.93231
163.35927,52.23983,137.53384,5.842755,87.771515,134.44164,49.918938,116.487335
155.97617,74.63955,120.74269,-12.224778,97.59861,124.49561,62.081593,107.157
164.12952,57.80409,146.43744,0.3912742,74.158516,142.72438,42.79437,113.3898
166.79572,77.0211,137.2673,-26.25851,90.97481,151.2381,48.803913,96.93579
156.63333,57.528797,121.9091,-25.06439,94.625854,161.14339,14.851465,108.4984
158.1376,49.79207,112.62087,-5.651225,111.05263,150.54353,12.177343,137.9572
159.06366,70.22998,136.95648,-27.409822,75.53421,138.58751,13.494673,133.39357
164.74696,53.15308,128.78194,-30.899118,97.662476,149.16714,14.980211,114.84041
170.46573,77.11031,142.82526,-20.01663,90.58795,153.71748,7.8399677,161.9693
184.045,35.860844,146.64662,-4.021161,110.69367,137.83965,21.827005,133.74582
174.39772,70.68637,139.17415,-32.12224,100.30337,139.89258,32.098595,129.61575
164.79172,63.784794,138.16446,-38.342793,80.68552,159.6848,10.961977,115.06578
166.40312,39.89126,139.09734,-24.839602,87.857735,161.15147,-16.3763,119.84909
168.75797,37.02111,136.12128,-13.297442,99.188866,158.69353,9.413599,116.91838
172.8744,49.6538,138.8128,-35.120216,97.034134,153.62904,5.490555,121.28598
191.55434,31.200962,156.763,-31.418951,105.51743,160.21922,-12.382555,129.9785
192.10219,55.518017,158.89066,-45.761753,97.43133,158.05348,-1.156477,129.77295
193.52002,29.266022,151.94684,-45.08178,111.21113,152.46436,-16.971102,119.581726
188.64848,60.79679,146.17297,-50.206497,108.42917,158.08052,-14.015764,156.02498
187.91687,37.596542,139.55779,-54.492596,113.56137,150.77611,-23.131119,130.74057
180.00694,40.53702,130.74489,-59.88675,108.34815,148.91455,-34.86451,134.61642
207.56264,45.554913,159.34422,-59.302757,118.776665,172.40234,-49.233807,161.64957
189.75839,65.53243,145.81837,-56.143505,107.32298,172.69633,-35.540127,164.0091
188.07246,52.787308,141.31163,-56.86972,109.852715,170.12646,-28.567062,144.42023
185.7801,49.12484,144.52359,-55.247623,103.24401,160.02217,-27.739231,140.91502
180.25052,48.04425,130.1769,-59.915085,109.72375,155.53139,-23.283459,126.55885
198.85799,46.13296,153.38684,-73.66451,102.37163,137.68016,-33.882603,118.971054
205.08109,12.459936,151.6185,-58.64137,125.05441,148.92332,-52.17126,114.75748
211.07819,45.221676,152.889,-69.41864,128.02382,151.06117,-23.932394,132.23422
197.18329,41.74027,145.81378,-65.10801,115.590256,150.24722,-32.931347,141.82448
206.68394,34.539833,148.30522,-70.903755,124.846146,156.59164,-43.920948,144.89491
202.7443,44.698994,152.11876,-61.155136,119.368614,162.09361,-38.42831,156.34308
216.63622,46.607403,159.93074,-73.38254,126.63825,159.21066,-33.763264,151.93292
220.70851,32.59218,166.10335,-69.96297,127.313354,153.8473,-46.12024,145.83943
215.424,64.06442,147.74011,-103.13362,118.737465,161.18044,-44.332134,139.6579
209.9625,49.398888,136.78166,-84.990265,134.47559,168.33089,-86.89377,172.6766
210.73325,70.81137,142.44785,-90.09877,126.45242,164.07362,-75.63811,192.58337
218.87668,45.795742,135.23495,-99.25057,141.08293,166.21492,-80.83766,169.54974
214.1384,58.681343,152.75224,-67.961395,133.25648,151.68549,-86.77573,188.92422
221.46219,51.79286,162.61209,-83.474304,125.25741,160.05078,-55.319073,169.10934
218.70815,46.802776,139.32344,-98.11204,137.00996,140.83629,-52.028515,128.69635
217.57068,11.726039,148.09036,-87.60281,133.14394,158.59636,-83.20067,134.46481
232.7257,25.768198,150.94499,-98.409325,147.61734,157.09163,-76.300705,135.40411
238.98222,31.689903,165.3295,-103.956924,137.41801,152.89876,-75.70401,129.53943
235.25836,18.553976,160.65416,-102.31378,138.58232,163.1769,-85.22365,131.62393
221.18205,41.788155,152.54999,-97.23553,127.51258,179.23087,-85.21335,157.36592
226.50497,41.788902,141.44919,-109.71892,138.44412,158.13145,-73.19281,128.35596
228.66583,35.902645,132.83147,-113.17712,147.75566,164.80052,-101.90622,159.64291
199.2293,68.866264,128.72028,-105.239655,110.19211,169.54337,-113.43526,164.884
228.5175,29.295904,142.65326,-117.00195,134.91301,166.45647,-106.893585,148.39093
208.2434,27.879204,133.50117,-98.23299,126.2402,152.73578,-110.01123,142.83229
222.32071,56.65907,131.63593,-128.18208,125.45883,149.60384,-85.61148,159.0413
248.35861,18.521946,147.8732,-123.015205,157.00249,144.76646,-109.47101,145.2653
209.8577,65.456566,109.18071,-123.246185,130.4478,158.07637,-96.950806,165.18723
223.12903,36.531666,135.01851,-103.08078,144.67032,153.93822,-121.96629,169.3883
218.89609,57.900776,128.66406,-129.44333,121.59663,153.9827,-92.83601,159.03816
227.91843,32.791004,122.70597,-132.99219,138.71402,148.59569,-116.379425,149.1532
234.72644,61.010246,117.53986,-121.82408,162.47626,175.1957,-125.78488,182.38754
247.54103,30.42306,124.11768,-131.59776,168.69994,151.14519,-119.38823,173.98499
235.06714,26.549776,129.81917,-114.34964,159.30615,135.12965,-120.47963,184.56732
217.46698,55.23586,126.89626,-123.121445,126.59481,137.87419,-100.1698,175.56633
245.35944,42.733368,124.34234,-148.92973,150.02278,126.419365,-106.67845,157.65141
245.9793,19.010277,133.52461,-134.3169,157.30554,143.55992,-138.55429,172.5871
240.6159,41.413315,119.78091,-129.17073,163.89417,155.2238,-119.366394,183.57053
218.91837,43.990234,126.030785,-117.375206,135.48947,143.35481,-112.94026,175.82938
236.37735,35.756992,118.44631,-139.97217,149.55411,129.47028,-106.00035,148.21109
243.90575,12.823471,125.345146,-135.1129,160.09775,133.77092,-126.16991,161.68378
234.20345,72.510155,98.93669,-154.01875,146.05394,157.20692,-125.67622,179.36629
249.62221,37.041363,125.210075,-134.3258,169.52997,146.76399,-149.43355,195.24217
229.60378,62.26669,107.76048,-136.54816,149.26593,149.96019,-125.395645,193.64441
242.32239,46.15312,123.985016,-149.50761,144.3817,127.79572,-126.01256,183.59592
264.76532,57.84645,106.254456,-179.66515,162.68344,137.12001,-136.52614,185.83452
266.43112,46.013573,132.58269,-161.70201,164.47778,149.50632,-180.90617,202.78091
249.4002,52.416527,128.76744,-146.0748,155.69608,151.4175,-159.24837,201.47226
256.27444,65.04626,109.88218,-176.95602,149.15463,144.64555,-125.90112,169.26974
247.5369,49.773903,91.02019,-180.41974,142.89272,136.00635,-167.0374,159.33084
259.06543,47.100956,120.29032,-173.28873,150.35338,155.60551,-198.98405,166.88971
254.81296,62.707657,87.098045,-173.12363,165.60341,147.65843,-179.27278,152.5955
254.95963,42.131165,103.404526,-163.16925,166.83499,135.42804,-183.63815,184.99915
246.16103,35.8922,102.04176,-165.72939,151.01085,129.88484,-169.99365,172.94022
262.3004,41.55437,89.04923,-171.11903,177.86398,120.24592,-150.98306,158.71529
229.32578,49.926353,90.15148,-146.45224,151.76228,113.73838,-157.63509,194.06961
248.49098,43.07624,85.38498,-178.20453,151.17343,102.74523,-141.12903,163.82889
255.75978,24.080917,95.5178,-167.09512,168.29572,118.35439,-157.56616,165.90701
250.74588,62.502,69.199066,-182.72144,157.50806,119.00173,-154.955,183.0476
246.38905,74.253365,58.92296,-182.01909,155.13185,114.63424,-181.00426,203.9664
257.4995,66.34239,70.651764,-187.95393,161.09648,111.69928,-181.28755,212.84645
269.1014,67.57079,59.53763,-191.8799,178.84845,118.769875,-188.38313,211.56671
280.50412,62.807743,86.756966,-201.05208,175.3707,104.903625,-190.29654,234.37955
245.70714,92.06655,56.396244,-193.96822,140.10562,109.20922,-200.49342,214.94836
252.16129,73.09925,50.579758,-197.56293,148.24573,101.88994,-188.10489,199.7568
260.81604,45.305214,58.426373,-190.03978,169.00795,99.16846,-190.78467,188.23833
264.15146,72.39173,64.05833,-211.80829,143.91187,88.29099,-173.84196,200.66068
243.97182,48.2992,49.906643,-182.4948,154.00719,92.94737,-193.84834,172.70743
252.23451,34.373863,61.118706,-188.8826,155.51956,88.52686,-179.04243,172.85664
262.30957,53.90037,55.954014,-206.39291,151.8475,90.28713,-169.47758,171.30562
243.83652,39.8254,65.255585,-189.36218,139.07942,92.734726,-191.61975,167.20905
269.24942,68.55153,38.999355,-214.69931,158.07555,97.34733,-178.23308,159.80603
265.55707,41.78292,42.24566,-198.75476,170.67436,73.06816,-205.58266,198.0068
246.07773,106.682945,39.08126,-200.90382,136.60683,91.566216,-204.88495,228.97885
271.38763,30.777428,45.872852,-210.7127,165.0206,73.301384,-197.22264,170.81021
257.75085,74.07597,27.063095,-207.26851,150.43661,78.80012,-194.24553,201.44194
257.81583,81.78172,47.696236,-207.05165,146.09525,75.15484,-212.37415,222.80466
255.49413,64.46899,14.116678,-199.29222,159.22488,72.84251,-194.37831,184.39503
261.68732,54.460995,36.580765,-210.2978,150.83873,63.152615,-189.26077,194.00928
251.63913,73.48809,28.730951,-214.94958,127.29777,59.130405,-200.68542,193.20206
250.93077,45.425762,22.972816,-203.45078,144.80983,64.08146,-204.97496,164.27121
253.10768,57.46738,1.3374219,-203.39102,150.57228,56.52505,-193.00453,157.88283
233.22575,71.5891,12.274489,-188.18265,137.67583,42.377575,-204.08444,200.57162
265.38934,70.40774,3.0328255,-224.45381,141.47305,44.693497,-176.14282,170.3959
249.1952,51.063686,-3.0331368,-202.79694,144.32626,39.699303,-210.37126,170.84276
239.05229,83.725746,11.4169445,-199.0161,131.98924,50.617153,-207.9575,204.95268
252.30586,36.349003,6.9316177,-200.74603,153.06865,38.677067,-195.68044,169.5523
267.7242,79.4119,-11.947675,-229.81305,136.45789,30.44816,-173.90428,173.78636
253.4211,64.15996,-20.597729,-214.80296,132.45815,26.901648,-224.60278,173.8369
262.48285,62.649822,-13.72844,-211.12035,155.49825,40.6522,-211.15126,185.66794
275.53265,60.351055,-12.100612,-229.40366,151.98576,33.467686,-204.63922,183.46642
257.6786,94.447075,-0.9865809,-220.9184,132.58937,32.501884,-225.39682,220.54889
254.91617,71.19867,10.175715,-222.26117,123.85465,38.736443,-211.05263,188.1665
265.35165,70.0928,-6.9384713,-231.31703,129.4797,44.406963,-197.47005,163.61069
238.61894,86.70064,-35.420094,-204.85857,117.07695,25.853296,-218.8486,177.22626
255.18474,73.362114,-22.253212,-222.4264,123.192,32.290848,-201.4594,168.22144
258.08575,49.588306,-25.144796,-211.21652,146.65454,24.276125,-214.1806,139.5665
269.15656,97.063126,-31.576586,-236.92285,123.418846,34.82654,-206.94176,186.82031
254.12595,103.54951,-31.74423,-216.19766,129.983,37.548256,-236.57652,203.70384
271.846,90.84878,-38.878773,-222.9846,150.3126,34.08219,-206.54771,201.76636
254.9142,144.3035,-47.58111,-225.09901,109.93673,27.777243,-205.97719,231.36145
256.1495,133.33885,-50.068794,-221.27242,119.1171,16.63858,-202.25229,233.20544
254.84222,97.8596,-43.361233,-219.68071,121.27438,18.47986,-206.14146,196.20186
260.72302,90.91789,-40.64393,-236.4975,102.15128,1.3308065,-202.36351,175.13718
237.69414,117.38399,-46.614685,-211.4683,98.06818,26.58044,-224.41747,188.83685
240.79568,96.209404,-54.218792,-206.78499,111.41579,23.493137,-191.86586,166.25467
248.02885,82.60183,-52.617867,-211.87428,117.60661,8.369978,-183.48618,165.85489
251.56473,81.78975,-53.44668,-217.18158,115.06402,6.326996,-200.38637,167.6202
232.40549,91.87662,-69.70898,-194.22562,107.34856,8.119353,-214.5043,152.21559
251.14389,95.38344,-71.99775,-215.41597,106.98748,-0.9265387,-191.44344,165.6146
244.03893,112.01785,-69.01178,-204.91232,112.938484,4.9332275,-200.92148,197.47624
250.47667,124.972244,-80.86613,-207.3612,115.39802,-4.1158304,-185.54195,210.98697
252.07538,104.92378,-69.79624,-220.88754,98.528275,-22.070568,-190.02191,186.67072
256.77423,82.38818,-78.20637,-220.01968,106.77703,-23.301052,-205.26265,166.86026
249.26141,97.98629,-77.370804,-205.91862,116.64665,-6.0033684,-206.16545,183.8306
245.81967,109.25772,-102.32959,-197.80916,104.31793,-18.060913,-191.74103,173.0816
264.34506,81.673515,-97.525314,-225.69618,96.756836,-43.33195,-194.88058,149.68297
259.28268,107.22647,-111.52278,-218.86592,82.57594,-27.135765,-217.77226,148.76675
242.22153,139.95557,-117.53417,-196.18182,80.30733,-11.261693,-216.9198,168.68378
259.58813,101.463356,-118.888794,-211.98128,90.647575,-35.256893,-194.71376,145.52766
241.60104,88.435356,-99.21067,-203.70587,83.97336,-56.536022,-194.44246,161.18951
230.44739,89.07195,-92.23433,-199.03189,70.95312,-43.32974,-175.79553,142.42178
249.19922,46.629524,-97.41516,-212.9414,85.17565,-71.05586,-174.75919,81.88599
253.76813,54.827,-106.80614,-209.1176,95.58694,-58.049034,-187.10431,107.18025
256.4665,84.43488,-119.93898,-206.19405,94.34415,-46.100666,-194.79729,132.5455
247.3739,53.472282,-95.194725,-206.2855,98.085365,-51.511738,-198.1504,128.09949
244.59818,70.18736,-110.96142,-201.14523,84.150986,-51.590588,-197.00528,121.37424
229.98914,81.18276,-90.295235,-198.08263,74.137985,-52.762295,-197.4146,145.61392
248.71005,100.769,-137.78406,-196.44421,64.95353,-55.17752,-185.07376,121.08691
234.61684,85.15576,-108.93328,-193.77509,75.20183,-51.527603,-183.6757,137.31949
241.9871,97.81392,-128.11542,-196.09848,61.36967,-57.01299,-175.35713,124.51239
252.39546,77.69019,-135.19069,-207.31319,49.672092,-85.54241,-181.4474,103.97354
238.06735,60.128777,-129.05067,-190.5594,60.959435,-80.89166,-203.03465,95.16855
244.16759,61.73836,-127.165665,-194.96895,73.65396,-79.222725,-186.9916,111.862976
251.17628,77.734886,-132.27295,-196.15845,84.23982,-68.44038,-175.5273,122.59769
259.78677,96.08977,-161.75447,-189.5234,72.60298,-86.10642,-179.85625,130.94714
221.83736,91.625595,-122.39391,-166.76437,80.13198,-62.62804,-184.2638,147.11862
256.4147,87.299774,-145.02542,-199.90262,69.36616,-84.55246,-154.9216,113.43005
238.23795,69.54001,-127.853615,-183.42186,82.389786,-84.28968,-188.6967,136.32028
228.85976,83.44798,-134.97055,-178.18388,48.55793,-84.211136,-175.62076,115.399155
239.04054,93.87677,-137.43973,-193.08719,30.848057,-78.92437,-165.36865,99.455536
234.61652,79.67316,-145.97878,-181.17552,29.91624,-78.72118,-175.95677,71.5049
235.98265,78.00811,-150.47209,-174.79568,50.154423,-78.620766,-173.60814,79.81887
242.98975,87.5846,-159.8613,-179.84294,32.92934,-90.94221,-150.12793,78.05084
224.10631,70.7373,-156.87207,-157.68039,26.717424,-102.54955,-167.50864,70.9864
224.32848,64.85862,-143.01862,-170.89037,26.403841,-92.77973,-152.46228,62.617744
227.83162,60.873333,-146.93295,-173.55908,13.918346,-98.24912,-156.72838,46.310867
248.88313,79.11671,-169.55733,-175.19824,50.317345,-93.205574,-158.61748,36.783485
222.88576,95.920296,-148.96883,-165.69135,1.8766336,-97.83902,-162.17447,82.58528
239.54031,65.51383,-173.29033,-160.013,41.675663,-108.15075,-155.72276,49.446545
236.58957,101.36876,-167.26877,-165.7159,23.396852,-101.92895,-139.52966,95.65564
229.95271,83.136185,-163.4294,-161.00438,14.994076,-111.18722,-151.70842,79.06328
246.06224,111.80815,-177.29424,-170.26378,12.4195,-96.253395,-138.07237,81.71607
222.36021,79.925354,-166.23691,-147.0489,13.671478,-110.22353,-148.67244,71.19999
234.3971,97.46602,-157.9322,-172.98595,7.3340592,-117.18845,-137.18236,87.63953
248.27115,99.26732,-183.1478,-166.97609,13.335202,-102.254364,-145.10596,66.436874
244.73047,97.09821,-191.97542,-149.91818,23.368195,-109.01296,-156.14099,72.58661
215.02223,78.497215,-159.03554,-144.65218,0.7763106,-119.72167,-156.3319,68.367676
226.49406,86.53107,-177.12834,-140.9325,1.4706415,-107.08425,-133.67206,50.971695
225.1884,65.98721,-181.33565,-133.37573,5.778685,-121.65818,-121.796646,31.999382
234.97154,83.00376,-177.27533,-154.369,0.94041425,-124.98678,-117.49783,53.527634
236.75858,89.48219,-189.30139,-142.26176,-2.075668,-117.29287,-138.50912,51.249386
245.83989,86.33221,-195.48859,-149.00299,3.587495,-124.098366,-133.87994,49.777763
223.99693,83.80633,-174.18022,-140.8712,0.75472784,-126.636475,-143.21509,70.231125
226.51784,116.044174,-184.8422,-130.83194,5.9930243,-103.35349,-120.78787,88.34082
236.8758,97.75032,-189.40349,-141.50845,14.847495,-114.09887,-110.23137,68.91727
210.90593,105.29994,-177.80194,-113.444336,-1.5585536,-115.93485,-132.79745,81.13127
221.96918,90.701866,-192.26761,-110.415276,10.231276,-111.405785,-112.87332,51.266235
216.74524,100.95737,-182.55153,-116.6353,-10.185531,-119.08013,-96.47476,66.34432
218.67842,100.97153,-179.98593,-120.26891,-30.231298,-125.51641,-107.581665,53.599453
222.95642,87.8308,-185.22073,-124.12574,4.0432916,-110.30318,-108.38576,47.158955
226.10464,85.918564,-180.20651,-136.61002,-1.3094624,-127.228775,-94.69896,52.465004
210.68222,104.23651,-183.02231,-102.92233,-17.331238,-120.97436,-114.47885,65.71266
250.3746,146.33011,-217.53174,-122.75823,-14.943246,-106.06652,-75.34262,66.70708
225.09807,111.34829,-204.40263,-93.93511,-8.278643,-122.80483,-104.871124,67.12076
236.57147,128.35814,-199.73334,-124.92663,-20.586737,-118.9917,-94.43402,74.031555
219.76031,143.46799,-197.66925,-90.41425,-32.25268,-103.46381,-96.275925,75.77782
211.17574,103.52483,-183.57805,-98.15311,-36.444195,-132.8332,-73.75578,51.383324
224.33823,109.372185,-190.3747,-114.226395,-33.259274,-126.21999,-68.68576,42.628082
213.7636,90.32125,-185.16756,-102.435974,-30.21878,-129.59581,-67.72499,32.147434
218.07938,89.50093,-199.65512,-80.13911,-35.94207,-123.857765,-72.48862,11.067649
230.12117,90.31477,-200.04465,-98.852264,-55.989483,-152.55354,-47.728382,0.74995923
238.86238,95.569626,-213.44914,-102.07909,-33.04043,-129.87706,-70.46677,0.76333356
217.66518,82.64859,-192.92738,-96.27291,-28.641739,-131.32846,-85.360016,25.192623
227.15727,110.08066,-207.34492,-79.84861,-46.57389,-119.31545,-76.46564,19.088165
230.9183,87.44858,-207.85214,-93.642204,-36.916904,-137.91153,-59.301357,3.3683321
233.26233,108.86754,-211.74918,-83.354195,-51.47967,-134.37999,-67.80257,23.759407
234.28842,114.12481,-206.22841,-96.19621,-55.6117,-141.55412,-50.06459,25.872612
241.64967,111.00536,-218.58813,-79.815735,-65.24116,-136.1463,-61.32502,7.3375473
216.0052,72.00011,-202.46475,-66.14241,-35.66183,-149.64378,-49.67967,10.350569
243.25809,118.34061,-218.46013,-88.42484,-59.6348,-148.94218,-39.058838,22.290533
223.84203,111.81074,-199.51811,-84.18992,-56.65682,-136.10852,-48.3939,27.742922
226.1859,84.072975,-206.2237,-70.007545,-60.770695,-142.32639,-61.524086,-7.0834627
230.45227,104.53596,-208.01117,-80.689445,-58.16867,-135.09267,-41.667454,5.5730877
232.4425,108.45275,-213.11815,-77.35997,-50.659714,-138.18172,-58.726227,24.726946
222.62033,101.115036,-206.756,-54.308857,-62.043293,-139.7272,-65.125336,12.833004
238.90012,127.17139,-222.85074,-49.902565,-70.35079,-129.6595,-41.07593,15.783114
228.12236,108.18647,-211.13826,-51.36528,-69.43388,-145.51631,-38.806065,16.037615
224.19913,92.38641,-207.08516,-71.63654,-47.919662,-143.11598,-36.95335,9.4455
209.60872,92.4341,-193.29175,-37.55129,-72.074265,-149.01009,-42.341473,9.233936
209.32825,71.903145,-190.25731,-53.413788,-68.906555,-141.9398,-32.700253,-19.761644
226.72505,101.27222,-205.9096,-56.260014,-76.405495,-125.76269,-26.706394,-22.087067
228.86786,88.207146,-204.46245,-64.49789,-79.50443,-144.07758,-37.04952,-22.317247
231.4244,113.42068,-211.08078,-40.552624,-86.21472,-129.05067,-47.87852,-7.970319
239.18991,98.927055,-210.68889,-56.705704,-98.35554,-146.00812,-19.479877,-32.958603
211.46527,75.863365,-192.75972,-29.007038,-82.04459,-138.16493,-38.06748,-30.28298
226.25276,110.4638,-210.22281,-32.27573,-77.23972,-132.31981,-13.843395,-0.5911586
211.27707,99.50126,-183.10977,-50.191315,-93.33983,-141.37679,-16.69411,-9.4282675
209.24342,62.369865,-189.37285,-37.3136,-80.54048,-141.1824,-18.333431,-45.81849
218.5389,108.34436,-191.11638,-21.728874,-104.2405,-126.501434,-8.103855,-17.834764
210.93616,90.754135,-186.35265,-33.77629,-92.65868,-138.41855,2.6378365,-25.284624
210.70195,91.211296,-192.14178,-14.52513,-85.44792,-122.82602,0.8987045,-28.015818
216.19681,111.649,-190.35924,-38.751854,-95.196915,-122.658,7.7536316,-19.315851
233.60971,98.55455,-211.52548,-23.136135,-96.42247,-141.39767,-5.1831436,-29.535717
230.56506,111.292404,-205.58707,-26.931225,-101.20537,-134.5879,0.9372215,-20.05057
223.60736,116.80968,-194.73294,-16.82148,-109.16683,-124.2451,-2.3785057,-16.882156
216.54907,112.119354,-192.61667,-28.332243,-94.97561,-112.113235,7.14307,-25.689493
227.00055,131.73743,-210.77162,-6.0699806,-83.4219,-106.42329,10.338696,-4.774438
234.28668,102.03186,-200.10666,2.5481584,-122.061714,-159.37497,20.243881,-29.79578
214.67941,107.5558,-186.24835,-18.816214,-105.57836,-130.69153,23.24904,-23.35536
228.18633,121.93851,-201.21696,2.0005684,-108.03634,-113.75964,32.27016,-28.164297
210.9769,103.20005,-187.10428,-5.9986444,-97.70455,-125.711105,22.121387,-19.655155
210.43349,76.11997,-182.99992,-9.249715,-103.65867,-141.39638,24.720741,-49.30951
210.38893,71.22675,-176.52502,-1.1152805,-114.74454,-129.00089,35.325825,-75.27941
223.8772,77.4871,-195.8016,16.020863,-106.95642,-127.24447,26.733803,-73.727425
205.54561,84.05355,-182.14525,9.831141,-94.77313,-129.77548,45.27102,-38.853855
224.77989,104.030045,-191.0428,10.63211,-117.94979,-120.04073,44.012966,-49.506706
227.6148,98.823074,-186.7489,31.956112,-126.63194,-120.33116,41.413364,-53.509502
211.48523,112.92586,-173.80656,17.060448,-119.19279,-106.057465,51.368755,-35.56907
216.89168,113.38982,-179.97691,1.0164211,-120.8562,-104.57372,47.353077,-50.17028
214.96512,97.19182,-180.09395,10.676157,-116.962494,-113.66984,30.612835,-49.207764
203.77684,92.83318,-176.99239,14.443341,-99.93658,-99.972176,46.84644,-59.872864
206.35892,67.82514,-172.0578,29.920269,-109.93291,-121.397865,61.245724,-76.98398
215.90392,102.22646,-168.7419,20.146431,-133.3459,-118.88816,60.395187,-53.404984
215.81763,119.07351,-183.61015,18.564375,-111.938156,-93.200745,54.809116,-43.746204
205.72372,70.22286,-172.92686,40.583424,-103.483925,-115.59016,60.972317,-68.420746
202.63329,98.64837,-160.69438,30.389153,-119.97784,-111.093704,75.42728,-47.44976
218.94633,121.63573,-175.42706,25.389631,-128.27628,-97.219925,77.084274,-51.7469
213.60068,104.71031,-171.77129,39.255478,-120.71492,-90.472534,68.062454,-61.44812
226.1399,91.82184,-177.70497,47.381733,-131.88914,-112.559586,75.45154,-73.61132
199.88496,69.80329,-162.92735,43.813473,-106.853615,-114.747665,85.7719,-79.3808
202.54198,94.19395,-154.59883,32.201332,-127.028496,-96.82954,83.78284,-73.57689
212.96773,73.0907,-178.03209,40.58795,-109.344826,-113.23918,72.23837,-96.8472
212.29048,86.129265,-166.29337,51.912815,-120.96039,-111.0325,85.38396,-64.015594
216.62698,96.95392,-171.21825,43.626293,-125.392075,-99.07763,87.62309,-77.87164
209.73198,92.05433,-169.59573,51.335537,-112.53356,-96.320366,86.955536,-69.46466
199.03078,76.42153,-148.00659,47.10807,-124.385056,-105.327415,81.86508,-71.529
206.09343,93.585526,-164.64066,47.69355,-114.5308,-90.16435,85.88484,-72.57438
207.39636,85.91747,-156.84758,61.545742,-120.38438,-94.45406,91.76799,-69.660095
193.52325,99.17441,-146.18497,55.031048,-114.500435,-79.00599,87.99544,-49.26484
225.83582,95.13576,-155.25552,63.831253,-150.65067,-96.19959,92.33084,-82.058136
211.22974,94.24967,-148.86716,76.039986,-128.94872,-78.038795,95.08063,-70.04797
190.63463,93.50969,-129.85666,57.024174,-127.18011,-75.99985,98.76375,-63.617096
198.29335,68.35386,-145.23051,66.73977,-117.39665,-89.17353,103.08635,-101.933365
185.77203,79.878426,-125.224846,75.65378,-114.382645,-67.195465,96.87819,-63.712868
209.113,97.914825,-146.63788,75.093025,-129.01253,-73.10318,111.276,-75.13705
198.19751,58.326668,-133.40137,78.07697,-123.96936,-89.26147,103.10353,-94.97919
215.96353,94.72757,-133.48277,116.6753,-123.099205,-65.85529,99.583466,-58.685783
210.54636,89.21498,-143.85841,80.40689,-131.16997,-86.32472,122.119736,-77.36195
201.8849,97.78548,-134.48883,86.613525,-122.88404,-55.43086,123.31891,-77.92442
198.65771,92.44331,-123.111435,98.08234,-121.389015,-60.84449,112.17732,-54.3079
211.3723,118.6518,-131.79716,78.33482,-145.53802,-67.95182,127.618515,-58.964985
206.4519,72.80496,-127.62951,92.849434,-132.59647,-70.860275,127.9646,-103.88782
226.03374,132.48024,-149.91629,97.26489,-138.50572,-42.647892,126.51135,-66.43286
194.32962,84.61976,-128.42253,94.38519,-111.99672,-66.29349,139.4435,-76.091156
194.2052,83.74515,-123.86297,88.071106,-120.8317,-63.783703,127.36763,-77.29401
203.8719,115.08699,-120.7558,74.81245,-145.93092,-49.033577,123.2057,-70.03476
199.35588,104.1725,-112.24483,91.58108,-136.89847,-40.952656,124.481995,-67.66452
193.8931,93.47857,-107.40133,103.858734,-123.82072,-37.605648,135.84837,-69.453156
180.20068,97.544106,-102.19047,90.34529,-118.191216,-50.598385,152.02878,-62.785378
216.06409,127.0801,-124.795074,95.36137,-148.44005,-41.955067,135.30008,-60.91795
198.23642,120.15978,-111.022575,84.44,-141.14377,-31.057253,126.16571,-61.92906
178.86876,93.01155,-107.69086,87.82289,-112.19122,-42.865948,130.85786,-61.419224
200.11763,162.43451,-117.43601,98.444954,-129.4248,-18.990019,137.42702,-5.9116297
182.86583,132.88954,-97.971436,82.03607,-130.78801,-39.80626,130.85992,-21.752007
199.9325,124.020226,-98.08296,106.45992,-137.95587,-26.466122,135.12498,-41.080643
204.17532,152.26027,-114.99129,106.04211,-131.25475,-11.527525,149.01599,-27.685305
185.0554,142.01942,-95.0649,90.62406,-130.49799,-33.888676,149.57855,-16.574419
191.50327,123.43824,-91.47081,101.55897,-134.44402,-18.386963,139.56694,-42.49566
188.8419,133.00616,-97.98182,103.3624,-123.90584,-9.2691,137.80641,-31.267832
202.81395,123.125,-100.79249,114.43653,-133.47371,-38.22158,143.14719,-31.61377
192.39624,129.75554,-91.1689,103.58306,-134.2226,-25.123198,142.90097,-29.80606
195.77043,98.59038,-84.63093,128.82137,-120.283745,-18.552305,140.97838,-47.97981
183.8461,135.9757,-69.26308,107.150444,-132.6524,-9.21216,164.42943,-25.017015
185.79306,114.454414,-74.61764,115.943436,-124.35839,1.0176332,149.57631,-45.527287
195.97958,118.71315,-90.24883,127.88169,-117.98793,2.0350263,151.40929,-46.82656
192.6501,117.74575,-86.744194,114.89838,-127.85011,-12.018145,161.22575,-49.4356
190.2743,109.46803,-84.20359,125.50307,-115.85974,-3.4042494,171.46059,-58.2476
173.31258,110.33047,-63.038315,123.608604,-104.03979,1.5801866,167.878,-26.82356
189.02249,128.67401,-87.23512,105.55373,-130.55548,-2.07313,149.6102,-44.375748
197.90923,115.97198,-65.86013,128.02997,-135.68181,8.71818,146.3659,-49.137638
174.77574,135.8547,-79.91975,109.11733,-110.84991,20.206472,161.64592,-35.197895
172.36824,136.1635,-72.84285,107.684166,-113.17891,9.242615,172.15413,-25.823357
184.77554,159.25922,-89.96454,109.24475,-118.98174,18.72488,157.60675,-13.44451
189.68658,138.26514,-66.96202,135.97412,-113.90908,17.26951,152.92415,-5.593156
188.60342,145.35667,-54.18811,124.796974,-130.57915,8.340588,177.19,-9.721198
181.91362,146.52751,-48.761787,123.07438,-124.8035,26.10004,167.45067,-6.8753767
188.40532,161.08868,-79.372955,124.97334,-116.75819,36.939358,164.18262,-12.063695
200.67511,128.77597,-68.17803,134.55635,-132.31062,1.7972581,173.22789,-31.394741
208.11115,108.24163,-62.28061,154.05406,-125.47902,3.3953035,184.61188,-44.593864
171.16805,128.94766,-51.94123,123.72582,-106.74552,7.30007,200.89432,-21.848928
185.83124,123.74975,-48.71024,127.67653,-125.767395,22.524965,174.53667,-37.240402
186.78464,115.855515,-47.775517,133.46257,-121.37781,29.580622,170.02133,-43.7961
174.74338,113.31483,-36.01515,127.00789,-114.684395,33.082714,184.05545,-45.033623
168.64015,93.39165,-29.494844,127.54179,-106.46996,34.656986,178.70155,-61.70569
174.64679,106.565704,-19.353004,130.72643,-114.46939,40.696712,180.30002,-41.98094
180.64398,129.6958,-30.812857,130.32538,-121.03776,48.869297,185.69165,-35.18233
167.80717,120.342224,-30.181297,127.14285,-105.63697,58.794155,182.60675,-46.574802
168.6068,134.38377,-33.172726,122.93229,-110.368744,50.018993,179.8243,-21.406801
150.28806,127.29591,-17.761034,106.35178,-104.30322,39.922382,178.52666,-17.1438
172.53477,130.1307,-15.518569,134.14496,-107.4543,62.817173,166.8717,-9.355968
198.9824,138.1358,-16.238356,163.00839,-112.902954,61.390064,169.33452,1.5809662
182.16064,169.99779,-29.634886,130.31577,-123.401726,64.201004,189.20241,5.581168
188.3733,117.19748,-10.380188,151.52045,-111.66096,53.439342,181.86894,-17.725569
165.55437,141.03989,-25.561085,136.50816,-89.9733,69.97546,184.34709,1.6387036
158.41086,139.21565,-22.540956,118.89521,-101.75941,43.251705,200.1285,-10.091964
169.78664,127.915985,-4.583022,130.31895,-108.36845,55.401924,178.2242,-5.7746058
159.7944,124.13803,-16.097754,118.2814,-106.16007,53.036385,173.96347,-19.058443
165.96234,114.90105,-8.702482,137.72377,-92.3461,70.26589,180.52016,-20.82306
165.22107,128.2673,-11.936873,126.99296,-105.071884,68.046135,182.47548,-21.319138
156.62854,115.78968,-2.2708693,132.49821,-83.36155,79.46247,170.34512,-9.994381
153.83514,136.22867,-2.918273,109.757454,-107.73059,68.76212,182.21309,-16.957289
138.63351,123.58398,2.3308115,109.639694,-84.76435,78.19024,170.62175,-9.214501
192.19391,140.75865,-12.211382,161.4043,-103.60757,69.28566,177.31383,10.693154
165.06741,148.92029,-4.2177925,133.44603,-96.98082,71.923035,196.26169,14.504336
168.60976,116.572136,4.3597593,128.9671,-108.261665,68.6593,178.80273,-25.458073
176.25337,156.2634,-2.6216128,150.0553,-92.50881,101.99585,181.0035,19.08218
172.89159,122.78131,22.315779,135.4019,-104.952774,69.03621,183.4435,-2.0971057
166.45345,85.044106,7.529212,139.47601,-90.40922,69.09568,189.88936,-60.357647
151.78357,89.3102,34.94227,123.420906,-81.18565,82.18874,185.69261,-37.428005
147.14703,102.318436,4.918055,126.500565,-75.217445,79.22485,184.84026,-35.32535
143.69412,105.79461,18.248596,117.896164,-80.46878,75.56591,188.61168,-26.363018
163.39369,113.88591,27.70985,131.4638,-92.89399,99.35833,166.59872,-11.505529
165.80862,91.10331,34.570892,137.4002,-85.911736,92.208336,162.74069,-19.507545
157.82585,102.90317,31.88278,130.96425,-81.81132,96.85309,177.213,-17.244474
157.29689,92.795815,48.253593,132.18521,-69.529495,99.55035,175.9098,-5.7750387
170.80399,91.37047,57.092735,143.06018,-74.23381,111.20127,177.73973,-9.478843
161.48083,100.73728,44.999123,132.36542,-81.310036,99.05642,188.25873,-17.005537
143.02644,137.20605,32.185085,111.267075,-84.0168,117.66959,176.65857,0.8042233
147.93918,143.83063,14.164544,123.01565,-80.778984,116.26506,157.06743,13.885863
142.63678,97.77781,44.69343,121.90657,-58.588867,99.19024,159.61308,13.259344
150.23335,100.45023,45.03715,127.6746,-64.698586,108.72776,154.65242,8.145269
155.33855,113.32696,35.759655,138.32227,-61.286476,121.024506,155.3639,12.252301
129.09782,135.64684,46.68673,97.98963,-70.39216,125.66221,152.30495,25.831024
135.79172,99.99656,42.161407,115.406105,-57.636513,120.48586,137.1294,-0.0027911663
149.14218,108.66232,53.01167,119.33346,-71.96072,117.35041,156.92125,7.1996546
142.97646,76.837494,67.73748,116.08543,-48.803413,107.40926,156.10313,3.3608792
162.24442,109.34985,67.08875,125.526024,-78.260765,125.83614,160.86841,6.5863276
149.65564,132.89711,45.719193,121.245346,-74.629814,139.16672,149.84229,15.365098
149.14093,96.52792,60.611034,115.183586,-73.2324,116.08409,158.47017,-6.8642683
142.26758,84.52154,59.16855,121.68997,-43.939476,121.66847,167.43289,-10.275506
152.70525,120.40044,63.75274,114.58598,-77.67828,120.861664,157.54547,19.28107
143.82793,106.84205,68.15089,112.66552,-58.194122,136.46645,148.00233,15.878514
144.30394,85.29004,73.21711,109.03377,-59.93906,125.46258,144.70723,-3.2482517
155.06934,102.217926,78.25986,120.48713,-57.861423,132.56737,156.43683,20.97023
168.59201,84.73866,86.15728,122.852325,-77.21954,119.832886,149.22868,-4.193301
136.31215,92.14874,80.130424,105.008354,-34.328194,148.97588,157.62418,-2.5682266
148.8211,85.55855,85.82351,110.679504,-49.86011,129.5821,154.82039,9.499027
165.6095,102.29683,92.57509,119.92511,-66.82229,132.65836,150.63527,22.098337
139.42743,82.5138,93.05189,101.52435,-21.559557,145.33159,149.3625,19.929165
136.01471,128.78143,70.131905,107.998856,-43.63006,152.62079,151.09636,44.562363
156.13846,99.748314,99.52783,107.5261,-53.606552,121.00584,142.25978,37.202072
136.2624,119.920746,94.9593,89.550125,-39.31557,143.45975,150.79073,51.658463
134.6679,121.482765,86.747185,95.551704,-39.48156,166.25435,139.81969,41.30555
156.13766,126.56559,105.47632,102.68264,-51.826298,152.79805,130.3718,62.29789
158.91814,93.08785,94.89978,123.300354,-31.780579,153.53374,131.02571,39.90457
152.94966,104.30696,105.3934,106.31571,-30.58756,157.53069,164.78021,38.450268
154.12466,90.89563,118.22173,94.80209,-28.732183,153.98122,138.67862,42.128372
133.09541,125.65087,104.27431,76.37702,-31.061024,169.90883,129.7318,62.134655
134.64328,96.42039,99.35765,85.211754,-31.121202,157.66371,106.60329,42.916897
148.04819,130.10188,100.74462,87.87681,-64.43019,161.79205,112.42711,47.521435
144.4594,117.58248,107.55103,89.081635,-36.563232,174.5416,126.70538,51.804676
126.05759,124.550255,98.3774,73.08084,-28.5452,177.5704,132.28333,46.945724
140.17316,84.41564,116.52305,73.119995,-27.341772,157.36305,106.17674,38.939278
146.73552,109.28325,109.653206,90.544624,-36.123924,178.08716,105.642136,47.50637
160.962,114.95135,113.46151,106.08441,-41.66564,177.87885,120.861176,52.204906
137.90305,118.265854,112.58719,68.98623,-39.67425,171.6276,124.48898,46.461533
130.92603,109.14125,102.1997,75.31342,-32.03607,167.48795,105.71382,50.431656
152.00082,110.95973,125.58274,73.10025,-45.144917,167.38966,106.84741,51.573086
160.43164,76.18809,127.825134,93.62253,-25.767967,174.56123,105.32054,32.886536
145.3085,97.2847,121.89607,70.77631,-34.649845,168.4317,122.451584,33.193832
158.72067,101.672264,136.42238,68.12212,-43.941086,173.06187,114.02222,38.58343
154.69203,71.48077,123.84457,91.25403,-17.431978,182.19995,112.77962,18.462923
146.25769,107.7558,113.523384,85.83293,-33.602226,167.67625,142.2518,40.421944
140.20097,97.212715,123.415665,62.191174,-22.983889,159.03554,130.07298,36.567467
157.37416,97.1394,133.84076,78.62576,-25.607954,177.58205,109.75238,54.931477
150.14264,114.68272,137.36032,55.430428,-25.243174,176.47566,116.37401,63.613945
144.81583,96.81845,127.63817,61.278355,-30.40972,183.07668,100.68457,39.245457
152.24857,97.41054,130.1486,76.78643,-18.080595,184.82256,103.890305,57.547264
153.53502,140.0357,145.97937,40.901665,-23.630222,197.01042,120.949646,78.50371
151.63712,89.52129,136.57387,63.264774,-18.631445,192.48454,99.03766,40.99451
139.58784,114.054054,123.07313,64.93668,-9.831242,192.01381,104.328094,72.0373
134.55046,88.5068,119.08115,61.634094,-9.873946,161.77296,102.39894,56.074505
152.71016,107.49884,144.5848,48.052433,-9.692396,174.58952,108.01889,74.48289
143.13739,112.78436,133.75638,50.40184,-7.1578183,191.23796,100.78404,75.51604
148.70529,95.46727,144.17645,36.26367,-3.032657,167.07799,100.58789,63.70671
153.0631,90.90732,145.75539,39.25759,-24.966217,173.41737,84.528564,49.112038
125.21687,111.70168,119.84211,35.299366,-6.9127345,191.97624,92.96991,55.75723
151.5413,105.241684,141.91817,48.351982,-21.90725,185.17987,93.08093,62.943268
157.7204,48.54609,150.67087,44.91199,12.028956,165.99141,86.70224,32.396248
163.41666,90.22924,158.05914,40.361893,8.993438,190.60884,100.53471,68.25527
169.49649,71.9299,166.21907,33.227776,1.4159559,185.03392,84.760895,47.26647
149.2758,93.170876,148.13486,18.334475,-0.18951069,198.8993,74.13492,55.06706
160.66663,102.88254,159.10062,21.816826,-2.58176,193.71077,79.38643,75.16778
149.38521,93.20777,147.55379,20.423939,11.059958,190.60774,64.45709,80.86229
160.68137,91.17506,159.5137,18.611044,6.0296955,185.13843,70.92319,76.31389
161.61134,79.31598,158.19998,26.952755,19.389038,194.04762,64.68747,79.164764
138.62668,111.03376,137.10254,20.669369,0.39773035,201.96617,60.228687,80.70102
156.01013,71.62168,153.94238,24.16224,7.757914,174.35509,55.6841,69.3813
171.42805,85.659775,167.72316,32.765236,-12.602379,178.03552,51.52472,70.48733
152.00615,102.201416,151.64308,9.738796,4.1376867,198.58557,68.362015,72.82973
162.73091,86.45054,162.31929,9.963403,6.1967635,201.22612,55.894344,67.64258
147.80309,74.17926,145.96207,21.82043,8.34084,198.71458,49.83993,51.77456
179.31206,78.467575,179.27917,-2.5681126,3.7956529,168.04533,61.40434,48.0858
168.64575,63.089222,168.37428,-6.3126307,6.9218044,195.36168,39.938572,39.85492
183.05371,72.88157,182.79843,8.528858,4.120714,205.50078,29.56804,70.39014
154.14299,75.46688,152.19434,15.815048,17.891434,197.69473,48.176586,68.65631
149.66463,79.566895,149.49687,0.4215898,6.717563,175.18015,54.81702,58.57454
159.15088,66.6033,158.02882,12.889905,13.629465,191.96663,36.907684,66.210785
191.80263,78.73412,191.54433,-9.772191,3.6906986,195.21335,42.212574,63.28414
147.61061,62.1994,146.57265,0.80166644,16.684772,196.55016,28.318718,42.206684
154.3175,89.50847,153.42813,-13.151825,11.077412,182.26692,30.216133,84.168564
166.2664,85.63376,165.87798,-8.836882,7.0511007,183.2294,28.666464,82.13613
167.15112,90.06118,165.53705,-19.484478,13.482143,185.60683,45.66591,72.314804
163.42047,76.5539,163.0467,-7.7038255,9.365142,190.56175,28.144058,71.16487
180.3623,92.91831,179.16133,-19.835718,-0.1750247,174.0603,38.60303,71.72286
161.55804,93.65929,160.9853,-12.187181,5.7537107,194.80821,36.089153,78.7536
157.60333,75.15193,156.78188,-3.6310468,16.023281,189.91049,34.124844,72.10298
163.53307,91.11703,158.36209,-39.86026,9.688976,183.94362,29.396828,63.479248
160.72511,61.79199,152.63531,-30.17813,39.935627,190.808,0.4560604,77.55673
176.3264,93.783,171.09401,-25.049248,34.810013,210.91045,-7.477253,118.33076
161.83015,83.127914,157.90562,-28.021408,20.913864,201.3795,-5.0798645,88.26433
159.57913,81.277306,158.38925,-18.663622,1.1250644,187.39511,-1.6598797,75.39759
177.44365,91.90246,172.96863,-36.562977,15.388619,193.32771,19.518082,85.07598
161.86047,65.991005,152.81535,-30.37427,43.523647,189.55719,13.792475,75.84181
181.62186,95.065765,179.59737,-26.633799,8.082854,176.96074,16.136692,93.22061
169.29431,66.47744,162.78986,-42.827724,18.36355,186.80833,3.500534,59.194275
171.26953,68.66039,163.05028,-44.267467,28.240984,201.54295,-0.65862083,64.159004
168.3961,62.157562,163.42303,-36.87125,15.691787,184.2116,-10.190174,67.89541
178.89749,62.663784,173.78517,-34.709694,25.085167,195.30528,-6.1464424,76.300934
178.24913,73.51871,168.60477,-49.67742,30.62265,200.61095,9.652771,60.39211
171.19725,54.023144,163.62613,-42.09994,28.442268,192.17828,-23.345692,70.3398
167.75726,65.27825,159.99913,-46.42921,19.486282,196.7311,-21.371689,67.71294
168.01488,53.146027,161.84207,-31.998251,30.966558,185.5467,-27.893656,78.25188
174.77414,58.339523,165.1067,-44.88958,35.937862,190.21983,-12.5238495,77.60687
180.86044,68.967384,172.6856,-48.10786,25.479265,180.54329,-6.3254337,79.78758
171.17609,84.17393,163.79431,-44.71316,19.39983,192.45775,-11.860363,91.51785
182.40067,49.29503,178.11113,-25.374687,30.954224,194.98079,-20.136995,77.11954
179.6086,80.92898,165.10175,-62.2304,34.406406,182.51897,6.5415916,72.94877
170.17418,63.146656,162.17574,-47.288036,22.293732,188.35466,-24.416483,75.0805
160.28412,57.68232,151.08961,-39.310074,36.750126,193.42351,-24.071241,72.866684
176.5708,65.25719,167.83354,-49.040924,23.480328,183.4984,-15.269691,76.821526
181.86603,58.60034,170.67563,-53.563114,33.161236,195.60435,-25.577858,77.78963
173.26353,78.80514,159.46898,-64.09966,22.132547,191.44989,-21.959438,80.286896
169.49927,38.3047,159.20073,-42.55308,40.046974,177.6656,-28.088305,69.82294
189.59958,58.326668,182.05727,-50.349907,17.851667,168.86702,-18.026487,65.00545
152.12988,59.019066,143.27684,-43.033703,26.52645,184.71928,-6.9990635,49.205727
164.57825,74.439575,153.03082,-58.503185,14.106574,181.64616,-6.9499073,58.835896
176.07101,42.488235,164.19777,-52.62328,36.23493,188.2792,-29.739574,61.835182
173.05202,67.83988,151.20508,-75.321106,39.24219,182.46458,-18.237873,58.20308
175.83942,63.320614,158.30362,-71.37249,27.319946,186.76881,-50.316334,79.921616
181.11046,89.95693,154.9189,-90.131165,26.084715,180.71194,-40.868916,97.233086
177.76741,76.12818,161.06674,-68.04847,32.57563,185.623,-53.329773,102.81465
167.13617,84.351944,138.51186,-79.52325,48.600765,182.50859,-32.85168,102.81702
185.33484,68.58207,164.007,-78.04312,36.95805,177.30568,-58.72974,101.71513
176.66423,69.83552,155.0961,-75.18405,39.449768,182.91342,-48.366413,97.6666
161.64545,81.35877,147.30817,-61.59955,22.98393,189.9431,-44.32464,89.85347
193.09195,71.62751,158.41667,-100.23328,46.33638,164.96765,-35.600117,77.80542
156.09372,66.18346,143.78897,-56.515457,19.54929,168.0052,-69.08203,79.80359
185.3065,79.85769,153.28719,-96.407814,39.43763,172.52528,-37.84816,91.1342
157.25298,67.45369,133.51334,-72.49727,41.53045,176.61421,-61.692707,92.57606
168.6937,81.738914,138.96399,-90.9469,29.287706,157.78093,-49.21755,96.804886
167.22739,75.85183,145.96887,-75.088646,32.052223,172.70694,-66.17433,102.571365
165.07214,60.45711,141.26031,-80.23728,28.74012,172.3535,-40.805603,62.887283
179.83064,42.356377,157.22375,-76.13701,43.806835,166.22481,-43.907753,69.96712
162.63168,89.20797,129.89594,-96.3676,18.272814,164.76762,-34.04947,71.93857
164.28348,62.323753,139.75519,-83.62935,18.233118,163.33763,-70.437,74.29945
160.74144,49.338753,131.28021,-86.85024,31.213982,162.02557,-58.110046,56.983658
173.13597,51.83869,147.16241,-87.05903,28.201963,154.20197,-53.395004,66.626625
163.04677,52.36948,130.30246,-94.73734,22.993683,150.2764,-54.748966,50.22268
173.3645,34.696003,139.76642,-93.39465,42.4496,150.71494,-68.8376,65.138695
174.3669,48.92405,140.27507,-93.981346,42.640476,151.4913,-57.650692,74.05876
176.3753,37.703613,144.35986,-91.83578,41.961964,146.32948,-70.940125,73.18713
164.3063,40.8511,133.1421,-89.55397,34.63726,149.53903,-61.586304,59.511925
163.46144,58.737232,137.15054,-88.31641,14.407098,157.80562,-65.861115,64.673645
160.12573,48.987404,121.96603,-99.99538,27.468344,151.0695,-68.173035,50.58599
164.2597,46.88283,130.03873,-95.074875,32.535046,152.97838,-80.199646,70.470726
159.49785,52.76851,125.02905,-92.247406,36.779022,161.06564,-74.44313,70.85791
173.70898,46.368767,145.3497,-92.4025,23.27756,147.27455,-73.04048,65.537224
153.4275,40.85359,121.803154,-84.35662,40.02499,150.42369,-58.51456,56.164074
150.81119,64.73455,111.78366,-97.37667,28.073658,134.24097,-58.053623,74.89249
149.28915,28.13472,113.631996,-86.50346,41.480736,126.23199,-72.55698,62.7483
152.11719,55.19656,116.32106,-96.31844,21.639685,127.97205,-69.85382,68.83848
158.98112,16.583124,127.00535,-88.84653,34.9878,131.7329,-84.08804,49.990494
142.34663,35.85474,114.567024,-80.06631,25.245474,126.84545,-74.22014,58.497425
138.78108,52.2886,104.99235,-85.63835,28.982903,131.7332,-55.119514,61.295532
149.41272,36.07852,115.00172,-88.33535,36.813675,116.81391,-59.58467,59.47933
148.42233,45.02504,106.5219,-97.04562,34.22218,123.78521,-64.28789,59.703884
136.00511,59.675194,106.920944,-83.02781,12.628609,122.90984,-76.07094,69.687256
149.7116,45.808067,123.808624,-80.28342,25.26252,135.53593,-69.759705,68.325775
143.79156,44.536896,115.107765,-84.13465,19.844477,131.77147,-53.95339,48.08444
161.45476,64.43653,116.65323,-108.46875,24.59921,133.27792,-53.213165,53.162193
151.64206,48.493717,115.27572,-90.45631,39.71888,144.98314,-84.562515,77.401886
153.91154,41.319073,122.685844,-82.716576,41.87766,136.26392,-61.33444,74.98397
129.87451,45.21632,100.59917,-78.97018,20.570246,119.24432,-60.433113,57.78602
130.92131,38.89911,104.75523,-75.42654,20.435366,116.567314,-65.63173,56.012516
143.06297,65.3151,101.3614,-99.71191,19.145748,119.31675,-56.35392,64.9032
148.02786,57.877563,118.999794,-85.278046,20.976353,132.51231,-72.763596,75.708435
133.27187,56.588425,106.03907,-76.04414,27.315477,133.4424,-65.10133,75.848595
127.981445,44.2387,106.51726,-67.957275,17.481047,111.24464,-49.06748,57.275734
129.40247,56.100357,102.39794,-78.81891,9.952535,114.18469,-39.969532,48.436905
109.20623,85.12087,88.792336,-63.230724,-5.922854,125.98871,-45.787704,68.67958
132.31119,65.85828,86.32175,-98.06075,22.591879,103.66807,-38.683704,44.18253
108.038475,61.540638,81.1984,-66.401825,26.327938,114.69042,-60.769585,77.13872
128.35522,73.904076,102.8736,-73.924995,19.67361,106.01104,-43.374573,87.11747
124.55621,60.34536,94.159584,-81.68935,5.956962,109.18761,-44.316982,51.141136
128.74005,41.383118,96.618935,-81.821495,20.901937,99.73261,-41.0596,25.843996
96.55569,76.17414,73.40913,-63.102043,5.067797,113.450874,-42.623764,66.428055
116.68869,56.502766,90.66872,-73.22325,2.5703056,71.82042,-26.818207,29.1981
128.67036,62.520496,93.945694,-85.03577,22.206146,94.55438,-22.559137,23.477097
130.78418,55.113518,96.145355,-88.66963,7.5396667,90.84344,-41.136303,34.99958
140.7935,58.438538,104.22521,-94.368935,8.705239,107.61455,-50.556038,47.035835
108.52218,52.69725,75.26094,-77.86817,8.148498,116.76217,-54.927685,30.139927
115.52056,65.025475,85.6766,-74.79771,18.000643,120.674774,-39.438847,59.80475
115.832855,59.211487,86.06993,-76.662155,12.96103,105.377945,-33.73548,48.998165
95.56934,68.813156,78.56155,-53.403538,5.390781,106.652596,-26.753975,62.578003
96.88137,59.995834,78.7917,-56.07024,2.84478,100.32202,-33.296818,54.66961
101.34224,45.617977,85.44704,-52.455883,16.985338,97.11289,-36.39351,57.878838
112.55443,50.896954,83.72984,-67.30253,32.649364,94.18949,-22.10905,52.974304
103.48913,40.336086,72.67323,-64.89661,33.794544,87.765236,-34.195004,54.8057
102.15307,55.841293,88.64968,-47.75153,14.308124,88.5814,-31.786547,68.01967
124.655525,73.6546,105.07929,-66.76159,-4.941562,98.532005,-22.243423,52.99095
104.3851,53.178944,83.39015,-61.41886,15.245211,112.80889,-23.265076,36.827854
95.75228,82.15839,80.20003,-52.49195,3.6561115,116.873375,-18.483032,68.73193
93.767,44.096485,78.97256,-47.186207,18.65483,93.04063,-19.381645,49.91839
91.93476,41.279533,77.52738,-48.237514,8.152127,79.51123,-10.124903,24.063265
87.106255,56.169388,72.700584,-47.726425,1.5663397,102.45312,-12.631187,34.7356
89.4553,53.770344,78.28399,-41.53167,14.1551695,97.289024,-11.209469,53.852722
93.147736,64.97692,79.66837,-47.59078,-4.6979394,88.628136,-1.3316975,40.692196
98.797775,58.59394,81.03109,-55.84359,8.189111,102.45908,-11.860998,40.508694
77.52419,60.293034,66.95445,-36.201214,15.23476,110.48838,-17.574198,53.133514
77.20913,66.15323,63.465862,-43.47132,10.178882,81.8382,3.631441,52.623
90.538666,56.49115,82.85707,-36.17407,3.2571216,86.79853,1.2496758,46.189884
70.54431,58.122715,65.70173,-24.561026,4.6672554,92.782646,8.368753,43.79207
93.58151,77.07302,68.94243,-62.652035,9.594255,86.52911,5.4043827,41.09529
92.05433,69.471214,66.90735,-62.88988,-4.163608,92.4753,-19.821772,44.60767
64.986534,76.072334,61.968178,-14.589189,13.0958,110.99127,-33.280575,67.84871
59.45797,68.55837,56.063885,-16.945969,10.500136,93.80078,6.3647537,62.52684
66.068146,88.53248,50.33398,-43.098804,4.018801,86.79102,7.2414417,67.00722
73.29052,85.82104,70.989174,-15.483702,9.284707,99.26394,-11.142561,90.53715
60.747944,102.58899,54.62761,-25.860231,1.7243477,99.286095,1.7343521,89.98672
61.612194,49.621063,60.67385,-10.855184,4.422159,85.26339,1.7320919,45.464
88.2808,50.559372,80.8574,-28.394003,20.680231,85.03664,11.965822,50.47139
68.237175,44.25565,67.63628,0.13496222,10.155321,81.35506,13.038061,49.85681
77.74036,50.205204,74.77726,-17.283152,10.802814,80.740005,30.552288,25.527214
79.03955,46.656322,74.258125,-16.067348,21.339691,92.091225,25.176933,34.227425
53.873116,66.912254,53.491642,6.3239655,1.0435247,101.87125,25.320362,42.60553
74.878654,57.559208,71.29782,-3.3583107,22.363363,99.7057,28.503494,61.14158
74.17926,47.165268,72.931076,-7.2814426,10.61265,93.988075,27.545954,34.634823
56.756607,71.946594,55.74697,7.6725025,8.668601,107.16116,25.380432,55.886036
67.74262,76.41376,64.93668,-17.813345,6.605615,94.96894,26.027987,62.482292
75.11865,43.96092,72.69523,-14.721076,12.770182,82.34345,20.116467,37.64209
66.67833,39.24363,65.82342,2.9623935,8.831412,86.79412,20.731953,37.409092
69.08736,55.7853,66.032875,15.62751,13.285475,97.96977,33.860504,55.292534
67.83666,42.94837,66.419525,3.271427,13.201368,90.406105,35.956863,27.421062
62.819183,68.105156,60.755165,0.5740976,14.65732,104.49412,42.765583,45.522984
53.546707,71.06379,49.2133,-14.556458,15.543975,97.02762,27.862656,47.267456
66.121574,51.54852,62.901516,1.7934955,20.320375,96.192566,18.160057,55.56327
52.52202,75.99506,51.10913,8.764671,-9.217405,89.46869,26.792341,53.90911
81.260765,35.672993,70.61001,16.223244,36.76026,98.574,31.511566,52.956734
82.870384,70.40774,77.49963,28.50147,-6.592641,88.90184,55.55857,57.17749
62.264053,75.256226,56.29678,23.292917,12.253446,106.07122,51.723835,60.961708
75.24294,57.852318,73.35711,9.4575205,13.400153,95.036575,51.875877,45.503883
84.29793,30.34412,80.60128,17.332594,17.869879,84.41079,44.550785,31.033012
56.198864,75.40267,48.64118,27.716167,5.5135813,95.66451,49.01555,61.391815
83.65639,46.685783,76.17544,23.361929,26.04341,78.797,54.175377,60.966274
81.27154,37.032555,72.997246,30.23405,18.928232,98.958595,47.435997,38.64002
71.68344,77.952736,67.324684,14.905285,19.184599,103.18785,65.962814,65.76063
81.71026,63.10733,77.34786,23.454712,11.011763,97.51676,51.270874,64.34052
76.5001,49.540546,64.35593,31.89554,26.437178,108.250114,48.993156,40.726345
85.62646,48.65841,76.907616,33.40514,16.657566,85.99239,67.02246,51.12839
70.38646,68.35214,61.63073,32.054646,12.490073,102.81501,60.951355,57.651787
94.49347,41.937187,83.14599,31.879303,32.354652,99.43437,57.285194,61.019806
74.36503,76.039024,63.207653,33.466034,21.283636,101.288,72.082,73.84905
76.238205,65.0302,55.388367,41.327644,31.630732,93.796745,66.44125,77.71837
81.22626,59.25212,55.066334,48.449512,34.80239,90.47137,68.494644,78.44527
80.528046,71.55145,69.91103,36.87953,15.298358,77.21084,68.094986,79.368225
92.00892,63.944077,81.05251,30.732317,30.71898,100.775116,69.19417,77.52217
92.28959,53.61615,67.9671,51.66022,35.33398,101.33269,69.22966,72.72826
69.52678,71.510956,38.50703,54.66525,18.878725,89.00494,89.26112,55.842224
79.21492,61.700165,60.80395,47.913963,15.752996,59.86808,93.10358,58.319344
92.61431,55.52702,65.35938,59.188366,28.361185,93.62415,89.704834,64.919266
85.08399,68.91823,68.29428,48.19519,14.815429,79.21139,95.52748,63.86827
110.598656,51.331184,94.94192,51.77095,23.35626,97.319916,90.135864,57.390163
100.03507,56.177315,66.55741,68.82804,28.645649,106.16721,95.20665,58.706676
85.66687,92.79177,68.4742,36.749477,36.18786,94.807465,118.462326,71.31284
91.97902,45.011803,68.31354,54.680695,28.473255,74.463524,90.86311,54.151176
93.173225,90.02222,68.272484,58.06089,25.246117,116.743904,95.94539,90.6525
101.48068,61.575157,73.75915,37.102623,59.001465,102.31088,86.598694,82.243576
91.04738,85.74171,67.2711,51.767258,32.81678,104.32573,66.1068,109.28766
100.38091,84.78696,60.628487,63.17329,48.892403,108.462036,79.96208,116.844925
116.781044,100.67553,82.69407,77.46666,27.55447,90.65466,106.67305,123.95557
123.19421,70.86607,94.77103,69.55977,36.77675,96.82301,116.40517,89.77448
102.500305,93.07054,63.65343,57.617912,56.04679,111.992714,117.83824,107.9997
96.54694,79.21568,66.241325,63.375053,30.20368,87.897995,107.76558,91.78154
122.58314,49.825947,84.749405,62.217384,63.260128,94.88883,110.885956,64.43785
110.80896,83.49027,75.259544,70.321106,40.864098,95.44733,131.40878,93.71331
120.904144,78.76865,77.574844,83.153755,40.81363,103.89173,120.73067,105.02832
114.57421,62.518497,74.38813,63.987804,59.47,107.22885,107.88522,88.96206
118.41585,78.820206,75.5145,74.18779,53.10804,111.73377,126.90582,99.186264
98.581184,86.9026,49.942387,53.426952,65.80217,108.04696,109.66362,98.30347
120.15329,87.59281,79.264336,67.3933,60.37106,105.665405,112.99901,130.33261
115.06873,96.31881,78.84869,69.442444,46.70862,106.14263,117.17619,126.45068
144.67313,62.877857,88.572395,83.78899,78.30588,112.32429,123.073746,120.52917
101.58801,129.7854,73.34445,59.22034,38.215965,103.83235,142.15755,132.77979
113.42233,77.35834,74.3039,61.29791,60.176235,108.74526,113.03363,106.499084
135.13702,66.68677,88.89494,81.58588,60.530132,113.10105,123.19891,106.58208
127.93315,87.774216,81.384346,76.01621,63.041817,115.108055,135.45438,117.96929
132.27888,72.49623,72.35386,83.27535,73.29053,114.00466,119.385925,119.54683
126.54205,88.11498,70.68433,84.19669,63.31103,120.07057,117.15007,128.44714
146.27713,50.18528,88.05948,86.9385,78.26125,118.76885,120.09082,99.97616
129.09062,87.35282,71.39257,79.14253,72.95078,120.528114,135.38083,118.35807
124.11411,83.95097,68.2186,70.654884,76.201546,107.40183,124.578415,127.1367
143.2145,69.14308,79.38424,91.14299,76.89707,110.55384,117.03441,132.76144
131.37805,93.77042,72.451454,77.816246,77.218704,113.81868,137.97726,136.02905
155.23334,78.63563,112.60531,78.21713,73.45184,123.39622,130.00058,131.41649
119.42978,96.45854,71.30033,76.78547,56.989468,123.823715,128.96585,119.035965
124.543434,86.17027,70.55093,86.043686,55.96436,119.99813,121.35539,117.31162
129.28215,69.316536,78.03976,80.1768,64.95299,98.55746,133.35994,103.52458
138.75148,72.6645,57.308098,93.52403,84.92009,106.385506,136.51627,117.39143
149.39383,79.04445,73.87979,68.990585,110.30393,93.71369,138.51744,141.67789
135.17432,74.82112,77.33533,73.4004,83.087776,101.70761,113.791626,140.86566
148.05267,63.498398,76.181854,91.59599,88.47892,115.764854,119.70903,128.81044
154.88506,83.61402,83.06475,82.86306,101.15458,122.82813,135.95567,152.45096
146.36484,72.27331,72.39371,76.21762,102.33289,105.07003,134.93015,128.4643
137.14114,65.85075,76.431145,81.84553,79.35845,101.340485,121.75841,125.2767
146.57454,74.16243,64.29959,87.802315,98.157135,116.89076,120.41275,138.52115
157.01637,71.32496,78.6053,87.525566,104.365204,100.13232,127.64801,159.1277
150.35754,96.20163,72.652145,102.839005,81.617134,94.709076,135.15742,170.15268
156.86638,76.78145,61.78119,87.03609,114.93114,106.38337,135.19731,155.2196
172.86357,57.454464,93.19822,90.52563,113.53636,97.363655,140.64464,142.25948
166.31902,54.747715,87.1251,90.48676,109.15413,103.41463,134.05566,137.9778
172.82722,52.096066,85.99553,88.717224,121.38507,105.030266,135.37938,133.21957
168.07532,60.50426,83.79656,89.600464,115.060974,108.58752,140.33081,135.8189
169.54909,49.75958,85.58858,90.40869,115.08974,105.47126,131.68456,134.76984
147.35846,86.49422,77.17755,78.548355,97.916664,107.07797,146.22604,143.3696
175.79147,48.386463,83.40084,85.6618,128.86403,115.86794,118.38013,143.40701
165.77475,68.88805,84.09287,80.54474,118.458626,116.882225,128.49518,155.23694
174.39969,53.11544,85.386154,92.022484,120.71354,111.46238,124.63002,154.03387
172.42752,56.38484,89.98657,77.73275,125.26039,114.88341,122.881,147.0325
175.77916,54.783665,91.64137,92.41425,117.78617,115.8158,125.20485,155.43939
154.71687,76.24672,70.29795,77.558395,114.10853,111.074715,125.42543,156.75818
182.39107,37.821953,88.37575,89.38204,132.2036,108.04105,115.01239,151.61761
167.09727,63.761765,71.479866,95.30153,116.913246,104.24363,123.70572,164.06091
181.8002,46.165462,89.74111,95.55795,125.84889,107.134895,118.482086,162.36917
194.7569,43.945988,97.022026,79.2755,149.28633,114.39612,119.47528,154.30188
176.59912,57.0,75.89215,81.44759,136.8985,113.89837,119.542465,156.29935
172.98627,54.104065,84.514694,80.1021,127.965706,105.59223,114.418335,164.15948
171.13245,54.859478,62.240738,81.2956,136.63828,111.51952,103.661606,146.80164
187.36078,55.2319,94.33038,60.965343,150.3527,100.97256,114.04135,164.00912
206.30757,34.7491,91.187874,99.513054,155.85199,114.65363,93.92372,181.33707
169.61667,84.59462,64.84956,72.35661,138.56142,114.690346,121.118286,187.17647
201.27547,23.949165,98.81846,87.51596,152.13278,106.03297,98.49893,172.20987
169.60542,70.75486,78.88551,74.907455,130.02907,115.00543,112.43758,178.1082
164.5435,72.53663,72.15155,63.54267,133.63603,114.55508,109.032715,171.00507
211.15694,23.457409,90.98949,106.60596,157.92168,101.13648,94.4626,175.55154
197.40125,67.710785,82.52688,80.77694,160.07942,120.834526,125.42648,193.38062
191.64812,66.96268,71.24598,82.083466,157.91722,112.95665,126.04274,185.99527
189.00859,61.899113,78.085335,84.50778,150.24547,123.46068,95.30345,190.39815
186.59583,62.41995,78.909065,75.94925,150.95642,126.40589,97.803314,185.07245
189.84534,54.08558,82.85893,85.78793,147.3223,114.55707,99.39157,189.51968
190.5584,63.79655,74.35195,66.44253,162.48376,115.47031,107.58905,187.68323
193.09583,58.968212,71.23893,66.17647,167.18582,99.40488,102.87508,202.96759
198.49496,40.152832,90.73768,77.38906,159.01112,99.562225,84.34204,197.42206
193.40178,49.46969,80.75055,68.65681,161.59444,107.715775,99.63016,189.58392
203.67928,43.36473,82.79275,72.27451,171.70465,112.477325,102.22095,181.78738
198.6687,61.721146,60.265934,72.29352,175.13237,114.836975,98.812485,185.3529
189.27559,69.02536,53.247173,67.93687,168.45903,105.63663,93.58493,204.95697
200.23299,47.055817,71.358376,65.90085,174.82079,99.868706,86.88139,206.13763
208.88873,33.339165,70.39394,77.97822,180.36333,92.23253,84.89229,204.78055
199.21158,67.07645,63.390263,63.118008,177.9565,89.96152,109.41983,219.15613
204.84262,47.492104,67.31614,57.501686,184.66125,87.20952,94.90399,206.85117
211.0237,29.410883,72.75519,59.32705,189.17877,88.11462,83.414734,196.93527
213.33893,63.541325,63.454548,40.769897,199.74431,101.00886,92.24512,204.99077
201.2573,60.12903,64.31855,47.647213,184.5537,99.02691,61.4188,232.13712
210.03154,51.971146,52.663937,60.549927,194.21143,100.39711,54.58037,212.89407
217.6488,55.70009,60.86627,74.87859,194.94019,103.41366,80.504,230.62903
182.66705,89.30425,54.0818,73.16027,158.7419,95.48791,86.15735,236.74063
219.77261,46.765373,58.18551,50.477654,205.94075,87.21209,84.606155,194.87231
197.93433,49.08411,63.072445,52.707546,179.96562,91.5415,74.419556,214.1874
212.73517,35.5176,58.701622,55.206253,196.95494,90.93592,62.02109,209.3494
210.75697,44.704586,48.44239,67.616425,193.55774,83.81721,74.14897,219.94955
203.00124,42.228546,66.28953,59.328846,182.63936,73.0958,89.115234,211.45045
208.33026,50.21205,72.376434,33.089497,192.42424,77.39605,79.46477,212.20175
197.44176,49.472214,42.015625,53.328312,185.55222,89.69789,56.19752,198.85565
192.2331,50.737682,51.12221,49.425842,178.70168,86.44509,54.93778,214.40323
220.4355,52.421967,35.65819,54.264816,210.66028,86.56712,56.599525,199.06984
205.85553,57.633,61.427536,48.40257,190.38136,68.67911,82.62634,235.79369
202.90454,33.70831,42.418877,49.759182,191.98618,70.29508,63.568798,204.41444
219.59622,48.67751,52.531166,34.394012,210.61577,75.15815,75.04318,223.92067
206.37163,37.151714,51.587444,38.74883,195.96979,76.82756,56.44248,216.9923
230.66534,41.37934,69.636444,43.934006,215.61618,82.14694,63.780643,249.55295
205.16823,69.56158,39.080765,42.02486,197.05989,87.33004,84.76672,222.29182
212.96948,43.18058,42.09339,33.752003,206.10938,68.80674,61.968525,224.84125
203.71933,57.62432,37.083183,35.35363,197.3029,88.01307,32.67877,224.10213
214.4114,50.294136,40.191067,30.154766,208.4991,84.7073,42.800674,227.98923
210.1892,51.537003,48.734863,35.116676,201.52269,85.32624,37.592754,237.20953
208.23364,44.986805,44.008686,35.080738,200.58647,64.55675,53.710457,235.85703
207.32658,36.439163,40.48162,37.558617,199.65605,56.90786,62.88728,220.44267
204.7938,39.0,42.59548,47.87949,194.53696,64.570244,67.061966,220.50754
205.86038,42.06617,31.445173,28.156456,201.45802,51.6944,64.617584,200.69293
197.57419,34.61575,30.846003,27.117188,193.31055,59.092766,45.26962,202.69412
222.40068,56.88585,17.476896,0.3961197,221.75743,65.35725,26.086258,205.69876
208.16704,56.78908,24.871828,18.420095,205.8287,65.32785,2.0397263,242.909
219.79141,54.0013,35.66503,29.248404,214.8543,70.80268,18.051064,254.49646
211.8617,68.02622,16.716042,7.355701,211.09265,56.206333,55.555172,237.61487
214.11916,47.218243,25.430246,15.480782,212.09897,41.546417,34.668537,251.34465
207.92441,26.315691,22.971207,23.987318,205.26595,44.958733,20.801933,219.36374
231.98926,53.040707,6.660029,1.7277585,231.84383,44.137314,31.48621,207.31595
196.49301,52.590546,12.044122,5.195348,196.06322,34.86932,9.291634,243.20195
199.94835,56.260853,7.216864,6.917617,199.70985,50.895336,6.132868,234.7497
220.11362,35.015877,11.515428,8.470231,219.64305,41.802387,25.588387,221.09206
225.21213,25.641653,18.184328,14.0987,224.05423,42.094875,23.18416,223.35222
222.60591,36.754944,7.58109,-2.1156812,222.45276,20.227537,30.722712,211.59459
216.42097,46.220356,-0.8095106,9.958384,216.18552,42.683296,21.091736,207.27162
220.64238,36.665348,2.1750176,12.859044,220.22166,37.802334,17.135391,225.95612
228.2926,21.73428,25.258234,4.5546384,226.88005,22.588655,25.00266,233.80058
211.78,66.04934,-13.628551,-9.2003765,211.11371,29.536345,36.69577,230.02763
210.4938,54.761414,-0.89324373,-6.8363953,210.42984,39.363144,5.3509407,245.58261
207.27492,49.381172,12.832956,-9.862773,206.67534,43.066975,-2.3269348,245.11742
217.43634,74.77811,-16.953463,-2.9090617,216.7627,50.003292,11.406603,246.58588
204.1348,58.85151,-1.8624674,0.16829167,204.14745,26.879023,8.711208,254.58017
205.20724,56.419327,-16.693893,-16.237406,203.84691,29.59868,5.748253,226.51141
201.92574,41.314533,-6.7886734,-17.840471,201.0038,23.677635,-1.1590805,222.33139
204.29181,58.906837,-16.413692,-4.0338507,203.61565,36.30554,-17.99384,227.47131
225.97746,32.91751,-14.160709,-11.637237,225.16603,17.486021,-1.47715,229.95813
206.11601,53.642918,-17.475212,-16.556099,204.74446,17.854847,9.578737,236.12308
221.46219,32.51538,-29.429502,-21.509636,218.49295,0.7468879,-8.901966,219.54321
200.24687,58.521896,-20.817657,-12.472818,198.70143,20.79286,-13.176922,239.45328
224.0604,32.619972,-21.75392,-18.108145,222.17459,8.873474,-9.864559,216.01505
230.65396,42.50956,-30.685598,-21.769817,227.3847,6.9313354,-7.017166,239.15112
224.46283,51.672043,-48.06379,-2.7788072,219.20065,-0.9176791,-12.88978,238.27776
203.3304,32.572994,-16.03131,-8.781587,202.44379,-8.352699,-2.97781,233.49908
212.33362,34.09179,-34.176945,-12.034518,209.3347,-4.6004953,4.5711365,202.18661
212.834,34.22444,-28.578495,-21.493406,209.64871,-12.761616,3.2248802,227.51929
217.01224,36.270683,-37.970932,-28.685968,211.64684,-4.7406626,-13.5751915,210.55069
204.35585,63.40002,-39.68957,-32.714466,197.83812,4.0834846,-16.719646,240.51907
205.73602,56.07417,-42.175594,-35.683037,198.1906,5.0682297,-30.77991,228.46095
208.20198,48.75705,-5.067334,-28.061567,206.24347,-0.8731072,-30.7973,254.69452
223.05605,48.09366,-36.56978,-35.911564,216.93411,-2.574259,-2.1669312,216.05826
197.4082,59.181923,-34.6556,-49.09081,187.93967,-15.143241,-15.603359,232.3998
185.75522,78.1185,-44.362907,-13.22448,179.86594,12.280825,-50.69539,219.48273
206.6912,80.433205,-62.609108,-51.60923,189.99757,7.9253235,-18.081001,207.65454
196.91496,53.530365,-38.832237,-41.432796,188.43376,-2.3838289,-59.204456,222.81813
196.43384,62.066498,-35.59781,-34.642403,190.1393,2.5045793,-47.5443,236.6079
185.77002,59.002117,-49.856956,-39.336693,174.28127,0.21871877,-24.363476,201.78802
188.02992,57.019733,-47.68318,-41.55589,177.13148,-4.323223,-32.173058,212.03006
180.49792,63.302845,-47.213737,-40.403072,169.53574,2.4995773,-42.959877,209.29945
207.44215,44.172955,-47.637157,-45.977978,196.3547,-11.077591,-21.888866,193.84474
200.20302,41.68333,-59.767353,-53.010918,183.4848,-24.616228,-41.36591,202.86162
213.07335,55.3647,-62.035828,-48.461834,197.82988,-13.034904,-56.2838,222.3537
205.50304,78.31507,-63.17816,-48.722443,189.38226,0.9915197,-52.09336,234.67966
188.9398,73.07873,-53.665665,-42.63713,175.8293,0.11394286,-50.831097,224.68723
175.80173,47.731018,-45.077347,-31.303894,166.80263,-27.531624,-34.478527,211.53546
191.02945,49.012753,-60.033806,-56.22032,172.2668,-28.285425,-22.40794,188.37137
197.00381,23.10844,-58.35705,-37.533016,184.51962,-36.278244,-42.73628,189.59131
181.47244,34.00735,-52.69312,-49.02935,166.36954,-25.23437,-37.687023,182.0841
198.26813,39.325565,-56.691383,-59.223145,180.38672,-34.737206,-41.46811,152.9542
182.78197,70.92249,-85.75098,-38.896084,156.2648,-26.778414,-56.98763,191.26785
195.14482,48.636406,-63.22406,-43.606945,179.51202,-22.08132,-55.209766,202.99388
188.73328,42.953465,-68.78615,-54.373528,167.2337,-32.59879,-39.300747,185.05719
182.29509,54.34381,-73.493675,-63.457264,154.52982,-35.313137,-42.866047,187.69049
179.6921,59.052944,-71.91506,-55.426643,154.82193,-31.477377,-55.416714,197.36307
172.99495,38.710464,-59.428616,-64.20378,149.27335,-40.924694,-50.545692,181.1962
191.36092,23.563744,-63.365234,-69.17313,167.04749,-47.694096,-50.957577,169.35165
191.45822,43.17696,-70.526955,-65.20253,165.66481,-35.965897,-54.36898,188.7482
189.35565,55.27262,-72.48744,-52.68236,166.96237,-26.016977,-59.06405,196.99057
179.90344,69.01087,-69.294365,-75.39241,148.20393,-18.996105,-48.91056,187.58827
179.36852,84.67622,-90.3915,-67.330795,139.51219,-16.765295,-74.01967,181.0283
179.0761,62.092674,-76.33159,-69.94224,146.0484,-30.23356,-73.60565,186.857
177.96857,72.33646,-85.04004,-57.339706,145.4528,-23.054415,-72.542206,179.42255
181.27759,16.507574,-69.19799,-58.751225,156.93965,-60.42361,-51.28728,168.84378
186.5933,50.41391,-85.8402,-72.15065,149.4162,-49.212337,-39.567608,159.2463
176.71463,29.275629,-83.245514,-52.20245,146.96776,-59.924076,-58.489628,164.44995
177.02419,41.043423,-81.9236,-72.641014,139.02643,-49.11785,-51.450954,151.01259
177.32474,35.937447,-74.15084,-63.866135,148.3414,-40.696323,-63.348286,161.00461
171.7813,59.708145,-94.64315,-62.66453,128.6699,-46.41495,-52.587276,162.98549
173.6075,53.666214,-94.84943,-60.794167,132.42244,-50.10239,-56.98965,160.92688
163.86351,46.163433,-87.084625,-62.53061,124.01429,-60.22656,-56.83517,161.41739
179.76234,42.491913,-87.52437,-78.434715,136.26859,-55.39362,-53.2292,148.15324
169.84993,46.0923,-79.03794,-71.96907,132.47295,-51.31448,-63.394154,167.6117
181.06093,34.464657,-87.85477,-73.856766,140.34703,-55.478733,-70.54428,150.68362
163.47955,53.374268,-87.84975,-72.67359,117.13369,-54.355404,-65.938034,158.29587
155.5002,42.26479,-78.594124,-53.868595,123.09221,-51.050507,-67.52583,152.04352
169.90701,64.39732,-93.89576,-76.68104,119.20678,-47.945065,-36.760086,140.47769
164.00691,63.657284,-91.64839,-84.07537,107.46596,-46.309788,-61.61513,145.62671
154.10918,39.574493,-81.54494,-76.57773,105.673035,-50.59599,-92.29816,125.43791
175.10251,68.62079,-103.21692,-82.66928,115.36555,-35.650837,-75.41043,125.11165
158.47678,49.852283,-92.89065,-62.61602,111.969894,-60.318356,-85.58301,141.57681
166.84818,42.603,-84.26665,-76.21202,122.37274,-52.640297,-68.31526,148.62515
173.8248,47.13428,-94.78975,-76.23395,124.06048,-57.80577,-50.5692,137.72446
139.68765,79.5444,-96.221954,-58.429775,83.23745,-59.707867,-68.07759,152.95483
159.38559,68.55108,-108.99388,-71.10649,91.705864,-50.747147,-60.15076,126.103806
154.3383,42.293663,-104.5966,-63.770107,94.36634,-73.50439,-53.806454,121.250336
148.02599,50.764507,-90.63223,-78.46052,87.1545,-70.06838,-56.652607,127.87848
163.60634,54.966785,-103.38486,-90.19562,88.94201,-70.89706,-58.50761,120.03847
156.23381,53.0837,-100.08945,-72.06361,96.279106,-56.566166,-77.12146,126.46164
166.48032,43.67565,-93.55214,-82.90717,110.23782,-55.31312,-78.15634,130.80457
161.52498,72.74484,-111.96233,-80.567,84.467415,-67.337326,-67.31114,139.94586
155.26471,55.533527,-102.62159,-72.935814,91.10017,-63.81964,-74.25139,130.8857
159.96584,71.66088,-101.68416,-97.52273,76.44145,-57.48937,-66.053604,123.05852
134.98409,43.861565,-81.720825,-64.67111,85.94903,-60.296764,-87.51541,117.20633
153.28206,43.46555,-89.349174,-80.37058,95.42684,-58.145126,-56.44082,112.52153
154.85388,51.511074,-94.33147,-89.39216,84.49738,-63.685493,-54.04504,105.12242
142.36403,58.95464,-101.21575,-69.87083,71.842674,-50.76456,-83.70355,100.25569
151.76886,50.870087,-95.61604,-83.781906,82.56871,-47.040073,-69.70268,89.13664
133.39041,67.91355,-93.78164,-74.01804,59.424335,-47.707027,-67.02931,107.69258
143.4665,67.75242,-95.89956,-93.60029,51.381195,-53.86085,-73.02898,99.8839
130.0619,45.644173,-91.71996,-70.29087,60.093178,-56.303387,-81.67998,86.874
152.11842,70.58871,-99.1587,-99.83203,58.144157,-57.445915,-53.97795,92.38081
141.15999,40.37403,-98.10722,-76.358215,67.169975,-67.761894,-86.657455,91.60318
150.7826,75.08329,-108.685074,-84.35562,62.40219,-51.85424,-63.911846,106.941284
120.2103,47.270664,-89.3504,-61.12432,52.493042,-61.661957,-83.216736,83.07726
148.44786,60.582718,-112.31716,-65.84325,71.44393,-52.990112,-57.758934,79.21854
149.63477,63.506027,-112.22687,-83.31117,54.233715,-62.917538,-55.126526,83.450325
147.64511,59.245255,-91.23138,-98.14761,61.687332,-61.34432,-65.15459,100.875175
161.88982,58.20277,-103.48997,-102.23591,71.44267,-52.359318,-83.27411,91.25116
140.66943,78.673874,-91.02562,-97.33216,45.2273,-53.158863,-95.45029,114.39406
127.373955,95.75653,-94.32408,-77.684845,35.738506,-51.65573,-89.49242,121.21983
140.26047,77.16095,-93.89422,-89.04263,54.117046,-40.61229,-53.824436,97.423904
131.20999,78.34938,-94.325424,-83.039085,37.659115,-47.03246,-55.29678,94.24597
138.02287,78.48726,-105.696526,-81.44954,35.24872,-44.320366,-68.552795,81.746086
135.89265,72.32781,-103.26823,-86.54953,17.657095,-47.116512,-80.09169,62.54608
135.27103,77.0,-106.11284,-78.485855,30.22316,-38.950268,-90.439804,66.468925
140.73245,86.53937,-99.26998,-97.81609,20.134382,-51.093464,-77.68489,88.68091
137.89352,79.93787,-100.24226,-90.75549,26.806818,-49.24857,-76.905365,87.45094
140.24019,70.963455,-93.66571,-101.617935,24.21728,-55.348507,-76.25171,78.3134
145.84602,76.38921,-97.79661,-103.982925,29.882526,-44.206852,-82.27498,79.64401
135.19176,69.80016,-100.55529,-77.374146,46.751186,-48.71023,-90.31651,91.58092
121.55066,91.14583,-88.709526,-83.09016,2.6095967,-43.5357,-60.8773,79.0659
142.98296,69.10861,-110.16501,-90.17103,11.690287,-60.12904,-64.20024,52.484955
134.38797,71.510925,-101.16291,-87.26282,13.706327,-44.057705,-78.71039,55.713566
113.77973,39.93745,-84.88015,-75.70165,2.2425866,-59.85075,-78.72609,32.75119
121.837234,57.333046,-94.55473,-76.36293,10.11673,-44.402786,-69.42868,36.557987
129.54657,76.264755,-92.4376,-90.134705,-8.74358,-38.72733,-52.835163,30.12956
127.25982,24.625,-94.23477,-83.89009,15.960632,-73.646355,-75.09802,26.333267
114.38374,62.121353,-77.68032,-83.14001,-13.057931,-55.85101,-63.87445,42.460907
130.41191,60.114994,-88.08174,-95.63667,-10.540868,-43.33702,-69.91461,20.460474
128.69933,73.60706,-98.88854,-78.58115,-25.232685,-39.851982,-94.298294,16.225891
123.5812,65.96791,-86.21853,-88.345184,-0.6657829,-31.067781,-71.27669,30.63338
123.88906,46.564472,-91.494316,-83.577446,-2.491709,-49.01962,-82.74698,16.92211
122.61857,58.439907,-87.77295,-85.37374,4.577364,-35.07239,-74.87961,27.564083
117.322205,46.144474,-80.51055,-84.41858,11.610811,-38.221165,-80.13612,30.395103
104.77841,59.461155,-73.09982,-74.707565,-9.066814,-38.046673,-76.13249,38.724987
124.249306,69.228,-85.35911,-90.12874,-6.5512333,-35.47024,-61.78731,32.067497
111.88031,57.648857,-81.73241,-74.7124,-17.291233,-41.35055,-78.108,24.010971
114.5363,62.79558,-73.02783,-84.13209,-27.499504,-40.829136,-66.504196,24.34796
122.01294,46.128117,-78.537094,-92.14252,-16.112616,-42.10808,-75.707306,6.574995
128.91574,71.58886,-92.74696,-87.55995,-19.245468,-27.486498,-82.5589,10.221741
112.28808,63.735325,-79.66574,-77.71905,-15.911936,-33.308285,-85.71803,27.139503
128.75034,63.39319,-78.29773,-101.462234,-12.030922,-37.200302,-64.471115,18.630903
125.62131,77.36178,-80.83251,-86.17445,-42.541283,-42.383617,-90.155396,23.504808
136.00566,77.98327,-97.5816,-92.77775,-17.795437,-29.226866,-82.32239,17.697294
117.43615,90.84277,-57.491844,-86.97168,-53.50664,-32.331482,-80.11716,32.834793
123.91909,56.25198,-68.40945,-92.33996,-45.971577,-36.616955,-68.91368,-5.6418066
123.236565,77.50466,-69.971695,-82.51588,-59.22707,-25.325855,-59.661335,-0.43940997
129.19125,40.280315,-81.05627,-85.384186,-53.263863,-61.030544,-53.299435,-39.456753
112.471176,25.225235,-69.82591,-82.44368,-30.580801,-53.68188,-66.17494,-40.54653
120.644684,56.68457,-71.65899,-88.22205,-41.448765,-39.252598,-46.846165,-19.001808
118.51378,50.648453,-66.8279,-76.48367,-61.057163,-37.691628,-70.623245,-19.648468
117.71072,55.95813,-65.26987,-86.25592,-46.255554,-25.542465,-65.10358,-13.456319
112.4784,56.90178,-44.584568,-96.242836,-38.250656,-25.879301,-62.36068,4.306984
124.676834,47.78075,-61.786427,-89.25136,-60.573994,-36.736492,-72.40297,-23.75193
115.58445,87.04597,-73.92753,-73.64389,-50.22982,-7.9292517,-59.586277,5.1789217
130.49048,84.74705,-53.891193,-99.662476,-64.62906,-35.58272,-42.524723,-4.793463
134.23044,80.549675,-73.335915,-92.261894,-64.15884,-21.277813,-71.84581,-6.140601
123.24189,99.745926,-76.63628,-72.85438,-63.09788,-17.133036,-70.21301,17.083324
131.56367,59.793396,-70.0313,-85.17947,-72.22073,-44.41048,-66.765945,-20.702604
111.830505,49.50568,-58.19318,-68.122154,-67.44296,-26.88618,-62.264282,-28.668314
112.38577,71.12313,-56.805336,-76.971466,-58.5801,-13.309711,-35.367695,-21.412615
124.202705,58.482903,-57.86307,-78.59488,-76.674545,-32.257145,-45.301197,-35.945187
108.582054,30.050999,-26.13664,-74.88253,-74.31749,-24.57151,-51.022114,-55.899868
121.29226,66.19668,-40.8464,-78.27954,-82.57425,-7.766841,-35.529873,-44.766834
126.31137,68.74636,-52.83526,-75.76738,-85.60429,-6.960781,-32.910915,-58.319878
121.13964,53.682514,-49.229824,-79.47727,-77.05956,-14.469456,-44.885456,-54.788376
117.119865,48.48969,-40.28081,-83.81622,-70.724976,-13.650501,-52.01304,-45.9625
110.17855,37.16601,-35.69878,-84.54543,-61.298622,-9.926888,-63.109573,-44.821205
142.6668,93.18295,-44.729584,-98.421005,-92.62509,4.9109974,-66.53511,-21.465164
136.10014,103.877335,-37.606426,-91.069016,-93.63806,11.884966,-75.71399,-4.380809
114.98043,86.72514,-43.5087,-76.3241,-74.21987,8.562874,-68.96594,-5.452962
140.37206,102.25611,-48.32294,-102.21262,-83.35467,1.5561082,-50.36201,-10.709433
134.44632,74.0591,-29.255138,-90.16834,-95.722694,-5.6664004,-74.25249,-27.150064
119.6359,76.77402,-42.360054,-75.25686,-82.53687,6.452297,-71.99988,-23.368269
128.60988,88.218475,-33.953438,-81.613594,-93.396355,3.3644688,-57.05495,-17.512932
118.238106,80.848625,-41.813347,-61.908253,-91.475075,6.1666603,-53.53954,-26.777554
128.48541,96.147026,-14.215694,-82.44754,-97.5727,16.767311,-41.18522,-16.541777
133.16156,72.432724,-45.75511,-80.035416,-95.9622,6.212187,-54.47838,-52.32939
118.28884,60.085358,-34.456226,-79.05328,-80.89952,6.2778435,-62.450092,-40.497513
158.95676,137.12404,-46.020096,-72.935234,-133.4121,21.049902,-47.72917,-16.405201
135.87494,78.72261,-33.905464,-95.42256,-91.11609,14.30846,-46.039772,-53.005596
140.6245,103.39729,-26.105335,-83.06415,-110.32173,29.1298,-61.7579,-25.605371
113.81235,87.50143,-26.190062,-61.23932,-92.6552,17.4915,-53.050865,-17.089518
129.39088,101.624306,-25.912542,-70.99513,-104.9987,29.33239,-49.910873,-22.290285
133.70584,96.44817,-28.426388,-72.28309,-109.14038,35.64651,-43.655926,-42.35386
128.08005,97.39867,-33.42497,-76.12374,-97.29048,39.116577,-57.654133,-35.00967
132.01515,68.436104,-11.754076,-72.07122,-110.19843,1.2967565,-42.69758,-49.399822
125.81534,59.384342,-20.604961,-67.09426,-104.503784,14.777767,-52.76318,-58.842793
114.17202,57.855423,3.234808,-63.764137,-94.73222,37.804104,-43.757618,-52.775726
151.51898,91.307175,-28.92973,-78.57829,-125.91648,21.090307,-33.16272,-64.971016
145.99315,73.18128,-15.991598,-77.22184,-122.891464,30.512808,-47.89796,-74.73772
125.19585,80.68767,-24.088943,-67.457245,-103.026924,36.493702,-46.62866,-53.547806
156.7171,88.79893,7.1289663,-66.91057,-141.4053,19.815264,-42.826412,-57.039253
146.67651,96.625565,-12.1224,-78.96057,-123.08785,47.54465,-36.66952,-59.33111
138.76959,97.80849,-13.241388,-52.118484,-127.97969,36.73548,-40.194813,-44.49046
126.743835,87.3055,-7.9408317,-72.37714,-104.122795,28.444191,-13.431881,-51.116592
149.93416,78.51433,-5.734095,-65.28851,-134.93039,10.243883,-23.07188,-70.73433
152.56557,93.65495,-4.0515757,-69.61311,-135.40817,39.240536,-20.003613,-68.77067
149.38959,68.78408,16.334093,-66.3007,-133.16469,38.940037,-33.154034,-77.13179
153.23837,78.83686,-0.8159798,-59.747326,-141.1832,44.47324,-13.412441,-96.84393
149.21294,84.043144,8.664361,-69.83344,-131.69418,37.680534,-16.017029,-73.910034
148.84639,76.82773,15.182448,-69.70801,-130.34393,60.30775,-20.374756,-94.21358
162.33992,89.05335,5.501676,-82.20463,-139.86752,43.871975,-17.968859,-91.32219
129.25967,62.121353,6.082029,-43.027065,-121.87472,49.83083,-40.08381,-78.06224
160.8293,113.96847,10.765904,-66.43209,-146.35696,41.575542,-14.784412,-49.0471
146.09521,93.13968,-2.4079938,-50.030132,-137.16562,58.462826,-23.105371,-72.18532
145.16284,93.24832,13.360258,-68.883064,-126.90477,48.642796,-19.073305,-56.573883
156.27,98.13161,19.647066,-73.976265,-136.29115,54.8084,-30.503677,-55.5175
129.0419,43.20373,24.497135,-48.326942,-117.2486,52.323154,-31.626892,-88.49631
147.25319,81.25,25.714085,-49.356556,-136.44484,55.5751,-6.779396,-73.644806
158.95282,96.73837,4.1351027,-64.50664,-145.09705,64.41758,-11.704819,-91.258194
163.81793,95.93227,30.278818,-59.06733,-149.71075,65.48263,-25.841196,-66.82045
163.89116,106.94421,6.6201615,-55.18394,-154.199,70.39697,-30.717964,-71.9343
159.99454,81.97561,11.1298,-61.07444,-147.6182,43.194508,-21.298912,-83.57993
162.28389,78.31028,25.187222,-56.347706,-150.2609,45.471348,-22.079863,-82.78353
162.31007,91.7023,10.214226,-62.62989,-149.25597,57.345905,-21.124449,-83.01744
139.31439,87.33493,6.729281,-58.338005,-126.55114,67.41132,-12.865694,-83.17648
152.82281,96.83693,8.251709,-40.0864,-147.24168,57.717403,-13.962593,-67.934616
153.94966,85.62272,30.285118,-40.315285,-145.55948,55.45209,-6.3192444,-71.060684
166.63882,109.81696,18.575275,-47.9849,-158.48232,70.00863,4.1440754,-76.67383
135.83537,82.270226,6.717245,-45.396824,-127.94834,65.438774,-8.782238,-83.37645
161.80626,109.52119,12.585701,-56.883163,-150.84454,48.113644,2.4528675,-65.4485
172.48592,95.1066,20.745985,-47.1292,-164.66417,38.936474,2.6379852,-85.8065
189.97263,111.53953,8.817569,-60.53416,-179.70055,56.011845,-0.95978737,-98.234116
157.33484,62.16322,44.986862,-42.637386,-144.50885,53.780476,-11.847057,-91.36312
172.52686,97.305016,31.137262,-51.497196,-161.85046,61.493847,12.63661,-95.00458
158.35503,69.03645,35.383118,-24.164478,-152.56592,66.20861,9.884918,-101.087715
167.82138,82.56296,42.295925,-44.707283,-156.12486,73.75757,13.206076,-106.8344
160.434,89.93993,38.250374,-50.967197,-147.2905,83.25862,9.131811,-97.649475
153.3921,61.925556,51.437275,-31.615875,-141.08307,75.40648,-6.8559284,-89.759926
184.29001,109.117355,44.402863,-24.478441,-177.35075,81.95363,-4.129114,-77.035904
163.41853,32.31052,55.783344,-18.666128,-152.35265,75.798874,-3.5357018,-131.88008
167.49403,115.35396,35.982742,-25.755907,-161.48097,104.976364,13.071222,-77.70434
156.54472,82.84551,37.54904,-40.13354,-146.50592,70.8578,12.647167,-91.58963
175.37335,76.448944,73.66655,-23.624855,-157.26224,79.061966,15.436621,-91.66981
159.4683,70.85372,65.48022,-19.193453,-144.35425,98.37274,11.831007,-89.85662
170.09776,98.29293,65.227646,-31.316214,-154.01636,114.09397,8.033211,-78.44348
167.25322,84.57698,49.571236,-36.607754,-155.31474,97.32246,4.320179,-98.2827
172.125,92.989586,45.16001,-31.353304,-163.13078,104.46465,-7.3124294,-95.36707
174.37822,98.55075,46.26167,-18.79068,-167.09744,89.59156,17.007511,-86.6314
162.09724,79.51504,64.4974,-30.011099,-145.85979,93.621346,7.414999,-82.50577
174.00162,110.55322,48.582577,-34.933254,-163.19597,100.08271,20.736628,-82.36659
176.05557,104.37553,57.715916,-17.829212,-165.35928,99.30619,11.082191,-73.86864
174.62477,76.441154,82.583374,-16.696854,-152.84671,107.71623,17.167257,-88.76914
158.99449,86.01889,67.00331,-22.118803,-142.62231,107.80076,39.682564,-98.403885
169.12735,92.26762,64.813385,-11.138037,-155.68884,119.31167,30.543236,-93.46706
162.82832,97.87013,57.818024,-10.971424,-151.79019,122.069435,23.866623,-86.58819
164.18987,112.171745,47.8906,-15.7300005,-156.2919,113.81165,39.18514,-83.751015
183.82872,122.72047,65.78546,-13.86219,-171.00345,109.60829,23.546766,-62.652687
171.0433,91.03021,83.1704,-15.370008,-148.8244,105.368805,24.996004,-70.1702
184.93326,110.05482,84.95894,-28.274055,-161.85493,117.535706,41.62196,-83.57756
173.3207,80.170525,79.97199,-1.0299872,-153.72266,117.33816,29.393305,-89.38657
190.43782,93.25536,110.38727,-8.002288,-155.33069,126.097435,50.134296,-83.97331
172.2099,106.46038,79.30125,-2.4940252,-152.96872,134.49901,70.00079,-97.86953
184.82239,114.895874,77.41425,-9.381863,-167.66995,138.88799,52.521954,-93.52027
189.24603,101.62462,93.79378,0.08059716,-164.3439,137.42365,36.1423,-79.41424
171.422,113.62438,69.0395,-11.672131,-156.30319,141.26672,41.179928,-85.766495
180.36977,120.17591,87.21105,0.67023647,-157.75934,140.94682,34.144123,-56.199444
165.86516,115.469696,86.90132,-18.3984,-140.05547,141.40405,37.85402,-54.77474
149.7139,98.47462,70.49644,-9.275298,-132.07478,127.332954,38.793045,-68.120186
167.53806,133.04605,78.08525,-8.9481,-148.20796,134.73042,39.255604,-38.07365
182.10162,108.02315,98.77501,15.788433,-151.75227,143.0756,34.234196,-54.88769
172.41954,108.74741,94.23832,-3.4796162,-144.40749,142.67108,60.4925,-71.69002
168.56601,125.12494,91.90524,14.596926,-140.6479,155.57713,53.970516,-40.71312
165.02197,93.922844,97.42687,0.9603448,-133.53041,140.36334,51.612156,-67.02019
180.07776,142.86444,77.585495,-9.827371,-162.03215,141.94766,62.086586,-56.671124
182.89136,119.72155,93.80626,10.858108,-156.70052,156.25201,48.0476,-60.934563
153.37291,104.22092,88.16761,25.328386,-122.77956,148.5378,55.40264,-44.12074
176.46034,148.22365,90.76114,-7.4333177,-151.09337,127.16268,84.57263,-40.724197
172.05885,134.04198,82.36785,19.703362,-150.10695,139.11583,60.99889,-35.833572
180.14854,121.78054,116.887596,11.626857,-136.25655,155.19395,59.211987,-30.866497
160.75447,129.84029,90.69567,20.01878,-130.8537,148.8095,76.68721,-29.486898
175.67584,129.75072,99.105446,5.894142,-144.80432,142.70677,71.28195,-42.138256
168.86385,117.59783,101.2459,24.806587,-133.01628,153.08507,60.067425,-33.47578
190.97905,113.25745,113.66568,26.137072,-151.00835,147.61577,85.05835,-60.62709
173.82246,134.50372,90.29792,14.629217,-148.07281,153.62077,85.18451,-53.078217
190.88216,124.56023,123.9375,17.81663,-143.809,151.71877,82.75746,-41.261444
173.1134,123.0,109.68964,23.774866,-131.27684,172.30006,82.23352,-42.47925
194.8262,120.412834,124.65309,24.10987,-147.4196,157.15877,87.24875,-50.029655
204.37282,150.83517,118.04367,27.826653,-164.71036,177.17271,78.1436,-34.948036
176.4065,116.919846,105.81573,1.541785,-140.93698,164.6277,68.43318,-65.49303
163.88182,131.18784,93.69242,27.240229,-131.5057,171.1557,74.68854,-36.288807
185.33298,129.16365,127.07176,25.755209,-132.2732,153.5959,91.12752,-24.532532
177.96997,127.193016,112.53325,15.8277,-137.03336,167.4597,80.07373,-42.175907
184.67894,122.13952,115.41493,29.748348,-141.0794,169.8054,75.05687,-41.571377
183.60982,108.32042,129.05573,20.824299,-129.1878,175.12361,63.008156,-40.533775
160.27243,87.311226,111.22799,22.105856,-113.275246,156.42587,78.99068,-65.53609
170.25587,106.64574,111.943565,36.128925,-122.66086,170.73198,85.937836,-48.523342
164.9068,66.45676,112.08768,50.52769,-110.30779,151.53221,73.91147,-62.38556
186.59666,118.918304,131.41418,29.781088,-128.72272,157.32,103.03531,-39.18717
187.86382,126.90769,122.544685,35.192955,-137.64671,169.25732,82.54826,-30.347805
188.40515,114.98695,135.47652,35.486378,-126.01302,188.35085,77.40869,-33.004776
170.48918,109.804375,120.20886,27.17542,-118.46623,165.89326,98.1252,-47.734676
165.59985,98.420334,115.57956,36.351093,-112.85501,172.26805,98.9299,-62.840897
173.3645,120.72412,108.13948,26.59121,-132.54263,164.71136,94.71484,-51.47297
178.8863,112.929184,117.63213,27.79907,-132.15385,167.3899,85.722855,-48.661945
175.2771,96.14085,121.89248,43.68837,-118.31488,170.01901,81.93913,-44.445644
178.18687,118.98345,131.90381,25.14121,-116.78358,170.19003,88.9868,-24.158827
187.4935,85.94802,138.62614,67.334564,-106.59489,182.35886,87.50902,-35.939865
170.7317,108.17694,120.34967,58.277,-105.702576,178.47388,111.765,-32.236835
196.62245,111.96882,138.6881,55.686253,-127.91468,150.45847,119.81192,-37.12504
158.12341,126.40318,112.76759,23.92468,-108.27273,173.61172,110.02077,-37.68242
177.25304,114.71813,136.4281,39.390408,-106.48866,176.34816,78.846176,-6.2847815
183.29024,116.865906,139.3258,33.700226,-114.15828,171.27016,95.42195,-19.833662
179.28346,90.43126,149.01212,40.70058,-90.87154,175.66888,91.44881,-21.030613
180.17075,117.62334,143.39372,35.46646,-103.20951,191.54774,106.05998,-21.669504
186.62932,118.86449,142.30223,44.471046,-111.89307,190.52719,91.59462,-14.1768675
197.68425,81.837585,152.11932,62.203793,-110.413445,188.37706,97.88138,-45.51261
156.06248,107.95154,129.67442,47.50845,-72.90229,196.21637,109.6566,-14.533189
161.90584,134.78967,122.434685,37.503677,-99.07157,179.20625,109.46344,0.23312306
187.89818,135.04543,136.08282,65.33139,-112.43606,178.00977,98.4281,11.995978
159.31827,118.77526,130.3235,38.235912,-83.46331,181.62608,100.97737,3.9759343
164.88548,145.90688,122.969284,53.338013,-95.6574,192.1321,96.739944,25.188658
175.19199,141.50635,141.69681,57.23362,-85.89944,187.35036,105.00986,38.836117
165.1477,136.07973,134.48672,46.118664,-84.230965,187.37958,114.55574,20.892315
160.35472,120.608,124.90698,51.883858,-85.51552,185.63423,122.29216,-8.909175
177.70996,127.15594,153.91818,31.236631,-82.65878,192.2409,102.7962,15.420033
167.90027,120.96586,132.42398,46.585876,-91.62462,188.69835,101.65979,-0.097096205
157.63055,125.857124,131.23424,33.541813,-81.39542,197.94914,105.03366,-2.4081275
168.9386,106.88869,141.83446,56.507324,-71.701004,198.14273,96.05876,10.109864
166.7641,141.5791,120.72824,68.13908,-92.88387,192.78659,115.51262,19.390743
160.8952,128.56882,129.52036,52.11037,-80.17405,185.56412,113.717224,17.610176
168.23866,103.60293,147.50764,52.01184,-62.01562,196.44753,102.55145,13.561484
162.87077,127.53431,131.18828,58.62457,-77.43148,191.18639,101.65172,26.833128
171.97794,82.74851,146.59102,67.21864,-59.93205,167.66977,107.76254,9.022197
178.73251,121.10539,143.65324,64.19644,-84.697754,197.11638,115.14273,10.623355
167.55167,129.70062,139.78426,47.254734,-79.11259,207.43463,118.21306,6.2907743
170.84317,98.441055,150.12149,56.62366,-58.961594,204.3915,105.19737,7.1502905
171.57219,96.87363,141.31294,71.13695,-65.58451,198.91347,112.5636,0.38607144
164.00195,98.0855,140.70076,60.60156,-58.85375,190.95465,118.49034,1.8571084
169.62698,97.22172,152.24144,56.522324,-49.044476,202.35988,112.20976,12.776511
158.96132,106.70644,140.3557,49.60986,-56.10143,195.7282,105.47528,15.872312
171.8475,115.03831,142.91316,68.80331,-65.50774,190.15797,117.26178,26.788479
195.34985,109.18705,168.80118,72.95965,-65.85302,197.58092,118.51842,29.30751
178.10811,109.99347,158.51244,52.525467,-62.293034,207.80177,124.5134,4.925235
159.62651,105.038086,138.2668,58.73634,-53.69638,207.32762,114.78168,2.1408398
169.91652,87.90975,146.8426,72.29058,-46.107082,198.09145,118.99896,8.382289
165.54645,104.77416,129.84763,81.343956,-63.21138,185.09222,137.44084,6.203372
146.72615,95.44239,125.92861,71.21707,-24.379988,189.11116,130.6298,16.20432
169.14952,110.663055,145.31596,67.0183,-54.922127,178.79198,116.63275,37.885986
167.62775,97.53012,140.18745,77.06308,-50.482258,191.53667,118.30165,22.335682
162.13286,119.94791,140.19768,55.901127,-59.25848,192.70958,133.62473,15.510566
174.05351,75.650925,144.2423,89.2439,-38.991497,197.16148,117.46805,6.7740545
164.80367,100.89661,149.42245,62.990364,-28.843815,188.66415,132.22282,32.571175
158.6084,113.93008,138.24646,67.29903,-38.66438,188.25917,140.89923,31.91098
152.2303,132.0277,136.27272,48.90698,-47.420166,194.481,130.37885,38.90655
156.61836,103.588425,138.40779,65.74275,-32.347416,195.80922,102.76099,46.01629
145.26318,114.23311,131.33728,59.000946,-18.89918,187.77196,119.362045,60.318993
161.86143,122.09378,137.21342,80.66807,-28.547165,199.8605,108.79028,72.01408
166.62407,92.06766,149.82367,72.336555,-8.688605,197.30835,113.91676,58.40548
154.10649,129.87349,126.709305,78.56567,-39.343185,197.50368,119.26987,61.61293
139.43912,116.17363,123.93672,58.408363,-25.959387,184.148,120.11957,51.705105
162.98624,99.36242,141.84686,79.95538,-6.3655853,195.45325,107.58305,73.157875
165.86331,116.745514,141.68211,78.1663,-36.8386,175.74835,135.04405,59.164658
161.33975,104.27675,142.91626,72.449814,-19.162355,193.30127,116.50931,60.64228
157.48036,104.146,127.81118,91.78294,-3.5798473,203.14677,117.80888,63.13292
149.32663,118.21605,128.44707,73.28239,-20.264915,184.62231,130.3222,67.211266
144.92618,117.83257,125.70981,66.362724,-27.888628,182.8193,134.84541,48.92777
164.52057,111.61541,143.10947,77.64682,-23.728266,194.15234,121.7229,64.62195
137.5718,120.37261,117.00708,70.85031,-13.842745,197.56511,116.73326,62.955208
136.07,111.901344,107.791084,81.34591,-15.7201805,170.9762,121.76616,67.46138
123.6434,131.85977,110.4256,54.576183,-10.665618,183.42899,121.55086,75.92793
166.1701,115.30456,133.92989,96.71224,-18.969936,188.56444,106.79608,82.230774
134.9789,126.29887,121.14105,59.64112,-1.5826988,179.25215,129.24593,86.12528
152.78828,111.502495,127.89299,83.69403,3.672735,181.19006,110.8616,97.78258
161.05376,96.39143,125.75249,100.48391,5.0200114,184.36443,120.14305,79.08377
131.22142,131.99397,110.97362,69.048775,11.728877,187.77805,127.73103,102.39227
157.96681,94.35588,141.87286,63.839676,26.749502,182.39711,124.40425,87.12307
175.01527,100.34708,152.32747,85.61835,11.347158,196.47685,99.71066,99.97803
141.28253,125.52546,126.080666,63.206684,-9.755313,174.67671,130.63805,84.30258
142.20288,120.03556,120.8278,75.07639,-1.0788951,198.99443,112.72664,82.41511
159.12987,83.16484,129.40869,91.43357,14.158151,189.05385,115.17688,66.683304
151.43913,103.497055,117.19579,94.64064,16.211994,177.92044,133.81258,90.05832
129.11743,98.03898,112.21068,61.41805,16.95726,165.89693,117.4187,76.93474
124.66812,128.87227,101.38383,72.3044,2.7992427,187.64955,84.26169,98.10481
129.97842,97.95606,103.37751,72.02748,32.360523,163.94221,108.11369,100.40384
135.97202,123.11098,115.650764,69.46879,16.708405,177.87271,117.00929,112.20038
145.21153,107.85704,103.404945,100.202324,19.817379,179.73984,118.18892,93.711395
146.76305,122.11988,124.36618,77.71755,8.493262,173.44899,127.27055,108.305275
142.37764,100.30734,120.333534,75.59307,8.815862,179.18388,118.69104,78.46021
138.66597,117.2969,102.61507,91.23356,20.618391,191.36131,120.07451,91.79321
144.42235,97.43459,121.35764,67.389656,39.834824,165.73991,138.93172,88.65595
140.29813,74.88199,115.18994,76.08564,24.967028,149.1074,124.431595,71.04309
128.50607,111.34883,102.659294,75.57528,16.428274,176.01659,118.60579,88.021904
125.61375,104.14923,93.36437,81.561874,21.345123,166.95183,109.62244,89.02757
153.20676,71.05499,123.70035,86.44155,26.136766,168.97664,110.95894,74.73337
130.32292,114.220184,113.64311,51.117805,37.763912,176.3726,127.247955,95.65619
131.77371,99.72744,100.29801,74.74938,42.096317,180.93813,106.34369,91.14284
123.96597,106.81292,89.1296,81.056114,28.694016,169.34328,108.951675,93.76522
132.36337,78.41437,102.364204,69.06753,48.251537,149.62161,113.49492,92.114655
116.32417,124.41161,97.67237,56.744446,27.754131,166.31543,121.59395,108.58241
128.90718,76.23811,86.34063,76.861755,57.015373,150.19414,97.7292,93.32098
133.63383,109.46946,88.03194,95.22753,32.79764,147.22926,122.07367,121.071205
139.85461,106.22735,94.371635,91.45033,48.385662,163.27986,129.91783,118.98398
111.63025,132.41814,68.159355,73.46493,49.263206,165.54063,134.29956,115.48627
127.44901,102.9478,89.54065,76.977325,48.045265,154.59482,113.734314,119.00444
125.01025,90.442314,82.23841,84.57487,41.286186,152.9635,113.75195,89.56987
133.27603,90.957405,85.36181,89.91559,48.289146,151.25464,133.28923,93.37936
140.32997,94.88677,69.66554,102.71979,65.85909,150.44261,124.23767,110.68647
121.69634,108.11684,87.8288,71.23479,44.860672,133.97307,132.02707,121.51251
125.68413,116.401245,78.491875,90.37184,38.209232,150.49034,125.265625,122.36309
116.77007,119.36918,73.253525,76.757866,48.210384,157.65033,129.02554,115.00055
129.38025,95.07891,77.72675,82.60329,61.931717,137.43227,131.00699,118.18904
132.27718,86.9612,85.91992,80.78512,59.317577,126.93275,123.88284,122.80069
129.8037,98.743355,64.12736,87.110886,72.10442,139.26201,131.51865,117.030174
122.238495,112.40663,71.059,78.505066,60.442085,128.9073,139.5858,134.97884
110.45022,131.48479,49.50695,81.81262,54.992798,144.85152,120.11745,137.24734
120.50415,106.340256,61.929413,88.63483,52.45407,113.15016,124.43594,138.96263
113.27511,109.9875,58.32911,72.17743,64.78032,127.02842,125.630905,131.86548
126.73397,115.39606,76.50325,93.35279,39.289223,114.9608,128.2776,142.37729
105.71896,132.55283,57.44933,69.609314,54.64462,140.7474,125.32376,141.92908
130.34665,72.53275,70.61001,85.73838,67.95385,113.60231,122.399216,114.14418
118.992645,101.64275,62.470184,82.75888,58.221645,123.57645,135.4798,120.30264
101.363205,119.3189,67.4414,43.95911,61.651325,121.34317,128.89357,125.573975
113.004425,106.846855,55.162262,75.54853,63.21751,137.69563,86.55362,129.79237
126.41302,118.3649,54.496544,101.21562,52.849014,134.0036,89.55333,140.1476
133.13902,83.979164,55.1306,98.73554,70.22249,112.65021,117.28679,128.6374
143.02185,86.83461,54.284515,94.22296,93.013565,111.91059,141.21762,138.06201
122.94816,119.21514,45.782024,87.83922,72.25063,129.56194,121.93413,150.69809
113.90018,105.06308,35.236477,84.423256,68.59032,105.45939,122.34776,136.30153
111.23848,107.9919,21.916245,81.18405,72.98318,106.78568,122.349655,125.53145
99.53517,149.51254,41.131813,75.91927,49.4704,109.02973,108.79195,178.65746
109.820305,132.23463,46.269726,73.73883,66.54497,111.63675,118.719315,172.37262
118.38285,100.614365,32.684395,73.96716,86.32292,112.48307,124.54875,119.859604
131.84555,100.176094,42.399273,98.575714,75.84771,110.56275,119.94934,146.40605
90.31888,138.17471,23.627123,75.30804,44.601494,107.34142,118.563065,145.1568
124.12695,103.78945,13.721643,87.20564,87.58166,108.41062,111.80876,120.89781
119.876236,119.21121,28.367247,88.17499,76.27075,100.785355,118.440735,166.02528
110.15103,127.797935,23.705595,85.11323,65.99817,93.014145,128.26865,164.1973
134.03847,96.568954,10.290702,98.5939,89.72984,94.72517,126.39354,129.0234
102.68307,124.38348,7.3165803,69.79979,74.6584,94.640076,120.28235,148.36948
120.196976,117.65734,19.623394,96.59191,68.276375,87.324356,113.5847,162.70985
124.96099,90.41709,25.336763,86.31594,86.960075,91.32734,122.63951,136.3904
128.54668,87.034836,25.423391,93.02235,84.93708,96.49436,116.52374,129.15417
116.17148,111.30392,5.4314923,90.25961,73.13724,89.4806,105.612656,144.5056
129.27876,102.35355,15.11802,102.48803,78.0181,95.95135,99.08115,140.59491
113.96929,113.4485,4.057004,82.59332,78.10412,88.23991,130.56108,137.33783
119.356606,122.06965,8.824824,93.77528,73.06288,91.10889,110.24069,161.91853
111.202515,109.29433,14.051916,78.69743,77.016235,77.28913,111.42172,159.98593
124.323166,106.706665,5.556967,98.52394,75.018105,89.1536,104.00339,141.35915
102.22066,115.48268,12.042313,78.62713,63.849552,91.62273,124.528915,133.70068
115.81512,106.508286,1.8984323,94.310265,67.66447,83.6818,108.10129,134.77689
106.04627,93.27279,12.720772,78.094345,70.71105,69.81244,124.10614,128.05316
115.77241,93.656624,0.81192327,86.06851,77.48396,76.19728,116.796555,124.27179
127.23017,104.24618,1.3703299,98.207954,81.069626,76.08417,123.97473,149.18787
120.76275,118.16256,-0.14969167,88.79987,81.58264,83.65507,124.44565,157.0468
120.06769,109.7964,-10.221367,91.94374,76.54555,67.46331,127.7704,145.94034
120.96308,112.3851,-15.524832,88.24706,81.45377,68.62605,122.02713,146.59949
132.79886,101.95128,-12.309199,102.29713,84.17987,60.846085,128.42982,150.4219
119.542114,112.28097,-0.2184443,94.82539,72.554886,57.503017,133.97305,160.45348
134.37286,85.8021,-9.222021,113.56197,70.57584,47.885597,125.59541,133.57095
120.77913,109.37304,-0.37670112,104.88725,59.67286,46.5853,142.57074,150.83017
128.98795,98.39901,-23.304388,94.0663,85.275696,54.61781,133.42015,130.85204
131.4836,112.52796,-21.858948,114.51436,59.823753,41.625244,138.39104,149.47575
122.75958,85.52266,4.1249275,95.76174,76.40685,50.099033,135.56274,136.39159
131.55441,87.3674,-16.95504,103.83632,78.757095,55.235798,135.93799,116.49589
143.28056,81.934525,-19.534939,111.51735,87.08548,46.25541,133.97862,130.39053
133.73318,101.0107,-32.538395,106.0927,74.53313,42.83672,133.49332,135.40224
128.16304,94.38288,-43.44962,88.54961,82.108864,28.539062,145.22252,105.15919
123.50204,119.44508,-39.50369,98.780754,62.060825,38.4988,123.94205,148.99588
136.31999,114.75654,-11.595107,121.87706,59.596294,34.842403,135.80861,163.41936
134.78247,119.99069,-30.73513,113.73092,65.70923,43.976517,139.06485,155.8538
134.20699,101.19412,-33.925995,114.03265,62.119373,34.063328,145.68338,130.17097
145.75429,120.76035,-42.810802,122.73751,66.211174,49.715576,136.50337,142.04012
131.22977,90.38676,-27.020174,106.02366,72.46217,33.019035,146.47508,126.58565
128.55016,104.8013,-38.64571,106.94494,59.64435,36.621426,143.44127,121.88656
130.50981,111.42402,-24.71536,112.6352,61.275845,28.189363,130.84619,157.44229
137.66649,115.3259,-42.97818,108.221344,73.693855,41.071827,140.19969,145.89053
141.22433,70.695206,-27.37665,119.682724,70.37357,27.461819,138.94524,111.41925
146.34718,92.57058,-45.097248,119.39954,71.52181,37.2802,139.9654,109.31036
126.17671,111.36988,-41.011257,108.029495,50.728195,25.723696,142.423,132.81729
149.90997,66.73127,-27.708797,115.065956,92.063385,32.1851,131.87686,115.75597
141.34467,109.30719,-34.43835,123.27297,59.786842,24.300753,146.40633,149.43854
143.46886,123.39368,-50.925476,123.61155,52.194183,24.202171,147.35393,147.31877
160.44937,88.23265,-47.734913,127.92978,84.033455,22.076153,149.77089,133.01392
157.37872,115.69896,-42.50764,138.03539,62.233162,21.076246,172.6176,152.31235
141.142,132.94453,-50.807186,110.00008,72.15783,30.459097,166.47533,161.23483
124.93723,108.17261,-50.7368,99.61351,55.64178,20.371296,144.84666,123.56256
146.77725,94.972694,-49.591927,116.24609,74.846436,23.328396,116.493195,135.60713
147.97487,132.98308,-65.0162,119.14532,59.23769,25.07656,135.47847,155.6419
152.45409,102.18397,-55.689686,125.65589,66.03082,14.62524,143.59299,137.28943
146.02568,115.85012,-57.32919,118.308495,63.269,17.127531,151.11632,146.53244
153.45764,126.15962,-59.40863,124.21475,68.713455,20.362041,149.73904,163.36217
152.48688,110.08406,-46.08911,131.33487,61.915173,7.513893,148.0419,156.59315
149.90663,123.5253,-63.61518,126.03389,50.2118,17.898794,152.34447,138.59167
150.09497,104.83559,-55.584488,119.4435,71.5786,13.5240345,154.82768,141.1877
141.87054,108.29243,-39.1374,122.48822,60.020046,23.643005,148.846,143.8738
157.89395,91.03433,-67.7457,125.402855,67.58828,8.091085,146.63728,113.072464
146.88176,76.4297,-42.94797,124.296715,65.20129,3.5828989,147.8791,120.57864
152.9812,89.98472,-44.748734,133.82954,58.55449,20.804152,143.24098,118.93616
148.91945,91.90892,-44.459354,128.87799,60.125378,14.624985,154.99889,125.52428
163.32866,83.09633,-44.570305,145.50087,58.940456,15.287315,158.63194,114.90259
132.46132,95.76012,-48.837948,112.09575,51.079304,10.977411,154.81825,112.04131
142.59383,89.88048,-49.97074,123.22408,51.778225,16.402088,136.28773,111.49877
146.84515,95.337555,-43.135235,133.51753,43.68057,15.440229,138.38734,119.128426
172.36589,90.91892,-44.851517,161.10149,41.832573,17.646584,152.50706,107.1512
159.17365,82.159904,-42.14961,146.23697,47.55375,5.652338,177.9196,105.78701
177.75897,84.15462,-55.94141,153.49733,69.797905,20.953285,161.29645,102.771614
156.2882,65.852104,-48.807804,139.04745,52.168545,-8.614805,166.54898,96.46231
162.46616,66.97201,-38.5708,147.79776,54.30503,8.674131,160.52533,99.53989
154.3875,86.847565,-54.93067,135.491,49.37549,9.185671,169.85472,97.158844
154.4053,90.64215,-33.62477,145.99205,37.24022,11.561728,149.77856,114.86197
165.05832,84.304504,-56.882244,145.19267,54.352604,16.591185,160.06453,91.98341
152.0148,74.02364,-35.808384,139.48767,48.734806,6.9683933,178.9546,94.15697
154.94514,62.67376,-39.73491,137.94286,57.820683,12.079462,168.2336,76.22756
171.94621,83.01205,-59.088596,148.3527,63.2772,17.500513,159.45491,92.51272
168.74315,62.805256,-53.276646,152.97731,47.602627,-13.201555,166.69127,93.88133
159.30867,74.92997,-52.160175,137.0644,62.264618,0.35457015,167.70573,107.034584
154.19954,75.74505,-32.848484,137.40211,61.488884,-1.6558363,181.18414,115.21242
164.29927,99.11515,-45.475277,153.00813,39.52974,14.614277,167.78647,117.0112
171.1914,78.514725,-59.870945,152.467,49.58784,5.1270237,165.85367,91.69281
171.00896,72.43963,-39.941048,158.24301,50.88217,-4.727419,180.65388,110.23481
165.65268,77.016235,-53.309254,145.13957,58.946377,-2.7264464,180.72923,104.69498
150.84181,87.53999,-37.81673,139.41751,43.369286,-7.9104824,181.07149,113.974945
162.70314,73.822845,-52.51123,142.29546,58.55276,7.1628895,165.42972,96.4384
160.96214,93.29657,-56.430805,144.8402,41.769444,7.2068577,168.65236,106.35012
145.78345,88.73169,-41.60916,131.34253,48.365032,3.9819791,167.38701,115.4975
176.49026,55.256786,-41.26456,158.81029,65.01725,6.0293293,167.08833,92.34766
154.7395,93.36119,-42.740044,138.23344,55.01534,-1.0631926,198.38554,112.602325
141.68362,102.122475,-24.914484,135.47783,33.188137,4.8090076,183.48962,118.03621
162.47845,85.47661,-38.661053,151.00526,46.045803,19.333271,169.40765,106.40451
154.9742,82.41852,-35.92363,136.09383,64.55654,16.604424,178.71516,111.575134
162.13979,76.591446,-48.401,141.78862,61.93412,-2.918753,177.86044,112.23375
154.26297,118.613075,-44.76275,145.86055,22.964909,14.17304,169.9028,123.485535
165.78073,95.44632,-41.867016,154.40753,42.54272,15.832033,165.55931,117.76184
159.69365,87.68445,-26.036264,149.72485,48.700466,13.829716,174.46574,123.20477
165.8448,105.383896,-49.328903,149.47472,51.514595,14.336813,182.35304,129.21036
164.44722,117.73812,-39.45927,158.33592,20.295061,-5.067972,186.49068,128.73065
171.54665,47.297596,-28.520863,153.9883,69.87358,2.4558542,184.22963,88.81529
159.0222,95.535416,-11.775628,151.74786,45.742565,1.0906122,203.88614,124.72433
167.30292,89.84153,-37.375797,156.06886,46.62336,14.240252,186.67912,113.57352
139.2624,94.05525,-20.755247,127.90204,50.65448,18.835608,187.24672,112.420654
165.89455,79.17702,-20.24656,159.95221,38.774204,32.90237,178.03494,95.459785
184.48616,95.78435,-37.757946,171.68495,56.23074,29.554825,183.05801,122.73964
154.53984,94.853836,-16.04247,142.79999,56.517647,5.04471,198.27818,130.97815
173.61311,75.726715,-32.64979,158.8605,61.961773,11.320169,186.67198,117.00343
144.25023,137.51842,-34.124073,134.9367,37.882126,32.60861,181.49219,149.01813
160.83575,76.00291,-23.609621,141.36397,72.65974,12.75915,181.82677,125.83438
170.88318,96.78102,-27.949621,154.26558,67.87719,28.29822,177.66959,143.23157
159.26787,106.85826,-25.787619,149.94933,47.481606,14.54417,190.91231,136.59657
162.66202,100.389244,-22.78481,151.35341,55.194813,35.163857,184.33195,129.65547
162.09503,78.51897,-4.827907,145.13734,71.95565,45.542324,191.72795,109.62468
150.70374,100.32572,-14.01547,141.47714,49.604755,31.239676,181.97614,129.74248
152.8267,98.81824,-19.628958,142.38065,51.785793,48.3326,167.91405,118.7626
152.43367,102.03982,-29.337082,137.41457,59.181637,43.99133,165.44499,124.23894
141.79553,99.34045,-4.453906,129.31734,57.73646,30.448893,169.14717,142.17517
136.53668,108.45027,-10.305525,128.13683,45.948742,37.68215,164.96251,136.46866
151.1053,81.993904,8.452488,141.22719,52.96935,47.749317,162.25838,121.55945
166.77647,64.40315,-0.03602348,151.3564,70.25343,49.608635,169.50916,107.46954
170.016,94.467445,-20.735996,159.54683,55.18111,41.33506,183.85606,122.37464
151.58351,76.84979,14.10477,134.74716,67.72549,36.27711,181.11015,124.83316
143.0841,80.89036,-7.1690097,134.24393,49.372547,39.342976,164.19133,108.24371
151.4771,87.12213,14.519822,142.30844,50.253662,45.141922,158.43369,129.9078
155.1169,93.21489,-0.86682636,147.49185,47.841183,52.40766,154.5788,123.89589
158.04277,74.93205,11.820527,146.18689,59.376053,54.707134,180.90654,110.35544
152.03392,70.34069,33.3937,134.18764,63.092087,55.976784,181.49289,109.91019
121.12035,90.853676,18.8817,112.39457,40.572334,58.293873,168.05196,101.25296
129.8738,61.41623,20.850052,117.65215,51.4742,59.43754,145.01715,89.901855
122.06383,79.1779,8.254407,110.16544,51.741898,67.13684,137.76482,97.10665
161.65279,70.590034,27.31483,152.21481,47.36344,57.564228,133.67755,107.95833
127.45833,96.47927,8.870245,117.62791,47.940804,60.862663,162.12578,115.73157
153.45724,52.610004,27.142105,137.28012,63.09987,60.64837,144.04372,102.84993
129.51254,109.51056,0.46964553,123.502525,39.261524,69.4372,136.73076,122.51695
138.41423,75.047066,7.5888124,122.38325,64.12175,56.54281,132.33125,120.06331
144.9252,71.18374,27.778687,128.38353,61.380516,49.0093,139.82497,127.9783
127.067406,68.869896,20.20822,112.24261,56.30445,44.139584,150.52118,108.24884
138.44945,56.85563,53.0829,114.5307,57.389244,44.09431,151.69739,98.74884
133.6911,54.61742,31.412807,122.298706,43.713673,61.22769,149.16919,80.82736
117.84364,73.25683,21.763004,100.25472,58.228874,66.66785,157.06409,69.33451
144.04881,40.63327,35.808952,123.94188,63.529095,65.83958,143.74309,82.54355
124.23994,67.81224,34.698055,98.11246,67.675964,78.228264,147.6163,83.97058
128.98305,50.379807,42.340603,108.743454,55.10349,72.0334,132.4921,87.96626
125.38541,59.17981,30.41221,101.57736,66.64339,73.0699,121.39406,103.300476
152.16048,54.5951,37.53308,129.16875,70.70767,71.65049,118.11647,112.06047
134.1879,73.31322,39.370502,109.91859,65.74137,58.554817,155.78902,119.55245
132.43512,69.06575,53.720562,95.06012,75.10125,71.93697,149.6764,112.90344
150.9083,42.357113,42.4556,115.754425,86.52095,75.29846,132.62016,107.58438
129.25677,64.55775,48.287548,105.5907,57.02346,69.89778,129.2795,112.587555
139.10883,35.55124,43.893948,106.6804,78.30511,70.23886,129.82137,74.47993
146.2259,48.818703,52.884445,114.320526,73.616356,80.716156,145.2055,100.36084
132.03598,58.592342,54.509857,98.727615,69.09774,76.80029,141.47266,102.15187
126.25297,64.449715,51.259705,103.467606,50.826206,89.13952,132.86882,93.835434
137.07356,45.089493,66.79089,100.374664,64.617775,92.55925,123.63097,94.03399
131.47433,64.67805,49.48402,97.47545,72.850044,95.00562,129.46532,106.473976
114.72276,85.43018,55.746483,91.32441,41.019444,79.17017,134.41505,111.08627
126.93921,60.517075,63.279446,96.821625,52.09095,85.811806,120.52135,103.25912
144.14749,30.550228,65.49018,103.28177,75.50773,80.09372,127.8683,86.76703
113.16961,87.52178,55.231037,73.31203,65.713104,82.9797,140.53778,115.27763
119.80505,68.1987,54.99734,83.55631,65.88997,93.25089,105.5273,117.500496
110.58739,76.1172,55.74166,73.44221,60.856583,101.22263,108.42354,110.56601
114.18171,65.28063,53.901806,76.22856,66.11019,105.49051,88.69362,104.46585
118.36936,88.849945,77.34172,59.67688,66.626526,101.09072,89.821915,146.86002
101.69059,107.705055,58.74145,65.696045,50.836723,109.80144,88.374435,143.16058
116.20805,72.77201,65.75526,68.73703,67.49264,106.622055,100.492874,118.28883
134.94537,60.824673,74.048935,85.80753,72.84629,102.683235,105.72931,122.68039
128.12788,65.61991,68.047775,75.74834,78.13638,95.37077,113.68982,124.15445
127.779655,58.184547,62.38294,85.824265,71.496056,103.92521,102.89465,107.90446
138.08784,36.21658,87.91114,77.3868,72.836006,102.310875,86.72467,105.02889
120.71766,57.367,75.927315,62.414314,70.14449,112.63315,86.41873,107.3349
119.75711,59.316025,66.08892,55.372643,82.88529,114.76251,78.460556,107.639084
112.20628,78.73889,69.51915,56.19147,68.27264,114.71923,63.458546,131.8411
118.9675,57.165466,84.15323,43.266266,72.051926,109.49856,75.67726,112.499725
127.93266,68.99287,88.90465,62.245884,67.98699,120.810326,74.05199,127.66684
126.38885,59.653164,85.43165,52.350735,77.399445,118.87649,83.84088,114.94114
119.860596,53.81682,94.76481,45.129738,58.24329,107.207405,80.75923,96.228935
130.81404,35.531895,100.21799,46.321175,69.91396,110.37932,68.655136,95.89737
105.67351,86.82535,73.64614,33.455063,68.26249,140.04205,70.621506,109.88492
104.45244,61.71912,68.19237,51.27879,60.238937,106.22235,63.77589,107.09618
128.78494,46.316845,96.63254,35.873055,77.47746,113.33898,63.86243,109.62239
116.72725,53.346157,84.57682,37.754456,70.811424,113.160805,68.27765,103.518875
118.77079,71.40203,97.42135,27.430834,62.124134,115.908485,61.3826,121.94615
114.435844,64.406906,84.85451,27.137104,71.53162,118.36721,52.042934,121.36017
128.78009,58.284325,94.27465,28.633835,82.892876,107.97566,70.50026,120.62476
118.551674,67.500465,85.44489,39.35216,72.46895,113.168495,64.91908,128.32466
127.82801,55.886604,100.09606,15.838044,78.26295,100.37304,62.640392,109.35991
118.96559,56.75826,87.168465,40.368664,70.369385,121.70809,42.885242,114.52782
130.66202,58.619537,95.15275,16.03949,88.34846,128.36345,49.629704,123.41977
139.49037,45.280376,114.673706,18.876038,77.389336,118.52183,35.732937,118.838425
134.71637,45.7739,92.60501,27.328375,93.70852,129.91063,47.467426,111.34137
126.98524,63.838173,92.54212,-0.22681884,86.656624,116.196266,50.432247,118.430786
122.42064,81.13723,111.13539,10.315361,49.53484,111.15392,28.91233,129.2551
129.41913,56.958317,104.25042,23.4619,72.76835,126.30923,31.024199,125.472046
139.64084,70.728355,115.33484,21.163158,76.1274,132.8373,57.349762,134.1854
138.74167,48.593338,112.113716,15.1364155,80.46647,111.71813,52.22757,111.85664
128.76044,74.372375,97.97661,-12.9384985,82.40772,119.624176,48.80194,117.48323
133.95335,55.17472,93.54738,8.809552,95.41456,133.49715,8.375315,133.3339
146.21645,49.23667,116.240875,1.729994,89.21129,123.49166,9.698374,136.97644
131.67574,70.31003,100.69077,-13.569732,83.81874,123.12971,27.475964,136.71631
134.26187,56.61272,114.73196,-3.8110576,69.78523,114.40839,13.196814,123.87642
112.165054,88.86225,89.77034,-15.780072,64.81454,136.41933,22.394375,130.26244
140.19719,35.174564,107.17326,-4.1710253,90.36931,101.8697,16.139402,119.12006
136.74063,60.334484,115.13695,-16.927105,71.9674,104.52274,24.063122,115.02241
139.2776,14.611639,104.759315,0.6116334,91.729996,113.26775,11.660015,95.78732
145.10428,43.737854,110.47404,-13.631806,92.92329,116.32638,26.761147,107.15202
139.94374,31.764761,99.201996,-8.727892,98.36492,125.09486,8.506392,101.64404
138.00453,62.33177,104.16271,-33.027397,84.34233,120.42242,10.37797,126.67993
139.0009,53.347916,109.812256,-37.44996,76.411476,124.031685,-12.017305,121.66
136.0487,57.918045,108.31679,-31.301943,76.078094,131.02359,-17.362644,127.72014
138.88574,59.211487,115.336845,-17.711067,74.940926,131.46895,-2.6492043,129.80063
137.53636,58.97881,112.371414,-28.270618,74.17931,121.16113,12.047588,116.67442
128.9777,85.15574,101.86369,-52.678562,58.595463,126.45185,13.944057,104.75775
149.41553,35.72464,109.780235,-48.310757,88.857635,127.25385,-26.779284,111.97371
134.06808,61.919304,106.29955,-33.522636,74.13236,138.44629,-35.496758,127.06984
147.85466,24.443813,116.021324,-40.89904,82.23394,121.50266,-25.862566,100.495316
143.77151,31.591139,109.9158,-41.82188,82.417244,135.09956,-24.499956,89.30398
168.1584,43.30127,123.55038,-54.78024,100.24416,128.28331,-14.154657,113.11902
150.49585,41.415577,108.79884,-48.257214,92.15651,132.1852,-31.972162,122.62134
151.67152,39.06405,118.54731,-49.462276,80.95995,124.60328,-37.8481,118.09185
142.50789,43.537342,101.26429,-57.913532,81.55011,132.80615,-36.726215,102.938095
135.18321,57.22106,97.57248,-53.576183,76.66168,127.06345,-44.24326,124.367096
161.67096,32.699387,110.3033,-64.92497,98.62986,127.3726,-45.15325,118.188805
173.85698,24.494898,125.96725,-62.34061,102.702736,136.14815,-51.66212,122.44661
162.65915,31.257,120.87531,-69.431984,84.039444,124.11622,-46.597683,106.21724
156.209,23.98437,119.42021,-61.31407,79.97312,127.445305,-53.570057,101.44246
152.35321,39.99453,115.41724,-70.90526,69.61744,126.618904,-40.27583,92.295876
159.21762,11.18034,115.47417,-50.713825,97.03693,126.32438,-49.287,97.112976
164.00076,35.58792,114.62907,-68.783775,94.89862,118.833885,-34.807278,104.40622
149.5721,18.445868,114.66825,-63.10289,72.762344,121.4849,-54.28666,87.26044
176.80798,30.335623,130.90312,-80.12571,87.775116,134.85101,-58.40573,108.235855
158.77283,52.590992,101.26792,-77.06071,94.812294,141.23262,-67.16182,127.9892
170.65242,53.97974,119.430145,-70.65303,99.06541,126.19381,-64.91742,152.35309
159.74295,56.292206,101.34616,-83.02668,91.15677,120.90748,-51.555016,133.99646
147.73477,49.755024,107.08366,-64.34787,79.16113,123.90154,-64.93106,126.037445
165.26947,38.330795,127.14184,-68.22038,81.068794,127.566795,-57.99203,117.96857
157.34676,54.69975,102.247765,-95.10649,73.1096,112.20444,-47.342243,97.31368
160.26248,34.373863,96.99925,-93.71283,86.1373,122.98328,-78.94052,103.011566
155.2347,42.53234,92.45473,-78.23285,97.22828,126.52041,-90.63458,119.25018
158.02734,53.183643,89.68644,-98.93055,84.65205,108.18258,-62.596825,119.06579
161.8736,44.905457,111.89413,-89.21892,75.8108,111.37821,-83.07814,120.22911
170.00955,36.421364,113.41622,-90.22889,88.97817,116.90255,-71.450745,119.81497
185.799,73.459175,105.41875,-125.06587,88.067856,112.689644,-54.296783,105.65608
164.28348,34.26756,105.125984,-98.03736,79.79821,119.12806,-102.63492,110.586105
181.73715,44.338364,102.80634,-111.912346,99.366615,134.19093,-80.589294,105.96112
176.62111,60.499096,102.131424,-125.45186,71.864365,128.17009,-81.08623,104.203384
163.91205,56.1762,105.06787,-93.454735,84.80611,139.5756,-112.99579,123.96015
177.56549,69.729836,115.33008,-116.90413,67.925285,138.37593,-76.49521,119.41454
167.27187,26.24881,111.439926,-103.2705,71.091866,129.1844,-90.40961,85.03603
169.54889,68.98801,99.59383,-118.887,67.73323,137.94838,-84.713394,114.18263
159.31203,31.810043,92.15591,-93.67808,89.89336,123.01867,-94.651825,96.95968
197.47202,78.56887,100.6538,-146.28639,86.48031,96.16968,-69.79422,105.7639
175.35532,60.441185,110.46206,-117.5519,68.74215,116.454666,-120.456055,128.85083
184.50937,69.23612,88.23208,-135.36517,89.8631,133.21397,-99.41495,128.24078
162.41998,72.81538,97.666855,-107.6866,71.497955,131.31429,-117.00365,135.76685
160.83163,46.287525,85.14946,-106.42149,85.458176,116.81893,-88.42999,113.61867
179.46588,62.699215,91.81333,-130.57268,81.93063,111.78338,-71.79947,92.40547
192.3103,26.07209,114.32708,-125.82786,90.06451,106.271996,-101.34024,86.13501
189.52788,32.56298,97.596436,-134.07584,91.43275,124.73101,-117.4874,83.75306
163.20616,31.241999,85.38032,-112.94988,81.49822,114.55949,-108.86835,89.20952
172.51376,55.776478,90.32246,-129.82603,69.015564,105.01735,-99.208084,112.86629
174.1372,39.85599,89.48123,-119.3141,90.106804,116.592964,-101.19722,111.60662
190.02385,64.72442,110.20011,-135.76749,74.28477,102.13759,-83.307205,111.19069
165.44429,53.90791,67.33093,-122.33479,88.740524,118.92521,-114.497345,100.50464
186.18913,79.23383,79.212425,-154.14575,68.66579,99.53402,-107.92062,129.65529
159.12436,80.28582,70.164116,-124.835365,69.31151,115.23146,-145.65993,132.39163
182.69391,72.35546,93.76587,-135.75714,77.7762,103.79841,-107.403824,143.52115
189.98108,54.722023,88.03961,-141.7265,91.373215,100.12635,-97.21715,120.83217
167.00093,79.319374,84.77699,-132.69936,55.822918,83.87975,-112.679214,132.37662
174.68704,47.8154,89.598724,-132.86685,68.855034,98.52586,-112.44925,111.12464
165.54909,41.597027,62.496414,-122.52699,92.611015,91.52958,-94.13336,96.827095
171.53297,82.2329,67.253654,-138.19733,76.713066,93.11153,-89.96796,138.20157
170.19841,70.30514,74.61289,-138.39781,64.43486,84.891525,-112.83128,129.36894
158.09175,102.156746,64.33181,-135.99832,49.066895,109.695816,-111.751175,137.07135
173.96048,91.24863,40.69372,-155.16542,67.45326,104.910515,-130.6346,127.71625
170.17784,121.16724,55.51022,-138.52829,81.585754,101.0723,-139.01703,194.10336
170.27055,112.57109,75.25607,-137.85922,65.86731,93.04508,-114.13646,174.20439
183.82669,91.05493,64.79377,-157.47838,69.054855,93.80833,-98.69414,131.94167
171.61458,65.244255,73.44038,-139.87596,67.261566,89.69106,-134.72392,129.9684
192.93134,57.72348,80.463036,-155.2515,81.689476,90.26945,-119.555145,125.61277
180.96547,68.09185,63.674454,-156.47704,64.70216,96.27694,-121.17587,113.223656
181.5599,46.357307,68.165436,-154.04796,67.81818,98.07411,-139.09984,99.95299
167.75354,61.886993,56.46687,-143.08165,67.56594,106.81037,-140.80754,102.626144
162.33916,69.46402,42.56465,-140.93121,67.99799,95.30251,-124.65292,110.752594
172.27376,82.04267,78.88238,-147.68178,40.83155,90.28086,-140.47406,122.1512
190.19069,60.92208,74.08722,-162.61185,65.53211,82.899155,-122.93109,111.105545
173.46829,61.597485,60.224476,-148.85323,65.53969,89.23499,-125.43309,114.289215
164.15237,61.4451,67.11577,-138.94446,56.16723,76.054756,-122.37407,114.327835
193.34232,71.94616,70.287766,-175.60796,41.070484,74.28312,-115.393616,80.67959
157.85199,56.643623,47.105328,-143.74619,46.16948,97.28069,-146.05215,72.714874
154.40288,64.202805,49.988384,-140.6462,39.97223,86.92692,-147.44931,91.88374
160.40262,44.556145,32.49434,-144.23767,63.239098,74.60108,-132.6539,65.2081
182.33623,50.03249,27.900011,-164.25029,73.58566,61.937893,-131.11256,88.35834
170.09998,60.34277,50.068596,-153.05704,54.75827,72.366295,-164.2714,110.1915
172.9234,79.306366,43.87069,-162.49324,39.38596,66.83607,-132.01176,109.21178
163.52446,33.94481,42.808964,-145.35867,60.976467,67.27049,-144.78345,84.79901
161.29863,71.044,46.282936,-148.47763,43.08139,54.641834,-122.53766,108.54436
156.03365,49.96999,27.819855,-141.60208,59.25567,66.723335,-121.51907,83.53876
137.06386,69.763885,33.715115,-130.58788,24.517872,66.53008,-107.73622,81.50036
162.32144,38.294907,43.17551,-150.2939,43.219124,60.85555,-120.826706,59.584976
157.62694,67.357254,25.048382,-153.05261,28.48216,69.40454,-129.10753,73.2829
182.7765,38.861935,44.08924,-170.59685,48.922142,59.233673,-147.48206,76.606445
166.8817,64.73021,18.784258,-163.27124,27.511084,64.53192,-156.31831,72.54606
166.7858,65.946945,24.751728,-158.34854,45.29912,67.55098,-144.40941,93.535095
154.94273,61.953613,34.18608,-149.22314,25.749575,51.08018,-151.9983,85.19748
165.7583,45.35692,44.23586,-157.24832,28.546404,54.466793,-132.278,64.883705
162.77228,42.68782,40.74157,-153.28479,36.792866,55.386967,-125.63548,65.817345
161.2562,39.42794,25.835327,-155.14926,35.064724,53.254642,-130.93228,49.26767
161.17072,37.373955,34.008644,-156.12253,22.217333,54.4306,-137.2749,47.147614
158.89482,37.36643,28.767069,-150.8432,40.967567,64.56229,-144.70645,51.196808
152.91357,54.859478,16.062016,-147.179,38.069565,62.187916,-140.03073,67.48638
152.84796,55.848568,2.2736287,-147.4511,40.117653,42.594273,-135.21861,77.44676
149.22319,69.8646,27.01064,-145.13602,20.698038,45.083508,-137.0168,88.4048
160.43066,48.293373,26.880896,-152.91962,39.712723,51.14311,-128.61485,73.9704
155.44292,79.07907,2.6421192,-152.59358,30.489647,47.13435,-128.95898,91.36191
171.54665,63.529522,16.312231,-165.90906,40.396393,34.62141,-141.89604,96.183716
160.47995,62.69968,18.41981,-156.79044,29.124966,35.610855,-150.27928,89.252655
143.70456,111.988,-10.852534,-142.88336,8.819789,57.459797,-132.71227,96.92833
149.4584,68.414635,5.3314652,-147.30354,25.265566,37.388065,-133.92455,83.563
146.33609,59.422745,1.6039697,-143.97644,26.006496,34.618248,-132.14075,74.0677
131.85219,57.4108,0.91391146,-130.01727,21.698772,37.066463,-121.998764,65.632614
147.06737,63.089718,0.28507683,-144.73448,25.817093,43.105305,-124.5419,67.82469
141.29512,48.52641,10.328224,-139.69917,17.882267,28.785856,-131.0149,61.545174
139.11528,54.69232,13.806085,-135.80144,26.850588,35.56361,-120.70888,74.52847
148.54129,61.591522,5.9282966,-146.13777,25.77886,29.962484,-107.99066,68.353195
143.25436,52.133392,-25.417631,-133.30748,46.02997,26.202477,-126.89017,50.771416
133.18408,72.30675,5.19455,-132.01715,17.06906,26.026361,-137.07635,85.97588
142.0093,90.24351,-10.173361,-141.66887,-2.7327762,41.209675,-126.95804,69.89946
140.75955,52.85889,-7.971588,-139.48268,17.035185,33.990356,-125.694016,46.112514
147.99751,52.35829,-11.229225,-142.87196,37.210697,25.707592,-123.22679,68.91134
141.16237,84.234795,-22.577635,-138.74948,13.456293,13.104305,-124.293564,88.460434
141.75441,59.775753,-20.601904,-139.80519,12.329248,16.483847,-123.32614,56.260414
133.82336,57.74743,-15.007849,-132.44592,12.205542,23.439722,-130.54958,54.632713
118.51676,36.680687,5.4565663,-116.665535,19.81165,12.042769,-113.98949,55.665543
142.738,72.917145,-17.338692,-141.3691,-8.630304,9.978445,-102.1763,46.25023
148.91881,57.179543,-27.58592,-143.24982,30.015846,21.819326,-117.75044,42.61799
112.85943,64.40606,-6.546312,-112.02773,12.115063,21.350172,-139.65004,63.05896
130.97426,58.42036,-25.25944,-127.90742,11.64496,12.5585165,-110.93059,52.582184
138.8564,67.439835,-30.250065,-135.4105,4.270914,16.70482,-115.320786,48.44046
130.75984,60.011612,-21.865503,-127.63464,18.33842,23.896494,-143.77058,53.021915
121.06237,49.09573,-12.8763895,-117.942696,24.36804,19.4458,-125.57266,59.55316
118.46122,80.58806,-15.360143,-116.82349,-11.764759,24.981169,-101.653854,56.113937
125.83205,66.22854,-38.410496,-118.29344,-18.532671,5.6860037,-102.75722,27.935207
145.89122,70.214745,-37.90748,-140.49646,-10.187043,10.345755,-103.707214,24.824715
111.17822,64.40572,-23.231852,-108.30104,-10.1729355,10.91921,-132.63533,39.36727
111.97433,55.171925,-17.911257,-110.51541,2.1363835,27.362204,-114.06996,33.19492
127.93065,59.401474,-51.47178,-117.00615,-4.924246,6.4382,-105.18756,-10.44429
125.71502,63.926014,-48.369976,-115.88353,5.15038,5.310114,-119.67157,38.99018
121.37468,59.862473,-39.581543,-114.737366,-2.3429012,10.103106,-127.833694,29.350145
135.1324,51.390812,-48.4108,-126.12846,-0.57674366,-6.4826546,-110.238785,23.649366
100.628105,76.19711,-41.218166,-91.8503,-2.1266365,-1.9576933,-128.87106,52.377243
118.89833,91.463196,-34.608894,-113.29798,-10.586337,1.5253799,-87.39769,69.126495
110.273026,50.710114,-48.318382,-98.567085,8.787221,-0.9789965,-93.53946,26.461842
110.10003,49.63822,-37.463284,-103.1158,-8.707041,-14.805956,-82.50981,29.678654
108.82102,23.760525,-30.071568,-104.13933,10.208266,-12.971394,-90.8833,20.116512
115.26281,79.44977,-58.902588,-97.90515,-15.488257,6.934952,-79.00314,24.58365
89.84187,41.8302,-38.721058,-81.007774,-3.4197083,-2.778681,-97.91524,9.897485
104.840355,72.80797,-52.598248,-89.38284,-15.078983,-0.49736428,-75.52899,33.8948
96.77842,61.71102,-51.054676,-82.17221,0.4045437,-0.4671967,-69.16194,32.509506
115.91052,61.10493,-47.978848,-102.43718,-24.822195,-19.23984,-79.93846,23.902956
110.60317,74.04222,-54.335354,-88.969246,-36.52924,-8.331008,-90.38214,21.398312
104.19123,59.726982,-48.766357,-90.58173,-16.988527,-2.4586709,-78.929474,19.40524
101.90989,66.258965,-67.134605,-76.21896,-7.1193814,-7.1273117,-78.79112,21.481853
112.91147,72.68812,-51.966488,-98.075516,-20.672209,-30.963232,-62.729862,38.543064
116.48444,69.617256,-53.86243,-100.85411,-23.320019,-12.549452,-79.86194,29.094301
91.87525,56.725765,-42.128937,-79.933464,-15.539582,-9.632671,-86.78941,29.651958
109.959366,78.44146,-49.64701,-96.00337,-19.98799,-1.5486329,-72.07654,37.29374
105.355644,80.621414,-67.38505,-77.25685,-23.53475,-6.8056374,-76.736176,28.976109
118.55405,94.268234,-77.68715,-87.106705,-20.743708,-0.3465016,-67.4771,28.507143
104.958626,45.431953,-56.317215,-87.58959,-14.394476,-25.138931,-83.66942,19.32089
99.51665,76.48335,-58.748608,-76.04833,-25.723738,-9.112529,-87.778885,31.094658
94.92802,57.11406,-62.88028,-68.3032,-20.167019,-14.958048,-71.33563,10.97532
104.680244,50.686073,-76.648796,-70.841606,-8.825987,-32.714527,-62.487072,14.679938
111.47001,74.30101,-73.05032,-80.83485,-23.710747,-30.613947,-61.67576,34.4079
107.9966,56.83144,-69.13184,-81.13259,-17.708208,-36.422333,-69.35147,27.344332
93.20005,67.63886,-50.033596,-73.55445,-27.622711,-26.180687,-67.62038,34.711678
102.865204,64.63793,-74.98783,-67.69492,-20.295418,-21.195292,-59.525223,15.316102
87.75258,68.238556,-58.181923,-59.14752,-29.290653,-29.567982,-58.303444,33.411568
101.487144,60.290054,-75.420105,-66.58832,-14.128876,-25.737106,-49.8861,15.827178
90.41918,88.20014,-50.929245,-65.79469,-35.385136,-18.834362,-43.34823,43.565914
92.10662,73.28585,-77.04907,-38.869972,-32.344044,-23.61063,-56.537342,15.13322
103.222626,97.04928,-74.82296,-62.860428,-32.548557,-27.542686,-38.24611,47.812737
89.49164,58.90883,-62.091404,-59.049416,-25.651978,-39.071842,-47.41274,27.07571
84.800156,56.816257,-62.572872,-54.180676,-19.407644,-33.392597,-40.816383,28.173292
81.62435,49.662544,-51.82602,-62.75963,-3.139093,-36.150734,-27.279835,28.063065
81.43654,52.47442,-64.80754,-42.529263,-25.388727,-46.863735,-47.879154,23.946064
121.505806,102.40052,-95.35746,-62.315186,-42.46486,-26.271505,-39.495693,29.768147
109.19376,93.94647,-92.39442,-46.26096,-34.914192,-33.255177,-47.039204,38.11243
99.684006,82.61948,-89.6979,-37.50179,-21.674286,-28.300243,-42.79089,33.147713
109.57134,98.09944,-93.04733,-47.404907,-32.59726,-34.57471,-30.947977,44.154667
104.27847,83.213776,-92.99656,-40.12985,-25.37048,-45.53695,-26.397718,42.199944
91.63685,79.54227,-77.77716,-32.362797,-36.407356,-47.090958,-24.877037,37.323483
88.11932,76.899284,-79.89483,-32.241234,-19.299765,-41.34456,-10.416729,43.664787
87.7953,83.36762,-76.85123,-33.364624,-26.204271,-33.6916,-6.5217896,39.506607
112.11608,97.95489,-88.89135,-45.577415,-51.017647,-43.71396,-13.88937,29.83327
106.75351,94.61839,-87.78673,-31.529888,-51.913643,-36.376858,-23.20698,27.009712
100.57336,80.78531,-95.019646,-19.171091,-26.615744,-35.080612,-7.266432,25.916004
95.426674,96.64375,-82.99661,-31.516287,-35.197765,-39.913418,-4.0368137,46.5776
89.15296,73.700516,-83.498375,-20.20594,-24.081945,-38.652344,-6.9387436,32.649162
96.89588,88.41884,-79.25571,-31.352583,-45.741158,-37.580498,-3.9428349,27.105135
79.46393,68.10149,-73.8476,-3.7769458,-28.577633,-32.638073,-8.614971,24.788315
112.09601,97.60923,-105.15461,-34.28512,-17.670034,-38.323833,9.496658,38.4596
87.75614,93.52673,-79.658875,-19.860125,-30.881092,-48.659344,-13.376465,56.763916
114.696335,91.63105,-105.06916,-42.4671,-18.139301,-44.408195,-2.3422794,38.067066
97.833084,129.90765,-89.69378,-8.557307,-38.26157,-27.799557,-14.43696,75.95502
102.36821,129.23235,-93.5225,-21.057121,-35.521152,-25.613697,-7.129904,73.3946
100.67398,85.33024,-89.01505,-34.522785,-32.03,-45.57388,-4.350168,35.057518
114.203766,101.2858,-107.584175,-6.325531,-38.438545,-38.81853,0.775177,35.941288
108.34465,108.822105,-92.76145,-0.22110808,-56.08432,-36.29944,0.9019871,36.96778
93.98005,34.080788,-90.032295,-7.624541,-25.935236,-69.541115,11.979584,-7.023321
117.892166,93.11183,-111.237976,-0.8736758,-39.39069,-46.593548,26.25254,22.44082
115.959045,78.82298,-103.392624,5.4012885,-52.20325,-63.754498,17.414951,14.61906
109.70985,68.722725,-102.399086,3.2180984,-38.99779,-61.134655,23.643106,12.4506235
121.14145,95.981766,-105.6085,8.154165,-58.92611,-38.038914,36.577435,3.1119845
94.29873,64.76351,-88.498604,6.186433,-32.32361,-52.294037,25.31247,18.298765
109.93322,76.45792,-101.83633,11.349378,-40.121754,-48.413673,29.076694,11.60024
111.83023,73.43577,-98.97132,31.97399,-41.092354,-42.260216,39.692196,5.102335
112.80431,72.14049,-106.70716,15.676881,-33.48945,-49.25633,38.667145,4.252
111.16879,99.456024,-99.44251,18.680899,-45.998936,-45.055305,50.102814,31.147266
118.60676,87.20952,-101.16235,30.149752,-54.183525,-48.25374,45.33501,13.4374695
108.51843,61.82637,-101.066216,13.108002,-37.69511,-68.85421,44.46545,5.221327
103.16734,80.910446,-93.38722,19.363998,-38.88288,-49.022255,47.692123,22.551329
118.87809,79.218056,-105.93491,36.027428,-40.226025,-49.00795,43.502785,14.380698
117.27851,70.024994,-104.78826,40.257416,-33.059326,-62.654545,69.43501,14.535541
128.1103,106.59386,-108.84548,25.071342,-62.44655,-63.217834,69.21318,23.21485
115.096695,67.86383,-105.29244,31.060343,-34.233463,-60.207043,57.528114,8.602874
117.40954,66.79072,-98.22947,50.48576,-41.21852,-63.78905,63.26856,15.013911
116.58902,91.40159,-99.78384,28.360174,-52.840004,-50.644062,76.13298,7.0776205
131.13829,93.61357,-115.84885,42.888027,-43.271744,-39.69339,71.96686,1.8709328
101.13481,86.608315,-85.89615,23.506502,-47.53622,-56.773308,72.37573,18.265242
123.61331,70.675316,-112.360405,32.069702,-40.01702,-59.541107,63.246433,-5.202977
132.6584,67.34426,-121.55983,43.834457,-29.981003,-71.234825,74.66588,2.158439
122.16587,105.26633,-94.586876,32.308853,-70.57086,-60.342102,65.22034,23.52554
109.6369,66.2948,-98.20634,34.256744,-35.35459,-49.07738,71.21759,-10.570073
108.17232,118.161964,-92.704094,21.061298,-51.977703,-41.73967,92.147064,27.454065
107.58833,72.06941,-92.89823,38.080097,-38.48356,-56.087627,76.9489,9.500112
122.55713,95.35722,-105.536095,41.31662,-46.986805,-40.570053,73.25058,15.226674
129.19559,79.76998,-109.443726,53.469616,-43.717014,-50.76369,73.69446,6.4037676
105.746155,106.166145,-85.459785,43.837532,-43.948853,-36.230534,73.88362,45.104897
109.175316,102.27536,-94.60682,42.22767,-34.81979,-36.914005,76.84503,42.144203
129.43918,130.92937,-112.698616,44.209595,-46.63532,-32.192905,77.757996,50.875134
126.55631,100.05124,-109.531815,48.08847,-41.284714,-44.707653,70.68442,30.955914
138.0163,118.67287,-104.40382,63.594753,-63.656975,-48.689262,84.68326,39.013824
129.2072,117.11106,-112.3169,53.840008,-33.377544,-37.621502,96.617935,45.51166
127.84561,113.110565,-102.57351,66.08716,-38.631237,-49.649815,90.40445,58.53981
142.92043,116.40662,-110.05074,76.19528,-50.70477,-42.40976,84.03656,44.074947
144.0486,88.0426,-110.20456,75.299774,-55.07354,-55.52329,89.96672,12.353379
123.15133,105.9068,-86.586784,71.82421,-49.86983,-30.426739,112.1929,30.48714
134.43958,103.853264,-106.90483,72.8605,-35.94881,-42.330456,109.63031,36.305244
144.81023,112.8561,-114.84031,70.99066,-51.79425,-54.577923,114.87512,32.427986
139.99286,93.41741,-103.12017,75.40097,-57.9385,-54.680286,111.72919,12.749372
134.86497,74.083145,-95.03891,88.969795,-35.362392,-38.28364,115.46344,5.05511
130.57373,111.44085,-106.66536,64.725685,-38.57491,-41.720337,132.67116,21.219112
130.83601,106.04038,-97.12622,71.62256,-50.25125,-39.081783,111.98865,28.902618
129.59552,106.22294,-98.837296,75.20565,-36.98052,-26.573473,112.462006,31.168903
142.52916,135.38464,-102.03834,72.210846,-68.72315,-32.077133,127.34172,33.13495
138.64906,110.6944,-99.90188,86.05929,-42.672848,-28.395468,116.289215,36.325714
147.58133,161.59827,-112.89887,80.93815,-49.48201,-20.856056,126.22003,75.48856
140.56137,109.94999,-98.553116,93.39965,-37.424545,-40.437717,126.86804,49.463203
151.14563,143.63321,-116.02149,83.48163,-49.887108,-30.287096,125.42612,57.443024
144.47491,125.31884,-102.18756,94.59021,-38.118996,-32.37332,127.21117,61.131706
126.0429,136.94638,-84.73571,67.16659,-65.16274,-51.05184,119.56958,56.463257
133.09325,112.523605,-78.451675,89.58532,-58.791172,-29.368483,119.53224,38.078693
149.00671,118.2648,-98.994255,98.50543,-50.894604,-20.076712,133.92378,29.819258
139.29488,88.33742,-92.23659,94.55737,-43.707764,-41.729748,146.16899,7.7931395
138.17041,91.820564,-91.13628,89.100174,-53.75786,-37.88668,138.57317,2.0898793
151.95769,99.463875,-92.10645,106.92926,-56.427525,-20.817698,130.11388,9.424013
127.71673,76.18491,-88.9195,83.42737,-38.70327,-42.025455,127.6698,0.8295777
151.47736,138.78242,-87.99701,104.82042,-64.61009,-8.022383,127.48691,46.68515
150.64658,92.261856,-85.341446,114.613396,-47.35338,-21.546606,126.01662,19.113451
162.26195,133.93948,-92.95561,107.87663,-77.57054,-22.936571,150.01414,28.64718
144.78844,74.67021,-83.01276,109.578,-44.45653,-28.013805,146.75632,-10.054034
154.858,114.29519,-101.21727,107.62209,-46.021072,-18.221447,138.49629,26.629803
140.2459,77.48911,-69.713264,104.7307,-61.16323,-52.746647,149.58144,-0.42955947
153.54056,106.236046,-94.69405,107.76601,-53.70705,-11.928526,144.48573,1.9723828
163.05309,130.15163,-114.87448,98.155266,-61.298134,-29.466913,157.74365,15.802424
152.80585,102.43727,-90.19673,112.45145,-52.017056,-39.921078,142.73257,31.844524
150.52263,105.09785,-82.11111,113.41145,-56.25108,-17.724844,149.83443,18.453585
148.1317,111.14177,-80.25797,107.19497,-63.987747,-16.290201,154.32013,13.784312
147.9039,107.63016,-87.291664,108.782745,-49.253296,-7.403425,141.03242,15.25825
142.40222,102.809975,-78.03399,112.324524,-40.61648,-13.349297,143.19101,32.77353
154.82697,100.926025,-75.472115,123.55023,-55.627518,-26.66423,151.66684,28.617474
160.85922,91.90246,-72.823006,134.38734,-49.572475,-12.591372,150.63663,18.158215
159.26707,132.50525,-83.32055,126.107086,-50.93892,-0.7072089,160.23764,47.396503
141.35506,113.35894,-60.587772,109.95039,-64.43776,-14.043381,149.00966,30.944527
143.71173,111.35893,-57.84217,115.187065,-63.69765,6.671015,140.69914,23.060589
143.93228,118.791374,-68.04804,111.53476,-60.49506,9.179367,153.0085,19.851044
151.87268,88.53566,-64.891884,128.70825,-48.244446,-2.7404273,150.33566,10.993178
137.50023,102.06034,-54.27139,113.435684,-55.68955,-7.0454884,160.10326,21.968092
151.53717,104.473755,-74.53696,124.36753,-42.907864,7.1237926,153.01141,15.202598
155.70023,112.57026,-62.39001,125.99261,-67.21292,-0.9218466,146.83504,24.980867
155.84447,114.19966,-68.791245,129.44,-52.387764,10.571098,148.7177,26.746174
149.87349,133.72943,-64.24508,110.998955,-77.76589,-11.3606415,163.83852,32.94595
169.685,112.56137,-75.55001,141.15407,-56.0837,5.4480076,148.78899,21.821037
157.22694,109.45547,-58.439224,131.46393,-63.668724,-18.439968,167.20302,31.80967
153.51872,118.74158,-63.877533,124.18146,-63.91072,-6.2877445,173.91063,26.750122
158.90091,114.49045,-57.32423,130.63579,-70.60957,7.7115765,168.51387,15.6878195
144.62451,102.46097,-50.303814,124.63613,-53.93196,10.737844,163.57411,18.540165
157.48195,72.149155,-47.773804,135.80217,-63.218582,-5.3636723,160.47449,-10.815859
144.6204,97.25128,-49.189903,122.06204,-60.167484,15.787241,163.25398,-1.0107543
156.52875,106.053055,-53.63945,127.33347,-73.09134,12.254124,152.81635,6.0946627
163.2207,78.160095,-46.228638,146.93031,-53.90094,11.516399,159.19304,-2.9780662
159.90935,95.47284,-39.17137,145.09163,-55.007496,16.234438,179.91234,14.783874
149.84409,116.814224,-34.232502,127.524826,-71.0323,17.31529,180.27849,19.707182
154.65202,97.325485,-39.994263,132.60324,-68.75643,12.321825,163.94685,7.1898565
131.70612,93.64294,-28.096199,117.358765,-52.35047,18.462103,170.59193,9.639679
156.0649,75.81886,-35.276863,134.70079,-71.01017,1.3379915,169.84323,-14.696977
159.66997,105.94574,-47.775635,135.27455,-69.385895,27.592144,163.20801,-0.8735473
139.93748,89.92358,-33.825504,120.27913,-62.73317,17.359549,156.07896,2.7336915
156.35617,83.791405,-35.51143,138.7406,-62.907055,27.634195,156.4225,-11.81117
163.74141,104.43778,-27.126028,142.33522,-76.071205,28.455519,162.43431,10.295051
159.76936,65.52099,-30.766756,147.73741,-53.018745,17.048727,162.67491,-10.766177
148.21353,93.076584,-29.350372,130.5776,-64.18119,26.831594,172.97083,-2.8695762
154.03084,75.64721,-40.70719,138.30957,-53.650414,9.170357,168.20183,-4.856414
137.82326,76.78053,-4.288476,129.50711,-46.959393,8.634279,177.48822,11.66294
147.53474,91.86539,-32.388905,134.40784,-51.536488,34.150204,173.20343,-0.73853374
148.89006,91.695145,-10.9215975,133.53001,-65.05773,16.981348,163.59496,16.855865
138.91185,98.78385,-28.376703,127.59611,-47.558598,37.191563,156.70203,21.207739
146.76682,77.99519,-16.321344,136.49153,-51.522,26.533228,166.08586,6.360688
140.93704,99.169044,-20.964146,133.28072,-39.960957,36.65759,174.0885,29.669518
138.1539,108.95641,-12.137131,125.565155,-56.26733,10.532127,165.96667,42.24138
151.54703,108.25895,-20.031775,137.34206,-60.55868,36.37651,159.4866,29.326729
135.52675,90.62147,-7.360003,128.6321,-42.704884,26.086218,159.72704,36.009975
144.60463,106.174385,8.282641,134.555,-52.73885,40.47119,174.43355,40.610306
155.97836,87.25824,29.720676,139.49135,-63.22825,39.659035,164.30232,20.190777
164.0922,102.176315,-15.444875,156.42671,-46.772373,65.285484,170.27422,15.169482
147.08586,114.06796,4.7817698,135.73892,-57.166363,31.7852,194.82184,36.254673
151.5462,99.936226,-5.494767,139.55981,-59.082718,43.433277,178.72742,19.72122
148.67834,92.80221,16.129242,132.82524,-64.44388,33.223522,173.83792,16.84049
160.34026,103.25817,17.943233,147.99982,-58.76352,65.4682,157.19463,32.699127
144.83784,74.345474,40.30576,127.20996,-57.17631,45.08121,164.2921,6.9912043
160.49689,97.19182,10.159249,145.67049,-66.82258,59.537388,173.63232,11.30714
154.31786,50.5198,17.25107,145.00354,-49.85525,46.40437,173.8791,-20.494946
140.26137,81.6429,10.890895,129.98967,-51.26908,40.090466,196.69762,-14.694799
149.04195,66.34804,35.207848,138.53625,-42.487495,44.975056,184.37032,4.3998613
165.47356,108.84163,32.842453,143.4047,-75.51138,77.709114,168.92102,20.252441
162.20839,65.25719,43.196266,137.2767,-74.8658,63.41657,163.79695,-19.13834
148.30312,91.89022,15.499987,137.24112,-53.517868,83.07785,174.50542,-3.605191
125.12419,103.033066,30.223103,110.18068,-50.872875,55.384583,191.53154,6.66115
141.74008,89.93609,39.51121,126.975685,-49.451607,68.825676,180.55952,17.43667
154.29051,80.071846,53.071114,135.35461,-52.11904,72.57991,177.85216,13.338025
142.86378,75.95558,42.129845,130.12576,-40.971863,80.90839,166.76839,13.033103
151.77388,78.41118,39.380142,137.65942,-49.936707,75.249466,163.4861,15.06006
158.92314,115.77483,44.9096,133.36963,-74.11194,86.5755,166.10196,29.39945
154.96613,66.669426,61.747066,136.40405,-40.03073,88.0904,171.62941,9.563487
149.21817,87.8308,38.18718,141.7657,-27.078382,91.43691,185.6971,26.719017
162.12033,101.39526,48.945267,148.957,-40.875954,66.17921,183.01881,53.1539
140.23842,88.78345,38.360867,130.83586,-32.640736,81.14129,175.27483,31.235752
123.88402,83.225975,40.77873,113.3806,-27.952652,76.23587,178.84059,9.809787
152.69255,114.3364,53.553787,128.89894,-61.824883,91.00801,149.67429,43.903008
132.03053,106.55896,43.23899,118.30976,-39.53036,97.43789,158.94066,41.616627
155.64307,87.26683,44.573986,141.90984,-46.479134,99.00068,162.41202,18.973835
157.7134,90.7469,50.235157,137.83984,-58.05655,87.10161,162.82753,21.33945
155.68237,96.46761,92.13005,118.03833,-43.325336,112.01811,159.00182,42.33617
136.75366,105.33429,51.974934,121.26521,-36.1654,125.47901,167.02559,23.837677
152.30032,74.10729,89.070694,119.38256,-32.174004,106.876335,153.97562,31.3763
150.28687,92.20299,76.19315,119.66023,-50.26397,95.23863,168.23396,25.590824
135.5743,84.12082,63.795406,112.59213,-39.929924,110.71023,166.3223,5.2034388
153.54276,67.38138,90.54083,121.07564,-27.424145,122.4283,149.58842,24.59697
148.85533,72.579506,83.77615,117.21712,-37.499306,115.47105,145.37349,22.113853
156.98479,62.461987,83.20636,130.70242,-26.270765,118.58883,146.16734,22.701744
141.48233,81.44822,80.8818,111.49021,-32.21212,116.61213,136.24702,37.292458
166.95837,97.04413,92.3315,126.31879,-58.127453,123.45325,139.572,32.600895
151.0177,98.968506,71.288635,125.53625,-44.053524,130.76039,147.41231,31.636505
160.39346,82.60151,77.10436,135.7423,-36.86821,117.71628,147.66136,33.6998
143.94127,80.60779,77.146164,116.16206,-36.32859,109.31756,161.74364,22.424335
137.00356,60.543888,81.18337,109.94573,-10.9237,111.08551,149.19655,24.0383
160.43085,56.526577,95.64037,126.6528,-24.28974,115.37476,140.5999,26.72463
145.45575,44.855335,97.917816,105.96931,-18.060877,116.77033,138.01126,6.626645
144.53027,62.864758,102.855934,98.01557,-25.906105,127.94189,144.6033,8.273526
150.35294,67.59811,108.89649,95.91902,-39.10377,133.38222,130.01158,13.852645
136.94159,58.58064,99.911736,92.01859,-17.378838,140.52232,133.54631,-8.538354
149.18324,66.27078,110.05215,97.64917,-25.445135,125.578285,151.0342,10.690375
165.93355,57.995823,129.57542,100.431114,-26.451506,137.76591,141.55145,14.463004
163.49695,60.429485,134.75279,86.52685,-31.73558,143.18167,135.79378,2.014808
159.48373,57.86636,121.03967,101.737526,-21.132069,150.08095,131.88307,18.737541
150.02963,69.44974,121.52829,82.34465,-30.597296,144.21393,130.2513,14.204879
148.11903,50.8902,121.642746,84.058365,-10.932519,133.13431,131.24193,4.344207
143.99739,51.511074,112.01365,90.55675,-1.4583515,150.06009,121.865295,14.431193
164.8314,54.512756,136.17043,91.42419,-18.19082,137.8405,112.93756,32.377064
130.7699,72.412125,103.561226,77.89583,-18.45186,143.43896,115.80444,28.534468
164.31909,58.090984,141.98401,79.17069,-23.535982,136.97766,102.414444,29.39945
160.59834,59.112183,120.26433,100.83013,-34.26818,148.23943,103.3475,18.09945
167.39867,35.022316,139.56705,91.722916,-11.66016,140.83885,119.74623,9.290566
139.88857,89.28921,124.80516,62.445526,-10.0406065,160.83812,137.17638,22.548538
184.34428,27.524988,145.37544,112.86707,10.148276,152.72629,96.47484,30.965458
175.06606,100.48508,153.27937,78.72608,-30.537308,149.8042,140.6326,47.56329
163.31125,46.79343,136.87761,88.863174,-4.958016,168.12776,113.00159,20.009214
167.301,75.04415,150.24384,73.27371,-6.785705,194.40245,105.962265,44.49771
169.96048,61.977818,151.29532,76.90549,-8.976217,178.69441,98.900604,41.595276
167.06454,41.842712,141.10472,89.35701,8.2540245,178.45366,105.925125,0.12249112
172.1108,53.050095,150.87277,82.84251,6.922934,178.53818,118.34987,35.09645
187.16704,59.57191,174.55988,67.52155,5.1280627,163.04524,112.634735,42.097107
178.28629,44.594,156.91585,81.1018,24.206978,172.2828,111.31494,53.49099
176.24646,68.160194,158.70757,76.40754,2.7425294,177.30804,113.69226,57.37995
169.56654,87.007545,156.67897,61.41319,-19.740574,175.24652,109.793976,50.450977
175.22005,55.050545,157.88538,74.31546,15.218262,178.84668,96.21913,60.89999
179.79193,72.01617,166.61125,63.469044,22.592302,187.78569,109.78937,74.06345
182.77377,68.41144,171.45428,62.909225,-4.989163,175.73875,107.245026,46.815475
156.9684,91.56862,146.1586,57.30872,2.9531727,184.59253,102.063065,72.590805
182.82304,74.95342,170.8991,64.95111,-0.9385115,183.72746,88.48338,68.82097
174.5355,52.63376,158.36722,71.84046,14.109585,176.62541,99.2648,54.940483
188.25154,65.27873,174.31982,66.0647,26.156761,182.0637,114.63716,68.885895
168.10344,87.06607,156.83887,59.84016,-6.8800793,193.35995,103.42737,58.566063
183.13657,58.256035,167.05283,74.91519,4.538561,193.14964,85.3857,55.83674
169.67879,84.53549,162.39998,47.29567,13.424564,180.36649,109.98033,66.74889
195.21759,84.81232,192.81181,28.428614,10.5284,185.71996,86.98189,71.541534
187.05898,80.38822,180.25764,50.22444,1.0045873,208.36473,68.54521,73.66234
183.3967,80.47906,176.32376,48.53929,14.452864,209.22249,84.662506,78.30037
199.10188,56.466805,191.26076,52.86902,16.46834,191.72404,96.423386,52.071465
188.1921,88.55297,185.13646,31.961342,11.212713,198.06653,102.69093,62.673622
197.27013,64.59924,191.48622,46.27067,8.729284,199.74284,82.513885,61.678288
195.93785,53.50439,191.37299,37.529087,18.767355,203.83818,76.235504,54.107723
178.36766,67.51451,173.33801,36.75877,19.739525,201.14355,79.755646,64.403244
189.27338,78.70988,185.13034,37.28733,11.903977,201.8393,76.85672,77.83158
206.87312,52.812176,200.86491,34.110905,36.06318,198.89476,73.33281,70.86108
189.46167,63.169445,182.69226,34.93366,36.092594,199.76079,89.306656,62.53856
204.10454,82.40091,201.20181,22.568861,25.613577,190.36272,74.37184,88.71443
192.61913,86.6736,191.05168,12.519918,21.374416,212.84016,63.235317,87.691574
185.4732,60.29151,179.76941,34.426773,29.785389,210.33379,60.671238,74.82164
189.73007,95.35862,187.52924,-0.68326294,29.268456,203.63197,70.79172,90.41624
200.68602,57.891197,191.04887,36.971115,49.057785,215.45885,49.42741,100.40916
198.17479,94.82748,195.51921,17.99082,27.14132,214.0374,73.12207,102.35574
187.61879,64.95683,185.19179,6.4653416,29.006077,209.92558,49.32883,70.880775
188.05318,72.477585,184.02197,7.75966,37.84342,218.02676,39.009937,94.09846
202.19359,81.04098,198.55515,5.977556,38.206257,221.84303,41.269276,107.36076
214.4132,43.27835,207.12505,12.583539,53.960205,207.25938,45.657036,82.15007
208.34021,64.83247,201.59767,7.0681047,51.809605,212.14255,65.23413,78.62749
204.69856,50.124844,200.52766,4.3378143,41.150753,197.97862,46.06766,69.03451
203.30826,55.651257,195.96756,-1.38612,53.636074,219.69624,36.40873,86.612144
199.47807,73.33485,196.55028,9.266032,32.77691,224.56294,34.505997,95.82952
206.0863,66.516914,201.15887,-17.13007,40.616173,215.85245,32.61601,82.70011
186.4001,48.17157,177.93956,5.8800483,54.728764,211.49635,12.602058,88.85327
198.6108,93.64427,195.4789,0.8290138,35.152195,207.57861,33.25523,122.464935
189.81372,72.038185,184.41179,-15.137833,41.98372,203.89491,24.740112,99.49974
206.5581,52.24043,193.50282,-18.106133,70.46957,209.6316,22.816107,98.15654
229.04475,46.642254,219.41222,-7.31703,65.32369,215.03392,10.127098,108.201706
208.00195,38.54948,197.21751,-11.281093,64.56617,207.39641,22.662067,80.2248
192.00652,63.307285,178.3962,-19.741013,68.47466,219.66441,26.965157,80.10533
199.42543,60.967205,195.44965,-25.503983,29.651514,203.48561,-8.521843,88.370384
203.14096,35.655468,191.61589,-24.9296,62.9724,217.64128,-11.56916,83.14781
210.55225,57.959038,203.88135,-24.653383,45.729885,216.04662,9.826067,91.259514
224.9761,35.1141,210.99933,-36.5605,69.22589,210.9935,-3.5086594,80.744835
225.47685,25.550196,208.87074,-26.290638,81.31167,201.55455,-2.206171,80.66536
223.29129,72.54352,211.04994,-37.24004,63.07049,214.30635,19.174318,109.471886
209.81718,42.051308,198.03983,-42.983356,54.50802,208.32811,-11.975117,80.858315
224.98903,59.146534,212.2425,-42.768227,60.9851,228.5271,-14.754823,110.2794
218.5,35.035698,203.90964,-33.937565,70.66586,222.64091,-21.506092,97.51659
210.11247,44.704586,193.86809,-31.209084,74.68216,227.31369,-13.246847,97.9633
211.20665,57.60425,199.51271,-37.895554,57.90839,215.5924,-8.0173645,104.60289
204.92743,45.23826,186.05472,-45.487152,73.222244,210.47319,-21.371918,102.60919
207.95793,52.5,191.32768,-32.452,74.423775,213.7181,-28.336964,121.75276
216.94931,44.432533,199.12079,-34.998394,78.94402,202.27556,-14.260298,117.93843
213.04811,56.588425,197.74167,-51.446903,61.41798,197.8742,-9.992773,100.31602
205.67024,34.949963,190.41153,-39.137245,66.93733,203.83559,-25.963291,96.419846
224.76488,44.127655,198.59564,-60.576523,85.77702,199.61937,-19.403812,99.28239
213.60594,52.309177,190.36812,-65.27935,71.35668,198.76486,-23.045841,101.49623
215.98264,42.935997,177.33783,-79.83261,93.36034,208.22806,-50.871437,102.183266
209.16261,42.965103,182.0487,-52.41372,89.24019,209.13353,-73.36479,115.099594
219.75783,36.891735,196.69618,-43.017635,88.55976,210.71269,-46.264885,122.56593
202.85031,47.728397,173.96266,-49.70668,91.34505,206.90916,-19.598232,108.27673
207.08754,33.410328,175.67105,-56.912273,93.83293,181.26099,-25.008018,101.445946
225.8744,11.3798065,197.17183,-51.99764,97.556366,190.56557,-42.93435,94.91167
234.0454,54.582508,189.1426,-80.170135,112.448586,183.07076,-29.100353,93.954796
227.55219,32.206367,194.04214,-80.49754,87.90429,197.3301,-60.456398,112.75285
223.54027,60.516525,198.53284,-62.113605,81.88489,199.5471,-62.56827,142.3793
218.6487,48.520615,187.0762,-56.052944,98.61965,210.3752,-24.847113,127.458405
219.92271,65.024994,189.86722,-70.609436,84.81031,198.91032,-16.255383,118.33804
196.96255,59.699245,159.79526,-71.97027,89.41718,198.13634,-45.62495,127.314575
227.12827,60.977455,189.32336,-90.53462,85.751785,202.1957,-60.358013,136.92273
221.33742,41.862873,178.42622,-81.73895,101.84746,206.05913,-84.08705,133.56082
212.57587,72.95889,166.39888,-73.90991,109.53515,199.45543,-77.126114,174.39117
213.42798,82.802475,175.70923,-81.46095,90.25467,186.3015,-53.51644,167.837
206.46791,54.62829,158.81375,-87.569565,97.87356,183.7464,-59.503925,138.19208
225.48448,69.51978,181.47713,-89.942314,98.7535,193.26363,-57.211445,159.17468
193.44832,59.83519,148.25563,-69.379555,103.18571,190.20103,-66.235016,146.0898
210.57318,69.097755,176.78914,-82.61435,78.12786,176.38634,-61.382217,143.79749
217.46379,45.453274,163.62608,-95.56007,106.51601,184.38715,-59.14957,122.624344
227.54463,49.358383,171.96175,-94.85663,114.63283,187.73616,-64.99202,150.6655
212.00471,57.123222,168.8686,-89.37446,92.06217,181.01955,-68.025665,143.7366
206.69073,53.53095,169.91647,-83.77903,82.26131,180.97038,-71.017105,132.88843
194.78593,71.46896,140.21254,-104.156845,86.80583,188.28569,-56.405807,108.09864
202.25063,42.66512,147.58983,-91.13146,104.280396,170.24025,-91.14128,140.40694
212.25354,44.401577,162.75528,-95.05173,97.162445,180.67427,-90.34903,137.6955
209.76013,29.479866,164.72972,-83.22023,100.34827,181.31944,-79.07201,123.96247
222.60559,38.951893,153.99854,-90.774925,132.57555,185.12242,-68.829575,123.88613
208.08713,57.734848,162.82545,-84.5163,97.54287,163.60359,-69.54759,153.14195
199.7755,50.247513,142.27046,-99.82209,97.99682,165.75478,-69.687775,130.85086
192.25975,54.20793,134.31017,-98.68485,95.371544,173.91795,-83.47084,128.64761
222.03336,35.146122,149.35309,-108.52633,122.65577,170.35097,-96.89969,148.25116
204.59976,58.363625,148.18085,-97.74919,101.81052,169.58998,-99.47264,156.03563
205.4454,31.456568,148.59915,-102.112724,98.72663,163.08937,-86.15578,121.621735
205.26157,32.37886,145.42175,-102.720634,101.70974,168.506,-91.32759,121.15042
197.32018,46.667877,137.21257,-106.49265,94.52203,157.58525,-81.67992,128.83105
212.9391,49.429874,122.81472,-130.69185,114.215935,155.50346,-93.91295,118.47594
198.2448,48.801254,120.791595,-114.19425,108.00959,160.70274,-126.158646,133.2655
206.2411,42.73172,144.10048,-100.022385,108.57839,163.25414,-121.36429,140.60211
205.44722,30.544601,134.72879,-104.033485,114.74426,159.01399,-90.149185,127.42845
194.41101,43.829212,117.06484,-105.47146,114.376854,146.5572,-74.933044,125.381226
193.81631,47.323727,118.546036,-113.00438,103.11001,152.82593,-95.806595,131.32442
190.71483,40.9492,116.316444,-111.89376,101.8462,146.39333,-100.246155,126.99881
213.74109,46.16412,128.8697,-134.79195,104.01775,140.81313,-102.39577,133.99184
196.70076,45.82933,111.18366,-117.74028,111.56061,146.05435,-118.0966,141.15022
183.497,53.194332,108.265526,-93.58407,114.76721,135.74199,-104.23334,158.87445
192.40373,38.56283,114.34648,-116.10275,102.79367,125.73026,-89.91759,128.63269
197.34686,28.990906,109.001015,-106.092155,125.810196,135.52336,-100.27789,134.49237
212.98772,31.208973,123.02861,-120.98919,124.90228,140.55661,-96.14432,119.848236
194.194,17.09635,116.12802,-110.44572,109.73204,131.4947,-110.04416,117.92471
169.0723,52.66225,91.91319,-109.81993,89.556305,139.11304,-110.552124,113.30501
178.13075,38.026306,99.58183,-89.94713,116.771835,129.09193,-112.23021,105.77808
185.09727,53.420647,94.13861,-119.78621,105.042076,118.01759,-81.78897,133.91951
217.47705,27.327871,135.18866,-119.98447,121.187325,118.76942,-105.67944,137.83475
183.03658,39.72739,101.06502,-107.67165,108.377304,128.03822,-106.60533,137.44615
181.82202,41.66252,81.67549,-114.52871,114.99686,120.727394,-107.622604,127.85419
184.6776,26.005108,98.85221,-93.70039,124.77784,102.09467,-110.18274,144.58157
178.5487,71.64245,82.326675,-124.84821,97.63157,112.04536,-74.89142,139.22739
175.68864,19.469528,81.51249,-118.28675,100.442535,99.84034,-114.69586,106.82842
168.73666,53.493576,74.54751,-108.208435,105.7337,118.0882,-128.00691,130.49626
160.91302,74.27315,79.209595,-104.0297,93.953766,126.81783,-108.424576,150.48853
178.35149,54.738583,78.00422,-100.61663,124.955536,131.65291,-96.10846,132.656
176.81929,38.121517,82.04815,-100.84707,119.83302,109.72033,-81.259735,136.81589
172.39851,37.686203,72.19428,-112.68932,108.89,87.73969,-84.53665,128.40936
155.81259,74.74666,47.59269,-113.91416,94.707085,109.234,-104.7616,136.97443
160.91632,55.16849,73.13649,-99.24421,103.76297,107.87604,-123.22676,138.89635
162.38246,53.546707,66.500984,-113.75323,94.35664,100.54568,-95.254974,131.18976
164.85695,49.06628,69.60805,-118.46605,90.839485,99.034805,-101.23103,126.32727
171.67192,35.100746,56.051285,-114.63182,115.10865,90.82426,-112.382706,113.32301
184.5779,57.92452,71.6675,-146.07631,87.074974,94.15791,-111.5529,127.94516
159.73982,74.311844,57.29284,-116.53053,93.164894,115.20747,-142.5859,131.7686
170.08527,62.124874,44.385708,-128.22691,102.966095,102.90548,-119.506165,120.41734
161.664,43.393547,47.108185,-114.73009,104.00114,87.95223,-123.68631,114.92
168.02678,44.598206,57.71732,-113.175835,110.180824,89.928276,-114.92923,141.14148
179.00908,38.652298,60.05546,-120.65291,118.00714,91.42753,-97.43602,115.99086
138.78581,66.32873,37.388344,-104.38194,83.49505,80.22227,-105.05141,133.82777
157.09631,77.51774,17.20909,-121.77097,97.55902,90.15525,-107.83687,119.54556
159.05188,46.010868,65.09783,-113.3234,90.51302,64.84895,-114.55524,136.6745
153.77013,77.78818,37.796833,-119.27194,88.832855,87.15151,-90.68521,141.76805
141.96655,77.5661,33.677902,-106.29886,87.350266,78.11004,-86.179855,148.18977
143.59753,62.93846,28.960403,-110.33918,87.17867,67.2249,-85.55893,130.51923
153.87495,61.68671,12.908217,-117.57317,98.316956,67.923996,-97.66124,117.92711
149.3059,83.5793,11.35343,-118.79724,89.43244,66.24115,-98.57251,149.14659
136.0193,65.16325,32.84204,-89.82079,96.49265,64.446815,-112.91708,148.82758
151.91199,49.67142,21.77926,-103.589005,108.81483,54.520184,-77.54738,135.35857
168.00298,67.00187,29.931618,-126.03047,106.814354,55.401043,-77.82202,146.49342
134.64119,96.54144,15.159081,-106.39774,81.05247,75.72384,-113.41092,155.36807
136.22867,74.94832,12.17474,-101.94418,89.67846,69.32449,-98.2137,137.96803
131.3897,60.010414,18.555643,-97.338036,86.23879,53.75889,-89.03142,134.17128
149.13165,56.85288,7.4820833,-109.74296,100.91478,35.654186,-80.04234,139.81345
134.09045,82.562096,2.368259,-97.88089,91.6835,63.737698,-87.30328,145.13997
130.49617,64.15996,-2.9891338,-91.90353,92.28073,49.25333,-89.74568,130.13663
135.00371,74.305115,-1.0916344,-108.10446,81.03912,49.87751,-87.45407,131.00546
123.43824,70.07317,8.742842,-90.15975,84.15262,49.09038,-91.80597,141.27504
121.583305,60.82968,-12.327892,-88.272736,82.32271,34.131657,-70.64839,117.929184
122.82203,33.69347,-13.455268,-96.16068,75.34663,4.396903,-70.55882,89.74518
113.94955,34.47463,3.85676,-82.27603,78.65642,18.04013,-81.88017,109.80507
124.736725,57.502174,-8.9375305,-93.80508,81.720085,29.423311,-55.264637,101.22812
115.36247,29.76995,-0.577223,-73.913795,88.511986,23.266233,-64.03125,102.81485
121.72433,38.704006,-9.74794,-76.65454,93.896194,26.584814,-65.773346,102.88974
139.07304,60.41575,-12.058521,-102.33745,93.696815,21.636715,-55.493988,111.97125
106.682945,43.77856,13.864531,-77.11115,72.49965,20.594484,-85.30493,115.19589
114.382034,66.3438,-5.9253097,-82.59749,79.10799,39.632603,-57.004345,119.85303
123.06197,53.921818,-29.69431,-75.08588,92.65243,11.4994335,-47.811844,114.79785
129.81839,73.30757,-32.30218,-95.357216,81.75259,2.2809026,-65.13039,139.15134
104.93242,84.8355,-30.746618,-66.79569,74.58256,24.271616,-81.0246,137.60959
108.04889,69.44647,-17.16387,-78.85443,71.70169,13.557878,-47.582443,125.59325
114.07563,23.092207,-20.09172,-68.42513,89.3511,-3.5117602,-62.61481,103.69307
103.302956,50.41143,-34.539673,-47.483356,85.16402,-18.161634,-39.869923,132.37619
114.78023,79.68571,-32.487217,-81.52227,74.07818,0.90677524,-30.224775,125.089966
96.63462,55.751682,-29.346235,-68.07255,61.894047,7.7331133,-42.49372,95.13926
110.2157,53.721504,-28.362553,-77.50836,73.089905,8.610638,-48.401543,99.38347
110.51244,59.213596,-31.005577,-76.04736,73.51461,10.071099,-51.61257,109.04836
94.589905,60.979504,-29.720968,-66.00143,60.978554,10.105069,-59.513134,107.05008
96.29253,40.90232,-25.223005,-66.552956,64.57085,5.0048676,-49.421535,86.78209
106.00501,35.232265,-9.885055,-58.13187,88.27873,11.251815,-30.468002,91.21121
98.869865,70.28691,-34.263546,-63.98881,66.7148,8.713807,-22.445936,104.34305
120.26663,48.02929,-27.135847,-76.30518,88.61026,-0.5086415,-36.99586,97.34642
109.58679,57.697624,-35.880062,-66.91068,79.17053,15.532059,-66.053986,105.049835
85.20352,71.38628,-27.771137,-53.576412,59.86932,17.827349,-61.639248,113.72275
109.759964,89.24413,-57.514744,-50.01585,79.13092,23.594881,-44.14616,115.87832
112.17794,73.39629,-51.355347,-53.607437,83.54404,-0.9533522,-32.800922,132.82613
99.44471,80.18884,-56.52983,-51.058548,64.294525,-8.300887,-45.447956,127.88274
87.94396,59.42432,-39.866234,-28.382433,73.03942,-10.240219,-33.82671,123.82312
93.99734,78.06978,-56.30484,-46.511066,58.57899,-8.781816,-16.137682,113.23354
88.09851,57.074547,-45.895454,-37.694656,65.3707,-24.313263,-23.767952,116.39818
105.10776,71.74676,-67.24372,-49.64456,63.54324,-12.498556,-19.95363,100.0868
99.8606,60.464867,-55.712227,-57.369713,60.325867,-15.417351,-27.35815,93.534546
97.78197,76.28711,-63.7001,-34.231304,65.99967,-0.42384648,-43.593006,107.57446
92.63804,67.18178,-51.159687,-30.667208,70.90727,-6.825817,-17.367699,120.07252
91.605896,65.0656,-49.782143,-42.38085,63.96143,-8.587288,-10.912386,102.84302
72.714165,59.29146,-35.290436,-39.083717,49.613735,-13.962173,-17.816133,101.04167
87.944244,91.12544,-60.59783,-38.38072,51.176445,6.8561335,-13.648457,106.73819
93.256905,60.976494,-66.20517,-34.709946,56.105713,-24.313103,-11.221506,93.983215
90.48312,54.42757,-40.96524,-49.0885,63.93271,-26.665321,-8.311459,96.86625
83.2111,51.300926,-42.95363,-29.150776,64.720894,-13.756723,-15.335829,105.38704
89.714485,64.74979,-58.664272,-23.035404,64.40153,-14.6405735,-2.8282928,106.534966
84.83256,55.5,-58.240124,-18.7402,59.483624,-16.006563,-14.219236,95.06595
91.72956,78.80615,-61.696262,-25.76899,62.98528,-2.718281,-2.9373436,109.61716
83.09485,59.44854,-60.04188,-30.053572,48.567654,-24.921669,-5.0286827,89.84973
86.285866,73.67033,-56.457577,-38.02504,53.07128,-13.075236,-7.445875,103.608406
98.0373,83.46893,-77.56283,-2.2575693,59.737263,-14.651622,-16.047668,112.51517
103.504906,68.69418,-74.91999,-6.814195,70.857605,-30.691961,11.491901,119.96305
93.12391,78.3758,-76.80446,-6.295811,52.48434,-40.17307,10.669748,118.6987
94.26326,79.41436,-75.03616,-21.259241,53.244442,-27.815502,13.146898,106.94476
71.08633,75.60682,-57.96492,2.8442624,40.591534,-12.065779,2.2715034,100.8417
92.24975,66.632034,-75.37868,0.9369588,53.029285,-22.358425,10.043095,91.83625
92.5038,52.68791,-65.36659,-8.6521845,64.64964,-34.372044,19.524643,97.06384
96.47571,73.19708,-84.67432,-18.992981,41.71214,-40.261272,12.191645,90.66402
85.00524,51.799644,-63.938213,-14.654145,53.79758,-27.364584,-4.250181,88.81938
88.367485,65.10857,-75.26986,-14.588965,44.03957,-26.022707,8.174442,80.14659
89.45285,87.3216,-74.70311,-10.441385,47.633095,-10.468357,-6.532629,106.72559
91.32531,64.33555,-71.49519,-14.176233,55.404617,-27.62713,2.815895,98.79993
84.54917,49.68526,-67.15436,-5.0683904,50.504147,-34.122807,6.799898,85.96713
90.3839,41.370277,-70.04636,4.5707684,56.698563,-34.413147,13.943333,75.86853
89.80848,50.626698,-77.876724,-6.7143326,44.00239,-44.220184,13.173523,76.2451
81.76376,62.798286,-68.35511,1.4631861,44.838943,-27.083351,7.2688675,91.783646
89.374565,59.173473,-68.86005,3.5743961,57.409813,-19.320389,12.915146,87.7387
79.66806,38.87319,-61.085598,4.998453,51.34396,-40.33473,23.860167,77.894325
99.92278,36.349003,-60.958588,4.737549,78.51215,-26.918058,17.372389,81.546974
89.04949,46.654312,-65.254456,27.447424,54.01784,-40.00194,23.290937,92.84507
100.05155,40.03124,-74.370544,16.484526,64.51588,-43.766407,32.875103,84.83057
100.532646,81.45896,-85.15131,5.4919877,52.61943,-23.20243,34.83043,96.88333
107.437485,61.514225,-85.242775,17.456877,62.714127,-37.301506,11.525158,100.61363
86.98464,100.68081,-80.92555,-1.2775964,32.206875,-37.151726,27.620213,117.8403
103.02487,34.566284,-67.68864,9.747515,77.03519,-34.82073,15.472782,86.28821
89.028175,89.69706,-75.86887,11.884779,45.238014,-37.881817,43.34676,119.774155
105.9071,85.04301,-92.22053,1.5080963,51.830563,-30.06029,37.77951,97.0504
111.89567,58.557796,-88.67718,6.5711102,68.232956,-47.770363,27.793802,104.41525
89.25114,93.0,-77.86835,19.446405,38.88849,-24.821417,27.481653,115.26814
95.587654,92.97479,-83.99508,20.242416,40.7889,-25.71285,34.47043,111.65133
94.95599,73.78866,-85.6307,22.769611,33.78737,-31.72251,29.516123,84.31752
101.41622,43.840797,-76.999214,27.692806,60.14228,-41.865215,24.009169,86.38187
91.75102,95.22229,-86.52122,6.1386676,30.162859,-36.69526,37.192196,105.27821
104.52693,67.006065,-85.09217,34.62502,50.356915,-27.795752,26.926575,83.85299
114.4127,69.05082,-92.13778,33.7256,59.399166,-35.24579,37.011772,97.71079
114.097855,60.59407,-88.909485,24.897678,67.28159,-54.183258,51.348934,108.61779
101.40977,53.331547,-69.57359,32.949837,66.36028,-45.490788,40.7327,113.348816
102.75821,71.59294,-86.5063,25.980886,48.77382,-29.946047,47.76099,86.5956
80.78058,87.77833,-71.746826,17.049212,33.011757,-27.10507,45.734352,103.25877
110.51953,64.02341,-88.565704,25.29944,60.881138,-28.12963,23.167599,82.00488
121.52134,74.220215,-88.826614,45.814487,69.4559,-37.347713,52.897217,122.46254
120.06577,93.241035,-94.404724,21.641565,70.50938,-37.01821,62.731384,132.19153
100.08452,90.039795,-80.79896,41.61178,41.951668,-48.395386,42.523617,125.76845
99.93154,69.763245,-81.74698,26.566816,50.995956,-40.914566,51.247166,101.86013
106.948586,82.37853,-71.01359,58.776474,53.806004,-17.690947,49.20501,116.35166
89.32649,49.923847,-50.684223,53.054634,51.358036,-35.081013,64.65047,96.72289
108.18416,76.35856,-77.27618,43.46538,61.761227,-18.292942,69.29184,103.40028
119.30554,84.06694,-94.78318,43.54433,57.604305,-32.253006,78.26819,102.422104
104.460594,70.36878,-71.07304,28.384892,71.45383,-28.032476,62.31664,115.050644
122.15564,88.68492,-79.94824,58.977776,71.33513,-12.107617,62.224262,128.44037
109.929596,82.843605,-69.92476,58.93683,60.762142,-25.61129,70.83472,130.0986
93.85236,48.49114,-47.85483,43.536972,68.089905,-24.446585,62.40662,105.56938
98.99495,87.13719,-70.03166,42.100487,56.10778,-8.60615,76.80817,106.910736
105.763374,92.756485,-74.61538,39.1877,63.924183,-3.5439208,67.758484,116.177826
92.28632,87.97904,-75.06856,32.011497,43.301144,-35.384518,67.49312,112.6127
125.04924,82.460976,-95.68937,44.37493,66.7376,-24.482267,51.239662,107.69075
109.156136,68.485855,-67.79161,42.79127,73.810814,-31.61074,58.434196,130.20833
104.42731,51.82181,-66.33733,54.08955,60.239433,-34.85422,50.568546,101.46933
110.89099,89.71657,-90.80124,28.595922,57.491882,-16.893866,67.579056,89.514275
101.77549,67.6757,-65.43483,57.928013,51.782173,-21.506567,45.934574,102.391174
115.00353,70.81004,-83.25479,45.301373,65.33057,-26.893324,58.306377,106.056046
110.79711,51.31094,-73.97831,51.993553,64.080444,-36.859985,64.45863,97.060745
103.66442,68.79135,-80.18153,42.40316,50.19976,-35.18476,59.948868,98.76782
105.45408,42.511765,-63.33351,43.97011,72.21856,-24.659338,49.773643,89.14782
91.853485,51.538822,-58.278763,37.786106,60.095436,-33.24551,72.4937,88.64761
87.67875,54.548717,-52.627155,47.806458,50.812263,-11.400812,55.118305,85.81201
114.9663,62.434467,-68.11191,48.630096,79.05992,-8.227051,66.67874,80.98996
104.18373,73.5,-76.06321,61.450092,36.071293,-28.434809,72.68831,91.08157
117.89641,73.30288,-91.235115,46.898243,58.030056,-23.539736,65.29402,79.33023
105.19506,42.11294,-60.897224,47.890766,70.57887,-27.600548,62.355247,92.31729
102.67546,62.181187,-68.957726,52.37474,54.946384,-18.4358,56.767254,91.05573
105.33874,44.141815,-56.023697,52.22877,72.57338,-32.093422,71.62343,104.21405
112.80763,63.94138,-70.74393,57.816013,65.89834,-26.191145,86.3111,101.82411
118.79604,77.05355,-78.11848,32.264957,83.7469,-27.134832,87.78938,99.543274
108.850815,35.017853,-55.530884,53.95855,76.6942,-42.630077,54.84311,108.857185
101.09525,61.04097,-43.79078,60.465908,67.77004,-9.018192,70.50169,117.033226
101.19782,87.1493,-68.01341,38.595127,63.991783,-2.7854464,78.03856,107.07937
109.56505,52.614162,-62.25528,43.931705,78.65565,-19.895193,54.683846,107.598305
93.718994,56.164936,-32.03963,47.1553,74.665436,-0.6200278,46.798916,121.22869
104.34678,70.47163,-62.89009,36.610794,74.40449,-11.4805355,71.8127,107.30254
122.00102,67.88962,-68.55195,56.45734,83.77805,-11.595437,48.117496,120.01614
116.69619,89.096855,-63.98173,68.54654,68.91167,-12.885835,60.279964,141.47112
107.98727,75.49503,-69.76447,50.631874,64.49335,-20.300406,63.810467,119.8194
111.74748,68.201904,-66.5077,52.603786,72.39406,-9.088573,69.77083,104.99254
113.07188,40.638653,-59.506638,42.860638,85.90954,-29.086401,55.77029,109.68612
111.09568,49.5,-67.33569,54.861164,68.84831,-38.38625,61.721176,108.35746
120.34326,29.415133,-62.689606,63.84274,80.51708,-34.198914,66.47395,87.29422
111.1013,56.055775,-63.732204,59.31688,69.48668,-25.650707,82.823746,103.1655
112.909256,65.03845,-59.34989,63.979023,71.660095,-17.550694,84.82518,116.3559
110.39022,65.4389,-71.2471,37.231953,75.914085,-17.201345,68.81595,94.54467
104.503586,45.96738,-55.98762,50.51168,71.827705,-23.21748,50.927505,104.15437
126.94487,38.47402,-46.8272,44.631584,109.21536,-8.866436,50.664684,108.43069
100.8774,58.532043,-50.843094,45.199986,74.38963,-19.76625,68.490875,118.37709
122.93189,61.30253,-63.352642,66.42399,82.00948,-12.297039,64.92845,115.84411
99.64562,90.506905,-60.346043,36.610725,69.8806,-0.24771714,72.33063,127.5166
139.37091,52.690132,-77.49303,53.036057,103.199265,-24.967052,51.376442,106.98281
92.63638,79.73393,-45.358852,31.327072,74.548836,-17.069265,47.70036,147.07556
110.0409,59.736923,-51.104862,42.33083,88.22369,-4.291477,42.491116,125.3544
108.34321,63.00992,-55.68171,33.427063,87.09471,-15.993855,60.08529,127.995544
112.41108,56.387054,-49.812286,47.722183,88.65705,-15.641136,51.045986,132.85043
116.349686,64.34672,-60.911613,37.734673,91.48041,-26.671276,57.8567,141.96384
119.692314,32.2374,-43.65685,54.715794,97.14081,-19.611212,56.290092,118.61563
107.170715,60.070793,-44.99142,34.644962,90.76902,-15.639728,58.887745,137.15361
112.70786,49.805244,-54.164295,37.346745,91.804924,-9.201074,34.60968,113.09087
136.0471,50.039986,-60.358345,41.124043,114.73192,-12.543707,42.656544,128.70427
108.45881,69.958916,-40.74659,54.535507,84.149185,-12.059372,35.964188,145.20969
112.48472,72.96061,-54.63545,49.949642,84.75555,-6.7208805,56.50992,139.21799
129.73917,41.899433,-48.532265,44.14052,111.98943,-16.416988,63.33938,131.33661
125.83521,58.230682,-62.417374,63.78646,88.60048,-21.998972,56.52252,129.86166
122.94409,68.03354,-74.65141,27.473751,94.020515,-26.684227,55.330425,133.32358
132.95583,51.839294,-63.961452,45.32761,107.37944,-20.275614,39.720993,135.24936
123.68028,81.97599,-74.293236,16.778519,97.25219,-28.25951,43.5727,159.5048
113.909225,93.34881,-58.291485,16.651213,96.36786,-18.323454,31.712742,179.1481
104.920204,77.54998,-49.79717,26.317068,88.572975,-16.98137,30.719374,158.57938
131.85313,47.791866,-51.790524,44.934643,112.49778,-9.808168,39.827618,134.86699
111.983536,86.47001,-57.64592,32.87108,90.25571,-21.256815,64.05469,162.50081
104.63896,52.597675,-54.527317,36.442307,81.74035,-18.702715,42.277386,119.64743
131.9697,74.47483,-65.79094,8.457798,113.99622,-1.3704264,43.7632,123.46809
97.03165,76.33151,-48.59543,20.501083,81.32813,-13.245354,9.454134,147.88904
125.864265,67.32953,-58.277206,32.03856,106.7964,-5.222789,22.776392,146.58385
127.13084,85.12133,-51.68321,24.43571,113.43995,2.9776037,53.870335,171.17181
132.23422,55.385582,-53.304134,30.347626,117.35079,-12.201074,42.209538,152.67812
110.03311,80.29477,-56.006294,9.702638,94.16402,-12.487203,36.75547,155.68222
99.58008,69.85387,-42.98458,19.562414,87.57643,-6.286914,20.316875,146.79973
115.67156,67.19052,-54.053345,15.106917,101.17723,-5.226345,22.479347,146.6543
126.822975,87.45501,-62.256496,3.5319183,110.579704,-5.5570774,36.416283,169.60675
108.745995,87.15578,-55.2647,16.320553,92.427444,-22.947783,17.427546,173.49152
125.685135,77.50223,-72.29094,14.196317,102.05834,-10.8638735,23.413645,149.01881
123.735825,69.18807,-59.202183,25.023243,105.85217,-19.764944,29.80851,162.78082
130.6943,68.22575,-58.954693,12.040748,115.996284,-14.67627,26.974808,165.93906
122.06788,72.37636,-59.374973,-8.3385935,106.56028,-21.136347,32.07835,153.40273
123.17139,50.475872,-49.17141,18.194756,111.573105,-15.154421,4.8463364,146.52577
138.66306,39.424026,-65.228516,15.223553,121.57396,-28.59868,22.874468,135.49869
123.97544,56.710648,-60.320972,18.81819,106.81028,-33.30967,37.347786,153.13052
129.96497,40.651722,-54.655727,5.6500545,117.637794,-30.100914,31.546139,136.35413
136.81854,48.18519,-57.03836,12.523871,123.78408,-12.698971,26.921844,136.99445
125.112946,55.444935,-64.171906,1.0256319,107.53223,-29.255255,26.714783,142.11462
122.54897,64.81814,-59.96955,-13.420787,106.00415,-19.231506,9.495998,150.56793
136.38571,69.0077,-75.74273,15.1633005,112.21185,-23.782446,4.875881,156.51361
122.407684,73.29052,-46.997234,9.655792,112.66052,-10.452845,28.161316,173.12567
111.43615,62.20744,-61.317238,16.160252,91.87849,-25.66231,27.546751,141.9668
112.875206,48.58128,-49.696003,9.263691,100.72199,-15.793254,30.70727,128.4024
121.96439,58.40002,-49.058193,-27.636189,108.14554,-19.316582,22.616737,111.41749
120.16681,49.704754,-50.808422,-10.982783,108.2944,-11.846308,-8.860102,138.99962
128.9925,41.246212,-55.08298,-10.024294,116.15702,-13.949392,-10.132856,120.83734
119.23532,50.12235,-55.115334,-18.221098,104.15373,-12.922635,-9.612192,130.15198
144.74287,48.037094,-64.162384,-18.343472,128.40437,-18.154572,-14.354221,141.65881
133.01433,57.716984,-52.54001,-13.416573,121.36236,-13.765266,-15.300896,163.72865
120.02943,64.28063,-64.20367,-19.17495,99.79863,-16.213438,-10.874746,141.83301
140.7702,52.67115,-79.82294,-20.411312,114.00012,-29.755,-12.25317,128.48706
136.90805,49.183968,-73.239456,-11.536502,115.18251,-34.32787,-21.333858,143.6196
136.66931,38.926212,-57.756287,-23.623592,121.52677,-31.486185,-9.132454,145.6189
130.72131,49.29503,-72.98676,-24.129387,105.69571,-31.135813,-3.2032127,120.74633
125.61673,40.25,-59.576664,-28.246223,106.82024,-34.703,-12.911575,134.52036
131.18784,35.598454,-61.85735,-33.90715,110.53441,-34.563854,-20.055481,128.87988
137.43181,30.709322,-71.13118,-22.264406,115.557236,-42.808403,-14.277874,125.32222
141.64922,55.574276,-69.531204,-33.38848,118.539696,-24.19008,-9.814835,138.99615
117.8866,61.62183,-70.82712,-27.451674,89.95389,-27.58253,-23.951834,133.98775
152.81116,51.555794,-73.235535,-33.706726,130.00087,-26.433722,-26.405682,110.005035
134.57433,55.077217,-61.782803,-56.02602,105.428795,-31.354279,-27.567753,141.05489
125.23179,74.56206,-77.1929,-26.870647,94.92467,-27.649057,-49.70401,146.48032
144.91118,64.63745,-86.30602,-41.377968,109.24825,-28.932775,-21.383936,131.83209
144.5908,53.301033,-88.43156,-49.505295,103.718506,-47.510128,-29.366404,132.56766
134.76276,61.02049,-63.783726,-38.76794,111.797966,-44.520195,-46.4023,169.49191
127.66558,56.23611,-66.17184,-40.523884,101.68666,-25.958038,-17.823278,133.90958
144.15616,49.989998,-85.972206,-43.769745,107.22351,-43.361652,-21.042925,117.760086
151.91939,54.06709,-84.61655,-58.37001,111.3386,-38.414524,-50.54421,136.9877
126.08926,49.196037,-62.322517,-48.39741,98.39149,-30.602846,-58.199703,135.52655
128.14445,52.235046,-71.97102,-49.08182,94.24221,-28.318933,-39.70561,120.69396
120.71868,35.798046,-69.51228,-31.77545,93.22718,-42.686523,-32.669254,116.436005
127.75367,51.87726,-88.10174,-39.040657,84.18497,-55.33389,-21.363245,120.09899
138.38443,51.29571,-88.37224,-57.740925,90.04624,-49.16308,-27.361109,104.41544
130.86348,28.86607,-67.90284,-51.108677,99.70014,-42.457817,-50.101532,111.92638
153.46986,71.52972,-82.00474,-85.09758,97.8732,-23.766232,-48.696957,118.40968
142.56052,84.14422,-91.06606,-63.56603,89.40456,-33.50863,-73.944214,150.27373
136.40564,104.762825,-82.314514,-80.52837,73.60119,-35.910534,-65.75441,166.66074
153.51628,67.68308,-85.561905,-70.752075,105.55072,-30.325237,-69.84253,143.58849
135.05554,87.357025,-79.90797,-63.95106,87.938774,-36.93169,-46.37273,161.93854
143.20964,49.603428,-77.727295,-68.19112,99.232,-37.557476,-53.37421,124.66103
134.65233,49.759422,-69.67798,-77.566345,85.01228,-39.591713,-47.466095,111.19238
133.78809,36.742348,-74.5402,-74.31916,81.843666,-42.110012,-68.47078,97.07998
120.36819,44.34242,-63.56549,-75.698814,68.33716,-48.452755,-64.89523,108.339554
147.11646,68.813156,-100.306915,-73.364334,78.77715,-34.424217,-56.658825,88.373344
135.90437,61.53048,-85.06234,-65.82397,83.04157,-42.00192,-65.22145,126.75253
162.20743,67.27741,-96.82135,-85.87708,97.42349,-37.595337,-60.896217,118.14099
129.67676,84.19174,-82.19541,-78.18666,63.118164,-52.7514,-75.70415,141.86932
141.59824,78.65907,-89.14661,-77.77134,78.11354,-30.102516,-76.14226,129.82376
158.51025,94.330864,-97.51111,-105.46444,67.1334,-48.826443,-63.231373,136.47421
160.68001,87.84396,-98.15432,-98.19114,80.9067,-45.231213,-95.564865,150.89566
129.08064,94.52645,-69.423355,-93.14722,55.97654,-48.479786,-87.76912,148.43161
146.95407,64.479164,-87.39552,-89.62041,76.70564,-33.627083,-72.78308,108.13127
140.43883,70.88194,-81.94244,-92.18513,67.49987,-55.418495,-63.189125,125.88317
158.63875,69.17369,-95.21965,-99.48244,79.388054,-38.995113,-74.61394,110.66303
160.57709,65.62631,-103.889565,-85.11083,88.47035,-41.476925,-84.28403,108.339806
131.79839,60.64291,-73.31252,-87.2649,65.88167,-41.48924,-79.9471,117.20481
150.07602,87.57426,-87.64979,-110.655594,50.979267,-46.350338,-67.200516,115.43315
134.4842,75.61952,-80.97765,-95.09908,50.24697,-38.687206,-86.724594,112.09808
134.06808,89.18415,-81.26401,-95.92012,46.12313,-30.046503,-72.85269,115.10783
162.98543,63.89102,-89.60641,-114.93835,73.099686,-40.734894,-77.36096,88.5356
127.932846,55.387836,-66.604836,-93.22371,56.79433,-38.920986,-90.49324,105.484634
127.642075,62.635853,-90.47624,-82.50802,35.683903,-44.991756,-80.60503,79.186646
151.4414,49.902405,-79.686264,-109.522446,68.221504,-43.547955,-74.99747,66.02345
139.65901,36.256897,-68.44389,-96.64324,73.87693,-45.36887,-97.85423,101.609985
150.30017,59.192616,-78.770355,-112.35398,61.039684,-38.89278,-89.20734,97.613106
154.13712,82.00953,-86.188446,-121.47328,40.057964,-34.044804,-88.24245,93.558044
139.73955,57.32855,-76.933235,-104.34388,51.738728,-41.78271,-121.6057,94.04639
128.74126,91.406456,-76.28376,-91.71382,47.961315,-26.1076,-86.32785,124.34436
156.09473,88.44923,-97.78205,-113.28387,43.51255,-36.372536,-69.322586,90.08481
154.54253,68.6135,-87.04265,-120.6858,42.14304,-34.717163,-101.926834,81.779724
177.17577,88.08598,-102.32887,-137.05756,46.397663,-23.068293,-122.32521,81.39499
140.22282,93.108154,-72.62739,-112.41543,41.562737,-17.06168,-143.51973,109.74588
151.39935,76.207596,-76.35248,-125.89362,35.051125,-28.763342,-112.165344,93.17352
145.63097,98.853424,-82.477234,-118.95216,16.238588,-24.315746,-100.947815,94.39993
153.86714,57.001232,-75.514275,-129.6911,33.592663,-43.36334,-98.06677,68.89058
122.45651,54.745182,-63.038624,-99.69569,33.109936,-33.46399,-113.48657,76.87522
164.02438,85.40113,-96.05788,-128.04366,36.459595,-30.113981,-79.43175,59.530804
148.4124,75.46028,-86.18482,-118.33872,24.597239,-26.793056,-116.2735,71.73038
151.81252,61.04622,-77.099724,-127.8025,28.37662,-26.621738,-123.29234,62.02482
138.42561,71.17258,-61.095997,-122.11295,22.702671,-13.630762,-122.65022,76.48947
161.05672,77.35774,-81.939766,-134.86746,32.32253,-10.24567,-115.91531,53.20917
149.84628,94.94194,-68.18385,-133.46306,3.550284,-23.982681,-128.78906,88.23508
165.93214,105.799065,-96.8639,-134.589,2.5995727,-18.47396,-118.142166,71.767365
164.21484,96.29066,-88.189354,-138.12952,-12.492622,-32.29983,-127.76668,65.52147
158.9262,85.754944,-98.12547,-123.83648,18.227377,-20.559591,-130.97157,54.326656
140.07343,54.033012,-82.438995,-112.54238,12.38507,-45.58144,-118.011734,51.455788
149.74564,42.96733,-74.11111,-129.90956,7.710082,-46.65829,-108.36296,32.89688
155.87045,65.85617,-85.26614,-130.29143,1.7578619,-32.4218,-106.47577,33.124645
152.8038,60.216278,-72.80279,-133.96092,-7.757951,-29.030119,-120.95212,30.546692
174.54028,52.4744,-84.6747,-152.20912,11.516166,-41.68343,-123.033676,18.824322
158.5341,76.13649,-95.04371,-126.229645,12.94896,-29.082241,-143.11781,46.91043
154.35025,63.825077,-80.1909,-131.99847,-0.062936686,-37.793262,-129.56944,47.51393
163.11346,85.26805,-99.12627,-126.999115,-26.470846,-36.26729,-127.627914,31.974697
158.1048,64.867294,-79.30452,-136.76407,-4.2380123,-31.159164,-113.59976,33.374985
171.9115,67.62315,-79.225876,-151.98143,-12.992962,-34.844883,-126.35956,31.007004
161.1009,64.71971,-73.47667,-141.44551,-22.659285,-35.550674,-135.13239,29.319157
162.31181,74.38624,-87.64057,-136.17624,-9.046859,-22.309267,-131.95312,25.512285
167.02563,56.183292,-87.320915,-141.89818,-10.979523,-42.06909,-119.99684,13.896723
162.42575,62.386898,-78.29957,-139.82445,-27.282173,-45.611702,-129.01097,25.420563
172.44855,61.84052,-81.38899,-151.4682,-12.095988,-35.967587,-128.44427,23.299982
159.9666,69.423515,-79.58143,-135.73503,-28.511019,-32.685078,-141.49303,22.278204
157.66281,69.494606,-82.841995,-128.90862,-36.728592,-43.330822,-133.51437,19.91816
156.0747,45.324524,-73.59502,-135.65395,-22.659712,-42.070618,-117.54091,3.758941
180.51904,62.32024,-78.16065,-160.3351,-27.878016,-44.76241,-112.91803,-4.8395605
179.45543,86.54948,-61.123703,-161.47385,-48.745083,-22.438688,-146.30478,27.13305
173.56285,60.657337,-70.312515,-157.92912,-14.611726,-16.856016,-152.14331,12.9057665
167.98978,110.42305,-81.06086,-140.80988,-43.0686,-9.555441,-145.85567,41.4848
165.59665,75.895485,-82.0702,-141.39415,-25.563461,-29.70257,-143.74239,29.231052
168.40297,79.37018,-84.84463,-140.89214,-35.905663,-36.877388,-127.691956,26.42203
176.62283,64.44426,-70.16789,-159.25879,-30.111094,-34.276966,-127.58345,13.244569
163.72925,71.39065,-79.87071,-142.48174,-10.544855,-21.654018,-147.22955,29.726847
153.29138,97.30269,-67.96202,-134.44598,-28.315184,-22.517052,-133.3394,58.01799
184.79312,80.65978,-73.474884,-166.55338,-31.624847,-34.559753,-123.599014,23.893793
174.77759,81.58785,-66.38001,-152.73051,-53.41125,-30.241322,-148.1219,20.437141
184.56656,119.16382,-80.79989,-155.41219,-58.409836,-7.903406,-140.00517,35.352398
173.38991,63.845516,-65.76647,-154.03943,-45.05863,-27.7195,-142.64005,5.2769823
178.45557,71.66425,-76.35545,-156.54425,-39.076653,-23.48676,-132.31418,3.4014528
185.90964,74.56038,-59.34707,-165.96886,-59.251858,-24.863804,-146.18513,3.9212115
176.47844,81.02006,-81.65857,-151.13335,-41.460247,-10.640979,-149.71877,-1.5835307
178.51262,85.65958,-68.032974,-154.38148,-58.12818,-20.8287,-146.42203,13.088681
173.4765,75.84526,-70.3183,-150.51071,-49.877502,-20.228859,-140.01276,6.289506
173.80898,71.45128,-70.76546,-150.01955,-52.00668,-28.961473,-129.09549,1.7829306
175.77614,58.840656,-55.50678,-156.13593,-58.714607,-28.167162,-131.7069,-13.338621
168.76714,65.88924,-66.31466,-137.80742,-71.11053,-31.596489,-137.81229,-14.51997
186.78397,93.48964,-69.00458,-162.46223,-60.841515,-9.24974,-119.95471,-3.2255828
173.83733,73.44976,-75.598236,-140.86908,-67.642685,-25.830732,-142.72237,-14.161675
180.13837,85.75517,-52.772137,-156.07057,-72.930374,-16.361794,-132.28235,0.7114432
176.30298,68.99106,-70.38567,-152.0703,-55.425354,-15.256458,-140.81967,-14.515939
179.71336,81.44208,-54.38075,-152.58873,-77.880486,-25.6229,-147.12668,-1.5259025
174.90024,79.33558,-61.53484,-147.92668,-70.18005,-19.631042,-141.11868,-2.8312075
171.48059,72.116554,-65.51588,-138.36105,-76.73354,-29.321838,-121.44269,-17.270506
176.4561,74.37752,-52.050774,-150.2559,-76.34668,-20.214264,-110.48146,-21.894447
187.18266,85.16638,-58.33496,-153.98053,-89.081535,-24.580233,-123.57648,-16.51827
181.14516,87.79951,-64.574715,-147.43225,-83.14517,-6.616254,-131.51608,-18.888273
182.4917,59.64953,-44.704506,-153.66806,-88.18383,-24.127283,-142.84418,-32.93176
189.27927,71.56913,-60.62597,-154.54951,-91.49653,-15.302427,-132.87453,-39.75042
188.16283,84.723076,-80.53656,-149.181,-81.7525,-15.502803,-137.08778,-28.87519
173.54434,58.475555,-56.68244,-141.5817,-83.35758,-31.965117,-139.69162,-30.07885
181.47244,64.79246,-56.001633,-148.37393,-88.28818,-29.739077,-126.51964,-33.134583
191.11794,72.07158,-58.222008,-162.23419,-83.04873,-20.526625,-122.40674,-35.540127
182.95496,78.58366,-58.887817,-145.72478,-94.181816,-19.50485,-146.45642,-26.34906
172.69572,52.195694,-41.21346,-141.7468,-90.16899,-24.600395,-129.59317,-41.948368
166.07321,50.882217,-41.775265,-132.70831,-90.52614,-13.768133,-113.6828,-52.812958
187.30524,70.790184,-50.583134,-158.11192,-87.174355,-10.56725,-108.28418,-56.271706
188.16283,70.19304,-31.955982,-155.71104,-101.37801,3.710817,-135.48222,-43.72548
181.86757,81.70412,-33.34015,-142.59555,-108.46172,12.01234,-144.71321,-39.913025
196.30986,75.79949,-45.358887,-151.24681,-116.75253,1.516608,-136.79887,-59.46062
195.95169,98.05101,-42.181084,-144.00912,-125.51791,10.760641,-135.0836,-44.44365
189.68724,91.00137,-41.039017,-147.36588,-112.106155,6.481286,-127.6622,-37.479767
173.6757,46.45226,-17.448635,-150.85303,-83.77732,-8.850624,-119.45184,-50.63569
177.18352,67.91769,-47.11585,-129.10973,-111.67817,-11.71308,-131.53532,-53.863174
170.27643,44.15668,-47.74745,-132.92528,-94.56111,-16.606468,-129.55408,-63.87387
168.33969,57.918045,-45.121895,-128.43726,-99.46864,-12.527864,-114.86467,-53.448647
178.23598,61.994457,-30.146925,-143.02878,-101.98287,-0.068180084,-114.589676,-56.456635
173.4856,66.659584,-39.380756,-139.18166,-96.486534,3.9496624,-120.65094,-49.077892
175.00232,87.54463,-37.228848,-141.57852,-95.85013,9.035138,-119.689575,-25.495186
177.04802,68.51277,-52.911037,-138.98714,-96.13875,-7.925578,-126.132034,-45.658077
171.43294,71.75305,-39.572094,-134.82857,-98.27897,-9.903228,-121.293884,-34.458458
180.38708,95.03289,-42.444077,-130.80858,-116.55524,3.0982974,-110.860794,-35.2548
183.6988,62.0524,-38.943714,-152.05727,-95.68909,-11.063833,-109.393585,-60.138054
193.63496,100.381775,-59.9654,-146.56583,-111.59658,2.1343029,-127.02818,-34.794754
198.51071,92.376945,-25.26322,-160.27547,-113.8783,-2.2106783,-131.4529,-29.398506
191.33282,100.29706,-21.78927,-140.31007,-127.91104,19.04497,-138.08313,-36.524296
163.8368,75.70667,-22.71166,-115.557625,-113.89029,21.843111,-110.097305,-53.09944
167.43059,66.68208,-24.076561,-128.82573,-104.04687,1.5520558,-91.29234,-55.678898
185.12225,79.77625,-20.58832,-135.2234,-124.800674,12.366103,-97.85495,-62.52391
177.31328,98.71803,-40.124905,-128.36227,-115.75763,26.871344,-116.01445,-44.462196
192.30444,93.155785,-15.947725,-133.59294,-137.09485,8.759525,-111.53406,-49.990463
185.64348,96.3613,-34.469364,-120.898056,-136.53764,7.966963,-107.54497,-50.98622
168.97633,60.06871,-26.104239,-128.56972,-106.14883,3.1784484,-97.59767,-63.716167
179.62878,90.70419,-29.339502,-122.103455,-128.34392,12.126654,-98.40471,-51.61676
170.80399,62.395912,-32.849533,-118.17969,-118.88891,9.953306,-95.91475,-79.54114
174.22185,74.25631,-34.096478,-125.10098,-116.4949,10.136138,-87.66478,-69.74745
164.11658,69.382996,-29.712446,-119.75203,-108.05546,15.594784,-102.61348,-58.024166
179.63852,92.99059,-11.111981,-117.73492,-135.20145,17.96144,-99.5679,-48.53023
159.99141,74.74791,-12.044604,-109.46272,-116.70341,16.803171,-91.2545,-50.084026
184.785,105.95872,-46.46418,-118.85635,-133.54979,24.456938,-77.40965,-67.14254
196.20015,106.90299,-39.484608,-142.4202,-129.30528,5.0433073,-83.57008,-51.43953
168.76093,83.240616,-16.036745,-122.361786,-115.31403,16.785933,-113.53516,-39.32803
189.23134,101.63415,-5.4415164,-133.59424,-133.46371,26.027525,-93.21246,-45.866768
171.77383,67.074585,-23.954964,-117.84093,-122.2758,18.88663,-111.23506,-71.70607
171.75928,103.15522,-36.480484,-111.694496,-125.19664,24.571753,-98.11276,-43.091904
154.44093,89.05616,-18.148726,-97.68533,-118.12604,20.87855,-84.86824,-38.786835
183.69336,118.97584,-20.14957,-108.86086,-146.66583,17.026249,-71.16647,-40.207596
163.96417,95.93227,-16.709951,-106.33637,-124.24163,24.663519,-75.307205,-42.976715
166.71533,96.17822,-12.834627,-100.70448,-132.21599,19.698912,-76.374435,-45.091415
175.6616,101.35704,-30.932629,-113.82055,-130.0096,9.570097,-62.273464,-53.0202
145.46219,60.112396,-1.2881312,-93.78649,-110.86415,23.168482,-75.19728,-59.303123
168.01562,95.431915,-8.438711,-101.44255,-133.86934,21.866655,-52.256287,-58.07557
160.6121,83.61407,-19.18396,-115.49336,-110.43779,26.703775,-59.151207,-68.142944
174.84422,120.51971,-10.412374,-109.997215,-135.4056,39.632683,-85.82745,-28.6086
156.74263,89.02282,2.533373,-89.18055,-128.88289,36.457752,-91.09007,-46.72716
163.66277,92.01223,8.665349,-101.191055,-128.53242,40.22146,-58.360043,-53.54952
161.2219,104.22332,-11.448914,-98.22201,-127.442986,40.772602,-46.2867,-54.055046
154.67082,98.758545,1.835559,-80.57413,-131.63126,41.053967,-57.098656,-44.306763
155.67435,96.15222,-11.340393,-89.66853,-126.524284,23.90085,-43.1087,-50.57262
147.87938,87.56177,-3.7053573,-86.19711,-120.156555,42.692463,-54.60783,-52.616684
156.03606,98.45081,-7.8222513,-90.65612,-126.52885,41.89248,-55.78098,-49.234573
149.01762,91.57647,-13.689633,-89.71256,-118.0619,32.987522,-50.27484,-50.08227
154.18901,89.324196,-12.252526,-77.327354,-133.01909,28.082092,-51.135128,-57.643745
150.3895,87.14392,-2.763078,-72.44425,-131.94786,33.204926,-50.26031,-55.63827
166.32349,100.67398,-11.297979,-85.16015,-142.60893,30.446436,-37.73753,-63.996338
165.13802,103.64965,-17.167643,-91.24156,-136.79938,32.494404,-44.09551,-58.79935
142.70775,85.75583,5.7188625,-85.41619,-114.559814,43.373417,-46.073193,-48.20293
150.70688,89.817955,-14.21695,-69.23377,-133.20467,23.764322,-28.956987,-62.432877
140.30347,61.175976,4.0758286,-72.79012,-119.79962,25.346813,-40.787197,-72.30213
148.73598,74.007706,25.449163,-72.01364,-127.680016,36.05339,-32.30477,-66.27345
147.43896,91.89158,-7.6340656,-70.67495,-128.97354,47.672215,-27.82246,-69.24495
138.40346,61.762775,3.7497914,-65.4583,-122.099,21.499853,-27.214989,-76.46835
138.20366,69.55764,-0.32680085,-59.999775,-124.50986,26.777624,-20.592255,-73.56348
139.61723,84.568115,15.466322,-44.607285,-131.29933,37.279346,-12.928875,-56.184742
143.50328,99.16655,1.9876947,-77.62147,-120.45671,46.84733,-16.531185,-56.50038
121.5175,86.92222,-7.9203386,-54.65957,-108.08465,55.95908,-34.852745,-52.768276
128.42659,70.63974,8.0566,-70.20919,-107.38887,24.780302,-18.169905,-62.6922
132.49777,98.17904,-16.039953,-52.394936,-120.80624,46.075035,-31.063103,-47.64376
150.6655,89.59013,10.649712,-47.869633,-142.39278,30.752008,-19.51262,-59.672295
140.92822,93.38639,9.1632395,-65.35324,-124.71869,39.293945,-14.811169,-51.77635
127.858826,79.045876,-3.2140067,-44.502827,-119.646355,39.70686,-1.9792576,-69.145226
160.6379,123.96322,-4.26007,-78.968285,-139.80042,37.370617,-2.5564194,-50.86927
133.47017,62.136726,17.403553,-55.369522,-120.162674,27.311304,-13.526773,-75.52474
135.33391,104.778656,8.615415,-56.00133,-122.84422,56.955715,14.141396,-61.417953
121.98939,76.470406,0.848792,-50.753582,-110.790665,45.20297,-3.5334244,-70.12472
134.21684,84.72716,10.750486,-64.45468,-117.202415,50.85046,-6.005495,-70.7366
134.67113,102.68033,7.1804466,-33.288826,-130.28622,62.93777,-19.83053,-45.284378
118.93512,101.40143,10.996143,-58.12345,-103.28954,56.426773,7.2345505,-39.76052
123.49399,109.051094,7.6731243,-46.56153,-114.11844,48.86722,2.299696,-25.746988
124.524345,107.42585,0.77554446,-40.26163,-117.7347,48.09923,2.8728848,-31.500628
140.39876,123.420586,-5.9815063,-54.32089,-129.30177,45.28008,-1.7930393,-29.934052
113.51824,70.10706,15.523908,-43.644196,-103.66824,52.524975,-4.301647,-58.56272
139.13864,128.00195,1.785121,-40.022453,-133.35695,54.38001,10.584623,-27.73943
126.0238,103.55312,4.675967,-48.96016,-115.98731,45.422253,12.009714,-42.574444
116.44849,101.23889,-2.8448825,-46.931423,-106.57955,55.533558,13.416271,-50.810974
129.3312,86.73523,26.96936,-36.09709,-121.15663,50.081535,0.9990139,-46.141598
115.76053,92.57328,-12.200969,-24.678434,-112.44207,56.556496,2.9432278,-57.24185
116.65896,84.66699,12.991073,-41.499744,-108.261154,50.57854,12.160814,-54.67788
99.66695,67.433304,1.187777,-39.339607,-91.42126,37.244484,7.036543,-58.597515
112.845024,117.006676,-2.6617675,-46.134995,-103.09268,51.38,10.941217,-16.257044
91.350975,85.565765,8.4529,-34.77008,-83.917915,45.09771,0.36377525,-15.597356
119.89813,96.03775,33.1084,-46.901917,-105.324394,37.438602,2.17696,-22.869837
111.18565,114.546936,16.472801,-39.978516,-102.58056,69.22371,14.193308,-16.394997
87.863884,71.794846,24.610968,-9.089927,-83.64238,61.253147,14.677195,-26.131666
102.255806,121.11565,-4.840156,-26.92598,-98.42852,58.920338,40.22291,-20.41929
102.088196,87.07181,4.818167,-14.145896,-100.91496,37.9621,31.73687,-34.433716
101.190414,87.3742,15.41575,-26.579748,-96.56219,59.62224,13.834158,-33.29702
100.89846,85.13078,3.8443956,-21.572231,-98.729904,50.02484,13.388147,-35.94711
94.926285,96.89298,18.655407,0.79478884,-93.0659,61.443512,22.992533,-8.663243
94.533066,115.6125,0.063792445,-19.611227,-92.538284,61.17286,32.962337,-9.521307
103.947105,117.81023,4.33378,-41.954086,-95.06741,60.910202,39.827194,-32.646454
89.14174,84.88963,10.738466,-13.081873,-87.66008,61.649292,6.3788395,-22.278397
81.98323,83.62715,20.127241,1.1383096,-79.284386,61.032803,28.737621,-11.914025
97.02706,92.11542,22.30699,0.026843078,-94.316216,59.254696,40.665783,-20.601402
94.399414,97.30622,12.214636,5.1127195,-93.74584,67.859825,45.475533,-25.161076
96.337944,104.99286,29.855364,-10.07984,-90.9675,76.78568,41.377872,-12.666212
79.085396,75.65051,20.418665,1.5951437,-76.46685,62.68539,44.34789,-31.424063
98.55962,105.67166,16.72871,-4.190964,-96.83079,70.661835,46.45175,-21.410742
92.31468,82.97741,7.34463,-3.0212321,-91.792206,54.827465,41.294445,-40.998253
103.54347,82.82663,10.0143795,-3.7283103,-103.07944,49.991337,36.58774,-42.554585
87.88771,90.2912,8.490587,2.1712403,-87.71437,65.68173,40.336624,-29.90662
69.27662,84.3875,6.2954326,1.3667521,-69.15248,57.476532,43.42571,-16.42402
87.62705,95.358536,26.22003,-5.5382376,-83.52034,61.694107,47.02392,-12.570135
73.73771,85.65629,17.943848,0.9574135,-71.52656,59.82033,48.149303,-13.408582
90.00694,124.239685,-0.8744285,0.39909396,-89.90366,67.98642,56.85793,-3.5797527
68.68952,98.389534,7.791461,-5.305024,-68.01413,53.877014,56.244392,-6.703498
97.4115,102.8494,31.791853,-1.2432938,-92.15203,56.952827,46.114532,-3.9814098
75.70337,113.7717,9.02236,-4.9478884,-74.76618,80.55778,51.23331,-7.112508
66.29857,101.43101,7.1296215,7.6611342,-65.65936,69.11968,42.84462,6.749757
59.13755,93.01344,19.2372,-0.26870972,-55.89369,57.8806,54.10764,8.571384
83.71977,102.65111,22.185982,21.045067,-78.21651,62.874355,52.761547,10.694391
68.271515,97.63964,7.0813823,15.940735,-65.809906,65.607506,59.329594,-1.5017478
73.229095,113.10973,4.1927276,9.544288,-72.475914,55.173943,54.16476,18.038963
76.02014,119.687355,2.2652028,19.32702,-73.29152,66.58401,58.890774,19.741539
74.93372,113.222404,-3.7214494,7.2094493,-74.270065,47.239975,57.483208,13.279911
65.530525,85.1473,13.429605,4.084095,-64.10298,47.505924,56.207127,-5.8672876
57.909412,91.45661,16.26058,7.4439144,-54.97456,47.062824,51.758213,18.872028
55.46226,118.293335,11.006895,6.1291566,-53.759647,71.61939,61.909023,30.503578
59.860252,112.93278,2.447553,-21.010286,-56.42743,60.759792,56.175217,1.6047356
45.01458,79.6198,-8.66221,10.192382,-43.372955,58.211628,18.54531,0.18134618
54.176216,102.63924,5.1722956,20.296152,-49.742992,56.45918,48.943546,34.104885
49.92557,86.40746,5.1643395,18.77917,-46.08178,55.238083,48.175648,17.559269
68.48951,112.53916,2.4920945,26.837929,-63.381283,66.35712,61.008698,23.256403
53.2852,100.50373,15.730355,25.807775,-43.55289,70.394,51.8217,35.505108
72.70016,105.66131,22.422377,4.1312933,-69.00997,43.83728,66.004654,13.603877
55.10955,96.06378,10.988881,-0.20228648,-54.059788,58.937523,55.168365,8.369281
65.473755,103.214584,-4.736284,17.252289,-62.83912,55.744614,45.696293,15.732259
46.22026,77.699745,13.458796,10.15822,-42.63191,34.573788,70.6445,0.50517964
56.496128,74.42488,20.403002,19.241167,-49.280106,56.31012,60.947304,1.0808232
60.074955,58.7218,22.031643,37.888027,-41.20373,61.83519,61.48013,-5.4796515
56.984646,69.996544,26.70133,11.999053,-48.86484,67.466194,54.13477,-11.08481
31.169897,69.75538,15.14302,14.795045,-23.422901,69.34372,57.960953,-18.029285
61.73646,75.564545,30.982843,23.368317,-47.736454,56.052395,50.399124,17.725124
40.193283,77.604065,2.659653,15.5434065,-37.342175,48.39145,58.9317,7.675934
46.565983,59.1909,3.500086,31.636475,-33.567886,32.71711,56.864994,10.759876
50.960922,94.89468,-11.138822,32.08559,-38.369766,48.056904,62.124264,29.61056
54.558598,109.144684,41.19847,14.376462,-32.75416,52.008583,73.60152,58.221558
40.804604,113.4463,16.255007,4.84076,-37.082436,61.52383,77.125534,37.53032
25.951878,95.02311,-6.6693535,21.466305,-13.135189,60.697353,50.079334,47.912037
34.333443,95.26616,6.727758,20.213575,-27.19313,29.661144,69.79042,51.004948
43.616985,78.08369,9.906964,33.54958,-25.664612,41.06351,65.8425,37.988808
43.370678,120.72386,1.1196047,28.137035,-33.41063,64.97409,86.613464,50.578335
55.085304,91.78507,11.070709,32.617382,-43.012566,54.381557,65.10939,31.381306
56.92872,80.32281,10.929826,40.949047,-37.942616,62.0676,62.987045,19.796568
37.906765,106.41106,8.767971,18.207836,-31.691399,60.56137,78.47064,38.76982
75.414955,91.157,39.47404,43.797916,-46.986454,68.446594,64.113174,37.49663
49.28682,96.07299,7.288488,38.377094,-30.030485,71.92797,78.23732,28.511663
40.74963,95.253426,7.192097,32.182636,-23.86767,54.25294,89.936905,34.73958
37.294388,92.27691,24.92537,15.395804,-22.936125,56.919964,75.78175,39.243515
64.479675,71.88718,19.275114,60.939243,-8.376058,67.16895,50.8106,45.312325
40.819008,126.289734,18.65981,26.441977,-25.173872,62.791706,96.75801,70.05748
32.233097,92.37432,8.37224,30.707138,-5.3036885,65.03678,73.82776,53.90438
51.08514,134.92186,32.641033,25.57999,-30.170277,71.2714,70.740814,91.15313
35.262466,116.05738,9.100001,33.548786,-5.8265905,80.98744,66.14903,79.49483
38.343838,94.40126,22.707813,30.015892,-8.4913845,63.23839,75.69359,63.937576
57.31492,115.221794,26.058084,46.97809,-20.235056,72.89976,85.20781,78.10086
41.307537,122.0989,18.577257,33.711533,-15.247225,70.67434,93.41435,77.95886
49.78595,105.52162,21.55192,44.58589,4.867853,76.13165,97.89641,77.98149
56.420853,121.04758,11.372164,49.723812,-24.424843,59.898483,90.837814,78.54645
44.14624,120.805626,26.412584,30.387209,-17.728916,70.29908,87.43625,78.684494
37.16601,94.65266,3.4451308,31.803762,-18.845242,58.80219,80.993,39.77179
52.27825,74.87166,21.052315,47.84835,-0.26685807,60.92833,64.79666,60.86725
33.465702,99.43096,-2.2403631,33.38927,-0.9251701,48.689438,87.47803,65.37047
40.36184,84.92533,18.255281,35.889275,2.9932847,52.494434,81.34755,65.63355
36.28102,75.060394,20.276365,29.605696,-6.477289,51.907513,74.46384,45.35701
49.755024,80.14674,19.180727,42.90948,-15.900803,47.874825,76.58519,50.50228
36.147266,89.984024,-9.849879,34.635612,-2.1392963,56.01512,80.51213,38.56609
36.336105,92.73922,-1.5551327,36.18153,-1.5889441,53.51913,72.92282,63.21698
36.487156,84.881165,27.873,23.552181,3.3159056,51.17999,78.63063,63.29593
47.024593,68.09415,7.870168,45.57973,9.262473,51.063232,71.08862,55.091003
61.77631,67.19049,23.381277,56.234856,9.888802,44.132664,78.2543,69.70877
36.59662,91.02506,8.161068,34.57801,9.0502405,55.586666,81.45834,70.96096
59.624344,76.90131,21.060545,53.85571,-15.401673,56.25882,88.22476,43.59992
47.55129,78.54696,3.6895764,44.327938,16.909485,59.546265,83.50769,56.459805
48.19816,79.25276,23.92649,41.673782,-2.4715266,37.957275,87.63953,61.3008
50.160366,53.64525,22.022438,41.813908,17.329407,51.190258,75.34314,47.000694
43.624104,62.913136,4.221516,43.089478,6.4598246,42.11234,75.98566,44.148823
35.820736,69.95054,20.260286,21.71211,20.035664,26.412138,88.43909,39.578514
33.69718,60.888344,8.511694,26.408333,19.152819,31.883657,70.379395,54.223335
60.03853,76.69583,8.25548,55.241425,22.499517,51.262325,78.68385,80.56028
54.21773,72.74796,10.807542,49.98422,18.38849,46.664204,77.38786,75.4143
49.953884,67.35273,8.4214115,47.635544,12.624011,47.80035,78.6743,57.87912
50.495205,66.99545,9.912281,48.426178,9.753297,49.28686,75.513016,56.671375
49.296455,59.410122,13.394339,41.461147,23.077368,52.56746,71.3571,55.987602
42.3239,60.830193,11.71752,28.45298,29.020895,35.533665,79.75896,50.524746
56.68774,60.888344,13.49287,45.2509,30.505726,41.18072,61.009087,83.04436
62.53752,58.353214,12.462704,55.5601,25.73949,34.780758,73.09413,77.34353
55.64652,67.390915,19.819689,51.978592,0.3520827,39.640896,81.8656,56.953915
59.479515,53.970512,-7.252795,52.434643,27.304302,38.212646,80.90146,33.341305
48.314075,74.60607,18.987736,43.676136,9.311726,41.59335,74.386856,72.511024
50.08883,49.458473,6.613894,27.916246,40.570713,27.994432,72.40901,44.130665
79.329315,35.630825,32.386593,59.019352,41.856583,37.729008,63.067776,77.19335
45.861374,92.47874,9.126368,41.91294,15.715436,54.762505,86.43848,82.97292
65.529175,40.399517,24.715347,46.67963,39.11436,41.20947,74.58188,62.830353
46.21136,81.85133,18.290386,35.200844,24.326326,57.278072,89.32829,71.37966
71.349365,37.09575,27.67322,46.215405,47.324905,53.207222,61.624203,68.86217
49.244694,73.074135,9.602722,43.028942,22.069391,61.327923,70.11615,66.160736
64.78806,60.57227,9.66851,55.700516,31.853113,56.64966,59.71462,70.403786
44.582832,79.760994,18.908348,30.22237,26.70959,45.478306,69.71539,91.38339
53.628933,63.071884,23.764454,34.169678,33.78118,42.0063,61.16798,87.616234
63.280254,67.78116,12.636996,48.887173,37.854965,60.83911,61.644985,83.69325
73.86794,69.01112,23.294222,52.24907,47.49399,61.494373,76.519714,98.65311
56.718742,75.32357,15.8442745,37.938126,39.26486,55.26787,79.7262,88.32331
66.02651,61.98803,16.545853,53.74543,35.11234,55.42957,70.800385,79.602936
53.521023,83.02409,8.547513,43.405357,29.935371,62.4604,72.434784,86.43126
80.28738,38.64118,10.270363,65.038895,46.394356,46.570408,64.04208,59.468708
58.4642,77.04098,31.77328,40.934628,27.005621,43.999027,80.483,91.5388
72.5,49.87547,29.961758,31.58493,58.180885,52.688347,72.57994,75.144615
65.09236,56.67506,12.154508,29.22593,56.879223,53.910797,67.03836,62.16426
81.24048,55.52491,16.84688,65.661285,44.853546,52.73579,51.631596,84.91592
59.960403,80.39317,9.435484,46.90999,35.58801,53.68688,84.02164,91.78876
71.26184,64.32146,2.4004958,43.787704,56.154163,49.50208,87.38014,61.789314
87.46714,44.955532,14.598418,47.555428,71.95518,45.413883,69.63487,96.0146
99.76723,74.251686,19.4006,76.70659,61.276615,65.31423,68.93672,118.87859
98.553604,46.535606,15.223833,52.39914,81.57323,48.115044,85.71217,83.80946
85.55261,62.80376,30.384996,55.099583,57.828957,52.18423,84.62572,109.46366
71.513985,81.981705,7.8769736,50.580048,49.612335,48.097107,89.66051,109.66609
72.44351,57.67636,15.739346,50.187637,50.11839,41.03243,82.87695,90.153656
89.505936,39.179874,23.865622,66.57146,55.42091,51.52513,87.71086,72.905365
77.97596,65.38731,24.419899,57.81075,46.213684,47.013546,97.56856,92.53143
78.63563,66.0724,3.1671548,53.193363,58.29885,52.082146,95.01889,73.151985
76.97605,63.69066,5.864482,31.672434,69.98007,46.212578,80.01337,77.80872
85.028305,41.728287,29.140574,34.65377,71.72329,52.310204,63.06926,92.08707
72.05944,76.86067,11.297472,29.169376,65.08135,62.571613,69.961624,104.88521
95.924446,66.47556,-7.410682,47.619698,82.576836,57.521484,52.25837,96.492516
95.03716,95.17747,-15.811118,59.859398,71.96915,47.652687,67.69174,142.56944
69.89278,92.45269,4.0931735,29.912832,62.810467,36.403587,76.48683,136.07307
92.79682,72.72208,2.0729337,50.9547,77.41855,48.492878,76.87923,126.87186
100.4353,57.881344,2.1224236,46.694035,89.19332,45.254814,73.47632,116.2321
79.10436,60.763885,-2.8042455,31.461103,72.5754,19.865934,69.77956,113.52997
86.065384,33.256577,21.065224,34.514492,76.04434,33.994198,53.65551,99.89621
84.412674,77.62248,5.738235,32.893696,77.68916,57.651173,73.70598,117.92492
94.57536,44.860897,17.40968,33.540627,86.39498,32.149296,69.68399,109.01635
94.27221,63.2159,-5.7504935,36.75172,86.58233,48.097,54.856426,113.87259
114.01864,29.427877,13.6067705,37.04339,106.820625,38.70576,52.428196,110.89618
75.168144,84.75996,7.6539793,36.60718,65.119736,56.302174,55.72594,131.45921
114.48253,49.638695,7.6660843,44.716095,105.00192,55.29353,49.102966,116.80066
59.929123,112.23859,10.547341,35.303173,47.42485,52.877308,67.6539,145.9553
89.96944,59.052944,12.66935,36.261406,81.612854,46.93401,55.3504,125.348404
110.3687,60.977455,5.1711693,37.840492,103.4353,58.125553,61.400402,123.21367
109.04242,64.10928,-7.4737306,52.904682,94.83808,39.45786,79.47438,129.92563
100.3307,75.12323,-5.518139,44.159473,89.83037,35.966187,72.62663,145.28748
75.50662,103.81715,-15.156169,38.134903,63.371994,41.8762,78.09833,140.30084
113.85078,61.573128,-7.225995,47.69132,103.225044,41.05646,56.791996,140.36223
96.55569,88.147606,7.2165565,24.936068,92.96587,48.018204,65.48746,160.2107
88.605865,91.43851,1.0149099,25.49513,85.13311,51.15937,55.640083,154.77762
117.30836,54.212543,4.039803,32.806095,112.74587,51.243465,54.206623,129.30595
120.31313,70.23176,1.34423,28.31693,116.888145,43.840767,71.684586,151.6272
102.63284,84.48225,-11.271633,32.86917,96.4193,32.20965,55.319584,165.3483
113.2144,45.68643,21.710287,35.410046,105.38343,43.225597,55.151596,140.69283
94.52645,84.69947,2.7844086,37.591537,86.62333,60.13329,68.41269,141.63866
108.02893,79.834206,-1.891206,18.007973,106.37479,54.462067,60.59063,143.19318
111.97879,69.86773,-6.5300794,41.39096,103.96764,49.822796,33.513103,144.72238
99.025246,80.78676,-2.9496868,31.218027,93.772766,47.406425,58.58949,150.47958
113.13377,67.433304,-15.091104,37.895733,105.26025,40.80723,55.269848,138.78989
110.02273,67.876724,-0.18488777,47.70905,98.76235,29.565111,52.20029,160.22388
99.00505,89.34484,-34.864395,38.83014,83.932816,29.583338,59.13632,142.5763
111.58769,57.360703,-0.47215426,25.498398,108.65219,16.351212,74.439865,133.27847
110.840256,57.404266,-16.214443,37.430862,103.303696,29.369709,58.274406,131.36087
98.34919,80.86138,-4.001672,30.96468,93.35184,20.139063,75.82312,156.08325
106.963776,59.592365,-24.684433,29.411627,100.0492,25.707516,58.107414,114.6017
135.9384,41.41256,2.2742546,27.607418,132.94698,29.268702,58.71217,138.08377
91.60922,94.90785,-8.984134,10.899781,90.55838,35.367725,72.44592,147.9745
119.905174,47.06445,-12.651407,35.200542,114.009445,27.306004,50.079166,133.7078
127.26277,76.727196,-19.411385,24.970102,123.296135,39.6067,63.529392,153.10742
108.02344,89.58271,-24.181185,14.523617,104.18258,27.168528,51.408714,168.60147
104.3372,95.168274,-12.306705,22.51984,100.97536,46.483227,32.93142,174.87521
110.88085,101.4806,-31.155561,15.660412,105.36254,48.279274,49.089466,159.11032
109.77847,68.22619,-0.54663944,20.679184,107.73673,20.826572,41.744747,169.03778
115.04021,81.56477,-25.509192,21.839157,109.92716,27.04054,48.378075,166.86256
87.863884,94.49371,-8.135898,36.02442,79.80776,22.978764,58.50123,166.0048
115.30564,65.73158,-17.286894,19.401485,112.33762,25.752495,56.77456,143.69937
105.74268,90.61215,-32.06112,22.615543,98.1215,24.977562,55.46013,160.87383
108.70667,63.382275,-27.61436,23.15367,102.68554,18.1228,44.54723,140.92566
125.6638,55.02059,-19.837088,28.774418,120.63631,24.502731,45.338516,148.74452
133.16249,81.229614,-36.589012,19.258802,126.50068,20.84865,67.38336,157.04529
130.0387,106.30212,-48.524273,12.9665,119.79522,16.808578,47.816315,195.37279
124.56049,107.68097,-34.679893,4.9913363,119.46202,28.282522,39.111263,199.84561
118.98135,125.64639,-41.97858,4.476648,111.25173,37.537647,34.48138,203.36316
130.43484,90.53737,-27.733496,27.47398,124.47939,21.18365,27.83145,200.59712
114.93587,117.823555,-39.872704,19.264755,106.05681,14.952507,58.34066,202.6708
123.924126,65.4858,-29.947588,34.78058,115.03678,10.070079,52.967224,163.654
111.42516,80.176,-22.253626,23.862278,106.561485,23.504103,59.025345,162.11748
125.107285,73.67159,-44.412827,30.313898,113.20551,11.543823,48.89717,157.14566
127.43762,72.49181,-31.547993,16.252684,122.31377,12.5622835,48.466537,169.28235
106.86544,95.980064,-39.5949,8.981954,98.67515,25.877598,32.497204,164.47314
150.25203,95.85174,-53.7955,26.405617,137.76976,34.127747,32.61844,175.12753
129.74435,116.071365,-56.16599,13.22628,116.30411,17.359228,49.344704,199.0887
123.68717,96.240585,-36.138367,7.022528,118.137474,14.765783,37.93107,193.65295
122.95324,96.71352,-45.181454,14.475708,113.48059,23.550484,41.974884,175.41434
121.15337,84.45598,-46.98411,22.65034,109.42703,14.538149,45.228584,162.08284
135.64844,58.079823,-39.7814,5.337437,129.51506,-5.6926184,35.965054,165.35852
121.38704,70.71167,-36.215717,12.267073,115.25895,4.9205294,40.032063,165.91003
141.912,72.914764,-51.40869,8.997737,132.0709,9.730161,43.884094,151.39267
127.315796,86.81095,-53.34526,-1.4639947,115.72912,5.893611,29.684893,171.36122
143.40247,81.02401,-50.831593,22.511038,132.13,10.301659,4.7820435,182.47308
131.2222,94.90258,-42.211094,10.538221,123.85717,15.84865,39.248287,193.32193
121.58639,68.01517,-30.906052,3.8020418,117.451126,1.5632455,41.866486,163.35388
122.65526,84.93564,-57.486397,22.60879,106.339806,7.9953995,32.702084,159.96425
115.7338,90.36731,-61.372704,4.433598,98.24704,0.9591243,34.57499,156.71687
149.67903,59.06141,-53.713375,25.294765,137.21858,-2.4304478,26.081335,165.19649
130.72324,74.12152,-42.9547,7.072366,123.25821,-4.668104,52.216698,168.17029
134.45934,56.984646,-49.45304,15.277224,124.29081,-4.5345507,36.355423,153.71884
124.72771,55.283928,-56.174072,10.007603,111.07544,-11.474879,28.708313,137.13461
129.42276,103.17461,-73.7305,11.872268,105.52997,16.345312,23.78939,154.39267
144.46193,84.64964,-62.62109,0.3815816,129.95557,-1.2586415,33.328568,177.31062
124.62845,94.640434,-51.219006,7.1282396,113.45404,5.9298344,25.393206,186.63943
133.69298,79.45478,-64.473236,5.5404916,117.26643,-17.553135,38.44628,173.06451
148.23567,65.181,-55.97055,-0.6372331,137.32503,-6.2100954,25.409193,169.87854
126.658005,72.61026,-43.687603,-8.19375,118.55642,-21.266071,23.212996,180.02591
135.1601,79.128456,-53.91232,10.233322,123.40386,1.0908763,18.5657,179.75836
119.02626,97.89407,-52.307632,11.196653,106.291916,3.228336,44.899414,180.13788
114.45632,91.149605,-58.714867,-14.655203,96.86602,-10.011258,36.644756,154.69742
120.23311,71.45628,-66.46039,10.207855,99.911896,-7.287552,4.77195,139.89543
136.62814,81.426346,-67.58723,1.167276,118.4851,4.441292,19.03915,151.91724
124.4759,59.426426,-57.825706,5.7429056,110.07898,-11.477091,16.954365,144.41742
137.78697,61.483738,-67.86134,-8.7861595,119.38875,-20.325838,22.609085,141.6584
146.64583,63.247528,-75.30327,2.1386058,126.14633,-17.726835,8.923893,152.7174
145.71547,60.010414,-75.69502,-8.833364,124.1513,-29.5568,17.781696,151.33823
136.16626,69.382996,-72.20559,11.2610655,115.083046,-24.716171,13.448805,165.95981
126.72016,65.364365,-64.32193,9.174277,108.96394,-31.983545,40.702835,156.57167
147.56778,58.883358,-79.873474,-0.4526902,124.17125,-35.350147,37.14099,130.1523
137.85228,46.832146,-65.669395,-2.5921617,120.833694,-40.72501,21.510862,152.41333
133.41476,48.10665,-64.915,1.6872534,116.52311,-20.16934,8.462534,131.89632
144.4654,61.953613,-87.54532,-4.0616584,114.384186,-33.42326,24.598545,115.47416
135.91266,58.736702,-73.809204,-0.5914986,114.04422,-32.937626,12.501236,153.80615
125.08497,61.832436,-57.85766,-13.660474,110.12415,-31.418377,18.289186,155.74823
136.44963,47.8905,-61.897827,3.4218252,121.53745,-21.42061,20.985186,139.09462
120.87183,67.42589,-67.201126,-10.800948,99.88666,-25.72027,29.312006,135.12276
119.82174,53.301033,-76.36204,-4.8224893,92.63105,-36.304565,14.78899,121.60803
125.004,62.050385,-76.106865,-6.913538,99.18046,-23.178022,17.52547,119.845184
128.28484,49.409008,-75.43665,-4.0498652,104.03833,-28.29564,7.6019936,113.93799
119.79149,61.265816,-79.09282,-3.0107968,90.05081,-36.439804,10.519318,131.6662
116.95405,48.541218,-69.50741,-6.0803514,93.74136,-30.642687,11.45421,116.63341
109.68706,49.942467,-52.708576,2.4305081,95.90297,-18.757118,15.818911,129.93335
140.28008,68.08267,-86.30624,-8.429614,110.37786,-29.462175,27.574665,120.01965
125.004,47.7729,-69.00044,-6.797891,103.8076,-50.486683,16.321136,140.78497
116.02263,40.003124,-65.141945,4.6017275,96.07445,-32.7699,3.9527512,119.850296
137.3481,60.634148,-74.42516,-22.347994,113.667404,-32.275345,21.05947,117.75019
120.791145,90.548676,-89.308624,-10.072061,80.328636,-26.310194,-7.6566544,145.27429
108.44699,75.49048,-60.44309,-9.565513,89.29568,-19.01029,-6.7510033,152.37553
114.319725,64.19356,-65.99827,-7.9307137,92.86978,-19.248236,10.840115,132.28957
109.55136,75.40557,-71.67581,-0.45323896,82.921684,-20.517084,21.447025,134.25623
116.311005,52.55949,-66.462845,-9.054559,95.479614,-24.011757,10.376802,119.1568
135.48085,69.27121,-85.17235,-10.297411,105.122604,-21.369287,16.147406,113.0988
114.64865,48.005207,-65.550964,4.37068,93.86571,-39.218483,2.8600655,133.89973
108.87062,69.641945,-63.509045,-8.69948,87.60614,-23.634224,12.306013,140.78947
121.51646,80.06403,-85.46332,-20.026724,84.307144,-26.333347,19.586033,120.85992
125.61474,73.19537,-73.8022,-35.85856,94.83876,-19.888567,-3.0880508,131.53732
125.41955,84.67327,-70.75011,-26.254717,100.33147,-14.236279,-17.41286,162.21481
119.108406,86.33112,-75.72824,-4.7205896,92.13708,-12.621902,-3.0857353,151.38007
119.924194,62.19576,-75.5586,-14.80071,91.74076,-29.011042,5.462059,128.02489
110.17968,72.30189,-77.23077,-11.178757,78.05753,-36.075146,6.049759,135.3082
109.43149,75.53973,-81.94841,-14.526163,71.48393,-21.777044,7.941971,111.110794
103.614975,40.29035,-70.04565,-7.8654547,76.167755,-35.42007,-2.0959053,95.87172
101.87278,34.95801,-52.855583,0.16990021,86.93792,-31.919472,10.450142,113.34348
124.074135,66.276054,-69.660416,-27.590666,99.37405,-33.91698,27.226484,109.91707
88.98455,74.33045,-57.416637,-15.985096,66.05319,-27.887035,-3.1689758,133.1088
103.506035,62.115314,-65.6978,-13.453257,78.658745,-16.05412,-7.2222023,116.14084
107.11742,62.625,-62.747253,-22.600014,84.479904,-19.637142,14.751518,109.75067
99.82743,59.552498,-60.447227,-14.883185,77.57378,-26.243603,0.5790367,123.96313
105.15138,77.80785,-75.31104,-5.2130933,73.38703,-12.385858,2.5546608,118.13924
97.80665,72.728195,-63.068924,-16.380827,72.84976,-22.703571,15.961277,123.9458
87.357834,74.71874,-60.81054,-23.38981,57.72279,-22.659798,-0.9907379,118.29129
94.17006,78.10339,-62.032547,-19.947098,68.08235,-15.639406,1.3956413,126.83301
86.0881,69.616615,-45.417236,-29.159773,67.31488,-15.563915,10.124697,116.24831
92.77461,26.97228,-49.69173,-23.086111,75.15265,-32.277607,-2.9902878,69.32876
82.26719,43.414112,-49.518772,-9.602877,64.84381,-24.42284,12.177687,93.04674
103.07053,69.99266,-64.83719,-27.804585,75.19416,-14.427636,18.880621,88.01378
102.14428,48.696163,-61.30915,-34.26787,74.165726,-23.315767,-9.724726,91.67407
75.61328,60.762287,-26.737354,-32.337444,63.34833,8.195496,-30.989204,112.87483
93.423775,53.811848,-54.54152,-23.9492,72.34084,-3.4117072,-21.559935,89.13494
96.04819,79.527176,-66.27139,-36.361137,59.181496,-15.253739,0.004421234,107.581894
93.11535,61.596504,-55.213825,-24.586174,70.81282,-24.780249,-15.3603325,124.26328
90.637,83.2018,-65.037224,-22.569542,58.83087,-11.775593,8.7007885,115.38393
89.35763,43.139412,-49.319794,-27.813406,69.19854,-27.228394,0.07945633,92.933
99.46577,48.965908,-62.533096,-19.04632,75.345535,-26.478592,-10.227514,107.31448
95.59127,74.69145,-67.79434,-35.53873,57.396194,-21.384016,-0.8269501,103.71838
85.248535,48.5625,-38.58804,-29.77821,70.26582,-16.688732,-13.181826,110.40335
99.14076,70.88382,-63.48758,-21.649746,73.44731,-3.133691,1.2681618,102.251236
71.12382,75.934006,-43.170795,-35.711655,43.837875,-29.760199,8.990784,103.69913
82.549324,61.609436,-49.366024,-31.59447,57.776623,-8.263016,-8.9669,97.79323
69.3768,79.56797,-31.567064,-21.363663,57.81029,16.421856,4.429062,115.69812
102.5854,89.68008,-54.250057,-54.12055,68.303635,-1.0819609,6.9914207,106.06098
82.447334,95.227356,-53.10214,-37.1959,51.214832,-1.5827706,-33.216362,131.03198
77.07069,96.40053,-51.220737,-30.657003,48.662224,6.8104525,-30.331038,126.4091
81.68164,63.9415,-35.28662,-30.421108,66.78499,9.154148,-21.24653,112.28985
69.93301,99.35613,-36.648834,-33.719772,49.281662,13.315479,-0.07394791,128.24268
73.82623,86.08027,-44.33903,-31.453964,50.047752,9.135577,-10.195267,113.6408
74.292076,58.965164,-35.64891,-31.508762,56.742813,-3.1411412,-5.9148006,99.10088
79.31583,80.28699,-46.932255,-41.053055,49.073288,-1.0861065,-1.9923363,101.81584
82.23214,87.19124,-36.850613,-45.191364,57.716515,11.481728,-19.667433,125.754555
75.625725,66.609406,-40.899242,-33.60847,54.210953,5.8480043,-26.956347,100.63284
94.79056,58.002693,-40.423874,-57.04756,63.603096,5.203211,-22.432953,72.52283
71.624016,57.533142,-37.074944,-24.88019,55.84897,-1.1121647,-43.321518,97.075356
61.29692,94.36664,-22.354189,-53.622826,19.967167,3.3981788,-12.540695,101.32956
65.17716,41.307537,-30.035385,-33.75555,47.009857,2.3394487,-24.360502,71.33989
72.08025,82.44695,-38.039677,-36.73069,48.566257,14.4477825,3.7443714,97.84577
66.295265,35.16568,-4.0450864,-38.325455,53.985603,-11.157849,-5.882469,65.5182
68.1047,51.73309,-43.395966,-34.921803,39.412674,-1.6953595,-6.4736023,49.689163
73.69956,39.964046,-15.753228,-45.28979,56.11303,8.073475,-13.52734,60.630337
63.821037,47.405167,-8.848379,-47.353523,41.8459,13.861399,-18.369967,71.500946
72.61973,56.2861,-24.207777,-46.64284,49.81492,22.082312,-22.419191,71.32097
70.22286,48.507732,-21.429754,-38.01734,54.755653,17.578293,-21.879496,78.89737
66.61186,47.207653,-19.685955,-43.895065,46.010235,9.114078,-23.11532,77.16118
57.169155,44.900063,-1.7247556,-32.5515,47.294304,15.171112,-17.91776,85.79916
47.47713,54.79108,-12.107122,-25.807678,38.417545,25.917896,-7.550396,72.83208
80.461655,50.879913,-19.842083,-54.26719,56.25369,12.943247,-16.366114,64.30529
64.27784,58.521896,-14.37048,-54.936012,30.284603,12.827757,-41.62924,80.454056
61.806274,62.709774,-8.887716,-51.51753,32.837704,30.023138,-56.10025,82.27676
78.82576,61.68278,-20.461222,-56.27767,51.290443,32.40933,-41.38597,78.716225
55.417168,114.69314,-17.770668,-50.16343,16.443161,28.144121,-45.043507,120.6037
57.077934,60.229897,-14.6446495,-37.999245,39.807446,15.79421,-39.114563,91.89877
72.67264,93.74975,-12.244596,-62.3387,34.775616,35.628216,-13.742765,98.86514
34.457005,61.375923,-1.8301519,-27.775793,20.497173,16.123053,-48.70942,74.97764
64.07738,44.123585,0.79348874,-47.602722,42.541744,34.16554,-40.649612,71.360115
52.32829,51.826786,-0.472288,-47.018105,22.615831,26.619856,-24.493353,60.700863
62.715885,35.170357,-3.4724808,-56.527767,26.991007,26.8207,-40.476803,34.891712
56.81316,49.51152,1.2066077,-45.30296,33.560673,40.594685,-46.33328,64.21964
55.97231,34.71365,13.844917,-44.617752,31.408047,18.922188,-19.077185,53.666645
66.150826,35.462955,-1.297245,-45.25633,48.40627,27.920809,-25.608944,50.375206
86.84061,68.275604,0.5389536,-71.07614,50.438004,26.70011,-15.030872,79.36516
84.54411,51.12982,1.86588,-75.31827,37.863365,29.954378,-63.501366,79.350266
74.57546,75.68273,1.5098919,-69.429375,26.941996,47.521122,-66.29759,87.35723
70.41043,88.515205,-5.0610437,-66.195,24.139437,53.370182,-57.790257,90.29867
55.246357,71.51554,4.8157845,-50.089867,23.227697,34.133057,-55.324665,88.21625
83.94278,60.503906,23.405907,-74.15179,31.767788,38.033764,-33.05631,73.879715
68.97203,65.262,-2.6450171,-57.514378,37.715992,44.453327,-32.89597,76.186844
70.785324,66.81703,1.2561984,-65.088356,27.923454,32.14935,-38.296852,80.95911
69.548996,24.622145,23.736889,-56.754787,31.877865,20.73515,-44.607197,53.288773
53.497665,33.83877,20.955673,-39.17625,30.1474,37.233418,-23.006308,54.959526
82.73461,68.17991,12.926905,-69.639656,42.75138,45.38432,-12.916853,62.970474
57.225567,33.470135,18.103758,-46.496128,27.785461,30.652273,-38.414665,58.3835
82.42203,70.53556,19.577644,-71.69986,35.908604,55.72031,-25.800985,75.953514
70.96313,77.78828,22.155941,-65.359665,16.34335,53.208702,-52.043568,86.43692
93.10151,55.387413,13.376304,-83.0304,39.90288,52.492313,-58.88134,70.88355
80.70945,91.59456,31.135172,-72.597404,17.27476,47.888027,-69.55373,106.58349
82.49848,64.02538,15.101966,-70.07457,40.77954,61.38311,-54.168354,81.55433
83.58267,71.922264,29.784945,-74.23881,25.053741,47.028904,-48.373695,90.251144
78.4781,48.167027,24.832823,-70.31397,23.712645,42.585255,-48.626286,63.456787
84.61715,42.10107,31.8008,-74.18553,26.13043,48.240627,-49.499138,56.424786
70.65276,44.87204,20.748325,-56.632435,36.79513,57.16963,-41.076023,57.788185
77.984375,45.624146,32.670994,-64.81306,28.433367,41.581825,-42.86556,66.685326
87.66734,37.822777,26.693918,-78.97237,27.223701,36.120106,-45.90444,43.280273
92.12763,50.20956,42.565857,-79.60674,18.98695,54.483265,-58.697002,63.20574
101.7242,42.92435,36.688557,-92.67057,20.921581,52.281193,-65.78174,51.454403
85.89819,69.29511,38.45482,-75.28361,14.3931055,67.28181,-72.952255,77.4468
104.71151,40.190174,53.605495,-82.42418,35.545376,62.97096,-52.506397,61.453636
93.783,45.700794,42.983845,-78.31282,27.604832,59.64248,-46.40513,55.813522
94.300385,42.67391,50.75642,-73.79373,29.358088,65.02413,-50.81612,61.95186
106.50939,37.476658,42.08462,-92.589134,31.915953,55.539165,-58.787945,41.727135
89.4249,41.97916,26.825382,-72.71976,45.321144,66.324776,-81.54225,55.67389
85.76166,72.14222,44.702957,-66.62547,30.673729,76.780876,-71.04628,95.00817
85.39065,54.36451,36.819115,-70.82118,30.102707,71.78943,-61.29185,70.65109
98.60781,48.81086,41.281403,-79.59373,40.761475,67.651024,-46.917168,66.54731
111.14517,39.150352,64.92212,-83.30267,33.92927,55.707123,-70.13916,69.46932
106.85153,41.209827,44.49301,-91.185524,34.085114,60.131817,-63.994408,60.810093
99.826096,27.060118,52.986183,-79.791595,27.601776,63.186237,-72.38521,51.50526
101.55787,34.770676,54.970066,-82.560196,19.943775,63.002567,-63.80211,47.973763
101.904366,23.075962,53.260166,-80.14032,33.37784,64.926094,-59.7082,33.191765
108.65657,43.095825,58.08503,-90.15842,18.352453,75.02434,-54.244717,34.94165
131.28786,49.5,41.58391,-112.238495,54.422848,71.41587,-82.348465,28.86805
108.85311,51.829044,61.87683,-80.507996,37.841076,80.38284,-110.99594,75.91939
103.157646,50.77401,49.572006,-73.03816,53.46066,97.31991,-79.60315,68.579315
104.05407,46.652973,54.4356,-80.74377,35.956944,65.92974,-58.824177,75.41556
84.59905,53.86093,35.89878,-69.92592,31.00982,68.22694,-55.866043,72.16586
118.79815,52.758884,53.101906,-101.54822,29.99699,61.317905,-63.394997,64.30462
128.05663,28.991379,80.41207,-84.08414,53.72113,55.996746,-84.04201,38.022125
102.52927,42.53234,56.99132,-80.68938,26.68437,68.958565,-57.3828,59.393654
112.938034,54.316204,45.092735,-101.23461,22.918985,64.74407,-53.794117,42.01545
107.52209,27.133926,64.1859,-82.8168,24.011755,71.636696,-80.79085,50.21583
113.35453,78.052864,33.793205,-99.42854,43.40105,90.32546,-53.37557,71.46971
104.730606,55.86591,51.679962,-84.266884,35.285324,73.52258,-77.898575,86.572464
122.24974,45.024994,51.78043,-95.52199,55.08588,78.60366,-74.282974,84.22493
126.950775,55.58102,60.30521,-103.735794,40.522655,71.92244,-75.40979,86.72067
131.9858,59.85399,67.10933,-107.21373,38.490536,85.44807,-84.61067,90.7736
127.594086,32.54996,53.26198,-103.371315,53.03949,69.18589,-90.40961,78.73171
133.77966,103.29811,65.17288,-113.93664,26.00722,81.29963,-59.75896,112.57185
124.95699,50.04248,57.38861,-97.748726,52.076656,81.054726,-93.50958,95.805984
131.93275,44.57578,74.88037,-94.97505,52.471714,87.86788,-67.76021,85.626816
116.66619,32.760494,58.855335,-90.63401,43.01877,73.99091,-67.264145,59.720295
128.7449,62.972218,49.69706,-109.53232,44.979553,83.83421,-72.93854,82.37602
129.14043,52.82045,62.88434,-103.868,43.638542,91.97215,-94.10394,86.57146
115.127106,56.2811,49.368744,-90.04783,52.065304,85.67376,-89.33284,95.18215
142.54846,52.27631,61.23342,-108.08782,70.24192,73.61181,-67.92204,101.4205
137.93114,59.112183,56.024857,-108.05241,65.03912,68.66415,-85.14168,118.07393
120.28404,71.107315,61.086033,-94.94342,41.601086,75.77215,-93.931885,110.89879
137.84888,40.56168,64.645775,-107.44483,58.20685,68.89309,-78.00275,86.24896
128.94016,45.01111,54.925354,-104.59135,50.73665,72.196815,-83.74834,86.86815
123.39494,52.101463,63.68114,-97.3738,42.219097,71.72962,-81.88095,91.400185
154.4128,46.661682,74.42243,-123.39953,56.356644,72.87129,-77.813416,68.47821
157.83002,43.416588,52.269928,-129.01802,74.14311,79.2782,-98.55592,58.226196
144.33662,74.711525,74.97269,-110.31213,55.707916,90.25692,-116.89627,128.54674
141.88927,64.1658,55.757664,-118.5897,53.25541,95.698616,-97.554276,99.359344
142.65518,41.53086,53.57471,-116.228905,63.527508,82.775246,-93.59305,82.63446
143.2271,44.78281,52.17906,-113.15876,70.932106,75.6616,-102.087204,107.41434
152.62782,35.022316,71.96446,-117.16046,66.45808,71.831276,-97.49217,95.12889
134.42563,47.25612,59.327484,-110.7126,47.05276,78.76035,-92.058914,85.6251
142.1698,42.825954,50.87875,-121.13321,54.525875,82.139275,-100.84837,76.29818
150.31488,25.88466,60.897003,-126.46968,54.70961,60.497646,-105.025375,69.90161
143.72897,23.958298,64.832596,-111.05425,64.18223,71.05572,-108.45915,87.072525
160.08846,54.870445,55.41889,-134.62825,65.74787,81.86442,-89.31377,79.623
163.47037,40.902515,61.5189,-140.70042,54.75189,65.74506,-115.84535,86.90313
148.56023,31.734247,59.65674,-124.33955,55.660137,75.68365,-139.62308,77.85259
170.37991,47.92642,60.098175,-142.27608,72.58243,91.76769,-108.988144,86.10933
171.766,8.450453,64.13385,-135.49005,84.76037,66.65661,-131.46056,91.54097
148.71735,50.040024,64.2307,-125.59998,46.308144,77.462,-130.92236,94.3647
151.1663,21.151333,59.499603,-119.564064,70.510155,74.079384,-110.45715,81.5513
155.70546,34.18904,65.78893,-120.80301,72.433876,75.28684,-96.92189,95.057434
162.13036,31.559467,63.781307,-122.73062,84.033615,60.106895,-94.91777,98.03117
167.02321,42.46752,44.326553,-134.85854,87.94994,68.26564,-100.372894,89.53134
172.21278,45.816296,46.693314,-150.3144,70.34633,67.50266,-128.49712,104.60608
172.46603,60.516342,59.882523,-143.15486,75.464005,75.00282,-144.9196,134.05386
156.2937,91.03453,59.2306,-133.99364,54.702118,78.9192,-123.62868,142.88309
162.21667,46.712257,45.489323,-135.4395,76.9747,65.927765,-108.49867,108.83514
165.40108,79.902306,28.30044,-148.83498,66.11473,68.10497,-112.89014,125.17943
164.48538,27.524492,62.18314,-134.35388,71.580696,65.09589,-142.20781,97.86386
152.59715,29.816103,46.744835,-129.62994,65.674355,69.96719,-123.28516,83.58229
174.0848,37.699677,51.489227,-147.67578,77.08968,62.65431,-111.879715,72.95301
191.99907,37.398403,56.642124,-160.74419,88.621025,53.835796,-125.15979,99.98384
166.83919,28.670542,33.16478,-142.29677,80.29841,59.191357,-147.4627,91.30777
171.96516,49.178883,31.196108,-149.31343,79.15107,62.794407,-132.65623,112.33677
160.34967,35.83033,40.10282,-124.844086,92.13852,50.972027,-145.3958,119.4249
166.13492,67.70709,26.6616,-137.40521,89.294685,50.870304,-94.151474,135.15425
180.25069,55.204166,49.48868,-150.53304,86.224266,50.419384,-109.8333,123.767624
158.78621,26.631748,31.809706,-131.84738,82.18494,47.300217,-131.56679,104.19574
156.10733,55.59901,25.368319,-136.4082,71.56846,55.574978,-118.50125,113.88948
165.40651,47.582165,12.47312,-145.73355,77.74923,41.244717,-120.52251,105.951584
169.56194,51.886898,28.829964,-148.13023,77.52836,48.210316,-134.81306,123.977646
187.5968,34.756294,34.42353,-157.99623,95.317986,51.729107,-135.89796,115.306244
159.29474,69.09595,15.399875,-138.37943,77.154854,48.10053,-143.47615,137.7952
189.37793,68.24634,14.216227,-172.24075,78.03432,46.622875,-132.84749,123.30531
180.12305,39.22053,21.481543,-149.62195,98.18301,43.44899,-155.21768,130.21675
191.55237,94.85911,23.613508,-172.69092,79.84997,56.819805,-125.59601,155.24255
171.42491,58.4658,27.503775,-155.4471,66.48924,42.96155,-156.49286,123.032135
191.13216,49.85792,26.700562,-173.38336,75.552414,45.410183,-140.99953,108.66748
182.9433,63.838173,-6.267208,-160.13545,88.42973,53.287113,-154.32347,112.34459
186.6206,76.819595,7.3789186,-166.51398,84.121315,33.507923,-150.14725,154.16272
187.96875,54.046276,25.247845,-164.92137,86.48653,46.61659,-159.03587,135.4097
197.16301,44.780018,24.908667,-171.45142,93.86299,48.103592,-140.13914,116.225586
198.58751,61.85669,-0.4115168,-179.15419,86.177055,42.424923,-157.64543,125.83456
190.98494,63.57869,23.8432,-167.15738,89.64138,37.85059,-168.51611,151.54956
179.41293,58.258045,12.205857,-162.9183,73.76289,32.852802,-151.23647,127.14407
197.89455,60.120712,9.360893,-180.98875,79.573875,38.826653,-139.33557,110.985794
189.79199,57.301834,2.3382819,-176.06416,70.95156,43.125786,-169.40424,110.326775
179.88051,60.043736,5.8498683,-161.05324,80.09349,53.06868,-176.70116,114.11116
190.11115,55.258484,4.123779,-170.56683,83.880196,45.38061,-151.00209,115.43744
203.51228,59.707623,-11.12733,-191.55014,68.1354,18.676159,-164.58133,111.937256
191.05038,73.43365,-10.96582,-174.31995,76.998314,38.922966,-180.03528,130.3469
200.43452,56.293873,-13.867854,-176.85739,93.10873,33.9388,-167.75438,121.127235
188.33215,71.75653,-7.9009633,-172.87762,74.141754,27.99243,-175.97646,136.0854
198.10352,55.758408,-12.790899,-175.84416,90.04022,24.603312,-163.86292,129.2063
175.12996,67.95771,-19.851675,-159.7168,69.50304,26.281225,-158.03346,119.71499
186.439,46.12212,-19.33513,-168.28233,77.73553,14.303164,-147.22597,101.30893
199.02513,51.0049,-17.279785,-181.18428,81.06897,15.874104,-153.39336,108.64693
182.84967,46.727936,-18.83326,-167.21866,72.160866,17.988106,-168.38829,100.71155
201.19891,58.062466,-41.278774,-180.11926,79.95338,12.137993,-162.44466,96.18663
185.42384,37.672935,-13.649379,-169.23196,74.75397,-4.708436,-175.5043,111.1344
197.87117,50.06246,-15.601115,-176.01382,89.10656,18.676662,-159.1881,120.28339
202.03279,60.856388,-36.598106,-183.49144,75.82623,1.6092794,-148.91457,107.683426
194.23247,61.654278,-37.6746,-173.7811,77.26118,3.5778992,-170.69531,122.72293
192.75179,77.42416,-32.781544,-179.29257,61.903156,15.270611,-174.0527,122.52135
190.31158,62.890778,-36.047127,-181.62079,44.28962,1.747123,-170.84827,93.51245
202.68448,52.73993,-40.074654,-184.19626,74.8226,6.934723,-173.69783,96.53818
191.82365,51.176167,-35.536602,-167.72946,85.911156,1.4316909,-172.64206,121.14785
204.41196,70.39176,-39.23277,-190.98454,61.369938,-3.9061434,-152.01505,108.4491
200.71388,55.581585,-50.232002,-179.75714,74.04262,2.2032573,-182.0453,93.34528
198.33258,85.3804,-65.420815,-169.14125,80.06665,8.464199,-172.07503,122.70886
205.03064,72.18423,-57.754738,-185.22885,66.0533,-10.825373,-175.96098,119.89162
204.29453,82.37149,-59.274937,-186.07161,59.748917,-9.365707,-172.34254,123.8526
210.09001,84.794235,-56.381428,-193.31914,59.730747,-0.51541734,-175.06543,120.881714
196.20525,76.1134,-58.743458,-174.4871,67.612495,-7.513812,-182.04787,123.97595
190.97856,75.47848,-64.53832,-175.19374,40.18383,-32.352745,-168.30913,107.74585
202.39519,45.28314,-50.708076,-185.12997,64.48536,-17.331003,-159.8932,82.31689
209.44823,51.538822,-54.16556,-194.87039,54.974804,-22.893192,-157.31578,72.4023
199.77628,64.93891,-73.790985,-179.31636,47.825783,-17.164347,-187.49515,78.01284
202.94658,54.150253,-70.73564,-175.64165,73.1212,-17.388914,-177.24687,84.10089
199.12323,80.07652,-73.76895,-178.34485,48.875126,-15.857715,-166.67241,102.83006
195.82597,53.500584,-49.577118,-182.82132,50.113304,-29.122963,-171.08607,98.0513
207.03925,71.79877,-77.05338,-180.60965,65.64921,-16.08051,-160.1615,98.10463
195.21078,75.30272,-78.47854,-170.87831,51.730247,-33.079456,-171.4544,112.42325
206.19226,82.28466,-93.70378,-172.98732,61.756077,-30.209044,-167.13632,113.67166
190.81114,81.63496,-75.69924,-170.41823,40.994102,-36.950184,-158.48012,111.50777
204.21388,64.81235,-83.32103,-177.73386,56.431507,-33.188652,-157.06776,91.19396
214.59569,85.95093,-69.590385,-197.80888,45.97662,-38.315697,-162.43977,118.25288
196.06631,96.16725,-91.17398,-169.06212,39.895782,-25.03593,-185.42644,108.251495
209.18207,76.76262,-92.25534,-181.33589,48.422344,-42.88102,-163.87471,104.14064
203.59964,83.3075,-83.7233,-183.27872,30.404316,-41.251293,-162.84328,98.92641
194.71779,44.05678,-79.901115,-168.06714,57.396164,-46.031185,-169.08337,85.449066
191.10289,85.090485,-100.36249,-159.7088,30.293188,-32.131233,-144.14296,77.691956
208.8921,82.27206,-104.44701,-175.16716,44.5961,-42.024273,-144.75226,88.74373
207.97852,54.586548,-78.90416,-187.72787,41.78945,-43.975147,-175.29417,81.951935
208.52391,99.263535,-114.66015,-171.31445,31.600082,-33.934532,-174.31897,89.52031
211.02136,112.41693,-97.91536,-184.13614,32.147224,-32.30189,-159.59099,120.215
202.64087,97.663185,-85.7516,-183.09982,11.83155,-49.00008,-174.78879,102.186874
219.61342,104.56017,-107.530754,-190.64616,18.095898,-45.921207,-166.36487,99.09953
217.241,74.941,-101.96023,-185.70433,47.58441,-42.7176,-173.87325,91.62195
196.37784,125.04932,-106.946655,-164.4709,8.499369,-40.074123,-175.57697,113.131905
204.02629,82.608894,-114.46883,-167.68027,19.537231,-47.942616,-157.78264,67.79994
203.98634,53.686264,-104.72123,-174.7096,12.570784,-70.08916,-153.089,47.806507
205.15485,53.854588,-114.185875,-167.90778,29.670233,-63.893333,-168.45317,49.964344
192.02637,63.794376,-108.15646,-157.9606,15.623037,-59.999775,-156.66505,57.964962
214.74611,65.7462,-128.48375,-170.35547,23.907328,-69.432106,-147.59698,41.956947
227.64255,82.690025,-116.51903,-192.94882,32.460785,-74.04885,-153.56483,91.295296
202.73259,133.57736,-118.90289,-163.91739,-7.828816,-48.94493,-177.10963,105.47121
213.52957,87.35365,-124.38271,-173.08926,12.118706,-62.69956,-149.87119,68.675255
204.48961,67.37071,-121.77873,-164.00365,6.3363023,-71.2678,-156.77298,50.480854
197.78938,80.77322,-108.15627,-165.61354,5.025332,-73.53943,-153.39348,76.53613
188.55038,74.94092,-113.46116,-149.98343,-13.223714,-67.50193,-145.61755,45.835426
197.48358,50.712578,-125.24437,-152.93436,2.3700166,-78.278076,-134.7865,11.4273405
202.87962,78.38088,-123.94673,-160.36465,-8.08484,-73.12336,-137.60551,46.949207
196.3557,66.005325,-133.16321,-144.0385,8.463392,-79.89124,-144.32692,47.011078
214.71307,80.177925,-142.66089,-160.38083,1.8462217,-84.367836,-133.88779,49.711803
205.22563,74.211266,-130.03844,-158.73656,-3.618904,-78.34041,-154.22183,49.269188
201.42244,93.96276,-121.06015,-160.98668,-2.693311,-69.105156,-147.01512,73.856995
212.27533,102.88495,-138.85854,-160.6028,-6.5366344,-70.145226,-136.76015,66.26155
207.65506,86.708206,-137.26654,-155.81155,5.4707556,-85.78161,-145.57162,74.030396
209.6904,125.39662,-148.23296,-146.09038,-25.969097,-76.82669,-144.18822,77.0424
208.30821,97.6742,-143.63942,-148.53952,-26.164146,-79.32049,-134.58427,45.596928
204.78296,81.30575,-147.71864,-141.04596,-15.489798,-80.93046,-134.79535,30.815819
206.31075,87.6192,-147.23811,-143.18869,-18.63185,-85.507866,-127.118286,41.00638
210.59514,74.91704,-147.6141,-149.86182,-13.247036,-91.61293,-126.573685,30.657665
203.67575,64.067345,-144.76447,-142.39973,-14.659386,-101.95843,-134.1763,32.41548
205.27254,85.72339,-140.41774,-149.232,-11.288033,-88.953224,-124.7388,52.529793
215.91447,94.31065,-163.68948,-138.93086,-21.742935,-99.21505,-128.40839,45.88452
195.90767,99.85302,-147.23985,-127.54933,-21.355957,-87.547775,-126.8031,59.450195
197.21515,84.44599,-147.1809,-129.41449,-20.648117,-88.595665,-108.777176,36.20571
199.96078,78.8436,-154.1671,-125.610954,-21.468403,-96.63201,-105.27243,29.351933
206.31726,83.24249,-159.4885,-123.36576,-43.946903,-99.702415,-112.802,13.1595745
223.80911,76.62785,-173.88538,-136.93079,-32.95154,-110.73739,-108.76997,-0.23835921
184.61378,81.63524,-129.46687,-123.91944,-44.331596,-101.1932,-114.44571,32.354057
206.98901,80.25243,-148.61209,-139.77702,-35.352413,-102.028915,-103.03206,19.437393
213.34377,88.3361,-170.69165,-113.98605,-58.106895,-117.6663,-105.17175,11.570769
219.32909,86.977005,-167.97519,-135.49792,-38.68071,-109.938866,-95.52518,12.002674
206.67883,57.881344,-158.68694,-129.65208,-27.773632,-116.1079,-119.3531,9.740436
205.66664,73.12532,-159.16678,-123.0657,-43.103165,-122.90924,-99.34747,15.969977
200.35504,93.534164,-161.32141,-112.65947,-38.27128,-93.97976,-97.090485,25.078478
220.76062,103.30857,-169.47646,-129.08986,-57.617157,-114.68674,-85.25345,18.477396
209.10797,75.592476,-156.40343,-132.11946,-43.394314,-105.69797,-110.79344,8.556759
220.66278,98.211525,-174.23451,-124.823135,-51.804844,-108.156586,-109.262665,18.717287
199.75197,77.20751,-163.68042,-102.43844,-50.645554,-117.692406,-103.691025,11.06784
213.6832,88.44525,-172.08409,-115.55198,-52.199078,-114.83726,-91.44153,10.9118
197.1981,80.702,-150.46388,-113.34412,-57.55849,-115.50161,-90.25922,11.211001
190.4934,70.3507,-158.78214,-91.32994,-52.243313,-113.73904,-89.29445,1.613584
198.39607,77.35969,-150.00162,-105.8958,-74.78584,-115.59659,-82.116165,-10.420904
187.52164,50.95853,-160.34306,-89.50438,-38.44027,-110.92348,-80.05528,-29.703838
197.08774,98.002106,-168.27795,-74.765,-70.34287,-105.36686,-70.70355,4.594901
217.52544,71.65963,-178.25769,-104.62026,-67.54333,-137.64085,-62.12095,-26.93599
215.64163,89.38339,-172.25072,-114.540184,-61.397488,-111.87491,-74.16057,-8.884554
208.53357,116.83382,-175.02177,-91.31983,-66.603645,-96.40118,-99.81424,18.80854
206.45221,116.62897,-169.84756,-97.12042,-65.878235,-99.32345,-78.66858,25.410992
204.58511,96.80207,-166.59093,-84.00259,-83.540115,-104.16299,-81.76701,-10.282016
210.21033,90.364624,-179.08748,-85.06675,-70.261154,-113.1957,-63.328922,-11.507804
211.76653,122.106064,-175.71404,-80.78574,-86.11959,-98.13769,-60.548786,5.733099
204.80208,63.318764,-170.41261,-84.44277,-75.70358,-131.46785,-67.25462,-29.364332
201.16489,80.6157,-154.26462,-94.62407,-87.87018,-111.61208,-63.58015,-26.55722
184.35466,68.735115,-147.36726,-81.26244,-74.78026,-104.5458,-68.12273,-22.642519
207.15332,84.03719,-177.45964,-85.52332,-64.28093,-102.47251,-56.83254,-38.842205
224.36911,86.13734,-182.53044,-89.396515,-95.35173,-123.14865,-55.05244,-43.143154
205.46046,85.034645,-171.05652,-78.089455,-83.30632,-109.56347,-67.990036,-25.348188
197.46649,90.88257,-164.93549,-80.54057,-72.80752,-100.2585,-41.776028,-21.756657
185.92287,90.522095,-148.36488,-75.51998,-82.622986,-97.169,-52.048298,-11.8543825
211.8732,105.88201,-177.97278,-82.74407,-79.70013,-95.089806,-53.351696,-21.479591
204.89326,91.17463,-167.3886,-69.774124,-95.263405,-116.128914,-55.485455,-20.969555
195.44884,91.27876,-151.96056,-68.488434,-102.3532,-115.32953,-47.873493,-20.824507
218.5745,120.89381,-181.36806,-81.59195,-91.04818,-100.93516,-31.159695,-16.03232
218.56235,101.38325,-189.41443,-65.65775,-86.76429,-116.6878,-50.2661,-17.596111
220.8263,122.57778,-185.59506,-72.77807,-94.76307,-109.36382,-42.709904,-3.964873
224.42441,125.37569,-184.34401,-58.306595,-113.873344,-114.07645,-30.335293,-13.768094
199.04333,92.775604,-160.49734,-57.015194,-102.77289,-112.714455,-30.545319,-27.855053
197.72012,74.90536,-164.9091,-51.271217,-96.259125,-117.78004,-29.77895,-42.29886
221.88524,126.9461,-182.26202,-56.752792,-112.85633,-100.49794,-20.54905,-22.842564
184.44037,50.043106,-152.51024,-30.78442,-98.69615,-120.192924,-26.678686,-60.509003
203.99525,104.97649,-170.13115,-55.18787,-98.12431,-110.480064,8.182167,-38.70382
222.8852,115.72489,-186.76697,-42.507256,-113.83881,-107.31993,-6.3013306,-37.765682
190.49475,93.8323,-157.46996,-41.03886,-98.7301,-102.954124,-15.449532,-27.119637
228.32446,119.35347,-190.35426,-36.05073,-121.21324,-101.68563,-14.010109,-44.112995
226.83763,124.534386,-193.65704,-24.047215,-115.35936,-101.11707,-1.2832909,-35.4587
214.8261,143.13718,-163.05676,-28.352713,-136.82646,-96.603676,-7.4882812,-11.986397
231.63225,127.2694,-197.558,-28.798872,-117.677536,-102.19061,5.955387,-41.02127
199.88872,114.19939,-160.88763,-21.671532,-116.300446,-119.84966,14.140877,-16.22897
202.82628,117.47021,-162.0102,-11.466608,-121.40068,-105.973335,19.352072,-22.921158
193.5549,110.98311,-148.29494,-37.459545,-118.2638,-103.93634,26.80721,-39.274166
186.80537,81.229614,-149.27116,-14.910802,-110.77488,-91.1657,10.536345,-61.12146
204.82431,101.89946,-173.86877,-21.390625,-106.11154,-97.60482,13.895288,-48.489857
216.81386,116.13892,-169.15279,-25.102015,-133.63358,-108.91217,28.574135,-49.90271
189.46371,92.99059,-154.69841,-6.3698745,-109.26958,-83.995186,8.217789,-50.707405
194.31996,119.41315,-141.47481,-7.455247,-133.02223,-74.10243,24.014925,-39.365856
202.30917,109.5776,-155.21346,-2.4179971,-129.83383,-84.02199,15.85383,-48.360264
205.2736,127.35482,-156.8939,-13.502328,-131.29419,-78.50577,14.731998,-35.251987
193.42247,94.56215,-158.06429,3.7338684,-111.36496,-91.993095,22.813229,-46.287117
213.40923,131.62827,-161.58592,-0.55426437,-139.73369,-95.370514,38.237637,-32.542675
219.7032,122.09013,-171.31366,-15.415029,-136.63199,-102.6679,34.014927,-48.43055
206.12436,134.93054,-154.62859,11.448167,-135.90431,-95.08818,15.918541,-15.122127
223.55145,137.53726,-170.71147,12.565992,-143.89388,-81.22664,33.33658,-41.255573
214.76964,134.52509,-174.07903,14.594383,-125.15013,-74.79569,44.728935,-39.099186
225.63023,140.52847,-156.89589,3.813918,-162.14828,-86.301414,37.482437,-44.77829
223.1216,145.56442,-173.63979,-8.722807,-139.91005,-81.27235,37.21574,-37.03459
201.59427,127.90328,-136.75859,43.28912,-141.71356,-90.2811,48.788334,-22.579153
214.85402,151.3704,-153.54893,10.464246,-150.11037,-73.45657,73.35954,-37.977592
220.69888,161.96373,-156.17949,-6.024257,-156.04042,-66.148964,67.66206,-43.588314
207.47409,139.87852,-152.45006,-6.6661,-140.6574,-63.51507,30.892208,-39.44227
219.44533,135.12679,-164.75687,25.39154,-142.45099,-62.449654,28.057901,-54.26364
208.173,123.93244,-154.19897,23.819735,-137.92607,-91.60439,67.110306,-39.784943
215.39499,127.655785,-148.7524,13.194303,-154.97935,-91.04597,59.037918,-50.9422
229.09659,136.70131,-158.9228,38.189953,-160.7235,-78.025826,65.92276,-54.1716
218.9138,136.62906,-141.68591,25.512188,-165.01965,-84.19372,55.433163,-44.302288
198.41623,90.16929,-130.12599,37.987324,-145.17433,-73.734665,72.033905,-83.349014
199.3422,103.81354,-130.32906,27.206379,-148.16142,-78.82078,84.874344,-79.18367
222.32367,121.97566,-156.44713,53.114136,-148.71219,-64.65616,78.69356,-72.92484
196.57521,77.21075,-139.25922,32.206985,-134.72067,-96.046,84.615295,-99.280106
218.68071,98.52696,-144.64703,54.3141,-154.96193,-77.49396,85.46796,-89.66731
232.13857,152.83406,-135.4451,41.853092,-183.71297,-66.91865,86.62715,-54.814392
209.68324,123.090416,-129.81425,53.025105,-155.71397,-55.414165,77.1936,-60.646793
223.87175,117.41486,-133.12112,67.74769,-166.73836,-66.3493,97.51022,-74.67916
194.19899,96.46372,-104.52097,71.63283,-146.95105,-69.02115,106.00278,-63.99162
218.97389,127.06691,-130.78853,59.079445,-165.20663,-55.240467,117.53371,-82.28696
207.14609,101.86296,-121.514885,54.722324,-158.61879,-59.292427,102.4081,-92.70102
221.46176,117.62785,-128.29738,64.51164,-168.25412,-54.140507,103.53256,-85.94187
230.98972,134.28421,-140.9959,55.437935,-174.45216,-65.21165,110.62779,-78.963974
220.21353,118.365166,-123.19782,74.132355,-167.03108,-54.30409,97.45567,-73.275375
201.94073,85.72339,-110.02389,71.45083,-153.75723,-62.43005,91.31265,-85.27208
216.99513,108.08164,-139.5687,86.62723,-141.66794,-50.95786,104.63544,-82.29401
211.54732,129.71916,-132.39825,72.811455,-147.91426,-63.405052,118.56181,-48.13611
214.80049,123.64288,-102.6387,88.139145,-167.04094,-52.389637,118.86365,-58.25
210.82338,122.77577,-110.64352,87.84195,-156.4393,-44.2821,130.46461,-61.85669
202.86588,143.99701,-113.14309,69.97666,-153.25769,-33.618008,129.78195,-48.925007
206.59808,129.97331,-111.06254,71.01564,-159.176,-42.040127,128.19807,-64.91301
213.1766,121.8998,-101.020096,85.95049,-166.87181,-35.869526,114.30452,-67.63743
216.49918,122.5781,-122.23294,91.52131,-153.35559,-35.046238,126.21831,-73.98301
197.95178,119.933464,-92.17918,91.6925,-149.19566,-43.516373,126.992096,-45.02748
204.69177,167.19395,-113.05687,75.28287,-153.30977,-14.328663,129.45149,-29.886715
209.35915,147.05124,-101.314865,82.36926,-164.03119,-32.21783,128.48816,-42.591568
231.89986,138.43283,-94.84252,104.31322,-184.21414,-31.289436,120.45531,-62.520157
227.98009,140.18362,-102.57021,97.688835,-178.21898,-37.29965,129.3591,-58.490646
195.61574,129.39128,-91.5541,94.609146,-144.13716,-16.355331,145.89122,-52.68099
207.78508,125.72342,-101.86282,107.946556,-145.26941,-18.903599,133.29907,-54.22944
216.63124,112.16774,-105.30303,102.31683,-159.68896,-44.722347,146.67609,-76.27568
220.99535,110.24293,-86.637276,121.63835,-162.4127,-32.381966,147.73085,-70.47743
205.28517,113.59621,-89.75239,119.38768,-140.9764,-13.131605,143.97571,-61.297874
226.82426,148.44614,-86.49373,121.2234,-171.52306,-22.301462,153.14151,-41.43608
227.02919,136.60625,-96.753975,116.36769,-169.0356,-17.762323,153.37894,-63.813957
220.78552,128.91089,-88.54106,112.999756,-167.45128,-10.071699,156.93333,-75.63869
226.83157,147.12006,-89.43982,116.85798,-172.72772,-9.450113,169.31757,-61.05437
211.66693,120.25085,-69.99507,116.21927,-162.66228,-16.18102,164.47414,-66.69539
240.01302,138.51353,-80.58507,132.5806,-183.04155,-5.2435474,165.69151,-71.939896
230.92833,119.256615,-64.80634,138.11769,-173.3651,6.1326427,159.46358,-79.94499
237.81114,112.8561,-81.44879,144.40245,-170.6328,0.7248819,171.9561,-98.18323
211.986,119.40608,-93.07533,125.191574,-143.8371,-11.365946,186.45195,-82.59933
214.22783,98.67244,-57.88705,138.05661,-153.29315,-19.981691,181.61543,-73.27724
206.23773,116.93588,-56.898834,126.056625,-153.12108,-8.041449,178.97173,-61.049896
223.34796,137.31192,-67.51572,140.27756,-159.77356,19.409296,165.64975,-56.458664
215.36554,113.81125,-57.28174,134.73413,-158.34047,8.622215,160.41544,-69.180405
195.59717,104.048065,-44.084064,122.522675,-146.11507,11.15163,167.65324,-69.95365
204.22919,104.815315,-45.949654,135.80063,-145.30106,23.3245,183.53804,-82.33304
223.24776,130.80998,-54.539936,141.79767,-163.13727,24.423374,171.67426,-63.175774
223.72807,130.19313,-64.82959,137.07372,-164.56493,12.523645,180.78221,-70.06861
202.62897,101.239815,-35.974396,140.62544,-141.4749,6.802973,175.78835,-57.02219
215.70538,131.9138,-39.882942,148.32901,-151.27051,29.552101,175.26466,-42.789448
212.43073,106.6844,-41.173145,145.6942,-149.19691,14.248152,178.2542,-63.931946
208.20258,89.27521,-27.827406,147.32494,-144.13121,24.252672,173.68095,-76.54058
211.296,111.31066,-19.036139,139.17656,-157.87555,27.37211,180.85713,-65.65745
199.92249,104.31802,-45.849262,141.89732,-133.12622,36.054157,177.82556,-79.49492
193.47609,88.580475,-20.183779,148.20238,-123.037155,29.953913,180.53333,-57.513557
215.42574,85.37857,-36.347202,166.17047,-132.50839,27.427538,181.74487,-76.995125
201.88425,92.69978,-14.052009,149.16197,-135.73047,21.178959,192.70119,-61.266525
220.56178,132.00189,-39.367744,152.67506,-154.49236,38.566967,172.78987,-49.990795
216.5583,120.13846,-30.575888,155.53116,-147.45,40.750645,179.91266,-54.559814
226.68149,133.25352,-42.289078,159.3522,-155.59949,23.910181,193.84988,-44.898647
208.88335,103.53864,-20.934586,154.29297,-138.92169,26.751854,198.5052,-58.46997
207.28,98.37174,4.027972,149.95023,-142.78812,38.194614,185.84549,-58.238228
212.68286,107.00467,-23.178629,150.93573,-147.99448,52.27692,178.91122,-76.75627
206.00243,83.47455,-16.195745,159.09648,-129.85942,49.913177,184.83408,-85.88735
224.11046,73.37575,-20.586397,176.52936,-136.33542,35.445797,198.5673,-94.51174
220.38376,76.89116,-13.018432,175.77907,-131.92738,28.41261,212.92165,-78.45206
217.41321,107.32311,-3.7115045,161.62471,-145.33664,45.17581,204.77924,-60.572556
211.01482,91.76192,-5.3177032,173.48686,-119.8571,56.453682,187.93535,-53.24211
216.20708,122.53775,-14.524483,164.40495,-139.6079,52.13152,202.14499,-43.909355
220.04375,81.96645,19.973894,173.14423,-134.29907,38.056927,204.34569,-60.85643
228.18687,85.17776,20.776506,183.68248,-133.77776,67.459,208.85634,-66.97999
204.93901,126.9104,4.0663195,160.24278,-127.810936,78.187996,222.73091,-45.901207
221.18996,95.00131,11.929844,169.76784,-141.23045,63.823566,209.39467,-71.90679
216.54907,82.384766,41.285706,165.66057,-133.40463,74.94975,203.13174,-68.52324
205.17126,105.527245,8.355712,165.74472,-120.952286,87.5334,205.55928,-65.059875
226.96255,115.53463,28.298176,177.82378,-138.15591,77.06201,198.88966,-35.690575
197.4082,117.65203,-8.637649,165.13849,-108.20049,75.941376,193.79613,-32.140068
214.76091,134.59291,24.680225,171.02618,-127.326614,55.18597,217.91823,-5.104759
214.04964,129.83932,36.25164,168.50717,-127.08563,79.190926,195.57005,-7.516053
206.12617,113.71565,22.064167,179.93723,-97.940346,91.98477,201.4499,-11.198932
213.33366,153.16739,34.26523,169.39618,-125.0411,75.50363,220.83397,13.196812
204.5405,146.23013,23.141403,153.19453,-133.3975,86.98345,212.12747,-16.149574
228.30585,117.534035,48.072266,179.15804,-133.02386,92.30889,214.26912,-30.206566
199.33264,108.383865,53.417625,162.92484,-101.717415,98.1152,214.16312,-17.168415
206.30576,104.78818,41.97439,173.71577,-103.31519,103.87785,214.38106,-29.37427
229.07913,151.5,44.445614,183.92233,-129.25906,114.02568,214.90398,2.0208657
191.78586,132.81119,24.555138,150.69344,-116.4582,114.023155,198.01567,-29.536396
199.1044,104.461716,49.13806,159.36273,-109.05847,99.91192,204.68562,-30.213287
201.94615,121.68119,54.750923,163.62308,-104.70667,102.31268,199.79787,1.3026001
208.08893,105.03481,53.97004,175.97707,-96.90024,100.42384,203.87338,-6.731717
211.3788,80.03749,60.128437,184.05693,-85.24863,109.04884,217.0106,-31.376745
215.39803,83.78097,66.57537,187.87209,-82.139915,116.76764,212.74391,-20.074202
214.41797,107.931694,48.76145,189.786,-86.725945,116.63813,231.839,-14.471541
206.74744,92.39183,74.72915,169.61674,-91.500206,111.02079,217.451,-22.320412
212.95554,98.035706,59.02017,181.69945,-93.62779,126.15476,200.8025,-25.13219
209.90608,120.81908,65.82011,176.68716,-91.89214,122.05612,212.27629,9.153519
213.76038,115.55627,72.51643,171.47028,-105.41887,120.47939,212.00616,-8.013953
210.11024,107.716354,60.508602,172.24751,-103.653,120.874214,213.48125,-25.189945
210.45639,92.34717,72.85432,178.61256,-84.38244,121.03164,218.65407,-15.97382
204.98537,76.722305,87.04502,167.00896,-81.30492,105.25853,221.20985,-29.839348
209.02844,103.00485,72.38927,170.423,-97.01977,127.449165,219.31743,-25.234905
209.90489,62.6942,79.15579,180.25307,-72.77908,125.0012,199.4623,-35.10397
197.03716,65.51002,84.430855,168.649,-57.38845,123.328255,211.8615,-27.281145
192.8466,92.389885,101.70377,148.74791,-69.26345,119.09035,222.43716,-15.826339
196.86769,110.317726,79.599075,153.68263,-93.950516,128.7405,198.56488,-6.2684736
222.11047,67.130585,101.10975,184.29015,-72.40999,141.02817,194.1491,-19.057545
204.42128,97.3628,91.77265,167.7117,-71.61267,129.03488,225.59535,-3.204253
212.22078,98.94443,93.73321,177.18153,-69.80419,142.42589,219.2036,5.283679
206.30508,96.30796,108.81806,157.79707,-75.586975,145.8355,200.52705,2.4680836
203.34515,71.73312,100.56461,168.0215,-54.910934,151.35509,194.4048,-12.232879
208.37706,96.8608,104.21675,170.98914,-58.030804,144.82513,214.899,17.701012
207.49297,89.34119,121.65013,160.27422,-51.185192,140.6534,206.59026,23.07912
217.87779,67.06504,108.033226,178.77126,-61.600033,146.06511,202.31136,-11.567904
217.9032,101.82246,114.78108,173.3002,-65.45175,162.7386,210.54378,16.766294
203.19145,65.64503,103.91437,169.1793,-42.567036,146.54027,203.92311,-7.3889647
215.49294,78.66709,124.10075,169.86055,-46.581326,153.63182,214.06738,10.533576
197.1527,85.08975,118.7749,150.61452,-44.56242,158.63896,198.73048,12.698468
208.32933,58.48525,116.770485,168.77258,-34.930393,157.95479,192.92966,-1.0029895
212.23203,72.6556,128.61217,163.32867,-43.017513,145.51752,202.1898,15.918923
205.27422,60.17176,135.62459,149.93803,-36.197426,150.42912,192.31349,4.1457186
208.83966,101.35982,135.20348,151.93013,-47.55199,184.54662,204.69298,22.729801
228.81256,72.12947,141.26726,173.58202,-47.439014,175.53975,182.35634,16.345829
206.85295,80.52882,119.89677,164.35332,-36.708,165.07245,209.74925,11.731639
219.23105,72.81207,131.4508,172.9935,-28.502678,158.07614,215.28549,23.783396
192.12988,93.15478,135.06628,133.36404,-29.728867,167.55717,198.61334,28.369484
202.97737,89.03405,130.63669,150.81204,-37.50246,171.74484,178.43846,35.542347
230.96753,73.201775,164.1502,161.0399,-22.721712,185.54776,177.50288,44.680584
208.74925,79.08224,143.48164,149.9517,-22.36675,182.38985,186.94392,35.786694
218.28021,66.1439,130.81639,172.52805,-27.040358,182.14825,192.62021,10.280005
193.67502,101.275925,135.97755,136.07382,-22.280834,192.58246,186.89635,45.403587
206.71614,59.768955,146.88776,145.22473,-4.940994,179.20052,186.37064,23.83407
203.5565,88.77192,150.45862,136.05865,-17.273659,187.27458,182.67696,48.829014
215.36046,61.147873,160.22464,143.6527,-5.9325333,178.25386,173.89238,43.963326
207.37602,66.46804,148.49718,144.86842,0.090848796,192.59418,183.7637,30.642162
211.11963,89.17434,148.52333,149.45032,-13.439903,193.57217,193.63371,49.624584
216.22803,90.0368,165.98148,137.28957,-19.419994,193.81902,188.04945,50.37845
201.54776,80.63188,144.51923,140.37514,-1.0305556,195.96765,181.03572,46.18149
214.8805,80.75039,162.8351,140.33951,3.5391774,188.07042,183.89143,66.58538
212.43661,97.3197,165.66945,132.41551,-9.78794,185.03865,181.20049,71.79854
205.72829,90.15854,153.70914,136.35208,11.191677,204.56148,184.17357,68.42431
219.70947,95.169914,175.99736,131.5838,1.8411617,198.19794,178.02528,82.05287
221.02997,86.070465,173.60822,135.98254,-16.025873,187.69987,175.79941,59.4833
215.26393,91.31984,175.30891,125.05508,0.8659616,203.12491,180.52266,67.5582
205.09631,87.79984,164.53278,120.386894,22.139585,219.22047,173.9736,64.998436
212.23999,60.721703,175.41907,118.749825,11.65927,184.74251,165.99945,48.975407
207.22331,79.62137,172.4371,112.45011,22.72553,206.5769,165.35066,71.70011
200.55486,62.16963,161.05312,116.468636,26.53867,201.01085,148.63988,62.44172
208.4747,96.30396,172.39305,117.207985,0.72647154,207.72337,145.58958,85.63222
204.27142,94.620705,170.72253,110.58283,18.530155,212.66318,153.7523,91.6137
199.03647,90.05805,170.17166,103.06037,8.234229,200.7813,161.71237,69.32088
218.6877,66.615616,197.74625,90.55927,23.34969,197.1796,143.1661,64.09996
192.23329,66.23443,160.65985,103.45679,20.531643,205.58269,132.37326,59.73294
212.17445,59.793396,184.02197,100.79126,31.265942,193.468,146.76411,68.10669
213.90685,53.872536,186.65068,101.734,24.95614,193.60193,137.79086,63.616592
230.07774,70.65508,199.09065,113.99205,17.03287,212.4515,150.40811,75.53215
220.9976,62.67488,195.57376,97.434074,32.638012,219.21126,140.2552,72.43548
217.03067,49.358543,188.28099,99.680176,41.694218,223.15358,133.62276,50.367218
228.60504,53.642662,200.12605,97.59954,51.73779,214.29309,146.20882,69.724144
211.8097,73.93708,189.6748,89.21751,31.2778,218.13188,132.15411,84.468445
215.46216,58.34411,197.57193,72.01456,47.420483,219.36952,120.55478,70.57611
216.83546,76.23383,188.34149,100.52153,37.83661,224.66112,98.33681,104.72997
220.94865,65.78411,194.69626,90.01962,53.25035,219.25673,125.14006,102.532326
217.58011,63.86334,199.5565,73.59166,46.258404,213.28656,120.52942,87.00338
208.77437,41.75793,178.11949,93.93095,55.048805,213.19328,102.47627,76.45434
216.52689,46.014263,186.7138,86.00805,68.41802,214.46336,108.46654,96.708496
219.53238,52.36352,195.51962,91.104004,41.012367,196.50441,115.75746,86.54984
229.43121,49.51152,208.65916,76.712074,57.17098,212.03004,118.29932,82.67381
225.90022,60.856518,205.18784,59.833427,72.65559,215.31369,120.23398,74.08494
204.4553,30.624298,182.69366,73.711815,55.430027,196.99397,100.47325,53.175304
227.84692,46.163433,211.31825,59.71572,60.67347,207.58095,105.43739,62.02171
224.61108,43.573616,206.65411,60.259964,63.65284,207.43126,97.48999,41.418003
203.91423,56.19664,183.14388,53.29659,71.86604,217.35262,97.68028,64.73512
204.57272,63.303955,183.04791,59.954765,69.40624,222.59901,87.60936,109.55382
208.80688,52.205273,178.19775,62.59786,88.53461,218.62126,92.227066,103.61657
222.26874,59.955322,203.64647,52.3012,72.304955,208.26714,95.82864,113.03215
223.51178,36.44945,201.17856,58.556004,78.01867,209.846,84.59856,101.913765
231.7434,37.299675,192.95622,65.88937,110.26956,212.9087,97.51553,111.58454
226.13892,87.84077,203.27823,31.386559,93.92942,195.21776,117.45802,109.77772
220.90245,67.18259,202.6676,46.228752,75.41906,215.18582,82.36432,130.16832
241.22098,52.818676,220.80962,48.928818,83.99217,216.10869,91.67894,115.09581
221.61072,59.65107,200.15257,49.293613,80.85727,218.13033,98.83995,108.62166
221.65062,68.33237,198.0647,29.79968,95.30564,222.32353,93.59639,101.58737
223.1828,66.970146,203.27383,37.964066,84.37745,228.18289,71.926605,135.54013
230.79008,62.3879,216.16304,32.226498,73.60787,219.15213,70.6192,123.32051
227.40286,52.398117,201.79588,20.128675,103.43693,218.50926,68.81871,111.01639
245.34772,68.14002,219.49458,37.60776,102.53214,215.32811,60.72652,166.646
214.24709,79.38868,186.79346,14.269969,103.73323,209.50835,81.42488,140.47849
212.3183,56.37819,190.29674,28.068455,89.52033,201.81508,58.364304,135.80678
224.55511,58.159264,198.101,13.8043785,104.76643,221.6191,56.327374,136.81596
214.68175,58.296654,192.58955,13.9182625,93.75187,209.06606,48.601,138.02917
225.76605,55.353973,203.70822,15.315781,95.97164,227.55392,45.686443,136.41177
234.82133,46.8615,215.64735,31.844378,87.01266,217.81384,48.008213,131.0321
222.17616,79.90033,203.95078,-1.4625038,88.10201,207.7307,75.348236,109.20155
249.47507,26.51061,218.79718,21.469606,118.3386,219.5649,47.761856,117.50003
219.61172,74.2079,197.76863,1.9053471,95.37158,221.00125,66.14528,125.0966
201.12573,42.88138,179.23238,20.239862,88.83247,206.54524,40.4322,115.15014
226.57684,36.824753,201.70389,-4.8506327,103.06631,207.11354,27.432602,119.64299
238.87915,25.005,212.83496,5.270347,107.80551,216.0272,17.149828,130.06523
244.02306,48.656963,216.049,-3.103127,113.36566,221.14851,42.41369,130.21104
214.8517,51.86039,186.18968,-2.9580195,107.55218,210.5785,36.26862,130.53998
218.34262,43.8121,186.3825,-3.2849646,113.44879,194.18489,35.669323,131.82288
232.84598,55.769615,203.79431,-13.296606,111.51837,212.04051,32.750565,141.99243
251.63863,38.551914,220.90602,-9.047855,120.17606,203.24849,25.467636,122.51996
228.29039,55.247173,195.55865,-18.388874,116.28228,220.9781,31.362747,115.49046
227.26416,49.30771,193.77477,-17.905338,117.19627,211.48262,17.032461,147.22372
238.79803,46.49731,188.64258,-30.398518,143.30374,217.26503,5.598591,148.58577
229.89455,44.5,188.45552,-16.875046,130.51016,216.15662,0.5144291,160.46555
227.9479,57.29747,191.80939,-24.051329,120.26059,214.80113,2.9132633,165.5814
230.44197,47.542088,195.49432,-28.585777,118.34791,202.28148,4.03784,152.03493
247.32874,49.610985,191.2539,-42.941166,150.33861,203.9471,4.5209713,149.26288
215.0308,72.91262,178.10118,-38.190014,114.592445,203.4221,-16.796124,179.66052
244.49846,47.74411,204.36682,-46.99206,125.53911,203.87248,-13.544861,160.01208
240.03386,46.75468,206.04922,-30.439686,119.47651,220.82542,-10.572418,159.42657
240.92737,58.090446,193.87183,-33.049427,139.10748,219.72264,15.333142,159.46046
221.29732,43.706406,188.56517,-27.559189,112.59272,198.78578,2.1356144,142.26527
235.60614,36.006943,179.5325,-32.850193,149.16484,199.13786,-4.5391464,137.68797
224.80214,61.39422,173.82808,-48.11989,133.82027,205.60068,-4.200344,162.7716
219.89372,63.58459,179.36963,-58.269363,113.0977,192.56348,-32.746105,170.13612
248.00201,33.440247,181.22311,-49.787064,161.84244,201.66801,-36.644363,184.85767
224.06026,77.435455,179.2199,-39.004883,129.048,199.1237,-16.998549,200.58679
226.84245,61.16576,179.25423,-41.08114,132.66002,194.31636,-22.866047,188.97447
226.65668,72.55515,174.91965,-45.654137,136.34648,201.16005,-2.1074734,187.9425
238.29027,65.667725,189.37808,-53.68893,133.9982,198.04921,-9.537882,182.10248
222.87103,79.88429,174.32486,-60.703735,124.34692,198.86229,-26.208693,192.08426
224.0675,72.54826,152.9383,-70.71659,147.49109,207.1258,-35.986614,180.93753
237.67888,71.1776,170.99701,-69.80371,149.48209,205.2131,-68.198685,212.03018
228.22632,101.96813,165.92168,-75.42011,137.47745,212.70262,-60.13597,227.09377
223.46545,84.38602,160.33849,-65.35141,141.29956,205.41559,-51.238144,211.25125
236.45772,50.857643,171.43109,-71.83317,146.09785,185.79884,-49.82122,189.51813
218.56706,51.9164,155.20961,-65.50363,139.32994,175.5919,-46.6659,182.90247
236.51282,53.190693,156.58035,-80.77524,157.78596,185.17508,-36.88625,166.80522
230.84694,39.772007,161.62692,-80.25278,144.35085,186.10133,-59.000645,167.58499
228.20016,31.977531,161.5978,-72.74814,143.87338,182.70613,-64.92427,166.45032
214.83249,47.76505,144.89293,-77.767914,138.00897,181.37764,-54.583286,158.5621
223.42574,44.264122,140.80348,-92.799515,146.26625,170.58214,-63.861492,161.89456
225.66568,42.341618,162.82303,-80.22691,134.01622,174.56506,-79.539734,174.67773
216.65007,57.920742,134.22826,-84.94281,147.45317,180.37004,-55.94419,166.20001
222.0052,44.195587,160.27194,-81.30028,130.3222,155.81302,-67.66029,172.37016
225.5837,36.609425,144.20251,-94.22019,145.917,156.81705,-63.27985,160.53201
211.0659,53.076008,138.59355,-88.190056,132.7598,165.69334,-62.981297,170.98514
222.46867,30.903328,140.40875,-81.888756,151.79865,162.65663,-63.85472,163.83078
224.42207,39.27547,144.23607,-96.12202,142.82239,151.86299,-67.36066,168.11069
215.25987,39.252586,134.25233,-97.17859,137.29904,158.26585,-74.11899,158.08217
215.98007,44.014202,126.383064,-98.550446,144.38359,154.7747,-83.65326,174.40768
206.17532,62.267567,121.29119,-96.081604,136.0783,165.01248,-89.1893,180.09238
236.63737,21.933138,128.0802,-100.654335,171.52856,144.09126,-85.9073,171.76276
204.95259,49.500156,105.17184,-93.115425,149.4125,140.16814,-90.16472,184.28372
220.24255,32.56628,122.961716,-97.86291,154.18443,128.77242,-85.43117,183.466
225.03114,47.502796,134.076,-103.71402,147.86299,144.5241,-84.5845,190.02008
214.5287,23.723751,126.947784,-81.1871,152.7609,138.3022,-72.890976,172.19382
220.06349,52.605236,122.18641,-109.58138,146.44138,123.81195,-65.19261,173.60867
208.22209,42.02669,108.41519,-112.98475,137.55974,134.71263,-88.54149,159.04118
203.10358,50.001625,105.549225,-120.674385,123.99315,144.34525,-110.53859,154.91187
217.93379,56.762947,110.223656,-105.498634,156.11395,161.73825,-123.83075,168.64142
205.01086,46.703278,94.34621,-103.48929,150.27852,129.31271,-104.294464,181.19516
212.33733,38.092815,113.365616,-118.14477,135.62129,110.523,-104.55965,171.40582
218.3072,41.314533,97.893486,-119.27068,154.1851,123.25235,-94.64513,175.55472
194.14496,62.79182,89.57634,-105.53309,135.85252,126.21816,-101.21275,187.15001
198.69107,27.802877,93.46322,-100.844185,143.6148,106.83305,-102.23909,167.6333
199.35599,24.083189,90.78793,-110.59927,138.72421,102.990654,-90.5598,144.74263
208.94919,44.01722,75.4656,-119.40978,154.15141,106.085304,-91.66049,140.22832
209.56517,54.740868,79.77573,-121.18107,151.28612,121.766,-115.98834,185.9384
229.67381,20.99442,99.16784,-120.857895,168.23868,118.492485,-127.67232,174.35681
186.68929,80.79768,66.397125,-107.48147,137.58156,123.10873,-103.42058,194.6952
197.36467,60.481533,76.22858,-112.629524,143.29616,104.97622,-102.58116,195.36102
194.67152,44.589798,67.52222,-107.751335,146.95854,96.860275,-103.096436,180.56834
196.89163,53.160137,66.90786,-118.70717,142.33434,97.78933,-89.56813,174.29785
195.64253,44.64303,75.73807,-115.972115,137.89813,100.01852,-104.85553,173.99074
167.11748,57.996227,65.64977,-100.21614,116.41578,104.03926,-107.017166,159.76614
180.38016,32.9621,70.10423,-113.93595,120.97073,87.82613,-90.390015,135.40866
203.92769,32.38827,68.441414,-124.563354,146.43236,89.75684,-102.544876,137.54579
191.09308,48.002605,55.64837,-125.02595,133.12967,97.13874,-111.40138,154.25175
202.84738,23.033943,78.88447,-124.07179,139.73238,94.02323,-119.03699,156.61607
187.10225,44.57578,56.4981,-109.44854,141.1064,97.22401,-118.65938,155.92224
177.29936,79.47641,42.982635,-121.20257,122.28936,95.05447,-100.64836,178.80472
182.08669,57.533142,52.159378,-115.00693,131.29398,90.82285,-116.78566,173.426
202.0099,70.86298,40.17619,-142.06737,137.95201,90.61637,-103.895386,169.20349
181.92255,75.41386,54.327503,-106.662605,137.30847,93.50453,-141.35985,190.63275
183.36797,63.340843,46.13938,-105.56485,142.71214,95.99561,-112.45401,181.09503
186.10481,60.32827,34.82298,-121.18572,136.88443,77.90328,-86.561386,161.31454
168.63348,57.508694,33.51717,-104.92143,127.373955,63.72801,-107.41083,176.5775
161.2653,53.695904,30.006933,-100.538246,122.38699,71.53731,-105.84001,155.4495
179.01746,37.58324,20.55846,-114.67523,135.88625,50.56496,-92.08374,133.57564
168.92084,61.25561,31.402578,-111.03337,123.47053,59.864765,-103.97798,176.9767
188.48077,41.103527,16.128117,-113.222626,149.85452,53.384136,-98.68399,160.27606
149.98416,65.0884,23.04478,-101.67088,107.9974,40.988487,-99.05942,170.46269
173.63828,35.735138,27.47666,-100.64304,138.93427,62.466007,-96.53096,132.75912
166.40088,45.543934,18.905008,-104.02999,128.71527,43.45953,-70.0728,146.85297
172.59563,39.824615,28.83995,-116.49816,123.92474,40.19697,-80.7444,136.80492
173.6462,34.132095,21.648579,-112.75498,129.92715,51.682156,-101.13869,140.88522
160.58487,64.56199,4.6063967,-97.64137,127.54627,62.715572,-93.19469,155.6943
166.11818,60.928238,3.2153435,-104.09998,129.57951,52.212124,-93.23567,164.17645
146.66458,72.263405,5.9118447,-108.70676,98.33382,36.818203,-102.49133,163.25168
161.23586,50.23445,18.682283,-106.18834,120.10588,48.284,-99.54672,160.6175
159.03145,77.57738,18.986092,-122.97415,98.99632,55.30561,-89.35536,158.91885
169.17151,52.9292,-3.1267204,-106.87113,131.20416,46.019455,-102.39145,150.59918
165.4577,60.928238,-7.0801735,-110.82326,122.362274,34.34341,-97.639755,165.48245
181.45868,48.33477,13.533401,-134.3427,120.8705,29.99976,-102.24747,153.20908
149.06877,80.02031,-13.041804,-89.63339,118.33602,47.32603,-122.98428,159.2995
175.5705,64.28452,9.780155,-113.00131,134.17023,59.761036,-86.445435,164.49843
153.6522,39.003204,2.2142289,-103.013535,114.087616,24.95098,-103.09802,145.70578
135.9053,60.143578,0.34406182,-82.62208,107.92112,44.28549,-93.380875,147.61133
151.93173,65.13256,-16.060068,-111.04783,102.52127,36.72217,-79.72099,123.37157
152.1841,53.68892,-28.0942,-73.994865,130.24635,22.172865,-90.27597,140.38269
134.0485,79.740204,-12.604329,-86.07953,102.0442,32.530445,-71.31467,165.38522
137.96104,53.63534,-3.1304224,-111.80373,80.64874,14.522753,-81.27377,121.16768
153.97179,51.29571,-12.834167,-88.228455,125.64307,37.789566,-88.26309,120.21302
146.91174,79.63982,-6.9082994,-98.28809,109.23943,42.746777,-70.73654,165.15259
143.65758,69.63656,-29.556995,-104.876366,93.405365,14.126127,-76.00589,139.68909
144.59274,63.530014,-20.782331,-90.35439,110.936386,35.0001,-90.61218,140.75204
136.3644,91.55599,-18.4321,-93.0603,97.54969,53.958057,-78.38371,152.4848
142.17793,53.233566,-18.151512,-78.754776,117.30552,31.26705,-83.454666,136.16826
151.27458,66.61503,-27.917599,-99.92501,110.07543,25.956396,-69.35982,134.05997
136.19586,78.62251,-34.268505,-78.36342,106.43607,30.803167,-92.67389,147.45715
136.58423,88.578,-38.437275,-86.90563,98.04608,30.480669,-79.27919,152.92267
133.32222,77.79621,-38.273155,-85.31167,94.649536,25.345284,-80.793,138.62312
121.8834,74.44125,-20.117504,-66.86742,99.85146,19.536303,-70.29355,162.63043
135.39964,81.732796,-43.156704,-81.71507,99.29782,16.401588,-49.79597,145.33948
140.56427,50.30221,-47.62202,-84.136055,102.39794,-8.858523,-60.43899,124.24338
132.09183,42.49706,-11.743197,-90.12226,96.0643,13.413287,-85.09079,129.96475
114.149025,69.94462,-30.797977,-63.062458,89.909035,20.821775,-71.44119,136.0987
130.00409,65.16757,-37.16359,-88.12857,88.37934,5.3429403,-49.03938,117.507065
129.94806,67.302025,-49.27712,-63.5055,101.5494,8.682756,-72.17578,135.02977
115.43938,103.20399,-42.92397,-76.51997,74.54724,16.102684,-48.791367,155.47282
118.9141,59.49422,-45.882553,-66.7529,86.66796,6.7645206,-65.518845,114.335495
126.1398,82.17293,-62.437035,-49.047367,97.684715,4.3101435,-56.356174,145.08061
123.87399,84.64337,-52.88063,-72.82666,85.39778,-5.341426,-44.40383,148.59903
126.94148,75.06924,-70.02172,-71.65595,77.56373,-21.201288,-51.008617,130.89877
117.12714,92.390816,-54.464245,-62.11906,82.642715,7.504629,-53.890736,150.5281
117.79325,70.99131,-43.1863,-70.52475,83.88352,-6.0843735,-47.432026,139.64238
115.18579,60.321144,-48.664783,-62.14263,83.93807,-9.734413,-52.454433,129.34464
103.35285,46.694653,-47.37936,-41.311893,81.97514,-15.547443,-41.879807,116.298416
125.661316,46.118774,-57.234222,-60.873062,93.68121,-23.26721,-32.428078,108.2545
121.30786,36.68026,-38.442516,-66.30861,93.90874,-21.116209,-42.734043,116.23128
101.63115,68.82839,-51.44191,-57.612118,65.703354,-3.3305972,-63.303337,115.01262
101.44949,68.94815,-58.14241,-47.99351,68.038246,-0.715667,-60.292477,104.266525
127.54535,66.46434,-64.00438,-52.57385,97.18354,0.20896888,-44.47946,112.714
108.06993,73.56738,-53.867188,-39.234344,85.039566,-13.200071,-42.40661,146.08
112.27061,56.42376,-39.260185,-37.95686,98.18046,-4.231838,-25.320477,139.9737
112.02519,65.907814,-56.01946,-53.41033,80.85406,-8.02569,-26.135069,116.674835
104.52222,81.80241,-70.48735,-30.224945,71.46724,-10.088813,-48.317986,123.328064
100.04551,78.452866,-56.25121,-29.794022,76.55715,-6.4936275,-37.20612,136.89291
112.65053,50.72417,-78.39535,-34.613842,73.19468,-36.418743,-21.076813,98.099754
117.95719,55.681152,-62.15778,-57.836254,81.74723,-38.61787,-21.471382,116.893295
119.61568,68.37857,-70.932976,-45.18116,84.67689,-16.28834,-50.155544,125.746254
104.7961,82.00384,-73.04198,-45.306362,59.69182,-26.79105,-34.37881,127.065155
100.23225,72.63567,-67.315506,-42.069645,60.5167,-14.83496,-46.517487,111.21381
113.182945,46.540306,-66.096535,-35.061813,85.23165,-31.79334,-22.090076,113.96309
108.18734,89.85579,-72.40628,-48.501568,64.207954,-22.505598,-2.6898994,122.73531
116.374664,29.736341,-56.899364,-29.706507,97.155304,-29.427692,-21.696167,105.12393
106.335625,63.293465,-62.9283,-33.135918,79.387314,-14.903376,-14.899727,116.26315
108.30577,51.597603,-57.64701,-34.66637,84.79194,-15.872879,-18.335573,110.644806
106.91651,82.972885,-68.333725,-33.320698,75.294876,-3.7582915,-28.895927,126.7323
101.41129,106.89664,-70.46517,-32.95392,65.344086,10.103281,-19.413078,133.83194
96.01692,71.54598,-66.559296,-21.056185,66.174,-20.629496,-21.924805,120.924164
98.31645,59.279133,-59.351906,-28.811592,72.84049,-23.697985,-13.66291,118.30983
102.74795,61.180573,-65.50718,-30.620625,73.224304,-29.842026,-7.58202,117.17328
106.68704,28.294212,-45.717857,-16.282778,94.87096,-22.487684,-24.31424,108.83699
102.71715,73.94086,-67.13567,-23.592558,74.05879,-12.14394,-1.1038208,118.039276
100.97586,58.9433,-65.86298,-15.780062,75.02893,-20.115913,-12.156698,112.461685
120.44838,80.82427,-82.67673,-35.41324,79.578835,-14.723544,-10.683212,115.618805
101.09711,96.78746,-68.7748,4.1432557,73.91191,-7.5220566,-31.266136,140.21272
97.97768,62.339794,-58.215145,-20.73058,76.250275,-22.862312,-5.8021774,125.241516
99.35448,67.086235,-74.35986,1.377161,66.130684,-18.988144,-0.5059433,103.86977
107.585144,55.692234,-70.65405,-13.029792,79.88358,-32.886333,8.296072,115.2787
100.4241,39.73978,-69.90567,0.8909986,72.002556,-38.953827,-5.454117,96.31914
86.579445,53.629517,-66.11783,2.0268304,56.457012,-33.789047,19.795132,94.95547
90.33064,42.175972,-65.8002,-10.682807,61.287487,-32.57816,12.863808,71.616425
103.383385,35.20032,-67.83189,-3.6278155,77.70778,-34.655582,8.59127,78.42203
93.882904,40.16295,-64.972916,-10.053532,66.90133,-33.064243,3.8110943,87.317276
93.15176,33.92731,-62.041634,-8.596364,69.170654,-33.072083,5.333679,57.909897
102.609085,43.64935,-64.68904,-9.873553,79.356445,-24.869188,7.806122,75.76094
84.751564,34.25091,-46.889484,9.359665,69.93444,-20.66627,9.079027,92.37606
87.28661,47.9298,-62.636997,-18.318731,57.934387,-34.48722,12.180891,81.71148
105.84659,61.791103,-78.50726,-0.6539104,70.87766,-18.063978,-2.6768112,83.544945
89.50733,88.71734,-75.24589,-18.19271,44.51319,-25.432634,0.49034882,115.76561
90.01424,79.12964,-72.72327,0.841271,52.828537,-17.238241,-11.4891815,107.67945
89.947556,75.216354,-80.69259,6.770255,39.169743,-32.2244,14.336363,96.49823
98.45462,25.707792,-62.254955,6.6501646,76.266136,-36.909904,5.414627,72.05424
91.43083,58.053886,-76.298515,-6.0747313,49.80015,-42.22327,17.081581,90.753525
77.49499,27.196335,-50.68095,-8.28177,57.928898,-29.088129,-4.428303,74.4297
76.86801,18.583532,-51.584984,-0.8485984,56.879707,-33.27607,-0.16245651,54.188877
99.9657,75.379974,-85.34391,-0.26020694,51.832794,-17.724392,21.544577,76.78993
88.33575,34.3417,-61.717514,5.2049546,63.425323,-45.124596,7.1584854,93.07736
83.61375,41.59826,-60.093075,3.895267,58.120213,-28.51481,11.5919285,83.966064
73.051895,47.231068,-52.278862,-1.4839271,50.698414,-19.05354,17.155535,78.9227
75.484474,64.080734,-60.58735,-1.6624255,45.26724,-7.8592243,3.776493,81.143776
98.63101,49.105183,-76.114914,-9.723364,62.35951,-29.265553,-4.8150616,76.11662
86.72041,60.180748,-67.75802,-3.5561407,53.905045,-29.076622,-0.41034508,100.105736
92.01123,60.76891,-62.548508,14.211857,66.45683,-19.345476,2.1666164,106.89002
88.37853,57.528286,-67.115,13.027279,56.246635,-31.190363,25.912706,98.655495
81.4066,35.112377,-50.18243,3.5089774,63.53743,-39.27763,20.108341,93.237
69.70947,50.21765,-44.804764,6.264209,53.18238,-18.082254,12.804785,94.647644
81.491974,39.70364,-42.41201,21.821188,66.070305,-9.348482,15.56226,86.99649
95.600914,50.242886,-78.19499,10.333814,54.079376,-38.47578,31.029943,77.04289
89.44726,61.018566,-62.79549,18.642693,60.900166,-29.662436,23.403969,111.9509
82.94916,45.490555,-53.19709,18.20641,61.28081,-24.678484,23.043808,96.09412
74.31689,39.824615,-47.017742,17.027058,55.401695,-23.0504,29.910116,83.63937
80.95832,54.625,-61.979603,14.412681,50.290867,-16.642963,19.520157,80.252174
99.11239,56.38387,-75.87932,26.557337,58.33295,-25.290829,14.817591,80.431854
77.699844,49.68416,-48.091534,15.740423,59.118423,-34.04136,45.63889,95.60834
86.00227,33.673294,-48.664276,25.975159,66.04441,-27.007858,44.661438,83.9456
89.83744,75.14694,-76.894196,15.180299,44.180088,-35.086853,54.883457,92.37076
99.4312,48.11445,-71.1349,32.781094,61.261604,-36.19155,32.15212,94.29362
91.58193,87.20665,-79.05498,5.6840878,45.582893,-22.996,43.662376,100.821815
80.29477,51.62364,-61.59038,27.211853,44.140766,-31.376932,25.843996,85.63966
98.762344,68.839035,-63.121315,-2.8729353,75.569786,-20.233187,42.62493,104.83524
86.52203,62.050385,-60.334003,16.173275,60.071056,-29.719826,13.854656,113.67729
83.60174,54.85435,-55.086052,24.570318,57.576534,-32.982586,29.716496,107.54395
64.46123,60.708836,-46.527676,11.967061,43.01348,-23.249712,40.805473,90.84788
88.2454,44.955532,-49.461758,24.053875,68.91986,-13.524141,48.899952,78.69162
85.35844,46.853497,-58.127365,22.865665,57.997154,-18.332201,40.731346,75.1826
95.88665,24.976238,-58.082813,30.648321,69.65235,-36.816227,43.17114,66.04078
90.3303,36.63076,-38.802776,27.226566,77.07953,-13.434113,46.67316,95.18909
80.1405,43.00073,-49.544247,32.27821,53.65599,-25.64097,46.324657,86.72958
67.771675,42.59108,-27.947222,27.884535,55.480644,-25.90321,44.961555,93.74707
91.36636,63.50443,-61.280064,15.404041,65.54241,-12.411637,51.796585,84.38811
91.9351,43.82351,-52.213627,31.208557,68.61856,-28.8714,39.582394,104.56226
93.24866,61.979836,-46.220955,12.697645,79.935905,-6.662615,47.4063,112.62082
91.93238,28.684708,-45.851395,22.367867,76.46905,-30.950136,37.71497,96.1246
75.03707,77.88814,-40.165005,30.460217,55.45216,-11.938541,43.154205,127.0988
90.40188,49.887375,-41.59582,29.935307,74.46368,-10.116465,47.61491,108.78766
70.64878,66.92907,-33.712296,37.133785,50.105827,-10.625908,66.74617,105.4459
89.59074,56.28721,-50.353386,43.80474,59.580017,-10.461544,60.519093,95.27173
103.57726,33.593155,-49.100082,38.95039,82.7212,-28.725382,62.82697,94.084724
87.3055,50.24938,-50.30064,43.904366,55.943184,-29.684168,66.15721,96.068794
97.56664,35.92353,-49.524826,37.768654,74.78073,-22.195108,56.148285,89.33261
70.71775,59.634304,-28.958048,32.042896,56.165096,-30.919476,67.80711,103.53349
97.40251,33.3991,-46.596752,42.605736,74.10372,-15.10307,53.96443,75.416435
90.54005,33.726845,-35.30518,41.00399,72.348114,-24.163488,66.40459,91.8856
89.27486,53.502335,-29.090572,27.456043,80.07966,-13.4055,73.250824,102.30357
109.43149,36.311153,-33.333397,37.5263,96.77616,-9.14189,63.669064,90.630936
83.17752,90.6587,-48.43512,11.951631,66.35825,-9.329123,78.6826,113.52458
73.30927,73.23592,-19.946556,12.187782,69.46391,-6.6710606,37.45262,136.82755
70.39176,80.35079,-34.811466,39.200634,46.75697,7.1709433,38.58077,115.34502
94.874916,52.079266,-34.922657,36.20883,80.52794,4.484091,59.90744,104.58457
73.51871,99.060585,-39.947666,17.60053,58.893063,9.114801,61.66378,132.82309
87.51,63.44486,-29.247322,24.324867,79.05125,15.361435,37.820843,122.21549
87.91615,70.790184,-32.031128,15.13252,80.45939,14.208624,48.171646,123.24016
103.73042,27.262611,-29.850405,32.115917,93.81607,-11.662141,33.358093,113.94444
66.41912,99.14761,-9.33633,17.056442,63.270325,-2.5679324,51.66636,155.92018
81.61035,58.275208,-22.88089,26.958332,73.34536,5.1783543,52.735832,117.28058
101.32374,52.642662,-23.718742,28.452808,94.32174,9.950636,67.98546,101.408936
98.87113,54.270157,-36.59037,31.169079,86.35349,0.6475103,65.15697,107.08884
81.94663,47.717922,-18.09387,29.11835,74.41633,-17.082367,55.304726,114.28563
82.58632,52.012016,-15.416331,9.778133,80.74389,12.303657,51.195614,95.956764
74.721146,56.773674,-18.192505,17.287304,70.64171,3.8428066,34.117996,119.99786
102.10779,42.58521,-20.875637,39.345245,91.83388,10.309904,36.024536,120.36848
92.71192,64.33118,-35.693584,23.111502,82.52951,-6.055279,67.36194,119.22212
81.20037,68.80407,-28.452974,9.322408,75.484795,-6.64729,51.950474,124.38328
92.9637,66.4003,-32.325127,18.721907,84.950836,15.5216465,35.354538,127.9675
89.90585,40.206497,-15.761196,26.504004,84.32467,3.7675264,39.47257,117.009796
96.46275,53.134262,-34.18893,19.324844,88.18978,8.93151,36.70084,113.72144
90.781334,59.864952,-11.488019,3.1581888,89.92118,3.9019601,38.647667,135.30872
103.91012,35.057095,-17.331041,21.211792,100.344086,11.365032,28.817036,118.29358
102.54785,42.396935,-31.776142,18.482544,95.742386,-6.732979,47.045616,113.15492
88.0071,74.74164,-22.069124,-11.385254,84.4634,1.469919,45.954105,126.81192
78.90382,50.32395,-10.546302,15.331796,76.73642,7.0939617,6.5682163,123.355705
92.19443,67.27416,-25.69775,17.79703,86.86763,21.78904,44.53365,126.11922
95.14988,62.884815,-24.476315,8.692234,91.51449,11.79189,38.571728,132.94455
95.60498,37.457478,-17.317066,18.349506,92.16589,4.7266397,20.323147,122.62029
107.15993,44.85811,-17.489767,18.539015,104.08289,22.004055,33.349785,119.9303
99.9503,43.992188,-16.074839,8.9559355,98.33013,-3.5194266,46.21416,118.54408
125.55801,32.14518,-26.66776,18.709352,121.35114,4.241356,29.047909,123.10573
101.47421,79.962494,-16.172668,4.2455792,100.15235,7.940548,46.606087,163.1846
96.48348,41.308483,-21.826551,5.8361106,93.79381,-3.0229867,24.99433,125.137146
73.16292,77.09988,-15.592555,5.518179,71.2301,15.165113,27.369417,138.92876
100.33265,47.1964,-25.187004,25.67642,93.65736,11.710879,31.086918,123.1451
104.33847,68.9131,-21.032888,-4.2317324,102.16332,-2.9765513,46.303898,145.98967
95.05262,57.247272,-23.024565,-14.8173895,90.96039,1.1189239,21.66149,127.49202
123.75381,38.66811,-23.966034,17.78515,120.090096,10.033615,3.1683064,130.77155
96.11551,58.89835,-5.2763915,8.953355,95.53474,2.0384996,35.70445,147.43164
102.06648,48.089924,-7.880164,-8.310356,101.455246,9.708897,30.967419,123.08554
83.07567,59.99388,-8.86219,2.3190715,82.59078,21.635523,17.441172,131.70728
79.398544,47.82847,-7.959329,3.4959,78.941315,16.067886,20.958052,116.19202
100.75723,49.484554,-30.05121,-3.1309521,96.13317,12.299635,22.830929,99.098564
88.1162,47.520435,-1.2585695,-7.4277253,87.83132,3.5093248,24.867512,122.606895
91.5197,30.475208,-14.905497,-10.108925,89.73042,6.345689,9.434866,100.981316
91.64369,30.70934,-13.854646,-0.9061405,90.5702,8.059929,11.921238,107.591965
87.55364,46.14532,-12.945922,-6.2675138,86.37274,15.422022,13.074915,117.740845
84.15631,61.7419,-17.242414,-9.736128,81.809784,19.815414,12.896605,125.58615
122.08015,63.316666,-29.719856,-15.538867,117.24628,22.105497,19.705477,114.256836
83.11071,60.524822,-34.649303,-0.8813884,75.367836,-8.4350815,-5.9882984,129.32658
107.38366,45.730186,-31.976063,1.233838,102.47808,6.7689037,9.211311,125.02899
109.749214,31.552536,-26.456846,0.22963908,106.64586,-13.743667,25.841942,119.84482
100.79566,71.59958,-15.28109,-33.267467,93.900116,-2.8341362,24.89145,133.3159
100.3999,61.4451,-34.31698,-22.908169,91.64901,3.0621097,1.2707214,134.07323
99.89494,38.265724,-14.849832,-26.912844,94.98076,-8.4570055,1.1224403,120.1397
94.02601,68.30275,-26.219257,-11.412993,89.62722,16.208076,3.141365,141.47803
87.494286,89.63128,-22.928776,-21.903215,81.44124,17.88582,22.652266,147.57852
109.29919,57.886204,-35.718376,-24.730232,100.17179,10.908916,8.147665,109.52629
96.82716,46.086876,-27.102661,-9.514255,92.3895,-1.0468247,-11.575424,130.42252
98.23696,66.11968,-23.537691,-26.37519,91.4287,27.431692,-5.885826,128.36217
96.77551,77.1249,-44.729057,-40.718067,75.5749,13.107127,-8.731337,115.080734
85.37161,65.065834,-23.696495,-16.619665,80.24411,12.94894,-33.317642,131.10619
62.692204,81.9165,-16.689041,-17.350159,57.784306,16.022049,-3.8368263,131.56154
103.07794,54.15256,-30.778248,-20.217497,96.235725,19.336807,0.6467476,92.769135
90.127686,51.88509,-26.9883,-12.895349,85.124084,6.4937267,4.1146736,121.16688
101.90682,25.656384,-10.37107,-22.234905,98.88537,6.4190626,-2.075634,97.39209
85.30863,58.81592,-30.896748,-39.2296,69.29704,10.012308,1.3561211,81.0782
111.92324,30.43949,-12.339795,-41.39492,103.29012,17.718283,-43.559742,98.422775
95.552666,77.52943,-28.210352,-36.578773,83.750595,22.155016,-37.125675,142.90842
98.20291,70.79592,-29.157907,-34.63913,87.137314,24.44399,-26.722166,133.52425
97.1468,64.996635,-34.544296,-19.55255,88.51493,14.627062,-27.521255,129.28157
93.93216,59.862343,-27.534697,-26.955154,85.65757,13.284238,-8.684717,124.99333
86.35971,31.78443,-22.539024,-22.867582,79.76453,-0.5671675,-16.34164,102.085144
79.468544,20.910524,-17.948795,-21.14195,74.41937,1.1787894,-18.95256,82.806564
112.45554,58.02801,-40.041252,-48.065205,93.35213,7.153652,-13.94367,92.07939
105.27226,60.024994,-47.74078,-36.0948,86.71651,-1.1857026,-31.015556,123.43333
90.4848,56.797886,-10.549227,-35.499065,82.62602,13.6335,-35.287815,133.36145
86.5289,57.993534,-23.215628,-38.282784,73.96265,15.06798,-11.693857,108.68827
97.16481,62.6119,-30.103989,-53.935528,75.06702,6.7949915,-12.856558,104.72888
88.178795,51.538822,-20.900406,-38.56008,76.36501,8.128201,-41.62105,118.930664
101.20771,45.135906,-15.25737,-36.81882,92.878624,20.565912,-18.154337,112.41228
82.57269,45.22444,-4.5698156,-40.972935,71.30521,11.145523,-5.3673515,94.37043
99.60673,51.351727,-18.831896,-55.572456,80.64382,15.223103,-20.454514,96.28133
102.87006,53.944416,-29.374565,-51.14363,84.45129,23.7808,-49.785877,94.41233
98.04336,30.26962,-18.296879,-42.39598,86.37191,11.879827,-43.18644,90.296234
97.02706,57.046036,-31.299717,-51.00785,76.37677,15.965622,-34.150135,103.84958
95.18535,81.91459,-42.70838,-49.703632,69.01362,19.792284,-24.513428,115.05775
103.350136,62.205307,-33.45496,-56.32804,79.79481,9.968588,-37.13934,120.601
113.377686,60.70008,-39.96113,-58.48322,88.60334,11.643951,-48.081825,118.151215
72.40511,61.489838,-9.842696,-38.30101,60.40851,-0.04615426,-47.589184,120.60501
92.353935,30.82207,-34.359352,-39.076317,76.63012,-3.649162,-32.213642,77.401405
94.34776,63.884663,-17.473234,-61.626297,69.325584,-3.8710434,-9.151064,103.519806
105.70478,30.286135,-21.38734,-58.668587,85.273865,1.0371525,-39.66559,93.923874
87.81942,57.915886,-26.389523,-61.93677,56.57688,16.136665,-42.133144,91.01759
109.66768,61.43289,-46.543587,-67.2226,72.83048,10.882333,-50.16132,84.17172
90.93954,75.50662,-22.465683,-55.02664,68.96251,9.962573,-65.89314,136.61435
108.28781,93.777664,-52.725616,-68.34787,64.84634,14.022873,-33.379326,120.617386
103.71596,67.51482,-24.950169,-65.97841,75.89592,1.226239,-42.23927,133.57147
99.21442,72.67737,-29.490253,-63.668747,70.36084,19.0834,-50.373074,123.314255
107.75087,75.00875,-27.04001,-75.02788,72.66619,11.51125,-43.28615,128.54097
102.000305,70.17478,-33.970234,-63.70605,72.18092,24.22792,-63.187965,111.25189
77.83476,81.4697,-22.974293,-62.88878,39.646088,4.687378,-52.829823,115.34123
93.55881,69.94864,-43.11404,-59.422157,58.088673,14.367582,-44.74207,94.508
89.797,58.32238,-25.451797,-51.452065,68.99299,3.2231138,-32.010674,115.98597
106.562485,66.95754,-22.973362,-81.259834,64.935295,7.685521,-33.08504,100.36276
82.51666,56.732376,-22.883228,-58.05373,53.957672,18.802776,-54.670097,92.138664
79.536156,67.83298,-13.853152,-70.91457,32.765244,17.385225,-49.176617,89.085754
84.255936,51.393093,-22.060612,-67.80655,44.514374,10.469769,-59.659153,83.69148
93.204414,73.89858,-30.757648,-77.64914,40.88703,18.042479,-41.86347,83.39655
101.48553,51.921215,-10.641286,-88.27959,48.669537,22.948915,-63.386143,80.423485
97.37171,71.76524,-42.104614,-68.481255,54.575386,27.540384,-76.425,71.331764
108.355896,47.058475,-16.227219,-81.982605,68.906044,18.325132,-66.454895,96.689224
86.37021,64.4462,-26.460167,-65.3082,50.292816,16.101786,-76.89308,97.418945
115.057594,55.506756,-40.027607,-78.39447,73.75672,9.1843,-52.403904,75.65379
97.541016,74.8966,-39.297543,-84.88491,27.145164,-4.0405235,-65.536575,89.81613
93.49766,74.6295,-29.391556,-75.25899,46.64237,10.712374,-76.03018,109.9358
108.01627,79.59311,-40.1065,-81.8734,58.30746,19.179594,-47.578007,99.29539
88.01287,79.12964,-17.914896,-81.09851,28.560518,5.659827,-61.64633,101.69945
100.47085,89.43582,-30.78039,-91.3776,28.389826,22.214293,-62.518543,94.05826
103.57153,52.139236,-30.814075,-77.749886,61.37178,17.315706,-67.286545,76.50547
105.37737,80.56092,-33.269073,-87.66507,47.511517,15.604071,-53.372387,102.346115
108.13656,75.59689,-28.277931,-93.18732,46.675583,15.373425,-63.793007,100.70503
106.654816,103.76845,-54.60056,-81.989395,40.58461,30.427042,-68.64636,99.01126
115.11686,74.0997,-29.261833,-98.37154,52.41856,18.455536,-91.24353,107.76341
116.72571,104.25359,-35.846832,-105.34181,35.04265,20.468374,-88.611786,120.811676
93.301445,84.243904,-31.45455,-74.819626,45.66356,19.00556,-88.6087,112.18515
84.5378,75.11868,-15.43831,-75.35953,34.947365,18.459694,-63.92056,100.56429
80.309,50.532787,-29.908373,-68.17686,29.907803,2.039374,-58.94415,67.50344
100.99739,89.169106,-50.97973,-80.694084,33.247345,23.959475,-49.754524,70.05073
83.01958,47.663902,-23.086153,-73.48569,30.648806,13.927983,-71.81233,60.86534
87.74539,41.740456,-25.75961,-82.07419,17.456047,2.8087265,-68.938385,43.512856
98.70634,71.12533,-34.507816,-91.561714,13.439324,20.782024,-74.31998,53.723034
103.01576,65.43769,-12.889006,-99.57419,23.34521,19.351515,-85.396515,77.55305
109.10983,59.096355,-22.825626,-100.75104,34.536594,23.021341,-80.37105,65.81973
98.13249,76.136345,-26.401426,-90.54907,26.643782,26.09218,-72.209915,78.75389
117.53472,69.75047,-34.328484,-108.79846,27.769186,17.023104,-85.74133,69.4255
105.74025,60.747944,-14.109263,-100.99613,28.383358,25.604832,-104.7449,74.22371
122.05429,96.61424,-34.0375,-116.50315,13.175027,34.402744,-88.26477,75.01836
110.76568,115.73719,-36.047497,-103.80805,-13.963359,31.311502,-105.53108,79.9917
90.87294,74.89349,-22.90844,-86.64153,15.38612,27.515417,-92.423035,69.77625
77.48047,74.109535,-27.621609,-68.70953,23.18364,27.231344,-64.00601,72.535255
99.43371,93.51813,-36.991726,-91.74732,10.299409,17.731749,-52.392696,74.66074
101.191956,86.234055,-19.74627,-99.20384,-3.2764826,18.982773,-71.453735,69.49786
130.98593,88.20014,-38.433537,-123.749016,18.52544,29.009735,-87.82541,62.9675
114.233315,134.4982,-18.88506,-111.51384,-15.776473,32.769302,-114.66875,108.32387
109.39557,115.07823,-31.39246,-104.397255,8.940665,43.348984,-97.32176,96.36467
99.147064,121.89346,-42.539963,-89.36717,-5.643866,25.780653,-76.46474,93.55091
106.069626,94.78001,-28.562613,-102.13131,3.203776,16.37806,-63.573124,76.954124
114.56112,128.19693,-27.914812,-107.562325,-28.164581,22.832123,-78.133255,85.90869
106.92433,92.16434,-28.839735,-102.43833,-9.852809,24.349258,-83.5679,63.48445
100.9189,116.38433,-36.759083,-92.19183,-18.018011,29.039972,-89.748764,78.18804
118.25502,85.763115,-34.56741,-112.972336,5.139832,3.6353576,-60.49155,60.65692
123.798225,107.938065,-18.960829,-121.07121,-17.836346,9.320885,-78.28279,76.84805
115.7022,75.30812,-28.883076,-111.0504,-15.168659,13.143547,-104.48149,47.365864
96.987114,91.63549,-24.483135,-93.44066,-8.202139,29.445532,-95.71361,65.648224
119.21934,100.56403,-4.0920854,-116.55352,-24.852793,16.651825,-65.13867,59.460308
115.84095,81.70832,-22.13675,-112.15725,-17.78348,16.205858,-77.247284,44.648144
108.98452,99.9281,-16.73631,-104.26318,-27.174955,32.095196,-74.490036,55.2576
118.22278,65.98674,-42.267162,-109.16382,-15.768478,5.2532434,-82.232574,20.951275
110.54015,93.212456,-42.19728,-99.84963,-22.019123,0.7711711,-88.938324,59.717884
111.78831,76.09903,-25.234108,-105.728424,-25.541885,13.111029,-83.76781,36.405983
99.10222,69.44152,-40.908443,-87.46202,-22.249722,8.669563,-75.66765,25.256516
130.17801,88.28399,-32.176636,-122.51501,-30.474127,-10.520188,-62.39026,31.124062
104.614174,111.9866,-36.316868,-93.658226,-29.391148,11.756419,-87.84085,72.435394
122.23543,115.10084,-14.479547,-113.38204,-43.070843,9.1380625,-59.725143,55.988693
106.91768,78.04576,-35.427406,-97.91967,-24.096037,19.310677,-75.37738,26.92143
131.26863,99.94811,-25.384232,-125.34693,-29.550627,7.8599787,-69.57602,45.71703
109.002365,82.06095,-22.082426,-103.89828,-24.216743,14.845806,-98.04237,49.14756
97.06192,61.84469,-15.903626,-95.134285,-11.907982,21.004915,-66.78592,29.269827
107.98329,93.545525,-19.328285,-98.01428,-40.767788,18.744114,-50.46191,29.66795
127.646545,81.735954,-19.325104,-121.50561,-34.22691,1.4633186,-59.31026,14.65215
103.99309,76.87815,-25.191353,-96.24995,-31.322264,18.30862,-89.13542,31.744999
112.31318,74.298386,-12.536715,-102.887085,-42.52211,7.023494,-67.19264,18.68243
123.357475,81.94663,-28.553106,-104.29493,-59.450806,12.435996,-69.885254,2.6455119
119.07956,57.0384,-26.4333,-109.018456,-39.62536,0.61859727,-73.07617,-4.8113317
89.56494,81.69455,-26.921064,-76.298996,-37.94205,25.032442,-77.257675,25.06356
122.70315,72.57434,-25.768448,-112.22236,-43.257214,-9.934136,-51.18146,-7.0456324
134.98947,71.636406,-21.467482,-119.505714,-58.739624,2.3634045,-72.766525,-9.56607
95.59961,34.462517,-14.180328,-86.7801,-36.74888,10.222555,-91.20497,-13.360423
132.85765,85.63825,-1.4751278,-120.0667,-56.793823,19.711554,-57.159836,-2.562678
130.46327,57.541477,-24.988295,-119.28096,-45.99806,19.351597,-83.72864,-39.385536
107.22115,80.10112,-21.820541,-87.524994,-58.29345,35.78405,-100.835144,-4.4121685
128.02766,67.42394,-15.426547,-111.38482,-61.27519,15.72477,-71.12138,-16.780195
125.22134,63.80157,-18.09254,-111.75776,-52.519024,33.27444,-85.72827,-25.719961
120.803276,62.8865,-12.642192,-103.74252,-61.47864,30.50421,-90.9857,-16.701555
118.98871,65.14707,-11.737134,-95.54322,-70.458405,31.859694,-80.32649,-23.964094
117.08038,58.35787,-29.44158,-95.69645,-61.014008,24.157694,-72.50229,-61.98078
119.56825,56.655792,-13.463116,-96.20982,-69.69826,23.617977,-67.52475,-38.480705
115.46795,63.417393,-28.322775,-97.65757,-55.07711,25.833776,-65.901505,-44.664375
107.25561,35.837307,-9.88358,-85.71925,-63.641743,7.8803844,-69.764755,-36.540638
118.78552,53.626602,-18.047216,-85.15873,-81.36777,18.805105,-72.5844,-44.012115
121.65936,47.531734,-9.943118,-98.92825,-70.40588,16.852438,-68.17392,-46.226185
116.64583,66.59592,2.4686167,-99.996025,-60.209152,42.64889,-59.921055,-24.552387
122.67443,48.899292,0.15926893,-92.84552,-79.83405,18.773966,-68.3414,-41.712257
130.07018,56.588425,-12.483091,-100.75326,-80.61667,21.505777,-59.326942,-63.16266
123.66595,41.17417,-9.166954,-92.94793,-80.514244,24.676134,-80.68436,-60.825005
126.01594,65.48664,-7.155572,-99.3446,-76.589745,34.323074,-65.90579,-38.66883
126.10536,62.97023,-3.2190387,-93.77047,-83.81253,30.796118,-69.74829,-37.157887
132.51344,62.01008,-12.69601,-108.44819,-74.77997,26.702253,-70.73717,-45.59073
142.5,65.734314,-5.4660926,-123.9534,-69.81431,30.54637,-91.027954,-25.69502
141.52385,89.36617,-12.099202,-114.190315,-83.10805,30.337206,-97.46896,-6.140745
134.182,98.89673,-14.782526,-97.61638,-90.55207,40.615547,-95.48488,-8.516282
128.54207,70.71775,-19.838974,-97.11336,-82.3513,32.16716,-77.87991,-38.49952
140.61739,73.63296,-7.596023,-110.931175,-85.66087,23.202868,-71.605576,-32.18734
132.92574,76.95818,8.398427,-85.92022,-101.02216,29.126368,-81.83989,-27.390593
139.01529,79.84712,-0.46965456,-110.05927,-85.08871,42.754456,-73.22104,-29.334257
117.82296,70.78179,-10.892168,-71.635826,-92.95951,34.639214,-72.443375,-38.65212
119.69362,69.93747,-7.3667235,-93.14999,-74.881485,23.146608,-48.091335,-31.403145
121.11255,61.573128,-9.529894,-93.24652,-77.05948,15.445017,-51.40523,-39.2297
136.30939,62.69968,-6.926448,-97.25358,-94.86901,30.568808,-71.43428,-52.402863
142.04158,77.795006,-9.356904,-109.608055,-90.32284,40.58495,-88.35857,-33.842308
128.53793,85.06211,-9.089098,-75.16841,-104.481445,34.215046,-80.900635,-30.802063
129.67073,93.60155,7.62212,-98.717804,-83.88698,43.60481,-51.269028,-11.742913
135.23521,78.723015,-4.20517,-84.74645,-105.31186,37.920315,-56.083576,-45.403732
160.20007,106.501465,-9.239273,-108.61566,-117.26705,37.42848,-54.281826,-38.36648
127.99805,70.11063,-1.6736795,-97.23235,-83.496994,45.605686,-84.60428,-32.989902
130.3198,82.56815,-8.818428,-97.49434,-85.759415,28.032415,-50.00362,-29.500368
117.36056,68.6968,-6.5109787,-65.14094,-97.25643,29.71385,-66.22575,-38.96048
133.70677,50.61867,7.6516848,-88.963936,-99.26264,16.289522,-59.572144,-59.04966
129.00775,81.942055,6.888893,-94.503555,-86.90276,51.63979,-53.194073,-32.459953
137.08118,83.53592,5.135238,-91.91454,-101.70582,46.635838,-61.78555,-35.42144
141.30905,89.47206,-13.627735,-81.24617,-114.8972,34.844097,-63.365467,-41.95194
151.30598,61.542667,6.7065153,-68.75656,-134.47668,23.955631,-52.087685,-78.109726
138.0806,62.659794,-2.5929925,-85.59141,-108.00018,30.624384,-41.456203,-79.47034
134.44423,88.04686,-13.641689,-62.58974,-118.14854,41.751797,-38.59061,-54.04713
149.83742,84.96028,-7.144424,-86.46267,-122.706696,29.02447,-36.25981,-63.754204
147.3567,40.112343,29.029646,-66.58427,-128.05875,25.906366,-42.65671,-95.76199
133.0188,62.56197,17.14636,-58.62034,-118.03134,56.766544,-25.55712,-83.18184
144.54843,103.8328,6.4334836,-73.83025,-124.13095,62.905163,-16.36174,-58.860226
152.50574,88.96066,1.1516821,-98.52266,-115.95525,44.961052,-22.07606,-109.18964
147.13005,97.51666,10.80129,-75.55602,-125.45614,69.57743,-67.10916,-47.86761
159.5572,104.32401,6.7063127,-84.391716,-135.39886,49.98572,-42.547867,-49.974194
152.24733,96.31848,10.867627,-84.477905,-126.45209,62.423573,-48.193256,-53.74228
123.33389,86.30904,9.562337,-63.77303,-105.14142,60.916737,-42.914253,-39.133316
135.83261,118.19158,4.3580966,-68.411224,-117.6039,67.333626,-30.400793,-24.80692
156.75937,77.362785,8.5384865,-71.47911,-139.47478,41.58426,-34.77935,-79.37718
159.17679,113.00221,15.567594,-76.122635,-138.93515,66.2298,-28.549038,-49.423134
144.15703,103.42751,-4.5972004,-60.235306,-131.02168,66.937325,-28.926928,-62.913403
144.4178,71.47377,20.678246,-71.913284,-123.44831,25.760849,-17.96718,-77.09059
134.07648,59.42222,4.2684226,-52.138386,-123.39158,33.483543,-23.302961,-80.73608
145.25322,106.9778,0.54519707,-84.381096,-118.71295,53.46088,-11.075869,-61.022346
141.039,83.35616,3.837474,-74.36548,-120.15415,42.854324,-34.961544,-57.46422
149.30505,98.53933,23.788511,-46.1374,-139.84972,54.975376,-35.55527,-47.22061
146.28824,119.99271,-0.18672729,-61.5116,-132.39531,67.99778,-20.30727,-43.07902
134.49466,72.988014,20.452383,-51.402843,-122.777214,64.528206,-27.60731,-69.170876
163.73396,121.18168,28.358767,-60.76951,-149.15019,68.5073,-17.616982,-43.15602
147.69394,115.6525,10.66266,-41.487103,-141.3962,76.13644,-18.366299,-49.09056
160.66814,125.73186,11.536619,-59.23286,-149.05582,65.83588,-2.6908379,-50.58849
130.8494,74.04433,-3.890698,-22.791113,-128.65207,39.785946,-16.611893,-69.5572
161.40807,122.03816,15.77422,-42.870743,-154.82266,26.55107,16.959734,-48.89063
154.56734,108.86948,8.052087,-43.393158,-148.33841,48.83216,1.2218056,-57.490005
149.48683,95.0079,41.65795,-51.45993,-134.13591,71.21684,-3.268505,-57.641426
144.80849,113.80603,20.271515,-32.541016,-139.40303,66.03666,5.8089294,-42.746845
140.88026,81.21922,26.025106,-48.987404,-129.4559,50.981487,14.126013,-84.75672
135.4264,81.76376,17.440826,-25.537672,-131.65262,66.80958,3.6241455,-74.065834
156.67662,104.49522,39.229073,-30.327578,-148.67203,61.54016,12.469273,-55.838303
148.39496,95.324776,22.116661,-26.555416,-144.2426,70.66011,9.881451,-70.98855
152.6968,128.24416,13.42205,-33.792297,-148.27881,80.61114,15.776201,-50.940983
164.24315,132.95888,25.2865,-18.240091,-161.19698,78.63715,4.5364075,-41.506565
154.39848,101.753456,32.19967,-41.475906,-145.37251,57.723896,19.168493,-67.31004
165.88367,121.86057,34.110695,-30.812048,-159.35754,73.21701,16.507107,-54.31693
152.79443,88.448074,37.59011,-21.406761,-146.68126,75.39066,17.33575,-76.32447
180.34152,108.78311,53.044853,-26.94594,-170.23018,73.439064,23.6055,-76.422104
167.24533,113.01576,32.560616,-31.334467,-160.97672,93.350685,33.369705,-89.743004
168.14206,108.349625,31.86102,-32.02828,-161.95305,91.312675,13.865704,-83.54427
150.79626,89.95311,28.303576,-25.962593,-145.88622,72.32661,26.075726,-87.14371
150.89732,88.612595,13.351818,-19.636505,-148.98524,57.10471,22.210585,-84.588196
144.88223,87.52679,39.680958,-3.2735693,-139.22267,63.333828,21.441969,-58.243397
170.83636,118.0288,28.541334,-6.1713185,-168.24713,64.42588,26.803356,-60.47023
147.0144,81.78209,46.895702,-11.779724,-138.77899,75.09549,35.16755,-77.99385
167.39665,119.74615,38.200584,-1.2359139,-163.02258,80.32743,40.237408,-58.645706
160.06224,98.91997,25.500967,-6.939817,-157.78671,70.61452,47.78004,-88.9727
144.46367,87.73809,29.920198,-19.22016,-140.03716,54.313877,56.9314,-103.356346
171.36966,104.5888,44.36346,-16.812069,-164.73643,72.672516,38.947903,-81.29922
159.3926,96.950554,39.16154,-13.176464,-153.98453,79.90926,38.961998,-83.213875
168.37886,117.78695,16.611185,-19.224445,-166.4088,79.86984,39.02252,-85.56343
158.30658,77.04506,52.644463,-12.057545,-148.70322,78.384,26.820885,-87.13092
158.6455,84.49149,43.092075,4.965103,-152.6802,82.628334,33.29927,-83.88805
158.53671,107.114494,34.65241,-0.030385679,-154.6058,79.6995,51.82623,-72.43965
172.94525,113.1415,38.579723,8.819014,-168.2063,96.63306,43.13886,-77.26753
174.15295,113.97395,47.37422,-8.247185,-167.50131,87.15966,42.885784,-73.78688
150.17407,69.89456,42.263073,13.796397,-143.46368,80.141335,33.009598,-88.01886
148.40869,89.12912,34.217934,-5.0585356,-144.39775,73.89711,44.813095,-82.41495
166.1304,93.070206,49.779316,-7.277908,-158.12518,62.24683,44.420963,-82.07175
161.13834,84.76438,55.306324,7.9070325,-151.35977,79.72882,35.830467,-75.199936
167.55615,113.65408,30.316784,18.81148,-163.74738,88.964165,43.28978,-69.69256
163.15732,80.25117,50.740788,19.555487,-153.74529,72.52266,51.9113,-83.67008
153.30035,102.239,55.82688,22.027662,-140.89134,91.14724,53.438213,-50.22024
141.58853,98.957375,55.100166,26.363926,-127.8347,100.53677,60.745094,-47.113068
171.44916,113.72555,49.28325,22.63599,-162.85458,80.1755,58.06645,-59.29585
185.29048,115.81693,52.894554,40.91039,-172.73872,97.37176,61.00268,-67.52674
169.8779,104.79504,70.374916,26.527296,-152.5044,95.10295,65.321304,-58.620506
156.17958,101.00619,58.842472,26.134865,-142.33014,111.64447,74.34454,-71.33863
164.89107,85.55298,68.67678,41.858547,-143.84863,112.48739,70.37317,-75.463455
169.93896,81.10025,66.150795,30.785486,-153.5897,97.792694,70.08125,-89.893234
163.91232,81.58738,56.381958,30.367418,-150.93532,110.091354,64.9462,-100.58902
159.68797,96.96552,63.017155,34.767254,-142.3881,113.94051,62.654015,-64.793
155.93349,77.89095,65.901085,34.700172,-137.17043,93.42724,71.70729,-74.20774
175.38814,85.59936,68.673836,63.897335,-147.82466,105.746994,77.55095,-72.11587
170.22926,84.59905,80.82163,40.87776,-144.10164,112.16769,76.86699,-73.84297
182.5,106.6302,60.301945,70.055756,-157.72554,123.59257,76.752914,-72.64093
160.38235,91.697876,69.86568,40.62887,-138.53845,112.21325,94.06035,-77.02064
170.75494,88.51553,66.14652,56.63533,-146.99374,108.97282,91.5596,-77.815674
181.58813,67.04103,73.98694,61.736446,-153.78046,96.207275,92.06207,-98.55418
179.05934,113.22102,49.45314,50.818222,-164.33504,114.43018,87.90639,-79.33501
173.51945,59.745293,91.95497,51.00259,-137.92754,107.227936,99.74582,-106.40457
175.45512,84.36528,83.60551,58.470306,-142.56139,118.973305,106.88356,-83.16998
174.83134,43.289722,95.14285,70.04678,-129.05272,107.45164,107.11136,-109.77721
186.40413,57.612934,98.484634,73.638824,-140.5932,120.845,107.91153,-100.29656
164.4962,60.977455,83.20243,70.94241,-123.16682,127.812965,111.81525,-119.50484
178.34027,95.52094,81.515594,67.19385,-143.48137,127.003914,120.01863,-77.78093
188.24585,82.2952,99.758736,67.472115,-144.6213,121.56834,115.151886,-80.901436
158.63795,87.65558,81.470894,60.88688,-122.20887,142.13356,104.56967,-76.46302
177.5704,122.81287,94.59563,59.770687,-137.26595,137.69453,107.19687,-32.31811
171.54373,99.08204,92.887695,73.31512,-124.01065,142.51802,100.787125,-43.0136
195.69875,124.51907,90.7358,63.92011,-161.24016,127.14463,123.97853,-58.028378
170.04852,98.367935,84.34011,69.662994,-130.48918,138.72789,110.563934,-60.213203
187.3159,118.37863,85.89171,71.24024,-150.37737,140.50546,109.54434,-53.067738
187.84901,104.48564,99.26282,86.072136,-134.66481,138.15619,118.11731,-42.912094
188.79883,99.313896,93.298584,86.03,-140.10135,142.79482,119.453384,-61.09001
187.02473,104.015625,88.395584,90.573204,-138.04083,144.40639,124.01012,-57.036922
173.0354,94.18068,85.31412,65.7597,-135.56549,115.11682,125.243195,-68.61611
180.92679,74.667595,99.57,86.26149,-123.50076,129.726,123.63223,-65.831
207.38551,92.95832,116.45146,92.5836,-144.6397,139.71631,124.956696,-60.698463
184.84943,84.1145,93.210434,96.34106,-127.30144,156.88423,119.372284,-78.09298
178.0014,59.674637,105.421524,89.47852,-112.107925,142.7224,127.79166,-84.85594
188.98346,81.89475,106.559525,95.61727,-123.46652,152.8755,129.04457,-64.850266
193.74016,40.73773,108.980316,111.92921,-114.621864,130.35281,134.36833,-88.04796
191.13869,79.93474,119.09673,98.07345,-112.94229,145.11858,145.15565,-54.249687
180.98705,87.60744,106.54859,83.6396,-119.87822,150.40694,129.9197,-59.56755
166.61107,85.871994,97.350624,98.1137,-93.33691,164.70097,123.88367,-45.84018
206.96921,78.603836,133.13486,102.571594,-120.94657,139.93587,133.34998,-49.139248
208.91985,50.390972,137.67166,100.49087,-121.09156,152.62273,130.02525,-83.48166
201.75867,98.77879,120.84903,111.183395,-117.27035,184.5325,148.26912,-50.685818
201.761,88.528595,129.27266,103.61773,-115.0751,166.2456,151.34187,-49.868305
196.8802,48.17935,137.2853,101.2471,-98.39734,149.7561,147.13223,-90.77139
193.46657,90.15681,129.50851,100.30644,-103.339516,173.7767,162.22731,-55.035465
192.92291,74.92037,110.73259,120.118706,-103.29135,167.43327,135.76001,-56.817047
170.5264,111.44169,103.24806,82.58426,-107.555855,160.70818,150.52884,-40.67608
186.20486,91.222595,126.88483,93.50464,-98.99378,162.18047,122.6304,-19.587524
200.46399,103.53985,127.31886,110.692795,-108.049355,183.90599,122.12535,-21.785507
193.8663,81.015434,117.37211,126.656746,-87.52946,172.90355,128.1305,-29.252748
184.91658,89.298744,129.92108,104.37176,-80.257416,170.96458,151.2863,-16.41242
191.42104,104.45401,123.67267,112.81865,-92.5885,172.99112,145.5029,-6.8310137
209.85951,67.524536,137.40567,136.81969,-79.51282,163.30524,149.58168,-18.864395
195.85342,95.792175,124.002945,121.27737,-91.00149,150.44522,174.6006,-16.015009
194.34827,66.86285,138.42305,117.010826,-70.22396,161.16628,165.56328,-29.838518
215.9161,121.062035,152.54169,110.164276,-106.185234,191.86696,153.29263,-0.22458339
206.88618,69.02762,142.8678,118.68251,-90.62782,192.56065,149.36171,-54.314617
202.5059,65.524925,134.64568,132.6092,-73.04584,189.6016,162.78317,-54.38456
215.50226,80.975525,164.46317,115.30855,-78.4511,170.71205,179.51833,-29.120512
187.10129,109.5605,117.03587,113.379555,-92.43655,194.24185,165.4439,-33.564404
215.17828,53.659843,148.8236,132.45319,-81.32912,178.01888,153.38823,-41.013607
214.0929,51.854702,156.23982,132.85849,-62.28854,179.74368,157.68846,-22.602951
201.6551,89.460205,128.2335,135.47853,-77.29368,180.6385,174.53035,-16.452185
189.02153,87.23675,156.68988,89.38889,-56.892986,181.16661,162.37141,-16.360685
214.49956,33.73624,150.98242,138.24951,-63.967346,179.24364,128.3439,-48.063034
202.19922,93.45154,150.86583,119.84361,-60.61011,188.87788,177.46342,2.1497872
213.18259,80.479645,140.37604,142.74945,-73.473114,188.67226,151.52475,-8.941804
222.2336,56.09013,159.18745,146.29677,-52.18733,200.42873,153.70702,-14.768022
196.99873,116.83804,142.55748,126.49884,-49.92694,209.76366,165.56174,37.477627
200.52089,100.24478,132.04912,138.93654,-59.497715,194.02605,175.05849,11.169518
200.80309,107.792694,149.26924,114.95216,-69.49383,190.25859,157.82764,20.538818
217.96075,93.48631,154.7097,138.38431,-66.506454,200.3651,157.93166,11.528207
206.14574,110.197426,145.00928,134.54457,-57.596832,204.41177,163.89511,29.812004
205.58514,94.7434,155.62317,125.994675,-47.20464,212.88957,162.26936,19.123028
200.05316,82.03391,147.68015,128.16026,-43.362846,208.66998,160.83113,0.86494565
215.33989,62.897236,159.25587,140.07945,-35.652897,204.4557,160.35692,3.126176
232.48552,69.64744,180.00337,141.8764,-39.317223,188.44603,167.98409,24.836021
200.94966,88.15195,143.23334,139.16225,-24.053665,206.66385,176.96564,24.452732
207.77151,113.61448,154.03665,132.97673,-41.927624,202.96199,171.43835,52.601807
202.48816,94.15222,160.62703,118.58176,-33.28204,198.76457,161.02,41.759243
211.40382,76.74074,155.15752,139.85223,-31.61585,203.66571,162.48991,22.673258
199.5193,112.532776,143.14545,135.35175,-30.578554,207.10312,164.68732,56.595123
195.287,104.79563,149.08311,124.16657,-22.699217,200.74329,165.8985,57.78877
220.91231,97.82191,168.58017,140.97455,-22.666843,214.2788,171.29121,58.18169
215.86484,88.31796,174.62512,126.2548,-10.614671,210.8651,164.58316,60.330173
227.80049,58.500534,175.01126,145.86948,-5.4991765,210.82178,165.15196,37.14358
219.24928,106.300575,172.50468,132.9728,-25.283823,218.04893,173.69606,62.36734
202.80841,100.22506,154.50642,130.87761,-9.787269,226.63606,166.0476,50.425934
207.35146,102.03584,158.33307,133.36365,-13.637288,216.06824,176.78705,57.700127
215.85658,79.77782,160.9682,143.84996,-2.848833,203.61826,165.32233,60.55552
217.61491,86.05594,176.93275,126.3822,-4.880396,203.34784,163.85887,68.199844
227.12346,88.371376,170.25801,149.95111,-9.580933,219.78586,155.51653,62.593307
214.32364,85.99782,164.26483,136.73222,-15.974897,212.9382,162.48727,49.810486
207.30081,60.982067,146.18625,146.83073,6.6961403,193.42339,173.3309,34.644176
225.83913,67.225365,184.32382,130.44972,4.8592253,185.83804,179.60957,50.564438
230.73267,40.169174,178.88477,143.26343,25.722446,198.93886,168.58426,50.124786
214.94781,80.29399,164.8319,138.08961,3.6721618,205.5933,184.70421,54.619164
221.7792,56.301228,171.83531,139.07715,18.202616,212.97835,164.27243,46.90858
229.13795,44.760647,173.58214,147.33405,25.656818,206.7837,169.71237,45.687347
218.10982,85.75037,165.58191,140.40396,19.728132,206.86992,191.72087,75.453316
208.48816,73.31791,170.21173,117.260155,25.658415,196.18161,176.73567,60.939583
216.14694,98.255486,173.54875,127.41563,18.96921,217.81546,158.50627,101.30513
222.0373,85.0023,179.28688,129.01605,22.876106,211.6403,152.59883,97.568474
227.40492,70.20194,182.04005,133.20549,29.764008,216.2319,155.42578,86.604034
204.41904,97.10119,147.66968,136.9313,35.07099,222.0556,172.8158,85.776306
206.75401,106.81367,163.34059,124.36716,23.611008,206.5208,162.65327,114.00357
217.13512,70.729706,168.78287,133.08234,31.083914,194.344,152.65074,94.495636
214.24658,68.58036,171.70122,123.153824,36.052162,196.7943,156.76733,90.19723
225.70439,74.25992,167.2991,143.10898,49.93325,211.48752,152.23756,109.468
216.42967,79.01266,165.33026,133.49245,41.06016,200.34647,156.50365,108.01585
225.93263,62.55101,170.65317,139.21693,51.25251,205.58275,162.99669,97.11177
210.06444,64.35267,158.55515,127.88726,50.575615,191.6943,167.89758,88.62398
212.3394,62.849884,169.7751,115.95164,53.233765,197.12688,154.83324,93.741974
221.23718,62.064312,170.64851,134.9556,40.38974,196.54594,147.40945,94.56836
212.2298,69.580505,159.51813,124.72876,64.104866,210.42003,151.72414,102.792534
214.26248,57.40856,172.80017,115.315994,52.310257,186.48393,151.01082,95.00069
232.16563,62.50551,173.04903,149.41013,40.21456,188.08665,140.59209,99.90407
223.1207,75.91754,163.68628,140.64978,57.077766,200.99828,165.7918,117.76934
216.0955,85.620186,166.85336,114.761826,75.268394,196.33131,179.6274,122.52289
204.1451,111.72399,172.7131,89.7025,61.967216,207.67361,153.10516,146.62549
206.75473,82.93258,158.87657,113.749535,68.037125,207.60127,117.01193,134.64389
227.49646,79.827255,163.42595,141.66522,70.83211,208.02534,136.52625,137.20534
209.71782,86.421295,159.28163,114.034584,74.819855,207.81801,149.43959,136.77147
216.67084,80.82697,159.53804,115.24607,91.02569,203.48018,156.1803,144.77608
212.79407,84.257416,158.23813,121.2919,74.20811,202.49747,141.05858,143.15727
216.22705,44.30858,163.61684,109.22825,89.83406,180.56894,143.6713,111.78439
243.00682,44.055542,176.2392,143.32399,85.66998,185.61592,145.30856,129.02847
217.34366,71.184616,161.16173,113.95068,91.39125,182.11484,167.61537,133.09424
220.24773,66.073,173.75703,111.87775,75.81362,180.17635,158.97763,121.61204
216.60059,89.2584,148.7638,139.40527,73.0963,202.96608,159.59076,141.39758
218.42734,64.00781,159.44247,117.53077,92.1707,181.5378,160.30264,134.40802
227.94969,42.014877,159.78627,125.13896,103.883484,164.68307,165.35533,113.79203
220.73117,66.06247,160.93552,120.578125,91.4452,178.41362,163.70784,137.51462
203.61436,70.184135,142.77312,111.61727,93.473526,181.5025,155.97183,131.10947
224.13445,73.3178,174.62166,115.214966,81.19697,173.96231,152.56767,143.9105
226.61531,49.681484,156.51294,121.70783,109.94515,181.5493,160.022,129.4995
229.61543,83.34604,169.54843,107.04213,111.846535,156.71643,179.00577,152.23706
230.5549,48.656963,161.37198,127.16963,104.56839,173.64362,165.6765,132.24535
214.68422,85.146935,148.37418,106.622406,112.92966,188.24475,163.62221,162.44418
204.60403,89.77646,144.80771,102.661224,101.60767,183.43727,161.23512,158.10767
222.06488,76.44769,158.64326,106.66482,113.24597,181.34822,143.61673,175.6683
229.62646,82.58935,163.69566,109.38152,118.188095,181.65987,158.49596,181.9104
235.5154,68.984146,163.38393,114.63976,124.7008,186.26149,155.20645,175.98482
234.88947,50.284813,159.83177,102.910736,137.83188,176.46185,144.78186,159.96011
206.79413,92.72136,139.298,98.88696,116.72844,178.12816,152.99089,181.04694
224.15187,93.79499,169.65346,105.07753,102.04459,178.85622,142.48143,187.52216
222.39056,83.57818,144.81288,104.080666,132.8275,198.50105,141.91548,184.69402
228.78702,85.72339,135.12007,112.33017,146.27692,172.99588,151.18916,213.10211
218.78014,96.02864,143.48,108.67047,124.5641,164.881,142.93768,211.25308
217.79692,78.779755,131.59625,110.88681,133.36569,166.70412,146.51808,194.39206
219.47665,91.66242,134.75488,107.2863,136.15898,158.16936,163.98909,203.83208
227.54889,93.23626,149.3691,94.34279,143.27287,158.70985,149.89413,217.33157
225.18271,90.4627,146.58998,101.273926,138.04271,164.06639,145.96896,214.34404
207.62285,90.617325,133.65242,79.44076,137.87895,167.94455,149.9951,182.32391
210.32118,79.56915,132.76425,84.67653,138.86743,170.66412,123.0018,197.81052
221.76114,81.16958,138.83276,83.64736,150.85454,174.42326,120.23549,214.47223
222.84074,78.434685,142.79169,72.41406,155.23532,175.16013,129.69844,196.8639
216.06712,75.79083,148.0143,69.62201,141.14325,169.77736,110.092606,201.31656
209.13512,82.29976,123.50744,94.86239,139.66621,175.04797,100.352615,203.2593
214.14365,79.04113,121.31491,85.08644,154.5932,159.8694,120.0612,213.83865
234.3395,57.325825,138.77573,95.13524,162.88496,149.4893,121.33598,213.08157
213.4883,79.235405,116.619354,81.85326,158.87697,151.47157,131.4383,210.68158
216.6968,69.68859,127.50647,63.316223,163.55724,147.03566,117.02423,202.84383
219.80502,62.01008,120.09365,71.73781,169.2712,165.90204,84.90321,209.19055
207.82925,77.165405,107.91678,76.56616,160.16252,158.66043,95.478775,215.427
212.20097,79.66178,122.14675,82.984116,152.66023,148.80739,107.26753,223.26724
215.56496,54.387497,111.12069,95.24874,158.7168,145.96878,112.47154,196.58536
206.18015,100.92324,116.03987,72.26868,154.45726,148.54622,124.76779,234.1248
203.7112,67.91355,95.70222,67.00869,167.0324,142.04216,101.936874,202.23015
207.07547,64.202805,114.62482,66.66445,158.75533,142.57991,90.01074,212.15735
190.0454,79.517296,99.01293,57.703617,151.25412,145.9341,90.725174,206.74507
204.32695,83.6914,110.48344,83.02772,150.36176,139.58972,84.08098,229.08926
202.8232,80.86563,103.585815,76.32322,157.01352,146.05511,112.74385,215.02878
223.51958,62.229416,95.96408,76.47537,187.13574,141.50232,111.995316,209.50943
206.7057,80.74806,89.33672,73.648056,170.89386,136.82019,104.10399,228.9464
222.03828,46.553734,85.977036,71.276184,192.08144,127.27679,88.95886,202.96819
214.72905,60.1789,93.04414,73.42277,179.29161,123.63585,95.5869,225.67644
190.0901,102.9053,81.35761,44.275776,166.01003,127.911674,99.05911,239.4156
199.21361,90.63112,75.78433,60.771343,173.816,113.82528,83.949066,252.7492
221.80678,67.21049,93.71614,66.33701,189.89084,115.712715,94.921814,246.48508
209.7059,83.278145,81.054855,39.663933,189.3388,118.08359,102.09207,230.81604
213.14622,64.685776,104.52878,35.504616,182.34822,120.20007,73.58438,232.3421
204.49281,71.98481,86.30482,45.465492,179.62907,139.13005,52.20607,228.43347
191.39291,78.33462,82.30403,44.253685,167.10538,130.88791,72.69301,221.34396
185.70271,85.47258,69.65928,57.36092,162.3939,125.5265,70.42624,225.68848
184.5,63.022316,80.29682,62.0748,153.98854,108.80103,79.59413,207.34436
187.85367,73.33485,69.16143,48.45156,168.09326,117.799355,83.776505,208.94502
199.42229,57.311104,63.285416,69.21533,176.03365,111.37767,67.46663,207.30908
189.63731,70.285576,64.56115,48.26259,171.7222,108.620255,73.86206,219.97241
191.33365,69.46267,55.84893,39.03619,178.76361,97.213776,79.55443,216.99194
180.55487,81.64098,43.147514,43.67624,169.7619,94.479095,57.348263,231.69324
203.74617,73.4346,82.55907,42.413464,181.44928,98.47647,59.17357,251.08871
181.12306,84.424614,62.10063,33.723362,166.71585,110.661385,76.23364,221.58092
191.25375,63.346764,43.861618,50.980644,178.94318,97.46308,68.912994,207.7022
183.27643,87.6143,53.47513,37.494385,171.45842,100.64352,66.69595,238.31702
191.95413,46.618298,57.009933,49.202908,176.56857,91.112595,56.64618,207.45894
183.51653,72.69156,52.33202,13.52922,175.46136,88.68522,73.91109,193.17654
188.62299,61.092144,45.984074,37.82774,178.95972,96.5252,35.125416,212.44624
195.89548,56.21141,50.558693,43.134075,184.17859,88.950386,46.49576,225.52383
182.44907,75.21036,35.674164,26.779411,176.80434,93.44766,59.85666,213.1203
181.16861,84.46926,43.433865,28.181843,173.76056,88.6265,51.616993,240.40437
182.69362,92.433784,24.331366,25.846704,179.22939,105.92587,41.32612,219.17041
184.78662,62.9705,42.444313,35.776806,176.31253,75.686165,46.259632,228.36197
190.84123,55.542152,38.67555,41.69782,182.03194,77.76951,45.923332,221.3779
194.0182,60.16378,36.500004,31.700348,187.7545,62.941967,71.60568,224.40335
191.81047,61.44284,34.000164,15.86577,188.09703,69.56409,60.880417,209.41632
176.86153,61.829685,36.194565,20.496307,172.02594,77.27312,30.068092,217.15826
172.7245,77.83418,23.552017,41.323086,166.04198,86.84828,32.31521,210.8852
177.85802,87.85644,5.7598844,39.69201,173.32567,79.92224,50.25295,219.36124
181.05524,75.40567,25.825678,8.105428,178.94435,64.634415,50.887917,227.08382
179.83226,73.864845,20.78728,26.610846,176.5945,77.27273,28.468475,224.74503
156.82599,85.51315,11.522914,33.899036,152.63115,69.89654,40.35449,215.1065
179.09564,39.601925,19.700348,13.022573,177.52554,50.40444,33.618095,193.2742
167.70976,62.703793,23.60717,29.803339,163.22261,39.359386,30.980907,224.1443
178.63231,73.25512,0.91708344,42.60957,173.4742,57.364677,58.795277,217.7637
183.70424,52.307384,-0.185483,20.812641,182.4947,30.108236,60.04049,200.293
177.05084,47.67861,19.182295,19.055788,175.0636,53.00906,31.3525,206.10622
163.11902,63.29939,12.427592,21.629303,161.17157,55.364365,31.89404,206.55344
149.98083,73.561195,9.172378,18.970127,148.59158,60.24201,41.444386,196.50107
177.52553,49.889877,-11.366915,22.691307,175.77711,36.50765,30.60109,164.67859
172.75797,54.399563,-10.264264,30.694532,169.85985,28.002024,39.898323,207.53857
169.74171,49.40711,-5.9733872,23.733559,167.96585,28.393991,43.398464,197.72847
161.09799,52.23026,-21.33782,27.903204,157.228,27.307114,38.224022,175.12991
170.32707,48.002605,-19.322895,18.45964,168.33333,21.499432,37.938526,186.30362
169.05916,54.621426,-3.9627128,1.828346,169.08327,20.704113,25.58547,211.4485
160.2344,60.803474,-18.948948,29.925535,156.36763,28.394316,24.766533,194.44073
153.01308,42.773384,-6.266231,24.237028,151.04575,14.183554,42.03816,184.36102
174.07613,40.647877,-11.844629,7.5088806,173.61417,3.63706,44.230846,165.44827
158.8838,52.404675,-19.126959,24.88374,155.66492,10.403074,32.495125,198.83368
156.82574,82.2253,-54.304424,29.401756,144.23781,23.503584,28.69241,170.13213
168.92899,29.124731,-12.421298,13.042205,168.08336,-1.7894385,38.95334,176.41533
157.16075,46.351913,4.7189617,13.284868,156.35715,10.804895,37.10037,195.78851
156.76097,71.10907,-29.34283,17.819826,153.01793,8.861235,53.371265,201.36742
165.09845,32.070236,-21.260885,32.660217,160.48596,2.5712163,41.164616,180.01309
157.95332,50.42073,-44.162807,28.39522,149.0428,0.030137777,52.316265,154.28647
146.73616,55.439156,-32.856853,20.439726,141.47609,-11.886267,60.81444,172.75046
147.49661,58.23444,-16.662037,1.8770996,146.36162,8.8538475,49.009773,169.19513
149.683,49.335587,-38.361332,14.930819,143.8832,9.080606,23.987967,155.83435
177.59012,45.202324,-37.5294,31.902925,170.51903,2.3049734,30.426249,191.65834
150.13411,92.5797,-46.582813,4.883965,142.36687,1.9364736,45.784077,209.42664
150.31633,76.19383,-44.662445,10.87399,142.97627,-2.4071343,36.4774,200.34502
152.32285,50.32892,-39.613613,36.10223,142.55,-1.5623076,36.04293,175.54471
154.3705,79.38199,-48.080105,14.308632,145.94266,1.2610538,45.162426,200.49838
133.63196,78.23363,-42.513866,2.5015388,126.48909,-13.472122,32.88,192.15569
155.32626,36.104015,-42.879272,14.807383,148.30064,-7.606019,12.574379,156.8237
160.4408,60.448326,-50.4784,17.121456,151.61351,0.052915335,40.074596,176.3956
157.82744,41.209827,-58.973896,33.70201,142.72005,-22.519442,31.862217,162.48557
152.73997,38.603756,-42.825367,24.565691,144.4303,-25.64549,40.248024,175.70486
151.9671,57.404266,-52.97073,10.92466,142.04262,-10.973254,49.3135,149.10931
129.5415,51.616375,-50.854847,16.181198,118.05657,-18.3732,29.01671,155.2663
138.61458,70.747795,-63.125828,19.0871,121.964424,-0.5814688,27.35917,154.81206
163.27048,60.112396,-76.222404,17.207813,143.41293,-23.01716,38.271004,162.22705
135.6254,70.13023,-54.69155,15.28284,122.91387,-22.48838,32.612,182.5916
149.59695,55.192844,-61.32103,26.270193,134.18254,-25.144306,43.788105,172.03055
131.6558,76.92366,-55.771084,24.994759,116.69488,-17.83218,56.383045,175.40782
136.20297,64.202805,-66.65654,16.161602,117.35496,-19.434307,43.092274,150.48889
127.17016,42.059483,-45.849945,11.5157995,117.97471,-32.37828,33.576035,150.86917
141.19579,51.246952,-67.03224,21.216925,122.5271,-21.894915,40.064274,137.87447
144.38924,31.153852,-49.084545,25.039845,133.71205,-30.541124,40.866264,152.94962
146.84877,67.37581,-68.94873,12.799198,129.1162,-18.386347,48.365345,156.12839
148.72142,56.285545,-67.931946,18.340986,130.89304,-29.043463,32.442623,169.03503
119.58888,86.283325,-54.54602,17.593176,104.63654,-10.962033,26.367968,179.07503
147.92418,81.47699,-82.87899,18.744484,120.73221,-14.272477,32.256588,162.58917
139.99017,68.25366,-70.81617,12.384446,119.521935,-36.2084,35.339855,173.5044
125.870964,61.68924,-54.38516,31.482338,108.521904,-33.457455,30.723343,167.3815
124.881195,62.31021,-57.38213,13.692056,110.47649,-26.332708,46.493324,152.66766
145.62366,93.15478,-98.816925,19.540522,104.7849,-14.420283,44.631504,134.76059
140.39876,62.636353,-65.64625,6.644617,123.73892,-40.094067,22.381216,178.95862
131.78035,62.922573,-65.8797,3.7753658,113.88081,-20.462458,20.686897,154.31837
134.96017,61.227547,-65.67986,0.023851616,118.15042,-18.840908,20.69241,151.83334
144.57956,93.6406,-82.90069,9.545094,118.441,-7.08272,0.8560333,171.65227
122.4288,100.054985,-73.285706,19.24244,95.92395,-32.51286,12.162407,186.81015
130.03004,72.67221,-68.30963,10.765557,109.52371,-18.414045,30.187016,158.92477
127.253685,69.57191,-73.51037,13.400395,103.078445,-29.504618,37.9762,150.54877
127.462006,45.75205,-75.12659,14.6432495,102.14657,-35.359924,16.664364,125.35706
134.97963,19.126225,-57.370724,16.38228,120.69638,-39.17393,13.655296,125.052444
122.39492,49.074562,-71.75933,33.931297,93.31988,-31.428375,40.114204,120.396805
133.98793,47.768322,-73.716835,25.880383,109.3052,-33.80869,42.614346,129.92505
131.99675,41.66852,-60.804684,3.6340504,117.233406,-41.338615,35.809456,134.55453
136.34245,72.97955,-81.30715,8.15937,108.76002,-18.926304,15.261147,145.54695
128.62549,98.14857,-80.55707,29.078104,95.78908,-13.739174,13.457302,166.10526
120.56644,75.73071,-67.05301,6.8949237,100.04969,-21.232824,31.30828,154.90175
114.09316,57.903072,-64.674774,23.999151,91.23928,-39.742043,28.882284,142.55286
121.35234,60.904125,-68.84911,27.34559,96.14553,-33.486996,45.620525,141.721
119.27077,48.207924,-69.84027,22.110653,94.04955,-40.803234,38.16744,128.59787
114.78894,38.075787,-70.49499,42.476795,79.61338,-36.150696,36.648884,94.55968
113.21226,45.434063,-60.772404,16.133802,94.00176,-29.021708,42.18953,112.59346
115.118416,50.524166,-76.45159,1.9703087,86.462715,-41.254707,38.422928,86.26408
110.75594,46.74508,-71.204384,-0.9342893,84.60693,-28.67717,6.4575233,103.161995
125.633804,78.96956,-79.90224,23.399778,93.566574,-8.385856,4.962902,122.224495
112.12772,85.24417,-74.67456,27.96053,79.43007,-21.512558,38.030716,145.15472
107.833084,64.48287,-65.52343,10.616867,84.86522,-25.574253,42.816715,124.468376
108.63639,56.458202,-70.129715,22.403221,80.0922,-29.835705,39.475723,115.90476
114.76607,59.207394,-80.08416,14.50426,81.32344,-29.114027,32.629673,105.41313
95.77562,70.83619,-72.23851,-4.482044,63.456005,-36.284134,33.659214,110.6028
114.60809,41.075817,-72.831795,7.8675337,88.29262,-32.39842,12.554096,92.54483
119.19791,74.18263,-86.45036,-1.3459333,82.21521,-33.67731,32.888584,121.039246
114.033455,48.473614,-78.149155,18.949263,80.56622,-40.908123,14.489662,112.1512
109.31291,86.99569,-87.25135,8.256204,65.18721,-24.048746,28.232702,121.09192
91.79631,64.73989,-70.21454,12.764582,58.266823,-22.712175,28.688581,98.90707
107.45844,59.034416,-79.51836,-6.5805016,72.494156,-33.347805,27.686281,86.30934
92.326866,35.000893,-65.911674,8.547746,63.758728,-38.027576,8.212257,85.47124
122.28815,62.160202,-95.676056,7.5782847,75.812256,-36.385395,22.308731,89.006134
108.43092,71.53714,-89.533485,12.08204,60.469563,-40.407833,22.871939,110.83019
82.67746,44.958313,-52.029594,12.698855,63.05013,-40.33576,29.774364,103.30571
83.491394,69.19187,-64.65597,-1.2011387,52.84365,-28.083904,39.916153,94.99249
105.32094,49.670162,-78.61486,17.491297,67.568344,-30.864922,29.222136,60.632957
92.939835,45.097984,-67.480034,30.711061,56.269493,-38.722027,19.835478,89.25302
102.766495,51.068733,-84.64676,11.397319,57.097958,-48.710033,47.275997,62.443832
101.032486,52.340233,-77.969696,5.2959194,64.204,-46.577717,46.644695,68.878494
95.86579,43.3157,-56.062096,29.512287,71.63525,-24.41948,19.599573,100.395676
75.54014,57.548347,-59.657,-4.621284,45.583405,-40.53062,30.931623,86.59517
87.434616,52.889034,-60.65408,10.602913,61.542942,-8.7118225,14.008301,71.03558
97.4208,71.23947,-71.420784,-4.7701745,65.98094,-15.571588,25.37632,98.2901
83.61407,59.36171,-67.4881,20.194513,44.95908,-30.107811,19.082714,90.83101
84.96617,40.07805,-62.44319,7.905431,57.146317,-28.529993,25.543861,69.36543
82.16333,45.782776,-61.562897,7.220858,53.762436,-19.80752,24.366714,61.940163
77.71462,36.414284,-63.97378,2.839026,43.61918,-37.97344,19.853365,63.185036
81.018906,44.981247,-57.72011,27.030699,49.60012,-21.505762,6.441412,67.12561
84.19805,52.674114,-63.703224,-0.5029119,55.274796,-33.68307,42.685658,53.099823
83.49588,53.350845,-60.899944,-1.2820112,56.682037,-20.716257,24.14522,81.05426
85.05182,66.80428,-62.629215,19.464819,53.65724,-13.520847,15.999908,98.74473
92.70518,74.64583,-81.46205,-4.1119614,43.60679,-21.398645,22.015213,79.64713
77.440704,68.95481,-62.999786,16.288864,42.275307,-11.835515,11.257328,88.1806
63.85934,66.06969,-51.157845,4.4134574,38.039185,-11.500232,32.166683,83.149666
83.31576,84.56774,-82.11001,-0.91249007,13.805047,-21.710144,32.14961,62.647057
76.5095,52.90144,-70.37163,7.836737,28.537228,-27.160704,19.761524,56.642365
76.937065,52.232803,-63.727283,2.2906084,42.966255,-22.623583,28.408922,61.728535
75.29442,55.35623,-65.03406,-0.7489714,38.1179,-36.80257,45.14228,52.116234
82.35375,54.200005,-70.61964,5.480352,41.53059,-27.23987,25.180128,67.93741
77.605675,47.20699,-61.589863,-3.9367757,47.209587,-27.094427,17.314386,70.72871
69.08373,65.28065,-64.76024,2.2428775,24.282387,-23.438196,18.189367,72.008995
49.42924,64.16973,-37.5115,-14.195802,29.002556,-11.532041,28.038177,69.93924
53.33517,62.026707,-44.595707,3.6048806,29.055107,-2.3474658,25.18228,68.53574
74.61108,65.6361,-58.779583,-9.715613,44.74097,-12.46484,32.056187,66.3065
41.18328,79.860916,-39.729828,4.0991445,9.872693,-9.85034,16.310219,82.99115
52.110798,54.462296,-41.815315,2.380675,31.286581,-4.5322475,25.879753,63.11447
48.778046,83.93229,-44.220436,-10.198991,17.76479,6.713581,32.827362,69.49546
47.8113,67.97922,-45.6777,14.015283,1.8010395,-10.21397,14.470207,60.23161
55.956436,64.88801,-47.21095,1.64405,29.75297,-0.119219065,13.386368,73.42228
43.357086,73.57549,-37.159325,-14.735894,17.408148,-9.69168,34.843666,64.39606
36.107697,81.26817,-34.12449,-9.491104,7.094195,-0.0015661716,6.6387672,79.10112
57.34259,82.455505,-49.781425,8.754412,27.380611,7.0440826,18.594162,85.98027
48.518127,101.65364,-48.091423,3.847066,4.756939,-8.942876,36.393192,92.572754
48.666958,68.74875,-47.341946,2.8340185,10.825243,-6.6625395,26.856495,61.33791
70.29581,88.131386,-64.53014,-12.449508,25.092453,-1.8928702,40.057262,57.524765
42.024593,59.73954,-30.571085,-15.927621,24.19254,-17.294859,15.646606,72.59236
33.227493,55.273785,-27.42988,13.588494,13.018213,-3.861069,13.467518,63.38089
45.719254,88.8968,-41.99929,-1.6933801,17.94382,8.321667,44.742146,74.80217
33.69347,87.0316,-29.534489,-15.867125,-2.5893006,-3.9811862,39.25438,58.74101
50.2657,103.14947,-41.56833,-24.88737,13.053002,25.131603,14.715776,80.83713
30.637243,104.12733,-18.337633,-24.212452,4.652952,17.101995,14.294928,95.303345
38.457973,81.2274,-28.884525,-4.454565,24.599592,29.727331,0.44441223,80.88983
37.40843,97.93692,-23.339802,-23.191359,18.287561,10.974419,19.79274,98.66672
48.31424,92.46621,-47.81422,6.7025714,0.2880921,6.118595,9.573702,74.67325
50.591503,109.01634,-48.44445,-13.701477,-5.4146338,12.199213,11.680918,82.41826
47.31609,93.33943,-45.300003,-13.594812,3.114356,16.206343,7.5781918,70.482765
17.0147,96.75646,-11.4208355,-12.324714,1.2949057,11.27523,6.7878075,92.88506
39.29774,87.199844,-38.270016,-7.488544,4.909335,6.516,9.031689,77.79716
34.89717,88.30381,-28.814434,-5.4461236,-18.961885,-13.621879,23.450489,63.185364
37.20551,66.88796,-27.482592,-21.91315,11.906725,5.490885,28.780354,40.482407
31.313934,64.45153,-29.136349,-10.010094,5.486369,-5.286091,27.208761,52.43917
27.686865,72.072876,-23.273035,-0.80698913,-14.6122,-2.7093012,29.28505,47.09
35.735138,72.14049,-30.078426,-18.952913,-3.5996015,14.110338,17.266035,40.131626
46.227695,80.232475,-29.068525,-35.820595,0.47822258,21.022158,11.60717,41.32724
47.46117,97.323235,-40.752018,-24.193573,3.7789447,24.514648,-18.342087,76.49365
20.947851,91.49351,-18.655218,2.6087375,-8.889445,17.541857,3.7416725,74.992226
57.41298,104.29795,-34.992714,-45.330597,-0.65642494,16.78953,20.560637,61.23098
23.135471,111.33536,-9.552078,-18.126629,-11.293742,21.162586,-17.11438,95.63149
39.296947,98.5406,-27.903938,-27.699198,2.1299,29.983053,2.249794,75.77963
26.307081,61.415085,6.150562,-21.868534,-12.709929,11.379509,-2.3991127,44.970596
39.850502,66.174484,-26.707464,-29.312372,1.2867836,20.556675,11.1805725,24.159767
14.960364,77.0069,-13.188651,-3.7265317,-6.117806,25.415495,-0.858593,60.6688
26.25,77.73352,-0.24966706,-20.202394,-17.220959,-1.7107193,30.248035,42.605423
33.992645,50.68037,-13.063561,-30.514053,-7.5628595,1.645663,16.10984,6.3499107
32.54228,76.02138,6.839247,-29.027376,-13.0428295,37.63365,11.052242,43.989243
43.246387,88.33742,-12.990026,-41.21156,-4.4998198,37.904743,10.432716,45.960033
29.516945,52.564247,-13.514554,-17.38757,-20.216558,23.612408,-3.9449654,14.991281
35.780582,66.749535,-3.0877314,-33.086414,-13.261913,26.451603,11.673874,25.776352
26.42915,46.238514,-3.555283,-24.060259,-10.698094,24.387802,0.6211014,16.508963
30.207615,56.473446,0.4049489,-29.964548,3.3778148,27.411764,17.518427,15.941688
43.57752,67.74585,7.1575947,-42.507355,-0.91649556,41.586246,3.6145802,33.360813
31.890438,24.269321,13.977356,-25.111551,-13.949749,25.112354,-13.186939,3.939109
42.69075,61.951595,-3.4232063,-39.50646,-14.446659,26.713678,7.363781,12.313104
27.968733,45.84212,-0.76241,-18.573067,-20.285955,22.61263,-2.4056091,14.914798
48.24158,80.35235,5.050457,-40.071625,-26.346264,34.519623,15.805059,23.204401
36.81372,38.00329,17.085585,-32.186394,-6.4210415,30.0885,-6.796694,19.156246
43.18854,78.335815,-15.590138,-28.837482,-28.028866,41.963833,3.0217323,14.501349
55.93076,60.491734,16.085537,-45.932922,-27.532562,22.316902,-5.456215,16.397295
42.68782,39.195026,20.76416,-31.478687,-20.708036,41.071827,-13.030445,7.8740053
31.200962,57.293106,11.688884,-28.722807,0.43998563,44.178753,13.203424,21.869665
41.221962,54.731163,19.91016,-32.5631,-14.570253,29.499224,9.643034,17.970873
45.365185,81.4156,-3.8316517,-41.252026,-19.060247,43.6535,4.622774,28.702892
37.456642,58.97881,-1.2317866,-31.029833,-21.159136,38.26661,-16.991268,20.670202
31.44837,57.77543,6.1330295,-27.971779,-13.074491,37.09667,-7.1367702,31.036129
47.7022,69.896355,11.344133,-41.14894,-21.502981,29.950403,-0.1629982,31.821316
52.22308,68.023895,-1.6646444,-49.3065,-17.943186,37.049942,-5.806036,18.233646
53.670288,43.891914,28.715158,-44.37576,-11.690413,38.83396,-28.31138,28.120262
67.758766,94.70612,8.797254,-52.108757,-42.57116,44.27016,0.9554844,27.52128
50.5099,60.218353,17.641838,-34.440224,-32.791878,49.910824,-15.183844,13.93768
73.506805,85.13812,9.011142,-60.291668,-41.430805,55.724476,-2.2274246,-0.21895099
57.2298,47.33128,9.730498,-48.547573,-28.027473,41.99987,-29.227024,0.23295999
68.972824,64.206696,23.259363,-61.2218,-21.979765,60.08164,-21.210278,12.40622
56.58235,54.168716,3.955843,-47.419407,-31.151253,47.399822,-38.447723,-0.35448337
58.52777,45.144905,34.362034,-44.832333,-14.417565,52.625694,-25.452673,21.82423
54.25,74.39422,11.862037,-52.233635,-9.815114,52.386456,-0.48388863,24.82335
67.2091,70.726585,30.868336,-44.05971,-40.327362,38.609932,-8.986065,20.706354
74.08441,92.914276,21.400572,-64.33216,-30.429916,58.29696,-8.06237,33.802254
73.56672,67.28716,32.16819,-56.802757,-33.818844,52.131695,-31.10749,25.041874
49.677082,57.66715,26.748144,-34.534924,-23.23781,59.181377,-17.668509,21.175552
68.79181,60.392982,27.287992,-59.37005,-22.349218,34.06805,-5.060713,4.052663
41.695324,49.57822,18.623417,-33.60455,-15.610174,57.351593,-15.163473,8.412419
59.61386,71.639725,16.406168,-47.120594,-32.66715,55.24275,-22.170618,22.279587
55.709064,65.52099,30.38066,-29.425276,-36.53011,50.47758,-22.066015,25.605745
66.96874,85.49306,8.413757,-55.239677,-37.327976,54.379395,-7.2495193,16.541565
67.38694,57.177357,29.038351,-54.477158,-27.908857,51.992115,-31.622902,19.512905
52.15901,43.380764,22.010479,-38.711483,-26.737036,36.370514,-23.00441,10.841281
65.729675,64.39381,25.40671,-49.48695,-35.572964,51.50482,-9.393946,7.6627703
71.15224,43.26824,36.39443,-43.12644,-43.322727,49.908604,-18.973711,-10.01591
48.003254,69.73925,16.316273,-32.31155,-31.762182,68.2975,-14.576773,11.546502
73.610886,73.17114,24.993412,-61.31175,-32.77079,43.398685,-1.9104137,6.3960247
64.928925,55.562042,27.557169,-45.215042,-37.855232,51.22234,-26.184443,8.729371
75.93583,65.39304,32.918064,-44.661465,-51.52297,54.443478,-22.397524,5.992302
90.06144,70.81625,33.88075,-71.161736,-43.748432,63.655293,-19.029236,-6.1656675
83.00115,43.1998,43.822247,-65.92027,-24.435154,73.08786,-40.28465,-5.7765913
83.6395,90.283775,37.23314,-64.92917,-37.407078,83.097374,-25.89726,29.764076
83.175415,54.37888,45.961777,-55.13654,-42.154137,62.611942,-31.539446,4.082039
78.175385,66.454666,31.121326,-60.113056,-39.380123,66.43126,-23.186316,3.3129885
82.60734,96.29315,18.420023,-68.43359,-43.31566,75.32374,-24.849669,21.29506
81.47202,89.48936,26.25821,-61.130352,-47.33309,68.3204,-39.872475,28.842178
95.29496,83.23034,40.073036,-64.565315,-57.06578,70.95937,-38.905094,15.667506
96.28654,73.16943,50.1945,-59.750008,-56.316418,77.70305,-41.261333,8.553781
82.159355,55.570656,38.832886,-58.448902,-43.20376,65.61918,-29.662485,-3.5197122
75.5149,76.728516,28.456606,-52.610836,-46.471344,67.444405,-22.673717,12.36947
90.34111,67.58516,36.111824,-69.177414,-45.87266,49.843487,-13.711063,-9.968101
88.542564,58.344913,39.580757,-61.184383,-50.213024,64.3823,-36.209316,-3.2493312
93.98146,48.541218,51.5998,-59.31521,-50.937378,65.03054,-36.831203,-9.828967
80.96488,52.53942,35.286484,-65.45494,-32.221333,71.21295,-32.51012,-12.824651
94.145164,59.31326,57.39896,-49.642384,-56.217392,68.4341,-32.505196,-0.45505118
89.70098,77.15741,39.105595,-67.066734,-45.186676,79.52006,-22.522978,2.8068087
82.99548,58.780445,33.436314,-57.058723,-50.461098,67.11962,-30.019115,-10.911456
73.14412,34.925144,36.679333,-48.759262,-39.805378,55.141453,-29.803535,-16.61531
73.10822,49.23223,32.940475,-59.335693,-26.752655,61.097237,-26.18452,-3.9837377
87.11092,59.232594,40.278015,-60.53331,-48.234856,54.043613,-24.230501,-3.7467144
82.58821,52.9534,26.68607,-62.495323,-46.768417,57.584133,-39.420063,-10.523359
76.31391,70.167656,20.845282,-63.378826,-36.724743,59.518272,-26.878784,8.699432
88.710205,84.77028,49.419666,-46.378353,-57.422035,57.813656,-39.495144,26.542095
92.07775,71.83531,37.465675,-70.41704,-46.318176,69.20353,-32.91635,6.08407
74.359344,59.441147,48.421116,-38.43782,-41.7899,79.20235,-30.044651,8.363197
100.04499,70.581955,61.8544,-53.770805,-57.076046,72.77864,-13.649908,-0.29085994
78.03245,53.677277,40.25928,-52.22771,-42.255173,80.31375,-24.98632,-18.708794
97.78676,45.978256,48.555088,-63.143425,-56.381683,65.869804,-21.99164,-44.55131
85.24413,30.001041,49.126007,-57.891083,-38.850365,72.640884,-46.990437,-24.585562
93.31432,63.583115,39.36277,-68.85488,-49.159523,68.095085,-21.478292,-18.549059
68.9479,66.53054,35.682903,-45.597744,-37.373356,86.13618,-42.171413,6.4161415
100.10994,84.06694,47.31808,-63.091972,-61.944553,81.18216,-33.281963,8.995517
86.77557,70.747795,35.146706,-68.072495,-41.09819,79.37296,-35.14889,3.55208
72.84401,44.66822,44.12297,-50.01337,-29.329231,71.29409,-39.592762,4.475891
90.52624,67.98713,45.43968,-72.80308,-29.059866,76.46869,-23.888088,6.2683334
80.450294,53.677277,46.083797,-52.36127,-39.81792,76.365074,-40.9945,3.0452178
81.53067,51.451435,37.56377,-59.021393,-41.680702,75.34936,-32.601707,-17.396553
96.985825,60.15397,49.559425,-70.46691,-44.14391,74.42515,-32.166946,-4.7225037
67.50926,62.976185,39.17144,-32.256096,-44.61055,87.83201,-43.287388,-6.460149
79.230675,74.70776,37.159443,-47.45666,-51.51998,82.432465,-26.844757,4.702753
71.47202,44.474712,39.799923,-48.51329,-34.242725,71.41898,-24.485405,-13.176732
81.72821,49.40648,47.257492,-59.473072,-30.408052,65.81461,-23.63922,-2.6608293
89.918015,60.4938,35.901226,-57.22719,-59.487473,62.901096,-37.440105,-9.212433
92.42294,44.26624,54.340466,-55.127415,-51.196552,67.02032,-30.471233,-16.504908
83.2301,48.28302,43.002464,-54.06183,-46.254864,75.83517,-24.1222,-28.049118
95.12755,62.3879,53.42386,-71.905235,-32.69468,74.50293,-15.91514,-15.797568
91.70332,67.618416,45.138218,-63.703735,-48.413445,85.852646,-36.252766,-1.9160326
85.82104,71.37576,52.66637,-40.70554,-53.824707,92.741974,-49.00532,4.400526
86.82886,75.5877,41.66423,-62.77195,-42.354534,90.93484,-30.676472,5.1704903
78.557304,69.830154,43.32225,-54.066677,-37.364136,82.5183,-39.989773,18.074028
86.11185,86.76117,42.52091,-51.86747,-53.482067,82.429306,-34.36051,21.931356
87.823685,62.347816,50.340523,-58.00755,-43.03652,75.45027,-37.835247,10.353439
91.056305,57.01754,52.19767,-62.509457,-41.025925,81.20949,-35.697186,-0.026272535
73.16591,78.431496,33.32541,-39.721455,-51.92723,75.80642,-43.12964,13.682831
79.12806,59.5504,29.5183,-69.005775,-24.654243,60.01012,-23.281996,-0.69798064
77.9503,65.713394,40.191566,-39.3839,-53.77347,66.18455,-45.802612,6.019327
72.53275,65.68866,34.178986,-52.838154,-35.875446,77.42354,-31.796328,9.180836
83.0557,57.35852,39.502876,-55.94023,-46.276955,71.0059,-29.109524,-6.680829
87.487144,52.983486,34.042896,-57.06098,-57.14337,68.24949,-33.9619,-23.41292
90.87663,51.744564,39.903194,-65.30415,-49.24584,64.98746,-34.69608,-15.539264
80.68186,48.616486,34.537292,-66.37079,-30.267326,47.830833,-20.063524,-37.077415
77.84801,58.200085,39.71625,-49.735302,-45.015636,60.999306,-31.826097,5.907568
76.95453,56.623756,35.886635,-50.99864,-44.889397,61.972157,-20.584497,-4.7777042
96.40799,48.32507,66.5428,-52.509323,-46.369293,63.783596,-18.20882,-11.572369
71.45803,44.13686,26.845184,-48.50575,-44.622482,58.799816,-18.241098,-41.768707
86.4523,43.557434,62.814682,-56.946503,-15.790121,63.91659,-16.499245,-0.44569373
86.683334,69.10861,32.913223,-61.106865,-51.92899,58.778454,-10.9433,-12.162842
74.12489,66.948204,23.489183,-42.460236,-55.657646,65.29495,-38.714077,-4.024729
83.68281,74.21927,44.25464,-54.78697,-44.82475,68.802414,-26.209278,19.413078
87.617424,78.21125,21.31234,-70.798225,-46.89704,62.4307,-26.680195,2.670128
76.01315,68.26053,39.75964,-53.034534,-36.524715,67.74294,-39.412502,24.361902
77.07667,77.88332,22.287544,-46.79708,-57.275093,61.987106,-29.92487,7.922845
75.382774,59.413803,17.099066,-57.25956,-45.94983,56.15601,-22.367615,-18.418617
86.32243,65.74049,30.94731,-68.727104,-42.40673,60.7288,-33.53906,5.192713
79.44534,65.964005,29.112219,-43.247173,-60.367313,51.645245,-44.329372,2.2315075
69.14703,49.488003,28.487001,-50.176,-37.807854,59.522633,-26.035858,-8.291713
61.228184,29.478806,35.781307,-38.577026,-30.853117,53.990944,-21.657423,-14.991481
79.46265,72.56646,36.593388,-51.754246,-48.362976,53.999805,-5.4337654,5.200774
76.94194,61.1761,28.79817,-51.774227,-49.011997,53.267216,-14.651316,-7.2479362
79.02689,38.108604,40.768948,-59.528698,-32.47886,45.828087,-22.341492,-39.06153
59.682495,52.12305,24.059347,-44.94802,-31.286749,58.3521,-25.783936,3.3941767
68.63308,58.492653,30.351673,-52.484585,-32.24349,40.952026,-12.145941,8.882447
70.42904,57.140724,18.320234,-57.044952,-37.193348,47.33029,-18.726065,-6.427642
58.355724,63.543785,19.334696,-31.614363,-44.92082,55.76328,-30.371212,6.508955
77.62178,78.728966,28.843714,-47.571487,-54.061493,53.768562,-19.140818,15.343371
82.645325,69.31912,33.834892,-54.476273,-51.828102,54.21781,-18.856503,3.5090687
50.071354,49.81983,19.846178,-36.356884,-27.711214,60.292824,-23.504992,-1.742316
61.537113,78.768745,9.735437,-53.44029,-29.246738,47.109993,-6.5912743,22.445803
56.42975,41.36655,30.156418,-31.468227,-35.61084,20.193502,-15.852842,0.7749369
57.161102,57.273468,6.7450566,-41.270523,-38.866524,35.01646,-3.2821922,-7.1590977
71.702515,46.69599,42.22927,-43.960728,-38.14989,38.836823,-10.1012745,-5.693239
56.90316,45.528347,17.531973,-39.53014,-36.952484,50.447384,-11.97719,-21.744896
41.74261,57.15592,11.411422,-27.735634,-28.792875,54.282825,-9.600349,3.6763442
55.247173,59.868183,12.519234,-39.99712,-35.95393,26.082228,5.889063,0.3436768
58.59486,54.8407,32.172405,-23.678925,-43.073475,38.905357,-7.724825,9.176857
42.14578,59.342262,14.663294,-23.270102,-32.21438,46.21939,10.796778,5.321681
72.90576,77.17715,30.413033,-51.992302,-40.513435,40.204086,0.24850655,14.68872
66.2045,60.72273,23.735584,-37.81629,-49.472652,57.52924,-15.293037,-4.38995
54.05842,84.75488,3.4120443,-29.764587,-45.099426,64.64098,-6.3891563,9.284458
51.04689,53.666214,16.548555,-36.187798,-31.70349,36.72114,3.5708218,-2.1759536
38.308422,30.793922,24.156744,-20.174555,-21.611082,20.58577,-4.087633,4.1321173
49.175705,87.18237,15.67446,-32.959545,-32.6959,46.455654,19.829185,28.676645
50.049976,66.51703,10.236074,-38.044117,-30.665598,35.425785,4.8520794,13.196456
61.05121,73.133545,13.421684,-29.016495,-51.577408,50.01747,-15.882877,10.016986
48.890182,67.75369,14.483769,-31.974808,-33.589634,41.273785,-1.263979,19.733238
60.104206,82.68247,17.63377,-33.07743,-46.8122,48.650906,2.236435,20.919388
49.23223,78.250496,13.395463,-30.791122,-36.4667,53.07491,3.9031906,22.277674
33.502098,87.792366,-15.425677,-12.419329,-26.722858,52.082973,6.179281,26.126516
54.86859,98.53814,6.714718,-39.047436,-38.41785,11.814137,25.891762,36.361122
55.50957,85.787895,18.333866,-28.555387,-44.474968,32.145874,8.769497,31.939629
64.39381,113.87959,-1.189132,-43.949135,-47.128773,44.799923,27.175438,29.259506
40.213493,66.81177,3.3538527,-22.745554,-33.28951,41.929245,-1.359663,16.853151
46.904823,65.32419,-4.080379,-15.79827,-43.644753,30.576204,10.25424,5.184823
63.69066,96.8975,-7.4145308,-12.408099,-62.451595,39.77488,20.314362,15.873235
58.050087,76.84603,14.516953,-29.262335,-47.72115,44.974827,20.434155,1.5032895
39.57272,67.02658,1.0078671,-10.898263,-38.29648,43.07428,13.632904,7.6617336
27.41464,66.79493,-0.06084523,-11.225116,-25.140963,19.922766,29.621952,23.663277
53.033596,91.77043,5.248725,-24.002752,-47.247047,15.6714325,29.338982,26.66083
47.92703,66.84357,-4.038112,-15.9717655,-44.862133,30.00502,15.774456,2.9474633
45.42714,64.911476,20.826443,-5.6684523,-40.102993,32.26694,26.666557,15.497161
52.010216,83.94976,7.7294245,-22.90684,-46.210304,38.760216,34.192715,6.7358494
64.684814,95.5458,12.6359005,-23.145359,-58.53882,50.749855,23.755287,15.279902
54.06709,72.453865,9.009221,-18.581408,-49.880913,49.836895,14.397791,0.2068417
49.503155,58.602474,6.966928,-25.274372,-41.678288,16.950994,25.323948,-14.150899
40.559563,68.01298,6.152009,2.76474,-39.66189,39.044193,31.700413,11.570001
49.220325,86.540184,1.6469239,-21.97271,-43.828033,33.19414,31.804,16.497059
31.43172,62.300304,-15.434887,-11.159284,-25.258938,35.777718,17.58503,-4.1019707
34.132324,78.19856,-7.0650153,-9.368614,-32.0381,32.98286,18.357084,29.286182
58.745743,91.7786,4.210122,-26.860037,-51.566204,30.556322,23.420156,19.833023
56.30955,96.50388,-17.935373,-6.50718,-52.70194,42.123966,26.476784,14.880595
43.146732,77.52187,-9.573166,-20.00012,-36.862343,28.790884,24.208038,14.296975
59.123283,89.85996,-3.2552662,-26.042252,-53.430405,17.967878,27.264889,16.124668
32.626915,63.609188,-17.856667,-12.879342,-24.378376,29.17513,16.699781,6.8281775
36.96837,86.681915,-8.792807,-7.860978,-34.730247,37.221516,28.193016,29.41157
51.166397,83.56175,-3.0147736,-20.20328,-46.700047,13.589598,28.636925,18.615395
66.32452,100.24207,-26.460749,-10.126052,-60.22688,26.895298,23.255365,18.308914
39.20225,68.27529,-3.4267547,1.8607516,-38.828426,31.442827,22.343657,16.214369
43.41768,58.562466,-9.515639,-5.624478,-41.747383,15.204834,30.668167,-3.0243547
40.793736,51.578163,-6.9401503,3.810209,-40.01101,22.362448,35.01446,-10.500902
35.589096,62.247494,-15.542724,-8.231027,-31.358055,32.43207,24.89433,-9.2852955
61.79988,66.47616,-32.85288,-5.8016076,-51.67647,19.285078,29.555546,-30.892782
42.889576,51.493336,-29.129143,5.5470414,-30.785662,11.91395,27.444345,-8.520796
42.181156,64.448875,-15.999102,-1.7401526,-38.5896,13.460592,33.991123,6.3609257
42.555847,72.12457,-17.000082,1.1753384,-38.803947,29.291471,37.15079,3.2949746
43.72361,45.01111,1.9286122,12.045163,-42.167717,20.90736,36.11813,-9.368252
49.461514,83.20006,-24.421114,0.39384276,-42.872097,29.56231,45.91887,0.8776505
39.153595,50.309704,-24.038284,14.92281,-26.59485,14.487709,45.03205,-15.154099
36.639343,69.691986,-25.558607,-8.139118,-25.458399,9.774521,49.105072,-6.4573965
38.854095,50.95341,-8.600961,14.569909,-34.66577,8.910276,35.448845,7.6248016
39.963264,75.681175,-21.7009,9.778171,-31.57324,33.654697,38.556427,10.926701
38.720352,72.24535,-31.90187,-6.7452245,-20.665812,23.554125,30.701412,6.933791
42.44279,64.26131,-4.3429694,13.719721,-39.677303,18.540194,16.083214,20.260044
56.936916,104.52758,-36.757755,14.421121,-40.999943,35.118748,38.58913,30.570683
54.72031,56.251667,-43.77469,27.337202,-17.678171,0.28784347,51.17725,8.40251
40.177925,99.244095,-18.866383,12.957763,-33.25663,4.700123,54.7051,54.303463
52.556072,97.7305,-44.390797,8.015723,-27.06039,7.6223087,50.598907,44.245224
36.783997,85.696045,-24.277672,6.131369,-26.991564,-3.5082285,62.71095,34.18974
46.36607,64.636,-37.170902,22.266386,-16.271868,13.499221,48.863335,13.702185
40.94203,107.797554,-28.945482,14.515721,-25.124725,8.674171,72.09036,57.826313
74.23948,96.38464,-53.458107,39.445568,-32.72931,14.539541,60.71789,31.770668
49.767586,83.51833,-24.773628,20.645885,-37.606533,-0.5982077,67.24303,27.155115
57.961735,88.30381,-37.22677,36.150047,-25.800396,19.875578,62.189816,36.027245
68.21657,95.89089,-60.547745,23.33117,-21.212967,-0.6620505,68.67018,38.787468
71.584305,117.146545,-43.634445,22.65319,-51.98674,-1.9124377,66.92366,48.186047
52.995872,86.29926,-31.144667,34.22189,-26.417263,4.1098423,76.83031,39.567806
50.54948,103.71716,-29.397026,34.149067,-23.248737,10.029013,95.18358,51.428215
47.19375,99.46356,-26.401703,25.163193,-30.482815,1.6116064,80.00951,47.539238
64.5,129.50797,-38.068214,24.70256,-46.304733,25.80065,67.87526,57.685135
50.38911,97.6694,-26.264616,25.071264,-34.781616,22.071398,74.566925,33.567482
59.31326,114.8665,-40.199017,22.915958,-36.863976,17.415787,77.61809,46.36921
66.36311,128.3725,-33.852123,31.200884,-48.032692,6.790373,76.35448,64.75807
75.24834,134.64862,-52.239635,26.085886,-47.578835,22.283777,67.88716,56.32782
55.19794,105.73197,-50.768932,10.552079,-18.99808,17.176346,67.96123,38.188046
51.635742,112.95602,-29.930084,34.250885,-23.89295,13.799128,55.62693,77.901794
72.16301,125.35749,-57.674362,28.59312,-33.08335,12.211635,70.7446,62.57441
83.84659,128.35498,-60.285774,42.87408,-38.81752,4.596813,78.041534,66.19471
77.86848,120.984505,-56.798798,36.54196,-38.735725,2.516588,72.673004,60.345245
68.24954,113.381,-45.05146,43.259117,-27.769434,5.39493,75.65733,67.82349
70.917206,94.01729,-37.799408,45.22364,-39.673065,-4.644066,78.66264,41.552727
72.996574,90.82951,-46.32054,38.394806,-41.650883,2.424072,73.424164,26.565737
71.36,63.28507,-30.053802,55.52985,-32.401466,-4.92589,82.00995,19.685516
78.1057,113.398636,-51.350925,45.649273,-36.602627,12.495102,97.379,41.82856
72.06594,83.51796,-48.283546,42.90098,-31.548773,-0.35175538,93.81496,14.097272
84.59019,99.87993,-53.3869,48.81794,-43.52939,6.328411,78.860306,30.351486
73.494896,83.31416,-50.661938,36.94059,-38.58612,7.361803,72.09311,10.201649
75.31932,98.73322,-48.931362,46.39739,-33.767117,10.414228,77.81671,38.101345
63.96288,88.12066,-36.77514,40.447845,-33.65362,2.3778055,78.36975,35.267467
71.69728,82.832664,-41.315643,44.191254,-38.36151,1.8438184,80.90924,21.284203
91.9402,85.72631,-49.76325,56.579933,-51.809917,2.1238668,82.63269,11.18455
87.883446,96.38075,-53.50944,47.410847,-51.7475,0.5964391,88.1293,16.867977
88.57201,84.399345,-48.981888,61.684067,-40.145706,1.3427713,88.99022,22.09437
78.1425,83.25413,-49.59694,50.48472,-33.869328,-4.631912,94.20947,20.68457
91.85451,66.96268,-46.171394,69.33675,-39.692642,-14.017399,87.33516,16.260464
75.733086,74.365654,-44.738617,56.98925,-22.39586,3.3118951,90.93005,23.246607
79.755875,74.6927,-41.897896,53.534187,-40.803978,-0.8190863,87.23331,11.825107
91.01785,77.92625,-54.679455,64.805016,-33.055904,7.045656,86.608,9.387763
90.41018,83.60921,-63.18271,58.23028,-28.817564,1.5688608,89.54817,13.579233
100.52487,89.702286,-80.61031,50.838123,-31.787066,-14.903481,97.32414,8.564467
104.207726,96.24708,-66.4759,74.048195,-30.832117,-12.878096,83.09802,48.604404
81.96036,108.079834,-52.31872,48.785645,-39.701614,-16.88308,104.190796,46.5244
100.03,100.365585,-65.92141,63.113773,-40.751144,-0.94811654,96.92708,27.470966
98.92422,99.05176,-59.243805,68.14267,-41.016487,-1.6126063,95.45799,35.097187
88.507065,89.61027,-53.462288,56.602024,-41.742817,-15.477081,88.35455,33.746418
107.43283,82.562096,-59.385895,75.22023,-48.770386,1.7698495,96.69043,1.6662152
97.04026,74.61275,-65.27103,67.41592,-25.204748,-4.5303364,97.82402,4.5413465
116.680115,79.03994,-70.64349,88.392296,-29.951324,-22.996021,107.25441,30.269978
94.48446,71.19164,-55.419334,71.968925,-25.697317,-21.585602,105.74124,26.684175
91.350975,84.789444,-53.20423,60.21511,-43.88625,-4.967655,95.291626,16.416616
104.60432,81.82794,-54.131237,79.24996,-42.256332,3.5175817,91.761826,14.563071
97.294655,93.30495,-66.41305,59.880867,-38.007946,5.842102,92.13835,11.278935
115.46564,76.22704,-73.67822,71.058685,-53.730793,-22.273195,98.601776,-4.4650335
99.42334,60.200188,-52.818687,79.58709,-25.935883,-9.0884,94.90346,12.362847
104.12733,87.87064,-50.63137,79.94383,-43.54344,-2.9366343,108.73772,24.553875
99.78383,71.61355,-58.45196,71.73383,-36.836483,-4.851221,100.0314,1.6779721
105.38768,86.99138,-51.9754,79.798134,-44.860313,7.444351,91.018295,17.729496
111.80452,76.41376,-61.770588,85.77134,-35.547943,-6.935953,102.72592,14.772609
115.87844,71.697716,-53.516964,95.013115,-39.219765,-11.270258,113.37892,15.948211
118.87553,91.45431,-64.00292,85.859024,-51.416595,-7.0263634,114.57745,13.978848
101.62308,70.74072,-53.366505,82.90678,-23.985899,-3.9439662,105.50267,21.02675
112.11664,84.8028,-51.615562,87.75611,-46.56866,-0.93890405,108.02954,18.472776
114.8614,81.48505,-44.514114,89.15966,-57.33971,-1.0821841,104.14172,9.833651
109.86476,78.29591,-61.32008,85.73402,-30.873062,11.46447,107.84418,-9.432756
99.58037,101.78532,-64.53119,68.89211,-30.49412,4.5600433,120.75316,21.98196
119.17378,112.20825,-89.63696,69.48319,-36.62721,-2.5338118,106.01831,23.828596
120.95047,110.81433,-68.83478,89.159515,-44.14968,-12.711687,113.399506,48.44416
121.24104,132.97203,-83.490395,77.361916,-43.380527,9.830072,110.70628,45.36022
126.0966,150.33136,-78.238556,87.44651,-47.398296,3.7107522,118.217575,74.7257
126.10426,158.95583,-53.281353,80.47544,-81.82799,3.6824129,108.48401,63.919662
131.01611,109.03641,-44.735435,111.832695,-50.9527,8.101976,105.44737,44.073868
119.40152,142.11938,-52.028767,86.004395,-64.47158,19.617943,146.31758,42.364513
128.3705,124.87389,-68.7458,93.44977,-55.39701,10.055044,130.82085,33.53299
126.51261,122.23441,-70.44555,93.17356,-49.57801,11.838453,126.73813,34.471046
130.09378,101.35119,-57.28758,100.173256,-60.615944,-0.78676057,130.09013,18.335262
149.24895,103.227165,-71.7024,121.41208,-49.510212,10.144955,114.05188,12.784342
127.37058,114.47168,-36.320324,107.963806,-57.102898,6.8926487,124.18219,47.742382
117.31368,104.18381,-49.872906,98.62074,-39.487583,27.660395,121.272736,25.606327
119.35877,109.33435,-50.2389,89.72731,-61.08192,22.878765,125.38118,11.904337
132.47264,87.05467,-51.111973,117.83222,-32.0585,19.260395,127.46243,18.916937
129.64958,98.5406,-38.84115,113.80053,-47.86392,-1.5323813,151.14555,35.59427
140.97806,111.543785,-58.554115,122.29425,-37.265007,14.878241,154.80486,39.66209
125.04955,153.30118,-68.38672,92.996925,-48.57703,16.967867,141.58583,69.392006
140.28209,125.31417,-55.278137,117.7763,-52.22598,27.922758,124.929276,41.405937
134.93794,119.588425,-61.732895,115.67413,-31.972937,23.00442,139.28337,48.678806
153.16495,156.35876,-62.9724,120.32066,-70.41323,17.811161,143.7235,61.148544
151.87001,133.67685,-70.36243,126.716095,-46.480373,15.28981,145.18053,54.894768
143.76653,150.8561,-55.729774,115.27045,-64.70842,18.353222,148.39906,62.468605
136.04594,108.57025,-47.57998,118.47285,-46.416157,16.915953,146.21213,35.998234
149.52194,112.628815,-41.85576,135.71758,-47.163395,33.61103,139.86548,35.657215
141.23917,106.641045,-33.507072,123.4321,-59.456257,8.187176,157.87914,32.19935
127.20849,111.0622,-41.343925,110.037636,-48.94379,32.12615,150.66566,24.166965
145.66422,144.50346,-59.34747,117.75293,-61.856037,46.86663,151.17993,30.712051
154.32616,119.2948,-54.038254,129.81844,-63.243587,21.142488,152.48384,26.818493
144.41,84.12045,-32.6283,132.55894,-47.05468,23.02937,152.46095,12.576116
154.59949,124.008316,-38.35805,139.09059,-55.98198,39.721302,166.96902,36.236008
160.90001,126.22005,-44.33979,145.57259,-52.851482,44.715595,145.90489,36.786377
153.19452,98.32345,-43.45094,137.9588,-50.867546,29.79282,155.51137,12.806524
148.4859,96.353516,-40.302765,127.83076,-63.8599,17.839783,163.89488,4.1974525
138.49638,78.88758,-37.863735,128.49675,-35.247295,20.44396,154.15285,11.8194
154.61646,108.1908,-37.54588,140.03175,-53.252388,19.935448,160.45789,35.46065
145.87067,85.89237,-30.824389,131.52046,-54.879406,23.983759,161.7667,3.5241292
144.05641,109.217674,-33.877396,124.740906,-63.883278,39.636463,163.0067,6.730588
162.87726,103.61105,-42.972195,146.00458,-57.85821,42.98235,155.39925,-0.94724727
127.54313,53.744766,-12.432779,121.01365,-38.481567,11.93709,163.54242,-15.907939
159.00943,68.509125,-25.652424,147.99113,-52.194576,27.182024,171.73601,-15.455977
150.14743,101.313866,-30.80682,138.71301,-48.865562,43.447475,165.8942,14.299106
151.9054,73.80549,-19.327127,142.24474,-50.73057,30.395056,160.39998,1.2850735
144.11888,68.39956,-16.990885,136.46356,-43.13587,32.974617,170.1374,-10.585958
158.77422,91.350975,-35.98109,140.96889,-63.419945,31.206076,156.86272,-3.4566696
147.04166,85.38296,-27.279665,131.47617,-60.149143,22.645145,166.22798,0.018277407
179.9368,72.73926,-22.158184,171.20622,-51.301563,29.106924,153.86018,-2.467799
161.51935,98.478424,-27.871109,151.45544,-48.515507,28.380507,190.6404,22.293552
135.21927,106.73448,-15.734101,123.863525,-51.312603,34.690067,174.61572,27.323586
153.85464,104.48086,1.1041468,142.37169,-57.917145,60.475857,156.83435,26.877268
158.27586,121.3054,-20.198763,145.36972,-58.762695,52.55234,164.32332,35.78307
151.03062,81.43402,-2.5823874,143.58154,-46.870758,39.91708,177.10744,13.476895
159.03145,92.808945,-19.417248,152.9472,-39.170544,48.19821,179.57738,19.266996
159.44905,85.46052,-7.8037887,156.24062,-32.142662,44.554703,177.73018,31.698353
157.79497,100.97153,-5.4317617,148.0199,-54.38925,34.04116,178.31502,33.749634
161.80312,84.29265,8.186107,155.5516,-44.24464,48.73797,171.09763,28.062828
127.801605,118.030716,6.765058,120.38499,-42.11411,59.24382,177.96852,47.127964
177.76178,104.2569,-14.504061,170.45776,-48.046707,59.53105,158.78217,23.60353
138.9973,104.93569,0.16241214,132.27357,-42.138184,53.46049,184.09595,32.279884
137.96014,75.12823,17.66904,135.02269,-21.940609,55.570675,173.20691,30.531616
147.67955,101.97181,24.958048,140.37996,-37.885784,80.45164,168.83286,42.86414
158.79941,113.73324,8.132205,150.89401,-48.705963,76.00984,161.83203,42.144817
160.03984,68.30995,12.481562,157.3913,-25.34182,68.01775,176.53691,9.323021
151.75143,96.45465,16.173988,144.38568,-43.314568,62.56516,195.96492,23.2901
159.7005,106.33085,-10.312511,155.07513,-37.139828,63.31925,185.53578,32.812107
147.93579,106.6844,13.03501,140.08754,-46.315006,57.111214,181.2968,41.895233
160.99243,75.37407,39.240395,151.36171,-39.01795,78.34292,171.30338,21.500278
155.60687,113.939674,6.488102,150.44185,-39.318718,83.53043,179.06282,39.90214
146.59894,101.788994,14.489629,140.04742,-41.27595,70.65514,180.09358,34.132217
141.15948,83.916626,13.979776,137.10194,-31.40203,75.072334,181.98866,4.540435
156.2306,98.91032,12.223759,150.03786,-41.980873,70.63554,189.98093,26.616049
156.39554,93.86993,41.049267,145.23836,-41.36504,71.140526,174.48016,42.727093
154.88544,90.393585,35.644554,144.41502,-42.978424,84.675095,171.43459,28.465517
144.18391,124.79383,15.799753,136.8914,-42.347275,102.728676,183.52066,35.4846
156.98427,101.6489,25.246704,150.1667,-37.630196,81.603386,182.81277,40.156887
157.76328,85.87964,15.901888,151.57494,-40.677303,67.39608,195.22513,11.535133
151.10013,100.01906,28.020586,141.61858,-45.32098,71.47465,194.26186,27.564056
153.92957,78.7988,25.566864,151.84032,-4.1567993,94.04403,170.70631,29.91843
135.38187,102.44419,24.152271,132.61885,-14.362162,86.61813,179.84056,51.56711
161.0163,110.74548,33.617474,149.97551,-48.361496,89.70966,184.68854,41.321712
169.67322,81.38988,66.20834,152.97702,-32.21609,101.39587,184.73503,33.97872
144.6237,136.81927,28.518282,136.92558,-36.778595,111.792435,207.74191,45.015232
146.4567,92.12364,43.80902,137.2618,-25.531298,80.48216,191.35042,39.432922
150.85014,97.95415,44.337685,142.09476,-23.721584,101.40797,178.22252,46.849556
171.91862,106.34973,68.549,151.15767,-45.08104,93.40333,196.24086,47.509754
151.2515,102.530785,53.43841,140.90353,-13.386215,118.66624,178.13707,56.92207
168.07481,103.36827,53.392723,158.62827,-15.3631735,103.2765,179.68372,72.865265
150.91684,119.81138,57.34361,137.64064,-23.44623,102.08263,195.49536,72.42191
164.59535,106.703514,59.342415,148.92877,-37.14345,108.74279,186.54704,50.166656
175.59866,107.39297,58.133923,162.63724,-32.446777,122.58162,184.61113,51.23223
148.41327,100.57151,71.47039,129.505,-12.261083,111.303444,188.43568,59.07751
160.60521,91.135284,81.815834,135.80017,-25.415075,122.20688,181.41628,43.046608
166.8415,106.846306,71.86211,146.84694,-32.614296,128.4203,168.76141,54.54986
171.60934,59.431816,90.143715,144.87401,-18.644226,111.06864,184.49944,19.773602
170.93582,84.27876,85.267265,145.34291,-28.109129,119.18536,200.69685,25.64972
136.46588,117.091415,67.72302,116.351814,-22.581062,132.19505,191.8944,38.69155
152.01054,76.48357,78.41246,130.11044,-3.8173842,131.25673,168.0692,36.000835
146.15083,81.462036,56.919888,134.55966,-2.0835168,125.90406,167.59758,25.936735
144.83223,103.57734,81.13259,118.04012,-22.31495,117.00387,163.14723,64.44527
146.82474,88.669,81.69354,122.070305,-3.8068774,135.84949,159.62279,55.42692
160.36415,100.601395,90.04195,128.79288,-32.167294,131.99463,171.16792,49.248768
153.22604,74.798294,74.77415,133.30096,-9.142114,116.89292,171.11218,40.153473
144.55583,82.03591,73.15891,124.61488,-6.250683,120.482475,175.01808,38.45714
138.18422,97.30654,82.13888,111.06411,-6.3483605,123.830215,177.82262,50.828926
168.56036,91.65296,87.03816,140.30562,-34.202282,124.142006,165.45705,46.321598
167.71185,74.18558,116.19369,121.06921,-0.44944602,139.36246,171.60732,48.698982
163.31454,81.64031,96.69229,131.35014,-9.6173315,145.15147,168.78334,44.141705
165.84297,89.80473,116.770256,114.65373,-26.045977,157.21942,169.24332,33.089798
147.91658,90.144325,100.47431,107.73191,-12.874179,153.6607,156.7646,40.91922
158.0079,79.38514,101.713066,120.51489,-11.603708,152.57764,175.48814,13.92611
158.61687,71.29691,106.34919,117.53633,-8.288468,134.32224,167.04561,35.25333
161.3916,74.05783,106.07223,121.52973,-6.8926497,145.23009,159.52496,42.67098
148.21484,106.37727,104.384865,103.43007,-18.724968,161.62697,158.0689,51.90908
157.93294,64.91725,115.38466,107.22838,9.555056,165.40681,137.72322,38.41939
175.11032,89.85683,126.25173,120.75914,-11.5345545,159.16069,153.32147,64.58765
158.6153,78.46178,114.86796,109.514046,1.3866141,164.25366,150.59373,45.671047
176.29184,76.20901,126.57946,122.71993,-3.2037723,177.87566,144.12202,48.873566
151.09454,100.79341,111.36328,102.03247,7.083833,175.60768,152.50987,65.821495
149.26236,83.222595,113.11463,97.577545,2.0009086,158.09337,146.3827,51.53643
147.5305,81.00694,115.522224,91.05655,11.943185,166.17186,134.19481,58.293858
150.40466,79.355606,108.00991,102.77982,20.008327,170.3304,120.292694,66.124306
188.45839,64.33943,147.00803,115.159706,24.895721,157.90077,132.62059,86.339195
152.23193,99.67008,121.34209,92.11776,3.397732,163.3839,147.64754,73.820595
140.37494,115.657364,105.24648,92.7411,-5.3498187,169.97249,147.06947,73.73617
160.71248,84.57282,128.50908,95.62361,14.136846,171.38907,130.18958,77.96162
167.26215,99.925285,150.26758,73.29867,-6.164079,153.33191,143.57841,64.906296
174.13159,66.79072,144.54315,96.80747,9.027138,178.49094,133.75072,53.286377
155.64703,81.62184,128.9761,84.015755,23.251343,183.69939,134.65085,56.331776
167.0623,65.35002,139.44434,89.16631,21.541262,154.7396,150.90437,37.179813
180.45,57.329094,149.62914,99.254425,18.341898,172.42119,144.96535,44.049835
164.1379,82.41701,132.01472,92.42398,30.552881,191.03833,145.16876,54.008602
164.33199,78.415955,141.01527,82.03978,19.956736,171.19563,136.84966,67.00442
151.36484,99.66193,132.21486,68.587,26.742363,184.77977,123.83928,91.23474
169.78221,89.23879,144.96477,84.7731,23.984556,175.6949,118.1862,100.83037
165.2256,101.011444,139.5348,85.69126,22.547997,185.70442,130.02695,100.551735
149.29004,114.12712,138.09201,53.03546,20.285341,174.13817,132.99205,93.21054
159.00885,107.25337,142.77773,66.405334,21.932617,190.96222,101.84784,111.487885
161.30359,92.98053,140.30165,78.43813,12.789807,189.3684,100.093994,88.79267
170.80217,52.512497,142.92046,82.66134,43.803898,168.16951,120.569214,69.55194
183.04022,72.76858,160.71797,78.718735,38.96347,172.57103,128.10551,90.93704
155.7852,98.940636,140.5165,58.22824,33.685726,184.02542,127.03711,89.54002
166.4405,80.05918,151.57614,65.57079,20.744276,186.235,111.205215,77.28674
170.68849,63.202187,153.03867,60.093384,46.455383,189.75069,105.466934,70.40593
157.98473,87.16642,146.3555,49.741447,33.39749,171.57553,108.47121,92.121155
175.73735,75.6604,159.0687,67.35523,31.87857,186.83182,94.31352,97.18482
149.24178,103.45741,135.21826,57.86187,24.95761,192.04926,101.23714,100.23895
171.67308,95.84086,162.15492,51.16202,24.236149,178.63057,116.294525,91.91793
158.62613,89.778046,146.50572,27.941517,53.947815,178.82211,98.12283,99.65491
189.32747,78.501595,173.63268,70.72631,27.329412,182.1421,72.844345,105.236984
164.0343,97.410934,151.9107,58.251507,19.798513,193.57549,103.1738,95.608345
162.6592,65.3632,148.15126,48.851067,45.68695,187.7953,96.55745,67.01882
169.53618,94.91297,161.15393,35.49446,39.336056,193.7931,99.32648,100.65017
155.98898,69.74418,144.695,44.202766,37.865944,180.20457,73.83969,90.02579
175.73987,68.09105,165.45135,34.538746,47.65404,182.07133,88.42645,85.67626
185.11028,49.379272,169.28981,47.604733,57.510548,195.56119,66.961914,94.6537
184.86688,68.24508,165.83133,36.45702,72.90088,182.21529,96.801605,100.14635
178.94273,78.601845,167.46492,35.255558,52.213543,174.98189,96.7424,100.61659
177.95944,56.54437,167.27794,35.94137,49.345196,180.387,79.79765,82.37248
173.02692,78.42871,157.75014,36.329678,61.331745,203.47258,83.46069,104.28729
183.40465,70.11063,173.07454,30.973644,51.824146,185.62398,81.37126,98.85785
183.38365,66.49295,168.83926,23.144453,67.53465,190.62161,74.275604,103.80329
173.52234,65.28448,162.00308,28.916899,54.91667,183.84874,71.15358,99.714066
187.43332,69.421265,177.45305,11.936648,59.23773,177.23938,66.71547,102.379875
179.91386,57.41951,165.9197,18.138197,66.74014,187.94138,55.162876,105.30235
189.34624,75.87695,177.95552,17.980665,61.70539,191.81433,69.70087,116.29722
192.89975,63.017853,185.79243,17.463776,48.565956,188.37482,60.37521,95.247635
202.79608,59.979683,192.89882,12.508181,60.86512,185.63513,64.493454,90.443016
199.50752,65.45466,182.48372,16.184431,78.80671,204.2805,70.25502,107.58822
194.68243,80.638466,183.4965,-1.7943444,64.72435,188.13669,69.808334,100.735535
171.8815,60.171112,158.59555,13.927978,65.09071,197.73515,42.090034,101.23789
194.77438,58.90883,181.67526,-1.7829554,69.80407,191.36444,35.93255,113.81834
190.15668,49.1382,169.21645,25.093374,82.855644,199.89919,30.246372,120.74718
186.82211,95.19355,175.60707,-2.6501687,63.992947,186.15994,50.871956,141.56842
186.83817,84.90141,175.49825,3.4485564,64.20055,187.07231,43.256886,137.93423
192.85892,55.834576,176.70476,4.7720413,77.08508,182.14201,42.317394,117.62334
194.60297,62.69968,173.62512,4.9941096,87.412224,192.17609,55.20008,120.420456
206.26454,84.997055,192.36903,-16.211187,73.08667,168.67387,51.326492,119.121475
185.74193,70.94188,162.82661,-26.349953,85.673676,192.26059,26.077309,123.05454
190.46457,44.21821,166.31284,-13.649221,91.37544,174.63185,-0.70067215,133.19792
171.10085,94.46296,161.58165,0.9604133,56.427395,188.23064,11.912827,146.33507
191.39554,67.47963,173.59645,-17.20951,79.06469,189.92505,28.152931,126.68729
193.49483,86.51878,172.73611,-39.78743,77.93391,197.0657,34.529827,113.38504
200.82207,40.66325,177.5227,-9.4463005,93.39783,181.15979,-0.25963974,132.98328
188.44695,41.46384,162.70828,-9.496091,94.82738,176.2262,15.396429,126.214386
201.12495,64.86332,170.13338,-42.683594,98.35004,164.25166,20.703465,107.66536
205.45134,30.971762,177.0681,-13.491778,103.66882,185.02866,-18.234667,132.77753
192.2791,76.34298,170.6416,-26.083147,84.88388,199.4579,14.947654,142.3321
205.06645,41.23409,177.27145,-39.002426,94.90942,191.9108,-1.828762,106.16364
188.3567,37.596542,156.80034,-27.304825,100.35576,192.44359,-18.33013,109.07376
187.33727,85.13078,152.01253,-56.960068,93.35417,200.7748,1.3151875,132.15791
206.97101,49.010204,176.06424,-55.448322,94.23301,178.8449,-22.762703,131.07289
185.51955,46.37079,156.69585,-37.156013,92.521126,187.03813,-28.766218,126.71707
200.68633,63.257412,155.00975,-54.96571,115.03884,189.7144,-4.086359,129.5712
185.04932,79.82168,163.03563,-51.924557,70.34247,178.69836,-24.527082,144.0268
193.2673,84.669945,160.21883,-63.75189,87.43297,192.15588,-25.23286,155.47864
190.37923,53.94673,161.99684,-38.039936,92.35018,189.0313,-21.149633,136.0336
191.72441,56.004463,156.86542,-47.251118,99.331505,166.73398,-1.1383953,129.99516
181.16843,55.641712,141.82858,-57.06447,96.785515,156.19827,-4.7235203,110.87622
204.08453,7.314369,170.69588,-32.466816,107.743866,168.93272,-29.344374,113.79096
188.208,53.847004,154.87102,-55.228073,91.52594,176.32329,-14.354115,118.957756
191.37659,42.643875,158.92488,-60.371346,87.856514,169.70348,-26.419954,111.46329
179.88676,59.114296,133.67552,-61.353027,103.86741,179.98515,-37.11891,131.74814
199.53445,39.57272,157.15253,-69.08617,101.981834,167.91609,-46.63882,132.95253
209.5173,43.809246,153.4242,-84.55372,114.65503,175.79118,-51.98542,132.59459
184.3536,63.033722,137.84488,-60.47237,106.35259,178.75392,-66.49133,153.87431
199.95563,50.601383,167.17418,-60.729153,91.534485,170.50789,-47.431072,139.7992
186.54507,23.584953,141.80461,-54.69581,107.72374,153.94528,-39.381268,95.27445
179.9611,72.780495,137.09418,-80.89579,84.058205,161.08116,-16.630074,108.96663
192.53636,24.840742,146.10571,-68.326065,105.5283,165.12996,-53.96496,113.3047
213.993,41.842712,162.06772,-90.305336,107.120445,168.54784,-49.299595,112.29408
179.59207,46.735962,131.40707,-54.468594,109.86919,174.65245,-68.96033,120.267105
194.87239,52.939236,142.3007,-70.463554,112.97186,161.6375,-54.250587,159.68355
204.79807,43.889065,142.0026,-75.74084,126.481964,160.07008,-40.46752,144.06128
202.2877,50.19026,148.29277,-77.25316,113.85502,152.49126,-41.535725,149.47302
192.47337,63.600807,141.07932,-76.97915,106.04063,171.16243,-60.90307,159.78987
182.00893,43.857723,130.8219,-67.69514,106.3797,147.48701,-55.085117,144.90948
209.99896,81.41752,150.04523,-107.373116,100.772804,158.45183,-45.87614,154.00952
193.02396,72.26903,136.99974,-86.56277,104.45596,170.70241,-77.33659,167.8315
176.89209,88.31088,115.707825,-90.41449,99.15328,178.07455,-68.53981,157.98608
200.61717,50.195244,135.99791,-107.23024,101.43713,152.92677,-79.82416,140.29674
173.31082,86.52393,113.42205,-75.44548,107.35352,175.6255,-99.020096,162.74078
181.05939,65.663086,122.40901,-92.08057,96.440544,159.90923,-60.060028,139.85812
190.0303,31.563429,115.74757,-89.98263,121.07894,139.52052,-69.56792,116.63097
184.53049,59.477413,120.44872,-94.54657,102.53803,151.30038,-71.69797,147.71574
181.74501,52.89391,116.76206,-94.1191,102.53067,155.9012,-79.55882,135.32124
191.70631,47.19375,113.500114,-104.29356,114.22401,146.26537,-77.6727,135.68918
205.93584,69.86955,107.9714,-136.83746,109.44306,134.9356,-85.40816,147.49956
193.3647,83.96577,115.79348,-101.02649,117.1987,146.25334,-113.127,194.70117
187.30194,78.668434,125.53241,-87.19238,107.858574,159.7112,-81.04733,178.53688
194.7537,62.826275,117.52514,-106.40848,112.98431,149.69855,-65.625946,149.37488
198.88385,87.000275,123.18841,-124.60049,93.81819,163.62988,-82.88451,158.01837
192.14296,70.4327,105.86384,-111.164566,115.600945,167.7732,-116.85312,148.46219
198.66476,48.30832,112.910286,-123.47014,107.566,136.27524,-92.983185,137.63995
188.91573,55.544216,99.16622,-97.70597,127.60804,139.61531,-104.64722,164.4222
177.16214,71.15538,98.33782,-100.17296,108.54083,121.204704,-80.11095,172.84456
192.3795,57.52313,105.201164,-114.22355,113.96359,128.94838,-74.596756,148.77432
180.62134,64.6046,92.872826,-115.804214,102.57081,134.73134,-85.126114,140.63904
183.08267,60.502357,97.531586,-117.18145,101.09468,144.52556,-104.003525,136.9672
208.91461,44.701965,92.05025,-131.644,133.71922,120.97274,-97.25368,132.61649
180.90506,82.77228,93.20487,-120.19808,98.39541,132.8995,-105.67561,169.31958
169.76454,82.27251,95.712845,-98.19281,99.96159,138.97826,-96.70978,170.06662
177.28195,55.86591,91.261925,-105.74743,109.60084,130.32191,-73.29498,133.68607
201.5478,79.78653,81.735535,-138.11479,121.83908,117.08216,-68.525665,139.52754
163.23315,80.21572,79.09535,-105.92516,95.80706,125.80636,-121.04915,158.93977
169.0215,64.37051,71.28368,-100.502884,115.86622,129.5791,-95.68207,141.11206
160.57635,55.10955,80.18155,-100.17764,96.87159,106.55045,-87.02835,143.12943
181.15204,59.527306,69.85968,-116.14547,120.18746,102.70422,-82.34027,156.83014
169.52359,81.993904,83.27775,-119.47243,87.04175,111.85563,-90.5004,158.01865
169.8089,32.74618,78.91404,-112.04849,100.31654,103.85404,-93.49397,110.418625
171.40321,50.483288,80.80788,-119.79626,91.76762,102.414055,-89.952484,126.58804
175.70216,67.20305,67.06898,-126.05274,102.423386,106.60134,-82.38188,134.54518
182.33092,41.838978,67.90938,-120.03471,119.249084,100.16105,-99.486115,136.6571
158.91212,58.960262,67.48945,-109.00303,94.2832,108.62966,-97.27516,133.955
174.46275,60.018745,69.643036,-128.3174,95.05002,103.1279,-96.94701,134.00446
171.4528,73.1454,60.926693,-125.20177,100.26361,123.77947,-112.31192,135.23071
165.37779,71.36876,46.91574,-104.49543,119.169464,111.783165,-112.14046,147.71606
162.0565,66.17071,50.10408,-123.51565,92.23244,88.81933,-98.70746,139.54594
148.50673,57.66498,42.970337,-107.58385,93.08478,87.14157,-103.18581,129.9036
176.77263,59.019596,66.31535,-128.9146,101.152824,89.087074,-88.62546,137.61526
151.30371,57.996227,34.654915,-110.669205,97.26812,84.63079,-99.70578,124.5298
160.32468,58.148518,29.594736,-119.78226,101.773735,72.17437,-95.161804,133.49443
154.4903,32.29938,35.382294,-117.5755,94.22667,64.078285,-114.96547,107.93845
145.34528,72.431,32.766197,-108.01061,91.606155,82.61431,-101.51755,143.7328
154.0844,48.270073,40.527557,-114.980675,94.217094,74.12386,-86.13194,114.193726
153.06207,48.176758,47.864017,-119.93494,82.08013,55.774754,-88.9545,118.10626
160.20456,56.81109,24.801804,-130.74364,89.48244,70.43552,-99.94757,105.98186
155.87173,45.5796,34.252556,-117.77032,96.01776,70.690926,-115.47606,122.575806
177.94452,57.706154,23.411747,-127.18505,122.32242,74.06236,-100.07732,122.314316
165.66306,59.373817,28.296015,-127.56488,102.15218,56.882862,-107.83916,150.144
147.3813,57.08327,43.414448,-108.65108,89.78227,66.536026,-120.09073,140.7174
144.89738,84.15759,8.24834,-128.8008,65.52564,64.45943,-94.34773,118.24245
142.24362,49.492424,10.493855,-116.54818,81.125534,52.90431,-117.164154,105.45854
136.21031,66.16268,9.166538,-103.98214,87.695206,65.605644,-112.68227,120.02817
146.06848,54.198708,22.194624,-124.149025,74.134605,47.24175,-89.65741,107.5531
144.33728,53.983795,-6.252986,-108.67751,95.06007,47.225544,-100.97786,87.77338
138.65515,15.041609,25.615114,-99.63195,93.07625,33.24105,-110.28117,100.46001
148.45369,59.58607,5.8288383,-120.444916,86.66587,47.866356,-82.917435,106.239525
159.90779,51.24451,1.6433849,-132.6211,89.54989,41.058796,-100.26196,80.451706
156.35297,59.569286,-3.8518288,-118.160675,102.40261,53.74145,-131.34749,103.84172
147.21922,68.04594,6.671253,-128.34013,71.5282,42.21471,-109.10567,126.70311
151.10013,52.012016,5.3937254,-125.592545,83.82024,51.879436,-122.08011,106.028275
138.61276,48.98214,12.562773,-113.72709,78.51843,38.522747,-112.451996,120.13093
159.06366,63.20799,-1.1664786,-132.54613,87.95058,43.467495,-89.40584,102.5477
146.1925,32.124756,6.346743,-123.57266,77.82099,31.672655,-113.7321,93.9281
145.51804,52.060062,-10.7243595,-116.36104,86.36863,40.566402,-116.35968,88.93588
121.08262,60.35934,-0.65871525,-104.048256,61.87236,40.978,-109.38379,104.8949
133.6918,54.626,-6.764399,-118.72572,61.579506,40.907494,-104.44084,83.62237
153.51486,34.264595,2.00432,-123.2582,91.38961,28.8798,-109.61543,75.67547
125.81136,72.72766,-7.9995646,-106.37601,66.42844,47.511116,-106.349686,113.51633
116.20133,44.20973,-9.446253,-89.48457,73.62809,26.068022,-104.02968,95.29446
138.94716,51.414978,-18.978733,-113.84607,77.35799,19.325481,-80.70027,85.76356
133.05943,46.703854,-10.555902,-110.73133,73.47608,20.853317,-100.81302,106.354034
118.65944,91.577835,-20.179647,-103.8219,53.81619,45.301258,-104.16324,117.6217
120.81623,60.691845,-13.197532,-108.685005,51.190628,30.714529,-98.36401,91.72268
123.25507,48.005207,-9.447232,-88.66576,84.69958,32.83475,-110.330246,79.017586
112.47583,73.00171,-39.259865,-81.250725,67.1789,21.18464,-66.372925,105.026115
113.76401,67.30713,-34.301323,-94.0732,54.265106,7.335575,-72.51097,102.21579
130.71439,65.15606,-40.057365,-101.54086,71.61366,17.681356,-81.22705,94.77127
119.22065,79.8158,-33.813206,-97.30475,59.8743,14.998297,-98.01274,122.941185
123.69317,96.015625,-35.962376,-101.912834,59.903275,24.895782,-88.98512,133.36151
118.3818,86.93101,-50.308216,-89.94297,58.42586,20.424559,-86.02666,108.158264
107.30331,72.42798,-30.86313,-87.96775,53.111496,8.43973,-78.70712,113.207825
104.58012,77.54676,-33.762447,-90.08057,41.05583,4.5090914,-72.46532,105.97044
108.19658,55.077217,-8.347574,-94.41364,52.109,18.905687,-67.04042,91.36627
127.3377,67.08029,-30.724232,-106.421326,63.437428,20.237625,-64.534294,76.9364
123.037155,81.43565,-49.60328,-93.31581,62.639477,19.099627,-91.460526,106.721565
131.33455,82.212,-68.06954,-80.8536,78.33183,6.602565,-88.12666,111.85649
101.45019,107.44417,-42.375546,-78.60507,48.018227,12.803796,-78.678314,139.94211
112.65274,65.09908,-31.656164,-88.616516,61.522503,3.3928578,-61.938984,109.63375
113.56496,71.18286,-27.93156,-97.0195,51.97465,-8.846435,-61.98161,110.53528
115.99057,70.463196,-49.432274,-92.78427,48.66769,-3.3821838,-77.06207,100.13655
115.70139,89.0702,-64.359436,-78.73456,54.782272,1.7993362,-73.27519,114.36643
103.983475,65.06967,-42.917484,-82.73355,45.89317,-14.827728,-44.954845,90.50212
102.270035,51.10345,-56.159996,-67.15667,52.525467,-20.773787,-49.921986,85.614975
121.11799,75.33425,-60.56387,-87.46822,58.1838,-10.35277,-44.9657,95.16748
111.93867,80.81792,-34.859516,-94.8523,47.88713,10.376422,-72.68875,110.86757
110.60657,96.21363,-63.593174,-81.279594,39.936996,18.738249,-75.474945,89.67608
117.500534,100.88306,-43.588924,-98.02639,48.049656,19.573927,-49.40399,109.65842
119.408195,72.40967,-58.089787,-87.42921,57.427395,-10.894078,-66.635254,108.486824
112.80476,94.28555,-65.87181,-75.2608,52.023182,-11.0003605,-59.778236,126.87732
77.663795,85.865234,-34.75911,-60.97288,33.070267,-8.035939,-51.870617,114.348564
105.28963,90.7639,-75.7431,-67.41444,29.116081,-4.3745737,-50.645073,82.660065
103.52719,73.98084,-58.052605,-71.06392,47.743084,-7.638095,-42.64855,94.32205
101.47831,69.88015,-68.84004,-57.692516,46.802155,-15.563393,-48.460796,91.33543
112.57102,62.835545,-53.01642,-85.21574,50.750546,-21.463568,-39.88479,81.43855
106.71869,64.54698,-54.785835,-87.04977,27.758041,-14.457869,-66.805084,73.53943
90.84611,79.57998,-59.96427,-52.118053,44.32175,-16.200718,-72.8434,106.78847
114.58009,104.844696,-69.770615,-75.69394,49.78611,-1.9430315,-20.887905,107.50406
114.66066,78.37022,-81.88952,-70.53809,37.535507,-27.65286,-48.96813,89.51299
100.68174,82.40003,-69.500725,-67.28215,27.805141,-11.214138,-65.35252,86.4906
102.71266,95.00798,-73.30344,-65.58669,28.680122,1.6814668,-59.533886,87.45323
109.76744,79.24803,-77.11571,-66.58244,41.217743,-10.099621,-56.172752,82.33386
117.992584,88.59352,-89.21982,-56.483913,53.367428,-15.292311,-49.70423,101.5567
83.55621,72.76858,-69.46158,-35.424866,30.08487,-49.978714,-39.2382,100.49624
88.56671,58.162086,-73.70051,-38.007267,31.279655,-42.06777,-25.15328,77.80949
99.993515,81.74933,-64.82924,-71.56554,26.195496,-33.61751,-15.024464,75.64089
113.251724,78.779854,-97.13768,-51.34623,26.944958,-28.18921,-52.524124,64.77934
105.12166,66.91132,-93.0946,-38.7526,30.140139,-37.2543,-39.010014,66.67906
103.202774,48.21631,-76.39524,-57.341507,38.908573,-51.047886,-20.498201,56.98372
98.001595,52.98644,-75.435135,-54.331097,30.955528,-52.67959,-33.24258,73.736084
108.824684,107.562195,-99.24903,-43.54766,10.23248,-20.047668,-27.691385,81.06812
107.8277,57.916428,-97.18806,-40.514835,23.141357,-53.049805,-25.098906,56.50758
108.49942,46.864834,-95.77103,-39.83281,31.803514,-57.289684,-13.414192,37.2412
99.387184,53.18482,-83.22437,-41.584213,34.994667,-54.97746,-2.633667,57.763187
101.16077,49.852283,-83.50057,-43.464573,37.386917,-47.95514,-8.477016,37.1041
105.46237,49.36851,-88.31101,-50.445877,27.867773,-48.22842,-22.922562,36.798805
84.39676,58.199013,-71.13704,-41.559513,18.405993,-39.11945,-29.796076,65.29846
82.856804,68.538765,-76.443726,-21.99231,23.367435,-31.305035,-0.8976059,69.56653
94.051186,94.81165,-83.813965,-42.81947,1.5224599,-40.807365,16.764448,61.695347
101.585556,68.60849,-88.26654,-45.154663,22.400412,-45.118515,-6.039757,58.10723
101.70822,60.485535,-93.20457,-32.119076,24.671993,-40.780064,-33.400635,54.833733
91.83137,42.624084,-81.10108,-35.950787,23.769531,-52.306103,-13.469841,46.269836
78.1001,65.08084,-70.69041,-27.650337,18.224064,-29.649658,-12.232677,65.63021
102.618225,71.171005,-91.55523,-38.547306,26.328482,-44.037437,9.29764,48.99176
99.5095,79.49607,-90.61961,-40.384926,7.4242334,-48.850773,-11.1647415,68.07912
106.56813,63.530014,-97.846054,-23.463316,35.300316,-38.16309,-18.42737,55.999775
92.90124,79.30568,-91.37101,-7.718528,14.643921,-44.02534,10.560705,76.47811
99.39976,75.70543,-96.18751,-20.624931,14.296254,-43.941097,4.2047844,62.70578
108.69453,81.760704,-103.55057,-26.480974,20.286968,-50.245434,13.8950405,67.03482
90.03888,60.747944,-84.99003,-20.915297,20.887926,-47.29905,-5.6064377,66.065994
96.88236,77.879715,-93.57392,7.3705225,24.373508,-31.537754,3.7923317,70.51691
90.08755,76.98785,-85.86296,-19.396046,18.572893,-52.82055,33.425327,64.38797
97.31603,71.1392,-91.17418,-30.541481,14.923559,-54.991566,15.074419,56.443405
100.94013,77.11439,-98.80362,-4.8326507,19.659092,-37.7569,-7.8283844,66.64949
100.975555,62.861526,-95.74841,1.8264636,32.00037,-40.64105,17.339779,57.744644
102.4586,68.521095,-97.865715,-18.44946,24.310108,-51.248447,20.821838,55.474007
90.077415,85.69215,-83.55669,-33.706516,2.5875077,-47.41409,7.566431,68.6643
92.71807,74.4634,-91.484436,-1.4091777,15.053274,-34.662914,-4.9532127,62.708572
96.62722,97.42068,-94.84994,-18.21431,3.6985734,-31.58786,30.715206,60.453957
91.94062,109.84497,-90.52302,-1.9000751,-15.878879,-23.411938,20.666574,67.94364
98.28741,64.57621,-96.401085,-10.692446,16.058647,-45.57203,25.727922,33.102287
94.36383,78.31692,-91.46887,3.2160068,22.506954,-33.053493,36.339314,63.012802
92.79354,79.30304,-89.60899,-23.092808,7.3820634,-50.91514,33.360943,47.205524
92.592545,53.50365,-91.040886,4.809593,16.109524,-44.679317,11.006958,42.0189
98.555824,83.34813,-96.00713,16.412827,14.584675,-37.161503,44.308193,66.89809
108.079834,70.53944,-104.49317,19.061325,20.288002,-45.252926,34.634922,55.416912
80.35167,104.53356,-76.58215,20.963419,-11.581031,-39.475906,50.780914,80.782364
83.81117,103.707596,-83.77228,-2.4104218,-1.7548499,-27.686079,42.031452,72.66412
85.39906,63.011036,-83.047714,-1.912925,19.825344,-43.40171,45.7139,32.184464
102.32424,94.330864,-100.46041,3.1650064,19.046452,-34.300354,38.715767,75.98857
84.97205,78.60701,-84.50049,8.17368,-4.151481,-56.28121,41.87899,60.87139
82.27099,92.878365,-81.91794,-1.1374174,7.545918,-22.557747,49.060406,59.332767
94.92234,70.873566,-94.55142,8.025099,3.780756,-44.79483,36.060116,46.224834
106.38638,106.66419,-104.30996,14.779187,15.165264,-20.287165,39.323353,75.98646
95.05262,97.593864,-92.88209,19.180428,-4.623868,-42.238445,34.20333,77.00368
78.61456,42.58521,-72.10371,20.469135,24.498575,-40.383278,39.92909,45.263016
92.66742,93.008064,-90.38638,5.8151784,18.77007,-39.11574,59.28898,75.28688
93.525734,81.17882,-84.34811,39.931755,7.329678,-43.35744,42.82735,77.46229
84.09667,86.00727,-83.553635,5.785542,8.326915,-31.940708,49.8529,61.197662
74.80141,69.07831,-73.61041,6.8238935,11.955308,-22.147457,39.73396,44.619698
97.016754,88.28116,-96.619,-5.984839,8.37199,-33.21362,27.04787,59.528397
111.51822,101.66735,-108.25016,21.535818,16.04983,-25.69818,14.281349,74.50539
100.58827,94.91872,-96.90725,15.181362,22.265497,-33.785698,43.09768,87.23311
93.723,83.84994,-88.005295,32.13153,3.9877076,-39.339428,37.648327,72.34117
78.02724,79.91871,-75.54352,17.981659,7.9267383,-34.601254,52.8506,67.42025
92.81467,78.815056,-86.71158,33.147877,-0.41606542,-29.999466,46.607204,53.433453
79.90776,42.365227,-76.37843,22.988518,2.095871,-53.35905,53.63553,20.464504
92.34751,68.59528,-86.25489,32.912113,0.3987227,-34.37815,55.343693,39.118732
98.10836,73.89393,-95.535995,19.097271,-11.910808,-53.188625,68.30667,23.073326
110.303276,77.58262,-106.698166,27.128416,6.677818,-39.023266,50.135914,36.321175
88.03551,47.526966,-82.88865,26.783306,11.390967,-54.30653,54.395847,37.55855
106.12022,82.878296,-103.1053,19.589083,16.558495,-30.301914,51.346653,39.9798
92.22933,70.857254,-87.92799,22.710623,15.878172,-38.613277,53.220264,56.722744
107.49186,82.669525,-105.71916,20.667696,-2.2302165,-45.573326,48.254723,47.55237
83.80633,74.914955,-79.51211,18.545176,18.544783,-39.774357,62.818256,64.70786
87.44284,65.83312,-79.984055,27.668125,21.640846,-41.060207,66.39714,58.342358
90.00139,78.137695,-81.68947,27.32478,26.964607,-38.842342,70.04314,76.440636
91.22774,93.334076,-88.55925,20.43897,9.528015,-37.814087,64.435394,74.585754
87.32697,66.62769,-79.22378,31.925385,19.129967,-29.384312,47.435677,61.02253
100.824104,97.48461,-94.29622,27.3679,22.70777,-23.36499,61.380356,80.03506
86.164085,83.330666,-74.194405,44.077374,-3.4114122,-42.076954,55.507957,72.59514
90.16235,75.173134,-81.065834,36.212547,16.71637,-31.784437,51.041958,71.2529
103.88576,99.434654,-95.97326,38.31189,11.7039585,-27.804628,66.63486,78.12734
88.25673,91.90484,-82.7845,30.271782,-0.2712405,-41.297825,62.382744,74.96767
85.511696,75.31434,-76.29361,38.387165,-3.9507775,-42.73371,60.451504,59.482197
93.26977,79.98125,-85.131,37.800583,5.2692833,-34.087475,73.578415,55.534805
78.93035,55.73374,-64.83153,41.347122,17.79582,-34.801388,60.774815,60.362457
94.146164,52.156017,-71.380005,61.207348,5.627751,-36.007847,64.88298,43.474865
85.37125,77.23988,-69.747406,36.512638,33.217064,-15.299688,83.94925,61.919197
97.73689,82.56815,-82.62219,52.240463,6.2799034,-19.877882,70.92758,57.052494
90.73588,65.53243,-67.00375,60.436085,11.755044,-31.345966,68.35718,66.58993
84.5,82.57118,-71.966484,43.523632,4.742316,-29.185415,80.61331,64.52935
94.435165,86.787094,-82.12861,44.8388,12.858627,-16.074778,71.21939,63.22538
82.2405,115.7022,-79.44352,21.120508,-1.7092278,-16.498665,64.08946,85.7122
84.68766,73.11977,-76.21157,35.883865,9.896637,-32.6863,58.136166,64.34327
93.697655,84.50739,-84.12796,41.435226,6.4264994,-26.500929,64.43332,63.788116
70.91016,70.55672,-60.104992,34.12185,16.743025,-28.536837,65.07738,71.67049
64.97884,70.080315,-59.04444,27.122921,3.54636,-29.108536,69.589035,50.168037
79.92027,107.695175,-73.62706,29.156713,-12.048426,-2.785473,67.25745,59.859848
93.51203,87.644165,-82.33707,43.729023,1.7494904,-21.87379,62.989353,62.015923
74.158615,81.62414,-63.70493,31.190456,22.56137,-25.999891,81.01575,74.997475
81.316124,82.928055,-69.35199,41.50746,4.189909,-31.618876,78.992325,67.966125
99.52795,94.40637,-86.2715,49.110073,4.7135324,-14.588945,75.18851,60.05238
75.131966,64.76496,-61.39112,34.623035,25.174026,-16.866686,66.81418,59.78223
88.26558,89.537704,-80.35101,35.346386,9.320678,-12.368177,68.49466,57.24941
89.37736,98.53965,-79.323044,39.945835,8.358505,-18.626278,68.78078,79.87807
84.944466,81.0297,-70.22502,39.90904,26.754002,-18.39531,80.54529,74.001595
81.36684,83.500374,-56.967472,57.646114,-2.6469653,-26.34081,81.2397,71.563446
92.86449,112.62687,-87.43119,28.982174,11.371499,-14.058348,84.17375,76.60978
90.66869,83.29616,-68.40059,53.98595,24.63386,-20.200335,73.28885,89.84395
69.62264,92.55404,-55.678493,41.680305,1.7153615,-12.391977,87.017075,70.1789
91.2363,101.34995,-84.85292,30.789772,11.737681,-14.706675,78.69443,66.443726
72.18076,93.80865,-56.14626,43.769207,11.680323,-10.197066,61.91943,91.5864
63.222324,86.30795,-52.191223,35.157722,8.272049,-9.829014,71.06125,74.511505
63.41382,89.916626,-38.595566,49.30551,-11.762457,-0.6880915,89.461075,59.192276
88.73873,125.55278,-82.92585,30.447384,-9.284253,10.407097,88.573975,50.198112
76.25379,66.715935,-64.83831,32.92174,22.37097,-17.421043,63.80038,57.513603
56.902466,64.704254,-42.40428,35.258026,14.388971,-18.136969,78.50644,55.05087
67.23838,69.52529,-55.89601,36.750683,3.9652743,-7.963806,73.42674,39.08138
95.743225,86.181496,-79.57603,52.868332,6.154125,-0.26747727,60.720863,39.5943
87.60003,73.35114,-73.187904,45.909054,15.130165,-18.792368,55.909443,63.71431
66.97807,78.609024,-53.186577,32.566467,24.272652,-5.894106,79.04056,67.3409
64.430954,89.70098,-60.088493,9.333239,21.71214,-18.157457,81.64046,52.56831
70.11252,55.34328,-49.168797,40.758385,28.888443,-9.609745,44.748386,67.96246
67.27741,91.259766,-59.271893,24.871532,20.504614,-9.7407,70.23152,82.979675
88.41601,82.27004,-70.94726,48.521973,19.36333,-6.568012,55.521828,70.58999
66.59305,90.93439,-54.962402,32.617134,17.908108,-9.126083,75.20433,84.15292
77.51533,93.26798,-62.579086,43.617786,10.17906,4.196808,58.119286,73.536385
64.787315,74.13613,-52.348587,34.80146,16.384594,-7.1510563,65.63214,66.48671
57.053917,81.03125,-54.72838,14.395006,5.85703,-1.0860999,52.474705,52.818813
67.12349,57.97319,-50.207447,29.579012,33.259716,-2.9710028,47.446342,62.620316
55.072678,65.915695,-28.446821,43.201725,20.00709,-0.13040948,66.195755,75.07827
64.2652,68.366776,-50.458637,34.698742,20.146856,0.75171256,71.462524,48.026287
63.672134,71.50549,-47.54756,28.71876,30.610283,6.5525093,67.64508,54.433247
60.9308,93.147736,-56.252792,14.796867,18.707212,22.002632,44.393105,60.19348
57.987606,52.681236,-42.647152,20.920145,32.744038,-0.27364373,33.71457,60.552025
68.52292,87.57078,-56.891106,29.886353,23.415346,10.747726,42.911915,76.94993
55.93537,99.14257,-45.53201,27.92818,15.184869,9.161164,49.75307,94.62308
76.73371,75.15079,-58.171974,44.01491,24.242195,2.410526,51.60919,68.934204
47.838432,113.13605,-46.05552,13.044895,1.8154978,3.4580648,63.21441,90.77558
65.08756,80.85645,-59.516815,19.85346,15.34542,0.3146093,38.019512,66.55791
42.00967,95.35329,-35.69337,18.495312,11.230386,8.41574,45.881176,91.272
72.36194,94.675766,-64.13304,30.097494,15.491331,14.985491,46.556484,65.02807
56.269997,51.80975,-31.333347,21.712791,41.667614,-7.443815,50.19834,77.731544
51.198143,97.04767,-44.218132,12.431171,23.08856,12.488564,62.38827,84.60419
40.29035,104.06008,-38.627354,-6.687455,7.800453,5.355694,49.92447,83.270584
44.294468,89.12666,-36.187744,21.246277,15.057102,19.544567,11.909426,83.74667
69.43027,125.08222,-64.85587,15.104868,19.35202,29.313118,37.869186,98.49145
47.69172,82.677086,-31.68657,25.709173,24.539879,8.692868,32.054592,95.940125
55.850246,108.30051,-49.98203,-9.628952,23.07821,13.17932,46.564342,90.95164
46.75735,86.62743,-33.974476,-2.3099449,31.934212,22.73882,17.131935,94.1552
64.23589,87.81942,-47.87934,9.924716,41.4502,17.435888,12.425823,100.61646
56.634796,101.722664,-47.2404,2.4175165,31.545813,14.259977,19.777388,110.976746
54.076912,101.300606,-45.169964,-14.360584,26.299273,13.187384,29.217487,96.88296
66.41771,108.92113,-58.1237,23.705832,22.26823,19.292149,6.8516273,97.38327
41.725292,104.70077,-36.45123,2.1681676,20.916765,13.445915,33.41775,107.97139
48.564392,76.23155,-39.673073,1.4346777,27.252596,11.345614,24.156116,79.39776
42.476463,64.97692,-37.335537,-14.3365,14.874568,4.773859,18.507736,52.051163
44.410023,68.156075,-38.73553,-9.401842,18.88347,15.000393,3.451271,58.253365
45.915684,61.237244,-44.30928,-4.085668,12.479873,10.943722,9.92095,35.637207
50.766624,55.572025,-33.348053,28.396727,25.928041,17.885824,23.285439,47.618378
39.50949,93.44651,-35.501972,-11.75763,11.065213,12.508903,43.17691,68.64663
49.882362,86.99569,-43.47683,-22.977007,10.739004,11.694025,17.79327,64.149124
43.037773,85.28482,-35.079365,-11.18427,22.531775,26.411486,-14.274879,81.76433
53.983795,89.51676,-40.680035,-31.04919,16.314255,20.549097,2.114891,71.76575
44.966656,104.78669,-35.3176,-26.043892,10.806411,31.48887,-13.809912,91.35703
26.99074,89.39379,-17.979017,-16.250696,11.712698,28.719519,-18.754456,87.69722
48.378716,75.53145,-40.0311,-9.655593,25.305925,20.337757,3.7440948,69.51687
56.444664,107.17393,-52.19315,-18.923613,10.809797,19.827024,10.962517,84.598145
31.95309,74.43453,-21.278698,-17.942053,16.058874,23.397543,-4.578518,74.45894
31.08054,73.24786,-26.238697,-13.179617,10.96297,27.705511,2.5026855,57.806988
47.35504,77.293274,-25.985811,-35.29321,17.70056,21.873463,4.4892445,63.1837
46.37079,93.35684,-37.304134,-25.170248,12.744057,19.798183,-10.590422,84.89425
24.944939,95.307396,-23.382416,-9.124274,3.4072628,28.22418,-7.6124954,83.88338
34.691498,92.93143,-20.547508,-20.34997,18.429857,34.384083,12.897369,85.27175
58.1829,110.48077,-46.675846,-24.220804,24.507553,39.61556,10.194214,83.59163
43.335896,112.80736,-42.662136,-1.847706,4.950061,26.203579,-13.742031,93.43057
54.827,120.55704,-40.655052,-34.20335,-12.869153,23.85487,-3.9689999,83.92656
57.58689,101.32374,-43.73409,-32.260284,17.948797,40.3676,-17.233973,72.333664
55.013634,126.2141,-40.342026,-37.306816,4.6398144,28.967876,-25.487183,109.469604
57.94178,126.30914,-45.001957,-36.58461,-0.08367946,27.884802,-11.670256,99.79518
47.741493,84.8204,-30.56472,-33.664906,-14.2074585,16.72499,-9.196413,51.429382
47.44734,90.3341,-28.710442,-37.73393,1.8930814,30.619093,-7.561123,62.50051
51.115067,72.47241,-36.379776,-34.595905,9.260727,16.501999,-3.5122566,48.032646
57.855423,86.45844,-41.715004,-39.945095,4.8456144,26.373789,-9.680038,49.01333
52.564247,72.3343,-23.155981,-47.117146,-4.949661,25.379143,-23.0242,42.824333
69.77106,118.44514,-48.206245,-50.084972,-8.490515,48.36952,-31.013147,57.675564
67.48194,110.92903,-38.569744,-52.810204,-17.481216,28.548307,-44.16595,70.664
49.636806,103.64151,-19.6487,-45.246983,-5.787346,40.39985,-36.00206,77.9604
48.376778,105.16564,-27.362843,-38.13129,-11.489974,41.148167,-11.04575,64.454956
50.61867,96.01172,-29.89285,-37.406715,-15.649433,36.022488,-15.045132,49.746616
46.93879,57.449978,-15.789676,-41.43118,14.701013,30.335981,-19.918375,41.354343
52.35456,92.31367,-33.86314,-38.941654,8.09964,41.63352,-14.273325,55.003807
55.98214,62.69968,-30.22214,-46.92939,5.253057,16.635801,-26.900572,42.41919
61.341766,101.10143,-44.445045,-41.265007,9.287218,38.91714,-40.712887,65.97014
75.98684,139.74352,-41.915337,-58.997314,-23.138758,33.87138,-31.519665,90.60945
73.92733,152.36983,-38.178482,-60.52965,-18.549273,51.8449,-45.20724,102.75404
60.541824,116.98932,-19.278975,-56.20331,-11.12118,38.213573,-36.830494,88.63537
42.8493,106.64456,-17.911335,-38.326622,-7.2289267,36.86053,-22.523998,83.23659
72.04903,108.582054,-21.14741,-66.14408,-19.231869,34.782932,-20.57068,62.492264
78.654305,98.74747,-24.722254,-74.42196,5.8626113,49.517673,-40.78905,62.038597
77.58866,106.63987,-10.074533,-76.02803,-12.260092,50.198902,-61.771004,74.74119
68.09472,104.978645,-2.3375647,-66.33103,-14.826984,51.73285,-64.27754,75.43829
72.2168,128.97893,-36.89255,-53.13837,-32.293343,60.239666,-54.38599,52.520912
79.13793,103.052246,-30.568401,-71.234245,-15.693534,47.031723,-41.389805,45.189735
67.38613,94.788,-22.618395,-62.39472,-12.451937,40.190746,-56.256523,59.47973
58.10564,101.75246,-13.848145,-54.901985,-12.518092,47.07718,-39.662865,67.35143
91.33626,92.83663,-30.283003,-81.7844,-27.283777,33.410053,-51.427113,33.27249
80.74651,102.24389,-36.12978,-70.02646,-17.50765,37.551006,-66.7829,52.96846
64.34966,112.120346,-17.439999,-58.94017,-18.607323,46.47468,-62.245667,73.07597
85.257355,116.72323,-46.252583,-66.56981,-26.352526,39.166183,-40.31014,48.84807
68.8377,86.8143,-31.110485,-61.036022,-7.453907,32.03521,-51.722828,51.79431
79.95118,108.59335,-18.870401,-72.44208,-28.134117,46.524033,-51.285324,56.05699
83.89095,79.3706,-12.529727,-78.43609,-26.92533,36.68459,-58.002697,32.032646
91.56148,111.47594,-31.352102,-69.95079,-49.92426,46.467403,-59.856953,29.393486
76.81029,67.28744,-4.7847285,-71.727,-27.172165,26.527212,-54.8127,30.320404
69.63688,73.07071,-19.549614,-63.785873,-20.115932,32.512978,-29.274288,18.203966
76.095245,88.2452,-8.945046,-62.13347,-43.12673,35.076023,-25.225525,23.770378
86.125534,87.74418,-17.079119,-80.32476,-25.975597,45.260025,-40.53262,21.236181
86.8143,93.702576,-20.915213,-81.323586,-22.257418,52.060482,-67.10341,35.19593
93.66997,108.96603,5.1120076,-77.75439,-52.053093,50.738316,-76.23062,47.155174
87.65898,107.24279,-13.475257,-78.30451,-36.892597,63.874783,-65.420425,35.624832
88.31654,127.15646,-39.270824,-69.2798,-38.03642,62.90083,-47.399464,34.381958
87.81265,78.288956,-15.804336,-83.72435,-20.90092,26.53174,-64.944275,42.14254
109.682785,115.96902,-33.743816,-94.28053,-45.143124,43.229424,-70.97972,38.986168
105.14917,97.26384,-19.949903,-90.295044,-49.835587,43.944927,-84.36919,23.025814
113.57514,92.317474,-13.564417,-104.24417,-42.703953,45.937603,-89.4059,25.964989
124.536705,98.322174,-15.594842,-111.5896,-53.012253,28.723482,-89.069824,32.231068
70.120544,103.39366,-14.469171,-65.605484,-20.484612,60.236942,-93.63458,45.53388
106.19116,125.26497,-3.8659194,-90.81024,-55.2869,55.523636,-60.4614,50.69445
105.19394,79.3304,8.66056,-89.88541,-54.326218,54.844013,-69.66278,7.183978
104.05985,107.83842,-6.254921,-79.37802,-66.612686,57.98336,-69.16571,19.398836
98.75008,77.97836,10.840085,-83.925865,-50.853733,53.037434,-62.6282,11.450251
109.38121,77.22785,-7.440965,-98.04517,-48.380905,47.571014,-58.358646,-11.338044
101.27006,82.7953,-8.705461,-94.26765,-36.138657,63.323948,-81.91789,2.9461505
101.969666,92.8877,-15.3013315,-84.56344,-55.33736,50.89825,-88.143814,10.079399
107.22523,97.854485,-19.481348,-86.08092,-61.417213,54.9862,-78.40083,1.5743544
89.22619,93.22721,-15.770731,-71.612625,-51.118847,51.830555,-77.74779,13.107094
123.12646,100.8489,-3.1468892,-103.18171,-66.97991,44.21584,-68.860916,15.258876
122.52678,98.10262,-7.1459184,-112.45331,-47.547974,59.60449,-79.69978,16.11546
123.972275,112.64546,-14.777837,-101.30414,-70.330536,62.328312,-95.32802,11.65952
130.96016,96.959076,10.095325,-113.36821,-64.86823,64.313416,-90.32228,11.544362
116.3658,81.64941,0.89061624,-101.942924,-55.74455,66.363655,-91.78519,-8.108409
112.408295,90.65388,-9.140894,-100.35497,-49.908096,64.55031,-74.43967,-4.181406
111.937485,91.08821,-11.028246,-85.04707,-71.6811,58.95065,-79.25586,-13.521163
108.59328,83.07865,-1.5615058,-90.413994,-60.025227,58.31024,-76.46144,-3.6550367
124.41689,104.019226,-19.149036,-95.108055,-77.70108,60.63853,-77.03868,-13.947188
106.13906,91.766685,-2.5543623,-89.60008,-56.94518,58.65519,-82.73569,11.3881445
112.26893,87.50321,-0.46360594,-94.33165,-61.148773,54.939503,-75.62489,3.517379
128.0457,94.30047,-15.671676,-98.70767,-80.42738,54.245895,-78.49225,-20.272152
135.75806,89.613495,7.021537,-115.454315,-71.49872,58.90167,-88.68367,-3.0276544
126.182655,113.07354,-12.0267725,-106.24992,-67.117744,67.200966,-96.10402,12.866207
130.91081,104.05918,-12.603367,-113.684494,-64.369095,55.11728,-92.04932,12.177483
116.93508,108.40383,-8.73045,-92.35828,-70.94722,59.58791,-96.87572,12.950338
132.81384,117.173546,-14.177463,-107.80783,-75.68173,61.27052,-76.321,7.518139
126.66812,81.74666,17.288136,-97.669556,-79.02413,55.14709,-89.69676,-6.855901
127.75465,108.66239,-1.989793,-107.72492,-69.466385,68.08687,-76.59657,7.7161036
134.63748,105.95282,-13.521593,-115.85932,-67.4304,62.47539,-80.85831,-1.9112365
124.22021,89.13271,-1.2119075,-100.41257,-73.2634,45.19725,-87.74094,2.1987493
153.54402,123.843796,-1.905825,-116.36924,-100.186485,53.92314,-79.06192,3.7705815
129.7788,82.46969,-4.165466,-114.89792,-59.95595,60.788303,-86.46097,-17.712847
123.49963,107.851395,-3.1764355,-101.01737,-70.54204,54.598675,-97.38817,19.659294
141.22903,113.20402,-2.3880367,-111.85864,-86.38542,55.773556,-84.03726,6.540866
125.899704,90.28514,2.5480618,-95.59142,-81.98457,49.08407,-81.2469,-5.581147
126.051674,84.919464,-0.1567676,-108.191376,-65.11809,54.26099,-65.172714,-16.377468
141.62222,109.647964,-1.8959734,-108.61936,-90.75079,43.240276,-69.48802,0.6942036
123.969894,91.315926,-6.191601,-94.50916,-80.2878,48.449963,-81.510254,-7.53887
134.58127,89.611664,-11.663123,-104.525536,-83.806,45.348904,-75.94809,-21.463457
149.68488,85.23397,-5.027335,-119.3201,-90.28264,30.699717,-77.66063,-24.801582
152.05267,118.964165,3.1255567,-114.49282,-99.897,58.454002,-92.63716,2.5119383
129.12112,84.38241,-0.14934503,-108.38127,-69.50951,55.5152,-95.13463,-7.5636635
154.78877,105.25492,2.5335999,-128.10805,-86.80007,44.8941,-84.39104,-1.1700714
143.70331,111.974396,2.4054327,-105.871826,-96.592384,54.52785,-101.48126,1.8667548
152.62746,114.54284,28.373379,-108.75644,-103.35597,60.116653,-73.04138,1.0277188
140.39163,99.56225,7.290128,-111.3618,-84.66461,71.83823,-70.949814,-21.074379
156.53679,109.05274,-4.8536487,-132.07967,-83.624146,55.635117,-79.56349,-10.136264
158.04118,122.65813,0.8686797,-111.7341,-111.83092,65.70704,-106.75461,-8.128117
149.96416,103.340454,10.03546,-124.55483,-83.33606,72.53062,-86.63393,-9.803096
150.6976,128.91495,-0.8496403,-109.77725,-103.165405,75.41642,-96.08365,-0.23044038
146.05911,127.211006,-15.890491,-111.27978,-93.37027,50.50102,-80.73071,11.482041
127.63326,127.29843,-0.025892634,-90.634415,-90.23433,54.56998,-75.642975,24.135857
133.99347,123.90823,-14.535116,-88.11907,-100.233086,49.492313,-55.608673,1.0225642
169.68298,130.07883,24.304989,-119.528175,-118.35506,52.839928,-67.931946,-1.829499
124.01638,105.70478,-0.20682591,-97.8647,-76.070175,68.172295,-74.66968,1.2476561
159.6365,150.03082,2.8012419,-100.67719,-124.31154,50.811207,-55.757484,11.231431
143.36404,98.20387,-15.412825,-108.056915,-93.40063,42.413258,-54.086723,-35.38874
144.64784,95.29986,-3.106086,-116.8187,-84.632835,42.84611,-67.01048,-17.970001
148.82877,121.996155,-14.969974,-111.21303,-97.872055,54.749866,-74.10933,-4.9464664
155.5185,150.0627,11.069178,-115.953384,-103.26892,58.302746,-62.547726,28.63812
148.34271,146.19336,9.236807,-92.158485,-116.29412,65.6955,-64.57349,15.568284
163.2768,136.7708,-6.277109,-120.725075,-110.123024,50.35426,-53.614246,-5.4303637
154.36969,125.1092,15.018534,-114.23626,-103.16882,69.32766,-78.62331,3.710221
153.43178,144.48616,-3.768233,-101.58652,-114.984276,76.20677,-77.99342,3.1432493
148.85564,138.42778,-5.905594,-98.804535,-110.95136,73.38664,-67.885956,-1.7959545
146.44965,99.49623,17.58993,-91.51265,-112.961464,42.045467,-66.13942,-20.381777
160.9604,117.49388,16.034128,-112.48051,-113.51654,45.177563,-52.972977,-17.111338
154.01724,106.22647,30.333046,-104.0779,-109.46441,63.47653,-61.27094,-18.222782
164.72345,109.69275,12.664743,-100.996506,-129.54852,68.22221,-65.16902,-41.978233
148.96812,84.09667,10.396377,-96.5895,-113.04025,56.395836,-54.550804,-56.2846
147.17847,101.92522,-4.8099556,-105.684456,-102.71079,49.570435,-37.890747,-49.0919
156.09692,95.376884,-0.9395918,-115.708626,-104.84973,46.459038,-64.960724,-39.49777
154.99757,116.73046,19.13302,-110.80475,-106.589066,66.86474,-72.115814,-7.459347
160.69614,123.39773,11.854285,-116.84359,-109.2801,75.00053,-73.570175,-12.446875
146.03082,141.54681,-2.7548923,-95.53771,-110.07633,84.335884,-83.284,0.41159368
143.15114,122.91664,-8.533063,-97.80149,-104.00008,60.127594,-61.95062,-8.479613
173.11269,138.94963,-0.05411439,-112.0241,-132.1994,53.192997,-58.553455,-15.09603
172.68613,129.25266,22.658169,-111.86852,-129.64366,54.18909,-66.96712,-12.68121
158.30745,138.3483,-24.269798,-106.22218,-114.8368,59.166332,-64.2642,-13.11917
129.16463,99.37429,-18.629148,-79.00862,-100.61341,18.313751,-47.00163,-13.783746
142.43332,103.17461,-1.7333933,-94.14389,-106.89012,13.583521,-35.920235,-23.182297
166.86372,119.783134,-3.7024772,-92.517006,-138.31955,30.352419,-26.548855,-44.338703
151.02814,97.016754,10.642599,-77.35548,-129.47572,36.45015,-35.331997,-46.023003
169.89188,97.05669,14.990648,-103.65125,-133.56812,24.97382,-41.80733,-59.321014
141.23917,56.879257,24.483023,-63.97389,-123.734856,41.962143,-38.73527,-75.71419
163.65971,118.453575,-3.654435,-96.27544,-132.70891,58.184147,-21.296453,-64.55416
146.9915,86.938194,3.6972466,-98.06046,-109.35327,41.331783,-25.954388,-79.07539
158.07988,108.06711,14.102831,-90.80476,-128.49525,48.443317,-44.71342,-36.989235
167.60072,121.862625,7.972779,-98.88907,-135.08974,57.284325,-49.07834,-35.438942
165.77545,106.07662,9.400299,-77.24269,-146.51112,59.295475,-63.070305,-53.82592
143.47473,98.930534,-10.0682745,-80.6557,-117.79423,56.309074,-41.5401,-55.93067
137.53908,104.503586,16.961012,-77.84696,-111.8526,40.979633,-27.38615,-23.972363
143.84888,113.80795,14.441859,-74.40402,-122.28354,49.728024,-29.032833,-24.2048
131.34401,69.8892,17.540245,-67.80181,-110.841545,44.198437,-48.136967,-49.26007
156.1986,104.95833,-5.862104,-71.11032,-139.14403,35.1772,-26.019085,-53.454967
136.97627,85.73943,2.2615397,-72.10195,-116.620346,41.193783,-26.830992,-54.585636
149.48578,100.67398,16.132795,-46.676987,-141.13203,50.87155,-17.471455,-51.287384
133.07611,82.60902,19.974386,-62.838966,-115.29934,49.79813,-21.153702,-51.214096
134.01703,108.47119,-7.801888,-46.67654,-125.273865,63.21323,-24.808784,-46.317673
145.9651,112.2319,-8.481915,-71.18193,-127.246346,35.383545,-17.17415,-39.201733
121.21468,81.679634,8.096174,-65.39513,-101.92671,42.808952,-20.73292,-42.6814
138.41446,113.84639,-3.806,-71.15471,-118.84934,40.103355,-8.1463375,-34.834393
124.43272,99.62931,0.6633571,-50.573116,-113.41656,41.501965,-25.206884,-26.570314
130.46263,113.03097,-6.595391,-63.717686,-113.450905,49.436726,-10.29472,-31.410809
142.67555,153.8392,-16.329964,-57.242783,-129.76448,67.89607,-15.302053,-8.319181
148.49916,121.712776,1.977775,-68.43743,-132.06674,55.180824,-19.18862,-34.003777
124.55521,90.45579,11.760124,-40.85989,-117.119354,41.74303,-25.284077,-32.94784
142.17441,121.04338,19.77446,-39.053936,-135.32892,48.272488,4.491274,-25.807032
126.3272,116.67717,6.051612,-63.84198,-108.80703,64.21094,-1.2435398,-29.47139
124.869934,106.00118,-2.619589,-52.034718,-113.593765,61.835354,-12.269026,-39.59696
150.19342,127.79109,17.878872,-52.41821,-139.69905,53.869,-5.25725,-26.581842
129.99352,73.1595,16.673365,-41.070625,-122.23935,45.809162,-8.334679,-63.991287
116.871254,106.41436,-1.390315,-49.819458,-105.68225,68.71062,3.3026676,-45.548687
127.758804,102.64996,7.4610915,-48.82111,-117.79778,55.61833,-15.421684,-33.582115
134.60707,109.047005,7.887085,-46.112587,-126.227776,60.861034,-6.1533356,-39.782135
133.9944,120.14165,7.5663285,-56.42727,-121.508354,71.81266,2.0074139,-38.345985
108.86804,107.865944,-6.5490546,-49.003742,-96.949684,71.65548,-18.396553,-29.193678
145.52669,143.32568,6.492489,-48.57641,-136.83472,51.540104,-13.921062,-5.358382
135.26733,129.11453,4.322048,-44.656548,-127.52055,60.775425,-10.933449,-16.778887
134.45946,131.34503,2.5787632,-32.978336,-130.33855,72.74843,0.326622,-24.156492
138.6955,136.96204,13.477482,-12.289267,-137.53603,68.610535,5.7763653,-13.887814
92.54864,87.49366,-3.33701,-30.4055,-87.51119,57.133842,1.3670425,-31.88642
103.13232,99.45351,-10.726504,-22.053371,-100.161514,47.97236,14.84561,-29.156685
124.044365,131.81189,-0.30908594,-9.604773,-123.648094,59.421555,11.423048,-7.655509
117.325874,125.79747,6.922718,-21.375591,-115.21785,58.98634,18.686108,-7.8828583
137.66594,148.75897,-1.8060838,-54.1818,-126.62016,73.41717,22.839058,-23.778006
110.020615,130.10622,9.340587,-19.657078,-107.80995,82.78799,-15.944056,-0.868099
100.30983,123.350685,3.1720676,-19.754938,-98.24108,70.16009,24.797674,-4.9669504
115.37608,115.66292,1.3215456,-19.691702,-113.60773,64.71536,25.469982,-28.429121
124.439384,137.3399,-20.493614,-1.3270483,-122.79261,70.7852,18.171206,-21.7893
128.07677,149.05872,-4.231364,-17.303455,-126.80663,72.01739,16.856115,-3.3400037
121.232796,121.03415,-5.0065117,-13.333359,-120.38094,60.86858,29.078299,-28.250679
110.86732,116.62011,0.6869954,-4.953852,-110.78414,73.72935,25.933903,-25.296146
129.13753,133.7965,-12.232827,-4.6696453,-128.49371,55.327587,35.876465,-19.984228
107.49135,99.11515,-2.9562893,3.980901,-107.36163,58.54314,45.582996,-42.099564
104.70263,114.81942,4.1425514,-0.56123036,-104.66354,63.165836,59.02099,-26.063126
120.94427,129.29381,6.543003,-24.795368,-118.0823,56.429893,49.337147,-24.506046
105.54627,116.61428,-3.3773556,-16.780704,-104.10168,70.84014,27.502375,-25.695408
107.80567,127.84365,-18.019,2.8671112,-106.3295,74.24923,25.24832,-20.14137
104.34708,121.09914,-0.12098578,-4.509869,-104.31473,59.95566,38.26859,-8.331292
93.13163,120.279884,13.479318,11.415644,-91.481064,78.832596,48.4939,1.9302781
103.9014,133.31096,4.723079,29.325687,-99.51638,82.13788,58.986694,5.161071
93.44952,129.98654,-14.061093,14.277513,-91.25727,64.208015,59.835052,2.1924946
96.07289,111.59889,12.538274,5.9659185,-94.887535,55.964817,56.54855,-5.262059
92.09777,106.769905,3.0381315,-3.112218,-91.98473,62.258358,44.277237,-16.67911
116.05306,135.18137,-7.7849627,2.312837,-115.69616,60.945057,45.68222,-7.722847
101.41746,106.57626,-12.802231,39.575954,-92.37763,60.50953,52.763847,-17.074438
84.091095,135.52422,-13.86969,10.517846,-82.36489,64.96367,75.23317,6.9411774
120.27573,161.33273,-10.3399315,17.815916,-118.462944,74.765656,64.732925,10.616764
93.35684,128.34256,-12.979352,37.535225,-84.54504,73.40831,57.065777,8.717142
115.07416,143.53831,5.3582573,27.12518,-111.74832,50.94934,80.53804,13.211355
107.437485,150.84428,-7.9529705,22.521198,-104.747696,68.91345,78.684326,12.339615
116.090485,147.31004,-9.025184,35.79153,-109.87817,74.44902,69.424866,7.0882225
108.6186,132.45848,-12.557772,34.770065,-102.04549,53.898594,86.631226,0.11478925
111.23174,103.02063,-3.9628596,47.371258,-100.52121,48.226433,94.743256,-24.78524
108.982796,128.91277,-3.2724872,51.54305,-95.91254,62.9381,97.84779,4.436208
85.68693,121.28994,-8.633102,36.50707,-77.011925,70.52957,82.04382,1.8989689
103.97235,117.29557,-18.496115,28.102491,-98.643326,60.112846,80.1734,-27.994831
107.52209,114.1972,6.171099,49.914658,-94.812386,63.29185,73.9361,0.8528588
99.81608,151.87988,-24.130049,46.704525,-85.04816,79.18011,98.89926,13.554758
90.58974,141.3798,-22.390162,39.520992,-78.2947,60.106804,97.562256,20.867992
104.199326,150.52243,-10.750938,55.49453,-87.32128,64.376884,89.55565,38.434895
91.109825,155.77307,-16.457062,34.16842,-83.09951,61.930313,93.36624,37.759705
104.27967,139.43279,-4.0952425,45.882557,-93.473595,63.32073,91.34241,19.95221
82.489395,130.92078,-6.3592744,53.493397,-62.42785,71.50996,87.38083,36.759624
85.195366,161.65858,-7.2091303,26.82281,-80.61169,56.064945,105.57211,45.84333
90.7097,149.1258,-19.561312,48.56465,-74.23441,75.77707,92.173965,31.514488
78.67338,142.81544,-7.463638,44.461506,-64.471535,78.687675,82.2952,42.77525
100.563416,144.13882,-16.222229,43.91795,-89.11074,57.91849,91.79825,25.14586
105.29008,131.14972,-12.921808,66.12019,-80.86079,68.60517,90.14856,18.492447
97.70619,132.2214,16.373796,54.733215,-79.36003,75.977486,97.87688,29.935232
82.37111,131.29166,0.5486198,40.24886,-72.18276,76.22316,98.33482,18.293663
102.57802,137.30441,5.5946174,62.176445,-81.33248,86.07607,83.49484,27.936375
102.69372,105.49407,-3.7549856,81.03392,-63.20121,60.027058,92.99794,19.953892
105.2307,135.1675,-3.0125074,66.26488,-81.498116,45.470875,134.4433,24.890516
102.232574,151.71437,-14.715125,72.54931,-70.308464,75.6473,120.328476,41.15633
86.40746,155.19423,-8.042194,57.626877,-64.067726,85.20645,101.93132,52.051765
100.192314,113.473564,0.32479554,77.31885,-63.56927,74.50963,110.54442,15.038943
89.23844,117.05661,14.529465,63.684982,-61.195377,75.57528,116.04414,23.7594
88.24575,126.1985,-1.6401789,63.835575,-61.111595,81.54359,119.521164,16.004848
88.225914,119.25314,-1.6242312,62.81778,-61.915646,71.688095,114.95442,16.600597
89.4249,120.151985,0.31267527,72.67513,-52.207268,86.44667,118.18762,18.525578
102.19344,110.840256,0.6820274,90.92904,-46.302086,70.793106,129.25009,29.878185
92.1768,133.17963,16.071747,61.158485,-66.99008,63.45863,128.06183,38.41154
102.05023,116.64262,3.8593726,86.46443,-53.728153,72.5145,118.120575,35.332893
103.05005,160.64888,-14.453311,80.157135,-63.059193,82.59724,134.56673,52.996273
88.18163,124.85016,4.0269456,67.91257,-56.344795,60.03449,144.7962,24.51358
95.68862,126.878876,3.5141816,80.24096,-52.010124,83.16145,127.35614,34.852863
86.89253,119.671425,3.6553087,74.32167,-45.115875,76.0906,130.31859,32.3842
98.14562,90.83089,7.2351336,84.81059,-48.66587,54.687435,129.62596,14.306577
95.98568,143.41025,-7.4411106,78.92777,-54.128662,83.09062,138.61418,39.739838
83.76455,146.91345,4.4527693,68.4075,-48.251507,86.60733,135.13235,54.28014
86.94575,127.67243,5.7986317,74.74634,-44.109295,82.96614,124.21654,44.590008
74.61275,121.8834,-2.8678782,68.13559,-30.166044,74.04612,123.02707,46.7872
110.98001,148.79536,-20.853495,99.302414,-45.153397,72.04618,121.4362,69.00465
88.86788,127.56592,5.4276304,81.60839,-35.289494,63.565678,127.25482,68.66573
100.48538,123.722534,3.7162194,93.71914,-36.354687,72.219055,133.56807,59.178696
82.85237,129.93773,4.0158305,77.87152,-27.858332,78.64259,140.67546,58.2674
113.62665,102.67546,14.283696,107.13443,-35.452984,74.22924,128.15935,45.62239
99.84269,80.411446,38.12214,90.7864,-17.095264,65.05507,141.79868,38.55617
114.09268,124.3956,5.3104544,109.31714,-31.941782,89.79694,149.52673,50.128258
120.01673,129.2179,-5.3292327,111.13674,-44.97693,76.94054,151.27776,45.798546
85.281975,123.97807,7.26069,80.92582,-25.782448,79.60994,146.17627,51.472176
85.898285,99.83056,3.2434604,82.077515,-25.160238,72.84609,133.7489,24.024837
101.945145,112.30713,4.2561617,101.28474,-10.689151,86.36659,111.823395,64.686554
116.35291,128.40721,5.224777,107.97946,-43.23257,71.275375,136.82436,62.768677
107.50938,126.42247,2.8113441,97.12143,-45.707516,78.99629,146.7806,41.903255
118.57546,123.35228,-0.24451368,111.628075,-39.664482,78.625694,147.84169,48.082523
97.619156,120.09789,11.630971,92.493385,-28.976252,74.61056,144.57205,58.720024
96.17505,91.22877,16.082758,89.62632,-30.742271,66.953926,142.60768,22.507668
115.48167,91.11224,11.969325,111.88862,-25.967184,83.92816,129.45232,27.196507
102.833374,94.03471,7.404952,102.52177,-2.89995,81.22533,138.8999,43.131565
112.353676,87.3646,7.8649745,111.52877,-10.568425,65.88464,151.08287,41.228565
108.61459,106.550514,25.103615,102.701164,-25.285074,85.736336,142.80711,52.53955
101.153046,107.048805,-3.6807957,100.97065,-5.216042,90.593834,134.17114,34.47514
109.57924,100.35718,5.414487,108.76925,-12.204955,70.38397,131.52275,60.940155
92.01758,102.9327,15.142996,90.79445,0.8269378,75.28329,137.40518,70.03327
101.525856,88.69831,13.337737,100.52617,-4.592483,66.150925,140.89934,54.11048
105.76219,118.1555,-5.2431006,105.629,-2.3060088,85.37857,144.93654,62.669403
122.79461,104.62883,0.20252737,121.90344,-15.402488,56.08342,137.45062,72.38903
119.437225,108.55903,-0.65964836,117.011536,-23.604994,61.50698,146.77245,59.984634
110.8998,83.70335,5.739527,109.83203,13.916173,73.90681,142.93407,49.29421
100.19115,106.607925,3.255501,100.09278,1.016222,71.41897,144.66956,70.27737
104.672104,125.01606,15.157993,102.44749,-14.943256,75.27914,139.32484,87.66859
107.14542,78.89639,19.000505,104.37431,-14.86988,68.58838,131.6913,39.787308
116.03993,81.62108,34.095963,110.924194,-4.136345,78.94479,144.89462,54.575817
89.54652,99.81545,15.133744,87.91677,-7.604995,72.88838,152.12595,42.096447
103.26157,104.48355,9.84057,102.614746,6.1308455,90.45988,138.14368,61.56923
90.00391,116.014275,8.171141,89.67592,-0.10656785,89.81444,137.90022,66.6077
89.08774,113.1288,-2.6426375,85.72513,24.489218,88.54269,128.97829,75.444916
107.81118,113.4496,17.899296,105.40218,12.978625,66.68747,115.00227,114.903404
118.0556,125.80392,6.8593497,117.20885,12.053226,90.06943,124.951965,105.893234
111.78159,77.27912,22.714472,105.17277,29.813555,65.75601,141.47195,83.05428
115.00978,91.81639,26.92405,106.46859,34.246185,87.4369,145.5111,91.47045
116.675835,101.06341,11.512882,115.01331,16.326174,70.76302,136.38368,95.00008
97.02609,80.53648,6.9339447,93.82986,24.490908,57.6611,134.88568,70.93094
100.82194,85.66249,26.01222,96.307175,14.754327,63.82426,123.15604,86.52444
106.55427,106.34173,24.42407,102.69327,14.483591,77.86388,129.86899,102.121376
110.76552,80.515915,32.038216,98.96886,38.296947,80.73557,133.61151,92.324005
103.05369,72.5125,17.770332,96.01472,33.03052,76.02005,128.00432,61.96635
123.935974,62.758465,42.720097,111.28828,33.557823,78.10761,121.01817,85.11002
101.696236,106.62317,26.780144,97.347725,13.446002,90.36074,136.75276,89.37991
120.60084,76.874084,31.148598,112.018776,32.37096,91.42988,132.69713,74.69443
117.16762,78.18248,30.055134,103.41427,46.32771,81.51735,131.03378,97.78119
100.38706,92.90115,27.992525,87.25344,41.031887,72.8081,133.47232,107.561005
100.68678,81.310074,15.172989,90.300446,42.49566,80.21253,116.47398,83.0334
108.64686,95.59714,29.32739,100.38393,28.811918,84.65459,102.11871,107.19948
86.9124,93.375,32.822483,68.13513,42.682755,87.243034,114.68991,103.113785
101.44464,94.34113,27.179087,94.60934,25.312927,81.66713,95.691086,101.93931
112.51451,64.31478,37.81949,101.13131,31.561972,78.2474,103.725845,82.28821
117.082306,63.83487,18.86859,105.80539,45.60498,72.249245,106.89812,80.66042
117.21348,90.00286,8.999462,106.826035,46.504143,74.89721,131.94429,103.002556
117.81023,83.9613,29.98597,105.66232,43.24713,79.46975,116.11798,110.114876
114.969086,72.34995,33.345703,98.199936,50.4347,79.25026,124.99556,98.539856
122.11523,47.445076,40.958202,100.348595,56.24275,80.77243,115.69025,76.980576
98.53965,94.7172,18.25426,78.913895,55.64046,89.9421,115.58519,106.4487
107.01621,65.23216,32.47394,86.59823,54.35572,75.242485,97.50847,101.778305
107.155334,88.861244,30.88458,99.979774,23.189978,87.78928,113.053024,90.036766
134.49278,56.50685,35.17079,113.5777,63.0508,83.01083,115.33919,92.68513
115.94089,94.761505,26.40818,92.938896,64.012024,79.88134,134.81062,130.24611
112.95795,65.04479,40.660385,90.37458,54.37959,72.93382,109.86331,106.84639
117.67734,77.52369,48.45049,87.53562,62.12297,90.24118,108.185455,123.655594
107.76945,99.24687,39.941135,94.504974,32.911102,84.364426,119.80629,117.5439
132.07527,54.58054,47.05549,98.02426,75.21471,81.23963,112.43355,115.23184
110.324524,92.73922,39.504726,81.54365,62.64725,74.22445,128.41,135.12161
122.00719,50.579147,36.040295,87.51699,76.57816,74.555786,107.36699,102.954056
102.809364,108.76149,12.866725,90.141556,47.93724,91.15158,98.93913,122.88011
113.82211,86.33223,26.689022,86.743256,69.4556,84.72434,105.47691,130.01285
130.44275,86.7309,44.26402,88.65071,85.18132,85.80933,106.54515,159.39917
104.26296,109.439766,7.097401,81.95839,64.054344,68.9236,123.84393,144.16402
123.16712,92.98017,28.369892,98.16578,69.47613,56.06727,123.43869,153.8481
126.669106,68.91219,40.269417,93.07126,76.13138,70.587425,126.267395,127.56923
143.49875,77.48478,57.630444,98.620476,86.60761,83.28176,131.93303,151.65015
123.27719,88.35024,46.900608,69.803535,89.73465,95.70996,129.06888,133.73843
113.8761,103.48196,12.816718,78.98954,81.16512,95.81244,94.51639,141.47795
109.48923,99.95194,29.353249,78.07445,71.23359,89.01407,100.35149,147.62074
105.14068,123.19928,22.726961,83.80569,58.913715,102.4764,97.075836,152.20232
122.106514,88.78063,37.96088,79.14384,85.21781,86.05066,112.009705,151.60228
120.534485,84.5961,32.752197,84.12165,80.0382,77.24877,107.62401,148.25226
130.60173,68.37077,29.283222,96.447334,83.45735,72.48502,106.307144,135.18005
132.80649,61.954117,40.820526,76.105415,100.58062,72.59763,118.67432,133.48383
119.37048,82.07009,38.181377,85.73396,74.42096,78.828995,114.806564,139.21252
149.43916,45.225132,33.720634,92.95688,111.76205,73.55853,108.4404,126.98654
126.49234,81.18382,39.650455,79.53128,90.23606,77.11072,117.78259,150.72661
124.70089,65.259575,43.698326,63.51168,98.44221,86.517494,105.77072,122.85896
131.9318,74.616104,39.0403,77.79453,98.960915,99.72001,91.9093,139.94556
126.46072,81.0405,38.24035,55.669735,106.57395,83.38422,113.29672,140.94875
133.93959,48.018875,33.262203,65.489006,111.66843,65.879715,81.75957,143.33359
127.20063,72.33602,39.91316,54.11799,108.247574,67.39432,93.41487,161.815
113.10725,86.98886,24.12165,56.67439,94.61621,85.79251,83.3029,149.96541
134.00467,53.684845,40.888863,48.454857,117.58669,77.316154,76.67059,146.11354
135.07498,57.426582,42.943363,74.00516,104.685356,73.66739,74.07356,152.76964
126.70241,73.59518,39.416985,68.64684,98.94599,75.408806,95.8949,156.96124
136.58446,84.08329,9.628398,64.55778,120.1715,84.6611,95.70795,142.24716
137.43817,72.84744,56.766075,59.425106,110.22834,65.700645,88.24965,176.28336
135.68898,62.75747,38.488625,64.570015,112.82633,79.23982,77.881546,159.18935
116.78292,84.90583,27.20205,53.083847,100.30977,74.15237,102.75853,150.27386
133.88054,58.728188,42.20685,52.373108,116.10644,74.221565,76.17735,159.0802
132.15616,76.80657,24.67641,63.847343,112.79377,76.510544,78.90872,167.70743
139.84991,64.45347,39.119125,71.46304,114.06646,70.15996,99.563385,162.57063
120.82425,57.124863,23.6538,51.85161,106.57157,60.338196,84.32301,136.0411
125.1609,41.14912,27.731913,52.850758,110.12553,59.7729,67.1546,130.86862
140.51512,43.694965,42.44906,44.415745,126.49607,74.88148,61.822292,149.33475
122.73345,54.313904,28.624266,37.07808,113.37704,73.2547,58.413475,135.55017
143.79587,38.095276,28.171803,50.600014,131.53941,62.74033,57.386234,146.56627
122.21702,67.78274,36.85964,31.563543,112.12515,61.702385,70.05121,162.37598
134.69318,45.814846,38.555546,27.743246,126.06187,61.485962,56.50485,152.79897
135.18599,64.96922,26.221123,43.14665,125.495804,75.91102,53.52753,165.6688
140.61383,53.497665,16.039553,34.432636,135.50946,62.771976,56.017056,148.55869
147.67955,27.092434,42.962494,40.314392,135.28815,45.95255,47.30128,161.38168
123.80731,62.884815,19.276527,32.485638,117.8965,61.066982,61.514454,154.28629
142.0572,33.970577,31.84181,40.07035,132.3503,55.084263,54.78661,152.74652
135.80592,37.976967,39.957123,28.687096,126.573425,56.224197,51.09957,153.09637
140.40477,44.277534,23.42195,22.508268,136.67828,52.958576,51.44876,154.15375
144.79727,50.845352,20.512075,34.740963,139.22882,56.05889,44.78248,174.01624
149.44983,47.835655,34.02604,2.7886343,145.49265,45.842594,45.279858,164.83888
150.65855,36.090164,32.024055,35.274364,142.94339,48.36884,24.649601,173.67218
130.8415,74.87323,27.260252,18.691675,126.31814,57.39192,54.472225,185.32617
146.05907,39.13119,23.664324,29.936682,141.032,54.586685,38.090683,163.61295
153.20656,57.508694,14.104253,17.960808,151.45743,53.242012,55.930046,169.80527
136.41481,36.18356,34.81277,22.193628,130.23833,47.441303,29.611996,163.14124
153.8847,38.66846,30.587324,10.115047,150.43788,55.955566,38.73794,152.62895
157.48651,44.936066,5.0341887,21.364676,155.8494,49.13282,30.48572,157.37154
144.72409,53.539703,33.91905,34.51926,136.16454,34.370895,33.47919,189.76164
148.21965,47.453266,26.800737,24.40231,143.83987,52.61942,46.620514,176.37628
161.63945,47.507893,18.744123,29.727293,157.64665,50.35392,62.702454,145.81102
154.27592,36.73214,21.847534,16.641344,151.76224,45.659557,43.462982,162.86353
167.78632,24.884735,26.63407,14.835347,164.92958,42.73302,34.220863,166.50107
152.4377,56.65907,20.705797,3.5532296,150.98068,49.90127,45.638737,175.0889
179.18845,35.231377,13.46936,7.686197,178.53831,48.58777,12.018248,179.02547
155.56691,74.08146,30.118372,-11.25868,152.25575,47.997414,17.713068,217.95699
172.59563,52.75948,12.625589,6.5653553,171.982,57.609165,3.4937572,199.27269
143.24127,96.12622,13.194541,15.845754,141.6397,56.0538,24.760141,227.14886
166.51895,45.180195,14.962801,13.55298,165.24513,51.638916,29.40487,187.21332
156.30998,51.19143,2.5346813,17.6939,155.3374,35.637074,35.217968,190.60371
145.6743,53.82901,14.071162,-16.594473,144.00954,36.17551,29.275578,161.30981
158.15123,60.848686,-0.6537615,-21.17751,156.85547,48.572052,7.4034195,179.60637
162.77213,61.139698,14.289581,-8.937727,161.90657,62.4129,-12.38674,199.67332
170.36871,53.79649,-2.3823938,-16.567978,169.4694,44.343426,-5.8989773,193.22543
165.53517,69.96975,6.8390517,1.6027501,165.36627,45.545467,-6.4289436,223.20859
180.89777,73.73771,16.20722,-27.710825,177.96263,52.041016,25.145746,214.52756
167.61606,54.388073,6.2894883,-16.90059,166.63293,39.31203,0.35969925,206.4039
157.83714,48.79549,11.427563,-7.718158,157.25311,45.35599,-8.084049,192.20215
168.66832,38.504517,0.08865936,-15.025118,168.00552,37.233635,-4.7420063,164.33136
154.68536,49.47699,-0.7777541,-20.55596,153.27084,28.468391,7.1479225,181.92715
183.1672,45.180195,-10.005616,-23.953901,181.30368,32.229736,-13.394123,168.78217
164.64575,57.411694,4.3313155,-25.367136,162.68394,38.042377,-8.946148,206.07957
151.69344,60.59139,-7.7341337,-19.58151,150.14859,37.431576,-18.667894,190.70804
158.82146,67.85079,-10.2706995,-26.04531,156.36082,35.55623,-8.854332,203.24295
167.45125,54.907642,5.121093,-39.19913,162.76959,26.482141,-2.221943,197.48068
170.68213,36.942337,-12.796272,-23.078857,168.62622,20.50471,-20.37744,182.7552
158.68301,45.76623,-10.481856,-26.002256,156.23015,22.027481,-3.8124943,180.4227
154.47556,37.875114,-26.548958,-18.823135,150.91635,10.095547,-20.874846,158.74594
171.68004,37.709415,-16.949385,-31.932026,167.80023,14.450981,-12.874958,177.7963
176.62965,44.112827,-11.174627,-54.107384,167.84244,16.580065,-20.449015,170.2628
180.37964,38.800823,-22.487505,-28.670778,176.75238,13.999401,-36.361134,188.84357
168.19948,59.422745,-16.52739,-32.06567,164.28111,21.741833,-16.987303,206.4573
184.53133,50.804928,-37.743088,-34.285954,177.19037,7.0555925,-16.08778,191.8453
158.74474,80.232475,-24.198877,-43.756645,150.66692,6.994282,-16.167383,219.09671
164.34839,62.378006,-31.934027,-22.314493,159.63165,19.384537,-30.044619,194.76315
172.62898,59.082703,-28.52238,-52.312298,161.86903,0.23764777,-11.258375,192.99124
162.21672,47.78876,-31.00404,-32.506416,155.83647,1.703403,-38.140255,190.05946
170.41095,43.64058,-17.451996,-47.771595,162.6865,-6.8297167,-19.381014,194.11913
167.45222,41.12557,-28.831684,-50.61186,157.09926,-0.54597497,-22.21536,166.66026
168.49722,22.109104,-39.033966,-34.302097,160.20969,-19.873465,-37.905804,170.90506
177.20062,47.263226,-25.243862,-55.799274,166.36603,11.971974,-29.47955,178.91647
181.24915,55.0,-33.75931,-82.95531,157.53008,-4.242382,-37.885025,167.38303
189.04497,68.09919,-39.832664,-52.99067,177.05188,18.585672,-78.614914,199.37985
162.73982,83.02146,-39.415295,-46.729782,151.00342,9.671265,-52.63083,217.75906
183.10448,52.75237,-40.51563,-65.31328,165.90627,-0.3579774,-40.111996,187.22943
184.90877,50.07557,-29.680908,-73.511955,167.07631,-9.116856,-42.615967,200.30807
168.37607,55.16396,-37.856224,-67.269135,149.43388,9.046447,-61.340343,177.66507
182.59108,27.99107,-27.073011,-74.6289,164.54231,-7.9818735,-53.941372,163.10706
189.32115,47.439434,-48.454857,-82.31472,163.38283,-7.895706,-57.070103,164.03456
166.0512,63.657284,-37.799156,-65.18599,148.09761,-9.750959,-76.31958,203.90762
172.54637,52.79441,-53.78628,-60.091675,152.3929,-2.7598932,-58.043736,165.92017
186.55444,49.88487,-48.647713,-80.1146,161.18475,-13.2267685,-45.478245,162.80618
188.53712,72.94861,-61.224308,-72.32837,163.16214,5.7205763,-76.89726,191.31232
179.19891,38.31775,-41.403824,-81.13846,154.42531,-9.486638,-73.12309,173.76517
183.78316,32.496155,-44.275,-79.76739,159.25502,-16.0793,-75.89816,143.60646
176.63309,42.21374,-49.410824,-86.72364,146.19365,-28.147957,-65.33417,176.23282
184.11273,34.572388,-50.740208,-62.627224,165.28394,-20.102394,-74.529205,174.75146
192.18091,33.23402,-55.42046,-76.70111,167.52977,-46.93967,-45.801174,156.78476
184.28511,43.456875,-60.016083,-69.03879,159.77626,-20.247272,-57.497097,172.62833
170.69637,51.67688,-66.00896,-84.77734,132.46141,-25.743042,-64.61478,157.9527
170.38852,65.20161,-74.32809,-63.992836,139.33376,-13.879938,-89.69112,138.582
192.29794,60.087437,-85.736984,-73.74836,155.30234,-28.121447,-60.89124,165.16287
190.14073,37.950626,-61.10288,-85.63823,158.50998,-34.392025,-71.91353,181.4514
189.0463,54.927223,-73.99799,-85.498184,151.3939,-40.523487,-63.42454,189.58882
208.95035,42.676105,-63.419865,-105.74618,169.03539,-35.819347,-73.05737,174.92871
191.01701,62.98611,-79.11862,-102.6028,140.29875,-47.119106,-93.667786,194.13861
182.65337,79.594284,-66.76473,-91.18205,143.3926,-26.230536,-96.73601,211.49057
205.48784,73.59008,-86.510635,-115.480774,146.14082,-36.261173,-66.84375,167.62933
191.71072,42.90105,-68.01385,-95.13053,151.7657,-41.520077,-101.70346,185.45795
179.79572,51.3639,-75.86329,-90.37898,135.46747,-29.824242,-94.3434,158.15295
172.67165,39.296947,-67.2759,-92.30347,129.41756,-28.866821,-82.34665,130.07709
205.8282,67.14536,-83.36804,-116.288864,148.11119,-31.3688,-85.01004,119.7149
196.0899,62.026203,-89.98268,-93.57732,147.12915,-32.490887,-114.37634,140.44781
175.40239,50.803543,-87.26071,-100.87102,113.99257,-47.709484,-94.86784,145.98499
180.69449,32.330326,-88.209755,-99.63347,122.57908,-56.397926,-95.87149,125.309525
187.566,32.330326,-59.410545,-110.143295,140.23424,-58.55233,-84.774704,160.30624
204.95122,41.403503,-84.30797,-118.23751,144.94386,-53.964703,-90.02031,139.25955
187.03476,39.01602,-91.37208,-98.7941,130.20352,-54.325596,-107.46449,138.80923
184.9554,32.817677,-77.718376,-101.5959,133.48741,-45.9685,-108.53145,131.31432
182.7081,48.590122,-82.39838,-93.77068,133.72238,-37.630257,-88.791,153.45563
184.3063,58.754253,-93.01524,-102.74789,121.660095,-44.456364,-77.419266,143.2407
185.77893,55.047707,-92.0882,-114.69747,113.27241,-44.805523,-95.13527,134.62842
195.5,85.889824,-110.83854,-110.59317,117.12296,-31.636168,-109.628494,149.30397
201.90112,55.75897,-85.0993,-123.801,134.99101,-37.995647,-124.1225,164.6822
168.85515,97.72186,-79.0489,-99.702805,110.59151,-31.8408,-121.0849,193.512
180.3131,68.69361,-84.50414,-111.33038,114.10904,-42.043446,-79.93974,157.97987
178.17688,45.71652,-97.11817,-93.116714,116.51874,-56.765244,-85.92363,137.68555
193.94087,72.29324,-102.91326,-120.33597,111.7805,-56.556667,-79.91547,150.43909
191.1467,46.768044,-95.85412,-117.823204,116.09171,-49.70694,-121.77998,119.29318
197.48987,61.122826,-102.75423,-128.40608,109.08083,-42.955242,-122.584625,119.24079
197.25238,98.98106,-116.31585,-120.4061,103.538704,-31.793367,-136.54407,152.65622
183.0635,89.87943,-85.94735,-116.58122,111.52621,-41.68262,-120.13887,189.93945
193.18336,88.28399,-107.49318,-124.66172,100.845634,-44.42586,-98.48598,157.44467
170.29257,77.672386,-109.07272,-102.777176,81.06668,-65.18049,-101.69574,145.35004
176.97246,57.853264,-101.364204,-103.978966,101.001045,-48.428425,-100.929214,123.84679
183.1154,43.197224,-97.43494,-124.11582,92.635254,-69.54188,-92.931274,103.944016
174.77574,51.31094,-94.98176,-127.288055,73.17803,-53.441677,-116.02742,101.02016
197.27202,57.107353,-99.171364,-134.44301,105.45854,-43.38989,-124.53067,96.179504
198.10197,76.532776,-112.84728,-131.37975,95.99013,-44.662525,-119.47618,128.19495
194.81438,90.27259,-106.18337,-138.33447,87.10516,-48.928265,-138.79834,157.27142
199.7187,88.34034,-110.79838,-134.7673,97.24929,-37.608948,-135.63882,145.95538
179.25906,90.28505,-113.63749,-114.7518,78.45415,-51.80543,-118.430664,143.89062
212.16327,87.92051,-114.9799,-151.47346,93.640045,-48.939167,-111.35756,135.86717
180.81293,83.51506,-108.56062,-117.8101,83.5391,-53.35709,-132.86848,144.7896
190.47128,61.188744,-119.32969,-124.19862,81.23167,-65.41174,-109.97127,105.6089
180.96219,31.745325,-98.341,-122.28414,89.82488,-70.64843,-111.075836,100.22131
185.70625,66.88283,-114.28781,-127.272766,72.201385,-61.190723,-99.48003,100.9954
200.452,63.963978,-115.75326,-142.01431,81.35313,-57.87785,-117.37193,91.6456
173.0033,63.725975,-111.31655,-117.35862,61.02279,-66.585976,-127.38968,105.46565
173.37271,44.49899,-101.89748,-119.69436,73.01376,-64.552536,-106.47522,93.01219
173.80203,74.88236,-114.496895,-118.17177,55.744392,-57.759674,-85.79848,92.85831
195.61714,59.845642,-110.76954,-137.45154,83.68701,-64.748566,-101.41481,72.62562
181.61777,58.740234,-120.3448,-127.119705,48.32756,-66.32263,-138.72284,68.130806
201.53677,64.86469,-129.11507,-142.32245,61.221783,-67.55488,-128.1703,75.54558
173.7792,68.500305,-110.20294,-122.32342,55.55083,-67.22923,-145.54704,103.78703
182.24884,74.0773,-104.96513,-137.62039,57.07596,-61.6042,-104.52966,106.56482
188.59305,65.392204,-118.67806,-141.16165,40.234608,-74.94794,-111.76926,78.89331
177.77515,55.498627,-103.77709,-132.00314,58.134136,-56.473396,-125.70035,86.229996
180.53133,71.74706,-94.969246,-150.7413,29.344728,-55.886356,-120.35167,81.33424
185.60864,75.39441,-122.47681,-128.53853,53.662376,-47.533703,-136.01672,52.33046
160.03203,52.277245,-97.15701,-120.5108,40.513435,-55.20338,-123.28491,71.858475
183.53648,68.94846,-110.43363,-136.61977,53.070564,-48.867123,-106.23929,60.15171
178.29137,54.87258,-99.60707,-141.25148,43.67857,-52.553253,-122.27342,64.94481
177.65701,71.09017,-113.29257,-132.82954,32.357166,-48.847874,-147.68683,57.932156
161.20639,50.253265,-92.3456,-125.49024,40.743206,-55.725845,-124.814606,74.68076
192.60228,74.746346,-116.80135,-142.4062,56.40599,-56.266315,-101.496155,71.74429
203.85446,73.06846,-101.92144,-165.62495,60.95783,-64.93845,-128.56744,111.70174
188.78894,89.014046,-116.45555,-143.84601,37.41061,-45.81002,-167.37051,86.371185
179.7931,62.682858,-81.99403,-153.27382,46.49437,-39.430866,-150.64153,91.88631
191.90916,117.54846,-112.77326,-152.80502,28.237574,-22.732233,-143.10255,102.74271
176.66216,100.60792,-111.97751,-134.17523,26.115608,-50.69918,-145.45549,105.39005
202.50555,109.156136,-132.43675,-152.40633,14.399088,-48.720646,-126.53859,78.96086
174.82599,70.92117,-107.160164,-136.79546,19.485912,-62.5964,-138.30396,74.325745
189.51253,96.05012,-119.01521,-145.02367,27.436586,-43.236675,-126.35791,82.6039
177.48045,80.16234,-121.523285,-128.30115,16.673704,-60.376537,-129.3616,69.30832
169.46994,63.06346,-108.18264,-128.8829,18.505753,-66.23052,-127.06348,65.52388
199.79317,67.35215,-110.62263,-164.32143,26.909002,-66.962845,-114.60756,39.659294
180.6253,81.06248,-123.5666,-131.42873,8.513731,-61.147476,-141.28835,60.23845
169.67064,77.44111,-113.87411,-125.7571,6.0275617,-55.422443,-127.62198,56.671696
169.57042,59.080982,-92.289345,-142.36208,3.4299235,-63.485363,-112.20424,44.67971
161.5621,48.37484,-89.652016,-133.48502,14.946974,-53.616074,-105.65651,30.830921
172.94525,73.97001,-98.93325,-141.87123,4.3817205,-48.20062,-101.799225,40.01293
185.90387,66.91459,-102.986626,-154.46187,-8.838268,-63.957935,-113.77261,26.54143
190.74672,74.280716,-115.44553,-151.72505,4.2676196,-43.62749,-144.98837,22.336178
174.56966,97.977036,-102.73896,-140.98885,-5.873568,-35.23756,-142.44666,65.10769
177.7428,100.15371,-103.484085,-144.46454,0.1752271,-26.56764,-124.50891,60.520004
163.18916,60.80977,-105.564156,-124.24499,-6.395612,-54.70026,-133.46054,25.926865
179.39778,79.71051,-93.034645,-153.26999,-6.6223407,-44.091434,-107.28381,35.624027
191.69148,77.57295,-119.1985,-149.85701,-10.171392,-52.19402,-134.45702,25.88488
171.29767,38.228138,-98.60379,-140.11531,-4.236857,-67.04551,-144.29195,17.227816
170.3357,63.636787,-110.05165,-129.64433,-11.774069,-52.428516,-129.67825,14.551024
175.6616,57.035076,-100.06106,-144.14255,-11.493418,-60.978226,-109.82774,13.348683
168.74982,64.19903,-105.47336,-129.38623,-23.651495,-55.408543,-126.746796,15.888263
178.30946,53.69823,-108.18724,-141.70697,-9.409646,-59.662052,-118.8737,-3.9256918
188.55562,66.71256,-125.3062,-138.88979,-23.332047,-63.869255,-129.22166,0.5569918
167.24104,46.88587,-101.41583,-131.9416,-16.415487,-69.227516,-134.70932,18.205862
172.19397,61.824852,-92.887535,-142.90468,-24.164526,-50.63615,-114.49272,11.459905
175.89064,76.34423,-97.15107,-140.60774,-42.480083,-49.551067,-115.18501,11.7358465
175.70003,51.085876,-98.49673,-143.55489,-24.2333,-53.766,-134.72809,-0.620404
182.68214,74.790565,-97.86097,-151.44041,-28.508736,-46.80972,-122.13217,16.853477
176.82346,56.162373,-91.81668,-145.82486,-38.740105,-52.661755,-135.89935,0.021703005
157.79045,59.57529,-89.06794,-125.76364,-33.186817,-43.45742,-136.19057,3.573727
179.96428,67.04974,-97.371216,-144.71725,-45.170364,-47.09889,-116.22388,-10.6942625
170.1073,60.271553,-90.230484,-134.61606,-52.00275,-49.04413,-134.8325,-8.031376
182.18596,66.130554,-88.695595,-153.30942,-42.16382,-44.679394,-126.11426,-1.3977497
153.16597,62.19834,-83.44831,-122.96583,-36.53278,-37.52039,-138.27272,1.7957547
148.73006,50.734333,-76.95854,-120.71956,-40.911205,-49.623096,-112.684555,0.9377279
176.0908,62.587936,-92.68136,-144.08371,-41.159336,-51.705082,-104.30577,-15.204908
173.05943,74.47357,-90.53226,-137.91278,-51.594078,-36.804943,-130.52321,-1.412287
158.31981,90.65741,-93.21831,-116.40857,-52.621777,-28.31645,-139.256,6.3432484
186.6585,87.32124,-100.43704,-150.70676,-46.069782,-39.334545,-110.40277,2.3450491
164.72633,78.571724,-90.07007,-128.31293,-49.572044,-48.214672,-136.61305,15.835048
161.48451,64.57796,-85.00023,-123.3327,-60.028793,-54.73969,-121.243805,-2.504462
168.06848,67.421364,-84.16884,-133.06657,-58.995102,-46.48888,-106.20964,-10.361471
182.77245,66.1543,-79.14421,-156.03105,-52.897026,-38.799057,-110.478,-27.095886
168.71504,56.359478,-91.06688,-135.21333,-43.884277,-38.74006,-143.41357,-24.788095
178.03317,67.721855,-95.227356,-141.70773,-51.36468,-45.294323,-111.01875,-16.74595
175.39139,49.25444,-76.37137,-148.03084,-55.049908,-47.429455,-131.05788,-19.167765
161.88422,14.43087,-60.62424,-138.40611,-58.009644,-66.06494,-141.31473,-44.764328
173.86578,87.73255,-99.77108,-130.47957,-56.995834,-23.831408,-110.3931,-17.766813
177.64923,62.55847,-76.97489,-137.3317,-81.75358,-58.146175,-106.383865,-30.946806
180.21046,90.35935,-77.19491,-131.44322,-96.21119,-36.474236,-111.11331,-18.015402
156.4938,60.752056,-59.69198,-120.6874,-79.603874,-36.579662,-95.11401,-30.46705
174.65413,69.93032,-63.846382,-137.8279,-86.15317,-37.640007,-88.629486,-43.773483
159.1548,41.735027,-81.90112,-122.74435,-60.27842,-51.24586,-98.06207,-73.830956
177.1082,70.17701,-87.786804,-137.3702,-69.417564,-45.1046,-89.92911,-39.970055
153.7256,59.306408,-73.370155,-114.92075,-71.290016,-37.188957,-118.30484,-24.375643
150.31404,84.97831,-82.221054,-99.673256,-76.86758,-30.048296,-100.90773,-9.668191
150.72429,71.172325,-51.179424,-121.61885,-73.48901,-29.737074,-88.1631,-13.774317
155.57735,60.763885,-71.626,-112.55489,-79.965355,-43.260475,-88.346924,-31.70624
158.29166,82.79228,-67.41805,-125.93399,-67.96888,-22.860842,-81.75368,-13.802423
148.47412,72.66017,-56.815758,-109.76519,-81.98443,-37.19308,-79.42505,-18.708282
166.76724,74.236534,-67.82003,-131.3428,-77.12698,-33.421932,-74.27692,-43.90674
164.55261,67.64799,-70.36662,-135.56493,-61.725597,-27.638712,-94.34108,-28.263948
150.4003,68.6135,-79.9092,-107.81964,-67.297775,-38.80392,-113.81528,-13.011867
167.28513,109.95567,-61.702972,-121.46628,-96.75014,-6.2302113,-94.352036,-5.9122486
163.58484,74.82813,-73.85199,-122.0561,-79.95749,-23.515268,-89.83876,-34.79764
160.65257,78.9256,-46.821827,-124.69391,-89.81778,-22.427526,-97.68558,-20.249273
181.69893,102.08575,-77.82637,-130.43962,-99.72789,-31.177511,-86.78885,-19.94227
154.79987,49.0408,-62.766018,-112.97916,-85.12793,-38.20209,-90.78012,-49.24669
156.51917,85.11757,-64.47214,-113.07074,-86.99028,-19.467054,-65.339874,-33.22743
139.09529,35.217182,-57.56907,-109.43837,-64.36977,-54.481297,-73.80696,-62.026184
139.91873,50.591503,-64.16326,-107.35908,-63.39968,-34.270164,-73.730865,-38.796387
158.24744,80.05779,-70.53071,-106.14247,-93.903046,-18.23868,-89.396255,-36.02933
140.21144,66.17401,-66.22146,-108.779335,-58.7316,-9.187102,-79.86926,-41.480896
137.21971,108.27049,-55.449898,-94.96693,-81.89753,-6.179803,-65.43326,9.372561
138.20366,83.01506,-49.571396,-105.05766,-75.03155,-29.83513,-64.04915,-5.730035
135.5037,75.49172,-47.545506,-96.16268,-83.07485,-28.460342,-59.066254,-19.934847
141.0461,79.38671,-38.059383,-99.02924,-93.2007,-24.417398,-57.294186,-26.906816
153.1119,99.79103,-58.270054,-109.514656,-89.17916,-4.573885,-53.953327,-26.741543
165.64194,93.953445,-47.28861,-130.3765,-91.13041,-16.760347,-60.74162,-35.078857
142.19002,64.38361,-28.892826,-111.22115,-84.1712,-8.258769,-91.55002,-26.098413
147.5305,91.783714,-60.065388,-104.53321,-84.363625,-1.9812925,-74.82306,-19.980364
150.85257,72.625755,-49.29527,-114.03531,-85.38316,-20.98869,-73.51961,-32.09181
146.72423,60.632088,-52.028004,-109.873505,-82.093636,-17.069635,-93.17641,-35.704437
129.65338,75.06331,-26.784143,-94.605446,-83.98687,1.5058692,-74.822495,-17.310455
131.35258,70.763695,-33.404503,-93.43726,-86.66645,-1.1144526,-70.4574,-28.241367
147.35332,99.694534,-62.829453,-100.36883,-87.764694,4.1634645,-64.686035,-23.171728
131.22119,67.43145,-33.094654,-101.14194,-77.153564,-12.1983385,-75.927155,-18.147055
147.78786,82.416626,-36.581005,-121.76763,-74.78164,-6.824299,-72.369385,-16.299568
145.18695,80.232475,-38.84792,-104.26873,-93.314735,-3.9815269,-93.80292,-21.880875
136.85484,83.67347,-27.49919,-102.32725,-86.81966,12.41329,-85.17665,-15.294574
164.91817,99.41077,-33.773094,-108.768425,-118.76028,-3.481216,-72.70775,-31.539839
129.12204,51.129738,-12.636505,-104.20012,-75.47692,-0.21937871,-71.4516,-38.269142
130.51077,87.05171,-43.857048,-87.71255,-85.768974,16.022291,-60.601078,-28.672985
137.36993,70.04463,-29.74457,-90.18924,-99.60637,-22.1762,-52.68341,-40.578747
131.68997,66.75936,-38.41953,-91.83017,-85.99615,-4.0274105,-62.60257,-36.863426
133.93375,79.80915,-51.762867,-102.27122,-69.611084,1.3882773,-57.228127,-31.124308
138.79774,105.29008,-41.485146,-96.01888,-91.272675,-2.7179043,-68.57146,2.6638043
121.38472,91.4303,-19.637144,-73.034355,-94.90555,7.983964,-61.938488,-8.455313
126.43699,92.310616,-16.344465,-87.295586,-90.24428,14.611504,-38.5687,-17.780794
115.855515,94.43119,-26.358917,-80.30129,-79.39567,31.548159,-41.07508,-16.003334
124.18962,86.47109,-33.07002,-87.29029,-82.17072,15.506948,-53.374332,-19.280548
122.57039,66.21367,-28.555676,-86.74234,-81.422874,-6.8316975,-48.473473,-32.502785
133.88521,91.22534,-12.000478,-96.71821,-91.3793,16.159708,-51.637836,-17.164864
116.39614,90.3386,-31.90658,-77.59115,-80.210434,17.863396,-56.914463,-8.083078
131.82303,115.28579,-5.592237,-91.664566,-94.233734,6.1993113,-41.475418,8.5832815
122.63487,73.552704,-4.6645036,-89.093155,-84.278694,12.681534,-49.65904,-24.16895
124.798904,92.186295,-16.129044,-97.15983,-76.93417,24.316645,-33.604458,-23.10131
113.27538,74.84578,-18.58298,-90.16841,-66.272545,25.557455,-47.408836,-23.569227
108.57551,71.6118,-19.046967,-64.30717,-85.5977,10.609802,-47.05176,-22.572363
116.71038,88.57377,-23.648783,-88.76933,-71.72301,18.77559,-36.571228,-14.05848
104.37193,50.67112,-3.589479,-75.47443,-72.531715,10.526283,-56.575283,-27.288822
118.52136,104.63389,-30.330627,-72.52677,-88.264,20.90574,-42.769394,-2.2757146
99.29636,80.6007,-22.514202,-75.14102,-60.883205,11.209942,-41.036873,3.7925313
116.240875,98.12096,-9.819915,-85.884056,-77.53164,-0.48666787,-31.578533,3.7740767
118.58179,101.58219,-13.266423,-80.73678,-85.643364,0.5076778,-44.110584,7.9253435
112.74591,102.7748,-13.279466,-80.0183,-78.40435,21.168102,-24.222807,0.80994153
102.07481,60.71,-3.6873922,-74.57756,-69.12327,18.705328,-37.59856,-26.841629
110.650215,77.35769,15.217009,-70.60646,-83.532585,21.542429,-18.8673,-26.683529
100.28888,75.2737,-17.885172,-78.22319,-60.410454,17.544893,-15.535421,-37.47648
94.12844,68.39648,10.556794,-74.81273,-55.805264,20.970543,-25.234003,-10.221511
109.980415,97.397385,-13.147327,-77.88664,-76.43595,27.218784,-24.044521,-5.9319134
92.39623,71.02599,7.153866,-77.567856,-49.022472,26.237333,-32.800644,2.545398
88.17492,86.22556,-7.3774796,-54.575268,-68.53371,32.20432,-33.064453,5.1335697
84.95369,67.99865,-19.01297,-59.90356,-57.07242,10.8742695,-29.209148,-4.520323
107.95979,115.6277,-16.249926,-77.30332,-73.42419,20.056675,-22.533463,21.672228
101.49269,100.01258,-9.187766,-74.14507,-68.82446,32.932606,-42.580837,16.244436
106.36376,108.88756,-14.715357,-83.85649,-63.545628,33.175877,-38.401608,23.058655
91.023346,92.62567,-1.8364042,-72.49934,-55.011593,27.378191,-43.005215,27.86357
74.33707,61.176487,2.9009726,-53.86395,-50.971138,24.443188,-45.248043,5.73682
102.89262,105.38056,-14.658472,-69.32113,-74.33095,29.425526,-16.52915,5.331312
93.01957,72.53286,-10.326916,-59.847767,-70.42386,15.947062,-35.61731,-7.24043
97.68092,86.91888,-9.821921,-71.90745,-65.23388,31.237883,-31.936707,0.09083104
100.625854,75.3077,1.5816686,-77.12452,-64.67677,14.451277,-34.63619,-3.85416
84.73636,85.62892,-2.38666,-64.12091,-55.578804,49.053192,-45.531742,10.82822
88.330345,72.71348,-14.493033,-78.60341,-37.965332,27.059505,-31.864517,0.07083058
75.96874,63.79851,8.433122,-64.94916,-38.572037,21.161459,-44.460438,20.5003
90.148834,91.05253,1.2790825,-74.36207,-50.683716,30.64651,-29.67006,22.566723
81.826416,75.69842,10.185169,-62.816277,-51.26475,38.99574,-35.974518,13.271331
88.54554,77.939476,-23.287876,-66.34912,-53.750755,31.421423,-32.686172,-9.03584
96.2133,76.80169,-10.436031,-78.90334,-53.941456,18.174362,-42.258648,7.60742
87.224205,90.53314,-11.649867,-71.96769,-47.699272,38.602203,-47.22729,22.687567
87.12921,79.12964,-2.6357455,-64.53387,-58.547436,30.055754,-45.85623,10.893554
88.51306,79.23896,-14.722281,-71.752525,-49.30304,29.277681,-38.498257,7.547388
83.87044,69.01087,8.015746,-70.029915,-45.4819,17.951939,-42.553078,16.928932
83.93599,66.44923,12.500504,-76.49922,-31.951767,31.92801,-30.102743,11.603819
79.78408,78.18728,-14.844706,-64.41838,-44.41195,34.68722,-33.274155,6.914298
84.65223,80.28232,-5.0653486,-64.82363,-54.15974,22.184626,-32.85241,14.264752
78.35177,52.05766,3.387442,-69.02962,-36.919373,19.928213,-39.079742,1.9855645
106.28029,98.5203,4.8562574,-90.30147,-55.512646,35.283073,-28.037844,14.588147
80.32745,63.192165,-1.7334528,-67.439926,-43.697178,32.095966,-58.564987,8.849288
76.97077,60.041653,0.14193258,-71.738144,-28.291878,30.454844,-39.620167,12.426009
73.44045,82.929184,-9.200372,-67.517654,-27.44069,37.435963,-26.386663,28.03657
59.793396,78.63523,-2.6585946,-53.890484,-25.298922,28.267782,-43.460323,46.00702
80.822334,82.652885,3.9030423,-67.87876,-43.5384,26.965403,-33.509636,27.840025
72.3412,74.5939,-9.370387,-51.472843,-49.932392,27.515612,-34.579937,12.701046
71.519226,85.70006,-6.6509037,-65.06753,-28.783905,43.298172,-36.64099,34.51952
79.84516,93.953445,-26.05544,-70.4399,-27.040966,32.030323,-29.350647,34.625755
74.709435,81.400246,7.07717,-69.71559,-26.44259,17.76932,-42.461914,49.745262
78.07208,89.735725,-19.189585,-65.45087,-38.031948,21.305796,-41.15697,38.306293
74.4127,95.88144,-35.919537,-50.998123,-40.660877,13.540428,-39.305187,40.405476
83.9196,90.538666,0.25989267,-73.41237,-40.28885,13.688279,-32.61391,38.86862
96.10411,101.45566,-15.6652155,-66.17617,-67.77949,19.99703,-40.95836,23.283918
70.8096,75.60589,-15.265302,-55.043694,-41.89051,24.701246,-30.955326,17.637928
70.09993,52.292446,-17.127848,-64.02718,-23.206942,-3.0905125,-31.708431,15.490317
65.88058,77.93748,7.0348916,-52.962315,-38.53452,5.5959187,-22.231804,32.766525
69.40461,71.451035,-8.924992,-55.957954,-40.12149,15.693058,-11.37249,9.913356
89.41616,73.171036,-27.984715,-81.03164,-25.375858,14.6200905,-24.17133,-9.514048
85.0779,57.77759,-19.873852,-78.41245,-25.954046,4.5995617,-59.70535,22.440128
78.98892,87.0316,-24.885187,-69.325066,-27.821808,20.766996,-62.003784,45.678185
83.240616,77.0,-23.567423,-72.837166,-31.909811,15.510092,-46.02498,27.993301
95.68307,83.91364,-31.820202,-88.93951,-14.474386,22.579996,-53.313705,37.898697
66.19856,103.68341,-19.585146,-57.294117,-25.913237,17.630266,-67.11478,70.0803
91.083755,108.77155,-20.775343,-77.4023,-42.768078,22.879103,-48.223553,51.894485
76.632645,47.757854,1.7336408,-72.33473,-25.542841,11.288311,-48.986584,14.7550535
77.23705,79.68375,-4.440893,-62.2233,-45.417255,21.012796,-35.295902,24.901821
82.953674,74.404305,-13.663816,-78.231514,-24.151367,22.532963,-34.228645,23.912697
88.06957,68.71317,-39.832565,-72.521515,-29.750406,17.449657,-38.01424,-15.135999
63.689186,42.64094,-3.421324,-62.342117,-12.926661,23.436146,-61.682392,19.683424
68.105156,77.084366,-18.25412,-57.72824,-30.8437,26.463343,-43.721786,30.380802
74.10297,60.83225,-6.11089,-69.46535,-25.052122,21.099907,-34.797928,16.99395
65.144554,71.21797,-21.518784,-55.359905,-26.776442,26.387074,-47.252155,25.106398
77.396706,94.109314,-14.542656,-62.10489,-43.513844,20.433006,-34.776733,38.763496
84.199165,68.141396,-26.326412,-78.57963,-14.514006,17.314993,-40.06154,20.219582
67.27788,75.723595,-21.560953,-56.369835,-30.147175,3.5019758,-64.520325,41.1548
91.60922,74.08652,-21.30061,-81.09244,-37.07817,6.7985477,-41.79005,19.162996
74.81477,48.262302,-10.983075,-68.385185,-27.670824,24.310743,-55.403816,2.112798
73.817764,52.99528,-5.984526,-66.178116,-32.421722,22.356003,-42.672398,5.7845984
59.199345,51.82,-22.753057,-50.715565,-20.32822,19.541132,-38.580917,7.430255
75.29442,61.704945,-30.750826,-63.379208,-26.132,8.319289,-25.9541,3.3950856
79.62451,65.50191,-39.97023,-63.85339,-26.131573,11.367865,-45.256985,10.459068
76.31442,81.18035,-18.822899,-66.57385,-31.888468,10.862358,-44.173656,40.046658
73.00043,75.65588,-25.066074,-64.25428,-24.268047,20.367395,-41.44735,31.576767
70.917206,68.33019,-20.159616,-59.51536,-33.09704,10.068709,-39.376144,24.705738
78.77817,89.903076,-44.76489,-54.952225,-33.82782,15.752253,-32.2316,28.460722
92.053314,77.3152,-41.589027,-77.252045,-28.376997,-4.8227205,-29.870161,20.925354
80.37451,48.497585,-29.016663,-68.223206,-31.168043,-7.98314,-56.186703,11.204462
89.52732,93.34881,-43.763893,-72.366875,-28.998688,12.095899,-39.42921,38.487724
79.181854,70.2808,-29.198336,-63.1672,-38.446766,0.21480536,-51.788525,24.64754
72.9469,59.01814,-33.936066,-59.531815,-24.700018,2.4719312,-42.18019,17.849464
103.28185,98.287865,-38.665504,-86.650566,-40.7687,5.9080153,-24.714172,20.935352
65.28699,56.909225,-37.23882,-48.63101,-22.78633,6.932358,-57.41853,12.283921
92.803406,83.956924,-51.77886,-72.66802,-25.329792,7.458193,-42.583744,25.516521
71.73573,42.41333,-19.016184,-68.14368,-12.12504,-2.115133,-53.518208,24.195997
78.68426,63.022938,-32.74916,-67.16913,-24.633797,5.9709024,-53.515644,23.43903
85.06198,82.14851,-46.233833,-62.417484,-34.688446,11.229786,-43.356983,21.070618
70.370445,49.203144,-37.86969,-58.00594,-11.983472,-12.504962,-31.886593,20.82574
72.588776,74.82986,-42.180046,-56.711536,-16.97787,2.4866898,-24.801579,34.23872
81.401634,75.5425,-38.2853,-69.9143,-16.266727,-5.200365,-21.175488,30.531403
103.83533,101.51887,-50.317707,-72.16238,-55.157818,7.056778,-44.604176,23.74853
89.380775,83.89577,-51.87151,-66.219345,-30.3757,11.657825,-56.73403,23.959461
89.65799,98.74419,-27.807274,-74.671844,-41.49285,13.893236,-47.0584,44.478558
101.397446,89.940346,-53.552334,-79.544975,-32.85818,10.053718,-47.453846,21.73568
96.010414,95.850876,-53.149353,-75.00084,-28.061165,12.122443,-50.382187,37.911533
92.30048,101.97617,-46.918762,-75.05272,-25.632835,14.231314,-50.692863,51.877937
80.84962,67.36494,-33.416008,-70.79408,-19.72975,-7.5011625,-54.6446,39.51847
101.89486,90.33557,-33.12301,-87.295975,-40.973698,-0.8369067,-37.071125,27.473696
80.38968,93.01075,-37.270226,-48.492615,-52.190887,11.413742,-51.5534,27.124756
95.165726,83.720146,-50.551853,-74.88699,-30.404022,7.299097,-34.563034,15.24649
80.66133,57.19935,-42.766033,-63.485256,-25.201279,-8.137812,-44.375755,16.163702
69.6581,90.26289,-46.61509,-43.02703,-28.924772,16.87391,-47.39284,35.356846
107.51606,104.53947,-54.33572,-86.35724,-33.71221,19.312038,-39.84756,24.084225
83.59202,85.428696,-51.629494,-56.693947,-33.309074,10.019495,-67.79271,25.176548
71.83357,91.16811,-47.883106,-47.758347,-23.933226,9.748159,-56.54806,45.904724
71.44972,90.694885,-40.19939,-53.060413,-26.437504,6.858267,-29.80875,47.86402
60.102516,60.45918,-30.214914,-47.4561,-20.869205,9.250637,-25.188913,18.73377
84.470406,97.05218,-45.52925,-66.92642,-24.471943,17.315363,-19.868034,33.093273
81.12221,61.222954,-44.84116,-58.56766,-34.021156,-12.215974,-34.57348,11.555459
94.673454,84.78539,-50.020336,-73.7662,-32.122635,14.006573,-42.45928,14.103881
62.43046,51.38336,-43.068108,-45.203903,0.9264416,5.514862,-57.208576,12.572237
89.56073,123.010414,-62.26439,-59.780643,-24.295874,22.384207,-24.685566,58.11731
84.983826,91.64742,-43.492237,-67.03861,-28.92643,11.038235,-44.011955,40.851913
74.75961,94.56545,-31.04365,-61.9929,-27.681248,18.307442,-37.646343,48.613983
95.8071,142.2713,-60.94944,-56.930725,-46.677723,30.771643,-28.625374,57.9331
79.19044,89.748604,-43.29078,-63.303814,-20.003584,0.0032203197,-23.701859,48.18174
78.84835,83.51684,-47.10095,-55.834198,-30.296211,4.832246,-31.626038,31.363873
81.20114,93.008736,-51.16627,-54.24881,-32.149418,8.019157,-23.89123,32.596733
95.26804,93.87259,-70.11797,-59.997097,-23.963324,2.1838658,-33.907024,30.09128
97.89695,117.8919,-59.434204,-67.21158,-39.466568,7.916362,-44.70508,55.117203
81.80665,125.7244,-54.87993,-50.206333,-33.895405,19.827257,-46.104218,67.478325
91.347206,116.75167,-54.52318,-67.77694,-27.900646,8.931157,-24.394753,59.9492
94.066795,111.4128,-63.007072,-50.73981,-47.929203,-5.810746,-40.163815,47.353348
76.63101,114.18687,-54.23508,-39.701252,-37.480507,12.124298,-26.719608,54.62407
90.11798,114.33784,-64.51711,-45.007298,-43.961792,-1.8425639,-15.669697,46.966415
95.70601,101.08358,-44.67818,-63.497967,-56.217113,-10.270864,-18.85427,28.070303
93.93249,114.127396,-63.765507,-50.470364,-46.586437,10.008949,-31.257332,38.35452
86.93568,92.74031,-54.7639,-60.599674,-30.496458,-5.880273,-14.602776,33.824238
79.20789,79.92538,-42.627205,-63.956917,-19.344582,6.7989683,-25.829676,31.13018
99.317986,122.25372,-67.723,-56.790836,-44.544353,8.913613,-29.082495,45.688232
78.00521,88.99096,-51.25354,-46.595516,-36.11228,8.115761,-33.329777,28.741983
83.35131,88.10931,-62.422516,-44.815605,-31.726036,7.582925,-23.508718,16.517973
95.81986,106.51706,-66.92147,-48.01126,-49.191074,-4.8074846,-10.50934,29.407864
97.14712,96.13423,-72.757744,-47.1994,-44.282394,-10.348303,-13.689737,20.907202
93.9591,101.45752,-61.97834,-45.66802,-54.25622,-9.045979,-15.179293,26.740416
82.043976,90.32686,-57.447212,-37.288506,-45.493774,-5.8804245,-12.935865,24.602995
96.6785,110.779526,-74.24569,-45.302364,-41.894352,-3.2011912,-9.608089,35.06824
75.81805,73.330864,-61.968197,-36.617577,-23.609016,-18.171158,-11.214022,28.6366
83.42699,71.71984,-56.26262,-50.10557,-35.75203,-25.453571,-6.6767883,12.068063
83.47738,77.839676,-63.327656,-32.082382,-44.21456,-14.428997,-14.3497925,13.747768
87.398605,101.12253,-69.11561,-35.680363,-39.52392,-3.0035756,-7.1590385,30.523685
78.588745,78.95888,-58.43676,-23.662216,-46.532246,-14.387327,-5.698574,16.342669
87.90178,87.91902,-62.673225,-41.18559,-45.72628,-16.600994,0.9161835,16.436604
80.51795,80.418045,-39.62636,-47.170483,-51.813717,-11.403638,-8.787926,13.435113
97.43403,81.18844,-64.616264,-48.978924,-53.74793,-5.927593,-16.92318,-8.233333
95.81762,72.138,-60.833633,-49.538223,-55.079693,-19.510838,-25.358578,-1.0198524
88.12527,72.256485,-67.73313,-25.95202,-50.349846,-19.79615,-24.793549,3.9111702
96.933044,85.511696,-64.84283,-46.256092,-54.615334,-19.381943,-7.562355,6.291112
91.01133,64.38277,-68.2465,-31.813765,-50.551205,-20.616282,-18.157545,-10.1722
100.470146,77.97796,-68.040726,-54.58575,-50.216965,-17.210686,-18.497597,-3.0275772
92.19443,89.56919,-70.76929,-34.286987,-48.392757,-3.327472,-32.84746,11.235532
90.98077,84.405365,-72.487175,-28.620804,-47.216984,-20.376503,-14.8406105,17.57485
77.14961,64.05125,-56.13541,-32.119514,-42.44144,-17.44302,-8.107124,2.687546
87.792366,72.49354,-67.40661,-18.253923,-53.296036,-23.224453,-2.0301647,1.840235
78.444244,80.83974,-60.568405,-28.370554,-40.68506,-6.258379,-2.5035114,13.231574
81.35109,63.180794,-64.105515,-28.852753,-40.950138,-20.775778,-4.2799053,-2.2799604
100.31077,77.3854,-76.59077,-27.098974,-59.391766,-22.946152,-12.649292,-4.724515
94.4699,66.274055,-53.27806,-39.78082,-66.6176,-31.223856,-8.613121,-13.385106
93.20005,82.001526,-70.02245,-38.424248,-48.292797,-6.4608116,-14.295521,-1.7641294
91.47438,75.52028,-76.63758,-18.85634,-46.377308,-18.59459,-16.552576,2.3041556
86.15393,73.58201,-62.575,-24.252024,-53.944473,-28.63595,-7.199997,9.393874
96.329185,72.23746,-59.80507,-19.709955,-73.14859,-24.676544,-3.1198616,-12.273899
79.429214,72.11319,-42.10933,-36.072792,-56.832485,-6.30731,6.73818,-11.011138
96.534,63.407906,-75.27601,-7.568484,-60.37918,-24.379745,-8.746595,-21.618414
97.082436,60.80553,-71.04211,-28.205667,-59.99495,-43.239742,9.27611,-21.344904
105.49407,64.39187,-70.900345,1.8490436,-78.473465,-39.261623,0.3353901,-22.038906
81.75,70.62754,-51.852802,-6.0330234,-62.951206,-19.866526,18.366913,-5.340433
84.12788,75.289856,-62.986217,-27.264437,-48.339687,-18.72151,17.921604,-8.20566
85.58768,67.91769,-62.066147,-16.866524,-56.611973,-20.639051,1.8258171,-5.874131
82.17207,80.21222,-56.882477,-9.1459465,-58.500107,-7.885379,-1.0971222,4.4478893
105.534355,91.33865,-73.13121,-23.676777,-72.73595,-13.549186,18.160654,-16.76015
98.04208,86.68766,-74.915985,-9.226686,-62.466255,-13.574929,-0.37237167,-2.140865
107.36969,114.35143,-74.50421,-6.5312667,-77.170975,-16.325508,12.69985,19.741669
96.57251,86.07555,-70.252045,-0.43730733,-66.051125,-26.714308,11.674313,6.8777523
96.09891,74.4211,-63.011707,-14.676619,-70.75686,-28.25966,19.06254,-14.465761
96.07289,86.12201,-63.222935,-18.689516,-69.89655,-17.972265,17.007702,-5.7930994
80.58691,57.386845,-52.798054,-4.7567425,-60.604465,-24.98493,17.902876,-16.134512
97.108185,83.9479,-74.8937,-18.305176,-58.773502,-16.338284,33.060436,-26.7528
127.809425,117.49574,-89.64463,-14.566982,-89.929085,-24.749971,16.782412,2.6917803
102.743614,86.16989,-67.97162,-25.61722,-72.30628,-20.13799,4.6872864,-7.7554646
100.803024,87.97159,-64.69245,-15.18778,-76.03397,-9.745679,-0.015460968,-9.199516
100.58827,97.98597,-71.04708,5.6843266,-70.94706,-3.668564,8.385944,-0.10816932
80.202866,89.50419,-47.424183,4.375356,-64.32355,-10.403373,13.2082,16.648458
99.329,103.218216,-61.49794,-0.11844998,-77.77816,-3.4819758,27.449314,2.77238
83.27364,79.5,-49.28388,18.216537,-64.268364,-3.9838593,23.43961,0.45235276
111.984375,112.25529,-84.68511,12.147491,-72.362366,-12.002958,40.053448,8.469203
87.53999,82.87641,-58.15021,-3.3700383,-65.70587,-42.49213,41.439983,3.0763648
103.93989,110.6752,-71.45341,16.605354,-73.51702,-4.381612,13.441591,14.30166
108.11105,116.539696,-69.76524,7.501684,-82.02006,-4.6848383,27.056236,12.634406
87.31695,79.117004,-61.66682,19.49203,-58.759987,-2.781895,27.98536,-6.258198
111.97879,106.35436,-75.759735,10.757443,-81.475,-16.976444,43.140102,1.0998719
100.857574,92.942184,-62.606804,5.397402,-78.911064,-17.7553,31.970612,-2.0025003
86.28442,61.33718,-61.891647,23.961071,-55.199512,-11.160922,36.631115,-23.5149
99.782265,102.62675,-72.278046,11.857163,-67.580925,-9.974815,60.735733,-2.3688848
110.96847,123.65779,-67.95288,10.60009,-86.81375,-18.526014,55.666134,16.82557
111.61205,107.9398,-66.238396,30.830595,-84.67361,-16.78937,46.14357,10.328969
80.42077,99.38939,-57.50593,8.896553,-55.289375,-7.055277,60.610847,12.403117
121.79491,130.80615,-71.91675,25.458351,-94.80746,-10.334929,53.401077,17.24754
104.442566,125.89777,-65.80578,35.64235,-72.411095,2.8637464,49.457478,32.130497
98.11632,104.58729,-60.683434,38.403595,-67.30311,-12.19103,62.217934,22.28544
94.1767,114.415085,-64.95167,21.999231,-64.391655,-12.540911,75.10574,22.22827
118.004234,136.19586,-70.08904,56.522293,-75.98163,-5.3985863,63.76089,43.721607
84.78539,94.90818,-36.818363,32.22668,-69.27683,-21.864534,72.262665,15.447207
107.81582,109.53339,-68.34757,34.436398,-75.98353,2.7202127,71.03471,-1.3330915
119.289566,147.0986,-71.18405,33.18846,-89.92127,11.066853,68.155685,27.018295
116.07756,112.991425,-70.914536,56.543472,-72.0692,0.8498838,69.12889,14.345197
107.32777,116.25538,-69.73224,16.866869,-80.10828,-23.192226,102.147446,-15.720976
94.67312,99.46607,-49.11742,38.928257,-70.96696,-12.298742,65.7673,17.394941
116.28521,120.388954,-69.416794,36.40335,-86.02184,-8.918568,74.55455,10.477
124.74875,106.9065,-64.07883,41.525677,-98.61299,-11.931267,76.38364,-11.432971
118.65101,105.17991,-66.839645,38.437542,-90.256744,-3.2824786,85.54692,-21.523703
108.28002,116.69619,-60.881954,34.241264,-82.7198,2.0323331,91.20741,-2.829272
92.54999,94.56909,-48.538513,18.921719,-76.40935,-19.040522,91.260925,-22.794868
100.762405,97.43724,-52.16824,43.803093,-74.276405,4.1920166,77.673065,-2.1319702
117.23587,102.76315,-67.041176,56.93813,-77.44458,-7.2815,91.618515,-1.3874004
112.34128,111.85209,-57.11661,58.81074,-76.711136,-7.974657,92.907074,17.925097
102.42688,103.765434,-54.609882,41.64948,-75.894875,-5.8271866,98.92915,-3.9404676
94.98429,110.24886,-46.58069,45.849434,-68.85761,6.9625664,91.17709,16.383883
95.86131,100.16518,-42.394516,57.366783,-64.588875,15.786631,91.40091,9.599101
110.47179,112.6827,-60.031612,53.36438,-76.10572,-0.35258508,96.877975,8.530881
133.19008,115.726036,-56.893467,77.82165,-91.664024,0.550802,97.67105,6.450204
117.3434,123.41218,-60.166157,48.130966,-88.656975,-1.5829813,103.952255,4.741829
114.68364,94.07975,-26.197954,58.798424,-94.85202,-4.5514793,101.510635,-13.856307
104.96681,108.400665,-56.053513,44.78544,-76.52738,10.980965,93.86607,-6.8204565
105.782005,112.64196,-61.644253,42.834465,-74.14022,5.0554886,99.298325,-2.987643
118.50348,89.58791,-52.92576,77.40499,-72.83698,-4.856722,102.7348,-1.802491
113.12159,111.041,-34.737206,64.161606,-86.46062,-0.6052973,117.41434,5.0024195
117.14323,109.00151,-46.692886,66.71713,-83.80055,15.331015,115.420395,-8.099836
102.906685,89.2321,-45.630596,60.01605,-69.817894,8.708958,96.19003,-9.477397
107.49362,96.75226,-24.4591,76.70261,-71.07339,27.101929,102.94537,6.94501
99.56344,94.057915,-40.21435,63.745064,-64.9182,11.039278,117.4819,-6.305794
129.15598,102.29889,-51.755817,85.78659,-81.11546,16.73818,108.15384,-8.851275
125.020996,107.55609,-55.841568,85.67041,-71.97448,-0.87718797,119.87877,13.709218
120.92586,112.08591,-37.72681,68.79328,-91.77004,5.1720734,121.228775,-2.295244
116.94149,98.048454,-30.735802,75.424774,-83.79254,24.1631,112.14632,-11.239734
117.223145,90.24446,-29.069132,80.315636,-80.17699,26.34201,103.367355,-12.379186
117.862206,83.28565,-37.146946,74.26833,-83.50095,6.7214565,123.94536,-32.940865
120.01458,77.39065,-50.50028,83.53907,-69.54485,10.113667,118.75429,-37.702316
125.59017,101.21952,-47.57264,82.67526,-81.6154,12.068142,126.252975,-12.955911
127.54632,77.920235,-37.8794,92.043465,-79.84187,2.038677,123.15489,-20.416677
131.6558,83.54976,-25.446196,96.719,-86.018906,18.183886,122.6662,-19.27897
117.17535,105.37552,-31.34214,82.24829,-77.79899,36.587864,118.01341,-5.796666
118.948784,77.78978,-26.970383,88.73851,-74.746475,32.690876,115.624756,-33.177345
113.62246,78.53821,-33.43853,76.13752,-77.756195,14.870361,123.8537,-38.184185
116.94684,67.97839,-21.840017,84.80134,-77.23403,7.85816,128.95195,-35.12123
112.59885,92.934456,-45.522038,77.29777,-67.45967,21.94445,125.86827,-26.816753
143.44794,108.99341,-47.830757,104.59053,-85.72643,21.649498,111.30905,-2.4631507
107.794075,98.714554,-16.19093,76.21955,-74.8326,24.78907,124.91362,0.5561192
104.476074,97.396416,-27.557611,78.42175,-63.030647,33.250576,129.32298,-6.6736
121.96336,80.743805,-14.554007,93.974754,-76.33577,19.28334,123.13495,-8.973103
133.14748,117.74257,-50.180305,85.96135,-88.50106,20.918167,119.49162,-0.73134875
115.355156,79.101204,-24.846886,80.32899,-78.699585,9.495794,131.3283,-28.7339
116.529236,69.15246,-10.316825,97.9536,-62.13916,25.973547,129.09549,-12.076855
130.2008,104.599236,-19.380232,98.34459,-82.830765,26.64957,142.5497,0.056794405
133.1775,62.53199,-11.417517,109.45435,-75.07381,21.939932,129.8702,-26.2011
126.80792,67.559235,-15.3524275,105.008064,-69.25777,33.65598,126.087006,-28.179855
136.95438,79.60685,-17.980799,113.33183,-74.688995,21.37832,147.55238,-13.972726
121.207466,89.16277,-11.669031,97.38853,-70.88319,25.614855,152.47563,-12.165555
113.901276,77.165405,-0.9899045,96.400955,-60.73075,41.35348,137.16821,-10.163572
114.00439,81.284996,-8.842555,99.78168,-53.80531,47.088993,129.35138,-3.1617534
133.87494,105.347046,-25.937168,115.27802,-62.273823,47.002934,127.66576,12.721567
127.71551,79.88273,-15.233736,107.97566,-66.44256,30.333227,139.63742,-8.414766
119.91351,73.00856,-11.986931,110.48941,-44.862606,41.134415,141.6718,-5.7243977
116.45278,81.40946,-13.580368,102.802505,-52.29297,21.18743,147.49678,6.039854
106.6091,103.37432,-7.316352,89.7436,-57.27098,34.533283,143.64842,19.777805
139.2785,101.479065,-14.311884,113.59602,-79.35163,45.36766,137.69481,-0.7347019
140.45374,93.65495,-2.3615153,126.38968,-61.02028,45.045567,146.70058,17.499037
133.37541,102.255806,-16.3449,117.21082,-62.20422,34.974865,159.9117,15.526288
122.341736,109.1799,-2.5051982,98.50475,-72.40892,44.633316,154.40248,8.009923
134.26932,87.50143,8.99077,120.76825,-57.258137,57.278206,136.52849,13.75171
141.41605,99.80982,-8.013507,128.51215,-58.5236,48.701412,156.59628,18.62186
123.244675,125.898766,-10.82703,103.64635,-65.988686,35.132786,167.10638,32.65037
132.8693,113.61448,12.903326,107.33161,-77.17511,48.249706,145.80612,24.030128
137.15503,119.79149,-1.008415,120.60868,-65.69505,73.58956,145.56282,24.41703
111.933014,94.66916,9.946194,101.9074,-45.243965,60.109108,155.39687,15.022523
132.00095,96.2198,17.852232,111.78923,-67.65085,54.34398,145.95868,15.199691
155.59964,110.49887,18.673296,125.587654,-89.932846,62.09393,144.39003,10.232692
119.35242,104.03845,8.889173,108.01358,-50.17191,71.38763,164.06181,11.802478
134.89626,115.888954,10.047046,111.19147,-75.89624,53.45397,171.46451,13.148216
140.0946,95.1052,20.29004,127.41115,-54.259327,49.913353,160.58894,29.493061
117.632904,98.77879,20.662905,109.52644,-37.283398,57.690144,173.22383,28.676172
137.3829,94.972694,2.520759,129.18028,-46.25481,62.098362,158.60286,21.587101
124.445015,89.33364,27.60085,115.66903,-36.61826,47.630768,151.28804,42.92169
127.6411,131.91592,21.017908,116.97628,-46.319942,68.66461,165.73271,66.7198
128.91277,106.12492,18.425175,116.43598,-52.187923,72.947205,160.0596,27.717684
138.02626,114.48799,33.49532,124.87802,-48.033535,80.95113,150.49548,53.197685
139.41058,113.08984,45.321487,119.7483,-55.088078,69.91658,161.99294,46.59001
137.33286,132.43324,13.392172,123.67772,-58.439396,96.651474,170.5754,34.06617
137.67352,125.67518,25.23973,125.09673,-52.448093,78.64525,171.01164,51.526237
115.18273,103.05581,21.932217,105.81425,-39.546154,61.624992,170.30188,30.494373
125.001,99.98625,23.62891,112.88562,-47.552467,69.38648,160.6161,27.10164
148.3958,114.24015,18.454727,137.64688,-51.63099,80.019325,144.91164,44.07319
132.4606,77.35349,26.731527,125.179436,-33.811256,68.546684,154.4283,23.883272
138.5282,69.90216,40.171864,130.22588,-25.47551,74.493164,170.0825,20.86895
145.5,84.41453,47.557846,133.11111,-34.71145,81.17058,168.12965,33.857647
152.10954,62.28212,59.296513,138.15092,-21.698452,89.489784,166.11903,25.456657
124.39076,104.23201,22.048101,114.23242,-44.39642,85.42843,178.47655,8.445878
140.49489,123.18888,28.620958,121.30753,-64.64801,86.139275,156.68282,38.260784
134.63957,112.23218,33.603157,121.35392,-47.525448,87.26146,161.11655,41.91971
135.7199,80.153366,45.158577,125.34774,-25.853598,85.80503,168.18483,27.72244
134.49466,92.823166,62.309757,115.26407,-29.518599,90.52426,158.86397,46.583168
138.98297,117.67175,56.965267,118.86612,-43.58618,99.82171,153.19469,60.255436
136.98592,98.08168,63.93983,111.593994,-47.061916,104.03262,163.48595,25.79887
146.08821,71.36624,57.87993,128.9263,-36.59088,95.04986,165.29541,11.731376
135.29967,96.29585,65.16148,116.024506,-25.142845,86.09174,186.57164,36.79025
138.9011,72.54406,62.719852,122.82861,-17.318697,96.42981,168.47876,28.436094
142.59843,77.39842,66.710526,121.79005,-33.04392,106.54662,147.633,27.72923
137.06067,91.14259,70.43244,115.07256,-23.848106,114.7095,142.40085,50.70823
131.90242,93.60875,44.569622,123.01784,-17.325958,113.01719,144.67482,43.038174
139.08546,124.708176,67.48306,114.135666,-42.036808,103.957146,155.07407,69.67301
134.08958,98.6357,80.93512,99.90134,-37.54614,105.76295,151.90462,42.265083
142.03973,79.98068,68.89099,121.81313,-24.494005,112.9764,156.63771,33.13168
133.15054,80.156494,69.13612,113.43776,-9.932434,108.13795,162.47531,40.33247
148.15959,60.5496,80.251045,124.121414,-8.019826,99.9569,164.18594,32.63719
131.36378,92.88855,70.280075,110.0807,-12.705641,122.56505,171.03442,34.375042
148.94003,45.699757,80.08694,125.626945,0.8593984,114.310776,142.15598,26.071363
147.6761,102.13862,76.07186,116.32771,-49.64142,106.331116,148.54234,42.01958
145.00739,88.52315,71.33539,125.38626,-13.542385,123.75379,149.6764,53.142414
151.169,86.87815,84.68421,124.56685,-14.223136,119.94887,161.82397,55.725918
128.6405,97.73858,59.68223,113.0641,-14.972215,108.0892,168.76791,48.52652
146.04282,89.15368,86.97963,116.04528,-17.378344,104.58512,170.99059,50.82676
137.02423,78.48816,83.29736,108.61103,2.2442856,119.42875,157.22113,51.53572
134.75029,72.63998,69.44353,115.39354,-4.0497828,117.777504,146.81395,40.34492
157.63412,73.67774,93.50167,126.89664,-2.6211808,116.08135,147.70226,64.23744
137.09674,90.848175,95.99523,97.87979,0.32413802,130.4538,153.55696,63.128937
128.63521,94.50529,86.60218,95.16077,3.5794206,144.16255,155.16844,48.728485
133.27234,112.31436,67.60573,114.92176,3.2334478,137.4708,137.01765,87.53359
156.88774,74.298386,80.464355,134.17131,12.307385,116.46757,153.65901,74.23697
156.71391,92.30122,94.53996,124.968506,1.878689,110.360405,174.87212,77.745834
145.64963,91.149345,91.386635,113.309814,-3.5549254,122.188416,162.82043,66.13536
152.20386,88.35475,97.3927,116.93434,0.42756084,132.42863,150.07556,73.98232
163.72084,48.270073,105.391335,122.905754,23.770252,125.50302,155.81737,52.920795
145.28119,99.29879,107.142006,97.79946,-7.0826726,121.8397,174.84854,53.63308
165.73642,53.052452,115.32758,118.89603,4.8257837,135.9863,146.96701,45.332657
160.94972,66.7027,100.67977,125.449554,1.64387,146.8065,153.98239,41.134537
155.2645,79.44377,115.0203,101.73222,22.658768,133.22575,175.23747,46.545002
164.24924,69.984375,120.700775,108.55509,24.537683,151.52293,156.99588,64.89794
153.10005,71.805725,108.63125,106.28852,17.604538,152.62688,146.47475,57.628086
153.85646,71.904884,114.490654,102.791824,2.2059405,132.92313,150.99876,52.486694
149.76419,85.00919,109.63422,99.577705,22.25111,151.10017,149.5326,76.512375
135.81238,106.24559,107.93702,74.88343,33.554134,147.81552,156.84111,88.662346
154.92941,96.96713,104.15561,113.85548,13.795948,142.46156,133.11552,101.107025
161.2314,80.24377,118.06343,106.687515,25.950706,148.09192,142.92848,90.83538
154.0424,93.18027,123.067856,87.71332,29.920338,154.98454,150.45514,90.83472
146.57954,82.15306,114.06098,79.37298,46.65666,161.25746,132.46068,87.51823
147.52966,105.2503,112.01683,94.99315,14.226868,168.28127,117.82155,100.447586
150.91165,60.83392,121.116425,83.67565,32.829697,135.01231,132.17493,66.92238
139.06158,79.62569,110.26606,76.19296,37.38929,151.78421,133.3354,74.315025
156.59383,93.773415,118.71305,96.15362,33.998096,158.07817,132.38553,111.22484
158.92023,81.85047,127.358795,90.52017,28.88566,158.81871,128.90419,93.54118
147.80313,72.917015,114.09549,84.33173,40.681263,160.51468,139.01866,55.428524
158.23405,86.13951,132.91487,82.33079,24.169159,165.0587,124.306244,92.21389
155.75667,68.30458,120.42761,88.803345,42.84357,166.22281,120.03076,83.435616
131.38327,88.64571,110.78629,64.206024,30.057825,142.45177,137.14523,69.25769
151.04738,52.27586,123.71219,68.29827,52.905094,157.92848,99.81871,77.30881
149.39551,87.273125,119.8551,82.08396,35.30276,157.58101,102.48096,110.636246
151.6946,81.48811,121.48173,79.86169,43.20573,157.71983,118.46039,104.89627
163.42397,53.66927,135.36229,69.89253,58.50577,154.9962,107.38612,91.83419
164.2285,77.02985,130.98256,81.06971,56.98004,175.33989,118.143326,108.45574
158.83966,78.27771,134.40334,65.8053,52.96233,160.55112,107.41817,114.345085
143.59856,85.1941,124.205894,65.35492,30.422108,170.02492,99.93552,93.25964
153.71582,73.49769,123.57776,78.83628,45.752285,172.38698,93.29091,99.2681
169.77199,64.44306,140.3895,67.15863,68.311554,161.29396,113.02989,107.92106
166.70839,60.541874,139.64883,57.24763,70.92018,160.26283,109.5773,93.14383
174.32764,34.978466,142.82726,62.729706,77.98796,156.47755,91.53,92.47193
165.8826,45.616104,137.5838,63.839622,66.73148,161.88539,89.65111,95.88125
164.77686,47.36362,139.1993,58.54017,65.82141,159.42789,89.93918,95.15611
157.65579,69.76615,138.28706,53.060093,54.498264,168.87303,89.64549,104.72586
183.73898,29.281233,151.11748,63.33108,83.292114,163.51659,82.95189,101.33418
184.26807,42.65633,160.70503,65.256516,61.943962,159.42792,92.42003,95.43231
173.82652,43.555283,145.18901,60.67723,73.83444,166.92696,92.36769,93.79964
149.84372,80.728035,118.67148,52.46263,75.3483,182.70395,90.55827,105.51607
162.26155,61.23635,142.77005,34.290257,69.29822,160.43327,80.18706,105.917496
163.53789,78.8322,148.66891,37.363342,57.3613,171.50665,63.116943,128.2019
167.93748,58.83996,136.97449,47.22006,84.719826,179.5991,67.70372,119.56648
157.93199,65.16325,134.06656,32.24024,77.29815,165.17857,67.697815,121.52558
168.26212,43.39949,143.60175,49.796963,71.53971,156.79143,55.70135,112.87906
168.91418,85.46527,148.0161,38.00344,71.62719,180.24184,78.310165,139.84756
161.75372,62.075684,136.14111,49.636005,71.88396,179.80812,71.7816,110.15338
182.72127,35.54223,154.25272,44.76231,86.71398,155.72766,63.751835,117.078674
163.0345,63.827892,142.953,22.728203,75.3018,168.07599,65.46521,114.690315
178.74721,38.64987,150.72595,23.88787,92.74047,177.89995,45.302845,109.7876
179.48207,41.63607,151.29321,32.327553,91.47841,181.97316,34.350555,119.05873
171.6204,76.11176,150.66742,1.9402173,82.327354,172.6364,54.926773,131.54631
168.79277,57.437466,149.01619,18.958115,77.19644,177.216,17.78648,126.95676
176.61133,49.033154,147.31183,9.94185,96.57996,180.68132,30.875113,126.41635
161.95775,48.33477,133.78165,20.284113,88.83603,173.34575,30.594385,114.76425
182.7329,47.05648,157.77159,6.5201554,92.194244,174.03697,29.184814,130.3887
154.09413,54.08327,130.03061,11.162756,81.71375,170.02605,21.000393,117.48706
196.6693,16.309507,153.37456,23.620779,121.37417,162.18501,31.619125,131.93454
181.40648,55.87486,150.26086,11.466574,101.30339,166.31862,40.546623,146.38412
169.62605,54.727165,128.1074,16.765944,110.44216,169.7936,40.75649,136.13644
190.4009,33.593155,157.39368,14.629317,105.50192,165.88408,31.130386,133.51736
173.04063,39.54191,139.8621,-2.926425,102.14397,154.49245,32.244545,112.946465
187.31474,33.380383,136.71114,-1.6077614,128.08955,165.86168,15.080185,128.809
174.7255,39.496834,137.96281,5.947692,106.87705,157.93436,3.9686832,140.99554
193.2673,20.095087,147.96474,14.082337,123.521385,162.7469,20.419357,135.35979
179.7234,57.03727,142.35063,-2.0300121,109.436005,163.222,46.145855,132.39864
183.07512,43.900455,149.4623,-6.0064664,105.70117,160.52835,19.321959,139.5288
168.70389,36.8714,141.96492,-3.6463647,90.86531,161.29706,2.9911137,121.37439
181.40286,27.92848,145.15898,1.0634007,108.86251,167.12854,14.75334,119.07936
179.6914,42.673176,136.98415,-8.148874,116.0365,165.22008,20.604542,129.77867
184.21251,32.699387,137.61475,-11.852148,122.22565,152.82837,14.784465,132.06595
180.67996,19.880896,135.31218,-19.490772,117.902725,145.15318,-2.9141617,125.210754
194.8262,39.65476,148.91692,-16.252066,124.71527,178.60179,-16.4276,150.84117
187.56665,45.024994,149.92538,-4.6099896,112.36038,168.26416,-7.365309,153.54654
184.91957,49.107025,129.46605,-27.518888,129.05392,151.76045,14.842805,136.40833
194.47108,33.485073,142.98445,-27.327656,128.97534,145.22081,-8.212055,156.73367
188.4277,41.824036,146.96713,-29.863188,114.208916,166.69662,-18.319126,148.75366
195.6208,31.86691,157.32971,-10.519446,115.30843,172.17818,-18.043974,143.17274
200.84135,33.608036,156.25476,-31.172762,122.1778,169.1475,0.1738205,125.445915
194.39714,15.435349,150.67813,-16.143585,122.02731,155.75858,-8.221527,133.93175
183.58444,33.87108,134.41658,-22.47727,122.92744,160.25323,-1.4495239,128.49258
208.44003,31.136795,147.92772,-38.563984,141.59782,153.36174,-12.030846,127.10901
196.72125,40.00625,136.93748,-32.300003,137.59502,170.39725,-35.820328,158.94965
203.7572,41.309807,144.03224,-30.25453,141.14775,169.67343,-37.542694,172.63324
193.04274,30.438463,145.37929,-32.992863,122.29531,155.98207,-34.575268,151.0498
195.9056,27.62698,133.10797,-37.10191,138.83699,159.23833,-28.126934,136.599
200.55486,26.086395,141.48795,-33.569664,138.03859,146.95564,-21.65308,160.55368
186.71971,28.429737,130.37154,-46.593018,124.96591,142.0737,-22.893616,134.8002
202.6777,37.56661,123.630325,-55.2006,151.03636,141.77098,-41.9004,121.09355
194.80502,26.580069,132.84706,-41.815304,135.85094,149.68477,-60.18026,146.35059
186.77794,43.525856,126.17739,-42.825825,131.2282,159.47803,-47.341663,158.29736
193.09908,24.04683,133.5792,-47.547966,130.80276,150.5725,-31.350212,130.35583
186.46313,34.0147,113.44013,-52.257835,138.70113,139.37453,-32.231712,129.5653
187.75533,14.32873,119.24124,-45.59944,137.83821,132.7352,-48.881943,141.61305
183.88193,19.163769,115.81078,-51.399883,133.27496,130.60728,-39.643024,127.16432
174.16156,29.05598,100.6923,-65.558075,125.87514,124.12322,-50.26487,119.97301
181.38495,35.732513,118.45644,-63.50687,121.38613,138.93465,-62.762074,150.83386
182.93117,27.826471,124.58574,-48.899162,124.703575,134.94646,-59.315308,148.49124
211.74336,43.611923,131.8416,-68.50429,150.62482,132.86205,-34.433247,124.47073
202.89484,27.202942,126.51941,-65.763725,144.27681,122.63271,-48.148335,124.184425
191.55809,39.242832,108.34941,-69.786804,141.43895,144.60011,-57.891376,131.43576
197.44936,52.62129,100.85446,-54.751823,160.43907,139.05638,-67.54509,126.4328
218.56078,24.829418,116.295654,-82.56756,165.24347,131.00075,-63.217247,162.65167
197.98611,42.146324,114.65551,-55.677303,151.4283,130.76784,-85.0347,177.36888
184.28934,47.660255,107.07711,-65.691826,134.79027,132.63603,-48.747036,171.3465
180.98567,41.034283,89.60165,-65.19795,143.26268,129.78378,-59.49786,146.05383
196.6496,27.71845,94.968124,-68.643776,157.62547,113.27024,-64.68153,178.0121
185.08528,24.194847,94.086235,-69.83499,143.23624,116.57075,-67.18866,151.63495
213.38847,39.357536,120.674515,-89.60581,151.3523,99.2777,-58.700027,139.28378
215.73888,14.513464,113.29803,-82.08533,164.09593,124.78859,-79.63098,155.55896
198.15907,56.289433,73.65499,-99.184494,155.1076,116.89792,-73.4442,179.57443
186.33371,68.125916,88.47107,-82.05542,142.05487,125.503,-104.6805,194.38902
193.66277,53.55196,79.52319,-75.4895,159.8491,129.95389,-84.9391,174.57349
204.04045,40.911682,89.588104,-95.96018,155.95166,112.316734,-64.62413,171.0751
217.63936,30.806097,90.24624,-115.19054,161.38019,105.53367,-93.74527,177.26694
210.40216,56.32287,82.3014,-94.39923,169.43263,132.0819,-118.52959,176.29614
187.87068,58.41714,74.37323,-90.33735,147.398,118.72524,-90.2442,184.65381
187.91362,37.44663,78.81984,-70.019714,155.47095,92.93349,-100.48013,172.97925
195.62793,36.908672,72.16265,-79.97621,163.36378,96.3169,-54.169247,173.85202
211.7519,59.83466,77.92397,-117.9348,157.57796,93.07491,-60.568623,167.88007
211.02689,61.334743,67.98001,-97.14722,174.63934,125.69219,-111.28952,188.84879
202.88947,64.883255,78.99539,-106.39552,153.90286,129.25902,-109.547806,195.05716
215.41776,62.181824,83.718925,-97.35318,173.03888,138.04306,-116.150375,197.30978
201.20403,56.569958,70.74467,-92.01378,164.22296,105.26243,-86.337616,209.08585
187.28957,66.46195,51.536346,-88.12067,156.90695,106.28939,-78.35533,194.49872
214.12209,46.21253,80.63265,-111.532455,163.85266,89.13934,-77.23685,193.57423
205.99155,53.8866,72.930725,-109.95427,158.08609,120.11338,-106.42168,184.22324
209.60439,57.645603,60.907032,-82.06171,183.05511,110.24409,-109.35864,195.83466
191.78699,76.60216,48.87874,-101.12558,155.5397,106.25038,-88.53378,205.14163
196.16579,64.69979,45.45863,-103.81047,160.12135,94.25938,-103.76845,202.36478
219.06635,59.981377,55.94374,-98.05411,187.75598,110.2515,-101.36618,213.56677
202.32558,77.248886,51.982693,-120.05331,154.35425,92.32246,-91.438065,214.00055
203.08868,92.04627,41.481895,-118.119316,160.1052,108.23974,-112.68855,223.05203
202.93303,78.016426,42.537758,-121.29934,156.70209,98.168495,-118.420975,211.88434
183.98795,104.80935,25.792006,-117.91269,138.87347,102.11963,-122.9402,210.65671
190.34508,76.17291,39.42851,-110.275215,150.10641,84.89669,-118.05997,210.14912
215.03546,89.41756,16.19778,-140.61284,162.1129,93.265526,-100.84778,184.58917
204.49464,72.54309,35.264866,-102.16473,173.81393,84.81538,-135.35031,214.32434
201.08907,66.04213,54.631046,-110.7353,158.75551,98.52869,-110.67726,208.101
197.15428,70.62047,12.51259,-115.55794,159.33078,80.91782,-96.606415,160.74828
200.81848,56.793484,28.002645,-106.08757,168.24405,76.500725,-109.705246,196.68109
208.78697,84.60053,17.757162,-141.85596,151.95235,81.4098,-105.77516,195.61139
182.10574,74.5,9.729189,-103.525406,149.55,69.6183,-125.79176,187.44748
201.63039,77.945496,17.433126,-134.33273,149.17918,74.07774,-106.95238,194.70712
217.91756,65.07544,14.753494,-130.25,174.18422,65.55254,-118.41469,212.9312
204.55333,113.91005,-1.628121,-132.14284,156.27016,72.86446,-117.660034,240.67221
195.93701,82.35176,27.731705,-136.2953,137.7551,70.0816,-140.02812,208.59099
192.59088,92.1968,-12.723348,-129.90665,141.64876,71.460014,-130.26918,179.43889
218.6927,82.615074,-8.119507,-127.714836,177.348,69.97422,-124.215225,204.63858
197.22133,82.34986,-2.1204953,-119.79432,156.32191,49.165104,-124.40297,221.15118
196.7187,62.361847,-11.437754,-125.13454,151.52914,45.767727,-117.20477,175.30199
209.47614,49.55048,-6.560319,-138.58932,156.8474,36.408558,-114.44162,162.5435
187.31123,90.06803,-15.00886,-110.251495,150.4365,51.23261,-136.5492,205.98688
198.39166,85.84434,-33.960052,-126.47641,148.80428,37.651722,-101.55771,188.35179
205.14873,52.069664,-29.347406,-137.7543,149.24689,13.291808,-115.57294,170.13242
201.8056,48.787807,-8.519084,-138.44814,146.54698,14.400108,-137.15456,189.49231
214.00117,62.355835,-24.276644,-139.58275,160.53127,32.82549,-128.92426,183.3024
205.0061,49.29503,-12.792556,-137.47247,151.63269,17.736637,-132.72844,189.37119
201.58931,60.112396,-26.685997,-115.4461,162.8014,26.492216,-136.82689,181.28336
192.82376,75.6786,-19.76945,-140.84506,129.75676,6.1188707,-91.49654,180.96686
210.47328,60.45246,-32.955887,-129.21788,163.1794,27.374376,-122.26613,166.41426
186.03561,59.516804,-26.33861,-128.98972,131.46556,18.118244,-131.50017,171.2586
206.6162,72.45861,-35.66269,-137.89919,149.50491,36.187534,-130.12148,150.9354
201.39326,56.037933,-43.894676,-131.23987,146.57729,3.4361007,-129.94385,176.79211
199.74797,82.207054,-46.549324,-134.35411,140.00807,14.242727,-123.72424,194.11826
200.37527,49.56057,-35.819885,-125.484024,152.1531,-10.710287,-120.707794,194.70926
190.53412,87.01293,-38.7064,-137.50609,125.79472,6.453764,-103.12225,192.04321
197.79851,84.588715,-52.809643,-134.79094,134.68448,4.3282976,-117.53938,194.6951
192.25049,86.39011,-63.195793,-114.2988,141.00574,11.469484,-132.18587,182.08647
200.39212,80.08433,-69.16043,-135.92505,130.01953,-5.7341876,-112.278946,173.4403
195.39319,94.97894,-62.008144,-133.73596,128.50017,-2.8615935,-125.40985,202.36801
188.04587,77.93587,-50.646267,-135.55203,119.86277,1.051503,-124.35382,176.94174
203.95465,82.26482,-75.47243,-128.48828,139.33188,-0.490319,-124.16281,173.21844
185.71887,57.48478,-46.756935,-123.2544,130.33575,-27.082514,-129.78375,184.15201
168.60327,81.33419,-65.27557,-116.84965,102.330925,-23.610518,-107.23001,171.57535
197.43433,82.82813,-79.99081,-144.17058,108.66366,-21.735971,-90.68361,132.5836
196.17976,67.32199,-78.186485,-135.62335,118.490005,-14.641119,-139.59024,140.74515
194.08005,82.2196,-72.98983,-124.31721,130.05971,-11.175134,-142.08122,180.92566
213.03404,70.33891,-73.4466,-147.40108,134.8346,-11.483837,-120.182556,154.15009
197.51836,79.572685,-78.43465,-150.53244,100.78503,-34.231606,-139.1414,165.90398
174.68275,98.52062,-70.06194,-130.13086,92.73195,-10.356473,-150.08499,168.96399
186.3218,64.41516,-82.61139,-119.291,117.385864,-22.107592,-121.60777,139.20184
206.99155,76.94804,-95.41211,-124.49014,134.81354,-26.655848,-102.48245,161.00136
188.29182,66.63004,-80.637695,-134.83356,104.058846,-38.27206,-121.60933,153.59595
195.53836,68.56976,-99.22396,-129.55759,107.96288,-31.481691,-130.72568,119.622604
205.41666,77.17674,-91.81001,-143.91043,114.19813,-29.139322,-126.38695,155.01419
195.92984,96.13564,-98.66592,-121.587715,118.311195,-31.531294,-137.87396,185.25723
198.19955,108.81895,-111.95461,-107.69098,123.495735,-40.780582,-99.00336,204.70906
201.7015,101.328674,-108.48669,-130.49191,109.161285,-54.045437,-83.03656,179.58102
191.23872,114.205956,-108.9285,-129.42735,88.53252,-60.21242,-108.52237,189.75114
176.20442,73.92564,-94.15549,-113.92454,96.04852,-39.842987,-120.9111,146.42383
201.50201,77.55683,-106.94465,-132.22754,107.68927,-38.2316,-104.46211,130.29631
195.23592,105.066124,-124.13596,-120.303055,90.8411,-47.525272,-121.91112,163.26686
192.54756,88.33468,-118.81028,-112.787125,101.21312,-44.222614,-120.66736,146.70985
206.85321,92.07207,-134.80183,-121.49201,99.16807,-52.61368,-97.43413,132.22812
174.51736,104.84818,-108.40106,-112.30674,78.156334,-51.621872,-111.86096,166.00644
176.36469,54.618134,-107.47651,-103.525345,94.07383,-63.907604,-102.138336,127.32149
196.3142,85.64106,-120.75802,-129.0673,84.88058,-60.163685,-81.717224,122.21994
198.1947,62.123363,-113.83604,-124.32247,104.42002,-61.342575,-110.111664,133.61624
204.25291,88.63417,-135.13727,-125.4452,87.76355,-55.945976,-121.66736,127.7845
194.90793,96.81038,-132.31244,-121.668495,75.40567,-58.7849,-120.68648,137.71811
196.4822,94.30604,-124.7074,-121.01546,91.836266,-53.71594,-118.03342,153.80435
183.25581,121.186905,-120.095375,-116.45298,75.29188,-50.559776,-100.54741,173.43607
218.1986,114.00961,-134.4058,-155.04979,74.441345,-63.011387,-93.50426,138.06401
206.49606,101.019356,-145.2159,-122.016426,81.73654,-63.44929,-145.20369,137.23239
194.61469,111.823006,-137.90508,-110.029274,81.52892,-60.740932,-119.92363,161.7671
203.30579,111.96997,-158.50285,-98.23904,81.47882,-60.414383,-102.39145,134.62735
200.89635,107.01289,-144.32852,-125.534676,60.823563,-89.815605,-85.62373,144.1578
181.31743,86.626816,-126.79556,-105.46196,75.11975,-60.468784,-113.00778,130.15623
176.05713,111.17919,-139.50024,-98.41715,42.644234,-67.165726,-91.44682,127.05617
187.37267,68.785904,-130.21216,-114.13767,72.29249,-72.43324,-94.09422,103.71029
218.85706,101.0106,-172.08437,-102.804634,87.54858,-79.801476,-95.195984,129.49419
183.1903,104.77237,-134.08394,-108.46074,62.39653,-81.402245,-97.45468,152.0798
191.69641,110.26339,-159.30972,-89.14609,58.082428,-69.22028,-100.24576,119.96196
185.11623,83.9547,-142.97047,-99.86176,61.595047,-79.76429,-80.5009,114.07332
205.75531,123.91731,-165.50175,-112.0001,49.456802,-70.23859,-94.48845,125.58917
198.28802,103.617386,-149.2358,-112.34502,66.637856,-75.01705,-103.60252,139.03032
194.37628,89.66082,-149.48112,-102.59653,70.05106,-79.65363,-100.9023,126.248215
192.10478,96.28084,-152.52751,-91.98781,71.63206,-87.345406,-94.03664,142.90286
177.71048,112.31992,-134.156,-100.074974,59.749508,-71.23621,-80.99394,150.93138
188.16753,106.445114,-155.35953,-92.90615,51.009964,-83.46047,-78.12761,127.904144
198.613,100.963486,-153.2504,-112.740776,57.201057,-77.528854,-83.44043,117.48166
194.13171,101.82951,-149.72655,-114.25884,47.052853,-80.85648,-102.76361,121.03702
192.99045,129.26529,-158.32965,-98.51475,50.488823,-61.77107,-111.56923,135.10043
183.63228,98.87018,-154.51872,-81.194016,56.59362,-78.21487,-96.731964,117.71003
190.37495,93.60055,-151.84471,-99.15043,58.44119,-89.92776,-81.31647,125.66986
190.62415,100.80582,-155.90569,-102.870674,37.82136,-86.73282,-89.24657,110.16495
189.15106,97.02834,-168.66557,-73.31929,43.88059,-85.373024,-95.776474,88.48524
195.43541,72.83972,-154.93625,-97.0729,69.46331,-97.32241,-77.69913,108.68866
193.8985,111.12071,-168.62604,-86.14842,41.448986,-97.28801,-83.05678,126.40263
188.94179,89.22023,-156.92706,-92.94706,49.049896,-101.43815,-76.98801,117.049225
190.20598,111.86962,-167.42995,-84.12522,31.63209,-83.10575,-77.548004,105.46065
179.40683,58.99841,-144.65688,-94.427795,48.439957,-101.917534,-82.91974,87.34741
199.33781,111.002815,-179.15466,-78.11225,39.47414,-84.081795,-77.69293,95.690674
180.60056,88.87421,-154.65363,-85.06325,37.600235,-104.52033,-60.323635,107.25108
174.93748,76.89481,-158.32343,-73.63518,11.428482,-109.00675,-71.315674,69.91524
200.91743,92.00543,-172.79033,-99.57396,25.305298,-100.71087,-59.59293,65.54051
204.91232,80.36985,-178.33238,-90.050865,46.3009,-101.99081,-94.536285,71.42807
185.74596,84.56839,-168.85435,-74.89208,20.163078,-112.32095,-85.69972,82.31639
204.94527,97.60155,-185.2486,-85.88608,17.07406,-102.232704,-67.8365,64.697754
191.50865,41.47458,-161.28104,-92.89679,45.04068,-127.85082,-71.5565,57.07126
184.75525,115.18199,-157.50461,-96.61992,-3.7233143,-99.875916,-78.10741,93.99533
188.83197,110.4084,-174.18663,-73.03482,3.0633337,-94.99531,-72.56865,79.62771
178.0327,65.892075,-162.34488,-73.231926,-1.0850719,-124.4424,-55.690437,49.51091
179.07231,56.981495,-162.31705,-75.66923,0.53197646,-133.01054,-47.700054,40.786873
184.14413,69.819855,-167.79543,-75.030075,12.204977,-110.47384,-47.273396,41.0495
181.91344,81.7022,-168.56113,-67.54369,12.172958,-94.482895,-56.75129,44.93792
168.25447,71.202614,-154.58443,-63.964527,-18.15087,-103.34011,-57.383198,30.754925
186.09138,75.35647,-168.038,-78.95904,11.787236,-100.353966,-49.88108,27.732655
174.77132,107.05635,-160.11285,-68.90918,-12.159748,-101.85376,-51.129154,76.49599
177.71646,68.71115,-163.63805,-68.86492,7.0072722,-102.951996,-47.486515,30.998997
176.74556,85.42916,-158.35086,-78.672874,-1.8181235,-103.62205,-38.350506,50.44321
200.16113,94.219246,-182.60754,-81.934715,0.043371398,-105.48249,-56.853664,48.466263
172.5145,97.068596,-159.95361,-64.67887,-4.121002,-108.20314,-68.80148,77.97005
198.30347,124.24788,-187.28336,-65.14215,5.009839,-85.09209,-42.29996,72.29163
185.84035,78.08619,-173.52177,-66.551765,-1.7713561,-124.081665,-49.2969,56.03779
166.682,79.16156,-154.7226,-62.007263,-0.8676801,-103.13503,-59.38709,59.139553
181.51747,101.424126,-174.47507,-44.677773,-23.01465,-103.0477,-46.560516,49.141132
165.8428,76.15538,-149.16307,-71.6776,-12.177066,-102.4307,-27.304413,28.742353
182.0558,86.40466,-171.77765,-53.40122,-28.15083,-113.86761,-36.80357,34.444126
176.42421,104.19401,-163.934,-54.949074,-35.22067,-107.30311,-21.988388,46.00226
186.15182,77.54034,-178.03658,-46.563328,-28.00571,-116.10053,-30.828197,15.771615
175.45522,75.72483,-161.81816,-55.53969,-39.378845,-115.83669,-28.963741,14.781901
183.53648,65.611664,-170.39375,-67.138794,-13.337651,-116.80302,-31.508764,0.2615807
183.71245,73.459595,-170.92152,-65.9249,-14.209181,-115.132324,-34.402645,22.42122
159.55093,66.151344,-155.46059,-35.642776,-4.195726,-101.538734,-39.35727,33.731483
169.26167,86.97162,-157.90387,-57.99656,-18.909128,-114.09653,-9.196697,37.673702
167.48676,84.28078,-159.22041,-46.4998,-23.31486,-100.3081,-13.037342,26.612803
175.95969,103.82196,-168.75165,-35.25887,-35.113068,-101.7415,-16.252792,41.587196
188.2578,88.26814,-179.01566,-50.17182,-29.919006,-114.9159,-20.497063,22.539364
163.61406,76.92214,-151.20816,-58.192528,-23.347263,-126.410614,-11.71545,32.621464
189.2287,103.849724,-181.48582,-40.268127,-34.740414,-106.43519,-30.35297,36.37743
162.14885,100.72239,-156.54631,-29.891836,-29.632462,-119.4562,-3.9617844,59.816143
176.47946,65.16325,-170.09329,-32.865772,-33.71608,-121.95423,-14.392883,6.017433
168.47032,82.84662,-156.58408,-46.7797,-40.835125,-119.64373,5.121498,11.756337
179.0316,88.3544,-172.26677,-42.524185,-23.965307,-97.7217,-14.223881,13.896621
159.05443,46.645607,-153.63365,-30.561245,-27.033504,-124.3877,-10.21183,3.359935
161.96547,83.9345,-150.86726,-38.500683,-44.903202,-109.7457,3.5151901,14.681367
145.07777,83.57818,-137.12535,-36.75993,-29.331594,-88.89426,10.605442,19.957739
149.85744,85.55882,-137.93126,-28.725714,-51.139526,-94.353935,13.94788,9.302311
155.07277,62.442474,-150.86183,-19.016266,-30.851576,-100.97492,1.1714859,1.1696856
159.39906,75.61952,-150.27617,-22.77859,-48.387405,-107.92878,13.492931,2.5674975
166.80377,80.84128,-156.51982,-17.3575,-55.058475,-96.77121,9.786419,-7.6747932
163.17725,86.11185,-145.14882,-39.455395,-62.542984,-103.8061,3.4439735,-1.0554636
161.37166,84.70685,-150.67389,-22.619875,-52.985344,-95.6279,-5.138752,9.315002
155.12677,85.87345,-145.7756,-3.5478292,-53.27373,-94.700874,0.10339737,15.750348
158.71535,106.12169,-144.1579,-34.677032,-56.601273,-89.4148,20.834486,15.394687
172.77388,85.68875,-155.12968,-16.650166,-73.80765,-98.88416,10.836872,-15.688291
167.59251,85.30241,-151.08833,-30.619469,-65.87514,-96.57322,7.664753,-12.658023
147.34314,68.90029,-135.18202,-10.766072,-58.013966,-96.93061,15.725021,-6.7839775
152.78908,94.876236,-138.61519,-16.129026,-62.540382,-76.16922,29.36056,-7.409052
156.84785,74.10465,-139.3619,-10.036644,-71.12517,-89.2143,20.676773,-26.705189
121.434135,40.376354,-110.8431,-13.436839,-47.414864,-91.391846,17.696426,-30.401255
132.49905,53.75872,-124.07596,-7.726784,-46.114067,-89.0588,30.747738,-33.820034
154.93869,87.89767,-137.06242,-14.1781025,-70.851006,-90.159615,39.74169,-19.854576
152.50656,90.47099,-141.63446,9.96671,-55.780903,-69.43036,29.60194,-4.9554787
147.89607,88.53389,-131.88084,-17.157263,-64.42081,-94.15513,44.925632,-14.188347
121.97336,82.06095,-108.36899,4.5686736,-55.485386,-70.50988,27.8301,13.379855
133.30417,85.87491,-119.960625,-10.621393,-57.192368,-71.401115,28.685823,1.2787168
148.74895,92.598595,-130.24014,-15.631329,-70.46356,-68.521515,24.302252,-14.010322
144.38924,83.76753,-133.5979,-1.4166683,-55.16,-68.64214,24.569435,-9.236462
132.82037,104.31802,-111.44841,-5.0550404,-71.88943,-67.51644,43.105026,9.35975
148.98741,107.45813,-131.54167,-11.638805,-69.21769,-56.58603,38.177288,-10.74709
143.18956,101.66366,-113.75751,4.578175,-86.350945,-59.462723,20.416128,-2.0444744
126.98524,82.610535,-119.34486,-9.350697,-42.200863,-54.93231,22.910622,-1.412997
142.09944,102.96237,-118.759865,5.001842,-77.257416,-69.05809,36.478382,7.212859
142.56578,85.79773,-127.08057,9.513808,-63.983612,-62.118313,31.780788,-12.407608
121.40531,96.39632,-105.95238,-9.355964,-58.59338,-65.0091,38.385242,14.770965
143.53484,108.72442,-117.95948,-5.5729165,-81.398155,-64.10125,36.624252,2.5809681
150.13411,117.80174,-132.02684,2.2309494,-71.593605,-56.238476,32.50713,12.89522
124.54819,88.682014,-103.9931,-1.985666,-68.290375,-71.26161,44.266983,0.1946528
147.51357,97.96045,-125.70247,-9.101973,-76.78787,-62.775154,38.097584,-17.979742
116.83321,92.55404,-94.82107,0.8612687,-68.233154,-50.07651,30.08833,7.450076
119.630684,94.4206,-95.52476,18.641302,-69.64466,-41.231243,31.858093,6.6988525
114.211426,64.81898,-91.25243,24.288994,-64.16157,-40.98984,47.025494,-30.384268
118.040245,94.006645,-92.58282,11.060045,-72.73321,-41.071907,62.89781,-13.373272
126.22005,105.23782,-93.44692,7.0038123,-84.74828,-28.538202,45.867126,-11.546358
135.13512,86.70928,-108.548294,3.0507433,-80.59444,-45.062313,44.569523,-38.944958
129.10945,79.098434,-95.339905,18.433014,-85.03355,-60.65463,41.534256,-18.143688
120.12181,95.9847,-87.39559,6.5047946,-82.06974,-43.725094,48.901226,-7.838152
107.836975,61.0,-91.621925,6.343609,-56.789394,-55.415985,50.803905,-36.69533
120.93516,98.93843,-94.659645,16.305117,-73.73043,-31.22934,46.532875,-4.434291
119.40687,74.716545,-95.83721,-1.3392571,-70.91174,-50.240883,45.21718,-34.209473
135.79488,72.3343,-111.91777,13.998939,-75.54659,-52.038563,38.30421,-42.9475
107.89115,83.75112,-79.48181,7.79136,-72.593475,-35.734077,43.58007,-10.910604
106.37346,67.908485,-85.66808,29.347704,-56.133312,-38.537617,49.488632,-11.593615
112.14751,87.20952,-70.107086,17.91151,-85.841515,-47.68214,70.98996,-20.31087
125.06723,91.119774,-89.28574,28.010553,-82.69,-37.136715,59.975986,-15.386313
122.54489,106.367584,-76.140045,10.903486,-95.60031,-33.04469,65.70854,-15.242611
128.2841,88.416985,-80.620445,14.959517,-98.71211,-42.33667,61.419014,-33.38627
101.18547,63.624386,-70.63095,24.029642,-68.394745,-33.49769,66.25844,-38.31609
94.567764,86.726585,-62.127117,20.624418,-68.37418,-20.499218,78.40411,-17.817673
107.97403,64.73262,-82.07875,14.914823,-68.67285,-29.533476,51.425705,-56.819527
99.285255,81.69159,-61.03779,13.006974,-77.24413,-15.022299,39.85341,-15.423932
114.70751,83.30376,-71.526436,12.6248045,-88.729614,-14.964143,35.26832,-31.596388
117.59205,93.55087,-75.82775,7.6103635,-89.42153,-10.113752,37.70969,-30.298824
101.53763,67.215256,-64.746506,26.77163,-73.67437,-26.417871,41.71533,-20.279377
98.239586,91.842255,-59.578747,16.175018,-76.08157,-14.806948,53.12048,-5.068879
110.001205,92.02717,-57.870743,7.9615345,-93.13703,-20.043184,56.80537,-25.153885
107.68501,96.290436,-63.32504,22.859745,-84.24002,-4.337637,42.22157,-10.586087
104.3169,94.18534,-77.026054,28.866304,-64.1463,-6.622324,55.669773,-7.1790686
105.93,83.61827,-66.349236,19.743078,-80.39509,-42.352776,68.13971,-16.283297
108.54609,97.578674,-61.330856,26.343294,-85.92951,-9.49555,58.963463,-10.244916
94.898926,71.93359,-42.46712,24.62237,-81.34751,-11.397839,55.11544,-23.783478
96.87151,78.00615,-51.879173,25.367195,-77.81359,-1.9853575,54.415936,-25.430832
98.399345,82.5747,-50.955524,24.04081,-80.65439,3.1883142,59.921547,-29.605133
91.95568,76.251595,-49.472637,25.307676,-73.680885,3.6052225,61.433723,-32.353916
119.183586,73.66913,-57.680504,46.063835,-93.40748,-9.086287,65.013535,-41.790066
94.11016,64.994354,-33.628258,32.744644,-81.32358,-28.283121,72.581985,-30.448177
93.60324,92.05569,-36.950573,24.003342,-82.57279,6.684368,69.838776,-16.052813
105.32125,88.09088,-59.606773,25.845886,-82.54907,7.4922466,56.804066,-34.492218
71.72789,49.472214,-38.392933,19.50862,-57.60127,-12.7808075,60.210598,-44.070274
115.449394,93.93116,-56.24255,21.062117,-98.76679,-13.862728,70.04237,-30.45501
90.6094,78.85915,-38.46476,-0.76817435,-82.21489,-9.834799,59.550842,-40.076443
91.424835,77.783455,-38.2581,16.400688,-81.53477,7.801757,45.2489,-25.595905
80.60019,71.293846,-32.303333,18.32925,-71.57416,10.958765,56.018894,-28.847301
85.09636,82.48182,-53.140907,15.953799,-64.657135,10.786402,51.20353,-26.175655
104.41414,84.29116,-49.802708,26.65729,-87.80686,-2.434292,50.541496,-22.716557
76.96915,64.86765,-27.226727,14.993408,-70.52339,3.7299144,44.743088,-21.73097
102.76095,105.038086,-25.65799,11.295787,-98.77963,12.678555,57.412857,-12.6619625
89.47206,91.083755,-20.182903,19.471468,-85.00567,19.071365,54.48379,-10.4614
90.635605,76.11176,-28.660921,37.422398,-77.141495,21.24409,59.667065,-24.288015
98.02328,91.72377,-34.146072,24.216223,-88.67921,-5.79183,86.85033,-28.132904
89.37596,63.780876,-26.534775,38.788673,-75.85623,10.587744,70.87105,-35.7548
109.19621,116.55149,-34.187405,14.663786,-102.79751,21.302946,71.33884,-17.289007
95.45058,77.500404,-27.642775,42.554905,-80.827385,20.051376,54.073154,-20.98566
89.10808,71.1429,-17.248116,41.495262,-77.074745,23.789522,57.86775,-21.165092
91.78269,99.3592,-20.070814,18.09948,-87.787186,17.618355,69.26926,-11.694855
91.225,89.897514,-15.791025,28.759338,-85.10227,33.329796,64.13606,-18.364473
72.65372,110.11017,-30.023045,20.764034,-62.676983,45.01165,68.13257,2.770632
81.39602,87.66128,-15.633875,30.634823,-73.644745,12.4109535,76.01068,-4.2946053
74.681404,82.304695,-6.8086805,29.389967,-68.1816,25.567854,65.57979,-2.0383537
73.60197,98.86354,-17.268415,4.142601,-71.48954,25.22693,72.82056,-14.272707
56.455734,81.549065,-21.467453,13.752924,-50.451145,33.777496,51.172287,-3.039683
81.76185,112.01451,-5.1136775,24.111923,-78.2133,40.542374,50.89438,20.535479
84.98235,123.74975,-30.3805,8.973415,-79.07751,40.854717,61.101826,8.093645
88.7257,104.52751,-17.666742,24.17582,-83.71102,35.690285,45.016262,3.401417
90.689026,95.96353,14.474031,32.58989,-83.59037,38.501434,54.2763,6.3288174
81.174194,100.34939,-11.408514,31.69492,-73.95371,52.325363,56.508396,-0.13195777
75.20971,99.12114,3.8689673,9.684348,-74.56007,54.3615,71.32674,-15.251619
96.65532,88.72147,2.8008182,31.190165,-91.6944,39.85658,44.51121,-12.224519
72.70488,73.87151,11.3784275,26.0906,-66.78834,40.490078,72.17462,-17.045063
75.188095,84.35787,6.504003,20.569876,-71.94425,44.79138,74.67294,-19.359716
75.079956,91.855865,-22.452085,23.177717,-67.872696,55.306362,49.425137,-25.280983
98.41875,136.24335,-11.915831,5.8257685,-97.4092,59.07369,46.74916,11.5698
78.74643,68.66222,25.188261,25.77007,-70.14964,57.10515,31.562332,-9.420831
96.50906,120.44501,15.4774275,25.194225,-92.00127,71.52865,67.85336,5.0914307
67.13047,74.567085,1.6921438,40.48812,-53.567383,58.91963,61.862656,-10.671107
82.87943,110.074974,15.807496,22.960154,-77.81142,57.58337,67.631256,13.263928
68.154236,91.079636,24.110302,10.20751,-62.93121,64.563995,66.64911,-4.3392553
55.946404,81.45551,11.661239,31.187357,-44.834984,76.91778,58.1374,-4.0506783
68.26602,124.59936,2.3583639,10.06064,-67.27664,67.80015,69.76224,19.659025
76.08055,111.80004,19.030722,5.2289786,-73.2896,51.18413,54.613457,21.579876
68.377625,117.363754,12.6763525,24.379013,-62.5669,79.93835,51.7008,29.99122
83.886826,126.15665,21.22209,14.1054,-80.077805,82.31181,57.662907,21.698475
68.73318,99.81107,4.2153254,25.995787,-63.469753,83.091225,49.182465,-6.769644
65.19969,115.888954,13.200623,18.904367,-61.209034,84.56403,53.490307,23.223913
61.07782,117.768845,-2.198814,27.286057,-54.37795,85.02792,52.06137,21.093729
76.106834,104.94046,28.917747,23.115608,-66.54121,58.876198,54.58796,28.77315
72.42583,128.0781,1.0006474,23.714483,-68.47939,77.46933,55.49268,29.583702
75.01,123.36658,17.327522,20.494366,-70.13703,65.49025,62.873863,35.479744
64.689644,103.13826,18.672451,20.570274,-58.300735,70.802864,60.927643,20.50204
64.44232,117.490425,26.938095,-1.3016027,-58.365192,84.9525,64.840485,19.440449
81.954636,144.27058,5.853532,16.691757,-79.99417,99.91035,39.84298,27.065586
83.546394,123.2145,16.022469,0.027697554,-82.46627,75.41639,49.304646,14.471
66.32732,103.216095,30.345997,10.304549,-58.08141,85.383736,47.568806,20.978844
75.70502,120.54978,23.78662,30.47939,-65.45447,93.00736,64.0927,28.31518
83.09783,103.89418,38.162544,20.37654,-71.10612,80.961876,52.38809,18.464472
72.33991,78.65113,37.933907,13.862115,-60.02295,74.956314,54.649857,-3.5705554
66.52819,106.706375,41.20248,12.015396,-51.23702,104.27675,57.0479,21.997532
64.1658,106.27323,28.668104,12.986915,-55.642097,85.697464,59.020626,20.698378
69.722664,95.34412,31.077368,7.3988547,-62.2928,71.58315,58.048023,8.470562
72.892044,91.49898,31.722778,14.927253,-63.83038,84.704796,40.786964,6.3228693
65.903336,112.179825,38.117245,-9.588408,-53.098293,93.45844,44.852898,28.114882
72.086754,84.29116,49.352245,6.4310675,-52.11409,91.652336,27.554546,17.979473
87.265396,111.8537,49.17048,5.576494,-72.48884,90.86375,47.040432,22.65099
67.77537,98.90936,29.670307,1.4862233,-61.1628,89.5928,45.845535,4.448596
82.59692,93.242966,58.620556,6.0534887,-57.743214,91.31078,50.408504,17.25032
59.061543,100.36815,20.780262,21.177414,-50.513916,90.710335,55.02869,12.826019
66.372055,93.461555,32.233986,11.535606,-56.580505,54.879005,63.7907,17.287832
72.507324,93.14505,51.600803,-10.268591,-49.954388,73.69361,53.717014,14.123314
85.511696,99.7554,58.585167,-13.058191,-60.691437,81.842415,33.61421,24.12287
85.68046,119.25033,52.195446,3.5661974,-68.23769,105.71966,31.008945,34.660923
59.45166,83.27749,43.474766,-6.5439525,-40.05566,98.85821,40.15481,0.95566773
66.73373,93.843704,30.938751,3.380126,-59.109734,81.17287,52.96161,3.0420039
85.207466,107.552315,43.525696,-6.2722692,-73.19883,87.02746,43.2308,12.237864
65.831345,79.88725,49.3931,-5.8598967,-42.79931,90.436455,38.786034,8.925185
71.14817,93.82239,48.878124,-7.765127,-50.900623,82.71346,43.647675,19.53183
67.73204,98.692154,47.379704,11.0746355,-47.454144,82.34928,35.463596,42.07028
80.406876,122.0717,48.7003,4.145528,-63.66366,88.93792,55.605747,39.20011
60.984756,96.24391,44.151836,4.378395,-42.27574,96.480225,54.75787,21.240454
74.710175,108.16242,54.709118,-3.2173555,-51.33368,85.83097,49.55308,38.25956
79.39,133.00249,34.48503,-14.582843,-69.62147,94.25493,40.782272,34.659794
70.47621,85.640724,47.510395,-2.5761929,-51.915447,95.39456,30.002522,11.265731
75.736206,105.96254,52.860004,-3.3123767,-53.695038,102.61336,43.770355,26.86177
74.47751,121.73471,35.11366,-9.846468,-64.85888,89.780304,44.540714,28.69219
74.601395,99.70582,59.36416,0.33327442,-45.03032,93.29795,39.84439,40.19349
98.39323,117.794846,71.40963,-14.588164,-66.31112,95.058876,39.446278,36.12916
68.70843,102.50688,39.76538,-14.299163,-53.62641,108.95264,34.494156,3.5139058
100.45023,110.49832,70.44865,-31.976707,-63.93028,102.18899,26.923424,24.18882
85.63887,88.56762,66.95088,-11.893996,-51.640446,103.58573,8.784925,25.998999
87.27581,116.80662,64.55481,-27.448685,-52.056133,111.46789,42.397682,29.275503
90.46669,87.103745,68.51935,-11.304758,-58.183575,101.686226,24.9381,14.3656
71.40039,62.120975,57.01371,0.119625635,-43.178524,96.34549,23.234634,-0.9604442
105.6897,139.7945,74.417435,-46.279102,-59.34846,113.00021,41.263992,43.405403
68.937584,94.98824,53.780872,-15.39255,-40.342327,118.12186,-2.4965954,28.586407
77.05234,126.42593,57.241512,-25.740004,-45.22037,129.3926,13.18424,50.653595
84.46301,107.242714,66.95409,-22.942015,-45.767002,119.99785,12.980186,40.194237
96.631065,81.89628,84.01964,-22.810472,-42.3154,120.98588,14.265312,21.20429
107.09728,115.83231,80.27115,-47.094707,-52.86116,115.08282,32.157608,24.422619
102.5381,83.245964,84.9486,-34.289795,-45.76825,119.06011,12.367715,14.438312
79.15688,99.39221,66.6651,-14.381475,-40.21586,133.92815,20.884102,24.416567
78.28554,138.18579,51.13157,-28.172173,-51.862186,128.65031,35.614197,42.811546
86.99138,118.65312,62.569378,-35.424652,-49.284878,129.8217,14.473457,35.219673
71.913574,106.74971,52.67177,-25.07067,-42.244343,121.30596,-3.3971214,37.424747
91.6822,138.70946,68.665535,-41.745552,-43.614197,128.31258,7.950096,70.89621
88.330345,119.6312,64.88412,-23.454302,-54.846043,127.83312,4.2159214,42.954514
95.3782,100.78504,84.002304,-21.072361,-39.541157,127.6386,23.831964,39.458324
91.134514,115.92697,80.484726,-24.58552,-34.71845,134.82901,39.56072,44.655125
107.81379,118.51081,75.483765,-42.822414,-63.704433,132.04518,28.55212,12.401125
82.390076,116.120895,60.828995,-32.802982,-44.83731,137.74553,3.417633,34.091644
91.078606,127.96703,62.277473,-32.585236,-58.28998,129.06099,19.58004,38.12875
105.959015,134.00793,65.46269,-31.821169,-76.81307,124.34873,14.956844,34.104492
84.091095,107.792915,63.588852,-41.6749,-35.52707,121.23443,18.854654,31.724335
73.822845,119.71346,58.831882,-26.591463,-35.69124,128.51054,14.990666,52.17999
107.31853,120.985085,77.13371,-40.01538,-62.91502,109.788345,22.905506,34.88556
105.05624,110.61928,83.31229,-34.529694,-54.17199,117.018135,20.355667,35.846672
82.34455,115.11143,70.21931,-30.773108,-30.265903,141.68202,36.822296,29.684547
97.22815,115.42016,82.45996,-28.157705,-42.72829,122.01442,36.41199,43.82064
98.357765,141.34096,50.506275,-49.94876,-67.66509,121.39903,26.912918,26.780119
102.39415,128.47087,64.72472,-43.808758,-66.40992,138.83612,-6.6587944,32.375477
89.36757,147.7574,52.802174,-51.761665,-50.159584,149.30148,-5.9021454,52.03612
93.41582,126.56773,70.07608,-39.93437,-46.945198,122.72271,-3.2077255,62.42856
79.536545,122.09755,59.81177,-40.22405,-33.780396,126.46282,8.493532,55.96107
106.373825,99.40764,76.645836,-40.23092,-62.344234,107.71766,-0.97055244,24.451275
106.67825,91.41013,84.48333,-44.040745,-48.160233,119.772285,4.2875137,21.39898
89.27214,105.05958,61.847176,-54.18006,-34.95615,128.73218,5.6077137,20.204659
92.848755,97.43275,66.40053,-34.429222,-54.624424,114.00187,5.399788,19.977074
108.626015,89.31967,80.78561,-44.762623,-57.039314,102.83129,4.6807957,13.592147
115.94302,128.3074,68.17962,-63.538948,-68.520584,134.58876,9.583303,13.482528
109.611206,85.16487,81.75838,-47.814587,-54.739944,131.10553,-26.692635,10.756702
110.80556,129.2528,70.11205,-68.82263,-51.349472,147.1898,-9.615829,33.701004
90.579544,101.19511,56.88378,-59.89281,-36.815624,128.12373,-22.183098,23.540163
85.13781,114.36541,62.804054,-37.229164,-44.229042,127.8928,-34.427353,49.8295
90.18531,102.370514,48.368977,-56.419025,-50.783176,113.0528,-14.123287,15.589751
111.734344,106.919235,74.968575,-64.56533,-51.802982,116.29649,-14.44397,32.816727
100.691376,88.31513,75.9685,-47.648636,-45.959267,118.71598,-33.478683,29.849459
98.93566,108.35849,61.144848,-54.194847,-56.253216,109.87677,-15.807304,33.186115
107.71434,75.1017,70.91785,-54.56982,-60.127323,102.83874,-18.82929,-1.8700683
86.736336,92.65739,56.46205,-56.901882,-32.95533,121.04352,-17.232744,20.35715
93.13775,91.56453,71.398,-44.674686,-40.377857,113.176094,-4.272869,31.14544
102.41612,93.588524,63.688335,-60.91764,-52.47451,103.05387,-7.464365,14.192897
112.38883,88.80492,72.04291,-66.673515,-55.199245,111.74047,-28.959814,15.086942
88.77957,97.642204,62.731274,-40.739136,-48.448746,129.80556,-38.538532,23.452034
109.21431,78.6547,83.153046,-47.227524,-52.792248,115.82063,-22.06243,14.008592
96.76978,64.129875,76.36692,-46.40188,-37.446995,115.77354,-8.978226,-2.584296
105.629364,84.16836,79.21286,-33.856266,-61.284653,115.52395,-4.693796,9.047632
89.53779,96.138245,52.18086,-58.104603,-44.361443,116.90815,-12.856281,10.7423725
94.54761,69.82299,66.46834,-45.85979,-49.14828,91.4232,-20.401646,10.8777485
113.71153,98.525375,70.28256,-70.70048,-54.943806,111.24028,-19.8848,19.409134
99.18795,96.055,69.49415,-51.87385,-48.127823,118.15072,-34.948692,33.060104
86.741356,108.37233,63.76923,-18.204739,-55.749638,127.05335,-18.00776,31.639072
97.55159,115.65141,60.367126,-54.557354,-53.88865,121.81958,-11.3780155,34.190563
112.82287,115.96471,70.87664,-61.970734,-61.772762,128.17418,-16.662836,28.18257
89.926704,105.59356,56.769753,-46.544373,-52.241165,126.738884,-43.482204,26.520126
97.02706,88.79893,60.03102,-49.41328,-58.08076,96.57815,-12.5171795,13.825768
107.779,53.94673,79.76302,-52.583973,-50.419937,84.29682,-13.5223255,-12.595631
99.82767,69.03079,63.37479,-57.91111,-51.05499,101.36419,-17.731283,-10.02268
95.84623,78.39045,60.601124,-46.518105,-58.230366,108.25577,-19.324923,-2.2901027
97.637405,45.80666,71.82357,-52.034035,-41.410347,102.17957,-20.177183,-29.29165
107.114716,58.98517,71.126015,-58.87319,-54.216568,104.83249,-17.987226,-28.452757
95.274605,68.22252,56.098557,-59.62647,-49.491413,111.81085,-30.246899,-22.52364
104.68166,82.266716,68.10761,-54.405247,-57.992535,119.176994,-34.22378,2.6078475
108.86373,112.069176,50.291145,-65.77942,-70.48889,117.62838,-15.230543,2.7895176
102.65019,107.514244,57.745384,-58.845993,-60.814648,121.98367,-33.812126,21.415276
101.99173,100.11899,61.771843,-35.458717,-72.832344,115.06437,-23.81073,11.130559
117.08971,93.233574,73.16419,-58.924828,-69.881714,105.460655,-14.88505,5.434267
121.34455,110.53054,69.799194,-66.53128,-73.5789,115.20346,-10.665722,10.2753105
107.43137,96.27175,64.68045,-61.2996,-60.358097,119.57266,-32.275517,13.016671
90.51105,67.433304,56.008404,-52.257736,-48.351635,91.1869,-12.277658,-6.978944
113.1879,88.60164,59.35993,-60.74687,-74.73255,73.61352,-3.1406765,-8.958362
118.57909,67.27741,74.05036,-52.784733,-76.14977,92.87902,-28.267181,-16.680561
102.06493,81.00309,66.0313,-49.075077,-60.260605,111.70815,-9.789251,-6.0637045
107.51977,96.44817,65.44766,-57.597633,-62.6289,110.850105,-2.4482384,1.3486474
114.34269,83.42212,65.27394,-60.248642,-71.932,105.5485,-6.9643326,-21.262787
92.760445,84.397865,50.71378,-42.06916,-65.72569,107.50099,-16.540157,-8.307272
98.09817,80.38035,62.15489,-52.902603,-54.28306,95.818115,-0.85165787,-3.2980669
111.06079,87.77386,60.43219,-61.80906,-69.59,81.5486,-2.8894653,-7.884802
93.46256,97.75607,52.098274,-58.808628,-50.391403,100.44377,-11.437,19.56002
92.67686,98.49365,52.803436,-43.941517,-61.966866,101.95669,-13.766663,18.01414
105.01071,97.575615,45.31929,-59.400776,-73.905624,89.57127,-9.917807,-2.1874359
99.10726,85.58768,50.834988,-39.37615,-75.69954,88.84839,-14.316574,-2.7902362
108.88756,103.485504,52.328743,-62.155426,-72.5351,98.632484,-2.79875,-0.846503
103.00485,92.05161,52.930847,-45.232666,-75.813065,100.63154,-13.792833,-3.6159465
98.35649,77.903786,60.01479,-42.8751,-64.79207,98.07104,-2.9048843,-9.954379
91.67879,95.0868,32.22143,-55.47618,-65.78565,93.72552,-2.3341274,-16.495104
93.95212,79.86551,40.789864,-38.65271,-75.09662,75.59295,-4.9681168,-11.564247
111.665794,106.89364,55.736214,-50.37542,-82.9167,86.39257,3.4769764,4.450429
107.71374,95.20504,48.223072,-56.080128,-78.71315,96.017494,-2.2621593,-16.644209
86.00146,100.13491,30.346222,-29.153996,-74.908905,101.295555,-14.014334,-5.771163
109.43948,93.62826,53.840557,-49.713875,-80.862175,82.51629,-5.1115074,-4.105358
93.99601,74.6006,42.066223,-39.442806,-74.71375,85.539635,-1.5531025,-26.498571
99.454765,80.610176,40.866367,-30.003078,-85.4367,91.96105,5.9631195,-34.318554
112.27867,89.6005,52.65067,-62.014183,-77.34518,80.050735,3.7614899,-23.709587
110.56927,65.01202,43.18582,-40.90625,-93.13515,82.91982,-19.511698,-46.522995
101.9905,93.09303,32.223175,-44.911858,-85.83355,100.42724,-8.957218,-33.98118
107.075905,58.114113,55.874073,-42.73318,-80.497665,79.380844,-8.009529,-40.582924
112.75776,77.273865,66.61143,-72.15485,-55.647415,82.280495,2.6008167,-46.284462
92.60163,83.59576,40.967438,-34.16529,-75.634125,95.41839,-27.28006,-12.807245
106.245,82.00953,52.135815,-49.766205,-77.93275,83.20205,-7.9436817,-14.746353
112.01451,71.632744,53.263752,-46.45244,-87.109634,90.28076,-15.889181,-33.578365
89.3116,80.02851,34.04263,-45.072483,-69.2205,93.03448,-4.2237015,-34.088238
111.74972,76.52124,58.17502,-31.817135,-89.96899,95.648964,-14.611353,-25.412783
95.34575,72.34509,36.469673,-24.35011,-84.73904,98.17306,1.167656,-56.059757
86.25833,77.34501,37.56973,-21.507372,-74.597984,97.49871,7.847887,-36.11216
104.546936,76.2922,47.00412,-23.590658,-90.12732,82.51353,6.386963,-29.682457
95.43355,85.29544,41.1078,-34.90186,-78.83915,90.42554,9.094107,-24.88551
109.44091,66.01515,43.41404,-36.287544,-93.75362,77.467094,5.0358887,-54.659275
98.970955,74.73045,41.94235,-45.26749,-77.48063,89.00189,-10.146999,-31.080875
90.75663,61.512703,47.760983,-16.76161,-75.15566,91.41973,-8.863398,-32.352562
91.70094,102.03132,40.047993,-35.630657,-74.25976,102.86888,18.068121,-14.8937
112.486664,73.1831,58.03493,-13.384216,-95.52281,95.42046,-2.4345798,-33.631573
89.99731,89.04072,41.76298,-28.936958,-74.07281,101.28715,3.3848743,-16.065617
110.4152,126.481224,43.767323,-26.153976,-97.87517,106.40543,4.766426,7.6596184
101.26204,77.44557,58.809006,-6.955886,-81.97369,105.9589,9.404348,-22.563145
96.35644,99.21977,31.864475,5.1615267,-90.76726,99.73385,17.06904,-19.474365
100.60553,92.50357,47.129345,-16.518915,-87.28564,78.15324,36.322964,-18.117367
84.93527,75.80743,50.11219,-14.502148,-66.97329,91.64219,22.44106,-15.8869095
96.115814,122.018715,37.398327,-27.349937,-84.49011,101.80838,31.242054,0.94125295
92.45896,110.98967,25.45976,-5.949914,-88.81737,86.56735,14.151146,1.0546753
87.95649,93.27066,33.24575,0.08066442,-81.53255,96.44019,19.062836,-15.42668
96.19595,105.99319,48.362606,5.70106,-83.15216,93.89701,36.34474,7.50447
105.7564,130.11511,35.037766,-0.08376055,-99.80271,108.66297,42.3868,-1.366555
90.61694,136.87839,40.93425,-5.1114864,-80.65689,112.26238,39.146275,27.794458
102.96852,110.767845,50.130028,-5.4399652,-89.8844,88.81557,38.775608,3.9895585
110.22938,114.32957,49.188503,-10.628229,-98.12758,84.45831,43.11686,-3.6149642
117.79013,104.10333,57.126152,6.3438425,-102.882935,93.301384,39.497707,-10.95414
90.24307,106.46361,44.486824,-2.3113067,-78.744095,113.82583,48.900696,-17.21186
101.28672,107.44214,29.00632,2.9695373,-96.99176,92.517624,54.388393,-27.712502
97.14366,116.220764,29.789392,-17.940699,-90.61144,92.47274,44.364277,-14.692063
114.739105,114.17921,43.971222,-18.843142,-104.30974,101.7817,21.479704,-14.673891
88.32504,103.074684,40.19338,12.649942,-77.7069,108.61404,18.240913,-1.3179653
111.44197,158.0657,47.64558,21.61403,-98.31243,114.43632,33.575996,44.871197
107.85646,149.82036,36.63542,17.211756,-99.87391,125.72786,51.151035,15.800597
115.55978,135.87679,54.731323,26.01753,-98.2428,117.11867,54.451206,19.161533
88.97893,148.58751,21.359312,20.70967,-84.07325,112.396706,65.323746,24.507149
104.23651,102.60726,47.606976,31.453686,-87.027245,63.531635,63.810085,9.030194
103.13098,117.26999,30.325705,29.915092,-94.00706,86.87116,56.317436,5.0516253
96.07029,97.637085,43.458843,15.651591,-84.53021,84.69508,52.43138,-4.5066156
124.71367,122.06274,47.13779,21.324963,-113.53956,109.28302,46.002556,-11.230027
100.494095,111.862915,35.200897,38.920288,-85.79276,113.22601,56.253185,-7.3756695
130.1864,148.36632,40.473045,18.327164,-122.44637,102.51938,87.34651,-7.3284597
121.61132,114.880646,38.207752,34.256218,-110.13778,99.10734,74.67062,-21.419746
88.111084,115.08828,33.16993,27.811403,-76.710335,113.24426,72.29701,-6.924258
114.20705,113.82003,49.22607,42.702793,-94.11129,88.36468,87.505905,2.8952534
100.65442,88.12633,43.783653,52.61287,-73.82201,111.14431,77.601074,-22.307135
98.773735,132.01254,44.900192,32.861923,-81.38574,109.794945,101.55316,10.702999
95.197495,100.03031,52.5332,31.135586,-72.81647,108.47768,76.81752,-2.9182136
138.07607,135.41234,55.399937,45.91783,-117.91305,112.845085,60.30625,3.3924458
110.98874,120.94317,39.528137,46.310406,-92.47714,111.09393,80.20369,-0.3575008
108.245094,132.5679,47.013134,41.77293,-88.079605,121.73353,84.90312,12.630267
107.58253,150.37453,45.065784,29.922903,-92.853325,115.2598,99.64014,20.33281
105.49407,113.335785,48.26381,40.132523,-84.85992,101.38577,84.10855,5.171939
117.126,106.160255,53.704865,54.30208,-88.49917,113.451195,84.371185,-5.361786
109.17188,122.66214,53.99354,31.437614,-89.44191,113.19624,85.4429,3.4576771
107.88999,129.3387,39.173973,50.440716,-86.94647,122.50743,73.81142,8.560983
129.22655,135.39294,51.214336,52.260136,-106.53963,115.61124,77.98221,9.373376
118.35645,104.8487,42.605698,62.94952,-90.26417,112.0832,90.44731,-16.468935
124.014114,93.18396,58.99717,72.38895,-81.61091,100.80011,109.67627,-6.8143473
119.536606,108.96445,49.98623,69.883156,-83.15316,107.668365,107.1525,1.6005147
131.00478,82.621124,58.000137,63.99386,-98.63234,91.93902,105.99361,-35.891254
123.97177,98.06758,67.041145,56.118015,-87.86044,113.18004,108.887924,-19.343018
135.44925,80.86099,57.62447,83.65687,-89.487854,114.391426,98.07565,-33.086327
129.80177,77.306206,58.13297,91.56182,-71.52764,98.207085,127.281876,-15.904921
119.7894,112.53999,37.14437,70.419136,-89.35866,102.07839,129.82597,-19.387562
122.40915,103.6195,49.94632,80.12528,-78.1336,121.32346,120.24751,-14.010028
124.62845,90.56075,52.94591,80.79849,-78.29172,106.65914,107.76407,-10.861793
135.84366,79.91558,49.377617,93.611824,-85.501755,91.4694,115.18941,-21.027838
151.66411,108.94953,80.50993,74.77214,-103.80418,107.94244,121.16701,-9.004071
136.90234,91.023346,71.041756,84.66132,-81.00308,124.333305,122.290115,-17.739288
135.50739,104.048065,63.49299,80.99244,-88.69638,118.72082,144.17392,-27.369186
143.74283,96.30161,45.112186,98.832504,-94.24398,102.197014,147.15485,-32.756847
146.6697,65.78374,71.50869,97.97998,-82.14931,96.68394,142.3543,-40.478428
123.34606,89.377014,62.428886,79.8308,-70.506546,104.81238,145.46977,-27.517664
139.72383,93.17993,64.46641,92.2724,-82.7313,114.11883,129.06021,-12.676467
124.38373,109.86469,59.243126,80.34732,-74.34612,121.94814,129.30927,1.0548642
132.65768,105.1906,57.13183,88.255516,-81.02321,120.75399,130.49907,-8.977748
139.82936,102.19253,83.74507,85.88775,-71.82781,130.64473,129.716,7.4890013
156.15237,123.69317,77.784645,93.23203,-98.22407,117.884514,133.13496,12.107647
145.9015,84.23368,70.83457,113.459694,-58.433346,133.43625,143.22862,-9.912339
131.00215,120.74457,59.959976,95.15874,-66.54217,115.20139,164.75876,14.700587
146.68184,92.352585,87.02688,99.15092,-64.16515,100.87423,161.14374,2.968692
140.40388,85.66796,80.18299,103.38751,-51.13616,119.165,146.5768,11.529353
159.31102,91.55463,80.1316,121.93476,-64.260704,121.7055,146.03412,13.592055
136.42787,105.12373,68.81945,101.35458,-59.90576,119.82727,148.37228,18.742443
157.86465,98.71709,90.04169,115.44776,-58.547855,131.24118,147.26508,25.43173
163.19391,99.744675,99.13344,114.536446,-61.089188,134.88782,156.61345,22.176165
151.14066,65.612976,81.517166,120.40798,-41.379276,129.47644,152.68895,-10.113927
153.99107,112.16979,83.970795,111.412895,-65.17715,127.07499,167.84453,21.9744
154.1663,87.5,81.07445,114.52091,-63.51875,122.795555,146.01427,5.7010965
137.72163,105.12641,74.29562,103.953094,-51.441757,139.42474,164.72752,5.272134
148.65816,109.38836,81.446045,111.001236,-55.649136,134.75983,156.12624,27.98092
179.72618,91.69651,110.4916,121.44927,-72.9247,126.331,149.00075,13.04835
157.40553,93.82305,85.30051,121.46598,-51.731266,139.37848,160.60042,13.83684
171.16956,85.333534,97.98247,131.83774,-48.31891,147.61632,168.62668,10.758895
165.7129,77.776924,99.03198,123.135155,-49.686676,132.01994,170.63185,1.5704129
174.08978,60.778416,113.56419,127.02844,-36.35136,133.69443,170.87128,0.78915906
166.92593,93.09169,105.38684,120.12101,-48.16912,148.6781,168.36311,19.496035
169.40895,73.11987,92.95038,139.37546,-25.38243,146.05661,157.45131,21.580662
153.45866,146.62415,68.89183,122.747444,-61.464108,136.20966,180.41286,55.841698
169.45575,107.20308,95.0003,134.46078,-40.451,147.41841,165.99524,47.74713
177.25516,93.71133,98.345184,143.61353,-32.675045,156.97162,156.85121,38.88716
166.30988,116.77114,106.43441,121.32056,-40.153187,144.76317,169.81053,59.123676
144.63501,116.07946,99.145805,102.176834,-26.360237,165.62964,166.63866,44.41143
168.47923,87.528564,102.937065,131.51225,-22.224339,160.95528,140.01646,43.145138
168.46254,116.073326,92.903175,133.05992,-44.949005,149.53561,177.76787,46.43152
173.75778,71.043625,106.86527,135.12793,-22.102509,148.60693,162.03078,28.50594
162.45992,124.67623,85.8312,133.31992,-35.35966,170.62105,172.24022,48.155766
155.14334,113.66536,106.463486,105.85701,-39.155792,155.44113,156.8297,49.759724
171.14711,97.45111,98.07617,138.0676,-25.192034,172.50386,153.08037,36.140785
192.10689,76.71742,106.210075,159.76749,-12.358934,153.17308,173.74284,46.98601
186.20355,95.289055,118.320984,143.29666,-10.07031,147.59076,191.33128,66.62849
179.2222,112.486465,116.33176,133.68224,-25.601038,161.36865,183.955,64.49441
188.97656,110.27241,124.50422,141.361,-14.761536,183.29396,165.45927,75.19731
188.27748,80.59011,122.11077,142.81517,-13.056341,155.40346,176.70851,52.136196
181.80692,79.39716,105.352905,148.07329,-1.2335579,157.20305,187.25359,45.15266
185.85942,111.642914,125.720825,135.30733,-22.278307,159.75414,184.68666,72.45953
188.34879,79.6355,116.33599,147.86908,5.6459737,177.14241,164.60268,54.808907
162.64806,114.47823,94.278206,132.43736,1.1257838,168.5189,183.29623,72.40185
184.48853,100.06443,119.768,140.14284,-0.7366314,155.98807,178.68895,84.02463
188.94923,104.75515,125.619896,141.26923,-0.4638043,179.04857,180.597,81.347565
178.30731,114.638084,121.34794,130.46873,1.108699,177.74461,193.10231,78.5115
189.14566,98.32162,128.7268,138.17346,11.125024,179.31084,176.73503,86.424866
175.21451,123.26242,108.70484,137.23712,6.4620194,187.00871,175.99178,93.391716
174.70207,100.13717,121.49069,124.69898,13.74248,166.28377,179.32408,84.63069
193.31763,106.74766,124.629524,147.63339,-3.699565,178.52892,162.57312,87.13008
195.73355,98.63981,127.24579,147.83093,16.56893,169.92746,170.36229,102.709465
220.62184,101.30461,151.92218,158.97644,17.322607,174.31006,186.23325,112.06828
201.56636,115.70355,139.98174,144.97688,1.7948006,194.33746,189.48747,93.69392
185.68018,98.342834,133.28926,127.238045,22.595844,194.69644,177.48705,80.93181
187.0488,101.570786,130.8864,133.45946,1.6333038,182.2839,177.18907,78.278175
200.83638,76.22008,138.0205,145.60764,10.610837,174.49615,172.8999,71.72512
205.28775,89.872826,151.8988,137.68884,8.236776,172.63705,180.90105,83.566055
202.2673,71.86837,153.95865,129.83725,18.7225,184.1877,172.73277,67.94117
206.36028,80.02265,135.28514,154.04149,23.703508,194.99847,169.21849,75.20052
196.41998,79.308334,130.73123,139.60301,44.819492,173.43672,192.91982,85.01497
189.2353,81.49003,143.93771,114.88215,42.751423,164.28226,185.66737,77.9482
209.41122,53.029472,132.01256,152.31778,57.260868,178.74382,153.47597,82.29134
202.59642,88.37597,143.43161,135.67151,45.40585,176.0979,173.49596,117.794846
195.66634,78.65907,131.60573,141.77478,30.451221,185.38931,163.24692,83.308815
200.91245,83.409386,161.30734,115.57541,32.39307,186.48167,174.62978,85.37979
201.41953,80.22244,142.88673,133.34738,48.904808,196.54143,171.14404,95.36012
210.40572,66.277,157.96898,129.26859,51.486885,168.38329,183.32188,88.472336
204.85986,71.83412,154.71967,112.244064,74.22781,173.37881,180.54965,84.85995
209.0715,69.22077,158.41183,128.40796,46.050198,184.2711,167.51956,96.67102
210.05058,68.05329,148.55135,134.85606,61.690487,193.94421,165.777,101.7655
206.25443,69.674355,146.3674,137.73433,47.2675,180.53575,170.38266,97.511536
212.63998,87.39288,161.87788,128.31996,49.98484,195.95564,171.29085,118.34152
204.37744,77.85172,141.35954,138.36142,50.950443,191.00598,159.89088,107.359665
210.44768,79.2993,155.32874,130.49529,55.646404,178.24689,176.92004,115.944336
205.36858,58.498165,143.98001,127.27231,71.52884,165.83954,174.20354,100.05827
208.76755,74.89837,145.35663,133.23819,68.894295,172.48149,176.03998,124.374405
197.40913,73.51924,143.649,116.37758,69.29443,171.94675,168.97969,112.31024
223.5901,40.614338,160.5348,133.61133,79.64904,184.69527,154.72574,105.381134
213.57239,67.24143,153.073,132.68471,68.35967,181.89244,170.99672,115.28172
214.0887,62.565784,149.73976,121.65719,92.65691,188.33629,164.44814,117.42658
212.09344,60.996635,148.93845,120.63608,90.92349,185.99666,162.24864,116.10804
210.92899,69.01814,152.72887,113.342316,90.6131,190.67696,153.24515,132.90308
214.57327,67.44026,152.96112,117.28258,93.951355,183.99136,157.00392,139.05568
206.60591,94.55364,147.95776,125.35209,71.29908,184.33456,157.99472,151.68094
205.45137,64.4438,140.13603,122.617226,86.74795,172.18575,147.63843,136.7478
212.90573,71.15413,153.667,124.89674,78.45181,164.4929,160.21323,139.45135
204.4658,75.4006,145.1191,117.08125,84.34486,183.103,157.35556,135.17912
219.13754,51.026993,156.11131,118.51273,97.51638,178.20053,152.65504,129.22598
227.95453,30.97605,143.85684,146.41846,98.75455,165.03783,155.11359,120.29016
218.14677,74.35315,167.10033,111.55292,85.465195,163.78343,165.53609,135.78488
224.91013,57.964565,170.75314,105.23552,101.8785,176.42094,156.4332,128.33324
210.85658,64.09088,159.50769,104.4602,89.74382,194.81929,143.86156,126.25371
229.17764,33.67886,160.38036,117.595085,113.51327,176.54027,147.24963,112.245255
225.39525,50.673588,155.09056,134.29567,92.81786,172.3246,156.76259,134.60083
208.67499,79.96962,143.02014,100.740944,114.03126,180.40697,167.11775,137.64008
227.5298,59.425507,170.75319,110.27581,101.63018,171.17473,141.02948,152.79877
216.21608,78.20646,148.63158,113.79022,107.82887,188.57245,134.41774,171.70905
203.79463,62.347816,142.44781,104.765,100.74449,164.01036,137.1924,150.32643
200.98071,83.36666,137.9144,99.42179,106.71001,173.02388,136.4261,172.50388
204.36487,85.1528,136.95059,100.01517,113.72469,165.90125,137.17088,184.75569
199.92249,91.29759,137.00624,88.00982,115.57973,154.99355,153.52171,176.76616
217.15446,61.396255,152.3215,90.22839,126.214355,151.78151,129.30005,172.5904
216.41916,73.31482,146.91515,108.312355,115.910805,169.12753,136.69911,179.6684
229.96521,44.687805,147.94861,104.16649,141.60649,168.09491,138.05481,163.16942
216.87842,62.74203,151.96791,92.3693,124.173706,168.63658,142.27751,157.98982
209.98929,74.58552,148.56703,73.254135,129.18105,181.37755,130.2535,164.00543
231.25203,48.44907,148.48358,112.62476,136.88095,184.8626,103.86893,167.84215
219.32297,72.19289,139.2402,86.049736,146.33408,170.09915,140.36679,182.24089
226.37413,68.259155,155.5856,87.78556,139.1293,153.8666,120.66373,199.41006
216.00462,67.716324,135.946,90.93411,140.87805,167.49559,122.332504,191.64844
220.62015,62.241467,144.5621,107.97792,126.863525,164.47139,122.79787,184.12169
231.55034,48.27072,146.8571,87.800835,156.02084,158.48488,132.10316,172.1789
217.81715,65.27825,145.71797,79.737854,140.99448,148.78354,131.17445,181.17323
234.492,29.043072,145.40797,103.67699,152.14632,163.87962,112.31479,172.63783
212.03125,60.50413,146.24463,80.70434,131.1257,157.57332,122.93829,172.35817
220.3605,60.108234,144.60887,66.68004,152.69058,174.68639,118.43117,149.33188
218.22981,46.749332,138.38269,78.96597,149.00305,166.02818,92.15561,184.53778
224.46658,41.737274,147.0218,81.59315,148.48886,167.78316,107.59628,173.45914
212.42645,41.82105,141.98285,64.857124,144.14058,149.82787,105.63628,142.24535
223.86882,32.81006,131.66533,76.83707,163.96837,161.84085,89.21132,165.60352
235.94543,30.987902,146.32118,68.025154,172.13898,157.05579,94.831116,183.15292
239.429,13.124405,155.1095,78.68016,164.58923,155.8752,88.173035,154.78452
207.01932,41.946396,129.05745,69.87721,145.79031,156.49213,100.76335,139.29675
216.7585,39.37004,138.23663,49.69722,159.32059,152.89488,83.617004,146.4627
217.04723,28.591957,143.56866,45.470074,156.25322,155.9485,68.19379,167.87532
219.31769,33.741665,128.51918,58.296783,167.76736,161.9143,60.428074,171.51382
232.73483,18.927494,146.31966,50.590492,173.29886,148.72684,69.44762,178.82977
243.94978,25.913317,154.35628,66.73595,176.52036,131.072,69.79375,165.76256
221.84059,54.949978,131.50616,35.70339,175.16678,146.1807,89.04352,175.37103
221.73013,12.698425,134.90915,46.71678,169.5448,147.5396,47.972713,171.26855
206.8526,35.94788,121.96221,47.844364,160.21005,156.80276,42.695644,166.68675
221.11082,30.610456,124.85593,44.237694,177.21936,153.19574,55.792343,174.08511
229.01582,34.263683,121.091705,55.202347,186.73341,154.10933,53.041317,195.46124
227.8799,23.005434,129.89612,53.112972,179.46024,142.48126,60.147575,197.27432
209.6813,36.895123,117.41667,43.984592,167.95166,141.81038,63.233505,187.84369
234.99362,9.513149,129.81635,51.018726,189.1204,137.36028,53.469856,183.3173
224.11214,44.84975,112.69123,32.780785,191.13269,137.20634,69.94545,197.483
216.25275,23.98437,119.2819,33.862602,176.88374,121.8902,47.229717,197.00848
236.58878,28.178005,130.25114,60.49932,188.02426,125.30363,34.652157,176.24243
220.53458,33.275368,123.39435,39.391716,178.71346,137.36104,65.69301,192.18112
190.5584,70.68946,79.252045,40.075718,168.38911,144.66031,53.882927,192.2575
226.52594,34.669872,115.19627,35.19254,192.01704,148.07855,27.668846,199.91464
217.16699,46.36809,105.535904,10.903883,189.42924,140.49812,41.007183,184.728
233.14265,23.611439,129.29686,23.4539,192.53853,127.8429,16.21466,215.09396
245.96799,24.4387,118.43132,32.53951,213.0849,139.5432,20.655777,216.61826
244.14763,29.685856,122.20064,27.461864,209.83388,129.16307,53.22651,222.28865
226.4873,41.34988,104.542595,23.800823,199.45212,128.82722,55.738083,208.66849
221.33755,34.915077,105.65864,30.095573,192.37045,138.58069,35.303535,202.46277
214.47435,48.68072,98.4944,23.589039,189.08237,144.88847,33.16348,200.20514
215.58119,36.993244,102.63103,25.086874,187.99045,131.87535,18.955986,209.40247
225.2654,32.65731,107.552635,23.770815,196.47336,134.80664,21.897472,213.93173
213.27448,41.62406,106.20715,4.5716577,185.03558,121.20154,39.191246,203.81786
228.50711,23.393375,104.58567,16.827696,202.4259,121.897316,13.231689,187.5444
211.84679,35.91048,110.24778,17.194489,180.27376,122.05363,30.411938,211.48318
226.55794,44.511234,99.334404,3.500838,203.55711,121.50698,38.642673,187.06277
227.09525,13.695346,108.93645,17.325014,198.5049,115.11113,23.351189,209.14494
221.7641,66.83421,70.264,-1.6981332,210.12587,129.75426,27.470963,201.082
205.86801,68.53295,85.79974,23.20838,185.63362,119.36815,7.8536224,243.5201
210.55061,58.23283,80.23764,2.2142284,194.69644,127.87472,19.464859,222.97906
204.21022,73.89868,64.698296,14.239479,193.22876,120.6323,16.8575,241.31805
198.48776,74.45479,73.37856,-1.0601931,184.4178,108.028435,19.073551,247.2184
225.77159,34.53101,69.348145,5.023298,214.73294,98.879814,17.901005,227.1382
223.72095,81.89713,90.93962,-16.267666,203.77829,85.07074,54.609234,244.16669
209.00098,58.169506,54.42973,-16.806906,201.19579,93.81814,15.078665,228.72128
204.47066,68.95571,62.56608,-3.269474,194.52065,91.09878,3.8412285,257.1325
226.72285,36.980568,74.95355,2.7410963,213.94577,108.980705,10.324011,226.68835
208.88446,58.165653,58.154343,-9.023293,200.45836,88.7848,32.717873,226.13953
183.72542,66.288315,61.74972,-11.681106,172.54318,104.72848,11.6832695,216.90335
209.15215,60.904766,50.51585,-13.073254,202.42783,109.41711,5.181877,207.0477
207.06708,53.708008,74.60744,-18.42034,192.16522,96.69418,13.24794,230.10791
193.72908,60.09922,58.38163,-11.518735,184.45166,94.643265,5.3921432,228.6525
186.93912,67.28096,45.095478,-9.391191,181.21654,88.91429,13.936611,226.63875
222.31938,42.083992,61.083107,-16.317661,213.19487,81.89947,18.982843,223.44458
191.41211,63.00992,33.912136,-15.990601,187.7146,76.041695,5.8510284,229.17857
202.7648,54.35966,43.85435,-13.538669,197.42209,87.73511,-0.3960209,226.11209
206.13164,47.858025,63.200813,-43.315796,191.47533,75.097435,-2.9335346,214.89653
178.40268,82.73489,28.071756,-21.406351,174.87323,88.76191,-17.267685,230.66962
206.94022,59.752747,39.61827,-20.709763,202.02502,81.77737,-4.495022,241.32974
200.76918,57.09764,49.60788,-31.590437,191.86449,76.94273,5.2284184,226.4625
212.04956,47.326656,31.749157,-27.02282,207.88626,66.36585,5.498884,213.15921
190.82141,70.47351,23.87839,-14.600322,188.71815,84.91433,-5.5164948,222.87003
205.73865,54.86019,26.62337,-43.074757,199.35898,64.48483,-2.861126,205.79492
188.1725,58.836773,20.489164,-23.494043,185.5647,63.929874,-31.852823,223.7037
183.50494,49.972492,34.81143,-25.957083,178.19286,58.66467,-10.725578,219.17221
181.55853,62.298176,21.11294,-41.57088,175.39459,58.911434,1.5248833,199.82532
210.31227,45.404434,36.622375,-53.312645,199.88536,56.51027,-15.709291,185.30463
179.29863,67.950806,4.3019843,-33.780506,175.90892,69.48157,-35.28883,195.81361
172.34993,44.28318,16.356037,-32.749126,168.46162,46.624577,-22.481945,198.60687
207.45497,58.148518,20.222765,-56.14826,198.73497,49.577854,-15.364107,169.77814
210.50015,34.471,6.7800717,-41.291405,206.34369,39.488144,-29.36904,210.74722
201.20264,58.21512,-7.615878,-42.293182,196.47546,50.46504,-38.449776,199.479
195.77426,12.52248,26.155962,-44.851963,188.81696,38.124348,-41.411568,188.1049
184.5779,46.69047,14.5172,-37.9845,179.93826,51.210365,-16.040432,200.10147
193.45413,35.780582,17.880655,-34.309074,189.56422,34.84315,-4.929451,200.53006
180.17284,63.696545,5.1264987,-55.166115,171.4706,39.623207,-7.722513,195.4154
188.58437,58.053856,-3.6507185,-39.795334,184.24796,54.052166,-42.37975,184.32181
191.79482,74.23106,-10.979308,-59.49669,182.24348,52.46108,-30.974606,208.75348
193.23949,63.75931,-5.1623764,-37.7406,189.74588,46.934002,-53.93339,222.63145
180.35036,82.08532,8.512787,-67.41799,167.08841,40.865875,-32.510193,234.20483
172.09882,74.863205,-4.8187695,-37.075203,168.00157,50.54033,-54.344143,214.55663
185.35776,72.95547,0.71095926,-62.532726,174.411,40.65338,-23.215496,221.15952
168.80536,58.993645,-7.7890306,-61.69859,157.17252,34.828617,-40.44567,191.3096
181.41734,58.557663,-26.058672,-51.39283,171.95013,31.83887,-44.460968,176.2102
173.91162,40.29268,-7.4168935,-55.90006,164.34662,32.367725,-50.584164,172.8489
168.56305,54.244816,-19.366951,-73.629974,150.39832,19.315977,-51.14157,181.92682
181.96153,52.088867,-18.157103,-65.10168,169.09447,32.80724,-74.88466,172.63477
170.30048,65.4389,-22.637922,-56.40145,158.82735,36.963493,-59.21582,184.76836
179.19263,67.54258,-38.903954,-74.97222,157.92873,22.186136,-55.029957,179.16144
182.57465,34.496376,-29.224018,-58.3989,170.27661,1.3810713,-69.4254,183.68066
184.74983,42.956375,-24.497503,-52.655365,175.6641,14.929853,-51.899628,193.68921
172.7035,45.044422,-26.393812,-70.26056,155.28963,0.65656924,-36.7319,167.4425
182.1277,42.42935,-29.750599,-59.48132,169.73456,11.560175,-55.144596,165.26791
182.19016,42.76681,-22.550688,-55.606503,171.8362,19.422638,-51.691784,179.00558
208.83067,69.55573,-23.347332,-96.94508,183.54927,2.5070112,-35.762623,162.59454
162.9463,46.74666,-29.164164,-69.468,144.51025,3.077276,-82.73419,175.8676
174.31294,50.1996,-14.604899,-84.219406,151.86354,29.179367,-74.143265,174.08752
163.57414,79.457535,-42.348316,-70.694725,141.38539,29.308916,-66.83441,176.7902
167.4134,56.156033,-37.842396,-61.47811,150.96161,6.971979,-64.20778,184.32303
185.08714,70.66293,-50.57091,-59.81461,167.59589,19.445217,-51.20725,164.10155
170.9576,55.682133,-42.391544,-71.68732,149.43503,-6.2605095,-40.0088,177.91678
167.49179,52.34501,-45.350475,-77.41392,141.27853,3.4465225,-71.69191,161.63013
181.6074,72.410286,-62.391537,-71.70356,154.84578,2.3519232,-66.35286,188.5441
166.43468,92.73214,-64.32743,-66.32565,138.58128,3.5000765,-63.995693,201.43094
170.10953,73.56799,-59.219376,-92.647896,129.94463,-10.555187,-61.176136,175.84149
153.45195,58.425167,-46.524143,-61.38328,132.4897,-2.2367303,-68.95796,169.08954
142.20671,65.2112,-32.513798,-64.55042,122.643845,3.6634748,-41.93594,172.04118
157.43967,43.872684,-50.993813,-64.07741,134.2589,-10.725996,-47.360607,132.56421
170.46114,64.898476,-53.002113,-77.875404,141.79982,-0.7993958,-39.250973,144.63089
163.68338,54.541843,-43.76538,-68.60921,141.52539,10.686895,-69.14577,144.37392
161.70343,47.576256,-51.94178,-61.9072,139.5063,-5.3356233,-57.575474,131.00804
161.38095,82.28912,-73.41634,-65.16338,127.56226,6.016943,-55.73341,146.84108
150.93874,80.14713,-57.253918,-80.487305,114.095085,-10.568345,-61.134663,176.19965
144.2957,90.94092,-52.858074,-67.394775,115.6823,13.452265,-69.42415,178.31084
153.67986,77.26618,-54.262093,-77.5464,121.3622,5.3736134,-51.144108,161.72781
163.61789,81.1172,-80.63351,-76.671036,119.59711,-8.589415,-66.80945,155.57715
145.88202,78.75595,-62.075687,-78.69703,106.11874,-13.59853,-76.194214,168.21483
133.87144,66.56622,-51.967693,-64.640396,104.6972,-2.8593233,-67.04315,150.20679
170.6343,64.22081,-57.23068,-84.29981,136.67365,-5.301695,-46.087612,140.45464
146.54117,65.50811,-61.502075,-71.855545,112.36019,-10.912245,-64.080246,152.53912
152.35506,90.033325,-79.75469,-71.64819,108.1833,-0.10047388,-66.65973,148.88232
152.47562,59.996353,-69.44965,-65.29535,118.52874,-11.619595,-61.886528,134.25717
166.93655,72.91433,-76.72373,-91.339615,116.71233,-22.19415,-56.864544,151.2114
160.59032,85.82431,-80.3492,-78.056114,115.04295,-13.105347,-78.657974,167.69037
156.73325,93.793076,-92.690834,-64.18837,109.25096,-16.013317,-69.65314,163.44876
152.22763,86.4523,-80.12346,-83.47387,98.686195,-17.18545,-67.490265,155.95839
151.64432,98.276474,-84.03342,-82.02715,95.873634,-17.900593,-71.09804,167.90857
150.37038,87.89562,-82.7148,-66.04637,106.86153,-7.0025797,-66.61931,152.37344
153.85916,71.033554,-88.68724,-64.62795,108.286865,-24.28742,-51.70988,136.42584
147.01382,46.27702,-92.85675,-72.27805,88.293274,-62.096706,-55.458683,117.88861
148.78865,48.52641,-80.238815,-75.69819,99.710106,-35.699192,-66.543274,116.84859
143.02382,48.469707,-79.64988,-68.71325,97.18875,-32.23333,-60.5347,101.738914
163.8185,66.34946,-74.54849,-93.52961,111.80047,-18.714352,-59.973583,100.21643
141.30994,68.972824,-87.420204,-72.471146,83.79771,-32.635227,-84.004135,123.6302
141.6651,77.705475,-87.82021,-79.02515,77.82281,-23.325394,-73.6082,121.00894
139.7534,55.482544,-72.337685,-71.11394,96.29981,-19.88317,-65.37488,112.72895
157.01007,105.81713,-104.802414,-95.599556,66.58567,-27.062933,-48.727573,120.884094
138.7764,82.23784,-84.75609,-85.27807,69.22756,-22.917305,-87.02321,123.2767
144.39223,76.77982,-92.08556,-84.85274,71.78735,-23.121872,-78.143585,104.56703
138.59045,77.78275,-89.277954,-85.751945,61.89323,-24.32946,-77.92705,104.19524
144.94324,98.22118,-103.393326,-80.32601,62.316402,-24.751719,-78.289,121.234215
142.35118,68.42742,-88.459785,-79.66837,78.41084,-27.174652,-79.915955,107.89309
135.99725,64.26922,-80.52184,-79.95021,75.45195,-27.555584,-59.409878,105.314674
151.04051,79.62892,-111.12737,-74.79156,69.94715,-37.97926,-67.66637,101.09468
146.76762,86.32516,-112.75433,-77.21146,52.759197,-44.522526,-69.76317,105.002335
140.73045,82.52916,-101.03656,-78.224365,59.3545,-38.138477,-72.514145,111.61499
135.75581,85.807945,-96.92513,-73.60552,59.596725,-33.940674,-57.544727,115.50106
135.66595,59.28111,-87.12806,-80.51537,65.503204,-47.58045,-53.503334,100.5779
162.99252,56.482887,-104.76153,-97.22261,78.26739,-57.727474,-66.66226,78.40107
141.13846,75.730194,-113.97177,-65.68952,50.773003,-58.0569,-91.48958,95.076035
141.80362,89.55026,-115.790405,-61.08727,53.88393,-40.767326,-70.57318,102.156105
140.15193,54.683178,-96.05145,-78.73216,64.81268,-54.48052,-50.708973,87.002235
122.14541,47.95587,-87.277405,-61.498405,59.05695,-55.63248,-54.316277,94.06635
148.81874,73.84486,-120.84565,-72.164665,48.139046,-57.128235,-53.93016,79.770325
124.2339,32.237644,-103.92419,-58.21746,34.91234,-81.07286,-53.1218,56.525883
121.07848,37.849415,-89.87969,-68.03346,44.295998,-64.84421,-44.093372,58.819794
134.33168,57.512634,-109.8985,-63.994087,42.684914,-69.283394,-27.679697,60.560143
120.80692,65.511925,-94.48421,-70.28603,27.011494,-69.91377,-33.045444,75.23247
137.65355,65.16949,-112.38261,-68.41199,40.296837,-52.295933,-52.396244,59.406937
132.68854,84.11599,-103.95801,-77.38613,28.087051,-59.51176,-32.012764,83.016685
135.42203,89.22023,-112.6512,-65.12997,36.942177,-41.297802,-53.3464,88.6261
117.43775,81.15186,-87.218025,-68.30776,39.472916,-45.97984,-38.10081,101.85153
124.55571,84.40268,-100.26891,-70.35971,22.878819,-55.410507,-29.638199,81.852936
127.351875,73.046646,-96.49209,-70.45892,43.606335,-51.902927,-41.15343,93.9574
123.48684,94.119934,-98.0633,-66.9678,33.71547,-29.117176,-34.35489,88.51485
124.04888,100.620575,-108.25637,-59.64971,9.665913,-42.822033,-34.26875,81.56844
131.51141,100.75031,-107.9656,-74.61606,9.481236,-40.829216,-40.784958,76.31145
120.510635,93.77133,-98.44881,-69.25131,-4.513066,-50.49667,-53.61708,73.54762
130.19792,86.14886,-101.58469,-80.58706,12.662434,-44.18297,-48.704483,68.98998
132.83472,88.561066,-105.98596,-79.7939,6.8468266,-47.80008,-52.869183,68.3833
141.62848,90.838455,-119.14955,-75.800026,9.774323,-56.914936,-58.89484,73.60612
111.37886,78.61705,-91.557495,-63.03287,8.412554,-52.10741,-60.388073,76.11615
134.61171,74.43338,-107.53414,-78.29574,21.119114,-52.434967,-39.096115,51.851734
112.55061,72.82942,-97.67519,-55.890736,1.0960605,-62.81306,-56.658833,65.27775
136.8734,74.651375,-117.17468,-70.26303,-8.886368,-64.27372,-48.472027,39.257896
124.59635,55.068707,-95.53539,-80.23563,1.5713089,-64.266365,-50.161076,36.15814
133.28125,82.4857,-109.348015,-76.04925,-5.0606318,-47.699722,-53.526936,44.907
124.34183,78.4053,-105.43744,-66.010704,-0.662343,-53.966652,-53.88169,57.042408
136.1654,85.7161,-108.068146,-74.9446,-34.576138,-70.58078,-45.033123,36.208134
128.50218,79.51267,-117.21384,-52.495934,-3.472345,-50.327793,-53.5521,39.748283
124.49826,114.05481,-98.54188,-72.52589,-23.44345,-49.078777,-31.055138,71.18979
140.48955,81.15918,-127.72621,-56.605167,-15.110822,-63.03059,-47.154415,32.569405
117.939865,56.57769,-103.219025,-55.408936,-13.436021,-77.04052,-38.10745,34.286556
136.58766,99.08653,-119.563484,-56.057587,-35.386436,-55.908226,-29.200495,36.237587
114.41428,78.1185,-91.06784,-53.558144,-43.658863,-65.54824,-29.877743,26.394382
128.69981,90.125786,-109.274635,-60.436977,-30.533714,-47.817062,-20.159164,21.136635
125.01375,90.70503,-102.01379,-68.298,-22.659594,-61.621685,-18.482428,40.88271
129.48845,75.382324,-102.539795,-77.15323,-18.289913,-59.721416,-36.73276,29.384068
128.21056,94.4616,-106.90498,-64.91734,-28.091688,-51.61292,-49.316944,47.39999
128.94016,116.380035,-102.04939,-64.050285,-46.096485,-35.790764,-41.518864,47.45412
123.79088,88.00214,-103.33988,-64.64903,-21.521624,-49.313133,-37.611233,42.064384
127.29925,128.01422,-96.3276,-65.167984,-51.679585,-46.673904,-30.902971,60.7509
114.48733,80.90205,-95.69298,-58.41587,-23.193626,-49.091312,-33.103092,38.002853
151.37123,132.79308,-124.99184,-56.72883,-63.674107,-46.007935,-28.425814,39.43683
130.46025,97.29034,-98.9157,-66.5731,-53.247738,-57.756115,-29.412352,27.076797
125.64,74.97377,-105.19794,-63.881157,-25.103746,-55.725166,-40.113083,25.927183
126.99169,110.141106,-101.59807,-50.42257,-56.928356,-59.906,-22.482515,41.168026
116.21269,86.157196,-100.59745,-43.828358,-38.380276,-48.822273,-28.177446,28.873384
119.72997,85.2412,-105.14504,-49.98893,-28.016584,-41.349205,-10.870663,12.628491
127.55299,110.1806,-96.84189,-63.097546,-54.17432,-46.97476,-15.713911,31.65458
116.5228,113.42398,-98.70186,-34.88292,-50.70696,-29.75574,-37.243877,39.049877
136.47092,133.94029,-108.29939,-57.56661,-60.46365,-40.29382,-7.5642395,44.471897
129.26137,119.870766,-103.53938,-55.537296,-54.314983,-35.532684,-32.48117,41.795155
123.73283,165.41255,-89.26142,-35.386345,-77.6581,-17.494102,-32.24923,70.58378
132.16751,136.30664,-104.43376,-62.239326,-52.457123,-21.040722,-19.4554,47.438107
143.25327,126.96948,-104.51569,-71.362305,-66.57513,-32.936928,-31.366451,30.234432
136.04594,149.68488,-111.62421,-44.295677,-64.408325,-20.810295,-47.568424,55.451527
109.11462,102.3392,-89.08544,-47.873905,-40.67973,-32.68838,-27.60516,42.37597
120.52386,113.46034,-90.97989,-48.805717,-62.373074,-30.90031,-17.600702,29.317472
121.73871,112.80209,-93.70755,-42.379692,-64.77175,-35.55506,-24.81106,29.668184
117.87493,102.22157,-89.57838,-35.504623,-68.2627,-34.066307,-23.491219,16.923153
135.98277,92.142555,-92.37393,-52.5004,-85.47698,-51.66991,-13.608992,-12.298106
131.16498,109.29318,-96.41441,-45.80397,-75.78554,-16.405624,-26.844727,-3.9153259
116.45278,94.66817,-63.093273,-56.495914,-79.71838,-31.1763,-11.494545,-2.6446402
127.94554,88.35157,-82.165886,-46.90504,-86.49046,-23.269829,-16.005587,-27.647861
141.22433,112.68097,-104.34957,-48.39611,-82.157166,-17.31525,-6.719387,-23.546728
123.57918,82.651375,-77.191055,-39.511246,-87.62945,-35.37255,-21.9981,-18.538282
153.62047,105.285324,-97.9822,-54.548416,-104.61889,-31.00691,-4.6485043,-41.389122
134.98727,58.90936,-74.75375,-44.905296,-103.10984,-54.60586,-17.695856,-54.663242
133.90388,101.24506,-88.12187,-51.922424,-86.41892,-14.870966,-12.807768,-28.587873
150.30823,94.30436,-98.854485,-45.23835,-104.05694,-40.48827,-20.674278,-34.02889
130.54214,59.79183,-85.981026,-33.143505,-92.539406,-50.224056,-13.969667,-48.447304
137.43817,73.47619,-83.66421,-45.827633,-98.985115,-43.00511,-8.297628,-50.45861
143.75414,77.12003,-80.45874,-47.787304,-109.018814,-44.012238,-5.25473,-56.193398
125.91267,85.6344,-81.19234,-57.775723,-76.87612,-24.525455,-12.295679,-31.807453
130.38213,61.01844,-84.39698,-42.79471,-89.6432,-39.483097,-18.887642,-55.853054
117.967155,70.320694,-65.03216,-41.36818,-89.49105,-26.94324,-10.569433,-38.323933
138.7741,83.589775,-72.44986,-40.83913,-111.21031,-26.35647,-7.50202,-49.360878
118.98844,73.25298,-60.3108,-33.45505,-96.81356,-15.591011,-4.1978436,-46.96503
144.45155,114.53056,-87.51786,-50.579735,-102.93679,-11.030984,-6.944851,-29.769197
132.31497,63.081295,-58.525616,-41.74974,-111.24466,-47.988804,-5.37261,-60.95156
126.068436,74.04222,-67.89825,-37.31564,-99.72726,-20.647936,-11.8428955,-48.255795
124.085655,78.89391,-66.07413,-10.646302,-104.58644,-25.148947,-0.4027214,-38.14068
126.62247,93.590866,-75.68218,-27.13252,-98.1293,-30.626268,15.1033535,-27.514158
128.65555,87.2611,-69.64606,-38.812687,-101.202805,-30.048235,3.1200714,-35.560913
141.1648,92.52702,-78.40148,-46.93246,-107.6534,-24.37514,-14.311296,-39.765648
160.66814,127.83388,-74.08156,-34.32897,-138.60547,-11.549078,-19.420414,-27.904379
139.68268,103.47101,-55.87668,-24.721296,-125.68475,-8.327672,-1.6343231,-36.653374
125.51992,87.183716,-62.498775,-20.309603,-106.89049,-11.530033,13.845217,-45.15862
136.41298,81.83673,-68.61714,-23.860096,-115.602394,-17.2946,14.264067,-64.19744
146.53497,108.69453,-81.30452,-32.23018,-117.61614,-8.02883,2.350645,-45.095684
147.44237,88.96769,-65.04498,-22.291351,-130.26299,-14.089129,-0.25754166,-60.983273
120.49896,87.294044,-50.131023,-28.46763,-105.791046,1.1119077,-0.75149727,-40.504436
145.54208,101.77058,-76.66664,-18.272781,-122.58882,-20.045053,2.5975418,-40.366993
150.26144,103.9483,-53.72234,-15.564316,-139.38069,-19.678736,6.7712593,-44.060486
133.44849,97.541016,-35.277767,-36.363567,-123.721146,-4.930681,13.912626,-45.607567
139.70862,127.49608,-61.50445,-21.638807,-123.3646,24.126608,29.899063,-44.726192
140.59338,105.9481,-61.473152,-22.089249,-124.3934,-1.3047278,20.908833,-48.264458
138.92804,74.87323,-49.111115,-0.3670071,-129.9532,-15.160921,27.411785,-69.03334
138.2353,105.933945,-49.096024,-17.871233,-128.12346,1.8725374,42.678837,-58.091423
140.70381,105.53317,-29.00083,-16.076921,-136.6707,15.243929,20.667418,-48.224094
155.12677,118.74869,-44.53967,-29.45568,-145.76611,17.663305,21.75734,-58.175175
144.95345,96.278244,-59.476173,-21.088152,-130.54266,8.122985,17.907887,-74.0892
136.2289,108.43201,-32.749557,-11.8486185,-131.72305,11.162912,34.74481,-44.195423
144.85445,111.25758,-41.29669,-3.4014578,-138.78598,5.1873016,42.657627,-48.712658
141.11697,121.46527,-39.9098,-24.575916,-133.06314,16.256498,46.419563,-52.291885
127.64232,106.60323,-48.845085,-12.223645,-117.313065,16.874622,22.129717,-40.6615
142.62363,123.586006,-41.35376,-23.35111,-134.50787,19.997044,35.99934,-44.88291
143.82454,92.21985,-32.712532,-13.225711,-139.37823,1.996845,28.967037,-65.041
144.3297,95.909134,-40.240257,-15.8494835,-137.86642,13.915935,29.472866,-72.41705
140.66449,100.33195,-24.276278,1.677459,-138.59232,20.017458,40.48105,-56.898617
143.25,119.10106,-30.79884,-12.919764,-139.33502,24.1839,48.26395,-53.025604
164.85828,114.78785,-30.41372,-1.9056159,-162.05461,19.25552,45.952698,-70.60122
123.015495,86.81302,-28.499552,-10.468527,-119.34112,27.95389,41.665676,-78.71771
147.29987,92.088356,-31.962002,8.514213,-143.54861,6.760973,52.823994,-72.63743
149.64296,123.380066,-36.587543,-23.928907,-143.12877,14.958172,59.404156,-67.79282
136.27322,106.78256,-9.813745,-12.437233,-135.37312,38.013775,29.349651,-49.27343
145.97223,113.104004,-28.646584,-14.571813,-142.41988,38.683414,38.350887,-68.23327
142.96422,110.85153,-22.823353,-8.37593,-140.85966,34.218693,32.138264,-54.57116
148.37537,100.944984,-17.496231,9.500021,-147.05301,43.45566,39.66629,-72.34836
145.19902,124.29099,-30.185469,-0.642284,-142.04439,48.790848,47.95512,-59.55665
150.90178,110.89748,-14.162819,-12.891152,-149.68936,29.312056,50.409557,-69.19251
141.84555,119.36029,-15.5981245,6.4090757,-140.79305,43.282616,43.218807,-43.86305
156.94199,124.04189,-28.75582,-3.6075084,-154.1611,23.503363,54.954197,-58.808643
133.58673,111.20814,-5.009614,-16.98924,-132.41066,32.68457,51.897343,-53.8964
147.21959,103.49353,-25.80192,5.9539776,-144.77974,37.176258,33.775272,-67.593666
131.81967,126.9361,-0.7884426,-13.646408,-131.07176,45.227184,52.666065,-33.562103
126.25272,92.40205,-10.367712,-3.4547243,-125.82191,47.72925,42.498707,-69.70155
149.60126,128.33072,-13.67994,15.269711,-148.18951,59.809704,46.98153,-48.34894
124.69263,81.97341,12.375624,5.7898245,-123.95313,45.436554,40.80898,-57.5783
156.99533,114.429016,-9.168422,17.025938,-155.79951,60.274677,55.239326,-72.82242
140.87872,117.584076,-5.4403515,7.625321,-140.53978,65.140945,50.81011,-56.429276
142.16167,110.23979,4.5377097,21.59773,-140.46577,53.717537,54.209473,-47.194744
150.6685,94.35645,10.281611,19.926226,-149.04799,32.81133,75.95761,-76.67735
129.40851,106.745316,13.4563875,1.0577945,-128.70712,67.99145,58.82697,-58.042236
150.92015,100.52184,2.6913896,19.382626,-149.63869,64.670845,46.473484,-75.291695
146.75325,88.636986,1.2804327,33.583508,-142.89194,62.419643,47.04684,-80.024124
144.9729,84.78659,13.299589,22.553,-142.68178,42.79898,70.63513,-79.45119
125.90299,104.28926,8.406625,9.903863,-125.21284,68.69101,72.506134,-68.22354
152.42395,115.09589,-1.5169828,-6.996078,-152.19643,57.39549,53.75564,-74.51794
144.06618,100.03531,6.3958206,21.867249,-142.17935,54.54142,51.16948,-59.978737
157.7698,117.10812,9.3079,23.455688,-155.72504,63.809757,66.081406,-61.55303
155.74438,104.16573,24.994106,32.53111,-150.2875,73.256836,69.90015,-65.76533
152.08632,141.01419,2.9866111,13.073849,-151.45691,81.295555,72.817474,-50.420414
160.63,148.37537,9.484933,11.070484,-160.05734,85.06465,61.550526,-42.951015
132.53773,90.661804,13.279084,27.588936,-129.09996,64.60249,69.51036,-67.78578
133.87517,103.794266,10.980014,35.23133,-128.76343,52.724785,90.40796,-51.71042
159.86635,131.57982,35.545128,9.145652,-155.42505,50.539616,85.44624,-49.564793
131.66814,132.20746,13.778877,10.3316765,-130.50449,81.59757,72.177,-35.28724
142.62538,152.44363,19.276464,10.028971,-141.0818,84.78117,79.898636,-22.835571
127.27456,104.475174,20.650244,32.711452,-121.36856,71.74164,82.25374,-45.02597
129.08331,122.06351,4.39706,40.51241,-122.42601,82.60133,91.91783,-45.027836
132.54929,149.77838,11.4278345,9.512872,-131.72118,84.648735,89.62921,-29.111805
146.48741,161.4491,0.4954525,18.892975,-145.18846,93.846794,65.65906,-22.394653
146.37793,170.93054,10.341573,12.73718,-145.25128,91.07914,77.08977,-9.432719
147.09521,156.36256,25.660534,14.92252,-143.97197,90.28939,71.49666,-12.875031
154.87737,169.28378,16.857681,17.17806,-152.90953,98.41237,77.11275,-17.11463
132.83449,149.10483,29.935577,18.994925,-127.94269,99.16378,80.26318,-10.770108
150.25395,142.78043,40.058308,28.640066,-141.91148,93.00638,100.87479,-31.061344
140.11156,120.637886,23.773106,45.133842,-130.50983,95.36042,101.58707,-50.77094
161.15054,147.55762,18.53472,48.504784,-152.7485,90.770706,105.33539,-37.107723
140.2578,123.14727,27.962172,16.100409,-136.54153,81.87514,93.13829,-57.094257
160.54128,148.10553,26.922146,38.312992,-153.27791,110.67884,72.977615,-36.36292
156.65727,154.36159,47.44421,29.306725,-146.35342,103.97091,81.79883,-13.115901
144.55536,112.858315,34.709217,43.195576,-133.63147,106.28693,78.95506,-53.25167
155.70886,147.62791,37.613777,24.646147,-149.21333,106.098114,105.39395,-46.02176
143.98785,94.892044,48.403595,58.494404,-122.71784,104.34291,86.17018,-51.197895
161.45587,114.91845,59.956646,47.875393,-141.76631,105.027405,121.016815,-65.46851
147.41524,140.03304,50.027374,21.311392,-137.17957,120.30709,108.26158,-52.388176
143.42769,139.239,46.756794,36.605595,-130.35643,141.94397,79.14261,-38.10022
129.64952,145.68202,48.578373,22.035992,-117.81186,137.39912,91.41554,-24.824522
133.92255,108.676125,63.61964,26.987703,-114.422905,117.92063,88.39282,-43.117565
143.39107,149.16182,50.34623,29.939775,-130.76959,129.8717,85.53255,-18.21824
152.71214,130.31212,57.454224,46.068836,-133.93066,127.20507,78.35791,-28.776014
129.5386,125.30064,41.726635,38.095715,-116.45603,122.19913,97.931305,-41.185383
128.17273,160.96584,48.185814,28.182667,-115.73587,135.01685,106.84187,-5.2924833
144.08418,140.90866,56.750607,29.592285,-129.01749,124.56713,91.11995,-21.848547
144.05902,137.72163,60.205856,31.837448,-126.822685,125.81035,90.85489,-21.688858
118.15773,147.80392,32.405487,32.640873,-109.04158,138.2885,93.42886,-25.829647
146.0565,149.18948,70.389824,40.219395,-121.59613,126.78489,92.989105,6.035364
148.93204,143.73152,58.463486,52.42432,-126.45051,140.12726,94.85315,-15.93544
142.36156,137.23793,59.80887,40.73534,-122.52552,134.37953,112.77719,-32.642036
154.07466,141.67657,54.86577,54.913998,-133.1482,139.2358,103.028015,-29.686157
140.69649,159.17776,32.856567,49.426086,-127.28642,128.672,107.18381,-13.801096
138.17131,110.93579,66.22153,50.173103,-110.597496,101.62081,112.67772,-25.804438
166.14752,149.83846,78.90638,42.09268,-140.17877,135.23683,102.858154,-14.861194
142.84366,123.26318,77.68172,34.3566,-114.70644,134.15718,99.43587,-26.575907
146.17134,135.97151,48.09504,51.774307,-127.53945,142.18362,99.274216,-42.395596
130.32867,95.20012,70.97097,39.21472,-102.11107,127.97907,107.41858,-67.51936
119.06432,113.477974,53.346317,36.30348,-99.61178,125.193,114.33298,-59.325962
141.47173,92.1768,84.5408,43.01812,-104.84216,125.54512,101.795654,-47.39359
112.13385,105.550934,54.98776,29.944513,-93.13591,130.97467,91.92575,-53.875214
129.82416,96.313614,88.41191,35.680695,-87.85595,121.9797,94.05272,-18.669662
155.69301,130.84819,84.27762,62.171417,-115.10189,137.05156,99.244415,-1.2009513
149.87411,140.2685,75.25904,51.015865,-118.82614,141.13235,111.95067,-10.845496
145.9529,148.07199,75.63288,31.016989,-121.291016,146.9661,119.288376,-26.261429
133.31354,141.35704,62.270496,29.40125,-114.41547,146.96754,94.142715,-20.951214
127.958244,126.67873,73.337494,27.69217,-101.43069,128.22183,104.21707,-15.612919
148.20024,101.799126,66.3925,72.29337,-110.95863,118.40804,99.939804,-27.76508
142.58682,127.276276,79.047424,46.960384,-108.616066,132.2533,102.97005,-7.8659105
146.55118,147.11412,76.39051,35.0473,-120.443214,141.35013,99.80519,-4.7965765
129.63121,122.99695,70.74663,53.048733,-95.02588,141.27094,95.46535,-3.501311
116.259674,123.78718,71.499916,31.714031,-86.043495,122.74895,116.92198,-12.057265
157.38414,143.47305,84.26411,41.868347,-125.68122,120.5777,123.99745,-14.406765
129.12694,106.220955,83.18253,48.857975,-85.60995,138.77528,111.44711,-21.084753
151.34749,154.06133,83.2233,45.781826,-118.27708,139.28041,124.15822,2.3799107
141.92169,108.13216,100.23729,47.067238,-88.684326,148.15733,119.86928,-25.441929
152.29294,154.24782,85.193825,52.39765,-115.28276,158.08264,119.748764,2.9146683
129.76733,130.52226,85.9344,45.251797,-86.14966,156.21036,124.98828,-9.604466
133.30524,130.26512,77.7295,55.781494,-93.279076,147.52492,118.80148,-2.9332874
140.83315,143.22896,81.70785,54.685146,-101.34314,126.997505,128.49431,13.188971
113.065315,135.9437,77.068344,40.86283,-71.58031,145.52824,113.858154,19.566725
118.64068,126.28347,85.10646,32.783222,-76.44519,147.69952,99.65463,11.419653
112.4379,144.16743,75.853,41.0169,-71.55681,149.03613,96.99921,39.12594
134.47633,174.99318,71.36734,29.5235,-110.28369,141.00208,111.6749,27.983707
129.6713,132.35875,82.6449,55.852978,-83.44091,148.42574,94.56546,24.575954
130.15099,154.7639,92.00468,39.821857,-82.58911,148.34387,111.48807,41.74893
138.28322,156.415,88.67634,60.98717,-87.30916,164.99663,110.85782,39.783882
126.25774,147.14699,89.480385,39.121483,-79.93759,158.33066,108.34291,30.40969
132.24977,148.76239,96.81404,40.970097,-79.50797,166.6001,102.979324,35.929268
135.527,135.34793,97.85845,34.57824,-86.84929,149.88435,102.3165,17.598438
126.29387,114.68382,88.71184,65.3725,-62.204113,159.19225,96.31949,22.564787
116.09829,133.67581,80.66831,57.25004,-60.843052,141.90303,117.95805,40.569363
141.96478,158.84746,87.96622,46.949047,-101.47809,147.71194,108.06328,33.10958
110.4222,162.06563,66.99879,38.27061,-78.7257,157.01918,103.3537,38.53181
117.998146,158.75143,84.15385,35.190563,-75.2366,155.26314,96.07507,52.653072
125.40434,137.48909,84.34262,45.05838,-81.18197,143.03157,104.99983,27.794306
126.69279,118.49004,97.82334,44.282875,-66.78223,143.2628,101.90695,26.415068
118.258194,121.63701,81.99662,50.059525,-68.90012,158.99863,102.7424,8.833304
103.78463,133.37752,61.582993,50.048046,-67.45791,158.30309,99.99153,10.439677
111.966515,138.65363,70.56607,38.47312,-77.98121,137.32237,101.328186,25.604168
122.76655,128.88979,77.77581,51.260925,-79.85335,139.56232,93.36609,24.575996
128.82256,150.67557,84.952156,54.550358,-80.27624,159.22412,90.82239,46.15838
99.28809,113.57074,76.29346,47.725315,-42.464756,144.77736,100.02107,32.06147
120.67933,101.24012,90.394,51.619766,-60.58657,121.49131,98.634415,23.064278
109.556206,134.30562,75.15202,33.922447,-71.89258,145.30159,100.94321,20.535852
120.73991,100.34254,98.68962,49.22633,-48.914944,151.56187,99.59337,20.178709
109.186195,139.48924,77.66157,37.125656,-67.266304,151.82939,112.80408,24.045635
121.33528,135.4151,88.59499,43.10089,-71.36902,139.4325,99.43416,40.833405
114.74129,133.88824,78.665474,58.123142,-60.44281,152.79034,95.86978,44.88222
115.0633,138.20479,84.6291,35.963295,-68.69776,146.06009,92.90445,41.091633
138.68242,118.05507,100.8596,57.402744,-76.37888,140.84424,96.44206,27.974697
123.298416,143.06052,102.40152,39.489326,-55.711735,160.24733,101.96582,58.845657
113.468056,127.79916,84.89288,49.028374,-57.19486,155.83357,100.75069,35.663864
105.492004,132.62282,74.941895,27.362125,-68.50536,133.84747,98.77048,25.947811
106.12169,118.453575,85.378746,36.86834,-51.499947,147.00851,76.76918,41.97146
110.73166,133.89291,84.52726,40.420876,-59.120457,146.24776,90.08647,48.90013
104.20443,120.563324,75.03707,62.757626,-36.24035,156.07344,77.343475,51.571255
96.74322,144.96939,74.56159,39.96397,-46.83035,133.71977,88.737,75.951225
102.08215,132.97862,82.0709,39.705883,-46.331356,137.89569,82.114914,67.46986
127.096664,129.23145,96.712555,48.20408,-66.85599,143.86824,91.77638,45.06356
113.936455,125.84024,86.877785,45.42617,-58.34484,145.01582,92.87076,42.845486
114.7007,106.439026,89.99058,48.683735,-52.12397,140.81302,98.36539,27.173374
108.15036,114.23393,88.44615,39.68475,-47.852516,140.16238,99.83565,33.611572
116.56282,100.73387,81.64027,55.368584,-62.045277,135.37758,94.16356,14.347236
110.796616,124.025764,66.597466,58.80922,-65.68406,143.0122,103.436066,20.77665
82.15239,119.18501,56.89848,45.733093,-37.602413,135.4665,97.63199,34.519028
94.71569,101.62315,67.7395,59.069096,-29.807161,115.89316,92.59924,53.282883
112.8514,123.60781,87.03925,45.012398,-55.77936,117.394585,92.351715,53.68934
99.091896,111.726105,82.28525,32.05817,-45.015778,129.60144,96.72322,32.723072
104.50591,102.19621,81.215996,46.93532,-45.83728,138.64963,84.18935,29.863426
74.660645,118.96975,63.537777,30.757074,-24.129974,138.60759,97.71002,39.78038
113.50027,80.61008,91.170555,58.79718,-33.08685,118.14831,88.48163,37.233826
98.28856,100.85792,71.368416,49.69594,-45.884087,127.10528,94.38681,24.851568
98.4051,84.79776,86.96665,38.23326,-26.310488,127.79342,87.85797,29.474424
106.07232,127.88575,77.15615,46.3878,-55.65123,148.27214,82.42381,43.747
88.54554,112.734825,67.75102,42.652008,-37.57334,142.36324,74.96434,40.349087
100.74876,91.921165,77.767715,47.62155,-42.99748,117.253006,86.77246,29.678587
94.35242,107.24841,52.937176,59.97902,-49.65676,113.63916,90.37213,33.447006
99.409996,123.3842,74.334755,37.99724,-53.895493,107.483955,95.602554,50.222614
92.34447,122.48265,57.454556,59.588882,-41.334194,130.45378,91.57875,52.252544
89.71143,82.61063,72.39821,42.954636,-31.065487,114.522385,87.920364,24.146473
98.56977,58.444553,76.058624,53.962833,-31.708342,93.92079,90.30899,9.991855
92.77333,79.82178,62.573643,61.864487,-29.010038,117.51606,94.59711,18.546804
79.61715,104.82314,57.684673,41.576805,-35.92319,115.050415,101.41998,28.094208
67.73893,103.35527,53.200645,32.042717,-26.84672,105.012924,96.72769,35.440674
78.08369,121.49923,55.749546,35.04279,-42.354626,119.94905,69.75247,54.666065
88.668274,104.66322,58.233505,54.888424,-37.91865,118.62394,75.56494,45.365486
87.086525,124.39051,62.30711,29.780045,-52.631504,124.201546,74.83264,44.73933
70.20372,100.18764,52.65364,44.7767,-11.315195,126.100426,69.09123,53.27077
72.501724,143.3974,52.622356,32.371582,-37.57119,115.75958,78.756836,82.14475
75.723595,86.03088,53.697643,45.93254,-26.971645,95.88433,77.38487,40.61131
68.50593,118.77631,45.76879,38.12774,-33.936584,106.90095,85.26251,55.528988
73.15224,81.20999,48.950127,50.737118,-19.968943,101.20415,77.472885,35.848606
61.824852,104.025536,43.66909,36.55488,-23.845188,91.385086,80.809586,56.875275
74.06627,78.90817,56.697483,40.266262,-24.699566,92.18956,74.10837,36.677494
68.786354,96.82878,51.215584,42.801678,-15.6051235,114.43693,80.72615,47.44469
80.75465,106.10844,57.861923,46.614243,-31.533918,108.70874,79.68465,55.410492
56.78303,103.33078,31.775526,43.292595,-18.407846,104.799835,75.16345,48.37112
80.87645,93.64194,51.057205,54.142303,-32.431095,93.82559,73.58183,49.442677
56.989582,99.936226,34.822186,40.435505,-19.931656,94.81378,87.14484,44.95415
61.540638,100.96441,33.460003,47.75261,-18.737972,86.2213,86.385025,57.87717
64.636,90.05692,38.68607,48.63818,-18.150917,80.77054,77.979095,55.750294
67.10486,95.43846,45.787716,40.797432,-26.842829,81.81909,77.68771,53.36825
62.631863,136.10405,19.402925,31.604244,-50.369976,101.18618,88.03656,42.633293
57.07287,86.76117,44.2726,33.107033,-14.511188,87.29213,66.58212,53.111435
61.481705,108.68417,31.810925,39.987007,-33.89656,93.94077,85.81789,42.489296
45.510986,100.50995,29.447214,24.894735,-24.209703,88.63165,76.52936,38.929108
80.15142,88.57483,47.40255,62.111847,-17.79867,105.81637,63.01091,48.5395
80.792946,133.39041,37.316284,58.652157,-40.721184,105.392914,83.79143,71.42494
59.65107,107.08641,30.577145,47.773712,-18.176903,98.763794,82.509094,56.717693
70.38466,105.845406,39.048656,51.90692,-26.843885,96.83141,74.87694,58.6028
63.596382,97.93493,31.284317,50.432373,-23.317995,91.30735,71.01868,50.83166
53.293995,96.068985,22.207447,45.541916,-15.717535,78.5107,86.57558,50.3344
73.53911,120.552895,28.128448,59.713303,-32.048977,86.15369,72.166336,73.04383
49.36851,99.21316,28.419449,36.77838,-16.105042,85.358215,79.34433,53.483162
57.612934,84.17393,21.616837,50.611298,-16.07305,79.440025,74.24576,40.369904
68.207405,103.890564,22.820803,49.08093,-41.61322,86.419716,68.362,38.690945
48.538643,100.72239,23.846336,35.722702,-21.970488,89.13271,71.70412,45.817646
73.05649,91.15372,16.496351,67.59137,-20.811705,88.43297,77.762115,34.235447
57.360703,88.53248,39.600513,37.067905,-19.034214,81.46469,80.0392,45.966526
52.213505,103.04368,17.287476,44.403564,-21.814753,92.37281,75.62195,40.854904
65.46182,87.0876,36.334976,52.93321,-11.985678,97.33915,73.6413,46.59041
70.26379,95.885345,21.925776,57.516186,-32.989746,90.09873,67.41429,33.915474
62.37788,73.66987,28.997116,46.925648,-29.177446,75.621605,77.6958,19.208242
74.96666,101.69685,-12.147715,69.81234,-24.225348,81.39206,70.01601,16.120644
53.481304,80.26518,24.67789,43.54724,-17.922926,44.81103,83.6808,48.587982
78.77341,104.38989,16.767107,66.33707,-39.57342,68.589066,84.22589,49.38845
85.66505,99.24969,-1.3061566,76.04834,-39.548885,78.7654,84.47853,18.158337
73.10438,70.78488,7.8063383,70.133354,-19.659967,65.47167,77.50841,21.237907
77.44837,74.36061,3.5498264,68.75057,-35.049778,53.15953,92.47604,15.72421
56.429157,81.67925,10.886596,51.447685,-21.64114,66.28017,90.476456,24.241404
74.614006,71.58561,7.975818,71.103134,-21.497564,63.45473,93.3047,18.228771
56.844086,97.91578,-15.189403,53.626793,-9.545135,67.548386,92.77667,26.149822
65.82742,83.06022,24.536587,57.275234,-21.948214,53.589626,84.154816,50.901814
53.649323,115.32237,-9.409118,47.515408,-22.108042,75.90251,90.3443,42.94941
54.39899,103.87161,-2.2334151,45.168316,-30.507364,67.55484,82.214096,37.24696
56.667892,98.6927,3.0555747,50.13871,-26.462563,59.946938,82.615524,47.002495
75.30646,102.09708,1.0726323,65.733536,-36.356724,59.48662,86.487045,44.934654
69.00045,107.15089,10.757636,59.802258,-32.328403,67.747,103.08324,47.988773
72.46551,97.742004,-0.8175159,62.36285,-37.614265,57.4461,88.952545,36.019424
74.13544,100.78225,-1.0389694,65.90383,-33.76614,63.936985,93.54204,38.056637
68.35432,92.012566,-5.3097525,58.223118,-35.761486,45.824135,91.94266,32.452972
73.376175,75.452385,12.964111,70.03221,-17.873796,67.768166,93.42346,28.483242
66.75515,86.210495,-5.0524683,63.055206,-21.476526,54.022755,95.92476,31.97435
84.41564,82.23784,8.916455,78.12103,-30.920773,52.83956,91.03369,37.31093
80.35118,89.80534,-10.693436,79.43803,-10.203061,64.598755,97.2715,35.848484
69.2315,121.55785,-30.123806,58.244984,-22.87677,56.74223,117.001175,38.865875
90.31204,133.61699,-10.67938,73.486565,-52.063248,44.244095,102.118515,66.34648
73.361374,99.19685,-7.1153855,67.78806,-26.57274,43.9278,106.08009,49.464897
79.25158,97.161674,0.6634665,77.46204,-18.79889,48.878063,113.78929,56.86261
102.42505,122.44284,-24.775034,96.57533,-21.359911,55.0809,103.3564,71.0824
76.336426,145.11768,-14.199179,65.39208,-37.558746,52.32975,104.90102,85.075294
80.88505,119.73408,-8.276117,69.64707,-39.563946,56.322105,106.742355,53.931347
77.324394,109.45804,-4.5907984,71.80994,-27.810392,56.904537,100.13312,57.998302
95.79674,124.81342,-14.477458,84.17049,-43.898083,40.95579,115.537994,63.514565
86.89939,94.01205,-21.60445,75.6852,-35.950615,36.48652,114.74545,26.92794
103.27196,110.45991,-36.25541,88.3196,-40.311577,52.237923,108.67026,23.044174
95.71381,89.14867,-2.8467402,86.25894,-41.908676,27.224161,115.09125,36.87232
94.629425,105.18453,-2.159698,82.62231,-45.395905,52.068882,111.0542,40.40277
90.866264,98.05101,-7.7103705,77.327225,-47.575073,54.50805,111.29741,19.420067
92.04035,94.61073,-24.05786,85.30141,-25.892847,56.137558,101.898605,21.670874
74.198395,95.11196,-24.940334,57.206394,-40.39631,22.24844,122.772736,9.414317
105.87855,74.331635,-10.998563,95.858635,-43.26853,26.470985,98.438126,21.166656
100.85331,92.31104,-2.8315835,91.02815,-43.387444,44.99323,113.40636,32.358883
95.686356,129.5919,-18.635944,80.38027,-48.94635,61.800404,118.07138,44.808857
76.25051,104.57625,-6.0599103,71.56826,-24.387583,66.484245,112.08159,40.038567
112.77164,125.452194,-26.832563,95.15789,-54.43488,55.62886,99.56038,39.521946
108.56226,69.971535,-15.335008,101.20693,-36.834015,23.713936,115.85681,19.219112
107.60351,105.66575,-18.117386,99.08892,-38.070477,36.9621,121.23535,49.32268
113.827995,113.62328,-4.764225,102.35103,-49.21518,32.72567,128.1685,54.775757
123.72652,135.5777,-20.216776,108.71372,-55.949017,54.643314,121.17641,56.241776
112.974556,84.517845,-33.02147,97.95188,-45.519676,31.343054,131.31877,-1.5708969
103.033066,85.54823,-4.6730285,94.56493,-40.740025,28.564964,130.90915,28.77097
104.05535,98.72064,-1.98668,89.19622,-53.917175,31.379942,134.92891,26.988737
112.09371,72.37748,-15.483109,107.9194,-26.003008,41.150654,127.695984,15.496844
113.22102,80.26557,-28.940462,102.78745,-37.057095,27.80491,133.75127,10.366319
116.0431,79.36348,-21.467976,104.059715,-47.044865,20.605911,135.93904,12.241957
122.157684,94.47652,-26.228899,109.55142,-47.516724,34.44038,139.18275,19.202732
113.69807,109.46718,-23.898266,98.80803,-50.434628,40.02709,140.89726,27.746962
135.60696,113.20584,-40.7577,116.60673,-55.955902,23.045193,138.71483,34.64737
114.79792,97.560234,-12.381324,102.77378,-49.223774,9.01166,136.91942,39.695335
139.68916,83.44609,-23.16204,126.199615,-55.67606,20.463331,137.83807,14.718049
144.29831,68.76227,-13.7576885,134.75989,-48.877926,24.72915,148.64702,5.9373198
134.30492,92.921,-13.949005,122.56256,-53.189835,27.53396,154.85469,22.934921
122.365486,100.5314,-29.850332,105.28648,-54.135143,39.79459,152.55574,0.51060605
138.19913,85.47661,-15.071678,125.21279,-57.001846,39.47693,135.2389,8.4320345
134.13635,59.683018,-8.8941965,123.042885,-52.684418,20.18397,143.96146,-4.939829
142.01761,72.27379,-26.009296,126.9199,-57.981133,24.910692,150.59732,-12.388889
123.11174,96.46372,-13.514823,109.677124,-54.41224,40.714615,141.29056,17.869886
132.47359,69.31089,2.1819012,120.404915,-54.761948,37.61494,132.59795,2.924328
139.39243,70.89429,-8.112813,126.651436,-58.130493,42.93622,150.46848,-15.015319
137.39815,73.663086,-15.877141,129.79376,-41.735065,42.28786,146.23079,0.85768723
150.28723,87.123474,-4.480296,140.00024,-54.278965,32.30451,151.27666,24.233326
140.04018,78.498405,-13.636733,135.18369,-34.6835,34.882587,160.2393,21.498608
141.64215,80.49379,-9.712923,137.3844,-32.509113,30.742437,163.77159,31.71761
138.71283,93.751,5.180523,128.46217,-51.95127,36.81024,153.6029,32.624344
145.39343,92.818375,-16.674547,138.16216,-42.746685,47.77763,148.19467,22.878317
145.88008,103.01214,-8.770087,135.79668,-51.852264,36.068897,166.74243,35.551952
152.6442,82.006096,-21.570389,144.70297,-44.180824,36.284924,159.59596,12.095129
165.41237,89.13193,-11.6370325,155.22638,-56.677876,27.834906,168.61594,22.166862
163.87267,98.01658,-22.023464,154.56593,-49.857433,35.049896,168.71312,28.58945
146.97789,69.85879,-5.5550213,142.34544,-35.70441,24.369184,172.38203,19.849665
146.64754,101.22253,1.2645212,141.57356,-38.37762,40.012638,175.41707,48.5098
147.19205,102.53902,-15.001247,135.3257,-55.630356,38.07279,170.68385,25.173176
153.87413,55.3376,-7.132004,151.30608,-25.75227,36.695354,167.69897,3.398619
132.96335,97.8532,-12.167842,127.2187,-37.320045,34.03773,181.3188,29.559645
153.8449,95.90881,-0.04267583,145.99002,-48.567333,42.38606,167.34679,34.89581
