#cV2025  4 13  0  0  0.00000000    5040 SLR   ECF   FIT JCET
## 2362   18.000000         120.000000 60778   0.0000000    
+    1   L51  0  0  0  0  0  0  0  0  0  0  0  0  0  0  0  0
+          0  0  0  0  0  0  0  0  0  0  0  0  0  0  0  0  0
+          0  0  0  0  0  0  0  0  0  0  0  0  0  0  0  0  0
+          0  0  0  0  0  0  0  0  0  0  0  0  0  0  0  0  0
+          0  0  0  0  0  0  0  0  0  0  0  0  0  0  0  0  0
++       000000000000000000000000000000000000000000000000000
++       000000000000000000000000000000000000000000000000000
++       000000000000000000000000000000000000000000000000000
++       000000000000000000000000000000000000000000000000000
++       000000000000000000000000000000000000000000000000000
%c L  cc UTC ccc cccc cccc cccc cccc ccccc ccccc ccccc ccccc
%c cc cc ccc ccc cccc cccc cccc cccc ccccc ccccc ccccc ccccc
%f  0.0000000  0.000000000  0.00000000000  0.000000000000000
%f  0.0000000  0.000000000  0.00000000000  0.000000000000000
%i    0    0    0    0      0      0      0      0         0
%i    0    0    0    0      0      0      0      0         0
/* CCCCCCCCCCCCCCCCCCCCCCCCCCCCCCCCCCCCCCCCCCCCCCCCCCCCCCCCC
/*  ECF (IERS/ITRF) orbital product from JCET ILRS AC       
/* jcet.pos+eop.250419.v80.snx.gz                           
/* CCCCCCCCCCCCCCCCCCCCCCCCCCCCCCCCCCCCCCCCCCCCCCCCCCCCCCCCC
*  2025  4 13  0  0   0.00000000                            
PL51  12118.105129   1743.943899  -1392.382404              
VL51  -1785.087767 -28894.614345 -53016.813070              
*  2025  4 13  0  2   0.00000000                            
PL51  12075.522381   1395.083653  -2026.120685              
VL51  -5311.002337 -29223.946869 -52579.230760              
*  2025  4 13  0  4   0.00000000                            
PL51  11990.691995   1043.165874  -2653.639094              
VL51  -8824.188009 -29404.127617 -51980.453022              
*  2025  4 13  0  6   0.00000000                            
PL51  11863.844818    689.981767  -3273.014512              
VL51 -12311.639657 -29435.037124 -51222.430144              
*  2025  4 13  0  8   0.00000000                            
PL51  11695.367238    337.319976  -3882.350055              
VL51 -15760.447454 -29317.221317 -50307.582691              
*  2025  4 13  0 10   0.00000000                            
PL51  11485.799748    -13.041377  -4479.780665              
VL51 -19157.844600 -29051.886547 -49238.792871              
*  2025  4 13  0 12   0.00000000                            
PL51  11235.834949   -359.342571  -5063.478590              
VL51 -22491.254316 -28640.891998 -48019.394735              
*  2025  4 13  0 14   0.00000000                            
PL51  10946.314995   -699.850063  -5631.658746              
VL51 -25748.335924 -28086.739501 -46653.163237              
*  2025  4 13  0 16   0.00000000                            
PL51  10618.228482  -1032.864127  -6182.583933              
VL51 -28917.029878 -27392.560850 -45144.302227              
*  2025  4 13  0 18   0.00000000                            
PL51  10252.706817  -1356.726320  -6714.569906              
VL51 -31985.601602 -26562.102665 -43497.431411              
*  2025  4 13  0 20   0.00000000                            
PL51   9851.020057  -1669.826765  -7225.990282              
VL51 -34942.684004 -25599.708904 -41717.572352              
*  2025  4 13  0 22   0.00000000                            
PL51   9414.572254  -1970.611197  -7715.281273              
VL51 -37777.318548 -24510.301096 -39810.133546              
*  2025  4 13  0 24   0.00000000                            
PL51   8944.896312  -2257.587766  -8180.946239              
VL51 -40478.994769 -23299.356404 -37780.894631              
*  2025  4 13  0 26   0.00000000                            
PL51   8443.648382  -2529.333563  -8621.560035              
VL51 -43037.688124 -21972.883583 -35635.989775              
*  2025  4 13  0 28   0.00000000                            
PL51   7912.601815  -2784.500846  -9035.773172              
VL51 -45443.896094 -20537.396963 -33381.890287              
*  2025  4 13  0 30   0.00000000                            
PL51   7353.640683  -3021.822936  -9422.315745              
VL51 -47688.672414 -18999.888540 -31025.386499              
*  2025  4 13  0 32   0.00000000                            
PL51   6768.752919  -3240.119780  -9780.001156              
VL51 -49763.659380 -17367.798283 -28573.568958              
*  2025  4 13  0 34   0.00000000                            
PL51   6160.023060  -3438.303135 -10107.729597              
VL51 -51661.118138 -15648.982768 -26033.808966              
*  2025  4 13  0 36   0.00000000                            
PL51   5529.624656  -3615.381372 -10404.491299              
VL51 -53373.956883 -13851.682242 -23413.738504              
*  2025  4 13  0 38   0.00000000                            
PL51   4879.812346  -3770.463877 -10669.369539              
VL51 -54895.756913 -11984.486236 -20721.229572              
*  2025  4 13  0 40   0.00000000                            
PL51   4212.913631  -3902.765027 -10901.543393              
VL51 -56220.796456 -10056.297825 -17964.372974              
*  2025  4 13  0 42   0.00000000                            
PL51   3531.320387  -4011.607734 -11100.290229              
VL51 -57344.072217  -8076.296663 -15151.456567              
*  2025  4 13  0 44   0.00000000                            
PL51   2837.480120  -4096.426534 -11264.987943              
VL51 -58261.318595  -6053.900891 -12290.943007              
*  2025  4 13  0 46   0.00000000                            
PL51   2133.887009  -4156.770218 -11395.116917              
VL51 -58969.024481  -3998.728044  -9391.447011              
*  2025  4 13  0 48   0.00000000                            
PL51   1423.072771  -4192.303983 -11490.261704              
VL51 -59464.447616  -1920.555080  -6461.712155              
*  2025  4 13  0 50   0.00000000                            
PL51    707.597353  -4202.811104 -11550.112440              
VL51 -59745.626423    170.722357  -3510.587245              
*  2025  4 13  0 52   0.00000000                            
PL51     -9.960490  -4188.194108 -11574.465953              
VL51 -59811.389283   2265.131314   -547.002276              
*  2025  4 13  0 54   0.00000000                            
PL51   -727.012716  -4148.475453 -11563.226600              
VL51 -59661.361200   4352.663401   2420.055992              
*  2025  4 13  0 56   0.00000000                            
PL51  -1440.971587  -4083.797699 -11516.406793              
VL51 -59295.967805   6423.317056   5381.568812              
*  2025  4 13  0 58   0.00000000                            
PL51  -2149.259282  -3994.423171 -11434.127238              
VL51 -58716.436655   8467.140035   8328.510562              
*  2025  4 13  1  0   0.00000000                            
PL51  -2849.317517  -3880.733113 -11316.616861              
VL51 -57924.795803  10474.272023  11251.874160              
*  2025  4 13  1  2   0.00000000                            
PL51  -3538.617130  -3743.226327 -11164.212435              
VL51 -56923.869563  12434.987190  14142.696745              
*  2025  4 13  1  4   0.00000000                            
PL51  -4214.667592  -3582.517306 -10977.357891              
VL51 -55717.271460  14339.736573  16992.085597              
*  2025  4 13  1  6   0.00000000                            
PL51  -4875.026423  -3399.333861 -10756.603321              
VL51 -54309.394323  16179.190108  19791.244248              
*  2025  4 13  1  8   0.00000000                            
PL51  -5517.308473  -3194.514239 -10502.603669              
VL51 -52705.397479  17944.278172  22531.498734              
*  2025  4 13  1 10   0.00000000                            
PL51  -6139.195023  -2969.003759 -10216.117096              
VL51 -50911.191033  19626.232459  25204.323944              
*  2025  4 13  1 12   0.00000000                            
PL51  -6738.442690  -2723.850948  -9898.003042              
VL51 -48933.417217  21216.626026  27801.369985              
*  2025  4 13  1 14   0.00000000                            
PL51  -7312.892083  -2460.203214  -9549.219961              
VL51 -46779.428790  22707.412335  30314.488504              
*  2025  4 13  1 16   0.00000000                            
PL51  -7860.476186  -2179.302050  -9170.822748              
VL51 -44457.264507  24090.963101  32735.758892              
*  2025  4 13  1 18   0.00000000                            
PL51  -8379.228429  -1882.477796  -8763.959848              
VL51 -41975.621660  25360.104781  35057.514261              
*  2025  4 13  1 20   0.00000000                            
PL51  -8867.290411  -1571.143972  -8329.870060              
VL51 -39343.825730  26508.153507  37272.367132              
*  2025  4 13  1 22   0.00000000                            
PL51  -9322.919239  -1246.791198  -7869.879026              
VL51 -36571.797187  27528.948267  39373.234701              
*  2025  4 13  1 24   0.00000000                            
PL51  -9744.494458   -910.980731  -7385.395433              
VL51 -33670.015507  28416.882168  41353.363593              
*  2025  4 13  1 26   0.00000000                            
PL51 -10130.524531   -565.337642  -6877.906908              
VL51 -30649.480479  29166.931571  43206.353984              
*  2025  4 13  1 28   0.00000000                            
PL51 -10479.652831   -211.543648  -6348.975640              
VL51 -27521.670911  29774.682926  44926.182967              
*  2025  4 13  1 30   0.00000000                            
PL51 -10790.663137    148.670355  -5800.233717              
VL51 -24298.500845  30236.357125  46507.227037              
*  2025  4 13  1 32   0.00000000                            
PL51 -11062.484575    513.532035  -5233.378204              
VL51 -20992.273425  30548.831200  47944.283567              
*  2025  4 13  1 34   0.00000000                            
PL51 -11294.196005    881.235621  -4650.165972              
VL51 -17615.632596  30709.657189  49232.591142              
*  2025  4 13  1 36   0.00000000                            
PL51 -11485.029807   1249.950095  -4052.408285              
VL51 -14181.512790  30717.078045  50367.848624              
*  2025  4 13  1 38   0.00000000                            
PL51 -11634.375061   1617.827566  -3441.965168              
VL51 -10703.086835  30570.040411  51346.232816              
*  2025  4 13  1 40   0.00000000                            
PL51 -11741.780079   1983.011775  -2820.739578              
VL51  -7193.712296  30268.204176  52164.414590              
*  2025  4 13  1 42   0.00000000                            
PL51 -11806.954300   2343.646693  -2190.671383              
VL51  -3666.876503  29811.948669  52819.573375              
*  2025  4 13  1 44   0.00000000                            
PL51 -11829.769511   2697.885176  -1553.731180              
VL51   -136.140531  29202.375434  53309.409886              
*  2025  4 13  1 46   0.00000000                            
PL51 -11810.260389   3043.897628   -911.913978              
VL51   3384.917597  28441.307501  53632.156981              
*  2025  4 13  1 48   0.00000000                            
PL51 -11748.624364   3379.880642   -267.232751              
VL51   6882.760180  27531.285123  53786.588570              
*  2025  4 13  1 50   0.00000000                            
PL51 -11645.220788   3704.065558    378.288096              
VL51  10343.947297  26475.557946  53772.026493              
*  2025  4 13  1 52   0.00000000                            
PL51 -11500.569419   4014.726912   1022.619332              
VL51  13755.194124  25278.073625  53588.345282              
*  2025  4 13  1 54   0.00000000                            
PL51 -11315.348218   4310.190729   1663.733549              
VL51  17103.427820  23943.462903  53235.974781              
*  2025  4 13  1 56   0.00000000                            
PL51 -11090.390467   4588.842610   2299.611835              
VL51  20375.843646  22477.021220  52715.900553              
*  2025  4 13  1 58   0.00000000                            
PL51 -10826.681220   4849.135583   2928.250430              
VL51  23559.960008  20884.686908  52029.662075              
*  2025  4 13  2  0   0.00000000                            
PL51 -10525.353103   5089.597668   3547.667351              
VL51  26643.672124  19173.016095  51179.348698              
*  2025  4 13  2  2   0.00000000                            
PL51 -10187.681476   5308.839128   4155.908958              
VL51  29615.303983  17349.154432  50167.593386              
*  2025  4 13  2  4   0.00000000                            
PL51  -9815.078990   5505.559353   4751.056426              
VL51  32463.658340  15420.805786  48997.564263              
*  2025  4 13  2  6   0.00000000                            
PL51  -9409.089548   5678.553362   5331.232106              
VL51  35178.064441  13396.198085  47672.954002              
*  2025  4 13  2  8   0.00000000                            
PL51  -8971.381717   5826.717868   5894.605748              
VL51  37748.423231  11284.046483  46197.967122              
*  2025  4 13  2 10   0.00000000                            
PL51  -8503.741610   5949.056896   6439.400552              
VL51  40165.249804   9093.514061  44577.305248              
*  2025  4 13  2 12   0.00000000                            
PL51  -8008.065272   6044.686908   6963.899040              
VL51  42419.712861   6834.170268  42816.150438              
*  2025  4 13  2 14   0.00000000                            
PL51  -7486.350621   6112.841419   7466.448707              
VL51  44503.670997   4515.947355  40920.146646              
*  2025  4 13  2 16   0.00000000                            
PL51  -6940.688966   6152.875086   7945.467449              
VL51  46409.705622   2149.095015  38895.379444              
*  2025  4 13  2 18   0.00000000                            
PL51  -6373.256153   6164.267228   8399.448729              
VL51  48131.150371   -255.866502  36748.354106              
*  2025  4 13  2 20   0.00000000                            
PL51  -5786.303381   6146.624796   8826.966472              
VL51  49662.116878  -2688.194544  34485.972171              
*  2025  4 13  2 22   0.00000000                            
PL51  -5182.147728   6099.684735   9226.679681              
VL51  50997.516796  -5136.973237  32115.506631              
*  2025  4 13  2 24   0.00000000                            
PL51  -4563.162441   6023.315777   9597.336729              
VL51  52133.080007  -7591.163397  29644.575849              
*  2025  4 13  2 26   0.00000000                            
PL51  -3931.767023   5917.519608   9937.779348              
VL51  53065.368946 -10039.652945  27081.116374              
*  2025  4 13  2 28   0.00000000                            
PL51  -3290.417180   5782.431445  10246.946279              
VL51  53791.789036 -12471.307532  24433.354785              
*  2025  4 13  2 30   0.00000000                            
PL51  -2641.594661   5618.319996  10523.876576              
VL51  54310.595225 -14875.021144  21709.778692              
*  2025  4 13  2 32   0.00000000                            
PL51  -1987.797041   5425.586822  10767.712561              
VL51  54620.894657 -17239.766422  18919.107053              
*  2025  4 13  2 34   0.00000000                            
PL51  -1331.527502   5204.765090  10977.702422              
VL51  54722.645514 -19554.644471  16070.259934              
*  2025  4 13  2 36   0.00000000                            
PL51   -675.284643   4956.517734  11153.202442              
VL51  54616.652110 -21808.933919  13172.327826              
*  2025  4 13  2 38   0.00000000                            
PL51    -21.552377   4681.635044  11293.678857              
VL51  54304.556304 -23992.139018  10234.540667              
*  2025  4 13  2 40   0.00000000                            
PL51    627.210054   4381.031665  11398.709343              
VL51  53788.825334 -26094.036559   7266.236669              
*  2025  4 13  2 42   0.00000000                            
PL51   1268.577887   4055.743060  11467.984127              
VL51  53072.736185 -28104.721423   4276.831071              
*  2025  4 13  2 44   0.00000000                            
PL51   1900.170452   3706.921423  11501.306727              
VL51  52160.356597 -30014.650556   1275.784924              
*  2025  4 13  2 46   0.00000000                            
PL51   2519.660523   3335.831079  11498.594311              
VL51  51056.522860 -31814.685201  -1727.425979              
*  2025  4 13  2 48   0.00000000                            
PL51   3124.783400   2943.843392  11459.877692              
VL51  49766.814532 -33496.131214  -4723.341937              
*  2025  4 13  2 50   0.00000000                            
PL51   3713.345655   2532.431194  11385.300950              
VL51  48297.526235 -35050.777303  -7702.549828              
*  2025  4 13  2 52   0.00000000                            
PL51   4283.233532   2103.162775  11275.120692              
VL51  46655.636679 -36470.931040 -10655.713173              
*  2025  4 13  2 54   0.00000000                            
PL51   4832.420959   1657.695451  11129.704954              
VL51  44848.775104 -37749.452525 -13573.601669              
*  2025  4 13  2 56   0.00000000                            
PL51   5358.977139   1197.768745  10949.531757              
VL51  42885.185289 -38879.785550 -16447.120126              
*  2025  4 13  2 58   0.00000000                            
PL51   5861.073696    725.197208  10735.187308              
VL51  40773.687331 -39855.986188 -19267.336706              
*  2025  4 13  3  0   0.00000000                            
PL51   6336.991355    241.862914  10487.363880              
VL51  38523.637369 -40672.748663 -22025.510413              
*  2025  4 13  3  2   0.00000000                            
PL51   6785.126120   -250.292342  10206.857359              
VL51  36144.885447 -41325.428453 -24713.117735              
*  2025  4 13  3  4   0.00000000                            
PL51   7203.994939   -749.275097   9894.564480              
VL51  33647.731703 -41810.062512 -27321.878386              
*  2025  4 13  3  6   0.00000000                            
PL51   7592.240840  -1253.048511   9551.479756              
VL51  31042.881101 -42123.386579 -29843.780076              
*  2025  4 13  3  8   0.00000000                            
PL51   7948.637505  -1759.540837   9178.692122              
VL51  28341.396881 -42262.849485 -32271.102246              
*  2025  4 13  3 10   0.00000000                            
PL51   8272.093287  -2266.654052   8777.381294              
VL51  25554.652950 -42226.624457 -34596.438711              
*  2025  4 13  3 12   0.00000000                            
PL51   8561.654648  -2772.272600   8348.813868              
VL51  22694.285414 -42013.617350 -36812.719146              
*  2025  4 13  3 14   0.00000000                            
PL51   8816.509013  -3274.272219   7894.339168              
VL51  19772.143441 -41623.471824 -38913.229385              
*  2025  4 13  3 16   0.00000000                            
PL51   9035.987024  -3770.528808   7415.384855              
VL51  16800.239687 -41056.571438 -40891.630457              
*  2025  4 13  3 18   0.00000000                            
PL51   9219.564211  -4258.927308   6913.452316              
VL51  13790.700467 -40314.038682 -42741.976334              
*  2025  4 13  3 20   0.00000000                            
PL51   9366.862048  -4737.370542   6390.111851              
VL51  10755.715885 -39397.730965 -44458.730337              
*  2025  4 13  3 22   0.00000000                            
PL51   9477.648429  -5203.787999   5846.997667              
VL51   7707.490128 -38310.233583 -46036.780176              
*  2025  4 13  3 24   0.00000000                            
PL51   9551.837531  -5656.144510   5285.802704              
VL51   4658.192125 -37054.849736 -47471.451571              
*  2025  4 13  3 26   0.00000000                            
PL51   9589.489105  -6092.448789   4708.273304              
VL51   1619.906764 -35635.587623 -48758.520456              
*  2025  4 13  3 28   0.00000000                            
PL51   9590.807177  -6510.761801   4116.203742              
VL51  -1395.413137 -34057.144716 -49894.223711              
*  2025  4 13  3 30   0.00000000                            
PL51   9556.138175  -6909.204926   3511.430636              
VL51  -4375.993912 -32324.889270 -50875.268431              
*  2025  4 13  3 32   0.00000000                            
PL51   9485.968508  -7285.967882   2895.827261              
VL51  -7310.287007 -30444.839185 -51698.839713              
*  2025  4 13  3 34   0.00000000                            
PL51   9380.921593  -7639.316384   2271.297767              
VL51 -10187.013635 -28423.638310 -52362.606952              
*  2025  4 13  3 36   0.00000000                            
PL51   9241.754356  -7967.599497   1639.771344              
VL51 -12995.207980 -26268.530309 -52864.728647              
*  2025  4 13  3 38   0.00000000                            
PL51   9069.353227  -8269.256671   1003.196327              
VL51 -15724.258757 -23987.330210 -53203.855734              
*  2025  4 13  3 40   0.00000000                            
PL51   8864.729645  -8542.824409    363.534273              
VL51 -18363.949018 -21588.393778 -53379.133446              
*  2025  4 13  3 42   0.00000000                            
PL51   8629.015095  -8786.942568   -277.245970              
VL51 -20904.494039 -19080.584833 -53390.201725              
*  2025  4 13  3 44   0.00000000                            
PL51   8363.455703  -9000.360246   -917.174198              
VL51 -23336.577176 -16473.240673 -53237.194205              
*  2025  4 13  3 46   0.00000000                            
PL51   8069.406421  -9181.941247  -1554.284760              
VL51 -25651.383576 -13776.135740 -52920.735790              
*  2025  4 13  3 48   0.00000000                            
PL51   7748.324807  -9330.669106  -2186.622436              
VL51 -27840.631616 -10999.443681 -52441.938858              
*  2025  4 13  3 50   0.00000000                            
PL51   7401.764453  -9445.651637  -2812.248252              
VL51 -29896.602011  -8153.697972 -51802.398134              
*  2025  4 13  3 52   0.00000000                            
PL51   7031.368075  -9526.125015  -3429.245235              
VL51 -31812.164471  -5249.751253 -51004.184248              
*  2025  4 13  3 54   0.00000000                            
PL51   6638.860293  -9571.457351  -4035.724074              
VL51 -33580.801858  -2298.733532 -50049.836047              
*  2025  4 13  3 56   0.00000000                            
PL51   6226.040150  -9581.151768  -4629.828694              
VL51 -35196.631779    687.990561 -48942.351674              
*  2025  4 13  3 58   0.00000000                            
PL51   5794.773368  -9554.848954  -5209.741700              
VL51 -36654.425552   3698.865334 -47685.178487              
*  2025  4 13  4  0   0.00000000                            
PL51   5346.984410  -9492.329192  -5773.689706              
VL51 -37949.624520   6722.188218 -46282.201853              
*  2025  4 13  4  2   0.00000000                            
PL51   4884.648355  -9393.513854  -6319.948519              
VL51 -39078.353684   9746.154436 -44737.732868              
*  2025  4 13  4  4   0.00000000                            
PL51   4409.782621  -9258.466357  -6846.848166              
VL51 -40037.432628  12758.901984 -43056.495068              
*  2025  4 13  4  6   0.00000000                            
PL51   3924.438582  -9087.392580  -7352.777761              
VL51 -40824.383748  15748.556776 -41243.610169              
*  2025  4 13  4  8   0.00000000                            
PL51   3430.693099  -8880.640738  -7836.190192              
VL51 -41437.437782  18703.277800 -39304.582909              
*  2025  4 13  4 10   0.00000000                            
PL51   2930.639996  -8638.700714  -8295.606622              
VL51 -41875.536662  21611.302143 -37245.285031              
*  2025  4 13  4 12   0.00000000                            
PL51   2426.381526  -8362.202853  -8729.620794              
VL51 -42138.333708  24460.989745 -35071.938450              
*  2025  4 13  4 14   0.00000000                            
PL51   1920.019844  -8051.916224  -9136.903126              
VL51 -42226.191205  27240.867756 -32791.097674              
*  2025  4 13  4 16   0.00000000                            
PL51   1413.648529  -7708.746345  -9516.204598              
VL51 -42140.175387  29939.674333 -30409.631495              
*  2025  4 13  4 18   0.00000000                            
PL51    909.344175  -7333.732394  -9866.360401              
VL51 -41882.048877  32546.401808 -27934.704000              
*  2025  4 13  4 20   0.00000000                            
PL51    409.158099  -6928.043905 -10186.293374              
VL51 -41454.260631  35050.339045 -25373.754943              
*  2025  4 13  4 22   0.00000000                            
PL51    -84.891830  -6492.976959 -10475.017184              
VL51 -40859.933435  37441.112900 -22734.479507              
*  2025  4 13  4 24   0.00000000                            
PL51   -570.829182  -6029.949882 -10731.639269              
VL51 -40102.849005  39708.728655 -20024.807487              
*  2025  4 13  4 26   0.00000000                            
PL51  -1046.726781  -5540.498470 -10955.363526              
VL51 -39187.430754  41843.609315 -17252.881927              
*  2025  4 13  4 28   0.00000000                            
PL51  -1510.714281  -5026.270747 -11145.492738              
VL51 -38118.724291  43836.633640 -14427.037239              
*  2025  4 13  4 30   0.00000000                            
PL51  -1960.985511  -4489.021272 -11301.430739              
VL51 -36902.375705  45679.172823 -11555.776829              
*  2025  4 13  4 32   0.00000000                            
PL51  -2395.805539  -3930.605017 -11422.684303              
VL51 -35544.607719  47363.125686  -8647.750251              
*  2025  4 13  4 34   0.00000000                            
PL51  -2813.517436  -3352.970837 -11508.864759              
VL51 -34052.193762  48880.952288  -5711.729914              
*  2025  4 13  4 36   0.00000000                            
PL51  -3212.548718  -2758.154536 -11559.689324              
VL51 -32432.430058  50225.705841  -2756.587366              
*  2025  4 13  4 38   0.00000000                            
PL51  -3591.417446  -2148.271568 -11574.982149              
VL51 -30693.105781  51391.062808    208.730822              
*  2025  4 13  4 40   0.00000000                            
PL51  -3948.737952  -1525.509392 -11554.675070              
VL51 -28842.471381  52371.351098   3175.227554              
*  2025  4 13  4 42   0.00000000                            
PL51  -4283.226172   -892.119487 -11498.808067              
VL51 -26889.205143  53161.576220   6133.880060              
*  2025  4 13  4 44   0.00000000                            
PL51  -4593.704577   -250.409081 -11407.529424              
VL51 -24842.378080  53757.445296   9075.665070              
*  2025  4 13  4 46   0.00000000                            
PL51  -4879.106661    397.267401 -11281.095578              
VL51 -22711.417246  54155.388829  11991.584294              
*  2025  4 13  4 48   0.00000000                            
PL51  -5138.480991   1048.517142 -11119.870668              
VL51 -20506.067567  54352.580094  14872.690168              
*  2025  4 13  4 50   0.00000000                            
PL51  -5370.994782   1700.917944 -10924.325768              
VL51 -18236.352287  54346.952047  17710.111825              
*  2025  4 13  4 52   0.00000000                            
PL51  -5575.936994   2352.027438 -10695.037813              
VL51 -15912.532143  54137.211638  20495.081266              
*  2025  4 13  4 54   0.00000000                            
PL51  -5752.720932   2999.392439 -10432.688206              
VL51 -13545.063382  53722.851405  23218.959652              
*  2025  4 13  4 56   0.00000000                            
PL51  -5900.886335   3640.558434 -10138.061106              
VL51 -11144.554748  53104.158236  25873.263699              
*  2025  4 13  4 58   0.00000000                            
PL51  -6020.100941   4273.079147  -9812.041411              
VL51  -8721.723560  52282.219199  28449.692064              
*  2025  4 13  5  0   0.00000000                            
PL51  -6110.161526   4894.526166  -9455.612407              
VL51  -6287.351050  51258.924315  30940.151679              
*  2025  4 13  5  2   0.00000000                            
PL51  -6170.994398   5502.498572  -9069.853118              
VL51  -3852.237089  50036.966203  33336.783937              
*  2025  4 13  5  4   0.00000000                            
PL51  -6202.655346   6094.632563  -8655.935336              
VL51  -1427.154492  48619.836494  35631.990627              
*  2025  4 13  5  6   0.00000000                            
PL51  -6205.329041   6668.610993  -8215.120339              
VL51    977.196936  47011.818950  37818.459539              
*  2025  4 13  5  8   0.00000000                            
PL51  -6179.327884   7222.172827  -7748.755310              
VL51   3350.236427  45217.979224  39889.189616              
*  2025  4 13  5 10   0.00000000                            
PL51  -6125.090301   7753.122442  -7258.269456              
VL51   5681.548137  43244.151218  41837.515549              
*  2025  4 13  5 12   0.00000000                            
PL51  -6043.178491   8259.338747  -6745.169831              
VL51   7960.926713  41096.920015  43657.131697              
*  2025  4 13  5 14   0.00000000                            
PL51  -5934.275628   8738.784079  -6211.036883              
VL51  10178.422310  38783.601367  45342.115222              
*  2025  4 13  5 16   0.00000000                            
PL51  -5799.182529   9189.512829  -5657.519727              
VL51  12324.384850  36312.217757  46886.948293              
*  2025  4 13  5 18   0.00000000                            
PL51  -5638.813799   9609.679766  -5086.331155              
VL51  14389.507301  33691.471059  48286.539262              
*  2025  4 13  5 20   0.00000000                            
PL51  -5454.193456   9997.548003  -4499.242400              
VL51  16364.867751  30930.711843  49536.242658              
*  2025  4 13  5 22   0.00000000                            
PL51  -5246.450065  10351.496585  -3898.077671              
VL51  18241.970040  28039.905408  50631.877895              
*  2025  4 13  5 24   0.00000000                            
PL51  -5016.811398  10670.027644  -3284.708467              
VL51  20012.782735  25029.594633  51569.746541              
*  2025  4 13  5 26   0.00000000                            
PL51  -4766.598626  10951.773094  -2661.047694              
VL51  21669.776216  21910.859778  52346.648047              
*  2025  4 13  5 28   0.00000000                            
PL51  -4497.220091  11195.500820  -2029.043609              
VL51  23205.957645  18695.275374  52959.893808              
*  2025  4 13  5 30   0.00000000                            
PL51  -4210.164663  11400.120343  -1390.673597              
VL51  24614.903614  15394.864388  53407.319436              
*  2025  4 13  5 32   0.00000000                            
PL51  -3906.994725  11564.687905   -747.937817              
VL51  25890.790246  12022.049844  53687.295160              
*  2025  4 13  5 34   0.00000000                            
PL51  -3589.338809  11688.410975   -102.852735              
VL51  27028.420575   8589.604138  53798.734230              
*  2025  4 13  5 36   0.00000000                            
PL51  -3258.883928  11770.652123    542.555432              
VL51  28023.249001   5110.596288  53741.099271              
*  2025  4 13  5 38   0.00000000                            
PL51  -2917.367625  11810.932257   1186.257340              
VL51  28871.402655   1598.337389  53514.406488              
*  2025  4 13  5 40   0.00000000                            
PL51  -2566.569787  11808.933188   1826.227168              
VL51  29569.699536  -1933.675433  53119.227694              
*  2025  4 13  5 42   0.00000000                            
PL51  -2208.304265  11764.499525   2460.449294              
VL51  30115.663282  -5471.816265  52556.690118              
*  2025  4 13  5 44   0.00000000                            
PL51  -1844.410336  11677.639870   3086.924942              
VL51  30507.534480  -9002.388532  51828.473985              
*  2025  4 13  5 46   0.00000000                            
PL51  -1476.744046  11548.527315   3703.678796              
VL51  30744.278434 -12511.683689  50936.807874              
*  2025  4 13  5 48   0.00000000                            
PL51  -1107.169486  11377.499230   4308.765539              
VL51  30825.589352 -15986.040157  49884.461870              
*  2025  4 13  5 50   0.00000000                            
PL51   -737.550039  11165.056351   4900.276301              
VL51  30751.890905 -19411.902188  48674.738545              
*  2025  4 13  5 52   0.00000000                            
PL51   -369.739641  10911.861151   5476.344982              
VL51  30524.333171 -22775.878340  47311.461820              
*  2025  4 13  5 54   0.00000000                            
PL51     -5.574099  10618.735529   6035.154433              
VL51  30144.785971 -26064.799252  45798.963753              
*  2025  4 13  5 56   0.00000000                            
PL51    353.137485  10286.657797   6574.942462              
VL51  29615.828649 -29265.774416  44142.069322              
*  2025  4 13  5 58   0.00000000                            
PL51    704.621154   9916.759003   7094.007653              
VL51  28940.736343 -32366.247636  42346.079292              
*  2025  4 13  6  0   0.00000000                            
PL51   1047.146340   9510.318593   7590.714955              
VL51  28123.462844 -35354.050873  40416.751247              
*  2025  4 13  6  2   0.00000000                            
PL51   1379.033896   9068.759439   8063.501050              
VL51  27168.620157 -38217.456224  38360.278905              
*  2025  4 13  6  4   0.00000000                            
PL51   1698.663847   8593.642259   8510.879450              
VL51  26081.454871 -40945.225731  36183.269824              
*  2025  4 13  6  6   0.00000000                            
PL51   2004.482858   8086.659446   8931.445321              
VL51  24867.821510 -43526.658819  33892.721633              
*  2025  4 13  6  8   0.00000000                            
PL51   2295.011344   7549.628351   9323.880019              
VL51  23534.153021 -45951.637106  31495.996916              
*  2025  4 13  6 10   0.00000000                            
PL51   2568.850232   6984.484041   9686.955305              
VL51  22087.428577 -48210.666411  29000.796879              
*  2025  4 13  6 12   0.00000000                            
PL51   2824.687300   6393.271571  10019.537255              
VL51  20535.138893 -50294.915769  26415.133946              
*  2025  4 13  6 14   0.00000000                            
PL51   3061.303101   5778.137808  10320.589817              
VL51  18885.249252 -52196.253311  23747.303409              
*  2025  4 13  6 16   0.00000000                            
PL51   3277.576426   5141.322842  10589.178034              
VL51  17146.160462 -53907.278847  21005.854268              
*  2025  4 13  6 18   0.00000000                            
PL51   3472.489283   4485.151027  10824.470912              
VL51  15326.667951 -55421.353071  18199.559402              
*  2025  4 13  6 20   0.00000000                            
PL51   3645.131384   3812.021694  11025.743923              
VL51  13435.919229 -56732.623266  15337.385189              
*  2025  4 13  6 22   0.00000000                            
PL51   3794.704101   3124.399572  11192.381140              
VL51  11483.369948 -57836.045445  12428.460725              
*  2025  4 13  6 24   0.00000000                            
PL51   3920.523899   2424.804976  11323.877011              
VL51   9478.738779 -58727.402878   9482.046749              
*  2025  4 13  6 26   0.00000000                            
PL51   4022.025216   1715.803776  11419.837742              
VL51   7431.961354 -59403.320965   6507.504412              
*  2025  4 13  6 28   0.00000000                            
PL51   4098.762786    999.997231  11479.982321              
VL51   5353.143481 -59861.278448   3514.263990              
*  2025  4 13  6 30   0.00000000                            
PL51   4150.413396    280.011694  11504.143159              
VL51   3252.513874 -60099.614954    511.793671              
*  2025  4 13  6 32   0.00000000                            
PL51   4176.777077   -441.511744  11492.266356              
VL51   1140.376611 -60117.534889  -2490.431501              
*  2025  4 13  6 34   0.00000000                            
PL51   4177.777726  -1161.927638  11444.411598              
VL51   -972.936449 -59915.107714  -5482.960416              
*  2025  4 13  6 36   0.00000000                            
PL51   4153.463150  -1878.596550  11360.751692              
VL51  -3077.113088 -59493.264633  -8456.396322              
*  2025  4 13  6 38   0.00000000                            
PL51   4104.004548  -2588.895355  11241.571726              
VL51  -5161.907761 -58853.791763 -11401.426794              
*  2025  4 13  6 40   0.00000000                            
PL51   4029.695435  -3290.227443  11087.267887              
VL51  -7217.188051 -57999.319834 -14308.853167              
*  2025  4 13  6 42   0.00000000                            
PL51   3930.950007  -3980.032771  10898.345917              
VL51  -9232.980325 -56933.310515 -17169.619322              
*  2025  4 13  6 44   0.00000000                            
PL51   3808.300966  -4655.797741  10675.419236              
VL51 -11199.514410 -55660.039448 -19974.839769              
*  2025  4 13  6 46   0.00000000                            
PL51   3662.396819  -5315.064844  10419.206729              
VL51 -13107.267094 -54184.576107 -22715.826922              
*  2025  4 13  6 48   0.00000000                            
PL51   3493.998656  -5955.442057  10130.530213              
VL51 -14947.004276 -52512.760589 -25384.117509              
*  2025  4 13  6 50   0.00000000                            
PL51   3303.976439  -6574.611930   9810.311589              
VL51 -16709.821598 -50651.177478 -27971.498043              
*  2025  4 13  6 52   0.00000000                            
PL51   3093.304808  -7170.340353   9459.569700              
VL51 -18387.183394 -48607.126911 -30470.029281              
*  2025  4 13  6 54   0.00000000                            
PL51   2863.058432  -7740.484954   9079.416896              
VL51 -19970.959813 -46388.592997 -32872.069630              
*  2025  4 13  6 56   0.00000000                            
PL51   2614.406927  -8283.003104   8671.055328              
VL51 -21453.461971 -44004.209736 -35170.297437              
*  2025  4 13  6 58   0.00000000                            
PL51   2348.609363  -8795.959502   8235.772981              
VL51 -22827.475007 -41463.224595 -37357.732116              
*  2025  4 13  7  0   0.00000000                            
PL51   2067.008390  -9277.533303   7774.939462              
VL51 -24086.288920 -38775.459906 -39427.754066              
*  2025  4 13  7  2   0.00000000                            
PL51   1771.024002  -9726.024780   7290.001551              
VL51 -25223.727071 -35951.272249 -41374.123336              
*  2025  4 13  7  4   0.00000000                            
PL51   1462.146985 -10139.861477   6782.478543              
VL51 -26234.172256 -33001.509986 -43190.997001              
*  2025  4 13  7  6   0.00000000                            
PL51   1141.932054 -10517.603850   6253.957385              
VL51 -27112.590252 -29937.469150 -44872.945200              
*  2025  4 13  7  8   0.00000000                            
PL51    811.990729 -10857.950366   5706.087630              
VL51 -27854.550749 -26770.847836 -46414.965814              
*  2025  4 13  7 10   0.00000000                            
PL51    473.983980 -11159.742047   5140.576224              
VL51 -28456.245621 -23513.699314 -47812.497747              
*  2025  4 13  7 12   0.00000000                            
PL51    129.614662 -11421.966447   4559.182137              
VL51 -28914.504438 -20178.384042 -49061.432782              
*  2025  4 13  7 14   0.00000000                            
PL51   -219.380217 -11643.761043   3963.710870              
VL51 -29226.807208 -16777.520771 -50158.125995              
*  2025  4 13  7 16   0.00000000                            
PL51   -571.237361 -11824.416041   3356.008838              
VL51 -29391.294296 -13323.936952 -51099.404699              
*  2025  4 13  7 18   0.00000000                            
PL51   -924.175160 -11963.376577   2737.957655              
VL51 -29406.773492  -9830.618644 -51882.575908              
*  2025  4 13  7 20   0.00000000                            
PL51  -1276.401723 -12060.244319   2111.468344              
VL51 -29272.724234  -6310.660117 -52505.432303              
*  2025  4 13  7 22   0.00000000                            
PL51  -1626.122949 -12114.778465   1478.475476              
VL51 -28989.298970  -2777.213375 -52966.256704              
*  2025  4 13  7 24   0.00000000                            
PL51  -1971.550602 -12126.896130    840.931275              
VL51 -28557.321708    756.562203 -53263.825049              
*  2025  4 13  7 26   0.00000000                            
PL51  -2310.910340 -12096.672136    200.799685              
VL51 -27978.283744   4277.549905 -53397.407899              
*  2025  4 13  7 28   0.00000000                            
PL51  -2642.449688 -12024.338201   -439.949565              
VL51 -27254.336656   7772.725216 -53366.770476              
*  2025  4 13  7 30   0.00000000                            
PL51  -2964.445906 -11910.281540  -1079.346892              
VL51 -26388.282590  11229.204640 -53172.171282              
*  2025  4 13  7 32   0.00000000                            
PL51  -3275.213719 -11755.042883  -1715.428758              
VL51 -25383.561906  14634.293652 -52814.359305              
*  2025  4 13  7 34   0.00000000                            
PL51  -3573.112897 -11559.313927  -2346.243539              
VL51 -24244.238272  17975.533600 -52294.569872              
*  2025  4 13  7 36   0.00000000                            
PL51  -3856.555624 -11323.934226  -2969.857325              
VL51 -22974.981269  21240.747395 -51614.519160              
*  2025  4 13  7 38   0.00000000                            
PL51  -4124.013660 -11049.887549  -3584.359652              
VL51 -21581.046609  24418.083840 -50776.397425              
*  2025  4 13  7 40   0.00000000                            
PL51  -4374.025237 -10738.297709  -4187.869143              
VL51 -20068.254051  27496.060447 -49782.860976              
*  2025  4 13  7 42   0.00000000                            
PL51  -4605.201692 -10390.423889  -4778.539048              
VL51 -18442.963131  30463.604612 -48637.022948              
*  2025  4 13  7 44   0.00000000                            
PL51  -4816.233782 -10007.655488  -5354.562667              
VL51 -16712.046805  33310.092999 -47342.442916              
*  2025  4 13  7 46   0.00000000                            
PL51  -5005.897682  -9591.506498  -5914.178632              
VL51 -14882.863136  36025.389042 -45903.115409              
*  2025  4 13  7 48   0.00000000                            
PL51  -5173.060620  -9143.609454  -6455.676059              
VL51 -12963.225125  38599.878440 -44323.457372              
*  2025  4 13  7 50   0.00000000                            
PL51  -5316.686155  -8665.708958  -6977.399537              
VL51 -10961.368834  41024.502553 -42608.294629              
*  2025  4 13  7 52   0.00000000                            
PL51  -5435.839050  -8159.654826  -7477.753942              
VL51  -8885.919909  43290.789623 -40762.847403              
*  2025  4 13  7 54   0.00000000                            
PL51  -5529.689737  -7627.394867  -7955.209086              
VL51  -6745.858639  45390.883740 -38792.714948              
*  2025  4 13  7 56   0.00000000                            
PL51  -5597.518360  -7070.967333  -8408.304162              
VL51  -4550.483673  47317.571489 -36703.859327              
*  2025  4 13  7 58   0.00000000                            
PL51  -5638.718371  -6492.493059  -8835.652005              
VL51  -2309.374534  49064.306242 -34502.588404              
*  2025  4 13  8  0   0.00000000                            
PL51  -5652.799667  -5894.167325  -9235.943126              
VL51    -32.353043  50625.230007 -32195.538071              
*  2025  4 13  8  2   0.00000000                            
PL51  -5639.391266  -5278.251483  -9607.949545              
VL51   2270.556194  51995.192828 -29789.653771              
*  2025  4 13  8  4   0.00000000                            
PL51  -5598.243494  -4647.064344  -9950.528389              
VL51   4589.166135  53169.769691 -27292.171343              
*  2025  4 13  8  6   0.00000000                            
PL51  -5529.229693  -4002.973401 -10262.625259              
VL51   6913.168337  54145.274900 -24710.597227              
*  2025  4 13  8  8   0.00000000                            
PL51  -5432.347426  -3348.385877 -10543.277353              
VL51   9232.174553  54918.773904 -22052.688074              
*  2025  4 13  8 10   0.00000000                            
PL51  -5307.719186  -2685.739655 -10791.616350              
VL51  11535.758759  55488.092556 -19326.429781              
*  2025  4 13  8 12   0.00000000                            
PL51  -5155.592590  -2017.494113 -11006.871023              
VL51  13813.499494  55851.823792 -16540.015993              
*  2025  4 13  8 14   0.00000000                            
PL51  -4976.340075  -1346.120885 -11188.369610              
VL51  16055.022366  56009.331716 -13701.826094              
*  2025  4 13  8 16   0.00000000                            
PL51  -4770.458075   -674.094605 -11335.541899              
VL51  18250.042606  55960.753095 -10820.402713              
*  2025  4 13  8 18   0.00000000                            
PL51  -4538.565691     -3.883631 -11447.921059              
VL51  20388.407540  55706.996254  -7904.428775              
*  2025  4 13  8 20   0.00000000                            
PL51  -4281.402851    662.059190 -11525.145177              
VL51  22460.138849  55249.737370  -4962.704115              
*  2025  4 13  8 22   0.00000000                            
PL51  -3999.827969   1321.305703 -11566.958520              
VL51  24455.474487  54591.414183  -2004.121668              
*  2025  4 13  8 24   0.00000000                            
PL51  -3694.815097   1971.461531 -11573.212510              
VL51  26364.910121  53735.217105    962.356729              
*  2025  4 13  8 26   0.00000000                            
PL51  -3367.450589   2610.175042 -11543.866400              
VL51  28179.239959  52685.077741   3927.724924              
*  2025  4 13  8 28   0.00000000                            
PL51  -3018.929274   3235.146162 -11478.987659              
VL51  29889.596831  51445.654836   6882.957383              
*  2025  4 13  8 30   0.00000000                            
PL51  -2650.550164   3844.135003 -11378.752051              
VL51  31487.491369  50022.317638   9819.034456              
*  2025  4 13  8 32   0.00000000                            
PL51  -2263.711679   4434.970276 -11243.443417              
VL51  32964.850149  48421.126699  12726.967938              
*  2025  4 13  8 34   0.00000000                            
PL51  -1859.906445   5005.557458 -11073.453133              
VL51  34314.052637  46648.812135  15597.826897              
*  2025  4 13  8 36   0.00000000                            
PL51  -1440.715633   5553.886687 -10869.279278              
VL51  35527.966791  44712.749356  18422.763721              
*  2025  4 13  8 38   0.00000000                            
PL51  -1007.802901   6078.040342 -10631.525466              
VL51  36599.983145  42620.932296  21193.040338              
*  2025  4 13  8 40   0.00000000                            
PL51   -562.907920   6576.200298 -10360.899384              
VL51  37524.047239  40381.944192  23900.054559              
*  2025  4 13  8 42   0.00000000                            
PL51   -107.839529   7046.654807 -10058.210995              
VL51  38294.690199  38004.925944  26535.366479              
*  2025  4 13  8 44   0.00000000                            
PL51    355.531461   7487.804989  -9724.370435              
VL51  38907.057333  35499.542118  29090.724868              
*  2025  4 13  8 46   0.00000000                            
PL51    825.279803   7898.170899  -9360.385592              
VL51  39356.934557  32875.944663  31558.093474              
*  2025  4 13  8 48   0.00000000                            
PL51   1299.433646   8276.397151  -8967.359370              
VL51  39640.772493  30144.734417  33929.677157              
*  2025  4 13  8 50   0.00000000                            
PL51   1775.982643   8621.258057  -8546.486635              
VL51  39755.708080  27316.920504  36197.947763              
*  2025  4 13  8 52   0.00000000                            
PL51   2252.886307   8931.662280  -8099.050864              
VL51  39699.583537  24403.877713  38355.669628              
*  2025  4 13  8 54   0.00000000                            
PL51   2728.082568   9206.656950  -7626.420481              
VL51  39470.962523  21417.302015  40395.924614              
*  2025  4 13  8 56   0.00000000                            
PL51   3199.496518   9445.431247  -7130.044898              
VL51  39069.143355  18369.164321  42312.136568              
*  2025  4 13  8 58   0.00000000                            
PL51   3665.049290   9647.319411  -6611.450272              
VL51  38494.169141  15271.662671  44098.095068              
*  2025  4 13  9  0   0.00000000                            
PL51   4122.667039   9811.803179  -6072.234975              
VL51  37746.834716  12137.173007  45747.978346              
*  2025  4 13  9  2   0.00000000                            
PL51   4570.289985   9938.513612  -5514.064798              
VL51  36828.690254   8978.198737  47256.375255              
*  2025  4 13  9  4   0.00000000                            
PL51   5005.881489  10027.232322  -4938.667896              
VL51  35742.041478   5807.319285  48618.306150              
*  2025  4 13  9  6   0.00000000                            
PL51   5427.437097  10077.892069  -4347.829493              
VL51  34489.946383   2637.137862  49829.242549              
*  2025  4 13  9  8   0.00000000                            
PL51   5832.993534  10090.576729  -3743.386356              
VL51  33076.208419   -519.771312  50885.125457              
*  2025  4 13  9 10   0.00000000                            
PL51   6220.637587  10065.520631  -3127.221056              
VL51  31505.366097  -3650.916072  51782.382210              
*  2025  4 13  9 12   0.00000000                            
PL51   6588.514848  10003.107253  -2501.256043              
VL51  29782.679017  -6743.939403  52517.941736              
*  2025  4 13  9 14   0.00000000                            
PL51   6934.838266   9903.867279  -1867.447540              
VL51  27914.110314  -9786.672292  53089.248103              
*  2025  4 13  9 16   0.00000000                            
PL51   7257.896464   9768.476033  -1227.779291              
VL51  25906.305571 -12767.186056  53494.272270              
*  2025  4 13  9 18   0.00000000                            
PL51   7556.061785   9597.750283   -584.256178              
VL51  23766.568263 -15673.843867  53731.521929              
*  2025  4 13  9 20   0.00000000                            
PL51   7827.798025   9392.644435     61.102271              
VL51  21502.831798 -18495.351192  53800.049362              
*  2025  4 13  9 22   0.00000000                            
PL51   8071.667804   9154.246128    706.268453              
VL51  19123.628293 -21220.804865  53699.457243              
*  2025  4 13  9 24   0.00000000                            
PL51   8286.339550   8883.771256   1349.213318              
VL51  16638.054190 -23839.740516  53429.902323              
*  2025  4 13  9 26   0.00000000                            
PL51   8470.594049   8582.558420   1987.913032              
VL51  14055.732885 -26342.178084  52992.096942              
*  2025  4 13  9 28   0.00000000                            
PL51   8623.330530   8252.062861   2620.355637              
VL51  11386.774543 -28718.665159  52387.308349              
*  2025  4 13  9 30   0.00000000                            
PL51   8743.572251   7893.849877   3244.547702              
VL51   8641.733297 -30960.317883  51617.355792              
*  2025  4 13  9 32   0.00000000                            
PL51   8830.471560   7509.587766   3858.520912              
VL51   5831.562055 -33058.859194  50684.605394              
*  2025  4 13  9 34   0.00000000                            
PL51   8883.314395   7101.040335   4460.338592              
VL51   2967.565163 -35006.654158  49591.962800              
*  2025  4 13  9 36   0.00000000                            
PL51   8901.524212   6670.058991   5048.102124              
VL51     61.349164 -36796.742217  48342.863655              
*  2025  4 13  9 38   0.00000000                            
PL51   8884.665301   6218.574479   5619.957242              
VL51  -2875.228048 -38422.866143  46941.261944              
*  2025  4 13  9 40   0.00000000                            
PL51   8832.445499   5748.588278   6174.100170              
VL51  -5830.109429 -39879.497559  45391.616254              
*  2025  4 13  9 42   0.00000000                            
PL51   8744.718255   5262.163725   6708.783584              
VL51  -8791.092030 -41161.858879  43698.874055              
*  2025  4 13  9 44   0.00000000                            
PL51   8621.484057   4761.416889   7222.322376              
VL51 -11745.881003 -42265.941574  41868.454064              
*  2025  4 13  9 46   0.00000000                            
PL51   8462.891213   4248.507253   7713.099195              
VL51 -14682.144079 -43188.520677  39906.226819              
*  2025  4 13  9 48   0.00000000                            
PL51   8269.235969   3725.628242   8179.569742              
VL51 -17587.566219 -43927.165466  37818.493558              
*  2025  4 13  9 50   0.00000000                            
PL51   8040.961974   3194.997650   8620.267804              
VL51 -20449.904159 -44480.246318  35611.963528              
*  2025  4 13  9 52   0.00000000                            
PL51   7778.659095   2658.848002   9033.810006              
VL51 -23257.040554 -44846.937706  33293.729848              
*  2025  4 13  9 54   0.00000000                            
PL51   7483.061585   2119.416905   9418.900269              
VL51 -25997.037467 -45027.217384  30871.244057              
*  2025  4 13  9 56   0.00000000                            
PL51   7155.045612   1578.937438   9774.333949              
VL51 -28658.188920 -45021.861785  28352.289486              
*  2025  4 13  9 58   0.00000000                            
PL51   6795.626164   1039.628607  10099.001656              
VL51 -31229.072265 -44832.437720  25744.953584              
*  2025  4 13 10  0   0.00000000                            
PL51   6405.953354    503.685934  10391.892731              
VL51 -33698.598133 -44461.290451  23057.599338              
*  2025  4 13 10  2   0.00000000                            
PL51   5987.308123    -26.727798  10652.098377              
VL51 -36056.058740 -43911.528257  20298.835920              
*  2025  4 13 10  4   0.00000000                            
PL51   5541.097383   -549.491591  10878.814435              
VL51 -38291.174337 -43187.003606  17477.488698              
*  2025  4 13 10  6   0.00000000                            
PL51   5068.848613  -1062.535033  11071.343796              
VL51 -40394.137603 -42292.291080  14602.568725              
*  2025  4 13 10  8   0.00000000                            
PL51   4572.203931  -1563.846815  11229.098443              
VL51 -42355.655803 -41232.662198  11683.241851              
*  2025  4 13 10 10   0.00000000                            
PL51   4052.913683  -2051.482929  11351.601121              
VL51 -44166.990538 -40014.057295   8728.797559              
*  2025  4 13 10 12   0.00000000                            
PL51   3512.829559  -2523.574510  11438.486637              
VL51 -45819.994921 -38643.054628   5748.617669              
*  2025  4 13 10 14   0.00000000                            
PL51   2953.897293  -2978.335296  11489.502773              
VL51 -47307.148052 -37126.836904   2752.145012              
*  2025  4 13 10 16   0.00000000                            
PL51   2378.148952  -3414.068662  11504.510840              
VL51 -48621.586653 -35473.155403   -251.147792              
*  2025  4 13 10 18   0.00000000                            
PL51   1787.694871  -3829.174224  11483.485839              
VL51 -49757.133758 -33690.291918  -3251.789347              
*  2025  4 13 10 20   0.00000000                            
PL51   1184.715262  -4222.153962  11426.516270              
VL51 -50708.324376 -31787.018703  -6240.340172              
*  2025  4 13 10 22   0.00000000                            
PL51    571.451531  -4591.617856  11333.803562              
VL51 -51470.428053 -29772.556658  -9207.422980              
*  2025  4 13 10 24   0.00000000                            
PL51    -49.802658  -4936.289015  11205.661151              
VL51 -52039.468272 -27656.531961 -12143.752443              
*  2025  4 13 10 26   0.00000000                            
PL51   -676.710527  -5255.008270  11042.513197              
VL51 -52412.238657 -25448.931347 -15040.164370              
*  2025  4 13 10 28   0.00000000                            
PL51  -1306.901510  -5546.738227  10844.892961              
VL51 -52586.315948 -23160.056272 -17887.644226              
*  2025  4 13 10 30   0.00000000                            
PL51  -1937.980712  -5810.566764  10613.440842              
VL51 -52560.069727 -20800.476140 -20677.354926              
*  2025  4 13 10 32   0.00000000                            
PL51  -2567.538461  -6045.709964  10348.902084              
VL51 -52332.668873 -18380.980820 -23400.663840              
*  2025  4 13 10 34   0.00000000                            
PL51  -3193.159927  -6251.514469  10052.124163              
VL51 -51904.084748 -15912.532637 -26049.168941              
*  2025  4 13 10 36   0.00000000                            
PL51  -3812.434752  -6427.459265   9724.053870              
VL51 -51275.091108 -13406.218049 -28614.724036              
*  2025  4 13 10 38   0.00000000                            
PL51  -4422.966663  -6573.156876   9365.734094              
VL51 -50447.260757 -10873.199209 -31089.463012              
*  2025  4 13 10 40   0.00000000                            
PL51  -5022.383022  -6688.353984   8978.300320              
VL51 -49422.958968  -8324.665618 -33465.823023              
*  2025  4 13 10 42   0.00000000                            
PL51  -5608.344284  -6772.931470   8562.976857              
VL51 -48205.333728  -5771.786068 -35736.566556              
*  2025  4 13 10 44   0.00000000                            
PL51  -6178.553310  -6826.903878   8121.072806              
VL51 -46798.302850  -3225.661081 -37894.802315              
*  2025  4 13 10 46   0.00000000                            
PL51  -6730.764520  -6850.418313   7653.977788              
VL51 -45206.538045   -697.276045 -39934.004874              
*  2025  4 13 10 48   0.00000000                            
PL51  -7262.792821  -6843.752783   7163.157443              
VL51 -43435.446034   1802.544774 -41848.033045              
*  2025  4 13 10 50   0.00000000                            
PL51  -7772.522305  -6807.313997   6650.148711              
VL51 -41491.146802   4263.183150 -43631.146929              
*  2025  4 13 10 52   0.00000000                            
PL51  -8257.914663  -6741.634626   6116.554926              
VL51 -39380.449096   6674.270573 -45278.023612              
*  2025  4 13 10 54   0.00000000                            
PL51  -8717.017287  -6647.370054   5564.040721              
VL51 -37110.823290   9025.730524 -46783.771486              
*  2025  4 13 10 56   0.00000000                            
PL51  -9147.971039  -6525.294626   4994.326778              
VL51 -34690.371730  11307.819177 -48143.943150              
*  2025  4 13 10 58   0.00000000                            
PL51  -9549.017640  -6376.297420   4409.184422              
VL51 -32127.796698  13511.164386 -49354.546896              
*  2025  4 13 11  0   0.00000000                            
PL51  -9918.506667  -6201.377565   3810.430094              
VL51 -29432.366129  15626.802815 -50412.056724              
*  2025  4 13 11  2   0.00000000                            
PL51 -10254.902128  -6001.639119   3199.919709              
VL51 -26613.877233  17646.215063 -51313.420908              
*  2025  4 13 11  4   0.00000000                            
PL51 -10556.788580  -5778.285545   2579.542923              
VL51 -23682.618171  19561.358673 -52056.069065              
*  2025  4 13 11  6   0.00000000                            
PL51 -10822.876785  -5532.613796   1951.217317              
VL51 -20649.327971  21364.698893 -52637.917748              
*  2025  4 13 11  8   0.00000000                            
PL51 -11052.008871  -5266.008054   1316.882532              
VL51 -17525.154823  23049.237100 -53057.374541              
*  2025  4 13 11 10   0.00000000                            
PL51 -11243.162983  -4979.933138    678.494358              
VL51 -14321.612960  24608.536771 -53313.340678              
*  2025  4 13 11 12   0.00000000                            
PL51 -11395.457413  -4675.927612     38.018801              
VL51 -11050.538301  26036.746937 -53405.212183              
*  2025  4 13 11 14   0.00000000                            
PL51 -11508.154188  -4355.596632   -602.573852              
VL51  -7724.043031  27328.623038 -53332.879561              
*  2025  4 13 11 16   0.00000000                            
PL51 -11580.662107  -4020.604562  -1241.314959              
VL51  -4354.469328  28479.545124 -53096.726059              
*  2025  4 13 11 18   0.00000000                            
PL51 -11612.539220  -3672.667374  -1876.243419              
VL51   -954.342397  29485.533369 -52697.624531              
*  2025  4 13 11 20   0.00000000                            
PL51 -11603.494742  -3313.544896  -2505.411523              
VL51   2463.676977  30343.260844 -52136.932936              
*  2025  4 13 11 22   0.00000000                            
PL51 -11553.390391  -2945.032906  -3126.890735              
VL51   5886.840193  31050.063566 -51416.488528              
*  2025  4 13 11 24   0.00000000                            
PL51 -11462.241157  -2568.955138  -3738.777412              
VL51   9302.358733  31603.947781 -50538.600754              
*  2025  4 13 11 26   0.00000000                            
PL51 -11330.215489  -2187.155203  -4339.198413              
VL51  12697.452024  32003.594511 -49506.042938              
*  2025  4 13 11 28   0.00000000                            
PL51 -11157.634922  -1801.488484  -4926.316614              
VL51  16059.395099  32248.361379 -48322.042756              
*  2025  4 13 11 30   0.00000000                            
PL51 -10944.973115  -1413.814011  -5498.336298              
VL51  19375.565885  32338.281714 -46990.271593              
*  2025  4 13 11 32   0.00000000                            
PL51 -10692.854344  -1025.986381  -6053.508407              
VL51  22633.491973  32274.060996 -45514.832789              
*  2025  4 13 11 34   0.00000000                            
PL51 -10402.051424   -639.847719  -6590.135651              
VL51  25820.896707  32057.070670 -43900.248848              
*  2025  4 13 11 36   0.00000000                            
PL51 -10073.483088   -257.219741  -7106.577459              
VL51  28925.744445  31689.339367 -42151.447649              
*  2025  4 13 11 38   0.00000000                            
PL51  -9708.210830    120.104069  -7601.254751              
VL51  31936.284845  31173.541617 -40273.747716              
*  2025  4 13 11 40   0.00000000                            
PL51  -9307.435217    490.366130  -8072.654537              
VL51  34841.096053  30512.984096 -38272.842596              
*  2025  4 13 11 42   0.00000000                            
PL51  -8872.491701    851.852252  -8519.334317              
VL51  37629.126650  29711.589489 -36154.784397              
*  2025  4 13 11 44   0.00000000                            
PL51  -8404.845921   1202.898926  -8939.926282              
VL51  40289.736261  28773.878056 -33925.966536              
*  2025  4 13 11 46   0.00000000                            
PL51  -7906.088540   1541.900365  -9333.141303              
VL51  42812.734671  27704.946971 -31593.105756              
*  2025  4 13 11 48   0.00000000                            
PL51  -7377.929612   1867.315301  -9697.772698              
VL51  45188.419410  26510.447536 -29163.223438              
*  2025  4 13 11 50   0.00000000                            
PL51  -6822.192517   2177.673480 -10032.699773              
VL51  47407.611650  25196.560358 -26643.626270              
*  2025  4 13 11 52   0.00000000                            
PL51  -6240.807465   2471.581860 -10336.891127              
VL51  49461.690368  23769.968584 -24041.886295              
*  2025  4 13 11 54   0.00000000                            
PL51  -5635.804608   2747.730468 -10609.407713              
VL51  51342.624663  22237.829287 -21365.820385              
*  2025  4 13 11 56   0.00000000                            
PL51  -5009.306778   3004.897911 -10849.405650              
VL51  53043.004160  20607.743110 -18623.469161              
*  2025  4 13 11 58   0.00000000                            
PL51  -4363.521863   3241.956505 -11056.138781              
VL51  54556.067416  18887.722258 -15823.075392              
*  2025  4 13 12  0   0.00000000                            
PL51  -3700.734863   3457.877013 -11228.960963              
VL51  55875.728259  17086.156951 -12973.061895              
*  2025  4 13 12  2   0.00000000                            
PL51  -3023.299637   3651.732977 -11367.328094              
VL51  56996.599978  15211.780426 -10082.008961              
*  2025  4 13 12  4   0.00000000                            
PL51  -2333.630380   3822.704613 -11470.799867              
VL51  57914.017299  13273.632612  -7158.631326              
*  2025  4 13 12  6   0.00000000                            
PL51  -1634.192838   3970.082271 -11539.041241              
VL51  58624.056074  11281.022561  -4211.754698              
*  2025  4 13 12  8   0.00000000                            
PL51   -927.495314   4093.269430 -11571.823630              
VL51  59123.550604   9243.489773  -1250.291873              
*  2025  4 13 12 10   0.00000000                            
PL51   -216.079474   4191.785227 -11569.025802              
VL51  59410.108529   7170.764491   1716.781566              
*  2025  4 13 12 12   0.00000000                            
PL51    497.489011   4265.266506 -11530.634486              
VL51  59482.123208   5072.727116   4680.451920              
*  2025  4 13 12 14   0.00000000                            
PL51   1210.629958   4313.469368 -11456.744680              
VL51  59338.783496   2959.366836   7631.692416              
*  2025  4 13 12 16   0.00000000                            
PL51   1920.758256   4336.270230 -11347.559653              
VL51  58980.080871    840.739612  10561.488571              
*  2025  4 13 12 18   0.00000000                            
PL51   2625.293533   4333.666366 -11203.390649              
VL51  58406.813803  -1273.074354  13460.863860              
*  2025  4 13 12 20   0.00000000                            
PL51   3321.669849   4305.775945 -11024.656270              
VL51  57620.589321  -3372.013533  16320.905626              
*  2025  4 13 12 22   0.00000000                            
PL51   4007.345396   4252.837546 -10811.881558              
VL51  56623.821701  -5446.078205  19132.791210              
*  2025  4 13 12 24   0.00000000                            
PL51   4679.812160   4175.209157 -10565.696754              
VL51  55419.728207  -7485.373687  21887.814225              
*  2025  4 13 12 26   0.00000000                            
PL51   5336.605516   4073.366658 -10286.835747              
VL51  54012.321857  -9480.153470  24577.410942              
*  2025  4 13 12 28   0.00000000                            
PL51   5975.313723   3947.901782  -9976.134204              
VL51  52406.401130 -11420.862129  27193.186698              
*  2025  4 13 12 30   0.00000000                            
PL51   6593.587267   3799.519569  -9634.527380              
VL51  50607.536616 -13298.177805  29726.942276              
*  2025  4 13 12 32   0.00000000                            
PL51   7189.148032   3629.035308  -9263.047616              
VL51  48622.054538 -15103.054114  32170.700172              
*  2025  4 13 12 34   0.00000000                            
PL51   7759.798258   3437.370988  -8862.821525              
VL51  46457.017159 -16826.761272  34516.730659              
*  2025  4 13 12 36   0.00000000                            
PL51   8303.429233   3225.551253  -8435.066858              
VL51  44120.200049 -18460.926266  36757.577559              
*  2025  4 13 12 38   0.00000000                            
PL51   8818.029704   2994.698888  -7981.089073              
VL51  41620.066235 -19997.571883  38886.083619              
*  2025  4 13 12 40   0.00000000                            
PL51   9301.693957   2746.029838  -7502.277597              
VL51  38965.737243 -21429.154375  40895.415392              
*  2025  4 13 12 42   0.00000000                            
PL51   9752.629529   2480.847795  -7000.101795              
VL51  36166.961094 -22748.599599  42779.087496              
*  2025  4 13 12 44   0.00000000                            
PL51  10169.164518   2200.538345  -6476.106646              
VL51  33234.077301 -23949.337399  44530.986149              
*  2025  4 13 12 46   0.00000000                            
PL51  10549.754457   1906.562734  -5931.908157              
VL51  30177.978945 -25025.334060  46145.391841              
*  2025  4 13 12 48   0.00000000                            
PL51  10892.988715   1600.451236  -5369.188489              
VL51  27010.071955 -25971.122615  47617.001038              
*  2025  4 13 12 50   0.00000000                            
PL51  11197.596394   1283.796192  -4789.690849              
VL51  23742.231683 -26781.830829  48940.946756              
*  2025  4 13 12 52   0.00000000                            
PL51  11462.451687    958.244709  -4195.214130              
VL51  20386.756957 -27453.206668  50112.817907              
*  2025  4 13 12 54   0.00000000                            
PL51  11686.578675    625.491084  -3587.607334              
VL51  16956.321754 -27981.641075  51128.677273              
*  2025  4 13 12 56   0.00000000                            
PL51  11869.155525    287.268963  -2968.763780              
VL51  13463.924714 -28364.187889  51985.077975              
*  2025  4 13 12 58   0.00000000                            
PL51  12009.518075    -54.656717  -2340.615134              
VL51   9922.836694 -28598.580759  52679.078340              
*  2025  4 13 13  0   0.00000000                            
PL51  12107.162775   -398.497974  -1705.125266              
VL51   6346.546607 -28683.246908  53208.255030              
*  2025  4 13 13  2   0.00000000                            
PL51  12161.748976   -742.452166  -1064.283956              
VL51   2748.705798 -28617.317636  53570.714348              
*  2025  4 13 13  4   0.00000000                            
PL51  12173.100533  -1084.710490   -420.100484              
VL51   -856.928767 -28400.635454  53765.101616              
*  2025  4 13 13  6   0.00000000                            
PL51  12141.206731  -1423.466539    225.402886              
VL51  -4456.552224 -28033.757767  53790.608542              
*  2025  4 13 13  8   0.00000000                            
PL51  12066.222511  -1756.924888    870.197498              
VL51  -8036.370132 -27517.957054  53646.978503              
*  2025  4 13 13 10   0.00000000                            
PL51  11948.467989  -2083.309657   1512.254941              
VL51 -11582.657090 -26855.217491  53334.509687              
*  2025  4 13 13 12   0.00000000                            
PL51  11788.427281  -2400.873013   2149.553717              
VL51 -15081.815329 -26048.228027  52854.056043              
*  2025  4 13 13 14   0.00000000                            
PL51  11586.746617  -2707.903569   2780.085906              
VL51 -18520.432955 -25100.371894  52207.026007              
*  2025  4 13 13 16   0.00000000                            
PL51  11344.231767  -3002.734634   3401.863800              
VL51 -21885.341508 -24015.712625  51395.379009              
*  2025  4 13 13 18   0.00000000                            
PL51  11061.844779  -3283.752275   4012.926482              
VL51 -25163.672522 -22798.976602  50421.619740              
*  2025  4 13 13 20   0.00000000                            
PL51  10740.700046  -3549.403152   4611.346323              
VL51 -28342.912772 -21455.532251  49288.790222              
*  2025  4 13 13 22   0.00000000                            
PL51  10382.059716  -3798.202078   5195.235375              
VL51 -31410.957891 -19991.365978  48000.459715              
*  2025  4 13 13 24   0.00000000                            
PL51   9987.328482  -4028.739277   5762.751623              
VL51 -34356.164063 -18413.054982  46560.712506              
*  2025  4 13 13 26   0.00000000                            
PL51   9558.047746  -4239.687295   6312.105085              
VL51 -37167.397523 -16727.737094  44974.133654              
*  2025  4 13 13 28   0.00000000                            
PL51   9095.889221  -4429.807531   6841.563721              
VL51 -39834.081602 -14943.077812  43245.792778              
*  2025  4 13 13 30   0.00000000                            
PL51   8602.647973  -4597.956360   7349.459149              
VL51 -42346.241058 -13067.234719  41381.225965              
*  2025  4 13 13 32   0.00000000                            
PL51   8080.234956  -4743.090814   7834.192116              
VL51 -44694.543502 -11108.819491  39386.415901              
*  2025  4 13 13 34   0.00000000                            
PL51   7530.669061  -4864.273786   8294.237736              
VL51 -46870.337680  -9076.857693  37267.770346              
*  2025  4 13 13 36   0.00000000                            
PL51   6956.068728  -4960.678751   8728.150453              
VL51 -48865.688471  -6980.746610  35032.099057              
*  2025  4 13 13 38   0.00000000                            
PL51   6358.643167  -5031.593963   9134.568715              
VL51 -50673.408410  -4830.211332  32686.589294              
*  2025  4 13 13 40   0.00000000                            
PL51   5740.683207  -5076.426117   9512.219356              
VL51 -52287.085638  -2635.259343  30238.780041              
*  2025  4 13 13 42   0.00000000                            
PL51   5104.551843  -5094.703460   9859.921655              
VL51 -53701.108143   -406.133859  27696.535069              
*  2025  4 13 13 44   0.00000000                            
PL51   4452.674512  -5086.078335  10176.591064              
VL51 -54910.684245   1846.733830  25068.014991              
*  2025  4 13 13 46   0.00000000                            
PL51   3787.529142  -5050.329144  10461.242600              
VL51 -55911.859245   4112.772775  22361.648445              
*  2025  4 13 13 48   0.00000000                            
PL51   3111.636032  -4987.361736  10712.993884              
VL51 -56701.528224   6381.321274  19586.102534              
*  2025  4 13 13 50   0.00000000                            
PL51   2427.547593  -4897.210201  10931.067824              
VL51 -57277.444973   8641.676039  16750.252675              
*  2025  4 13 13 52   0.00000000                            
PL51   1737.838011  -4780.037069  11114.794928              
VL51 -57638.227072  10883.141373  13863.151975              
*  2025  4 13 13 54   0.00000000                            
PL51   1045.092870  -4636.132928  11263.615255              
VL51 -57783.357162  13095.078121  10934.000281              
*  2025  4 13 13 56   0.00000000                            
PL51    351.898785  -4465.915457  11377.079984              
VL51 -57713.180447  15266.952173   7972.113013              
*  2025  4 13 13 58   0.00000000                            
PL51   -339.166922  -4269.927871  11454.852620              
VL51 -57428.898516  17388.382292   4986.889909              
*  2025  4 13 14  0   0.00000000                            
PL51  -1025.546436  -4048.836808  11496.709810              
VL51 -56932.559555  19449.187060   1987.783793              
*  2025  4 13 14  2   0.00000000                            
PL51  -1704.711536  -3803.429656  11502.541802              
VL51 -56227.045062  21439.430743  -1015.730539              
*  2025  4 13 14  4   0.00000000                            
PL51  -2374.173497  -3534.611333  11472.352516              
VL51 -55316.053161  23349.467876  -4014.187205              
*  2025  4 13 14  6   0.00000000                            
PL51  -3031.492774  -3243.400544  11406.259258              
VL51 -54204.078638  25169.986389  -6998.159804              
*  2025  4 13 14  8   0.00000000                            
PL51  -3674.288423  -2930.925531  11304.492061              
VL51 -52896.389830  26892.049093  -9958.291578              
*  2025  4 13 14 10   0.00000000                            
PL51  -4300.247235  -2598.419333  11167.392674              
VL51 -51399.002491  28507.133366 -12885.325062              
*  2025  4 13 14 12   0.00000000                            
PL51  -4907.132530  -2247.214583  10995.413193              
VL51 -49718.650797  30007.168876 -15770.131168              
*  2025  4 13 14 14   0.00000000                            
PL51  -5492.792589  -1878.737867  10789.114353              
VL51 -47862.755627  31384.573195 -18603.737581              
*  2025  4 13 14 16   0.00000000                            
PL51  -6055.168698  -1494.503663  10549.163473              
VL51 -45839.390300  32632.285171 -21377.356421              
*  2025  4 13 14 18   0.00000000                            
PL51  -6592.302751  -1096.107899  10276.332090              
VL51 -43657.243924  33743.795925 -24082.411081              
*  2025  4 13 14 20   0.00000000                            
PL51  -7102.344416   -685.221152   9971.493260              
VL51 -41325.582545  34713.177373 -26710.562164              
*  2025  4 13 14 22   0.00000000                            
PL51  -7583.557810   -263.581522   9635.618563              
VL51 -38854.208269  35535.108147 -29253.732470              
*  2025  4 13 14 24   0.00000000                            
PL51  -8034.327681    167.012794   9269.774813              
VL51 -36253.416557  36204.896852 -31704.130956              
*  2025  4 13 14 26   0.00000000                            
PL51  -8453.165058    604.711186   8875.120483              
VL51 -33533.951872  36718.502554 -34054.275610              
*  2025  4 13 14 28   0.00000000                            
PL51  -8838.712373   1047.618546   8452.901868              
VL51 -30706.961878  37072.552450 -36297.015197              
*  2025  4 13 14 30   0.00000000                            
PL51  -9189.748012   1493.803375   8004.448991              
VL51 -27783.950393  37264.356655 -38425.549803              
*  2025  4 13 14 32   0.00000000                            
PL51  -9505.190306   1941.306053   7531.171265              
VL51 -24776.729292  37291.920062 -40433.450155              
*  2025  4 13 14 34   0.00000000                            
PL51  -9784.100930   2388.147237   7034.552944              
VL51 -21697.369563  37153.951252 -42314.675651              
*  2025  4 13 14 36   0.00000000                            
PL51 -10025.687719   2832.336336   6516.148349              
VL51 -18558.151722  36849.868421 -44063.591077              
*  2025  4 13 14 38   0.00000000                            
PL51 -10229.306881   3271.880054   5977.576917              
VL51 -15371.515781  36379.802339 -45674.981959              
*  2025  4 13 14 40   0.00000000                            
PL51 -10394.464612   3704.790940   5420.518062              
VL51 -12150.010988  35744.596316 -47144.068540              
*  2025  4 13 14 42   0.00000000                            
PL51 -10520.818099   4129.095926   4846.705883              
VL51  -8906.245524  34945.803222 -48466.518323              
*  2025  4 13 14 44   0.00000000                            
PL51 -10608.175933   4542.844805   4257.923730              
VL51  -5652.836362  33985.679571 -49638.457193              
*  2025  4 13 14 46   0.00000000                            
PL51 -10656.497911   4944.118630   3655.998644              
VL51  -2402.359499  32867.176720 -50656.479067              
*  2025  4 13 14 48   0.00000000                            
PL51 -10665.894250   5331.037980   3042.795687              
VL51    832.699270  31593.929223 -51517.654076              
*  2025  4 13 14 50   0.00000000                            
PL51 -10636.624213   5701.771080   2420.212189              
VL51   4039.992807  30170.240435 -52219.535263              
*  2025  4 13 14 52   0.00000000                            
PL51 -10569.094158   6054.541722   1790.171919              
VL51   7207.360172  28601.065402 -52760.163800              
*  2025  4 13 14 54   0.00000000                            
PL51 -10463.855024   6387.636972   1154.619204              
VL51  10322.873036  26891.991157 -53138.072713              
*  2025  4 13 14 56   0.00000000                            
PL51 -10321.599268   6699.414622    515.513011              
VL51  13374.880807  25049.214503 -53352.289144              
*  2025  4 13 14 58   0.00000000                            
PL51 -10143.157270   6988.310363   -125.178986              
VL51  16352.054307  23079.517399 -53402.335143              
*  2025  4 13 15  0   0.00000000                            
PL51  -9929.493219   7252.844647   -765.486349              
VL51  19243.427836  20990.240053 -53288.227017              
*  2025  4 13 15  2   0.00000000                            
PL51  -9681.700510   7491.629213  -1403.441786              
VL51  22038.439484  18789.251853 -53010.473255              
*  2025  4 13 15  4   0.00000000                            
PL51  -9400.996663   7703.373254  -2037.087048              
VL51  24726.969537  16484.920267 -52570.071052              
*  2025  4 13 15  6   0.00000000                            
PL51  -9088.717802   7886.889197  -2664.478757              
VL51  27299.376864  14086.077842 -51968.501472              
*  2025  4 13 15  8   0.00000000                            
PL51  -8746.312697   8041.098076  -3283.694185              
VL51  29746.533147  11601.987460 -51207.723270              
*  2025  4 13 15 10   0.00000000                            
PL51  -8375.336423   8165.034482  -3892.836935              
VL51  32059.854866   9042.305997 -50290.165443              
*  2025  4 13 15 12   0.00000000                            
PL51  -7977.443638   8257.851063  -4490.042539              
VL51  34231.332920   6417.046533 -49218.718536              
*  2025  4 13 15 14   0.00000000                            
PL51  -7554.381525   8318.822567  -5073.483934              
VL51  36253.559827   3736.539274 -47996.724761              
*  2025  4 13 15 16   0.00000000                            
PL51  -7107.982422   8347.349408  -5641.376820              
VL51  38119.754425   1011.391349 -46627.966998              
*  2025  4 13 15 18   0.00000000                            
PL51  -6640.156172   8342.960739  -6191.984877              
VL51  39823.784019  -1747.554384 -45116.656719              
*  2025  4 13 15 20   0.00000000                            
PL51  -6152.882220   8305.317034  -6723.624826              
VL51  41360.183938  -4529.261351 -43467.420903              
*  2025  4 13 15 22   0.00000000                            
PL51  -5648.201493   8234.212153  -7234.671339              
VL51  42724.174474  -7322.541952 -41685.287993              
*  2025  4 13 15 24   0.00000000                            
PL51  -5128.208091   8129.574901  -7723.561761              
VL51  43911.675184 -10116.100788 -39775.672950              
*  2025  4 13 15 26   0.00000000                            
PL51  -4595.040827   7991.470053  -8188.800658              
VL51  44919.316541 -12898.578280 -37744.361456              
*  2025  4 13 15 28   0.00000000                            
PL51  -4050.874633   7820.098866  -8628.964166              
VL51  45744.448957 -15658.594543 -35597.493314              
*  2025  4 13 15 30   0.00000000                            
PL51  -3497.911884   7615.799058  -9042.704136              
VL51  46385.149143 -18384.793382 -33341.545080              
*  2025  4 13 15 32   0.00000000                            
PL51  -2938.373659   7379.044258  -9428.752070              
VL51  46840.223854 -21065.886263 -30983.311972              
*  2025  4 13 15 34   0.00000000                            
PL51  -2374.490966   7110.442935  -9785.922829              
VL51  47109.211015 -23690.696159 -28529.889090              
*  2025  4 13 15 36   0.00000000                            
PL51  -1808.495978   6810.736792 -10113.118119              
VL51  47192.378254 -26248.201110 -25988.651981              
*  2025  4 13 15 38   0.00000000                            
PL51  -1242.613297   6480.798650 -10409.329734              
VL51  47090.718858 -28727.577381 -23367.236580              
*  2025  4 13 15 40   0.00000000                            
PL51   -679.051284   6121.629813 -10673.642559              
VL51  46805.945195 -31118.242095 -20673.518560              
*  2025  4 13 15 42   0.00000000                            
PL51   -119.993481   5734.356924 -10905.237322              
VL51  46340.479616 -33409.895207 -17915.592120              
*  2025  4 13 15 44   0.00000000                            
PL51    432.409843   5320.228322 -11103.393080              
VL51  45697.442891 -35592.560700 -15101.748243              
*  2025  4 13 15 46   0.00000000                            
PL51    976.049988   4880.609913 -11267.489455              
VL51  44880.640208 -37656.626876 -12240.452436              
*  2025  4 13 15 48   0.00000000                            
PL51   1508.867942   4416.980560 -11397.008586              
VL51  43894.544782 -39592.885630  -9340.321996              
*  2025  4 13 15 50   0.00000000                            
PL51   2028.862290   3930.927012 -11491.536817              
VL51  42744.279125 -41392.570564  -6410.102813              
*  2025  4 13 15 52   0.00000000                            
PL51   2534.096875   3424.138377 -11550.766094              
VL51  41435.594017 -43047.393847  -3458.645730              
*  2025  4 13 15 54   0.00000000                            
PL51   3022.708206   2898.400169 -11574.495085              
VL51  39974.845236 -44549.581658   -494.882496              
*  2025  4 13 15 56   0.00000000                            
PL51   3492.912565   2355.587935 -11562.630002              
VL51  38368.968110 -45891.908131   2472.198675              
*  2025  4 13 15 58   0.00000000                            
PL51   3943.012798   1797.660478 -11515.185128              
VL51  36625.449934 -47067.727635   5433.577909              
*  2025  4 13 16  0   0.00000000                            
PL51   4371.404764   1226.652719 -11432.283051              
VL51  34752.300339 -48071.005284   8380.228807              
*  2025  4 13 16  2   0.00000000                            
PL51   4776.583413    644.668185 -11314.154589              
VL51  32758.019660 -48896.345547  11303.143892              
*  2025  4 13 16  4   0.00000000                            
PL51   5157.148477     53.871181 -11161.138406              
VL51  30651.565399 -49539.018823  14193.360321              
*  2025  4 13 16  6   0.00000000                            
PL51   5511.809746   -543.521351 -10973.680322              
VL51  28442.316843 -49994.985849  17041.985835              
*  2025  4 13 16  8   0.00000000                            
PL51   5839.391906  -1145.248253 -10752.332312              
VL51  26140.037943 -50260.919819  19840.224898              
*  2025  4 13 16 10   0.00000000                            
PL51   6138.838926  -1749.012820 -10497.751184              
VL51  23754.838525 -50334.226070  22579.404980              
*  2025  4 13 16 12   0.00000000                            
PL51   6409.217967  -2352.491689 -10210.696948              
VL51  21297.133951 -50213.059211  25251.002936              
*  2025  4 13 16 14   0.00000000                            
PL51   6649.722799  -2953.343922  -9892.030862              
VL51  18777.603328 -49896.337553  27846.671401              
*  2025  4 13 16 16   0.00000000                            
PL51   6859.676710  -3549.220244  -9542.713167              
VL51  16207.146387 -49383.754722  30358.265143              
*  2025  4 13 16 18   0.00000000                            
PL51   7038.534887  -4137.772399  -9163.800503              
VL51  13596.839180 -48675.788313  32777.867284              
*  2025  4 13 16 20   0.00000000                            
PL51   7185.886260  -4716.662595  -8756.443010              
VL51  10957.888705 -47773.705493  35097.815305              
*  2025  4 13 16 22   0.00000000                            
PL51   7301.454798  -5283.572999  -8321.881127              
VL51   8301.586667 -46679.565423  37310.726720              
*  2025  4 13 16 24   0.00000000                            
PL51   7385.100246  -5836.215236  -7861.442072              
VL51   5639.262494 -45396.218421  39409.524346              
*  2025  4 13 16 26   0.00000000                            
PL51   7436.818290  -6372.339861  -7376.536037              
VL51   2982.235825 -43927.301777  41387.461027              
*  2025  4 13 16 28   0.00000000                            
PL51   7456.740153  -6889.745766  -6868.652077              
VL51    341.768652 -42277.232151  43238.143722              
*  2025  4 13 16 30   0.00000000                            
PL51   7445.131616  -7386.289462  -6339.353723              
VL51  -2270.982701 -40451.194507  44955.556830              
*  2025  4 13 16 32   0.00000000                            
PL51   7402.391464  -7859.894221  -5790.274314              
VL51  -4845.015518 -38455.127542  46534.084632              
*  2025  4 13 16 34   0.00000000                            
PL51   7329.049353  -8308.559010  -5223.112073              
VL51  -7369.528358 -36295.705583  47968.532722              
*  2025  4 13 16 36   0.00000000                            
PL51   7225.763111  -8730.367197  -4639.624923              
VL51  -9833.968210 -33980.316972  49254.148295              
*  2025  4 13 16 38   0.00000000                            
PL51   7093.315482  -9123.494972  -4041.625079              
VL51 -12228.076888 -31517.038946  50386.639176              
*  2025  4 13 16 40   0.00000000                            
PL51   6932.610311  -9486.219442  -3430.973406              
VL51 -14541.936444 -28914.609076  51362.191434              
*  2025  4 13 16 42   0.00000000                            
PL51   6744.668193  -9816.926368  -2809.573588              
VL51 -16766.013332 -26182.393323  52177.485488              
*  2025  4 13 16 44   0.00000000                            
PL51   6530.621608 -10114.117501  -2179.366103              
VL51 -18891.201089 -23330.350832  52829.710550              
*  2025  4 13 16 46   0.00000000                            
PL51   6291.709543 -10376.417469  -1542.322041              
VL51 -20908.861276 -20368.995580  53316.577322              
*  2025  4 13 16 48   0.00000000                            
PL51   6029.271645 -10602.580192   -900.436782              
VL51 -22810.862449 -17309.355037  53636.328818              
*  2025  4 13 16 50   0.00000000                            
PL51   5744.741908 -10791.494780   -255.723549              
VL51 -24589.616913 -14162.926015  53787.749234              
*  2025  4 13 16 52   0.00000000                            
PL51   5439.641946 -10942.190890    389.793128              
VL51 -26238.115035 -10941.627921  53770.170781              
*  2025  4 13 16 54   0.00000000                            
PL51   5115.573858 -11053.843502   1034.084018              
VL51 -27749.956916  -7657.753618  53583.478401              
*  2025  4 13 16 56   0.00000000                            
PL51   4774.212740 -11125.777095   1675.121839              
VL51 -29119.381202  -4323.918169  53228.112337              
*  2025  4 13 16 58   0.00000000                            
PL51   4417.298862 -11157.469200   2310.887928              
VL51 -30341.290873   -953.005696  52705.068493              
*  2025  4 13 17  0   0.00000000                            
PL51   4046.629555 -11148.553296   2939.378897              
VL51 -31411.275830   2441.885336  52015.896578              
*  2025  4 13 17  2   0.00000000                            
PL51   3664.050855 -11098.821051   3558.613258              
VL51 -32325.632150   5847.498135  51162.696016              
*  2025  4 13 17  4   0.00000000                            
PL51   3271.448927 -11008.223879   4166.637986              
VL51 -33081.377879   9250.474587  50148.109643              
*  2025  4 13 17  6   0.00000000                            
PL51   2870.741323 -10876.873814   4761.534987              
VL51 -33676.265275  12637.412931  48975.315208              
*  2025  4 13 17  8   0.00000000                            
PL51   2463.868118 -10705.043679   5341.427458              
VL51 -34108.789421  15994.925805  47648.014721              
*  2025  4 13 17 10   0.00000000                            
PL51   2052.782963 -10493.166572   5904.486104              
VL51 -34378.193169  19309.698332  46170.421710              
*  2025  4 13 17 12   0.00000000                            
PL51   1639.444101 -10241.834643   6448.935187              
VL51 -34484.468381  22568.545934  44547.246448              
*  2025  4 13 17 14   0.00000000                            
PL51   1225.805387  -9951.797189   6973.058390              
VL51 -34428.353483  25758.471566  42783.679242              
*  2025  4 13 17 16   0.00000000                            
PL51    813.807366  -9623.958064   7475.204470              
VL51 -34211.327356  28866.722063  40885.371866              
*  2025  4 13 17 18   0.00000000                            
PL51    405.368440  -9259.372422   7953.792671              
VL51 -33835.599598  31880.843306  38858.417257              
*  2025  4 13 17 20   0.00000000                            
PL51      2.376175  -8859.242800   8407.317892              
VL51 -33304.097267  34788.733925  36709.327578              
*  2025  4 13 17 22   0.00000000                            
PL51   -393.321209  -8424.914576   8834.355576              
VL51 -32620.448167  37578.697260  34445.010772              
*  2025  4 13 17 24   0.00000000                            
PL51   -779.923132  -7957.870809   9233.566313              
VL51 -31788.960814  40239.491346  32072.745740              
*  2025  4 13 17 26   0.00000000                            
PL51  -1155.684687  -7459.726491   9603.700136              
VL51 -30814.601213  42760.376666  29600.156271              
*  2025  4 13 17 28   0.00000000                            
PL51  -1518.924372  -6932.222248   9943.600496              
VL51 -29702.966608  45131.161472  27035.183864              
*  2025  4 13 17 30   0.00000000                            
PL51  -1868.031497  -6377.217506  10252.207908              
VL51 -28460.256352  47342.244466  24386.059578              
*  2025  4 13 17 32   0.00000000                            
PL51  -2201.473220  -5796.683160  10528.563256              
VL51 -27093.240109  49384.654676  21661.275048              
*  2025  4 13 17 34   0.00000000                            
PL51  -2517.801183  -5192.693792  10771.810735              
VL51 -25609.223553  51250.088366  18869.552802              
*  2025  4 13 17 36   0.00000000                            
PL51  -2815.657733  -4567.419452  10981.200445              
VL51 -24016.011783  52930.942849  16019.816011              
*  2025  4 13 17 38   0.00000000                            
PL51  -3093.781682  -3923.117065  11156.090618              
VL51 -22321.870654  54420.347088  13121.157799              
*  2025  4 13 17 40   0.00000000                            
PL51  -3351.013595  -3262.121475  11295.949464              
VL51 -20535.486237  55712.188978  10182.810231              
*  2025  4 13 17 42   0.00000000                            
PL51  -3586.300580  -2586.836202  11400.356658              
VL51 -18665.922627  56801.139238   7214.113110              
*  2025  4 13 17 44   0.00000000                            
PL51  -3798.700566  -1899.723913  11469.004443              
VL51 -16722.578318  57682.671831   4224.482682              
*  2025  4 13 17 46   0.00000000                            
PL51  -3987.386046  -1203.296683  11501.698357              
VL51 -14715.141374  58353.080877   1223.380387              
*  2025  4 13 17 48   0.00000000                            
PL51  -4151.647279   -500.106067  11498.357592              
VL51 -12653.543602  58809.494017  -1779.718247              
*  2025  4 13 17 50   0.00000000                            
PL51  -4290.894935    207.266961  11459.014979              
VL51 -10547.913984  59049.882223  -4775.354458              
*  2025  4 13 17 52   0.00000000                            
PL51  -4404.662179    916.222175  11383.816595              
VL51  -8408.531558  59073.066053  -7754.116747              
*  2025  4 13 17 54   0.00000000                            
PL51  -4492.606190   1624.150307  11273.021027              
VL51  -6245.777988  58878.718370 -10706.670931              
*  2025  4 13 17 56   0.00000000                            
PL51  -4554.509102   2328.443275  11126.998257              
VL51  -4070.090032  58467.363562 -13623.789652              
*  2025  4 13 17 58   0.00000000                            
PL51  -4590.278386   3026.504379  10946.228210              
VL51  -1891.912115  57840.373296 -16496.381278              
*  2025  4 13 18  0   0.00000000                            
PL51  -4599.946655   3715.758427  10731.298955              
VL51    278.350774  56999.958876 -19315.518104              
*  2025  4 13 18  2   0.00000000                            
PL51  -4583.670912   4393.661746  10482.904573              
VL51   2430.379674  55949.160250 -22072.463791              
*  2025  4 13 18  4   0.00000000                            
PL51  -4541.731241   5057.712047  10201.842699              
VL51   4553.987534  54691.831761 -24758.699954              
*  2025  4 13 18  6   0.00000000                            
PL51  -4474.528956   5705.458090   9889.011751              
VL51   6639.164187  53232.624710 -27365.951863              
*  2025  4 13 18  8   0.00000000                            
PL51  -4382.584209   6334.509136   9545.407860              
VL51   8676.120247  51576.966835 -29886.213156              
*  2025  4 13 18 10   0.00000000                            
PL51  -4266.533089   6942.544116   9172.121501              
VL51  10655.329732  49731.038820 -32311.769536              
*  2025  4 13 18 12   0.00000000                            
PL51  -4127.124206   7527.320522   8770.333858              
VL51  12567.571267  47701.747925 -34635.221361              
*  2025  4 13 18 14   0.00000000                            
PL51  -3965.214802   8086.682945   8341.312913              
VL51  14403.967686  45496.698893 -36849.505103              
*  2025  4 13 18 16   0.00000000                            
PL51  -3781.766391   8618.571260   7886.409291              
VL51  16156.023882  43124.162246 -38947.913593              
*  2025  4 13 18 18   0.00000000                            
PL51  -3577.839952   9121.028417   7407.051871              
VL51  17815.662769  40593.040134 -40924.115030              
*  2025  4 13 18 20   0.00000000                            
PL51  -3354.590712   9592.207796   6904.743172              
VL51  19375.259210  37912.829873 -42772.170686              
*  2025  4 13 18 22   0.00000000                            
PL51  -3113.262529  10030.380127   6381.054535              
VL51  20827.671793  35093.585354 -44486.551290              
*  2025  4 13 18 24   0.00000000                            
PL51  -2855.181904  10433.939923   5837.621122              
VL51  22166.272334  32145.876472 -46062.152044              
*  2025  4 13 18 26   0.00000000                            
PL51  -2581.751663  10801.411421   5276.136736              
VL51  23384.973008  29080.746755 -47494.306240              
*  2025  4 13 18 28   0.00000000                            
PL51  -2294.444317  11131.454003   4698.348489              
VL51  24478.251012  25909.669371 -48778.797460              
*  2025  4 13 18 30   0.00000000                            
PL51  -1994.795149  11422.867079   4106.051336              
VL51  25441.170665  22644.501689 -49911.870321              
*  2025  4 13 18 32   0.00000000                            
PL51  -1684.395050  11674.594423   3501.082482              
VL51  26269.402887  19297.438597 -50890.239751              
*  2025  4 13 18 34   0.00000000                            
PL51  -1364.883135  11885.727930   2885.315691              
VL51  26959.241979  15880.964763 -51711.098787              
*  2025  4 13 18 36   0.00000000                            
PL51  -1037.939173  12055.510811   2260.655511              
VL51  27507.619669  12407.806040 -52372.124870              
*  2025  4 13 18 38   0.00000000                            
PL51   -705.275873  12183.340187   1629.031428              
VL51  27912.116370   8890.880216 -52871.484649              
*  2025  4 13 18 40   0.00000000                            
PL51   -368.631042  12268.769096    992.391976              
VL51  28170.969643   5343.247317 -53207.837289              
*  2025  4 13 18 42   0.00000000                            
PL51    -29.759662  12311.507898    352.698815              
VL51  28283.079846   1778.059675 -53380.336292              
*  2025  4 13 18 44   0.00000000                            
PL51    309.574077  12311.425088   -288.079205              
VL51  28248.012979  -1791.488062 -53388.629862              
*  2025  4 13 18 46   0.00000000                            
PL51    647.604778  12268.547500   -927.971980              
VL51  28066.000741  -5352.208745 -53232.859826              
*  2025  4 13 18 48   0.00000000                            
PL51    982.573803  12183.059922  -1565.014052              
VL51  27737.937822  -8890.972207 -52913.659144              
*  2025  4 13 18 50   0.00000000                            
PL51   1312.737203  12055.304114  -2197.250492              
VL51  27265.376486 -12394.754207 -52432.148063              
*  2025  4 13 18 52   0.00000000                            
PL51   1636.373564  11885.777254  -2822.742709              
VL51  26650.518486 -15850.684675 -51789.928925              
*  2025  4 13 18 54   0.00000000                            
PL51   1951.791736  11675.129796  -3439.574202              
VL51  25896.204370 -19246.095087 -50989.079706              
*  2025  4 13 18 56   0.00000000                            
PL51   2257.338424  11424.162775  -4045.856223              
VL51  25005.900250 -22568.564825 -50032.146300              
*  2025  4 13 18 58   0.00000000                            
PL51   2551.405602  11133.824559  -4639.733336              
VL51  23983.682098 -25805.966357 -48922.133604              
*  2025  4 13 19  0   0.00000000                            
PL51   2832.437728  10805.207069  -5219.388869              
VL51  22834.217666 -28946.509102 -47662.495454              
*  2025  4 13 19  2   0.00000000                            
PL51   3098.938719  10439.541478  -5783.050235              
VL51  21562.746094 -31978.781854 -46257.123432              
*  2025  4 13 19  4   0.00000000                            
PL51   3349.478682  10038.193411  -6328.994110              
VL51  20175.055319 -34891.793608 -44710.334628              
*  2025  4 13 19  6   0.00000000                            
PL51   3582.700346   9602.657670  -6855.551464              
VL51  18677.457378 -37675.012696 -43026.858368              
*  2025  4 13 19  8   0.00000000                            
PL51   3797.325199   9134.552490  -7361.112420              
VL51  17076.761710 -40318.404100 -41211.821991              
*  2025  4 13 19 10   0.00000000                            
PL51   3992.159283   8635.613372  -7844.130944              
VL51  15380.246568 -42812.464845 -39270.735698              
*  2025  4 13 19 12   0.00000000                            
PL51   4166.098643   8107.686489  -8303.129340              
VL51  13595.628659 -45148.257390 -37209.476548              
*  2025  4 13 19 14   0.00000000                            
PL51   4318.134395   7552.721717  -8736.702555              
VL51  11731.031128 -47317.440914 -35034.271635              
*  2025  4 13 19 16   0.00000000                            
PL51   4447.357403   6972.765293  -9143.522274              
VL51   9794.949997 -49312.300453 -32751.680485              
*  2025  4 13 19 18   0.00000000                            
PL51   4552.962547   6369.952144  -9522.340799              
VL51   7796.219195 -51125.773778 -30368.576746              
*  2025  4 13 19 20   0.00000000                            
PL51   4634.252563   5746.497903  -9871.994706              
VL51   5743.974284 -52751.475993 -27892.129175              
*  2025  4 13 19 22   0.00000000                            
PL51   4690.641433   5104.690645 -10191.408269              
VL51   3647.615014 -54183.721791 -25329.781985              
*  2025  4 13 19 24   0.00000000                            
PL51   4721.657333   4446.882371 -10479.596644              
VL51   1516.766829 -55417.545298 -22689.234587              
*  2025  4 13 19 26   0.00000000                            
PL51   4726.945100   3775.480267 -10735.668808              
VL51   -638.758560 -56448.717495 -19978.420746              
*  2025  4 13 19 28   0.00000000                            
PL51   4706.268227   3092.937771 -10958.830240              
VL51  -2809.003400 -57273.761158 -17205.487202              
*  2025  4 13 19 30   0.00000000                            
PL51   4659.510374   2401.745473 -11148.385353              
VL51  -4983.904804 -57889.963287 -14378.771764              
*  2025  4 13 19 32   0.00000000                            
PL51   4586.676379   1704.421882 -11303.739645              
VL51  -7153.336208 -58295.385006 -11506.780924              
*  2025  4 13 19 34   0.00000000                            
PL51   4487.892771   1003.504093 -11424.401590              
VL51  -9307.149259 -58488.868890  -8598.166997              
*  2025  4 13 19 36   0.00000000                            
PL51   4363.407780    301.538375 -11509.984250              
VL51 -11435.216002 -58470.043705  -5661.704817              
*  2025  4 13 19 38   0.00000000                            
PL51   4213.590837   -398.929278 -11560.206601              
VL51 -13527.471232 -58239.326539  -2706.268010              
*  2025  4 13 19 40   0.00000000                            
PL51   4038.931567  -1095.362605 -11574.894574              
VL51 -15573.954886 -57797.922282    259.195134              
*  2025  4 13 19 42   0.00000000                            
PL51   3840.038272  -1785.244514 -11553.981807              
VL51 -17564.854341 -57147.820470   3225.686174              
*  2025  4 13 19 44   0.00000000                            
PL51   3617.635913  -2466.086471 -11497.510093              
VL51 -19490.546471 -56291.789434   6184.181383              
*  2025  4 13 19 46   0.00000000                            
PL51   3372.563581  -3135.437792 -11405.629539              
VL51 -21341.639330 -55233.367768   9125.656948              
*  2025  4 13 19 48   0.00000000                            
PL51   3105.771477  -3790.894822 -11278.598410              
VL51 -23109.013312 -53976.853085  12041.114470              
*  2025  4 13 19 50   0.00000000                            
PL51   2818.317402  -4430.109963 -11116.782668              
VL51 -24783.861644 -52527.288055  14921.606732              
*  2025  4 13 19 52   0.00000000                            
PL51   2511.362760  -5050.800518 -10920.655207              
VL51 -26357.730042 -50890.443710  17758.263697              
*  2025  4 13 19 54   0.00000000                            
PL51   2186.168101  -5650.757318 -10690.794768              
VL51 -27822.555393 -49072.800030  20542.318685              
*  2025  4 13 19 56   0.00000000                            
PL51   1844.088195  -6227.853095 -10427.884540              
VL51 -29170.703275 -47081.523798  23265.134685              
*  2025  4 13 19 58   0.00000000                            
PL51   1486.566669  -6780.050584 -10132.710444              
VL51 -30395.004165 -44924.443745  25918.230736              
*  2025  4 13 20  0   0.00000000                            
PL51   1115.130226  -7305.410297  -9806.159108              
VL51 -31488.788156 -42610.023014  28493.308317              
*  2025  4 13 20  2   0.00000000                            
PL51    731.382438  -7802.097963  -9449.215513              
VL51 -32445.918007 -40147.328969  30982.277660              
*  2025  4 13 20  4   0.00000000                            
PL51    336.997176  -8268.391579  -9062.960335              
VL51 -33260.820361 -37546.000401  33377.283927              
*  2025  4 13 20  6   0.00000000                            
PL51    -66.288343  -8702.688063  -8648.566969              
VL51 -33928.514936 -34816.212175  35670.733139              
*  2025  4 13 20  8   0.00000000                            
PL51   -476.680831  -9103.509459  -8207.298244              
VL51 -34444.641536 -31968.637412  37855.317771              
*  2025  4 13 20 10   0.00000000                            
PL51   -892.338523  -9469.508680  -7740.502834              
VL51 -34805.484692 -29014.407283  39924.041904              
*  2025  4 13 20 12   0.00000000                            
PL51  -1311.379049  -9799.474747  -7249.611371              
VL51 -35007.995765 -25965.068524  41870.245820              
*  2025  4 13 20 14   0.00000000                            
PL51  -1731.887555 -10092.337514  -6736.132268              
VL51 -35049.812360 -22832.538798  43687.629929              
*  2025  4 13 20 16   0.00000000                            
PL51  -2151.925038 -10347.171842  -6201.647255              
VL51 -34929.274883 -19629.060056  45370.277891              
*  2025  4 13 20 18   0.00000000                            
PL51  -2569.536869 -10563.201197  -5647.806647              
VL51 -34645.440100 -16367.150048  46912.678830              
*  2025  4 13 20 20   0.00000000                            
PL51  -2982.761451 -10739.800665  -5076.324352              
VL51 -34198.091569 -13059.552171  48309.748488              
*  2025  4 13 20 22   0.00000000                            
PL51  -3389.638987 -10876.499349  -4488.972625              
VL51 -33587.746815  -9719.183862  49556.849209              
*  2025  4 13 20 24   0.00000000                            
PL51  -3788.220315 -10972.982140  -3887.576603              
VL51 -32815.661153  -6359.083731  50649.808617              
*  2025  4 13 20 26   0.00000000                            
PL51  -4176.575768 -11029.090851  -3274.008612              
VL51 -31883.828066  -2992.357694  51584.936853              
*  2025  4 13 20 28   0.00000000                            
PL51  -4552.804017 -11044.824699  -2650.182281              
VL51 -30794.976073    367.875658  52359.042263              
*  2025  4 13 20 30   0.00000000                            
PL51  -4915.040851 -11020.340123  -2018.046480              
VL51 -29552.562036   3708.540187  52969.445409              
*  2025  4 13 20 32   0.00000000                            
PL51  -5261.467864 -10955.949943  -1379.579094              
VL51 -28160.760892   7016.657549  53413.991287              
*  2025  4 13 20 34   0.00000000                            
PL51  -5590.320989 -10852.121859   -736.780673              
VL51 -26624.451801  10279.402466  53691.059668              
*  2025  4 13 20 36   0.00000000                            
PL51  -5899.898850 -10709.476278    -91.667956              
VL51 -24949.200745  13484.157618  53799.573450              
*  2025  4 13 20 38   0.00000000                            
PL51  -6188.570880 -10528.783498    553.732684              
VL51 -23141.239616  16618.567883  53739.004960              
*  2025  4 13 20 40   0.00000000                            
PL51  -6454.785171 -10310.960237   1197.391862              
VL51 -21207.441889  19670.593588  53509.380131              
*  2025  4 13 20 42   0.00000000                            
PL51  -6697.076009 -10057.065537   1837.283833              
VL51 -19155.294965  22628.562491  53111.280507              
*  2025  4 13 20 44   0.00000000                            
PL51  -6914.071059  -9768.296047   2471.393168              
VL51 -16992.869319  25481.220198  52545.843039              
*  2025  4 13 20 46   0.00000000                            
PL51  -7104.498165  -9445.980719   3097.721400              
VL51 -14728.784602  28217.778709  51814.757665              
*  2025  4 13 20 48   0.00000000                            
PL51  -7267.191715  -9091.574932   3714.293640              
VL51 -12372.172866  30827.962839  50920.262652              
*  2025  4 13 20 50   0.00000000                            
PL51  -7401.098564  -8706.654065   4319.165113              
VL51  -9932.639109  33302.054230  49865.137733              
*  2025  4 13 20 52   0.00000000                            
PL51  -7505.283454  -8292.906571   4910.427605              
VL51  -7420.219349  35630.932713  48652.695057              
*  2025  4 13 20 54   0.00000000                            
PL51  -7578.933926  -7852.126559   5486.215789              
VL51  -4845.336445  37806.114799  47286.768005              
*  2025  4 13 20 56   0.00000000                            
PL51  -7621.364687  -7386.205945   6044.713399              
VL51  -2218.753926  39819.789075  45771.697922              
*  2025  4 13 20 58   0.00000000                            
PL51  -7632.021410  -6897.126184   6584.159240              
VL51    448.471942  41664.848327  44112.318841              
*  2025  4 13 21  0   0.00000000                            
PL51  -7610.483954  -6386.949649   7102.852993              
VL51   3145.041563  43334.918221  42313.940296              
*  2025  4 13 21  2   0.00000000                            
PL51  -7556.468982  -5857.810679   7599.160816              
VL51   5859.462645  44824.382415  40382.328303              
*  2025  4 13 21  4   0.00000000                            
PL51  -7469.831961  -5311.906354   8071.520692              
VL51   8580.101763  46128.403961  38323.684627              
*  2025  4 13 21  6   0.00000000                            
PL51  -7350.568546  -4751.487029   8518.447530              
VL51  11295.236592  47242.942949  36144.624461              
*  2025  4 13 21  8   0.00000000                            
PL51  -7198.815331  -4178.846685   8938.537985              
VL51  13993.108522  48164.770306  33852.152624              
*  2025  4 13 21 10   0.00000000                            
PL51  -7014.849965  -3596.313138   9330.474981              
VL51  16661.975395  48891.477719  31453.638417              
*  2025  4 13 21 12   0.00000000                            
PL51  -6799.090644  -3006.238144   9693.031928              
VL51  19290.164077  49421.483684  28956.789263              
*  2025  4 13 21 14   0.00000000                            
PL51  -6552.094964  -2410.987463  10025.076620              
VL51  21866.122624  49754.035682  26369.623269              
*  2025  4 13 21 16   0.00000000                            
PL51  -6274.558162  -1812.930921  10325.574789              
VL51  24378.471768  49889.208521  23700.440844              
*  2025  4 13 21 18   0.00000000                            
PL51  -5967.310733  -1214.432505  10593.593321              
VL51  26816.055490  49827.898896  20957.795506              
*  2025  4 13 21 20   0.00000000                            
PL51  -5631.315461   -617.840555  10828.303114              
VL51  29167.990428  49571.816258  18150.464028              
*  2025  4 13 21 22   0.00000000                            
PL51  -5267.663851    -25.478082  11028.981573              
VL51  31423.713916  49123.470067  15287.416035              
*  2025  4 13 21 24   0.00000000                            
PL51  -4877.572004    560.366735  11195.014745              
VL51  33573.030425  48486.153575  12377.783213              
*  2025  4 13 21 26   0.00000000                            
PL51  -4462.375938   1137.449845  11325.899072              
VL51  35606.156230  47663.924245   9430.828223              
*  2025  4 13 21 28   0.00000000                            
PL51  -4023.526393   1703.580357  11421.242778              
VL51  37513.762098  46661.580950   6455.913460              
*  2025  4 13 21 30   0.00000000                            
PL51  -3562.583129   2256.629289  11480.766878              
VL51  39287.013842  45484.638121   3462.469762              
*  2025  4 13 21 32   0.00000000                            
PL51  -3081.208751   2794.537982  11504.305811              
VL51  40917.610581  44139.296981    459.965181              
*  2025  4 13 21 34   0.00000000                            
PL51  -2581.162096   3315.326158  11491.807702              
VL51  42397.820541  42632.414057  -2542.126067              
*  2025  4 13 21 36   0.00000000                            
PL51  -2064.291201   3817.099577  11443.334249              
VL51  43720.514293  40971.467133  -5534.354393              
*  2025  4 13 21 38   0.00000000                            
PL51  -1532.525887   4298.057282  11359.060242              
VL51  44879.195282  39164.518841  -8507.325225              
*  2025  4 13 21 40   0.00000000                            
PL51   -987.869995   4756.498383  11239.272731              
VL51  45868.027560  37220.178083 -11451.728950              
*  2025  4 13 21 42   0.00000000                            
PL51   -432.393311   5190.828374  11084.369820              
VL51  46681.860630  35147.559480 -14358.370275              
*  2025  4 13 21 44   0.00000000                            
PL51    131.776799   5599.564947  10894.859130              
VL51  47316.251318  32956.241055 -17218.196957              
*  2025  4 13 21 46   0.00000000                            
PL51    702.463989   5981.343292  10671.355907              
VL51  47767.482623  30656.220356 -20022.327806              
*  2025  4 13 21 48   0.00000000                            
PL51   1277.451748   6334.920861  10414.580812              
VL51  48032.579478  28257.869211 -22762.079893              
*  2025  4 13 21 50   0.00000000                            
PL51   1854.492379   6659.181585  10125.357376              
VL51  48109.321394  25771.887345 -25428.994900              
*  2025  4 13 21 52   0.00000000                            
PL51   2431.316117   6953.139517   9804.609157              
VL51  47996.251958  23209.255039 -28014.864550              
*  2025  4 13 21 54   0.00000000                            
PL51   3005.640338   7215.941923   9453.356587              
VL51  47692.685155  20581.185055 -30511.755041              
*  2025  4 13 21 56   0.00000000                            
PL51   3575.178822   7446.871769   9072.713543              
VL51  47198.708522  17899.074016 -32912.030442              
*  2025  4 13 21 58   0.00000000                            
PL51   4137.651048   7645.349643   8663.883630              
VL51  46515.183135  15174.453462 -35208.374995              
*  2025  4 13 22  0   0.00000000                            
PL51   4690.791449   7810.935073   8228.156217              
VL51  45643.740439  12418.940765 -37393.814250              
*  2025  4 13 22  2   0.00000000                            
PL51   5232.358633   7943.327265   7766.902217              
VL51  44586.775956   9644.190120 -39461.735010              
*  2025  4 13 22  4   0.00000000                            
PL51   5760.144490   8042.365255   7281.569640              
VL51  43347.439918   6861.843802 -41405.904013              
*  2025  4 13 22  6   0.00000000                            
PL51   6271.983180   8108.027471   6773.678930              
VL51  41929.624859   4083.483879 -43220.485322              
*  2025  4 13 22  8   0.00000000                            
PL51   6765.759955   8140.430727   6244.818095              
VL51  40337.950256   1320.584594 -44900.056370              
*  2025  4 13 22 10   0.00000000                            
PL51   7239.419771   8139.828645   5696.637659              
VL51  38577.744273  -1415.534422 -46439.622632              
*  2025  4 13 22 12   0.00000000                            
PL51   7690.975668   8106.609528   5130.845447              
VL51  36655.022719  -4113.753886 -47834.630875              
*  2025  4 13 22 14   0.00000000                            
PL51   8118.516889   8041.293683   4549.201216              
VL51  34576.465314  -6763.199405 -49080.980979              
*  2025  4 13 22 16   0.00000000                            
PL51   8520.216681   7944.530225   3953.511149              
VL51  32349.389372  -9353.284616 -50175.036289              
*  2025  4 13 22 18   0.00000000                            
PL51   8894.339787   7817.093368   3345.622248              
VL51  29981.721038 -11873.752794 -51113.632507              
*  2025  4 13 22 20   0.00000000                            
PL51   9239.249560   7659.878228   2727.416612              
VL51  27481.964200 -14314.716739 -51894.085085              
*  2025  4 13 22 22   0.00000000                            
PL51   9553.414700   7473.896160   2100.805645              
VL51  24859.167222 -16666.696827 -52514.195140              
*  2025  4 13 22 24   0.00000000                            
PL51   9835.415579   7260.269647   1467.724202              
VL51  22122.887626 -18920.657072 -52972.253879              
*  2025  4 13 22 26   0.00000000                            
PL51  10083.950132   7020.226771    830.124688              
VL51  19283.154928 -21068.039066 -53267.045533              
*  2025  4 13 22 28   0.00000000                            
PL51  10297.839283   6755.095291    189.971131              
VL51  16350.431733 -23100.793699 -53397.848837              
*  2025  4 13 22 30   0.00000000                            
PL51  10476.031905   6466.296350   -450.766756              
VL51  13335.573300 -25011.410537 -53364.437044              
*  2025  4 13 22 32   0.00000000                            
PL51  10617.609283   6155.337849  -1090.119496              
VL51  10249.785730 -26792.944790 -53167.076525              
*  2025  4 13 22 34   0.00000000                            
PL51  10721.789065   5823.807509  -1726.123758              
VL51   7104.582944 -28439.041763 -52806.523972              
*  2025  4 13 22 36   0.00000000                            
PL51  10787.928693   5473.365654  -2356.828209              
VL51   3911.742635 -29943.958748 -52284.022228              
*  2025  4 13 22 38   0.00000000                            
PL51  10815.528300   5105.737754  -2980.299324              
VL51    683.261367 -31302.584295 -51601.294811              
*  2025  4 13 22 40   0.00000000                            
PL51  10804.233063   4722.706744  -3594.627109              
VL51  -2568.691018 -32510.454815 -50760.539128              
*  2025  4 13 22 42   0.00000000                            
PL51  10753.835006   4326.105161  -4197.930742              
VL51  -5831.817508 -33563.768490 -49764.418467              
*  2025  4 13 22 44   0.00000000                            
PL51  10664.274250   3917.807139  -4788.364112              
VL51  -9093.740374 -34459.396468 -48616.052766              
*  2025  4 13 22 46   0.00000000                            
PL51  10535.639699   3499.720275  -5364.121235              
VL51 -12342.047792 -35194.891325 -47319.008244              
*  2025  4 13 22 48   0.00000000                            
PL51  10368.169168   3073.777419  -5923.441542              
VL51 -15564.340493 -35768.492800 -45877.285907              
*  2025  4 13 22 50   0.00000000                            
PL51  10162.248959   2641.928401  -6464.615024              
VL51 -18748.278243 -36179.130820 -44295.309018              
*  2025  4 13 22 52   0.00000000                            
PL51   9918.412868   2206.131750  -6985.987216              
VL51 -21881.626032 -36426.425817 -42577.909542              
*  2025  4 13 22 54   0.00000000                            
PL51   9637.340654   1768.346418  -7485.964018              
VL51 -24952.299794 -36510.686389 -40730.313663              
*  2025  4 13 22 56   0.00000000                            
PL51   9319.855951   1330.523546  -7963.016331              
VL51 -27948.411526 -36432.904333 -38758.126390              
*  2025  4 13 22 58   0.00000000                            
PL51   8966.923651    894.598312  -8415.684511              
VL51 -30858.313672 -36194.747101 -36667.315326              
*  2025  4 13 23  0   0.00000000                            
PL51   8579.646757    462.481880  -8842.582614              
VL51 -33670.642643 -35798.547748 -34464.193640              
*  2025  4 13 23  2   0.00000000                            
PL51   8159.262716     36.053484  -9242.402440              
VL51 -36374.361342 -35247.292404 -32155.402287              
*  2025  4 13 23  4   0.00000000                            
PL51   7707.139255   -382.847319  -9613.917354              
VL51 -38958.800572 -34544.605362 -29747.891524              
*  2025  4 13 23  6   0.00000000                            
PL51   7224.769722   -792.428209  -9955.985886              
VL51 -41413.699242 -33694.731843 -27248.901749              
*  2025  4 13 23  8   0.00000000                            
PL51   6713.767954  -1190.951436 -10267.555092              
VL51 -43729.243225 -32702.518503 -24665.943709              
*  2025  4 13 23 10   0.00000000                            
PL51   6175.862690  -1576.740915 -10547.663677              
VL51 -45896.102787 -31573.391769 -22006.778116              
*  2025  4 13 23 12   0.00000000                            
PL51   5612.891535  -1948.189034 -10795.444871              
VL51 -47905.468477 -30313.334078 -19279.394684              
*  2025  4 13 23 14   0.00000000                            
PL51   5026.794518  -2303.763182 -11010.129045              
VL51 -49749.085377 -28928.858101 -16491.990634              
*  2025  4 13 23 16   0.00000000                            
PL51   4419.607233  -2642.011942 -11191.046075              
VL51 -51419.285624 -27426.979046 -13652.948688              
*  2025  4 13 23 18   0.00000000                            
PL51   3793.453615  -2961.570950 -11337.627429              
VL51 -52909.019104 -25815.185107 -10770.814564              
*  2025  4 13 23 20   0.00000000                            
PL51   3150.538345  -3261.168379 -11449.407987              
VL51 -54211.882218 -24101.406177  -7854.274010              
*  2025  4 13 23 22   0.00000000                            
PL51   2493.138936  -3539.630052 -11526.027580              
VL51 -55322.144645 -22293.980890  -4912.129384              
*  2025  4 13 23 24   0.00000000                            
PL51   1823.597501  -3795.884131 -11567.232251              
VL51 -56234.773982 -20401.622105  -1953.275812              
*  2025  4 13 23 26   0.00000000                            
PL51   1144.312239  -4028.965402 -11572.875217              
VL51 -56945.458186 -18433.380914   1013.323065              
*  2025  4 13 23 28   0.00000000                            
PL51    457.728671  -4238.019105 -11542.917548              
VL51 -57450.625709 -16398.609293   3978.659716              
*  2025  4 13 23 30   0.00000000                            
PL51   -233.669356  -4422.304320 -11477.428543              
VL51 -57747.463242 -14306.921494   6933.707696              
*  2025  4 13 23 32   0.00000000                            
PL51   -927.368863  -4581.196869 -11376.585806              
VL51 -57833.930977 -12168.154288   9869.446942              
*  2025  4 13 23 34   0.00000000                            
PL51  -1620.837100  -4714.191750 -11240.675015              
VL51 -57708.775283  -9992.326179  12776.889351              
*  2025  4 13 23 36   0.00000000                            
PL51  -2311.531040  -4820.905065 -11070.089386              
VL51 -57371.538733  -7789.595718  15647.104615              
*  2025  4 13 23 38   0.00000000                            
PL51  -2996.906983  -4901.075445 -10865.328818              
VL51 -56822.567370  -5570.219030  18471.246259              
*  2025  4 13 23 40   0.00000000                            
PL51  -3674.430226  -4954.564968 -10626.998738              
VL51 -56063.015139  -3344.506702  21240.577850              
*  2025  4 13 23 42   0.00000000                            
PL51  -4341.584769  -4981.359544 -10355.808616              
VL51 -55094.845400  -1122.780159  23946.499323              
*  2025  4 13 23 44   0.00000000                            
PL51  -4995.883023  -4981.568789 -10052.570173              
VL51 -53920.829433   1084.672310  26580.573359              
*  2025  4 13 23 46   0.00000000                            
PL51  -5634.875483  -4955.425357  -9718.195271              
VL51 -52544.541877   3267.639732  29134.551760              
*  2025  4 13 23 48   0.00000000                            
PL51  -6256.160318  -4903.283748  -9353.693481              
VL51 -50970.353011   5416.032667  31600.401733              
*  2025  4 13 23 50   0.00000000                            
PL51  -6857.392867  -4825.618586  -8960.169348              
VL51 -49203.417841   7519.927286  33970.332003              
*  2025  4 13 23 52   0.00000000                            
PL51  -7436.294963  -4723.022370  -8538.819331              
VL51 -47249.661944   9569.609128  36236.818668              
*  2025  4 13 23 54   0.00000000                            
PL51  -7990.664087  -4596.202698  -8090.928445              
VL51 -45115.764021  11555.616360  38392.630689              
*  2025  4 13 23 56   0.00000000                            
PL51  -8518.382281  -4445.978981  -7617.866595              
VL51 -42809.135171  13468.782321  40430.854905              
*  2025  4 13 23 58   0.00000000                            
PL51  -9017.424794  -4273.278652  -7121.084615              
VL51 -40337.894859  15300.277167  42344.920478              
*  2025  4 14  0  0   0.00000000                            
PL51  -9485.868324  -4079.133111  -6602.110013              
VL51 -37710.844035  17041.647473  44128.622626              
*  2025  4 14  0  2   0.00000000                            
PL51  -9921.899520  -3864.671777  -6062.542447              
VL51 -34937.432460  18684.860166  45776.145542              
*  2025  4 14  0  4   0.00000000                            
PL51 -10323.821561  -3631.119250  -5504.048918              
VL51 -32027.729278  20222.330717  47282.084355              
*  2025  4 14  0  6   0.00000000                            
PL51 -10690.062374  -3379.787237  -4928.358715              
VL51 -28992.381885  21646.968624  48641.466020              
*  2025  4 14  0  8   0.00000000                            
PL51 -11019.180835  -3112.069674  -4337.258114              
VL51 -25842.578290  22952.206598  49849.768991              
*  2025  4 14  0 10   0.00000000                            
PL51 -11309.873109  -2829.435999  -3732.584849              
VL51 -22590.004013  24132.033362  50902.941559              
*  2025  4 14  0 12   0.00000000                            
PL51 -11560.978345  -2533.424301  -3116.222368              
VL51 -19246.796711  25181.023105  51797.418731              
*  2025  4 14  0 14   0.00000000                            
PL51 -11771.483818  -2225.634130  -2490.093905              
VL51 -15825.498265  26094.362397  52530.137508              
*  2025  4 14  0 16   0.00000000                            
PL51 -11940.529481  -1907.719000  -1856.156365              
VL51 -12339.004551  26867.874355  53098.550464              
*  2025  4 14  0 18   0.00000000                            
PL51 -12067.411903  -1581.378621  -1216.394071              
VL51  -8800.513105  27498.039909  53500.637510              
*  2025  4 14  0 20   0.00000000                            
PL51 -12151.587559  -1248.350893   -572.812375              
VL51  -5223.468928  27982.015989  53734.915732              
*  2025  4 14  0 22   0.00000000                            
PL51 -12192.675474   -910.403699     72.568844              
VL51  -1621.508713  28317.650528  53800.447238              
*  2025  4 14  0 24   0.00000000                            
PL51 -12190.459179   -569.326541    717.721748              
VL51   1991.596225  28503.494127  53696.844921              
*  2025  4 14  0 26   0.00000000                            
PL51 -12144.887975   -226.922055   1360.617180              
VL51   5601.998037  28538.808315  53424.276082              
*  2025  4 14  0 28   0.00000000                            
PL51 -12056.077507    115.002551   1999.231325              
VL51   9195.831101  28423.570307  52983.463878              
*  2025  4 14  0 30   0.00000000                            
PL51 -11924.309614    454.644101   2631.552378              
VL51  12759.271173  28158.474226  52375.686555              
*  2025  4 14  0 32   0.00000000                            
PL51 -11750.031487    790.212037   3255.587189              
VL51  16278.594584  27744.928742  51602.774449              
*  2025  4 14  0 34   0.00000000                            
PL51 -11533.854097   1119.936965   3869.367862              
VL51  19740.237158  27185.051142  50667.104765              
*  2025  4 14  0 36   0.00000000                            
PL51 -11276.549941   1442.079105   4470.958269              
VL51  23130.852531  26481.657832  49571.594139              
*  2025  4 14  0 38   0.00000000                            
PL51 -10979.050075   1754.936605   5058.460474              
VL51  26437.369539  25638.251337  48319.689028              
*  2025  4 14  0 40   0.00000000                            
PL51 -10642.440477   2056.853680   5630.021018              
VL51  29647.048357  24659.003847  46915.353972              
*  2025  4 14  0 42   0.00000000                            
PL51 -10267.957742   2346.228532   6183.837060              
VL51  32747.535093  23548.737426  45363.057797              
*  2025  4 14  0 44   0.00000000                            
PL51  -9856.984131   2621.521011   6718.162328              
VL51  35726.914537  22312.900975  43667.757829              
*  2025  4 14  0 46   0.00000000                            
PL51  -9411.041999   2881.259990   7231.312885              
VL51  38573.760791  20957.544102  41834.882228              
*  2025  4 14  0 48   0.00000000                            
PL51  -8931.787637   3124.050393   7721.672661              
VL51  41277.185527  19489.288044  39870.310523              
*  2025  4 14  0 50   0.00000000                            
PL51  -8421.004539   3348.579875   8187.698739              
VL51  43826.883633  17915.293819  37780.352467              
*  2025  4 14  0 52   0.00000000                            
PL51  -7880.596144   3553.625087   8627.926394              
VL51  46213.176031  16243.227780  35571.725325              
*  2025  4 14  0 54   0.00000000                            
PL51  -7312.578086   3738.057528   9040.973827              
VL51  48427.049468  14481.224783  33251.529716              
*  2025  4 14  0 56   0.00000000                            
PL51  -6719.069976   3900.848930   9425.546625              
VL51  50460.193104  12637.849170  30827.224129              
*  2025  4 14  0 58   0.00000000                            
PL51  -6102.286776   4041.076173   9780.441887              
VL51  52305.031732  10722.053787  28306.598256              
*  2025  4 14  1  0   0.00000000                            
PL51  -5464.529782   4157.925687  10104.552040              
VL51  53954.755517   8743.137272  25697.745263              
*  2025  4 14  1  2   0.00000000                            
PL51  -4808.177288   4250.697340  10396.868306              
VL51  55403.346108   6710.699842  23009.033154              
*  2025  4 14  1  4   0.00000000                            
PL51  -4135.674940   4318.807787  10656.483827              
VL51  56645.599082   4634.597823  20249.075360              
*  2025  4 14  1  6   0.00000000                            
PL51  -3449.525863   4361.793262  10882.596426              
VL51  57677.142618   2524.897162  17426.700700              
*  2025  4 14  1  8   0.00000000                            
PL51  -2752.280570   4379.311812  11074.511013              
VL51  58494.452397    391.826171  14550.922850              
*  2025  4 14  1 10   0.00000000                            
PL51  -2046.526723   4371.144961  11231.641619              
VL51  59094.862714  -1754.272265  11630.909456              
*  2025  4 14  1 12   0.00000000                            
PL51  -1334.878781   4337.198793  11353.513051              
VL51  59476.573794  -3902.988781   8675.951015              
*  2025  4 14  1 14   0.00000000                            
PL51   -619.967589   4277.504463  11439.762187              
VL51  59638.655363  -6043.895687   5695.429641              
*  2025  4 14  1 16   0.00000000                            
PL51     95.570067   4192.218128  11490.138880              
VL51  59581.046510  -8166.594977   2698.787834              
*  2025  4 14  1 18   0.00000000                            
PL51    809.101866   4081.620303  11504.506504              
VL51  59304.551887 -10260.765958   -304.502657              
*  2025  4 14  1 20   0.00000000                            
PL51   1518.010303   3946.114656  11482.842110              
VL51  58810.834324 -12316.212304  -3304.971762              
*  2025  4 14  1 22   0.00000000                            
PL51   2219.702923   3786.226229  11425.236230              
VL51  58102.403939 -14322.908315  -6293.181723              
*  2025  4 14  1 24   0.00000000                            
PL51   2911.622406   3602.599122  11331.892302              
VL51  57182.603831 -16271.044196  -9259.757334              
*  2025  4 14  1 26   0.00000000                            
PL51   3591.256460   3395.993639  11203.125743              
VL51  56055.592451 -18151.070162 -12195.415703              
*  2025  4 14  1 28   0.00000000                            
PL51   4256.147485   3167.282903  11039.362664              
VL51  54726.322778 -19953.739182 -15090.995448              
*  2025  4 14  1 30   0.00000000                            
PL51   4903.901965   2917.448981  10841.138240              
VL51  53200.518407 -21670.148191 -17937.485248              
*  2025  4 14  1 32   0.00000000                            
PL51   5532.199558   2647.578512  10609.094743              
VL51  51484.646697 -23291.777610 -20726.051669              
*  2025  4 14  1 34   0.00000000                            
PL51   6138.801848   2358.857883  10343.979243              
VL51  49585.889105 -24810.529009 -23448.066185              
*  2025  4 14  1 36   0.00000000                            
PL51   6721.560716   2052.567952  10046.640990              
VL51  47512.108860 -26218.760770 -26095.131341              
*  2025  4 14  1 38   0.00000000                            
PL51   7278.426325   1730.078370   9718.028494              
VL51  45271.816144 -27509.321608 -28659.105969              
*  2025  4 14  1 40   0.00000000                            
PL51   7807.454654   1392.841502   9359.186296              
VL51  42874.130920 -28675.581838 -31132.129409              
*  2025  4 14  1 42   0.00000000                            
PL51   8306.814585   1042.385995   8971.251468              
VL51  40328.743605 -29711.462250 -33506.644666              
*  2025  4 14  1 44   0.00000000                            
PL51   8774.794502    680.310010   8555.449832              
VL51  37645.873743 -30611.460500 -35775.420446              
*  2025  4 14  1 46   0.00000000                            
PL51   9209.808384    308.274155   8113.091927              
VL51  34836.226860 -31370.674915 -37931.572020              
*  2025  4 14  1 48   0.00000000                            
PL51   9610.401370    -72.005853   7645.568730              
VL51  31910.949718 -31984.825636 -39968.580851              
*  2025  4 14  1 50   0.00000000                            
PL51   9975.254775   -458.766765   7154.347151              
VL51  28881.584119 -32450.273022 -41880.312957              
*  2025  4 14  1 52   0.00000000                            
PL51  10303.190550   -850.205573   6640.965315              
VL51  25760.019497 -32764.033249 -43661.035954              
*  2025  4 14  1 54   0.00000000                            
PL51  10593.175165  -1244.487467   6107.027646              
VL51  22558.444465 -32923.791076 -45305.434739              
*  2025  4 14  1 56   0.00000000                            
PL51  10844.322900  -1639.753915   5554.199775              
VL51  19289.297544 -32927.909723 -46808.625795              
*  2025  4 14  1 58   0.00000000                            
PL51  11055.898550  -2034.130850   4984.203278              
VL51  15965.217262 -32775.437847 -48166.170070              
*  2025  4 14  2  0   0.00000000                            
PL51  11227.319519  -2425.736924   4398.810278              
VL51  12598.991832 -32466.113609 -49374.084423              
*  2025  4 14  2  2   0.00000000                            
PL51  11358.157315  -2812.691793   3799.837907              
VL51   9203.508620 -32000.365826 -50428.851600              
*  2025  4 14  2  4   0.00000000                            
PL51  11448.138437  -3193.124392   3189.142666              
VL51   5791.703587 -31379.312230 -51327.428747              
*  2025  4 14  2  6   0.00000000                            
PL51  11497.144656  -3565.181182   2568.614690              
VL51   2376.510939 -30604.754859 -52067.254433              
*  2025  4 14  2  8   0.00000000                            
PL51  11505.212692  -3927.034321   1940.171931              
VL51  -1029.186862 -29679.172612 -52646.254182              
*  2025  4 14  2 10   0.00000000                            
PL51  11472.533296  -4276.889721   1305.754295              
VL51  -4412.608494 -28605.711034 -53062.844523              
*  2025  4 14  2 12   0.00000000                            
PL51  11399.449745  -4612.994980    667.317728              
VL51  -7761.122389 -27388.169371 -53315.935560              
*  2025  4 14  2 14   0.00000000                            
PL51  11286.455759  -4933.647132     26.828288              
VL51 -11062.294413 -26030.985003 -53404.932070              
*  2025  4 14  2 16   0.00000000                            
PL51  11134.192846  -5237.200198   -613.743793              
VL51 -14303.934391 -24539.215302 -53329.733159              
*  2025  4 14  2 18   0.00000000                            
PL51  10943.447111  -5522.072507  -1252.430027              
VL51 -17474.141336 -22918.517039 -53090.730492              
*  2025  4 14  2 20   0.00000000                            
PL51  10715.145510  -5786.753751  -1887.269568              
VL51 -20561.347221 -21175.123430 -52688.805132              
*  2025  4 14  2 22   0.00000000                            
PL51  10450.351610  -6029.811754  -2516.315058              
VL51 -23554.359124 -19315.818931 -52125.323025              
*  2025  4 14  2 24   0.00000000                            
PL51  10150.260839  -6249.898926  -3137.638410              
VL51 -26442.399632 -17347.911908 -51402.129161              
*  2025  4 14  2 26   0.00000000                            
PL51   9816.195265  -6445.758376  -3749.336516              
VL51 -29215.145356 -15279.205293 -50521.540468              
*  2025  4 14  2 28   0.00000000                            
PL51   9449.597933  -6616.229659  -4349.536863              
VL51 -31862.763458 -13117.965370 -49486.337468              
*  2025  4 14  2 30   0.00000000                            
PL51   9052.026761  -6760.254142  -4936.403038              
VL51 -34375.946064 -10872.888802 -48299.754755              
*  2025  4 14  2 32   0.00000000                            
PL51   8625.148053  -6876.879961  -5508.140113              
VL51 -36745.942484  -8553.068049 -46965.470332              
*  2025  4 14  2 34   0.00000000                            
PL51   8170.729626  -6965.266560  -6062.999902              
VL51 -38964.589149  -6167.955312 -45487.593869              
*  2025  4 14  2 36   0.00000000                            
PL51   7690.633597  -7024.688776  -6599.286059              
VL51 -41024.337185  -3727.325133 -43870.653910              
*  2025  4 14  2 38   0.00000000                            
PL51   7186.808857  -7054.540488  -7115.359025              
VL51 -42918.277561  -1241.235801 -42119.584111              
*  2025  4 14  2 40   0.00000000                            
PL51   6661.283248  -7054.337776  -7609.640805              
VL51 -44640.163766   1280.010297 -40239.708527              
*  2025  4 14  2 42   0.00000000                            
PL51   6116.155496  -7023.721611  -8080.619556              
VL51 -46184.431954   3825.907244 -38236.726020              
*  2025  4 14  2 44   0.00000000                            
PL51   5553.586908  -6962.460049  -8526.853987              
VL51 -47546.218536   6385.786932 -36116.693835              
*  2025  4 14  2 46   0.00000000                            
PL51   4975.792873  -6870.449930  -8946.977561              
VL51 -48721.375194   8948.861051 -33886.010377              
*  2025  4 14  2 48   0.00000000                            
PL51   4385.034209  -6747.718059  -9339.702479              
VL51 -49706.481283  11504.263565 -31551.397252              
*  2025  4 14  2 50   0.00000000                            
PL51   3783.608362  -6594.421889  -9703.823446              
VL51 -50498.853626  14041.093562 -29119.880607              
*  2025  4 14  2 52   0.00000000                            
PL51   3173.840517  -6410.849675 -10038.221212              
VL51 -51096.553704  16548.458348 -26598.771797              
*  2025  4 14  2 54   0.00000000                            
PL51   2558.074626  -6197.420120 -10341.865876              
VL51 -51498.392212  19015.516631 -23995.647432              
*  2025  4 14  2 56   0.00000000                            
PL51   1938.664409  -5954.681500 -10613.819946              
VL51 -51703.931025  21431.521682 -21318.328822              
*  2025  4 14  2 58   0.00000000                            
PL51   1317.964337  -5683.310266 -10853.241147              
VL51 -51713.482550  23785.864342 -18574.860865              
*  2025  4 14  3  0   0.00000000                            
PL51    698.320643  -5384.109143 -11059.384976              
VL51 -51528.106503  26068.115737 -15773.490394              
*  2025  4 14  3  2   0.00000000                            
PL51     82.062390  -5058.004707 -11231.606995              
VL51 -51149.604109  28268.069571 -12922.644024              
*  2025  4 14  3  4   0.00000000                            
PL51   -528.507384  -4706.044465 -11369.364849              
VL51 -50580.509774  30375.783884 -10030.905514              
*  2025  4 14  3  6   0.00000000                            
PL51  -1131.120402  -4329.393437 -11472.220018              
VL51 -49824.080224  32381.622129  -7106.992673              
*  2025  4 14  3  8   0.00000000                            
PL51  -1723.551732  -3929.330246 -11539.839281              
VL51 -48884.281166  34276.293455  -4159.733833              
*  2025  4 14  3 10   0.00000000                            
PL51  -2303.628210  -3507.242734 -11571.995901              
VL51 -47765.771484  36050.892054  -1198.043903              
*  2025  4 14  3 12   0.00000000                            
PL51  -2869.236646  -3064.623112 -11568.570518              
VL51 -46473.885001  37696.935448   1769.099961              
*  2025  4 14  3 14   0.00000000                            
PL51  -3418.331804  -2603.062652 -11529.551747              
VL51 -45014.609863  39206.401581   4732.683060              
*  2025  4 14  3 16   0.00000000                            
PL51  -3948.944118  -2124.245950 -11455.036481              
VL51 -43394.565553  40571.764576   7683.678195              
*  2025  4 14  3 18   0.00000000                            
PL51  -4459.187118  -1629.944764 -11345.229888              
VL51 -41620.977602  41786.029028  10613.071021              
*  2025  4 14  3 20   0.00000000                            
PL51  -4947.264541  -1122.011449 -11200.445102              
VL51 -39701.650036  42842.762678  13511.885684              
*  2025  4 14  3 22   0.00000000                            
PL51  -5411.477096   -602.372013 -11021.102606              
VL51 -37644.935606  43736.127344  16371.210700              
*  2025  4 14  3 24   0.00000000                            
PL51  -5850.228855    -73.018810 -10807.729307              
VL51 -35459.703869  44460.907950  19182.225042              
*  2025  4 14  3 26   0.00000000                            
PL51  -6262.033262    463.997098 -10560.957288              
VL51 -33155.307179  45012.539508  21936.224383              
*  2025  4 14  3 28   0.00000000                            
PL51  -6645.518703   1006.573895 -10281.522254              
VL51 -30741.544654  45387.131914  24624.647439              
*  2025  4 14  3 30   0.00000000                            
PL51  -6999.433646   1552.567246  -9970.261652              
VL51 -28228.624218  45581.492400  27239.102368              
*  2025  4 14  3 32   0.00000000                            
PL51  -7322.651310   2099.798790  -9628.112487              
VL51 -25627.122783  45593.145488  29771.393129              
*  2025  4 14  3 34   0.00000000                            
PL51  -7614.173842   2646.064850  -9256.108806              
VL51 -22947.944699  45420.350318  32213.545756              
*  2025  4 14  3 36   0.00000000                            
PL51  -7873.135992   3189.145341  -8855.378885              
VL51 -20202.278563  45062.115179  34557.834424              
*  2025  4 14  3 38   0.00000000                            
PL51  -8098.808257   3726.812833  -8427.142087              
VL51 -17401.552545  44518.209122  36796.807241              
*  2025  4 14  3 40   0.00000000                            
PL51  -8290.599476   4256.841731  -7972.705431              
VL51 -14557.388342  43789.170523  38923.311645              
*  2025  4 14  3 42   0.00000000                            
PL51  -8448.058878   4777.017548  -7493.459844              
VL51 -11681.553957  42876.312474  40930.519292              
*  2025  4 14  3 44   0.00000000                            
PL51  -8570.877543   5285.146213  -6990.876127              
VL51  -8785.915440  41781.724894  42811.950337              
*  2025  4 14  3 46   0.00000000                            
PL51  -8658.889287   5779.063390  -6466.500630              
VL51  -5882.387819  40508.273278  44561.496971              
*  2025  4 14  3 48   0.00000000                            
PL51  -8712.070953   6256.643762  -5921.950648              
VL51  -2982.885376  39059.593987  46173.446097              
*  2025  4 14  3 50   0.00000000                            
PL51  -8730.542100   6715.810234  -5358.909561              
VL51    -99.271531  37440.086044  47642.501027              
*  2025  4 14  3 52   0.00000000                            
PL51  -8714.564090   7154.543017  -4779.121703              
VL51   2756.691488  35654.899367  48963.802055              
*  2025  4 14  3 54   0.00000000                            
PL51  -8664.538574   7570.888552  -4184.387007              
VL51   5573.392918  33709.919435  50132.945792              
*  2025  4 14  3 56   0.00000000                            
PL51  -8581.005374   7962.968228  -3576.555417              
VL51   8339.423453  31611.748389  51146.003140              
*  2025  4 14  3 58   0.00000000                            
PL51  -8464.639766   8328.986847  -2957.521100              
VL51  11043.624692  29367.682570  51999.535756              
*  2025  4 14  4  0   0.00000000                            
PL51  -8316.249179   8667.240805  -2329.216460              
VL51  13675.137790  26985.686569  52690.610916              
*  2025  4 14  4  2   0.00000000                            
PL51  -8136.769310   8976.125938  -1693.605996              
VL51  16223.451042  24474.363838  53216.814641              
*  2025  4 14  4  4   0.00000000                            
PL51  -7927.259683   9254.144993  -1052.680004              
VL51  18678.446142  21842.923982  53576.262986              
*  2025  4 14  4  6   0.00000000                            
PL51  -7688.898659   9499.914694   -408.448159              
VL51  21030.442853  19101.146834  53767.611400              
*  2025  4 14  4  8   0.00000000                            
PL51  -7422.977915   9712.172347    237.067004              
VL51  23270.241819  16259.343488  53790.062063              
*  2025  4 14  4 10   0.00000000                            
PL51  -7130.896433   9889.781975    881.836681              
VL51  25389.165274  13328.314447  53643.369120              
*  2025  4 14  4 12   0.00000000                            
PL51  -6814.154002  10031.739919   1523.832450              
VL51  27379.095407  10319.305095  53327.841776              
*  2025  4 14  4 14   0.00000000                            
PL51  -6474.344289  10137.179902   2161.032932              
VL51  29232.510131   7243.958705  52844.345170              
*  2025  4 14  4 16   0.00000000                            
PL51  -6113.147484  10205.377507   2791.430462              
VL51  30942.516050   4114.267242  52194.299035              
*  2025  4 14  4 18   0.00000000                            
PL51  -5732.322572  10235.754060   3413.037721              
VL51  32502.878424    942.520213  51379.674102              
*  2025  4 14  4 20   0.00000000                            
PL51  -5333.699270  10227.879880   4023.894317              
VL51  33908.047934  -2258.748151  50402.986283              
*  2025  4 14  4 22   0.00000000                            
PL51  -4919.169655  10181.476898   4622.073282              
VL51  35153.184101  -5476.813092  49267.288643              
*  2025  4 14  4 24   0.00000000                            
PL51  -4490.679535  10096.420607   5205.687457              
VL51  36234.175223  -8698.814603  47976.161212              
*  2025  4 14  4 26   0.00000000                            
PL51  -4050.219601   9972.741353   5772.895745              
VL51  37147.654727 -11911.813484  46533.698687              
*  2025  4 14  4 28   0.00000000                            
PL51  -3599.816409   9810.624944   6321.909202              
VL51  37891.013845 -15102.847871  44944.496104              
*  2025  4 14  4 30   0.00000000                            
PL51  -3141.523226   9610.412583   6850.996947              
VL51  38462.410569 -18258.989936  43213.632555              
*  2025  4 14  4 32   0.00000000                            
PL51  -2677.410794   9372.600121   7358.491861              
VL51  38860.774842 -21367.402450  41346.653042              
*  2025  4 14  4 34   0.00000000                            
PL51  -2209.558055   9097.836629   7842.796064              
VL51  39085.809990 -24415.394922  39349.548557              
*  2025  4 14  4 36   0.00000000                            
PL51  -1740.042881   8786.922308   8302.386136              
VL51  39137.990402 -27390.479009  37228.734531              
*  2025  4 14  4 38   0.00000000                            
PL51  -1270.932854   8440.805732   8735.818074              
VL51  39018.555495 -30280.422920  34991.027727              
*  2025  4 14  4 40   0.00000000                            
PL51   -804.276137   8060.580452   9141.731960              
VL51  38729.500038 -33073.304538  32643.621743              
*  2025  4 14  4 42   0.00000000                            
PL51   -342.092491   7647.480967   9518.856336              
VL51  38273.560917 -35757.563005  30194.061235              
*  2025  4 14  4 44   0.00000000                            
PL51    113.635538   7202.878090   9866.012250              
VL51  37654.200443 -38322.048524  27650.215002              
*  2025  4 14  4 46   0.00000000                            
PL51    560.971207   6728.273722  10182.116980              
VL51  36875.586327 -40756.070155  25020.248063              
*  2025  4 14  4 48   0.00000000                            
PL51    998.031900   6225.295077  10466.187421              
VL51  35942.568481 -43049.441394  22312.592881              
*  2025  4 14  4 50   0.00000000                            
PL51   1422.997167   5695.688361  10717.343113              
VL51  34860.652773 -45192.523336  19535.919835              
*  2025  4 14  4 52   0.00000000                            
PL51   1834.116418   5141.311957  10934.808918              
VL51  33635.971929 -47176.265262  16699.107103              
*  2025  4 14  4 54   0.00000000                            
PL51   2229.716261   4564.129139  11117.917330              
VL51  32275.253755 -48992.242477  13811.210076              
*  2025  4 14  4 56   0.00000000                            
PL51   2608.207435   3966.200341  11266.110417              
VL51  30785.786854 -50632.691263  10881.430411              
*  2025  4 14  4 58   0.00000000                            
PL51   2968.091328   3349.675038  11378.941388              
VL51  29175.384069 -52090.540828   7919.084881              
*  2025  4 14  5  0   0.00000000                            
PL51   3307.966034   2716.783251  11456.075789              
VL51  27452.343815 -53359.442128   4933.574108              
*  2025  4 14  5  2   0.00000000                            
PL51   3626.531941   2069.826726  11497.292319              
VL51  25625.409547 -54433.793499   1934.351315              
*  2025  4 14  5  4   0.00000000                            
PL51   3922.596816   1411.169836  11502.483276              
VL51  23703.727551 -55308.762995  -1069.108807              
*  2025  4 14  5  6   0.00000000                            
PL51   4195.080382    743.230219  11471.654628              
VL51  21696.803294 -55980.307403  -4067.341000              
*  2025  4 14  5  8   0.00000000                            
PL51   4443.018360     68.469220  11404.925718              
VL51  19614.456527 -56445.187868  -7050.920026              
*  2025  4 14  5 10   0.00000000                            
PL51   4665.565962   -610.617838  11302.528597              
VL51  17466.775385 -56700.982121 -10010.490833              
*  2025  4 14  5 12   0.00000000                            
PL51   4862.000838  -1291.511510  11164.807012              
VL51  15264.069674 -56746.093267 -12936.798223              
*  2025  4 14  5 14   0.00000000                            
PL51   5031.725447  -1971.678171  10992.215023              
VL51  13016.823581 -56579.755161 -15820.715920              
*  2025  4 14  5 16   0.00000000                            
PL51   5174.268867  -2648.579995  10785.315293              
VL51  10735.648008 -56202.034346 -18653.274978              
*  2025  4 14  5 18   0.00000000                            
PL51   5289.288028  -3319.684947  10544.777026              
VL51   8431.232747 -55613.828614 -21425.691435              
*  2025  4 14  5 20   0.00000000                            
PL51   5376.568371  -3982.476732  10271.373593              
VL51   6114.298705 -54816.862180 -24129.393142              
*  2025  4 14  5 22   0.00000000                            
PL51   5436.023940  -4634.464662   9965.979826              
VL51   3795.550389 -53813.677565 -26756.045697              
*  2025  4 14  5 24   0.00000000                            
PL51   5467.696894  -5273.193415   9629.569021              
VL51   1485.628840 -52607.624205 -29297.577414              
*  2025  4 14  5 26   0.00000000                            
PL51   5471.756476  -5896.252633   9263.209636              
VL51   -804.934775 -51202.843888 -31746.203274              
*  2025  4 14  5 28   0.00000000                            
PL51   5448.497413  -6501.286327   8868.061715              
VL51  -3065.764728 -49604.253084 -34094.447771              
*  2025  4 14  5 30   0.00000000                            
PL51   5398.337786  -7086.002052   8445.373042              
VL51  -5286.685266 -47817.522273 -36335.166637              
*  2025  4 14  5 32   0.00000000                            
PL51   5321.816365  -7648.179813   7996.475041              
VL51  -7457.763943 -45849.052370 -38461.567353              
*  2025  4 14  5 34   0.00000000                            
PL51   5219.589444  -8185.680683   7522.778440              
VL51  -9569.353571 -43705.948367 -40467.228423              
*  2025  4 14  5 36   0.00000000                            
PL51   5092.427164  -8696.455073   7025.768705              
VL51 -11612.132634 -41395.990320 -42346.117360              
*  2025  4 14  5 38   0.00000000                            
PL51   4941.209379  -9178.550649   6507.001278              
VL51 -13577.144006 -38927.601804 -44092.607340              
*  2025  4 14  5 40   0.00000000                            
PL51   4766.921055  -9630.119852   5968.096609              
VL51 -15455.831831 -36309.815996 -45701.492499              
*  2025  4 14  5 42   0.00000000                            
PL51   4570.647246 -10049.427000   5410.735023              
VL51 -17240.076417 -33552.239531 -47168.001834              
*  2025  4 14  5 44   0.00000000                            
PL51   4353.567659 -10434.854940   4836.651426              
VL51 -18922.227042 -30665.014284 -48487.811685              
*  2025  4 14  5 46   0.00000000                            
PL51   4116.950843 -10784.911236   4247.629867              
VL51 -20495.132526 -27658.777258 -49657.056791              
*  2025  4 14  5 48   0.00000000                            
PL51   3862.148022 -11098.233855   3645.497977              
VL51 -21952.169491 -24544.618729 -50672.339890              
*  2025  4 14  5 50   0.00000000                            
PL51   3590.586602 -11373.596352   3032.121308              
VL51 -23287.268194 -21334.038826 -51530.739859              
*  2025  4 14  5 52   0.00000000                            
PL51   3303.763387 -11609.912519   2409.397573              
VL51 -24494.935869 -18038.902740 -52229.818389              
*  2025  4 14  5 54   0.00000000                            
PL51   3003.237525 -11806.240494   1779.250821              
VL51 -25570.277477 -14671.394711 -52767.625183              
*  2025  4 14  5 56   0.00000000                            
PL51   2690.623231 -11961.786300   1143.625557              
VL51 -26509.013826 -11243.970989 -53142.701676              
*  2025  4 14  5 58   0.00000000                            
PL51   2367.582291 -12075.906833    504.480828              
VL51 -27307.496985  -7769.311986 -53354.083276              
*  2025  4 14  6  0   0.00000000                            
PL51   2035.816418 -12148.112254   -136.215715              
VL51 -27962.722963  -4260.273778 -53401.300145              
*  2025  4 14  6  2   0.00000000                            
PL51   1697.059457 -12178.067808   -776.493747              
VL51 -28472.341622   -729.839184 -53284.376514              
*  2025  4 14  6  4   0.00000000                            
PL51   1353.069494 -12165.595047  -1414.386188              
VL51 -28834.663801   2808.931393 -53003.828581              
*  2025  4 14  6  6   0.00000000                            
PL51   1005.620897 -12110.672468  -2047.935089              
VL51 -29048.665663   6342.949158 -52560.661010              
*  2025  4 14  6  8   0.00000000                            
PL51    656.496317 -12013.435560  -2675.197463              
VL51 -29113.990274   9859.145962 -51956.362067              
*  2025  4 14  6 10   0.00000000                            
PL51    307.478694 -11874.176260  -3294.251053              
VL51 -29030.946434  13344.523013 -51192.897453              
*  2025  4 14  6 12   0.00000000                            
PL51    -39.656716 -11693.341834  -3903.200021              
VL51 -28800.504805  16786.199066 -50272.702856              
*  2025  4 14  6 14   0.00000000                            
PL51   -383.150245 -11471.533179  -4500.180530              
VL51 -28424.291376  20171.457949 -49198.675295              
*  2025  4 14  6 16   0.00000000                            
PL51   -721.265623 -11209.502564  -5083.366232              
VL51 -27904.578325  23487.795245 -47974.163280              
*  2025  4 14  6 18   0.00000000                            
PL51  -1052.297666 -10908.150808  -5650.973611              
VL51 -27244.272332  26722.963995 -46602.955855              
*  2025  4 14  6 20   0.00000000                            
PL51  -1374.579810 -10568.523928  -6201.267206              
VL51 -26446.900420  29865.019269 -45089.270566              
*  2025  4 14  6 22   0.00000000                            
PL51  -1686.491453 -10191.809249  -6732.564672              
VL51 -25516.593402  32902.361474 -43437.740402              
*  2025  4 14  6 24   0.00000000                            
PL51  -1986.465093  -9779.331011  -7243.241683              
VL51 -24458.067000  35823.778257 -41653.399774              
*  2025  4 14  6 26   0.00000000                            
PL51  -2272.993224  -9332.545474  -7731.736661              
VL51 -23276.600756  38618.484899 -39741.669565              
*  2025  4 14  6 28   0.00000000                            
PL51  -2544.634958  -8853.035555  -8196.555315              
VL51 -21978.014797  41276.163081 -37708.341316              
*  2025  4 14  6 30   0.00000000                            
PL51  -2800.022370  -8342.505006  -8636.274999              
VL51 -20568.644575  43786.997920 -35559.560591              
*  2025  4 14  6 32   0.00000000                            
PL51  -3037.866517  -7802.772160  -9049.548848              
VL51 -19055.313672  46141.713187 -33301.809568              
*  2025  4 14  6 34   0.00000000                            
PL51  -3256.963122  -7235.763265  -9435.109712              
VL51 -17445.304784  48331.604591 -30941.888900              
*  2025  4 14  6 36   0.00000000                            
PL51  -3456.197903  -6643.505434  -9791.773869              
VL51 -15746.328977  50348.571101 -28486.898879              
*  2025  4 14  6 38   0.00000000                            
PL51  -3634.551522  -6028.119221 -10118.444497              
VL51 -13966.493344  52185.144176 -25944.219955              
*  2025  4 14  6 40   0.00000000                            
PL51  -3791.104130  -5391.810875 -10414.114925              
VL51 -12114.267150  53834.514868 -23321.492635              
*  2025  4 14  6 42   0.00000000                            
PL51  -3925.039509  -4736.864267 -10677.871620              
VL51 -10198.446603  55290.558713 -20626.596786              
*  2025  4 14  6 44   0.00000000                            
PL51  -4035.648775  -4065.632541 -10908.896942              
VL51  -8228.118342  56547.858357 -17867.630402              
*  2025  4 14  6 46   0.00000000                            
PL51  -4122.333638  -3380.529503 -11106.471625              
VL51  -6212.621773  57601.723857 -15052.887824              
*  2025  4 14  6 48   0.00000000                            
PL51  -4184.609206  -2684.020786 -11269.977002              
VL51  -4161.510371  58448.210602 -12190.837479              
*  2025  4 14  6 50   0.00000000                            
PL51  -4222.106312  -1978.614803 -11398.896958              
VL51  -2084.512054  59084.134798  -9290.099131              
*  2025  4 14  6 52   0.00000000                            
PL51  -4234.573373  -1266.853546 -11492.819610              
VL51      8.511237  59507.086480  -6359.420691              
*  2025  4 14  6 54   0.00000000                            
PL51  -4221.877746   -551.303227 -11551.438697              
VL51   2107.604635  59715.439990  -3407.654596              
*  2025  4 14  6 56   0.00000000                            
PL51  -4184.006595    165.455179 -11574.554697              
VL51   4202.761994  59708.361894   -443.733776              
*  2025  4 14  6 58   0.00000000                            
PL51  -4121.067258    880.835480 -11562.075644              
VL51   6283.967962  59485.816272   2523.352755              
*  2025  4 14  7  0   0.00000000                            
PL51  -4033.287099   1592.255848 -11514.017652              
VL51   8341.240347  59048.567358   5484.584681              
*  2025  4 14  7  2   0.00000000                            
PL51  -3921.012856   2297.148432 -11430.505142              
VL51  10364.672649  58398.179472   8430.935503              
*  2025  4 14  7  4   0.00000000                            
PL51  -3784.709481   2992.968939 -11311.770763              
VL51  12344.476599  57537.014207  11353.397975              
*  2025  4 14  7  6   0.00000000                            
PL51  -3624.958460   3677.206171 -11158.155006              
VL51  14271.024591  56468.224829  14243.009822              
*  2025  4 14  7  8   0.00000000                            
PL51  -3442.455637   4347.391479 -10970.105512              
VL51  16134.891830  55195.747843  17090.879695              
*  2025  4 14  7 10   0.00000000                            
PL51  -3238.008529   5001.108099 -10748.176059              
VL51  17926.898055  53724.291709  19888.213340              
*  2025  4 14  7 12   0.00000000                            
PL51  -3012.533141   5636.000328 -10493.025244              
VL51  19638.148671  52059.322657  22626.339894              
*  2025  4 14  7 14   0.00000000                            
PL51  -2767.050297   6249.782521 -10205.414841              
VL51  21260.075121  50207.047606  25296.738288              
*  2025  4 14  7 16   0.00000000                            
PL51  -2502.681492   6840.247862  -9886.207847              
VL51  22784.474333  48174.394149  27891.063662              
*  2025  4 14  7 18   0.00000000                            
PL51  -2220.644270   7405.276877  -9536.366208              
VL51  24203.547052  45968.987631  30401.173728              
*  2025  4 14  7 20   0.00000000                            
PL51  -1922.247158   7942.845654  -9156.948230              
VL51  25509.934892  43599.125307  32819.155007              
*  2025  4 14  7 22   0.00000000                            
PL51  -1608.884160   8451.033739  -8749.105679              
VL51  26696.755916  41073.747623  35137.348839              
*  2025  4 14  7 24   0.00000000                            
PL51  -1282.028834   8928.031665  -8314.080565              
VL51  27757.638553  38402.406642  37348.377077              
*  2025  4 14  7 26   0.00000000                            
PL51   -943.227974   9372.148088  -7853.201628              
VL51  28686.753679  35595.231679  39445.167369              
*  2025  4 14  7 28   0.00000000                            
PL51   -594.094916   9781.816498  -7367.880517              
VL51  29478.844665  32662.892213  41420.977897              
*  2025  4 14  7 30   0.00000000                            
PL51   -236.302501  10155.601460  -6859.607679              
VL51  30129.255210  29616.558161  43269.421488              
*  2025  4 14  7 32   0.00000000                            
PL51    128.424284  10492.204371  -6329.947962              
VL51  30633.954779  26467.857627  44984.488944              
*  2025  4 14  7 34   0.00000000                            
PL51    498.315958  10790.468693  -5780.535943              
VL51  30989.561473  23228.832249  46560.571495              
*  2025  4 14  7 36   0.00000000                            
PL51    871.566449  11049.384635  -5213.070995              
VL51  31193.362153  19911.890290  47992.482217              
*  2025  4 14  7 38   0.00000000                            
PL51   1246.341228  11268.093261  -4629.312100              
VL51  31243.329675  16529.757657  49275.476317              
*  2025  4 14  7 40   0.00000000                            
PL51   1620.785629  11445.889997  -4031.072431              
VL51  31138.137078  13095.427019  50405.270120              
*  2025  4 14  7 42   0.00000000                            
PL51   1993.033322  11582.227522  -3420.213707              
VL51  30877.168589   9622.105252  51378.058654              
*  2025  4 14  7 44   0.00000000                            
PL51   2361.214891  11676.718012  -2798.640355              
VL51  30460.527346   6123.159432  52190.531695              
*  2025  4 14  7 46   0.00000000                            
PL51   2723.466498  11729.134733  -2168.293484              
VL51  29889.039722   2612.061644  52839.888150              
*  2025  4 14  7 48   0.00000000                            
PL51   3077.938566  11739.412968  -1531.144695              
VL51  29164.256188   -897.667138  53323.848674              
*  2025  4 14  7 50   0.00000000                            
PL51   3422.804457  11707.650258   -889.189760              
VL51  28288.448655  -4392.513807  53640.666418              
*  2025  4 14  7 52   0.00000000                            
PL51   3756.269093  11634.105973   -244.442169              
VL51  27264.604266  -7859.030224  53789.135812              
*  2025  4 14  7 54   0.00000000                            
PL51   4076.577490  11519.200182    401.073401              
VL51  26096.415627 -11283.890360  53768.599317              
*  2025  4 14  7 56   0.00000000                            
PL51   4382.023140  11363.511849   1045.327697              
VL51  24788.267502 -14653.947172  53578.952079              
*  2025  4 14  7 58   0.00000000                            
PL51   4670.956224  11167.776349   1686.293535              
VL51  23345.220003 -17956.288908  53220.644438              
*  2025  4 14  8  0   0.00000000                            
PL51   4941.791598  10932.882307   2321.952471              
VL51  21772.988339 -21178.294530  52694.682250              
*  2025  4 14  8  2   0.00000000                            
PL51   5193.016512  10659.867783   2950.301456              
VL51  20077.919209 -24307.687951  52002.625008              
*  2025  4 14  8  4   0.00000000                            
PL51   5423.198035  10349.915819   3569.359455              
VL51  18266.963953 -27332.590788  51146.581748              
*  2025  4 14  8  6   0.00000000                            
PL51   5630.990132  10004.349353   4177.174012              
VL51  16347.648581 -30241.573327  50129.204736              
*  2025  4 14  8  8   0.00000000                            
PL51   5815.140361   9624.625543   4771.827712              
VL51  14328.040842 -33023.703428  48953.680968              
*  2025  4 14  8 10   0.00000000                            
PL51   5974.496171   9212.329513   5351.444545              
VL51  12216.714501 -35668.593070  47623.721516              
*  2025  4 14  8 12   0.00000000                            
PL51   6108.010740   8769.167557   5914.196110              
VL51  10022.711030 -38166.442313  46143.548762              
*  2025  4 14  8 14   0.00000000                            
PL51   6214.748346   8296.959833   6458.307675              
VL51   7755.498909 -40508.080395  44517.881601              
*  2025  4 14  8 16   0.00000000                            
PL51   6293.889239   7797.632583   6982.064026              
VL51   5424.930789 -42685.003774  42751.918696              
*  2025  4 14  8 18   0.00000000                            
PL51   6344.733984   7273.209909   7483.815122              
VL51   3041.198732 -44689.410913  40851.319871              
*  2025  4 14  8 20   0.00000000                            
PL51   6366.707255   6725.805163   7961.981507              
VL51    614.787799 -46514.233636  38822.185763              
*  2025  4 14  8 22   0.00000000                            
PL51   6359.361065   6157.611975   8415.059467              
VL51  -1843.571770 -48153.164914  36671.035851              
*  2025  4 14  8 24   0.00000000                            
PL51   6322.377418   5570.894969   8841.625917              
VL51  -4322.953513 -49600.682969  34404.784972              
*  2025  4 14  8 26   0.00000000                            
PL51   6255.570363   4967.980215   9240.343000              
VL51  -6812.284597 -50852.071611  32030.718470              
*  2025  4 14  8 28   0.00000000                            
PL51   6158.887452   4351.245460   9609.962377              
VL51  -9300.396270 -51903.436729  29556.466098              
*  2025  4 14  8 30   0.00000000                            
PL51   6032.410579   3723.110182   9949.329195              
VL51 -11776.074688 -52751.718912  26989.974823              
*  2025  4 14  8 32   0.00000000                            
PL51   5876.356225   3086.025519  10257.385729              
VL51 -14228.111828 -53394.702180  24339.480649              
*  2025  4 14  8 34   0.00000000                            
PL51   5691.075073   2442.464114  10533.174675              
VL51 -16645.356253 -53831.018824  21613.479618              
*  2025  4 14  8 36   0.00000000                            
PL51   5477.051036   1794.909926  10775.842094              
VL51 -19016.763485 -54060.150407  18820.698110              
*  2025  4 14  8 38   0.00000000                            
PL51   5234.899669   1145.848050  10984.639995              
VL51 -21331.445728 -54082.424948  15970.062576              
*  2025  4 14  8 40   0.00000000                            
PL51   4965.365993    497.754599  11158.928548              
VL51 -23578.720742 -53899.010388  13070.668840              
*  2025  4 14  8 42   0.00000000                            
PL51   4669.321747   -146.913319  11298.177940              
VL51 -25748.159629 -53511.904405  10131.751080              
*  2025  4 14  8 44   0.00000000                            
PL51   4347.762061   -785.727483  11401.969837              
VL51 -27829.633322 -52923.920678   7162.650614              
*  2025  4 14  8 46   0.00000000                            
PL51   4001.801589  -1416.298245  11469.998490              
VL51 -29813.357598 -52138.671723   4172.784606              
*  2025  4 14  8 48   0.00000000                            
PL51   3632.670109  -2036.284001  11502.071454              
VL51 -31689.936389 -51160.548412   1171.614799              
*  2025  4 14  8 50   0.00000000                            
PL51   3241.707617  -2643.400389  11498.109937              
VL51 -33450.403248 -49994.696314  -1831.383610              
*  2025  4 14  8 52   0.00000000                            
PL51   2830.358928  -3235.429192  11458.148774              
VL51 -35086.260764 -48646.989010  -4826.752846              
*  2025  4 14  8 54   0.00000000                            
PL51   2400.167825  -3810.226897  11382.336039              
VL51 -36589.517799 -47123.998543  -7805.083075              
*  2025  4 14  8 56   0.00000000                            
PL51   1952.770771  -4365.732887  11270.932282              
VL51 -37952.724383 -45432.963163 -10757.042462              
*  2025  4 14  8 58   0.00000000                            
PL51   1489.890220  -4899.977227  11124.309422              
VL51 -39169.004156 -43581.752575 -13673.406687              
*  2025  4 14  9  0   0.00000000                            
PL51   1013.327547  -5411.088024  10942.949279              
VL51 -40232.084235 -41578.830850 -16545.087804              
*  2025  4 14  9  2   0.00000000                            
PL51    524.955645  -5897.298325  10727.441770              
VL51 -41136.322409 -39433.217222 -19363.162397              
*  2025  4 14  9  4   0.00000000                            
PL51     26.711208  -6356.952534  10478.482767              
VL51 -41876.731585 -37154.444944 -22118.898945              
*  2025  4 14  9  6   0.00000000                            
PL51   -479.413270  -6788.512324  10196.871636              
VL51 -42449.001403 -34752.518414 -24803.784334              
*  2025  4 14  9  8   0.00000000                            
PL51   -991.377721  -7190.562027   9883.508463              
VL51 -42849.516954 -32237.868754 -27409.549476              
*  2025  4 14  9 10   0.00000000                            
PL51  -1507.102955  -7561.813480   9539.390974              
VL51 -43075.374552 -29621.308032 -29928.193957              
*  2025  4 14  9 12   0.00000000                            
PL51  -2024.479268  -7901.110316   9165.611168              
VL51 -43124.394495 -26913.982336 -32352.009676              
*  2025  4 14  9 14   0.00000000                            
PL51  -2541.375195  -8207.431688   8763.351678              
VL51 -42995.130787 -24127.323869 -34673.603413              
*  2025  4 14  9 16   0.00000000                            
PL51  -3055.646356  -8479.895407   8333.881853              
VL51 -42686.877784 -21273.002281 -36885.918259              
*  2025  4 14  9 18   0.00000000                            
PL51  -3565.144364  -8717.760499   7878.553609              
VL51 -42199.673754 -18362.875440 -38982.253857              
*  2025  4 14  9 20   0.00000000                            
PL51  -4067.725759  -8920.429166   7398.797032              
VL51 -41534.301342 -15408.939846 -40956.285404              
*  2025  4 14  9 22   0.00000000                            
PL51  -4561.260927  -9087.448152   6896.115759              
VL51 -40692.284967 -12423.280888 -42802.081352              
*  2025  4 14  9 24   0.00000000                            
PL51  -5043.642972  -9218.509509   6372.082168              
VL51 -39675.885164  -9418.023167 -44514.119772              
*  2025  4 14  9 26   0.00000000                            
PL51  -5512.796498  -9313.450775   5828.332365              
VL51 -38488.089934  -6405.281083 -46087.303343              
*  2025  4 14  9 28   0.00000000                            
PL51  -5966.686274  -9372.254550   5266.561006              
VL51 -37132.603137  -3397.109881 -47516.972931              
*  2025  4 14  9 30   0.00000000                            
PL51  -6403.325739  -9395.047504   4688.515969              
VL51 -35613.830016   -405.457357 -48798.919739              
*  2025  4 14  9 32   0.00000000                            
PL51  -6820.785320  -9382.098797   4095.992879              
VL51 -33936.859918   2557.883584 -49929.396008              
*  2025  4 14  9 34   0.00000000                            
PL51  -7217.200520  -9333.817941   3490.829522              
VL51 -32107.446303   5481.321350 -50905.124249              
*  2025  4 14  9 36   0.00000000                            
PL51  -7590.779757  -9250.752114   2874.900153              
VL51 -30131.984137   8353.510877 -51723.305007              
*  2025  4 14  9 38   0.00000000                            
PL51  -7939.811914  -9133.582935   2250.109719              
VL51 -28017.484789  11163.397459 -52381.623145              
*  2025  4 14  9 40   0.00000000                            
PL51  -8262.673571  -8983.122724   1618.388019              
VL51 -25771.548516  13900.259071 -52878.252643              
*  2025  4 14  9 42   0.00000000                            
PL51  -8557.835898  -8800.310266    981.683811              
VL51 -23402.334694  16553.746982 -53211.859925              
*  2025  4 14  9 44   0.00000000                            
PL51  -8823.871174  -8586.206097    341.958893              
VL51 -20918.529914  19113.924552 -53381.605717              
*  2025  4 14  9 46   0.00000000                            
PL51  -9059.458911  -8341.987334   -298.817836              
VL51 -18329.314071  21571.304049 -53387.145442              
*  2025  4 14  9 48   0.00000000                            
PL51  -9263.391561  -8068.942078   -938.676304              
VL51 -15644.324619  23916.881380 -53228.628181              
*  2025  4 14  9 50   0.00000000                            
PL51  -9434.579785  -7768.463415  -1575.651180              
VL51 -12873.619135  26142.168603 -52906.694221              
*  2025  4 14  9 52   0.00000000                            
PL51  -9572.057264  -7442.043037  -2207.787745              
VL51 -10027.636343  28239.224130 -52422.471215              
*  2025  4 14  9 54   0.00000000                            
PL51  -9674.985025  -7091.264515  -2833.147710              
VL51  -7117.155791  30200.680506 -51777.568991              
*  2025  4 14  9 56   0.00000000                            
PL51  -9742.655291  -6717.796258  -3449.814965              
VL51  -4153.256309  32019.769722 -50974.073068              
*  2025  4 14  9 58   0.00000000                            
PL51  -9774.494812  -6323.384182  -4055.901242              
VL51  -1147.273456  33690.345949 -50014.536897              
*  2025  4 14 10  0   0.00000000                            
PL51  -9770.067690  -5909.844113  -4649.551680              
VL51   1889.243914  35206.905693 -48901.972905              
*  2025  4 14 10  2   0.00000000                            
PL51  -9729.077673  -5479.053980  -5228.950269              
VL51   4944.577780  36564.605281 -47639.842371              
*  2025  4 14 10  4   0.00000000                            
PL51  -9651.369914  -5032.945799  -5792.325172              
VL51   8006.885633  37759.275694 -46232.044199              
*  2025  4 14 10  6   0.00000000                            
PL51  -9536.932201  -4573.497506  -6337.953903              
VL51  11064.245532  38787.434702 -44682.902628              
*  2025  4 14 10  8   0.00000000                            
PL51  -9385.895635  -4102.724654  -6864.168355              
VL51  14104.701406  39646.296299 -42997.153937              
*  2025  4 14 10 10   0.00000000                            
PL51  -9198.534766  -3622.672016  -7369.359657              
VL51  17116.308422  40333.777451 -41179.932190              
*  2025  4 14 10 12   0.00000000                            
PL51  -8975.267191  -3135.405122  -7851.982856              
VL51  20087.178299  40848.502146 -39236.754068              
*  2025  4 14 10 14   0.00000000                            
PL51  -8716.652597  -2643.001762  -8310.561418              
VL51  23005.524407  41189.802782 -37173.502835              
*  2025  4 14 10 16   0.00000000                            
PL51  -8423.391282  -2147.543494  -8743.691522              
VL51  25859.706515  41357.718908 -34996.411490              
*  2025  4 14 10 18   0.00000000                            
PL51  -8096.322122  -1651.107175  -9150.046155              
VL51  28638.275046  41352.993343 -32712.045152              
*  2025  4 14 10 20   0.00000000                            
PL51  -7736.420028  -1155.756561  -9528.378985              
VL51  31330.014705  41177.065730 -30327.282704              
*  2025  4 14 10 22   0.00000000                            
PL51  -7344.792874   -663.533993  -9877.528016              
VL51  33923.987369  40832.063553 -27849.297771              
*  2025  4 14 10 24   0.00000000                            
PL51  -6922.677918   -176.452214 -10196.419006              
VL51  36409.574080  40320.790684 -25285.539051              
*  2025  4 14 10 26   0.00000000                            
PL51  -6471.437723    303.513671 -10484.068645              
VL51  38776.516069  39646.713501 -22643.710038              
*  2025  4 14 10 28   0.00000000                            
PL51  -5992.555599    774.434051 -10739.587491              
VL51  41014.954644  38813.944661 -19931.748183              
*  2025  4 14 10 30   0.00000000                            
PL51  -5487.630563   1234.432449 -10962.182648              
VL51  43115.469882  37827.224564 -17157.803519              
*  2025  4 14 10 32   0.00000000                            
PL51  -4958.371853   1681.692938 -11151.160188              
VL51  45069.117978  36691.900607 -14330.216773              
*  2025  4 14 10 34   0.00000000                            
PL51  -4406.592995   2114.467290 -11305.927303              
VL51  46867.467169  35413.904271 -11457.496990              
*  2025  4 14 10 36   0.00000000                            
PL51  -3834.205450   2531.081833 -11425.994189              
VL51  48502.632113  33999.726131  -8548.298697              
*  2025  4 14 10 38   0.00000000                            
PL51  -3243.211862   2929.944004 -11510.975655              
VL51  49967.306627  32456.388846  -5611.398622              
*  2025  4 14 10 40   0.00000000                            
PL51  -2635.698917   3309.548560 -11560.592444              
VL51  51254.794673  30791.418220  -2655.671984              
*  2025  4 14 10 42   0.00000000                            
PL51  -2013.829846   3668.483433 -11574.672272              
VL51  52359.039484  29012.812400    309.931615              
*  2025  4 14 10 44   0.00000000                            
PL51  -1379.836590   4005.435205 -11553.150576              
VL51  53274.650721  27129.009297   3276.412692              
*  2025  4 14 10 46   0.00000000                            
PL51   -736.011649   4319.194182 -11496.070959              
VL51  53996.929559  25148.852312   6234.746748              
*  2025  4 14 10 48   0.00000000                            
PL51    -84.699641   4608.659043 -11403.585346              
VL51  54521.891570  23081.554449   9175.909472              
*  2025  4 14 10 50   0.00000000                            
PL51    571.711388   4872.841057 -11275.953822              
VL51  54846.287311  20936.660921  12090.902262              
*  2025  4 14 10 52   0.00000000                            
PL51   1230.798906   5110.867834 -11113.544174              
VL51  54967.620473  18724.010332  14970.778016              
*  2025  4 14 10 54   0.00000000                            
PL51   1890.115020   5321.986607 -10916.831114              
VL51  54884.163496  16453.694552  17806.667171              
*  2025  4 14 10 56   0.00000000                            
PL51   2547.195785   5505.567026 -10686.395193              
VL51  54594.970528  14136.017396  20589.803915              
*  2025  4 14 10 58   0.00000000                            
PL51   3199.570650   5661.103447 -10422.921397              
VL51  54099.887606  11781.452233  23311.552542              
*  2025  4 14 11  0   0.00000000                            
PL51   3844.772005   5788.216707 -10127.197429              
VL51  53399.559975   9400.598649  25963.433873              
*  2025  4 14 11  2   0.00000000                            
PL51   4480.344802   5886.655375  -9800.111669              
VL51  52495.436419   7004.138315  28537.151679              
*  2025  4 14 11  4   0.00000000                            
PL51   5103.856206   5956.296469  -9442.650825              
VL51  51389.770524   4602.790207  31024.619029              
*  2025  4 14 11  6   0.00000000                            
PL51   5712.905248   5997.145632  -9055.897258              
VL51  50085.618781   2207.265327  33417.984491              
*  2025  4 14 11  8   0.00000000                            
PL51   6305.132429   6009.336765  -8641.026005              
VL51  48586.835444   -171.778889  35709.658072              
*  2025  4 14 11 10   0.00000000                            
PL51   6878.229246   5993.131106  -8199.301488              
VL51  46898.064082  -2523.784316  37892.336830              
*  2025  4 14 11 12   0.00000000                            
PL51   7429.947600   5948.915768  -7732.073911              
VL51  45024.725772  -4838.337832  39959.030015              
*  2025  4 14 11 14   0.00000000                            
PL51   7958.109033   5877.201722  -7240.775376              
VL51  42973.003884  -7105.216772  41903.083665              
*  2025  4 14 11 16   0.00000000                            
PL51   8460.613773   5778.621244  -6726.915688              
VL51  40749.825448  -9314.433936  43718.204510              
*  2025  4 14 11 18   0.00000000                            
PL51   8935.449522   5653.924822  -6192.077893              
VL51  38362.839094 -11456.281937  45398.483073              
*  2025  4 14 11 20   0.00000000                            
PL51   9380.699971   5503.977535  -5637.913536              
VL51  35820.389583 -13521.376668  46938.415847              
*  2025  4 14 11 22   0.00000000                            
PL51   9794.552984   5329.754919  -5066.137662              
VL51  33131.488980 -15500.699674  48332.926417              
*  2025  4 14 11 24   0.00000000                            
PL51  10175.308413   5132.338333  -4478.523571              
VL51  30305.784504 -17385.639201  49577.385393              
*  2025  4 14 11 26   0.00000000                            
PL51  10521.385511   4912.909836  -3876.897340              
VL51  27353.523166 -19168.029693  50667.629045              
*  2025  4 14 11 28   0.00000000                            
PL51  10831.329906   4672.746610  -3263.132127              
VL51  24285.513287 -20840.189516  51599.976490              
*  2025  4 14 11 30   0.00000000                            
PL51  11103.820086   4413.214930  -2639.142287              
VL51  21113.083038 -22394.956686  52371.245327              
*  2025  4 14 11 32   0.00000000                            
PL51  11337.673376   4135.763732  -2006.877303              
VL51  17848.036155 -23825.722378  52978.765591              
*  2025  4 14 11 34   0.00000000                            
PL51  11531.851366   3841.917778  -1368.315560              
VL51  14502.605017 -25126.462015  53420.391928              
*  2025  4 14 11 36   0.00000000                            
PL51  11685.464762   3533.270480   -725.457987              
VL51  11089.401301 -26291.763731  53694.513884              
*  2025  4 14 11 38   0.00000000                            
PL51  11797.777628   3211.476383    -80.321586              
VL51   7621.364428 -27316.854023  53800.064214              
*  2025  4 14 11 40   0.00000000                            
PL51  11868.211001   2878.243370    565.067123              
VL51   4111.708063 -28197.620426  53736.525153              
*  2025  4 14 11 42   0.00000000                            
PL51  11896.345852   2535.324610   1208.678730              
VL51    573.864934 -28930.631052  53503.932558              
*  2025  4 14 11 44   0.00000000                            
PL51  11881.925379   2184.510285   1848.487583              
VL51  -2978.569749 -29513.150853  53102.877902              
*  2025  4 14 11 46   0.00000000                            
PL51  11824.856605   1827.619153   2482.478466              
VL51  -6531.895979 -29943.154510  52534.508046              
*  2025  4 14 11 48   0.00000000                            
PL51  11725.211295   1466.489966   3108.653243              
VL51 -10072.367426 -30219.335822  51800.522796              
*  2025  4 14 11 50   0.00000000                            
PL51  11583.226150   1102.972808   3725.037473              
VL51 -13586.250375 -30341.113559  50903.170230              
*  2025  4 14 11 52   0.00000000                            
PL51  11399.302305    738.920372   4329.686948              
VL51 -17059.882816 -30308.633700  49845.239798              
*  2025  4 14 11 54   0.00000000                            
PL51  11174.004114    376.179243   4920.694137              
VL51 -20479.733337 -30122.768059  48630.053244              
*  2025  4 14 11 56   0.00000000                            
PL51  10908.057234     16.581212   5496.194507              
VL51 -23832.459513 -29785.109281  47261.453371              
*  2025  4 14 11 58   0.00000000                            
PL51  10602.346006   -338.065327   6054.372703              
VL51 -27104.965459 -29297.962259  45743.790745              
*  2025  4 14 12  0   0.00000000                            
PL51  10257.910162   -685.983852   6593.468545              
VL51 -30284.458247 -28664.332006  44081.908371              
*  2025  4 14 12  2   0.00000000                            
PL51   9875.940854  -1025.438025   7111.782840              
VL51 -33358.502870 -27887.908073  42281.124469              
*  2025  4 14 12  4   0.00000000                            
PL51   9457.776041  -1354.739798   7607.682969              
VL51 -36315.075483 -26973.045598  40347.213421              
*  2025  4 14 12  6   0.00000000                            
PL51   9004.895243  -1672.257269   8079.608241              
VL51 -39142.614648 -25924.743122  38286.385000              
*  2025  4 14 12  8   0.00000000                            
PL51   8518.913697  -1976.422253   8526.074982              
VL51 -41830.070314 -24748.617294  36105.262013              
*  2025  4 14 12 10   0.00000000                            
PL51   8001.575937  -2265.737533   8945.681354              
VL51 -44366.950312 -23450.874635  33810.856461              
*  2025  4 14 12 12   0.00000000                            
PL51   7454.748838  -2538.783759   9337.111869              
VL51 -46743.364145 -22038.280528  31410.544356              
*  2025  4 14 12 14   0.00000000                            
PL51   6880.414143  -2794.225948   9699.141609              
VL51 -48950.063871 -20518.125614  28912.039324              
*  2025  4 14 12 16   0.00000000                            
PL51   6280.660526  -3030.819581  10030.640103              
VL51 -50978.481916 -18898.189808  26323.365123              
*  2025  4 14 12 18   0.00000000                            
PL51   5657.675213  -3247.416240  10330.574887              
VL51 -52820.765660 -17186.704121  23652.827225              
*  2025  4 14 12 20   0.00000000                            
PL51   5013.735215  -3442.968788  10598.014707              
VL51 -54469.808656 -15392.310524  20908.983585              
*  2025  4 14 12 22   0.00000000                            
PL51   4351.198204  -3616.536051  10832.132370              
VL51 -55919.278388 -13524.020065  18100.614743              
*  2025  4 14 12 24   0.00000000                            
PL51   3672.493073  -3767.286982  11032.207233              
VL51 -57163.640465 -11591.169468  15236.693392              
*  2025  4 14 12 26   0.00000000                            
PL51   2980.110236  -3894.504307  11197.627324              
VL51 -58198.179199  -9603.376462  12326.353546              
*  2025  4 14 12 28   0.00000000                            
PL51   2276.591698  -3997.587623  11327.891092              
VL51 -59019.014511  -7570.494043   9378.859442              
*  2025  4 14 12 30   0.00000000                            
PL51   1564.520940  -4076.055943  11422.608782              
VL51 -59623.115148  -5502.563943   6403.574291              
*  2025  4 14 12 32   0.00000000                            
PL51    846.512679  -4129.549677  11481.503434              
VL51 -60008.308208  -3409.769500   3409.929012              
*  2025  4 14 12 34   0.00000000                            
PL51    125.202523  -4157.832047  11504.411511              
VL51 -60173.284993  -1302.388185    407.391049              
*  2025  4 14 12 36   0.00000000                            
PL51   -596.763412  -4160.789931  11491.283147              
VL51 -60117.603206    809.256007  -2594.566617              
*  2025  4 14 12 38   0.00000000                            
PL51  -1316.738896  -4138.434139  11442.182035              
VL51 -59841.685563   2914.840078  -5586.496167              
*  2025  4 14 12 40   0.00000000                            
PL51  -2032.087940  -4090.899111  11357.284936              
VL51 -59346.814845   5004.089255  -8559.005275              
*  2025  4 14 12 42   0.00000000                            
PL51  -2740.195066  -4018.442064  11236.880838              
VL51 -58635.125482   7066.823708 -11502.786973              
*  2025  4 14 12 44   0.00000000                            
PL51  -3438.475464  -3921.441571  11081.369751              
VL51 -57709.591720   9093.004580 -14408.648967              
*  2025  4 14 12 46   0.00000000                            
PL51  -4124.384978  -3800.395600  10891.261163              
VL51 -56574.012463  11072.779117 -17267.542352              
*  2025  4 14 12 48   0.00000000                            
PL51  -4795.429897  -3655.919014  10667.172149              
VL51 -55232.992883  12996.524713 -20070.589603              
*  2025  4 14 12 50   0.00000000                            
PL51  -5449.176504  -3488.740553  10409.825146              
VL51 -53691.922890  14854.891704 -22809.111804              
*  2025  4 14 12 52   0.00000000                            
PL51  -6083.260347  -3299.699307  10120.045418              
VL51 -51956.952597  16638.844711 -25474.655014              
*  2025  4 14 12 54   0.00000000                            
PL51  -6695.395203  -3089.740705   9798.758196              
VL51 -50034.964891  18339.702387 -28059.015710              
*  2025  4 14 12 56   0.00000000                            
PL51  -7283.381687  -2859.912037   9446.985528              
VL51 -47933.545256  19949.175402 -30554.265235              
*  2025  4 14 12 58   0.00000000                            
PL51  -7845.115497  -2611.357532   9065.842842              
VL51 -45660.948998  21459.402511 -32952.773190              
*  2025  4 14 13  0   0.00000000                            
PL51  -8378.595237  -2345.313015   8656.535226              
VL51 -43226.066020  22862.984577 -35247.229715              
*  2025  4 14 13  2   0.00000000                            
PL51  -8881.929808  -2063.100166   8220.353458              
VL51 -40638.383318  24153.016416 -37430.666601              
*  2025  4 14 13  4   0.00000000                            
PL51  -9353.345346  -1766.120415   7758.669785              
VL51 -37907.945360  25323.116345 -39496.477192              
*  2025  4 14 13  6   0.00000000                            
PL51  -9791.191654  -1455.848495   7272.933471              
VL51 -35045.312529  26367.453326 -41438.435028              
*  2025  4 14 13  8   0.00000000                            
PL51 -10193.948142  -1133.825683   6764.666128              
VL51 -32061.517797  27280.771609 -43250.711182              
*  2025  4 14 13 10   0.00000000                            
PL51 -10560.229225   -801.652762   6235.456850              
VL51 -28968.021830  28058.412795 -44927.890264              
*  2025  4 14 13 12   0.00000000                            
PL51 -10888.789184   -460.982731   5686.957160              
VL51 -25776.666702  28696.335232 -46464.985057              
*  2025  4 14 13 14   0.00000000                            
PL51 -11178.526455   -113.513306   5120.875791              
VL51 -22499.628411  29191.130695 -47857.449737              
*  2025  4 14 13 16   0.00000000                            
PL51 -11428.487347    239.020771   4538.973320              
VL51 -19149.368399  29540.038286 -49101.191675              
*  2025  4 14 13 18   0.00000000                            
PL51 -11637.869174    594.855566   3943.056662              
VL51 -15738.584274  29740.955529 -50192.581778              
*  2025  4 14 13 20   0.00000000                            
PL51 -11806.022790    952.205912   3334.973456              
VL51 -12280.159929  29792.446625 -51128.463364              
*  2025  4 14 13 22   0.00000000                            
PL51 -11932.454520   1309.273438   2716.606348              
VL51  -8787.115281  29693.747853 -51906.159554              
*  2025  4 14 13 24   0.00000000                            
PL51 -12016.827493   1664.254656   2089.867198              
VL51  -5272.555812  29444.770134 -52523.479183              
*  2025  4 14 13 26   0.00000000                            
PL51 -12058.962364   2015.349058   1456.691223              
VL51  -1749.622114  29046.098732 -52978.721219              
*  2025  4 14 13 28   0.00000000                            
PL51 -12058.837437   2360.767189    819.031097              
VL51   1768.560345  28498.990168 -53270.677714              
*  2025  4 14 13 30   0.00000000                            
PL51 -12016.588178   2698.738673    178.851019              
VL51   5268.931058  27805.366333 -53398.635277              
*  2025  4 14 13 32   0.00000000                            
PL51 -11932.506146   3027.520148   -461.879214              
VL51   8738.543726  26967.805879 -53362.375115              
*  2025  4 14 13 34   0.00000000                            
PL51 -11807.037324   3345.403079  -1101.190146              
VL51  12164.614729  25989.532932 -53162.171638              
*  2025  4 14 13 36   0.00000000                            
PL51 -11640.779887   3650.721427  -1737.118556              
VL51  15534.570648  24874.403195 -52798.789667              
*  2025  4 14 13 38   0.00000000                            
PL51 -11434.481397   3941.859130  -2367.713325              
VL51  18836.094677  23626.887514 -52273.480273              
*  2025  4 14 13 40   0.00000000                            
PL51 -11189.035450   4217.257372  -2991.041238              
VL51  22057.171740  22252.053001 -51587.975275              
*  2025  4 14 13 42   0.00000000                            
PL51 -10905.477794   4475.421618  -3605.192712              
VL51  25186.132182  20755.541795 -50744.480443              
*  2025  4 14 13 44   0.00000000                            
PL51 -10584.981930   4714.928369  -4208.287437              
VL51  28211.693870  19143.547577 -49745.667429              
*  2025  4 14 13 46   0.00000000                            
PL51 -10228.854216   4934.431635  -4798.479913              
VL51  31123.002567  17422.789935 -48594.664491              
*  2025  4 14 13 48   0.00000000                            
PL51  -9838.528500   5132.669077  -5373.964867              
VL51  33909.670448  15600.486712 -47295.046054              
*  2025  4 14 13 50   0.00000000                            
PL51  -9415.560302   5308.467816  -5932.982539              
VL51  36561.812657  13684.324444 -45850.821156              
*  2025  4 14 13 52   0.00000000                            
PL51  -8961.620567   5460.749863  -6473.823822              
VL51  39070.081779  11682.427029 -44266.420841              
*  2025  4 14 13 54   0.00000000                            
PL51  -8478.489024   5588.537181  -6994.835246              
VL51  41425.700153   9603.322746 -42546.684558              
*  2025  4 14 13 56   0.00000000                            
PL51  -7968.047163   5690.956323  -7494.423793              
VL51  43620.489935   7455.909754 -40696.845617              
*  2025  4 14 13 58   0.00000000                            
PL51  -7432.270870   5767.242662  -7971.061532              
VL51  45646.900862   5249.420216 -38722.515761              
*  2025  4 14 14  0   0.00000000                            
PL51  -6873.222740   5816.744176  -8423.290061              
VL51  47498.035632   2993.383165 -36629.668904              
*  2025  4 14 14  2   0.00000000                            
PL51  -6293.044101   5838.924781  -8849.724753              
VL51  49167.672885    697.586243 -34424.624086              
*  2025  4 14 14  4   0.00000000                            
PL51  -5693.946778   5833.367202  -9249.058795              
VL51  50650.287728  -1627.963548 -32114.027688              
*  2025  4 14 14  6   0.00000000                            
PL51  -5078.204627   5799.775362  -9620.066997              
VL51  51941.069761  -3973.079952 -29704.834954              
*  2025  4 14 14  8   0.00000000                            
PL51  -4448.144859   5737.976293  -9961.609396              
VL51  53035.938612  -6327.438316 -27204.290850              
*  2025  4 14 14 10   0.00000000                            
PL51  -3806.139206   5647.921545 -10272.634603              
VL51  53931.556927  -8680.617046 -24619.910292              
*  2025  4 14 14 12   0.00000000                            
PL51  -3154.594936   5529.688098 -10552.182928              
VL51  54625.340810 -11022.139541 -21959.457793              
*  2025  4 14 14 14   0.00000000                            
PL51  -2495.945761   5383.478772 -10799.389251              
VL51  55115.467703 -13341.516492 -19230.926524              
*  2025  4 14 14 16   0.00000000                            
PL51  -1832.642669   5209.622122 -11013.485631              
VL51  55400.881691 -15628.288396 -16442.516852              
*  2025  4 14 14 18   0.00000000                            
PL51  -1167.144705   5008.571825 -11193.803666              
VL51  55481.296227 -17872.068178 -13602.614349              
*  2025  4 14 14 20   0.00000000                            
PL51   -501.909732   4780.905554 -11339.776582              
VL51  55357.194261 -20062.583784 -10719.767312              
*  2025  4 14 14 22   0.00000000                            
PL51    160.614785   4527.323345 -11450.941044              
VL51  55029.825794 -22189.720614  -7802.663803              
*  2025  4 14 14 24   0.00000000                            
PL51    818.000964   4248.645456 -11526.938697              
VL51  54501.202831 -24243.563670  -4860.108239              
*  2025  4 14 14 26   0.00000000                            
PL51   1467.849597   3945.809715 -11567.517417              
VL51  53774.091737 -26214.439283  -1900.997542              
*  2025  4 14 14 28   0.00000000                            
PL51   2107.799153   3619.868381 -11572.532276              
VL51  52852.003013 -28092.956278   1065.703117              
*  2025  4 14 14 30   0.00000000                            
PL51   2735.534626   3271.984510 -11541.946218              
VL51  51739.178479 -29870.046445   4030.984960              
*  2025  4 14 14 32   0.00000000                            
PL51   3348.796226   2903.427839 -11475.830427              
VL51  50440.575885 -31537.004165   6985.820604              
*  2025  4 14 14 34   0.00000000                            
PL51   3945.387863   2515.570206 -11374.364400              
VL51  48961.850967 -33085.525049   9921.189389              
*  2025  4 14 14 36   0.00000000                            
PL51   4523.185401   2109.880502 -11237.835714              
VL51  47309.336948 -34507.743442  12828.102994              
*  2025  4 14 14 38   0.00000000                            
PL51   5080.144655   1687.919195 -11066.639484              
VL51  45490.021544 -35796.268638  15697.631311              
*  2025  4 14 14 40   0.00000000                            
PL51   5614.309094   1251.332415 -10861.277505              
VL51  43511.521467 -36944.219659  18520.928523              
*  2025  4 14 14 42   0.00000000                            
PL51   6123.817222    801.845639 -10622.357087              
VL51  41382.054498 -37945.258432  21289.259356              
*  2025  4 14 14 44   0.00000000                            
PL51   6606.909612    341.256988 -10350.589565              
VL51  39110.409147 -38793.621220  23994.025429              
*  2025  4 14 14 46   0.00000000                            
PL51   7061.935562   -128.569851 -10046.788504              
VL51  36705.911970 -39484.148126  26626.791664              
*  2025  4 14 14 48   0.00000000                            
PL51   7487.359343   -605.713030  -9711.867578              
VL51  34178.392598 -40012.310538  29179.312678              
*  2025  4 14 14 50   0.00000000                            
PL51   7881.766016  -1088.200274  -9346.838134              
VL51  31538.146550 -40374.236317  31643.559079              
*  2025  4 14 14 52   0.00000000                            
PL51   8243.866786  -1574.016897  -8952.806446              
VL51  28795.895918 -40566.732598  34011.743598              
*  2025  4 14 14 54   0.00000000                            
PL51   8572.503879  -2061.114077  -8530.970654              
VL51  25962.748019 -40587.306028  36276.346939              
*  2025  4 14 14 56   0.00000000                            
PL51   8866.654903  -2547.417354  -8082.617393              
VL51  23050.152139 -40434.180283  38430.143273              
*  2025  4 14 14 58   0.00000000                            
PL51   9125.436686  -3030.835335  -7609.118121              
VL51  20069.854479 -40106.310728  40466.225254              
*  2025  4 14 15  0   0.00000000                            
PL51   9348.108558  -3509.268537  -7111.925153              
VL51  17033.851477 -39603.396077  42378.028439              
*  2025  4 14 15  2   0.00000000                            
PL51   9534.075070  -3980.618367  -6592.567399              
VL51  13954.341637 -38925.886912  44159.355008              
*  2025  4 14 15  4   0.00000000                            
PL51   9682.888118  -4442.796179  -6052.645829              
VL51  10843.676080 -38074.990967  45804.396650              
*  2025  4 14 15  6   0.00000000                            
PL51   9794.248476  -4893.732374  -5493.828666              
VL51   7714.307977 -37052.675048  47307.756492              
*  2025  4 14 15  8   0.00000000                            
PL51   9868.006712  -5331.385502  -4917.846321              
VL51   4578.741101 -35861.663525  48664.469937              
*  2025  4 14 15 10   0.00000000                            
PL51   9904.163481  -5753.751328  -4326.486088              
VL51   1449.477706 -34505.433321  49870.024299              
*  2025  4 14 15 12   0.00000000                            
PL51   9902.869195  -6158.871816  -3721.586610              
VL51  -1661.034014 -32988.205338  50920.377084              
*  2025  4 14 15 14   0.00000000                            
PL51   9864.423056  -6544.843983  -3105.032134              
VL51  -4740.452661 -31314.932307  51811.972820              
*  2025  4 14 15 16   0.00000000                            
PL51   9789.271458  -6909.828595  -2478.746573              
VL51  -7776.596264 -29491.283045  52541.758287              
*  2025  4 14 15 18   0.00000000                            
PL51   9678.005761  -7252.058645  -1844.687396              
VL51 -10757.494582 -27523.623144  53107.196049              
*  2025  4 14 15 20   0.00000000                            
PL51   9531.359438  -7569.847581  -1204.839370              
VL51 -13671.440757 -25418.992128  53506.276176              
*  2025  4 14 15 22   0.00000000                            
PL51   9350.204610  -7861.597239   -561.208162              
VL51 -16507.042064 -23185.077144  53737.526045              
*  2025  4 14 15 24   0.00000000                            
PL51   9135.547979  -8125.805439     84.186151              
VL51 -19253.269469 -20830.183298  53800.018148              
*  2025  4 14 15 26   0.00000000                            
PL51   8888.526169  -8361.073209    729.315662              
VL51 -21899.505689 -18363.200735  53693.375813              
*  2025  4 14 15 28   0.00000000                            
PL51   8610.400512  -8566.111590   1372.151270              
VL51 -24435.591514 -15793.568632  53417.776795              
*  2025  4 14 15 30   0.00000000                            
PL51   8302.551276  -8739.747992   2010.669340              
VL51 -26851.870081 -13131.236257  52973.954672              
*  2025  4 14 15 32   0.00000000                            
PL51   7966.471388  -8880.932071   2642.858372              
VL51 -29139.228865 -10386.621301  52363.198033              
*  2025  4 14 15 34   0.00000000                            
PL51   7603.759662  -8988.741088   3266.725645              
VL51 -31289.139132  -7570.565694  51587.347435              
*  2025  4 14 15 36   0.00000000                            
PL51   7216.113566  -9062.384717   3880.303813              
VL51 -33293.692630  -4694.289133  50648.790138              
*  2025  4 14 15 38   0.00000000                            
PL51   6805.321576  -9101.209298   4481.657419              
VL51 -35145.635294  -1769.340572  49550.452633              
*  2025  4 14 15 40   0.00000000                            
PL51   6373.255138  -9104.701481   5068.889313              
VL51 -36838.397789   1192.452057  48295.790991              
*  2025  4 14 15 42   0.00000000                            
PL51   5921.860281  -9072.491266   5640.146937              
VL51 -38366.122712   4179.033631  46888.779103              
*  2025  4 14 15 44   0.00000000                            
PL51   5453.148935  -9004.354415   6193.628459              
VL51 -39723.688311   7178.174834  45333.894839              
*  2025  4 14 15 46   0.00000000                            
PL51   4969.189971  -8900.214217   6727.588727              
VL51 -40906.728593  10177.526087  43636.104245              
*  2025  4 14 15 48   0.00000000                            
PL51   4472.100035  -8760.142604   7240.345024              
VL51 -41911.649738  13164.672112  41800.843826              
*  2025  4 14 15 50   0.00000000                            
PL51   3964.034201  -8584.360612   7730.282595              
VL51 -42735.642731  16127.186834  39834.001048              
*  2025  4 14 15 52   0.00000000                            
PL51   3447.176496  -8373.238180   8195.859937              
VL51 -43376.692186  19052.688335  37741.893140              
*  2025  4 14 15 54   0.00000000                            
PL51   2923.730343  -8127.293292   8635.613819              
VL51 -43833.581327  21928.893569  35531.244345              
*  2025  4 14 15 56   0.00000000                            
PL51   2395.908966  -7847.190462   9048.164022              
VL51 -44105.893141  24743.672546  33209.161709              
*  2025  4 14 15 58   0.00000000                            
PL51   1865.925808  -7533.738578   9432.217781              
VL51 -44194.007726  27485.101730  30783.109571              
*  2025  4 14 16  0   0.00000000                            
PL51   1335.984998  -7187.888113   9786.573917              
VL51 -44099.095899  30141.516366  28260.882875              
*  2025  4 14 16  2   0.00000000                            
PL51    808.271917  -6810.727705  10110.126631              
VL51 -43823.109123  32701.561495  25650.579441              
*  2025  4 14 16  4   0.00000000                            
PL51    284.943913  -6403.480146  10401.868976              
VL51 -43368.765872  35154.241422  22960.571344              
*  2025  4 14 16  6   0.00000000                            
PL51   -231.878807  -5967.497781  10660.895967              
VL51 -42739.534531  37488.967408  20199.475528              
*  2025  4 14 16  8   0.00000000                            
PL51   -740.122053  -5504.257348  10886.407344              
VL51 -41939.612982  39695.603389  17376.123806              
*  2025  4 14 16 10   0.00000000                            
PL51  -1237.766273  -5015.354283  11077.709963              
VL51 -40973.905010  41764.509525  14499.532353              
*  2025  4 14 16 12   0.00000000                            
PL51  -1722.854864  -4502.496518  11234.219828              
VL51 -39847.993695  43686.583410  11578.870842              
*  2025  4 14 16 14   0.00000000                            
PL51  -2193.502149  -3967.497790  11355.463743              
VL51 -38568.111964  45453.298783   8623.431333              
*  2025  4 14 16 16   0.00000000                            
PL51  -2647.900985  -3412.270517  11441.080597              
VL51 -37141.110475  47056.741594   5642.597030              
*  2025  4 14 16 18   0.00000000                            
PL51  -3084.329974  -2838.818240  11490.822266              
VL51 -35574.423018  48489.643293   2645.811023              
*  2025  4 14 16 20   0.00000000                            
PL51  -3501.160237  -2249.227700  11504.554147              
VL51 -33876.029636  49745.411229   -357.454874              
*  2025  4 14 16 22   0.00000000                            
PL51  -3896.861740  -1645.660553  11482.255316              
VL51 -32054.417661  50818.156057  -3357.731094              
*  2025  4 14 16 24   0.00000000                            
PL51  -4270.009136  -1030.344787  11424.018318              
VL51 -30118.540858  51702.716053  -6345.580978              
*  2025  4 14 16 26   0.00000000                            
PL51  -4619.287111   -405.565855  11330.048588              
VL51 -28077.776907  52394.678284  -9311.631046              
*  2025  4 14 16 28   0.00000000                            
PL51  -4943.495209    226.342418  11200.663515              
VL51 -25941.883415  52890.396560 -12246.600773              
*  2025  4 14 16 30   0.00000000                            
PL51  -5241.552117    863.007128  11036.291149              
VL51 -23720.952687  53187.006135 -15141.331781              
*  2025  4 14 16 32   0.00000000                            
PL51  -5512.499406   1502.025742  10837.468566              
VL51 -21425.365456  53282.435120 -17986.816376              
*  2025  4 14 16 34   0.00000000                            
PL51  -5755.504715   2140.975663  10604.839890              
VL51 -19065.743792  53175.412604 -20774.225342              
*  2025  4 14 16 36   0.00000000                            
PL51  -5969.864354   2777.423876  10339.153990              
VL51 -16652.903406  52865.473471 -23494.934925              
*  2025  4 14 16 38   0.00000000                            
PL51  -6155.005345   3408.936627  10041.261856              
VL51 -14197.805540  52352.959919 -26140.552940              
*  2025  4 14 16 40   0.00000000                            
PL51  -6310.486875   4033.089106   9712.113668              
VL51 -11711.508673  51639.019710 -28702.943932              
*  2025  4 14 16 42   0.00000000                            
PL51  -6436.001178   4647.475086   9352.755572              
VL51  -9205.120229  50725.601173 -31174.253338              
*  2025  4 14 16 44   0.00000000                            
PL51  -6531.373826   5249.716484   8964.326163              
VL51  -6689.748491  49615.445003 -33546.930584              
*  2025  4 14 16 46   0.00000000                            
PL51  -6596.563459   5837.472804   8548.052714              
VL51  -4176.454930  48312.072911 -35813.751062              
*  2025  4 14 16 48   0.00000000                            
PL51  -6631.660938   6408.450428   8105.247128              
VL51  -1676.207127  46819.773189 -37967.836946              
*  2025  4 14 16 50   0.00000000                            
PL51  -6636.887940   6960.411707   7637.301666              
VL51    800.167522  45143.583257 -40002.676779              
*  2025  4 14 16 52   0.00000000                            
PL51  -6612.595002   7491.183839   7145.684433              
VL51   3242.027112  43289.269293 -41912.143803              
*  2025  4 14 16 54   0.00000000                            
PL51  -6559.259029   7998.667473   6631.934664              
VL51   5638.959402  41263.303029 -43690.512974              
*  2025  4 14 16 56   0.00000000                            
PL51  -6477.480280   8480.845024   6097.657804              
VL51   7980.824653  39072.835826 -45332.476632              
*  2025  4 14 16 58   0.00000000                            
PL51  -6367.978850   8935.788659   5544.520412              
VL51  10257.796973  36725.670160 -46833.158786              
*  2025  4 14 17  0   0.00000000                            
PL51  -6231.590661   9361.667929   4974.244907              
VL51  12460.404023  34230.228630 -48188.127983              
*  2025  4 14 17  2   0.00000000                            
PL51  -6069.262991   9756.757009   4388.604158              
VL51  14579.564916  31595.520644 -49393.408748              
*  2025  4 14 17  4   0.00000000                            
PL51  -5882.049559  10119.441535   3789.415954              
VL51  16606.626186  28831.106925 -50445.491554              
*  2025  4 14 17  6   0.00000000                            
PL51  -5671.105192  10448.224989   3178.537359              
VL51  18533.395687  25947.061986 -51341.341338              
*  2025  4 14 17  8   0.00000000                            
PL51  -5437.680093  10741.734636   2557.858974              
VL51  20352.174301  22953.934752 -52078.404526              
*  2025  4 14 17 10   0.00000000                            
PL51  -5183.113750  10998.726971   1929.299129              
VL51  22055.785362  19862.707473 -52654.614577              
*  2025  4 14 17 12   0.00000000                            
PL51  -4908.828498  11218.092662   1294.798005              
VL51  23637.601669  16684.753103 -53068.396038              
*  2025  4 14 17 14   0.00000000                            
PL51  -4616.322780  11398.860977    656.311732              
VL51  25091.570022  13431.791361 -53318.667116              
*  2025  4 14 17 16   0.00000000                            
PL51  -4307.164120  11540.203677     15.806450              
VL51  26412.233190  10115.843603 -53404.840776              
*  2025  4 14 17 18   0.00000000                            
PL51  -3982.981856  11641.438359   -624.747621              
VL51  27594.749251   6749.186737 -53326.824375              
*  2025  4 14 17 20   0.00000000                            
PL51  -3645.459653  11702.031243  -1263.382110              
VL51  28634.908249   3344.306360 -53085.017865              
*  2025  4 14 17 22   0.00000000                            
PL51  -3296.327832  11721.599389  -1898.136383              
VL51  29529.146124    -86.150699 -52680.310583              
*  2025  4 14 17 24   0.00000000                            
PL51  -2937.355549  11699.912351  -2527.063394              
VL51  30274.555895  -3529.424221 -52114.076672              
*  2025  4 14 17 26   0.00000000                            
PL51  -2570.342861  11636.893241  -3148.235467              
VL51  30868.896087  -6972.688643 -51388.169186              
*  2025  4 14 17 28   0.00000000                            
PL51  -2197.112696  11532.619234  -3759.749999              
VL51  31310.596393 -10403.101136 -50504.912906              
*  2025  4 14 17 30   0.00000000                            
PL51  -1819.502785  11387.321479  -4359.735075              
VL51  31598.760601 -13807.849522 -49467.095950              
*  2025  4 14 17 32   0.00000000                            
PL51  -1439.357567  11201.384453  -4946.354969              
VL51  31733.166799 -17174.199884 -48277.960203              
*  2025  4 14 17 34   0.00000000                            
PL51  -1058.520108  10975.344730  -5517.815529              
VL51  31714.264903 -20489.543707 -46941.190633              
*  2025  4 14 17 36   0.00000000                            
PL51   -678.824069  10709.889204  -6072.369421              
VL51  31543.171544 -23741.444406 -45460.903542              
*  2025  4 14 17 38   0.00000000                            
PL51   -302.085747  10405.852745  -6608.321232              
VL51  31221.662367 -26917.683083 -43841.633791              
*  2025  4 14 17 40   0.00000000                            
PL51     69.903770  10064.215322  -7124.032410              
VL51  30752.161794 -30006.303402 -42088.321050              
*  2025  4 14 17 42   0.00000000                            
PL51    435.386322   9686.098582  -7617.926037              
VL51  30137.730309 -32995.655419 -40206.295127              
*  2025  4 14 17 44   0.00000000                            
PL51    792.644212   9272.761919  -8088.491413              
VL51  29382.049343 -35874.438263 -38201.260392              
*  2025  4 14 17 46   0.00000000                            
PL51   1140.007562   8825.598037  -8534.288459              
VL51  28489.403816 -38631.741525 -36079.279383              
*  2025  4 14 17 48   0.00000000                            
PL51   1475.861436   8346.128021  -8953.951908              
VL51  27464.662422 -41257.085258 -33846.755595              
*  2025  4 14 17 50   0.00000000                            
PL51   1798.652718   7835.995938  -9346.195291              
VL51  26313.255748 -43740.458446 -31510.415526              
*  2025  4 14 17 52   0.00000000                            
PL51   2106.896709   7296.962991  -9709.814704              
VL51  25041.152296 -46072.355860 -29077.290013              
*  2025  4 14 17 54   0.00000000                            
PL51   2399.183433   6730.901232 -10043.692341              
VL51  23654.832526 -48243.813207 -26554.694894              
*  2025  4 14 17 56   0.00000000                            
PL51   2674.183611   6139.786873 -10346.799798              
VL51  22161.260995 -50246.440449 -23950.211042              
*  2025  4 14 17 58   0.00000000                            
PL51   2930.654298   5525.693202 -10618.201127              
VL51  20567.856708 -52072.453242 -21271.663796              
*  2025  4 14 18  0   0.00000000                            
PL51   3167.444147   4890.783137 -10857.055647              
VL51  18882.461761 -53714.702389 -18527.101839              
*  2025  4 14 18  2   0.00000000                            
PL51   3383.498288   4237.301436 -11062.620494              
VL51  17113.308412 -55166.701226 -15724.775531              
*  2025  4 14 18  4   0.00000000                            
PL51   3577.862813   3567.566597 -11234.252906              
VL51  15268.984647 -56422.650893 -12873.114738              
*  2025  4 14 18  6   0.00000000                            
PL51   3749.688820   2883.962459 -11371.412243              
VL51  13358.398378 -57477.463379  -9980.706181              
*  2025  4 14 18  8   0.00000000                            
PL51   3898.236042   2188.929548 -11473.661734              
VL51  11390.740367 -58326.782298  -7056.270323              
*  2025  4 14 18 10   0.00000000                            
PL51   4022.876004   1484.956184 -11540.669937              
VL51   9375.445994 -58967.001315  -4108.637825              
*  2025  4 14 18 12   0.00000000                            
PL51   4123.094729    774.569380 -11572.211919              
VL51   7322.155983 -59395.280154  -1146.725585              
*  2025  4 14 18 14   0.00000000                            
PL51   4198.494960     60.325568 -11568.170147              
VL51   5240.676193 -59609.558120   1820.487609              
*  2025  4 14 18 16   0.00000000                            
PL51   4248.797895   -655.198826 -11528.535080              
VL51   3140.936619 -59608.565073   4783.985798              
*  2025  4 14 18 18   0.00000000                            
PL51   4273.844432  -1369.416919 -11453.405466              
VL51   1032.949700 -59391.829785   7734.740906              
*  2025  4 14 18 20   0.00000000                            
PL51   4273.595897  -2079.740999 -11342.988339              
VL51  -1073.231923 -58959.685610  10663.738118              
*  2025  4 14 18 22   0.00000000                            
PL51   4248.134281  -2783.592195 -11197.598700              
VL51  -3167.558063 -58313.273413  13562.001538              
*  2025  4 14 18 24   0.00000000                            
PL51   4197.661945  -3478.410176 -11017.658898              
VL51  -5240.023934 -57454.541673  16420.620101              
*  2025  4 14 18 26   0.00000000                            
PL51   4122.500819  -4161.662824 -10803.697697              
VL51  -7280.713225 -56386.243722  19230.773685              
*  2025  4 14 18 28   0.00000000                            
PL51   4023.091085  -4830.855865 -10556.349024              
VL51  -9279.841166 -55111.932044  21983.759393              
*  2025  4 14 18 30   0.00000000                            
PL51   3899.989336  -5483.542407 -10276.350407              
VL51 -11227.797414 -53635.949590  24671.017919              
*  2025  4 14 18 32   0.00000000                            
PL51   3753.866231  -6117.332358  -9964.541090              
VL51 -13115.188605 -51963.418053  27284.159966              
*  2025  4 14 18 34   0.00000000                            
PL51   3585.503636  -6729.901687  -9621.859839              
VL51 -14932.880384 -50100.223100  29814.992611              
*  2025  4 14 18 36   0.00000000                            
PL51   3395.791270  -7319.001489  -9249.342423              
VL51 -16672.038763 -48052.996495  32255.545562              
*  2025  4 14 18 38   0.00000000                            
PL51   3185.722853  -7882.466811  -8848.118791              
VL51 -18324.170587 -45829.095137  34598.097218              
*  2025  4 14 18 40   0.00000000                            
PL51   2956.391780  -8418.225215  -8419.409927              
VL51 -19881.162953 -43436.576999  36835.200435              
*  2025  4 14 18 42   0.00000000                            
PL51   2708.986330  -8924.305033  -7964.524410              
VL51 -21335.321375 -40884.173970  38959.707900              
*  2025  4 14 18 44   0.00000000                            
PL51   2444.784417  -9398.843272  -7484.854661              
VL51 -22679.406501 -38181.261648  40964.797013              
*  2025  4 14 18 46   0.00000000                            
PL51   2165.147925  -9840.093143  -6981.872902              
VL51 -23906.669185 -35337.826112  42843.994155              
*  2025  4 14 18 48   0.00000000                            
PL51   1871.516616 -10246.431176  -6457.126828              
VL51 -25010.883716 -32364.427758  44591.198222              
*  2025  4 14 18 50   0.00000000                            
PL51   1565.401664 -10616.363875  -5912.234999              
VL51 -25986.379012 -29272.162265  46200.703296              
*  2025  4 14 18 52   0.00000000                            
PL51   1248.378822 -10948.533898  -5348.881962              
VL51 -26828.067567 -26072.618825  47667.220331              
*  2025  4 14 18 54   0.00000000                            
PL51    922.081258 -11241.725714  -4768.813132              
VL51 -27531.471994 -22777.835755  48985.897719              
*  2025  4 14 18 56   0.00000000                            
PL51    588.192087 -11494.870713  -4173.829420              
VL51 -28092.748951 -19400.253658  50152.340596              
*  2025  4 14 18 58   0.00000000                            
PL51    248.436631 -11707.051740  -3565.781644              
VL51 -28508.710303 -15952.666298  51162.628786              
*  2025  4 14 19  0   0.00000000                            
PL51    -95.425551 -11877.507032  -2946.564733              
VL51 -28776.841353 -12448.169413  52013.333225              
*  2025  4 14 19  2   0.00000000                            
PL51   -441.608845 -12005.633520  -2318.111744              
VL51 -28895.315987  -8900.107663  52701.530771              
*  2025  4 14 19  4   0.00000000                            
PL51   -788.309915 -12090.989494  -1682.387710              
VL51 -28863.008631  -5322.019974  53224.817279              
*  2025  4 14 19  6   0.00000000                            
PL51  -1133.716165 -12133.296594  -1041.383342              
VL51 -28679.502874  -1727.583528  53581.318823              
*  2025  4 14 19  8   0.00000000                            
PL51  -1476.014287 -12132.441133   -397.108609              
VL51 -28345.096688   1869.443318  53769.701001              
*  2025  4 14 19 10   0.00000000                            
PL51  -1813.398845 -12088.474724    248.413781              
VL51 -27860.804170   5455.278902  53789.176203              
*  2025  4 14 19 12   0.00000000                            
PL51  -2144.080860 -12001.614204    893.154976              
VL51 -27228.353746   9016.176595  53639.508796              
*  2025  4 14 19 14   0.00000000                            
PL51  -2466.296358 -11872.240870   1535.086625              
VL51 -26450.182822  12538.483315  53321.018156              
*  2025  4 14 19 16   0.00000000                            
PL51  -2778.314822 -11700.899001   2172.187546              
VL51 -25529.428870  16008.697879  52834.579500              
*  2025  4 14 19 18   0.00000000                            
PL51  -3078.447527 -11488.293691   2802.450388              
VL51 -24469.916984  19413.528870  52181.622506              
*  2025  4 14 19 20   0.00000000                            
PL51  -3365.055695 -11235.287985   3423.888264              
VL51 -23276.143949  22739.951705  51364.127689              
*  2025  4 14 19 22   0.00000000                            
PL51  -3636.558446 -10942.899341   4034.541333              
VL51 -21953.258888  25975.264566  50384.620562              
*  2025  4 14 19 24   0.00000000                            
PL51  -3891.440490 -10612.295431   4632.483289              
VL51 -20507.040605  29107.142895  49246.163588              
*  2025  4 14 19 26   0.00000000                            
PL51  -4128.259536 -10244.789293   5215.827750              
VL51 -18943.871727  32123.692144  47952.345978              
*  2025  4 14 19 28   0.00000000                            
PL51  -4345.653361  -9841.833863   5782.734500              
VL51 -17270.709793  35013.498492  46507.271375              
*  2025  4 14 19 30   0.00000000                            
PL51  -4542.346527  -9405.015918   6331.415587              
VL51 -15495.055447  37765.677261  44915.543510              
*  2025  4 14 19 32   0.00000000                            
PL51  -4717.156689  -8936.049442   6860.141222              
VL51 -13624.917928  40369.918772  43182.249891              
*  2025  4 14 19 34   0.00000000                            
PL51  -4869.000483  -8436.768472   7367.245478              
VL51 -11668.778025  42816.531411  41312.943628              
*  2025  4 14 19 36   0.00000000                            
PL51  -4996.898944  -7909.119433   7851.131760              
VL51  -9635.548732  45096.481683  39313.623497              
*  2025  4 14 19 38   0.00000000                            
PL51  -5099.982455  -7355.153015   8310.278027              
VL51  -7534.533810  47201.431072  37190.712345              
*  2025  4 14 19 40   0.00000000                            
PL51  -5177.495169  -6777.015634   8743.241741              
VL51  -5375.384494  49123.769524  34951.033965              
*  2025  4 14 19 42   0.00000000                            
PL51  -5228.798916  -6176.940504   9148.664531              
VL51  -3168.054580  50856.645423  32601.788567              
*  2025  4 14 19 44   0.00000000                            
PL51  -5253.376559  -5557.238372   9525.276562              
VL51   -922.754146  52393.991934  30150.526974              
*  2025  4 14 19 46   0.00000000                            
PL51  -5250.834778  -4920.287966   9871.900576              
VL51   1350.097852  53730.549627  27605.123680              
*  2025  4 14 19 48   0.00000000                            
PL51  -5220.906297  -4268.526185  10187.455613              
VL51   3639.921854  54861.885308  24973.748906              
*  2025  4 14 19 50   0.00000000                            
PL51  -5163.451512  -3604.438092  10470.960385              
VL51   5936.026598  55784.407020  22264.839777              
*  2025  4 14 19 52   0.00000000                            
PL51  -5078.459538  -2930.546749  10721.536305              
VL51   8227.658394  56495.375182  19487.070777              
*  2025  4 14 19 54   0.00000000                            
PL51  -4966.048662  -2249.402940  10938.410152              
VL51  10504.050528  56992.909863  16649.323590              
*  2025  4 14 19 56   0.00000000                            
PL51  -4826.466205  -1563.574832  11120.916376              
VL51  12754.472563  57275.994219  13760.656474              
*  2025  4 14 19 58   0.00000000                            
PL51  -4660.087788   -875.637615  11268.499032              
VL51  14968.279291  57344.474115  10830.273304              
*  2025  4 14 20  0   0.00000000                            
PL51  -4467.416022   -188.163171  11380.713338              
VL51  17134.959105  57199.054009   7867.492391              
*  2025  4 14 20  2   0.00000000                            
PL51  -4249.078618    496.290186  11457.226862              
VL51  19244.181596  56841.289162   4881.715220              
*  2025  4 14 20  4   0.00000000                            
PL51  -4005.825929   1175.187854  11497.820333              
VL51  21285.844139  56273.574275   1882.395194              
*  2025  4 14 20  6   0.00000000                            
PL51  -3738.527947   1846.028933  11502.388078              
VL51  23250.117279  55499.128648  -1120.993483              
*  2025  4 14 20  8   0.00000000                            
PL51  -3448.170757   2506.356012  11470.938082              
VL51  25127.488732  54521.977986  -4118.986704              
*  2025  4 14 20 10   0.00000000                            
PL51  -3135.852476   3153.764721  11403.591686              
VL51  26908.805805  53346.932960  -7102.161032              
*  2025  4 14 20 12   0.00000000                            
PL51  -2802.778692   3785.913007  11300.582921              
VL51  28585.316072  51979.564682 -10061.163850              
*  2025  4 14 20 14   0.00000000                            
PL51  -2450.257424   4400.530098  11162.257470              
VL51  30148.706139  50426.177212 -12986.743004              
*  2025  4 14 20 16   0.00000000                            
PL51  -2079.693633   4995.425116  10989.071299              
VL51  31591.138343  48693.777270 -15869.775852              
*  2025  4 14 20 18   0.00000000                            
PL51  -1692.583306   5568.495319  10781.588923              
VL51  32905.285259  46790.041310 -18701.297623              
*  2025  4 14 20 20   0.00000000                            
PL51  -1290.507134   6117.733922  10540.481350              
VL51  34084.361858  44723.280127 -21472.529028              
*  2025  4 14 20 22   0.00000000                            
PL51   -875.123824   6641.237491  10266.523692              
VL51  35122.155235  42502.401165 -24174.903033              
*  2025  4 14 20 24   0.00000000                            
PL51   -448.163069   7137.212863   9960.592462              
VL51  36013.051773  40136.868733 -26800.090729              
*  2025  4 14 20 26   0.00000000                            
PL51    -11.418205   7603.983577   9623.662565              
VL51  36752.061656  37636.662280 -29340.026244              
*  2025  4 14 20 28   0.00000000                            
PL51    433.261407   8039.995804   9256.804001              
VL51  37334.840667  35012.232951 -31786.930627              
*  2025  4 14 20 30   0.00000000                            
PL51    883.978247   8443.823733   8861.178280              
VL51  37757.709166  32274.458599 -34133.334648              
*  2025  4 14 20 32   0.00000000                            
PL51   1338.794705   8814.174415   8438.034573              
VL51  38017.668221  29434.597447 -36372.100476              
*  2025  4 14 20 34   0.00000000                            
PL51   1795.741340   9149.892047   7988.705617              
VL51  38112.412819  26504.240610 -38496.442168              
*  2025  4 14 20 36   0.00000000                            
PL51   2252.825264   9449.961673   7514.603372              
VL51  38040.342126  23495.263653 -40499.944943              
*  2025  4 14 20 38   0.00000000                            
PL51   2708.038643   9713.512308   7017.214454              
VL51  37800.566772  20419.777401 -42376.583175              
*  2025  4 14 20 40   0.00000000                            
PL51   3159.367264   9939.819458   6498.095371              
VL51  37392.913135  17290.078188 -44120.737076              
*  2025  4 14 20 42   0.00000000                            
PL51   3604.799129  10128.307045   5958.867556              
VL51  36817.924621  14118.597760 -45727.208024              
*  2025  4 14 20 44   0.00000000                            
PL51   4042.333060  10278.548739   5401.212227              
VL51  36076.859962  10917.853022 -47191.232487              
*  2025  4 14 20 46   0.00000000                            
PL51   4469.987252  10390.268667   4826.865089              
VL51  35171.688544   7700.395860 -48508.494526              
*  2025  4 14 20 48   0.00000000                            
PL51   4885.807759  10463.341544   4237.610901              
VL51  34105.082811   4478.763211 -49675.136837              
*  2025  4 14 20 50   0.00000000                            
PL51   5287.876875  10497.792186   3635.277906              
VL51  32880.407791   1265.427617 -50687.770327              
*  2025  4 14 20 52   0.00000000                            
PL51   5674.321361  10493.794452   3021.732165              
VL51  31501.707820  -1927.251563 -51543.482205              
*  2025  4 14 20 54   0.00000000                            
PL51   6043.320509  10451.669593   2398.871805              
VL51  29973.690530  -5087.076083 -52239.842586              
*  2025  4 14 20 56   0.00000000                            
PL51   6393.113992  10371.884038   1768.621183              
VL51  28301.708181  -8202.055718 -52774.909611              
*  2025  4 14 20 58   0.00000000                            
PL51   6722.009469  10255.046621   1132.925015              
VL51  26491.736447 -11260.453940 -53147.233089              
*  2025  4 14 21  0   0.00000000                            
PL51   7028.389934  10101.905269    493.742455              
VL51  24550.350743 -14250.832227 -53355.856671              
*  2025  4 14 21  2   0.00000000                            
PL51   7310.720755   9913.343169   -146.958833              
VL51  22484.700216 -17162.092841 -53400.318566              
*  2025  4 14 21  4   0.00000000                            
PL51   7567.556389   9690.374431   -787.208607              
VL51  20302.479513 -19983.519899 -53280.650833              
*  2025  4 14 21  6   0.00000000                            
PL51   7797.546756   9434.139267  -1425.039965              
VL51  18011.898457 -22704.818638 -52997.377256              
*  2025  4 14 21  8   0.00000000                            
PL51   7999.443220   9145.898710  -2058.495222              
VL51  15621.649764 -25316.152693 -52551.509839              
*  2025  4 14 21 10   0.00000000                            
PL51   8172.104188   8827.028904  -2685.631744              
VL51  13140.874943 -27808.179319 -51944.543960              
*  2025  4 14 21 12   0.00000000                            
PL51   8314.500279   8479.014978  -3304.527712              
VL51  10579.128519 -30172.082400 -51178.452217              
*  2025  4 14 21 14   0.00000000                            
PL51   8425.719058   8103.444537  -3913.287804              
VL51   7946.340746 -32399.603181 -50255.677001              
*  2025  4 14 21 16   0.00000000                            
PL51   8504.969317   7702.000807  -4510.048782              
VL51   5252.778925 -34483.068629 -49179.121854              
*  2025  4 14 21 18   0.00000000                            
PL51   8551.584876   7276.455445  -5092.984971              
VL51   2509.007524 -36415.417336 -47952.141652              
*  2025  4 14 21 20   0.00000000                            
PL51   8565.027908   6828.661056  -5660.313608              
VL51   -274.152782 -38190.222919 -46578.531660              
*  2025  4 14 21 22   0.00000000                            
PL51   8544.891765   6360.543444  -6210.300053              
VL51  -3085.666984 -39801.714864 -45062.515514              
*  2025  4 14 21 24   0.00000000                            
PL51   8490.903289   5874.093636  -6741.262860              
VL51  -5914.328371 -41244.796757 -43408.732167              
*  2025  4 14 21 26   0.00000000                            
PL51   8402.924619   5371.359688  -7251.578669              
VL51  -8748.801783 -42515.061896 -41622.221875              
*  2025  4 14 21 28   0.00000000                            
PL51   8280.954466   4854.438335  -7739.686937              
VL51 -11577.667318 -43608.806238 -39708.411237              
*  2025  4 14 21 30   0.00000000                            
PL51   8125.128871   4325.466489  -8204.094482              
VL51 -14389.464357 -44523.038682 -37673.097374              
*  2025  4 14 21 32   0.00000000                            
PL51   7935.721423   3786.612640  -8643.379824              
VL51 -17172.735771 -45255.488689 -35522.431267              
*  2025  4 14 21 34   0.00000000                            
PL51   7713.142958   3240.068174  -9056.197334              
VL51 -19916.072146 -45804.611231 -33262.900334              
*  2025  4 14 21 36   0.00000000                            
PL51   7457.940713   2688.038653  -9441.281159              
VL51 -22608.155899 -46169.589093 -30901.310255              
*  2025  4 14 21 38   0.00000000                            
PL51   7170.796970   2132.735078  -9797.448930              
VL51 -25237.805161 -46350.332549 -28444.766130              
*  2025  4 14 21 40   0.00000000                            
PL51   6852.527160   1576.365174 -10123.605239              
VL51 -27794.017290 -46347.476447 -25900.652967              
*  2025  4 14 21 42   0.00000000                            
PL51   6504.077453   1021.124729 -10418.744877              
VL51 -30266.011878 -46162.374713 -23276.615570              
*  2025  4 14 21 44   0.00000000                            
PL51   6126.521841    469.189006 -10681.955827              
VL51 -32643.273144 -45797.092346 -20580.537844              
*  2025  4 14 21 46   0.00000000                            
PL51   5721.058707    -77.295726 -10912.422009              
VL51 -34915.591584 -45254.394907 -17820.521541              
*  2025  4 14 21 48   0.00000000                            
PL51   5289.006907   -616.220525 -11109.425762              
VL51 -37073.104756 -44537.735571 -15004.864486              
*  2025  4 14 21 50   0.00000000                            
PL51   4831.801364  -1145.521937 -11272.350064              
VL51 -39106.337078 -43651.239780 -12142.038303              
*  2025  4 14 21 52   0.00000000                            
PL51   4350.988194  -1663.189960 -11400.680483              
VL51 -41006.238524 -42599.687538  -9240.665664              
*  2025  4 14 21 54   0.00000000                            
PL51   3848.219370  -2167.275780 -11494.006847              
VL51 -42764.222100 -41388.493406  -6309.497080              
*  2025  4 14 21 56   0.00000000                            
PL51   3325.246950  -2655.899254 -11552.024642              
VL51 -44372.199970 -40023.684262  -3357.387260              
*  2025  4 14 21 58   0.00000000                            
PL51   2783.916877  -3127.256116 -11574.536113              
VL51 -45822.618122 -38511.874852   -393.271063              
*  2025  4 14 22  0   0.00000000                            
PL51   2226.162374  -3579.624872 -11561.451085              
VL51 -47108.489445 -36860.241233   2573.860952              
*  2025  4 14 22  2   0.00000000                            
PL51   1653.996949  -4011.373367 -11512.787477              
VL51 -48223.425086 -35076.492129   5534.987330              
*  2025  4 14 22  4   0.00000000                            
PL51   1069.507039  -4420.964992 -11428.671527              
VL51 -49161.663981 -33168.838304   8481.080877              
*  2025  4 14 22  6   0.00000000                            
PL51    474.844307  -4806.964520 -11309.337707              
VL51 -49918.100399 -31145.959991  11403.134120              
*  2025  4 14 22  8   0.00000000                            
PL51   -127.782375  -5168.043532 -11155.128331              
VL51 -50488.309406 -29016.972482  14292.185041              
*  2025  4 14 22 10   0.00000000                            
PL51   -736.115236  -5502.985422 -10966.492855              
VL51 -50868.570082 -26791.389944  17139.343052              
*  2025  4 14 22 12   0.00000000                            
PL51  -1347.856187  -5810.689959 -10743.986863              
VL51 -51055.886397 -24479.087556  19935.815149              
*  2025  4 14 22 14   0.00000000                            
PL51  -1960.675626  -6090.177385 -10488.270736              
VL51 -51048.005592 -22090.262080  22672.932212              
*  2025  4 14 22 16   0.00000000                            
PL51  -2572.221461  -6340.592026 -10200.108013              
VL51 -50843.433947 -19635.390949  25342.175391              
*  2025  4 14 22 18   0.00000000                            
PL51  -3180.128293  -6561.205413  -9880.363422              
VL51 -50441.449814 -17125.190001  27935.202499              
*  2025  4 14 22 20   0.00000000                            
PL51  -3782.026749  -6751.418881  -9530.000608              
VL51 -49842.113785 -14570.569987  30443.874376              
*  2025  4 14 22 22   0.00000000                            
PL51  -4375.552915  -6910.765639  -9150.079535              
VL51 -49046.275871 -11982.591975  32860.281100              
*  2025  4 14 22 24   0.00000000                            
PL51  -4958.357835  -7038.912304  -8741.753582              
VL51 -48055.579600  -9372.421803  35176.768000              
*  2025  4 14 22 26   0.00000000                            
PL51  -5528.117043  -7135.659882  -8306.266322              
VL51 -46872.462898  -6751.283743  37385.961337              
*  2025  4 14 22 28   0.00000000                            
PL51  -6082.540082  -7200.944183  -7844.948001              
VL51 -45500.155694  -4130.413551  39480.793581              
*  2025  4 14 22 30   0.00000000                            
PL51  -6619.379982  -7234.835682  -7359.211717              
VL51 -43942.674149  -1521.011069  41454.528144              
*  2025  4 14 22 32   0.00000000                            
PL51  -7136.442639  -7237.538797  -6850.549296              
VL51 -42204.811444   1065.807404  43300.783480              
*  2025  4 14 22 34   0.00000000                            
PL51  -7631.596066  -7209.390599  -6320.526899              
VL51 -40292.125100   3619.056781  45013.556400              
*  2025  4 14 22 36   0.00000000                            
PL51  -8102.779475  -7150.858961  -5770.780340              
VL51 -38210.920774   6127.930677  46587.244514              
*  2025  4 14 22 38   0.00000000                            
PL51  -8548.012137  -7062.540119  -5203.010152              
VL51 -35968.232540   8581.848495  48016.667630              
*  2025  4 14 22 40   0.00000000                            
PL51  -8965.401989  -6945.155693  -4618.976392              
VL51 -33571.799665  10970.501876  49297.088018              
*  2025  4 14 22 42   0.00000000                            
PL51  -9353.153937  -6799.549139  -4020.493221              
VL51 -31030.039909  13283.900280  50424.229386              
*  2025  4 14 22 44   0.00000000                            
PL51  -9709.577823  -6626.681671  -3409.423259              
VL51 -28352.019418  15512.415448  51394.294446              
*  2025  4 14 22 46   0.00000000                            
PL51 -10033.096008  -6427.627650  -2787.671738              
VL51 -25547.419293  17646.824509  52203.980958              
*  2025  4 14 22 48   0.00000000                            
PL51 -10322.250534  -6203.569474  -2157.180472              
VL51 -22626.498936  19678.351493  52850.496113              
*  2025  4 14 22 50   0.00000000                            
PL51 -10575.709828  -5955.791969  -1519.921671              
VL51 -19600.056328  21598.706995  53331.569165              
*  2025  4 14 22 52   0.00000000                            
PL51 -10792.274913  -5685.676328   -877.891605              
VL51 -16479.385370  23400.125766  53645.462190              
*  2025  4 14 22 54   0.00000000                            
PL51 -10970.885087  -5394.693601   -233.104157              
VL51 -13276.230507  25075.401999  53790.978886              
*  2025  4 14 22 56   0.00000000                            
PL51 -11110.623050  -5084.397788    412.415718              
VL51 -10002.738816  26617.922090  53767.471330              
*  2025  4 14 22 58   0.00000000                            
PL51 -11210.719429  -4756.418549   1056.638605              
VL51  -6671.409811  28021.694662  53574.844625              
*  2025  4 14 23  0   0.00000000                            
PL51 -11270.556701  -4412.453567   1697.537281              
VL51  -3295.043208  29281.377673  53213.559377              
*  2025  4 14 23  2   0.00000000                            
PL51 -11289.672472  -4054.260613   2333.093388              
VL51    113.315070  30392.302419  52684.631971              
*  2025  4 14 23  4   0.00000000                            
PL51 -11267.762100  -3683.649339   2961.304088              
VL51   3540.428367  31350.494291  51989.632619              
*  2025  4 14 23  6   0.00000000                            
PL51 -11204.680643  -3302.472835   3580.188691              
VL51   6972.925944  32152.690142  51130.681178              
*  2025  4 14 23  8   0.00000000                            
PL51 -11100.444125  -2912.619013   4187.795211              
VL51  10397.360501  32796.352168  50110.440749              
*  2025  4 14 23 10   0.00000000                            
PL51 -10955.230109  -2516.001832   4782.206836              
VL51  13800.266240  33279.678199  48932.109072              
*  2025  4 14 23 12   0.00000000                            
PL51 -10769.377565  -2114.552426   5361.548284              
VL51  17168.217178  33601.608361  47599.407782              
*  2025  4 14 23 14   0.00000000                            
PL51 -10543.386046  -1710.210179   5923.992011              
VL51  20487.885357  33761.828049  46116.569553              
*  2025  4 14 23 16   0.00000000                            
PL51 -10277.914162  -1304.913780   6467.764259              
VL51  23746.098654  33760.767216  44488.323232              
*  2025  4 14 23 18   0.00000000                            
PL51  -9973.777368   -900.592313   6991.150910              
VL51  26929.897880  33599.595989  42719.877028              
*  2025  4 14 23 20   0.00000000                            
PL51  -9631.945070   -499.156413   7492.503128              
VL51  30026.592842  33280.216649  40816.899867              
*  2025  4 14 23 22   0.00000000                            
PL51  -9253.537070   -102.489557   7970.242768              
VL51  33023.817119  32805.252046  38785.501010              
*  2025  4 14 23 24   0.00000000                            
PL51  -8839.819355    287.560507   8422.867527              
VL51  35909.581232  32178.030525  36632.208058              
*  2025  4 14 23 26   0.00000000                            
PL51  -8392.199267    669.190111   8848.955829              
VL51  38672.323985  31402.567478  34363.943461              
*  2025  4 14 23 28   0.00000000                            
PL51  -7912.220066   1040.647788   9247.171411              
VL51  41300.961707  30483.543643  31987.999653              
*  2025  4 14 23 30   0.00000000                            
PL51  -7401.554916   1400.242108   9616.267610              
VL51  43784.935176  29426.280291  29512.012948              
*  2025  4 14 23 32   0.00000000                            
PL51  -6862.000319   1746.349205   9955.091327              
VL51  46114.254010  28236.711468  26943.936317              
*  2025  4 14 23 34   0.00000000                            
PL51  -6295.469041   2077.419942  10262.586657              
VL51  48279.538343  26921.353457  24292.011198              
*  2025  4 14 23 36   0.00000000                            
PL51  -5703.982547   2391.986712  10537.798179              
VL51  50272.057589  25487.271641  21564.738451              
*  2025  4 14 23 38   0.00000000                            
PL51  -5089.662994   2688.669807  10779.873889              
VL51  52083.766164  23942.044979  18770.848618              
*  2025  4 14 23 40   0.00000000                            
PL51  -4454.724811   2966.183362  10988.067779              
VL51  53707.336007  22293.728286  15919.271601              
*  2025  4 14 23 42   0.00000000                            
PL51  -3801.465911   3223.340825  11161.742039              
VL51  55136.185811  20550.812533  13019.105913              
*  2025  4 14 23 44   0.00000000                            
PL51  -3132.258570   3459.059950  11300.368901              
VL51  56364.506848  18722.183395  10079.587618              
*  2025  4 14 23 46   0.00000000                            
PL51  -2449.540023   3672.367270  11403.532095              
VL51  57387.285330  16817.078268   7110.059107              
*  2025  4 14 23 48   0.00000000                            
PL51  -1755.802801   3862.402057  11470.927947              
VL51  58200.321263  14845.041970   4119.937813              
*  2025  4 14 23 50   0.00000000                            
PL51  -1053.584876   4028.419739  11502.366080              
VL51  58800.243747  12815.881375   1118.684993              
*  2025  4 14 23 52   0.00000000                            
PL51   -345.459636   4169.794768  11497.769763              
VL51  59184.522717  10739.619186  -1884.225329              
*  2025  4 14 23 54   0.00000000                            
PL51    365.974259   4286.022931  11457.175877              
VL51  59351.477123   8626.447078  -4879.337141              
*  2025  4 14 23 56   0.00000000                            
PL51   1078.103095   4376.723090  11380.734511              
VL51  59300.279568   6486.678431  -7857.242873              
*  2025  4 14 23 58   0.00000000                            
PL51   1788.308359   4441.638362  11268.708208              
VL51  59030.957409   4330.700864 -10808.613371              
*  2025  4 15  0  0   0.00000000                            
PL51   2493.976873   4480.636785  11121.470839              
VL51  58544.390323   2168.930223 -13724.227350              
*  2025  4 15  0  2   0.00000000                            
PL51   3192.511544   4493.711048  10939.506142              
VL51  57842.304749     11.756165 -16595.000220              
*  2025  4 15  0  4   0.00000000                            
PL51   3881.340369   4480.978580  10723.405907              
VL51  56927.264139  -2130.490239 -19412.012238              
*  2025  4 15  0  6   0.00000000                            
PL51   4557.927511   4442.679850  10473.867835              
VL51  55802.656962  -4247.597104 -22166.535884              
*  2025  4 15  0  8   0.00000000                            
PL51   5219.782556   4379.177042  10191.693071              
VL51  54472.680675  -6329.509865 -24850.062403              
*  2025  4 15  0 10   0.00000000                            
PL51   5864.470220   4290.951818   9877.783423              
VL51  52942.322863  -8366.377074 -27454.327449              
*  2025  4 15  0 12   0.00000000                            
PL51   6489.619703   4178.602624   9533.138282              
VL51  51217.339285 -10348.593576 -29971.335753              
*  2025  4 15  0 14   0.00000000                            
PL51   7092.933761   4042.841478   9158.851248              
VL51  49304.228991 -12266.842314 -32393.384770              
*  2025  4 15  0 16   0.00000000                            
PL51   7672.197460   3884.490274   8756.106482              
VL51  47210.206620 -14112.134624 -34713.087228              
*  2025  4 15  0 18   0.00000000                            
PL51   8225.286585   3704.476605   8326.174794              
VL51  44943.172024 -15875.848846 -36923.392547              
*  2025  4 15  0 20   0.00000000                            
PL51   8750.175666   3503.829136   7870.409477              
VL51  42511.677332 -17549.767101 -39017.607056              
*  2025  4 15  0 22   0.00000000                            
PL51   9244.945600   3283.672551   7390.241914              
VL51  39924.891630 -19126.110101 -40989.412960              
*  2025  4 15  0 24   0.00000000                            
PL51   9707.790823   3045.222087   6887.176955              
VL51  37192.563389 -20597.569850 -42832.886011              
*  2025  4 15  0 26   0.00000000                            
PL51  10137.026037   2789.777697   6362.788098              
VL51  34324.980832 -21957.340124 -44542.511846              
*  2025  4 15  0 28   0.00000000                            
PL51  10531.092431   2518.717855   5818.712478              
VL51  31332.930400 -23199.144604 -46113.200950              
*  2025  4 15  0 30   0.00000000                            
PL51  10888.563407   2233.493044   5256.645688              
VL51  28227.653499 -24317.262579 -47540.302207              
*  2025  4 15  0 32   0.00000000                            
PL51  11208.149767   1935.618943   4678.336442              
VL51  25020.801719 -25306.552123 -48819.615031              
*  2025  4 15  0 34   0.00000000                            
PL51  11488.704369   1626.669356   4085.581103              
VL51  21724.390716 -26162.470664 -49947.400038              
*  2025  4 15  0 36   0.00000000                            
PL51  11729.226202   1308.268913   3480.218094              
VL51  18350.752934 -26881.092896 -50920.388258              
*  2025  4 15  0 38   0.00000000                            
PL51  11928.863907    982.085566   2864.122201              
VL51  14912.489381 -27459.125956 -51735.788860              
*  2025  4 15  0 40   0.00000000                            
PL51  12086.918703    649.822924   2239.198803              
VL51  11422.420657 -27893.921864 -52391.295399              
*  2025  4 15  0 42   0.00000000                            
PL51  12202.846728    313.212451   1607.378023              
VL51   7893.537416 -28183.487152 -52885.090578              
*  2025  4 15  0 44   0.00000000                            
PL51  12276.260777    -25.994428    970.608841              
VL51   4338.950466 -28326.489706 -53215.849531              
*  2025  4 15  0 46   0.00000000                            
PL51  12306.931446   -366.034295    330.853168              
VL51    771.840720 -28322.262789 -53382.741629              
*  2025  4 15  0 48   0.00000000                            
PL51  12294.787671   -705.139727   -309.920081              
VL51  -2794.590822 -28170.806271 -53385.430845              
*  2025  4 15  0 50   0.00000000                            
PL51  12239.916675  -1041.547297   -949.740926              
VL51  -6347.172863 -27872.785074 -53224.074672              
*  2025  4 15  0 52   0.00000000                            
PL51  12142.563307  -1373.505524  -1586.644222              
VL51  -9872.813180 -27429.524871 -52899.321638              
*  2025  4 15  0 54   0.00000000                            
PL51  12003.128806  -1699.282766  -2218.675537              
VL51 -13358.547389 -26843.005074 -52412.307448              
*  2025  4 15  0 56   0.00000000                            
PL51  11822.168978  -2017.175013  -2843.896964              
VL51 -16791.586933 -26115.849176 -51764.649776              
*  2025  4 15  0 58   0.00000000                            
PL51  11600.391798  -2325.513537  -3460.392869              
VL51 -20159.366115 -25251.312499 -50958.441761              
*  2025  4 15  1  0   0.00000000                            
PL51  11338.654463  -2622.672395  -4066.275549              
VL51 -23449.588021 -24253.267433 -49996.244251              
*  2025  4 15  1  2   0.00000000                            
PL51  11037.959896  -2907.075728  -4659.690794              
VL51 -26650.269173 -23126.186234 -48881.076829              
*  2025  4 15  1  4   0.00000000                            
PL51  10699.452726  -3177.204849  -5238.823330              
VL51 -29749.782774 -21875.121482 -47616.407687              
*  2025  4 15  1  6   0.00000000                            
PL51  10324.414753  -3431.605076  -5801.902139              
VL51 -32736.900416 -20505.684296 -46206.142385              
*  2025  4 15  1  8   0.00000000                            
PL51   9914.259925  -3668.892291  -6347.205633              
VL51 -35600.832111 -19024.020389 -44654.611556              
*  2025  4 15  1 10   0.00000000                            
PL51   9470.528849  -3887.759204  -6873.066674              
VL51 -38331.264562 -17436.784093 -42966.557604              
*  2025  4 15  1 12   0.00000000                            
PL51   8994.882847  -4086.981291  -7377.877434              
VL51 -40918.397535 -15751.110447 -41147.120447              
*  2025  4 15  1 14   0.00000000                            
PL51   8489.097596  -4265.422385  -7860.094075              
VL51 -43352.978261 -13974.585466 -39201.822348              
*  2025  4 15  1 16   0.00000000                            
PL51   7955.056353  -4422.039899  -8318.241238              
VL51 -45626.333775 -12115.214707 -37136.551893              
*  2025  4 15  1 18   0.00000000                            
PL51   7394.742824  -4555.889666  -8750.916343              
VL51 -47730.401117 -10181.390253 -34957.547160              
*  2025  4 15  1 20   0.00000000                            
PL51   6810.233669  -4666.130374  -9156.793674              
VL51 -49657.755305  -8181.856228 -32671.378118              
*  2025  4 15  1 22   0.00000000                            
PL51   6203.690688  -4752.027572  -9534.628259              
VL51 -51401.635051  -6125.672979 -30284.928312              
*  2025  4 15  1 24   0.00000000                            
PL51   5577.352719  -4812.957244  -9883.259511              
VL51 -52955.966145  -4022.180027 -27805.375863              
*  2025  4 15  1 26   0.00000000                            
PL51   4933.527259  -4848.408938 -10201.614651              
VL51 -54315.382465  -1880.957927 -25240.173822              
*  2025  4 15  1 28   0.00000000                            
PL51   4274.581858  -4857.988415 -10488.711888              
VL51 -55475.244572    288.210855 -22597.029914              
*  2025  4 15  1 30   0.00000000                            
PL51   3602.935296  -4841.419841 -10743.663344              
VL51 -56431.655844   2475.381910 -19883.885694              
*  2025  4 15  1 32   0.00000000                            
PL51   2921.048587  -4798.547481 -10965.677738              
VL51 -57181.476113   4670.489592 -17108.895155              
*  2025  4 15  1 34   0.00000000                            
PL51   2231.415830  -4729.336910 -11154.062802              
VL51 -57722.332777   6863.388319 -14280.402803              
*  2025  4 15  1 36   0.00000000                            
PL51   1536.554948  -4633.875720 -11308.227434              
VL51 -58052.629346   9043.894352 -11406.921234              
*  2025  4 15  1 38   0.00000000                            
PL51    838.998332  -4512.373729 -11427.683574              
VL51 -58171.551407  11201.827923  -8497.108238              
*  2025  4 15  1 40   0.00000000                            
PL51    141.283436  -4365.162674 -11512.047816              
VL51 -58079.069974  13327.055572  -5559.743455              
*  2025  4 15  1 42   0.00000000                            
PL51   -554.056655  -4192.695404 -11561.042716              
VL51 -57775.942216  15409.532573  -2603.704608              
*  2025  4 15  1 44   0.00000000                            
PL51  -1244.502650  -3995.544560 -11574.497834              
VL51 -57263.709536  17439.345308    362.056670              
*  2025  4 15  1 46   0.00000000                            
PL51  -1927.558442  -3774.400752 -11552.350471              
VL51 -56544.692995  19406.753454   3328.539373              
*  2025  4 15  1 48   0.00000000                            
PL51  -2600.760415  -3530.070219 -11494.646110              
VL51 -55621.986059  21302.231843   6286.718032              
*  2025  4 15  1 50   0.00000000                            
PL51  -3261.686666  -3263.472009 -11401.538561              
VL51 -54499.444666  23116.511855   9227.567931              
*  2025  4 15  1 52   0.00000000                            
PL51  -3907.966071  -2975.634647 -11273.289800              
VL51 -53181.674598  24840.622200  12142.090635              
*  2025  4 15  1 54   0.00000000                            
PL51  -4537.287203  -2667.692330 -11110.269495              
VL51 -51674.016158  26465.928929  15021.339774              
*  2025  4 15  1 56   0.00000000                            
PL51  -5147.407036  -2340.880641 -10912.954231              
VL51 -49982.526147  27984.174525  17856.447049              
*  2025  4 15  1 58   0.00000000                            
PL51  -5736.159422  -1996.531807 -10681.926411              
VL51 -48113.957151  29387.515922  20638.648424              
*  2025  4 15  2  0   0.00000000                            
PL51  -6301.463302  -1636.069498 -10417.872851              
VL51 -46075.734140  30668.561279  23359.310436              
*  2025  4 15  2  2   0.00000000                            
PL51  -6841.330624  -1261.003201 -10121.583052              
VL51 -43875.928412  31820.405348  26009.956583              
*  2025  4 15  2  4   0.00000000                            
PL51  -7353.873927   -872.922178  -9793.947160              
VL51 -41523.228896  32836.663263  28582.293718              
*  2025  4 15  2  6   0.00000000                            
PL51  -7837.313566   -473.489026  -9435.953607              
VL51 -39026.910855  33711.502587  31068.238363              
*  2025  4 15  2  8   0.00000000                            
PL51  -8289.984552    -64.432863  -9048.686438              
VL51 -36396.802052  34439.673424  33459.942887              
*  2025  4 15  2 10   0.00000000                            
PL51  -8710.342961    352.457829  -8633.322323              
VL51 -33643.246425  35016.536448  35749.821436              
*  2025  4 15  2 12   0.00000000                            
PL51  -9096.971903    775.342689  -8191.127266              
VL51 -30777.065360  35438.088648  37930.575531              
*  2025  4 15  2 14   0.00000000                            
PL51  -9448.587004   1202.337256  -7723.453000              
VL51 -27809.516648  35700.986641  39995.219222              
*  2025  4 15  2 16   0.00000000                            
PL51  -9764.041387   1631.521013  -7231.733092              
VL51 -24752.251254  35802.567362  41937.103686              
*  2025  4 15  2 18   0.00000000                            
PL51 -10042.330120   2060.945656  -6717.478753              
VL51 -21617.268007  35740.865995  43749.941155              
*  2025  4 15  2 20   0.00000000                            
PL51 -10282.594109   2488.643571  -6182.274363              
VL51 -18416.866375  35514.630971  45427.828035              
*  2025  4 15  2 22   0.00000000                            
PL51 -10484.123415   2912.636467  -5627.772730              
VL51 -15163.597499  35123.335907  46965.267112              
*  2025  4 15  2 24   0.00000000                            
PL51 -10646.359967   3330.944129  -5055.690084              
VL51 -11870.213653  34567.188353  48357.188691              
*  2025  4 15  2 26   0.00000000                            
PL51 -10768.899674   3741.593270  -4467.800824              
VL51  -8549.616356  33847.135232  49598.970551              
*  2025  4 15  2 28   0.00000000                            
PL51 -10851.493890   4142.626411  -3865.932039              
VL51  -5214.803351  32964.864876  50686.456589              
*  2025  4 15  2 30   0.00000000                            
PL51 -10894.050252   4532.110777  -3251.957808              
VL51  -1878.814690  31922.805594  51615.974018              
*  2025  4 15  2 32   0.00000000                            
PL51 -10896.632858   4908.147148  -2627.793302              
VL51   1445.321823  30724.120688  52384.348993              
*  2025  4 15  2 34   0.00000000                            
PL51 -10859.461794   5268.878636  -1995.388716              
VL51   4744.645558  29372.699910  52988.920567              
*  2025  4 15  2 36   0.00000000                            
PL51 -10782.911993   5612.499327  -1356.723037              
VL51   8006.318073  27873.147325  53427.552845              
*  2025  4 15  2 38   0.00000000                            
PL51 -10667.511442   5937.262766   -713.797679              
VL51  11217.677941  26230.765604  53698.645252              
*  2025  4 15  2 40   0.00000000                            
PL51 -10513.938731   6241.490226    -68.630011              
VL51  14366.295084  24451.536773  53801.140812              
*  2025  4 15  2 42   0.00000000                            
PL51 -10323.019957   6523.578730    576.753211              
VL51  17440.024309  22542.099484  53734.532369              
*  2025  4 15  2 44   0.00000000                            
PL51 -10095.724983   6782.008775   1220.322464              
VL51  20427.057770  20509.722900  53498.866684              
*  2025  4 15  2 46   0.00000000                            
PL51  -9833.163090   7015.351726   1860.052120              
VL51  23315.976029  18362.277288  53094.746352              
*  2025  4 15  2 48   0.00000000                            
PL51  -9536.578012   7222.276836   2493.927118              
VL51  26095.797442  16108.201477  52523.329505              
*  2025  4 15  2 50   0.00000000                            
PL51  -9207.342397   7401.557860   3119.949615              
VL51  28756.025575  13756.467332  51786.327294              
*  2025  4 15  2 52   0.00000000                            
PL51  -8846.951714   7552.079221   3736.145599              
VL51  31286.694391  11316.541419  50885.999131              
*  2025  4 15  2 54   0.00000000                            
PL51  -8457.017625   7672.841709   4340.571424              
VL51  33678.410927   8798.344076  49825.145714              
*  2025  4 15  2 56   0.00000000                            
PL51  -8039.260869   7762.967664   4931.320259              
VL51  35922.395244   6212.206100  48607.099874              
*  2025  4 15  2 58   0.00000000                            
PL51  -7595.503682   7821.705630   5506.528401              
VL51  38010.517405   3568.823286  47235.715265              
*  2025  4 15  3  0   0.00000000                            
PL51  -7127.661783   7848.434456   6064.381452              
VL51  39935.331294    879.209084  45715.352991              
*  2025  4 15  3  2   0.00000000                            
PL51  -6637.735993   7842.666816   6603.120315              
VL51  41690.105091  -1845.354398  44050.866215              
*  2025  4 15  3  4   0.00000000                            
PL51  -6127.803490   7804.052127   7121.046997              
VL51  43268.848248  -4593.366738  42247.582861              
*  2025  4 15  3  6   0.00000000                            
PL51  -5600.008770   7732.378866   7616.530197              
VL51  44666.334846  -7353.160645  40311.286491              
*  2025  4 15  3  8   0.00000000                            
PL51  -5056.554358   7627.576258   8088.010643              
VL51  45878.123215 -10112.954209  38248.195476              
*  2025  4 15  3 10   0.00000000                            
PL51  -4499.691286   7489.715333   8534.006184              
VL51  46900.571753 -12860.903681  36064.940575              
*  2025  4 15  3 12   0.00000000                            
PL51  -3931.709428   7319.009355   8953.116593              
VL51  47730.850888 -15585.156502  33768.541045              
*  2025  4 15  3 14   0.00000000                            
PL51  -3354.927695   7115.813603   9344.028080              
VL51  48366.951158 -18273.904304  31366.379419              
*  2025  4 15  3 16   0.00000000                            
PL51  -2771.684172   6880.624529   9705.517491              
VL51  48807.687406 -20915.435616  28866.175083              
*  2025  4 15  3 18   0.00000000                            
PL51  -2184.326211   6614.078282  10036.456193              
VL51  49052.699136 -23498.188004  26275.956787              
*  2025  4 15  3 20   0.00000000                            
PL51  -1595.200563   6316.948606  10335.813608              
VL51  49102.447043 -26010.799406  23604.034242              
*  2025  4 15  3 22   0.00000000                            
PL51  -1006.643552   5990.144137  10602.660418              
VL51  48958.205830 -28442.158413  20858.968920              
*  2025  4 15  3 24   0.00000000                            
PL51   -420.971379   5634.705099  10836.171403              
VL51  48622.053366 -30781.453266  18049.544206              
*  2025  4 15  3 26   0.00000000                            
PL51    159.529440   5251.799418  11035.627924              
VL51  48096.856311 -33018.219372  15184.735025              
*  2025  4 15  3 28   0.00000000                            
PL51    732.611437   4842.718285  11200.420036              
VL51  47386.252319 -35142.385104  12273.677073              
*  2025  4 15  3 30   0.00000000                            
PL51   1296.075315   4408.871170  11330.048231              
VL51  46494.628963 -37144.315722   9325.635766              
*  2025  4 15  3 32   0.00000000                            
PL51   1847.778807   3951.780332  11424.124812              
VL51  45427.099505 -39014.855226   6349.975045              
*  2025  4 15  3 34   0.00000000                            
PL51   2385.645229   3473.074825  11482.374879              
VL51  44189.475707 -40745.365968   3356.126126              
*  2025  4 15  3 36   0.00000000                            
PL51   2907.671675   2974.484062  11504.636959              
VL51  42788.237804 -42327.765886    353.556327              
*  2025  4 15  3 38   0.00000000                            
PL51   3411.936856   2457.830928  11490.863245              
VL51  41230.501852 -43754.563209  -2648.261933              
*  2025  4 15  3 40   0.00000000                            
PL51   3896.608512   1925.024511  11441.119477              
VL51  39523.984612 -45018.888511  -5639.881861              
*  2025  4 15  3 42   0.00000000                            
PL51   4359.950404   1378.052445  11355.584452              
VL51  37676.966174 -46114.524008  -8611.912645              
*  2025  4 15  3 44   0.00000000                            
PL51   4800.328839    818.972938  11234.549170              
VL51  35698.250498 -47035.929990 -11555.049342              
*  2025  4 15  3 46   0.00000000                            
PL51   5216.218707    249.906484  11078.415626              
VL51  33597.124087 -47778.268308 -14460.102220              
*  2025  4 15  3 48   0.00000000                            
PL51   5606.209018   -326.972676  10887.695262              
VL51  31383.312982 -48337.422844 -17318.025462              
*  2025  4 15  3 50   0.00000000                            
PL51   5969.007910   -909.445330  10663.007060              
VL51  29066.938292 -48710.016899 -20119.945165              
*  2025  4 15  3 52   0.00000000                            
PL51   6303.447117  -1495.256254  10405.075325              
VL51  26658.470456 -48893.427451 -22857.186542              
*  2025  4 15  3 54   0.00000000                            
PL51   6608.485879  -2082.123326  10114.727130              
VL51  24168.682444 -48885.796250 -25521.300277              
*  2025  4 15  3 56   0.00000000                            
PL51   6883.214291  -2667.746758   9792.889462              
VL51  21608.602121 -48686.037726 -28104.087943              
*  2025  4 15  3 58   0.00000000                            
PL51   7126.856070  -3249.818393   9440.586059              
VL51  18989.463955 -48293.843695 -30597.626434              
*  2025  4 15  4  0   0.00000000                            
PL51   7338.770743  -3826.031050   9058.933968              
VL51  16322.660299 -47709.684874 -32994.291343              
*  2025  4 15  4  2   0.00000000                            
PL51   7518.455246  -4394.087866   8649.139823              
VL51  13619.692446 -46934.809199 -35286.779233              
*  2025  4 15  4  4   0.00000000                            
PL51   7665.544942  -4951.711589   8212.495870              
VL51  10892.121647 -45971.237000 -37468.128741              
*  2025  4 15  4  6   0.00000000                            
PL51   7779.814042  -5496.653812   7750.375738              
VL51   8151.520321 -44821.753040 -39531.740464              
*  2025  4 15  4  8   0.00000000                            
PL51   7861.175454  -6026.704075   7264.229981              
VL51   5409.423631 -43489.895490 -41471.395590              
*  2025  4 15  4 10   0.00000000                            
PL51   7909.680040  -6539.698828   6755.581411              
VL51   2677.281636 -41979.941890 -43281.273208              
*  2025  4 15  4 12   0.00000000                            
PL51   7925.515322  -7033.530206   6226.020221              
VL51    -33.587788 -40296.892181 -44955.966277              
*  2025  4 15  4 14   0.00000000                            
PL51   7909.003607  -7506.154580   5677.198933              
VL51  -2712.045079 -38446.448885 -46490.496206              
*  2025  4 15  4 16   0.00000000                            
PL51   7860.599585  -7955.600852   5110.827174              
VL51  -5347.173981 -36434.994540 -47880.326030              
*  2025  4 15  4 18   0.00000000                            
PL51   7780.887379  -8379.978474   4528.666306              
VL51  -7928.325231 -34269.566496 -49121.372133              
*  2025  4 15  4 20   0.00000000                            
PL51   7670.577093  -8777.485134   3932.523921              
VL51 -10445.158767 -31957.829199 -50210.014527              
*  2025  4 15  4 22   0.00000000                            
PL51   7530.500849  -9146.414110   3324.248227              
VL51 -12887.684305 -29508.044075 -51143.105657              
*  2025  4 15  4 24   0.00000000                            
PL51   7361.608362  -9485.161236   2705.722327              
VL51 -15246.300136 -26929.037177 -51917.977732              
*  2025  4 15  4 26   0.00000000                            
PL51   7164.962049  -9792.231476   2078.858431              
VL51 -17511.829995 -24230.164725 -52532.448578              
*  2025  4 15  4 28   0.00000000                            
PL51   6941.731714 -10066.245068   1445.592000              
VL51 -19675.557902 -21421.276678 -52984.826022              
*  2025  4 15  4 30   0.00000000                            
PL51   6693.188828 -10305.943222    807.875843              
VL51 -21729.260826 -18512.678513 -53273.910800              
*  2025  4 15  4 32   0.00000000                            
PL51   6420.700426 -10510.193347    167.674196              
VL51 -23665.239082 -15515.091369 -53398.998022              
*  2025  4 15  4 34   0.00000000                            
PL51   6125.722658 -10677.993797   -473.043213              
VL51 -25476.344368 -12439.610701 -53359.877188              
*  2025  4 15  4 36   0.00000000                            
PL51   5809.794018 -10808.478100  -1112.307090              
VL51 -27156.005342  -9297.663636 -53156.830783              
*  2025  4 15  4 38   0.00000000                            
PL51   5474.528276 -10900.918685  -1748.154477              
VL51 -28698.250672  -6100.965187 -52790.631475              
*  2025  4 15  4 40   0.00000000                            
PL51   5121.607154 -10954.730065  -2378.634606              
VL51 -30097.729485  -2861.473513 -52262.537942              
*  2025  4 15  4 42   0.00000000                            
PL51   4752.772773 -10969.471479  -3001.814706              
VL51 -31349.729174    408.655606 -51574.289356              
*  2025  4 15  4 44   0.00000000                            
PL51   4369.819898 -10944.848994  -3615.785722              
VL51 -32450.190508   3697.114896 -50728.098579              
*  2025  4 15  4 46   0.00000000                            
PL51   3974.588021 -10880.717040  -4218.667958              
VL51 -33395.720017   6991.492138 -49726.644095              
*  2025  4 15  4 48   0.00000000                            
PL51   3568.953312 -10777.079388  -4808.616608              
VL51 -34183.599653  10279.316973 -48573.060739              
*  2025  4 15  4 50   0.00000000                            
PL51   3154.820467 -10634.089571  -5383.827168              
VL51 -34811.793695  13548.107774 -47270.929267              
*  2025  4 15  4 52   0.00000000                            
PL51   2734.114498 -10452.050731  -5942.540725              
VL51 -35278.952939  16785.418438 -45824.264833              
*  2025  4 15  4 54   0.00000000                            
PL51   2308.772477 -10231.414919  -6483.049089              
VL51 -35584.416159  19978.884931 -44237.504403              
*  2025  4 15  4 56   0.00000000                            
PL51   1880.735288  -9972.781832  -7003.699778              
VL51 -35728.208907  23116.271423 -42515.493190              
*  2025  4 15  4 58   0.00000000                            
PL51   1451.939407  -9676.896999  -7502.900831              
VL51 -35711.039651  26185.515890 -40663.470141              
*  2025  4 15  5  0   0.00000000                            
PL51   1024.308740  -9344.649424  -7979.125439              
VL51 -35534.293330  29174.775019 -38687.052533              
*  2025  4 15  5  2   0.00000000                            
PL51    599.746560  -8977.068699  -8430.916389              
VL51 -35200.022360  32072.468311 -36592.219732              
*  2025  4 15  5  4   0.00000000                            
PL51    180.127561  -8575.321588  -8856.890309              
VL51 -34710.935146  34867.321233 -34385.296146              
*  2025  4 15  5  6   0.00000000                            
PL51   -232.709930  -8140.708104  -9255.741703              
VL51 -34070.382178  37548.407297 -32072.933442              
*  2025  4 15  5  8   0.00000000                            
PL51   -636.971565  -7674.657084  -9626.246762              
VL51 -33282.339765  40105.188967 -29662.092033              
*  2025  4 15  5 10   0.00000000                            
PL51  -1030.914375  -7178.721280  -9967.266965              
VL51 -32351.391485  42527.557268 -27160.021911              
*  2025  4 15  5 12   0.00000000                            
PL51  -1412.853934  -6654.571994 -10277.752423              
VL51 -31282.707428  44805.869987 -24574.242831              
*  2025  4 15  5 14   0.00000000                            
PL51  -1781.171264  -6103.993245 -10556.745007              
VL51 -30082.021308  46930.988373 -21912.523903              
*  2025  4 15  5 16   0.00000000                            
PL51  -2134.319449  -5528.875523 -10803.381204              
VL51 -28755.605528  48894.312230 -19182.862609              
*  2025  4 15  5 18   0.00000000                            
PL51  -2470.829941  -4931.209119 -11016.894737              
VL51 -27310.244292  50687.813302 -16393.463277              
*  2025  4 15  5 20   0.00000000                            
PL51  -2789.318529  -4313.077073 -11196.618910              
VL51 -25753.204829  52304.066858 -13552.715047              
*  2025  4 15  5 22   0.00000000                            
PL51  -3088.490957  -3676.647754 -11341.988694              
VL51 -24092.206855  53736.281389 -10669.169339              
*  2025  4 15  5 24   0.00000000                            
PL51  -3367.148158  -3024.167085 -11452.542536              
VL51 -22335.390329  54978.326323  -7751.516868              
*  2025  4 15  5 26   0.00000000                            
PL51  -3624.191099  -2357.950466 -11527.923890              
VL51 -20491.281629  56024.757657  -4808.564202              
*  2025  4 15  5 28   0.00000000                            
PL51  -3858.625206  -1680.374385 -11567.882465              
VL51 -18568.758230  56870.841443  -1849.209918              
*  2025  4 15  5 30   0.00000000                            
PL51  -4069.564358   -993.867768 -11572.275185              
VL51 -16577.011993  57512.575008   1117.579651              
*  2025  4 15  5 32   0.00000000                            
PL51  -4256.234434   -300.903093 -11541.066852              
VL51 -14525.511163  57946.705858   4082.795037              
*  2025  4 15  5 34   0.00000000                            
PL51  -4417.976393    396.012718 -11474.330516              
VL51 -12423.961201  58170.748136   7037.408607              
*  2025  4 15  5 36   0.00000000                            
PL51  -4554.248884   1094.347585 -11372.247543              
VL51 -10282.264539  58182.996587   9972.399859              
*  2025  4 15  5 38   0.00000000                            
PL51  -4664.630362   1791.553705 -11235.107372              
VL51  -8110.479395  57982.537911  12878.781014              
*  2025  4 15  5 40   0.00000000                            
PL51  -4748.820704   2485.077112 -11063.306971              
VL51  -5918.777758  57569.259430  15747.622866              
*  2025  4 15  5 42   0.00000000                            
PL51  -4806.642321   3172.367324 -10857.349977              
VL51  -3717.402686  56943.854978  18570.080861              
*  2025  4 15  5 44   0.00000000                            
PL51  -4838.040750   3850.887037 -10617.845522              
VL51  -1516.625030  56107.827913  21337.421345              
*  2025  4 15  5 46   0.00000000                            
PL51  -4843.084729   4518.121851 -10345.506745              
VL51    673.300246  55063.491197  24041.047938              
*  2025  4 15  5 48   0.00000000                            
PL51  -4821.965738   5171.589962 -10041.148986              
VL51   2842.178014  53813.964433  26672.527964              
*  2025  4 15  5 50   0.00000000                            
PL51  -4774.997021   5808.851816  -9705.687662              
VL51   4979.917033  52363.167809  29223.618867              
*  2025  4 15  5 52   0.00000000                            
PL51  -4702.612074   6427.519656  -9340.135829              
VL51   7076.573930  50715.812885  31686.294534              
*  2025  4 15  5 54   0.00000000                            
PL51  -4605.362605   7025.266955  -8945.601427              
VL51   9122.396942  48877.390173  34052.771439              
*  2025  4 15  5 56   0.00000000                            
PL51  -4483.915978   7599.837667  -8523.284212              
VL51  11107.869223  46854.153464  36315.534517              
*  2025  4 15  5 58   0.00000000                            
PL51  -4339.052138   8149.055281  -8074.472383              
VL51  13023.751538  44653.100904  38467.362652              
*  2025  4 15  6  0   0.00000000                            
PL51  -4171.660020   8670.831616  -7600.538904              
VL51  14861.124131  42281.952774  40501.353696              
*  2025  4 15  6  2   0.00000000                            
PL51  -3982.733481   9163.175346  -7102.937528              
VL51  16611.427584  39749.126029  42410.948890              
*  2025  4 15  6  4   0.00000000                            
PL51  -3773.366724   9624.200183  -6583.198535              
VL51  18266.502442  37063.705582  44189.956575              
*  2025  4 15  6  6   0.00000000                            
PL51  -3544.749278  10052.132710  -6042.924184              
VL51  19818.627414  34235.412404  45832.575065              
*  2025  4 15  6  8   0.00000000                            
PL51  -3298.160513  10445.319804  -5483.783908              
VL51  21260.555928  31274.568506  47333.414581              
*  2025  4 15  6 10   0.00000000                            
PL51  -3034.963737  10802.235623  -4907.509239              
VL51  22585.550837  28192.058877  48687.518078              
*  2025  4 15  6 12   0.00000000                            
PL51  -2756.599879  11121.488120  -4315.888500              
VL51  23787.417068  24999.290505  49890.380874              
*  2025  4 15  6 14   0.00000000                            
PL51  -2464.580807  11401.825045  -3710.761263              
VL51  24860.532015  21708.148608  50937.968928              
*  2025  4 15  6 16   0.00000000                            
PL51  -2160.482284  11642.139410  -3094.012598              
VL51  25799.873475  18330.950247  51826.735648              
*  2025  4 15  6 18   0.00000000                            
PL51  -1845.936607  11841.474382  -2467.567137              
VL51  26601.044940  14880.395481  52553.637111              
*  2025  4 15  6 20   0.00000000                            
PL51  -1522.624964  11999.027568  -1833.382950              
VL51  27260.298074  11369.516302  53116.145559              
*  2025  4 15  6 22   0.00000000                            
PL51  -1192.269538  12114.154689  -1193.445286              
VL51  27774.552204   7811.623558  53512.261084              
*  2025  4 15  6 24   0.00000000                            
PL51   -856.625385  12186.372596   -549.760177              
VL51  28141.410683   4220.252125  53740.521376              
*  2025  4 15  6 26   0.00000000                            
PL51   -517.472155  12215.361621     95.652065              
VL51  28359.173984    609.104621  53800.009462              
*  2025  4 15  6 28   0.00000000                            
PL51   -176.605655  12200.967247    740.763425              
VL51  28426.849433  -3008.006076  53690.359351              
*  2025  4 15  6 30   0.00000000                            
PL51    164.170666  12143.201083   1383.544818              
VL51  28344.157484  -6617.215160  53411.759537              
*  2025  4 15  6 32   0.00000000                            
PL51    503.054304  12042.241130   2021.972760              
VL51  28111.534482 -10204.664796  52964.954309              
*  2025  4 15  6 34   0.00000000                            
PL51    838.252280  11898.431349   2654.036025              
VL51  27730.131864 -13756.563242  52351.242863              
*  2025  4 15  6 36   0.00000000                            
PL51   1167.989703  11712.280508   3277.742297              
VL51  27201.811809 -17259.243885  51572.476191              
*  2025  4 15  6 38   0.00000000                            
PL51   1490.518259  11484.460330   3891.124753              
VL51  26529.139318 -20699.223869  50631.051761              
*  2025  4 15  6 40   0.00000000                            
PL51   1804.124570  11215.802941   4492.248585              
VL51  25715.370779 -24063.262002  49529.906013              
*  2025  4 15  6 42   0.00000000                            
PL51   2107.138413  10907.297627   5079.217409              
VL51  24764.439055 -27338.415620  48272.504682              
*  2025  4 15  6 44   0.00000000                            
PL51   2397.940729  10560.086913   5650.179544              
VL51  23680.935184 -30512.096113  46862.831014              
*  2025  4 15  6 46   0.00000000                            
PL51   2674.971393  10175.461996   6203.334149              
VL51  22470.086778 -33572.122796  45305.371916              
*  2025  4 15  6 48   0.00000000                            
PL51   2936.736708   9754.857532   6736.937168              
VL51  21137.733250 -36506.774847  43605.102119              
*  2025  4 15  6 50   0.00000000                            
PL51   3181.816584   9299.845817   7249.307080              
VL51  19690.298008 -39304.841020  41767.466434              
*  2025  4 15  6 52   0.00000000                            
PL51   3408.871365   8812.130388   7738.830426              
VL51  18134.757781 -41955.666887  39798.360214              
*  2025  4 15  6 54   0.00000000                            
PL51   3616.648266   8293.539071   8203.967091              
VL51  16478.609260 -44449.199349  37704.108131              
*  2025  4 15  6 56   0.00000000                            
PL51   3803.987410   7746.016509   8643.255315              
VL51  14729.833239 -46776.028234  35491.441383              
*  2025  4 15  6 58   0.00000000                            
PL51   3969.827399   7171.616218   9055.316435              
VL51  12896.856485 -48927.424754  33167.473477              
*  2025  4 15  7  0   0.00000000                            
PL51   4113.210436   6572.492193   9438.859315              
VL51  10988.511530 -50895.376697  30739.674699              
*  2025  4 15  7  2   0.00000000                            
PL51   4233.286937   5950.890114   9792.684470              
VL51   9013.994632 -52672.620181  28215.845426              
*  2025  4 15  7  4   0.00000000                            
PL51   4329.319639   5309.138198  10115.687862              
VL51   6982.822123 -54252.667868  25604.088398              
*  2025  4 15  7  6   0.00000000                            
PL51   4400.687171   4649.637723  10406.864358              
VL51   4904.785388 -55629.833552  22912.780096              
*  2025  4 15  7  8   0.00000000                            
PL51   4446.887078   3974.853290  10665.310838              
VL51   2789.904706 -56799.253016  20150.541353              
*  2025  4 15  7 10   0.00000000                            
PL51   4467.538288   3287.302850  10890.228949              
VL51    648.382203 -57756.901145  17326.207337              
*  2025  4 15  7 12   0.00000000                            
PL51   4462.383007   2589.547553  11080.927493              
VL51  -1509.445847 -58499.605235  14448.797045              
*  2025  4 15  7 14   0.00000000                            
PL51   4431.288039   1884.181459  11236.824449              
VL51  -3673.157139 -59025.054516  11527.482424              
*  2025  4 15  7 16   0.00000000                            
PL51   4374.245533   1173.821153  11357.448621              
VL51  -5832.291633 -59331.805886   8571.557251              
*  2025  4 15  7 18   0.00000000                            
PL51   4291.373142    461.095320  11442.440914              
VL51  -7976.399801 -59419.285886   5590.405887              
*  2025  4 15  7 20   0.00000000                            
PL51   4182.913610   -251.365685  11491.555233              
VL51 -10095.090609 -59287.788977   2593.472021              
*  2025  4 15  7 22   0.00000000                            
PL51   4049.233786   -960.940221  11504.659005              
VL51 -12178.079005 -58938.472152   -409.772504              
*  2025  4 15  7 24   0.00000000                            
PL51   3890.823068  -1665.025666  11481.733335              
VL51 -14215.232716 -58373.345978  -3409.858662              
*  2025  4 15  7 26   0.00000000                            
PL51   3708.291295  -2361.048583  11422.872785              
VL51 -16196.618131 -57595.262131  -6397.350924              
*  2025  4 15  7 28   0.00000000                            
PL51   3502.366094  -3046.474726  11328.284791              
VL51 -18112.545086 -56607.897529  -9362.877538              
*  2025  4 15  7 30   0.00000000                            
PL51   3273.889693  -3718.818827  11198.288719              
VL51 -19953.610354 -55415.735174 -12297.160330              
*  2025  4 15  7 32   0.00000000                            
PL51   3023.815227  -4375.654143  11033.314564              
VL51 -21710.739652 -54024.041815 -15191.043910              
*  2025  4 15  7 34   0.00000000                            
PL51   2753.202548  -5014.621708  10833.901306              
VL51 -23375.228005 -52438.842577 -18035.524215              
*  2025  4 15  7 36   0.00000000                            
PL51   2463.213556  -5633.439268  10600.694927              
VL51 -24938.778297 -50666.892706 -20821.776296              
*  2025  4 15  7 38   0.00000000                            
PL51   2155.107085  -6229.909858  10334.446098              
VL51 -26393.537862 -48715.646572 -23541.181273              
*  2025  4 15  7 40   0.00000000                            
PL51   1830.233363  -6801.929995  10036.007549              
VL51 -27732.132986 -46593.224107 -26185.352398              
*  2025  4 15  7 42   0.00000000                            
PL51   1490.028063  -7347.497449   9706.331134              
VL51 -28947.701184 -44308.374845 -28746.160158              
*  2025  4 15  7 44   0.00000000                            
PL51   1136.005993  -7864.718573   9346.464595              
VL51 -30033.921143 -41870.439726 -31215.756362              
*  2025  4 15  7 46   0.00000000                            
PL51    769.754429  -8351.815158   8957.548049              
VL51 -30985.040230 -39289.310847 -33586.597173              
*  2025  4 15  7 48   0.00000000                            
PL51    392.926140  -8807.130799   8540.810203              
VL51 -31795.899457 -36575.389324 -35851.465020              
*  2025  4 15  7 50   0.00000000                            
PL51      7.232129  -9229.136738   8097.564314              
VL51 -32461.955823 -33739.541452 -38003.489352              
*  2025  4 15  7 52   0.00000000                            
PL51   -385.565880  -9616.437181   7629.203902              
VL51 -32979.301960 -30793.053339 -40036.166186              
*  2025  4 15  7 54   0.00000000                            
PL51   -783.663176  -9967.774049   7137.198247              
VL51 -33344.682993 -27747.584203 -41943.376390              
*  2025  4 15  7 56   0.00000000                            
PL51  -1185.219975 -10282.031177   6623.087662              
VL51 -33555.510586 -24615.118530 -43719.402674              
*  2025  4 15  7 58   0.00000000                            
PL51  -1588.369490 -10558.237920   6088.478577              
VL51 -33609.874108 -21407.917285 -45358.945235              
*  2025  4 15  8  0   0.00000000                            
PL51  -1991.226113 -10795.572176   5535.038443              
VL51 -33506.548893 -18138.468385 -46857.136024              
*  2025  4 15  8  2   0.00000000                            
PL51  -2391.893688 -10993.362811   4964.490474              
VL51 -33245.001584 -14819.436625 -48209.551602              
*  2025  4 15  8  4   0.00000000                            
PL51  -2788.473817 -11151.091477   4378.608238              
VL51 -32825.392541 -11463.613287 -49412.224555              
*  2025  4 15  8  6   0.00000000                            
PL51  -3179.074189 -11268.393828   3779.210125              
VL51 -32248.575335  -8083.865605 -50461.653451              
*  2025  4 15  8  8   0.00000000                            
PL51  -3561.816879 -11345.060128   3168.153704              
VL51 -31516.093344  -4693.086327 -51354.811313              
*  2025  4 15  8 10   0.00000000                            
PL51  -3934.846592 -11381.035255   2547.329984              
VL51 -30630.173490  -1304.143553 -52089.152610              
*  2025  4 15  8 12   0.00000000                            
PL51  -4296.338812 -11376.418110   1918.657607              
VL51 -29593.717157   2070.168946 -52662.618754              
*  2025  4 15  8 14   0.00000000                            
PL51  -4644.507829 -11331.460425   1284.076971              
VL51 -28410.288364   5417.180734 -53073.642110              
*  2025  4 15  8 16   0.00000000                            
PL51  -4977.614609 -11246.564999    645.544329              
VL51 -27084.099248   8724.392848 -53321.148539              
*  2025  4 15  8 18   0.00000000                            
PL51  -5293.974462 -11122.283352      5.025856              
VL51 -25619.992954  11979.524899 -53404.558467              
*  2025  4 15  8 20   0.00000000                            
PL51  -5591.964511 -10959.312826   -635.508283              
VL51 -24023.424007  15170.560964 -53323.786528              
*  2025  4 15  8 22   0.00000000                            
PL51  -5870.030888 -10758.493147  -1274.089857              
VL51 -22300.436261  18285.794100 -53079.239781              
*  2025  4 15  8 24   0.00000000                            
PL51  -6126.695669 -10520.802452  -1908.758461              
VL51 -20457.638548  21313.869334 -52671.814539              
*  2025  4 15  8 26   0.00000000                            
PL51  -6360.563493 -10247.352820  -2537.567355              
VL51 -18502.178117  24243.824970 -52102.891841              
*  2025  4 15  8 28   0.00000000                            
PL51  -6570.327855  -9939.385310  -3158.589254              
VL51 -16441.711998  27065.132090 -51374.331597              
*  2025  4 15  8 30   0.00000000                            
PL51  -6754.777041  -9598.264546  -3769.922030              
VL51 -14284.376417  29767.732103 -50488.465453              
*  2025  4 15  8 32   0.00000000                            
PL51  -6912.799685  -9225.472853  -4369.694324              
VL51 -12038.754386  32342.072232 -49448.088414              
*  2025  4 15  8 34   0.00000000                            
PL51  -7043.389929  -8822.603984  -4956.071048              
VL51  -9713.841621  34779.138846 -48256.449277              
*  2025  4 15  8 36   0.00000000                            
PL51  -7145.652162  -8391.356470  -5527.258771              
VL51  -7319.010913  37070.488512 -46917.239929              
*  2025  4 15  8 38   0.00000000                            
PL51  -7218.805326  -7933.526591  -6081.510965              
VL51  -4863.975104  39208.276727 -45434.583556              
*  2025  4 15  8 40   0.00000000                            
PL51  -7262.186763  -7451.001040  -6617.133105              
VL51  -2358.748804  41185.284229 -43813.021822              
*  2025  4 15  8 42   0.00000000                            
PL51  -7275.255607  -6945.749265  -7132.487605              
VL51    186.390998  42994.940846 -42057.501068              
*  2025  4 15  8 44   0.00000000                            
PL51  -7257.595690  -6419.815557  -7625.998593              
VL51   2760.945309  44631.346841 -40173.357578              
*  2025  4 15  8 46   0.00000000                            
PL51  -7208.917956  -5875.310882  -8096.156494              
VL51   5354.234327  46089.291699 -38166.301972              
*  2025  4 15  8 48   0.00000000                            
PL51  -7129.062382  -5314.404520  -8541.522425              
VL51   7955.439336  47364.270338 -36042.402760              
*  2025  4 15  8 50   0.00000000                            
PL51  -7017.999394  -4739.315504  -8960.732384              
VL51  10553.645159  48452.496734 -33808.069104              
*  2025  4 15  8 52   0.00000000                            
PL51  -6875.830761  -4152.303933  -9352.501236              
VL51  13137.883028  49350.914910 -31470.032840              
*  2025  4 15  8 54   0.00000000                            
PL51  -6702.789986  -3555.662153  -9715.626471              
VL51  15697.173721  50057.207316 -29035.329791              
*  2025  4 15  8 56   0.00000000                            
PL51  -6499.242167  -2951.705858 -10048.991735              
VL51  18220.570874  50569.800581 -26511.280414              
*  2025  4 15  8 58   0.00000000                            
PL51  -6265.683347  -2342.765144 -10351.570128              
VL51  20697.204279  50887.868649 -23905.469818              
*  2025  4 15  9  0   0.00000000                            
PL51  -6002.739335  -1731.175529 -10622.427258              
VL51  23116.323086  51011.333301 -21225.727194              
*  2025  4 15  9  2   0.00000000                            
PL51  -5711.164023  -1119.268992 -10860.724039              
VL51  25467.338742  50940.862087 -18480.104677              
*  2025  4 15  9  4   0.00000000                            
PL51  -5391.837176   -509.365050 -11065.719245              
VL51  27739.867567  50677.863684 -15676.855690              
*  2025  4 15  9  6   0.00000000                            
PL51  -5045.761724     96.238096 -11236.771784              
VL51  29923.772819  50224.480710 -12824.412779              
*  2025  4 15  9  8   0.00000000                            
PL51  -4674.060550    695.272315 -11373.342719              
VL51  32009.206140  49583.580016  -9931.364977              
*  2025  4 15  9 10   0.00000000                            
PL51  -4277.972781   1285.508163 -11474.997003              
VL51  33986.648250  48758.740490  -7006.434711              
*  2025  4 15  9 12   0.00000000                            
PL51  -3858.849603   1864.763340 -11541.404944              
VL51  35846.948760  47754.238408  -4058.454279              
*  2025  4 15  9 14   0.00000000                            
PL51  -3418.149597   2430.910966 -11572.343374              
VL51  37581.364988  46575.030353  -1096.341901              
*  2025  4 15  9 16   0.00000000                            
PL51  -2957.433623   2981.887623 -11567.696540              
VL51  39181.599636  45226.733750   1870.922610              
*  2025  4 15  9 18   0.00000000                            
PL51  -2478.359253   3515.701160 -11527.456692              
VL51  40639.837204  43715.605050   4834.322561              
*  2025  4 15  9 20   0.00000000                            
PL51  -1982.674777   4030.438216 -11451.724377              
VL51  41948.778999  42048.515599   7784.829438              
*  2025  4 15  9 22   0.00000000                            
PL51  -1472.212801   4524.271449 -11340.708427              
VL51  43101.676609  40232.925243  10713.428288              
*  2025  4 15  9 24   0.00000000                            
PL51   -948.883452   4995.466421 -11194.725646              
VL51  44092.363692  38276.853707  13611.143390              
*  2025  4 15  9 26   0.00000000                            
PL51   -414.667208   5442.388136 -11014.200179              
VL51  44915.285943  36188.849823  16469.064179              
*  2025  4 15  9 28   0.00000000                            
PL51    128.392615   5863.507199 -10799.662579              
VL51  45565.529085  33977.958634  19278.371385              
*  2025  4 15  9 30   0.00000000                            
PL51    678.197698   6257.405557 -10551.748549              
VL51  46038.844742  31653.686485  22030.363331              
*  2025  4 15  9 32   0.00000000                            
PL51   1232.602857   6622.781816 -10271.197377              
VL51  46331.674041  29225.964141  24716.482328              
*  2025  4 15  9 34   0.00000000                            
PL51   1789.424448   6958.456109  -9958.850043              
VL51  46441.168794  26705.108046  27328.341122              
*  2025  4 15  9 36   0.00000000                            
PL51   2346.449004   7263.374474  -9615.647025              
VL51  46365.210122  24101.779808  29857.749293              
*  2025  4 15  9 38   0.00000000                            
PL51   2901.442090   7536.612753  -9242.625768              
VL51  46102.424369  21426.944032  32296.739556              
*  2025  4 15  9 40   0.00000000                            
PL51   3452.157324   7777.379962  -8840.917858              
VL51  45652.196172  18691.824611  34637.593848              
*  2025  4 15  9 42   0.00000000                            
PL51   3996.345544   7985.021134  -8411.745874              
VL51  45014.678559  15907.859617  36872.869129              
*  2025  4 15  9 44   0.00000000                            
PL51   4531.764069   8159.019613  -7956.419931              
VL51  44190.799937  13086.654948  38995.422778              
*  2025  4 15  9 46   0.00000000                            
PL51   5056.186031   8298.998784  -7476.333931              
VL51  43182.267882  10239.936879  40998.437485              
*  2025  4 15  9 48   0.00000000                            
PL51   5567.409736   8404.723229  -6972.961509              
VL51  41991.569601   7379.503708  42875.445517              
*  2025  4 15  9 50   0.00000000                            
PL51   6063.267996   8476.099297  -6447.851698              
VL51  40621.968993   4517.176677  44620.352238              
*  2025  4 15  9 52   0.00000000                            
PL51   6541.637423   8513.175079  -5902.624312              
VL51  39077.500242   1664.750385  46227.458758              
*  2025  4 15  9 54   0.00000000                            
PL51   7000.447612   8516.139794  -5338.965073              
VL51  37362.957879  -1166.057108  47691.483582              
*  2025  4 15  9 56   0.00000000                            
PL51   7437.690190   8485.322569  -4758.620469              
VL51  35483.883277  -3963.654232  49007.583133              
*  2025  4 15  9 58   0.00000000                            
PL51   7851.427676   8421.190622  -4163.392388              
VL51  33446.547590  -6716.625696  50171.371009              
*  2025  4 15 10  0   0.00000000                            
PL51   8239.802121   8324.346847  -3555.132522              
VL51  31257.931120  -9413.781862  51178.935861              
*  2025  4 15 10  2   0.00000000                            
PL51   8601.043476   8195.526820  -2935.736566              
VL51  28925.699171 -12044.207431  52026.857764              
*  2025  4 15 10  4   0.00000000                            
PL51   8933.477648   8035.595211  -2307.138231              
VL51  26458.174435 -14597.309222  52712.222961              
*  2025  4 15 10  6   0.00000000                            
PL51   9235.534210   7845.541645  -1671.303089              
VL51  23864.306003 -17062.862740  53232.636868              
*  2025  4 15 10  8   0.00000000                            
PL51   9505.753710   7626.476001  -1030.222278              
VL51  21153.635107 -19431.057307  53586.235250              
*  2025  4 15 10 10   0.00000000                            
PL51   9742.794559   7379.623185   -385.906075              
VL51  18336.257737 -21692.539479  53771.693458              
*  2025  4 15 10 12   0.00000000                            
PL51   9945.439449   7106.317394    259.622621              
VL51  15422.784266 -23838.454515  53788.233665              
*  2025  4 15 10 14   0.00000000                            
PL51  10112.601266   6807.995889    904.334885              
VL51  12424.296298 -25860.485630  53635.630005              
*  2025  4 15 10 16   0.00000000                            
PL51  10243.328479   6486.192324   1546.202410              
VL51   9352.300911 -27750.890821  53314.211584              
*  2025  4 15 10 18   0.00000000                            
PL51  10336.809952   6142.529632   2183.204173              
VL51   6218.682548 -29502.537021  52824.863297              
*  2025  4 15 10 20   0.00000000                            
PL51  10392.379176   5778.712534   2813.333097              
VL51   3035.652780 -31108.931398  52169.024428              
*  2025  4 15 10 22   0.00000000                            
PL51  10409.517888   5396.519678   3434.602687              
VL51   -184.301771 -32564.249574  51348.685026              
*  2025  4 15 10 24   0.00000000                            
PL51  10387.859042   4997.795470   4045.053607              
VL51  -3428.473089 -33863.360629  50366.380053              
*  2025  4 15 10 26   0.00000000                            
PL51  10327.189147   4584.441616   4642.760167              
VL51  -6683.986696 -35001.848711  49225.181322              
*  2025  4 15 10 28   0.00000000                            
PL51  10227.449922   4158.408427   5225.836713              
VL51  -9937.857557 -35976.031142  47928.687278              
*  2025  4 15 10 30   0.00000000                            
PL51  10088.739289   3721.685936   5792.443869              
VL51 -13177.046652 -36782.972917  46481.010653              
*  2025  4 15 10 32   0.00000000                            
PL51   9911.311677   3276.294853   6340.794628              
VL51 -16388.517909 -37420.497509  44886.764080              
*  2025  4 15 10 34   0.00000000                            
PL51   9695.577646   2824.277417   6869.160254              
VL51 -19559.295179 -37887.193943  43151.043747              
*  2025  4 15 10 36   0.00000000                            
PL51   9442.102825   2367.688187   7375.875974              
VL51 -22676.518952 -38182.420113  41279.411171              
*  2025  4 15 10 38   0.00000000                            
PL51   9151.606177   1908.584818   7859.346449              
VL51 -25727.502511 -38306.302337  39277.873223              
*  2025  4 15 10 40   0.00000000                            
PL51   8824.957593   1449.018852   8318.050984              
VL51 -28699.787235 -38259.731187  37152.860483              
*  2025  4 15 10 42   0.00000000                            
PL51   8463.174824    991.026601   8750.548480              
VL51 -31581.196767 -38044.353636  34911.204082              
*  2025  4 15 10 44   0.00000000                            
PL51   8067.419782    536.620128   9155.482094              
VL51 -34359.889778 -37662.561597  32560.111125              
*  2025  4 15 10 46   0.00000000                            
PL51   7638.994208     87.778396   9531.583592              
VL51 -37024.411066 -37117.476965  30107.138855              
*  2025  4 15 10 48   0.00000000                            
PL51   7179.334741   -353.561383   9877.677396              
VL51 -39563.740765 -36412.933242  27560.167672              
*  2025  4 15 10 50   0.00000000                            
PL51   6690.007410   -785.512162  10192.684292              
VL51 -41967.341423 -35553.453923  24927.373158              
*  2025  4 15 10 52   0.00000000                            
PL51   6172.701573  -1206.245196  10475.624800              
VL51 -44225.202763 -34544.227752  22217.197235              
*  2025  4 15 10 54   0.00000000                            
PL51   5629.223338  -1613.997856  10725.622192              
VL51 -46327.883928 -33391.081036  19438.318585              
*  2025  4 15 10 56   0.00000000                            
PL51   5061.488487  -2007.081106  10941.905157              
VL51 -48266.553045 -32100.447174  16599.622473              
*  2025  4 15 10 58   0.00000000                            
PL51   4471.514942  -2383.886588  11123.810092              
VL51 -50033.023941 -30679.333599  13710.170096              
*  2025  4 15 11  0   0.00000000                            
PL51   3861.414820  -2742.893301  11270.783029              
VL51 -51619.789892 -29135.286309  10779.167590              
*  2025  4 15 11  2   0.00000000                            
PL51   3233.386082  -3082.673841  11382.381187              
VL51 -53020.054263 -27476.352210   7815.934818              
*  2025  4 15 11  4   0.00000000                            
PL51   2589.703855  -3401.900174  11458.274150              
VL51 -54227.757944 -25711.039463   4829.874074              
*  2025  4 15 11  6   0.00000000                            
PL51   1932.711422  -3699.348925  11498.244669              
VL51 -55237.603513 -23848.276069   1830.438814              
*  2025  4 15 11  8   0.00000000                            
PL51   1264.810962  -3973.906162  11502.189084              
VL51 -56045.076046 -21897.366899  -1172.897466              
*  2025  4 15 11 10   0.00000000                            
PL51    588.454051  -4224.571649  11470.117386              
VL51 -56646.460540 -19867.949402  -4170.672092              
*  2025  4 15 11 12   0.00000000                            
PL51    -93.868031  -4450.462570  11402.152899              
VL51 -57038.855922 -17769.948211  -7153.463734              
*  2025  4 15 11 14   0.00000000                            
PL51   -779.634124  -4650.816697  11298.531605              
VL51 -57220.185639 -15613.528866 -10111.922473              
*  2025  4 15 11 16   0.00000000                            
PL51  -1466.303139  -4824.994998  11159.601108              
VL51 -57189.204817 -13409.050867 -13036.799362              
*  2025  4 15 11 18   0.00000000                            
PL51  -2151.324055  -4972.483684  10985.819249              
VL51 -56945.504006 -11167.020281 -15918.975375              
*  2025  4 15 11 20   0.00000000                            
PL51  -2832.145955  -5092.895678  10777.752374              
VL51 -56489.509528  -8898.042088 -18749.489709              
*  2025  4 15 11 22   0.00000000                            
PL51  -3506.228040  -5185.971518  10536.073274              
VL51 -55822.480452  -6612.772493 -21519.567336              
*  2025  4 15 11 24   0.00000000                            
PL51  -4171.049586  -5251.579688  10261.558790              
VL51 -54946.502220  -4321.871386 -24220.645754              
*  2025  4 15 11 26   0.00000000                            
PL51  -4824.119804  -5289.716374   9955.087107              
VL51 -53864.476981  -2035.955164 -26844.400868              
*  2025  4 15 11 28   0.00000000                            
PL51  -5462.987569  -5300.504665   9617.634746              
VL51 -52580.110688    234.449897 -29382.771904              
*  2025  4 15 11 30   0.00000000                            
PL51  -6085.250973  -5284.193197   9250.273255              
VL51 -51097.897027   2478.953519 -31827.985317              
*  2025  4 15 11 32   0.00000000                            
PL51  -6688.566663  -5241.154245   8854.165629              
VL51 -49423.098276   4687.346366 -34172.577604              
*  2025  4 15 11 34   0.00000000                            
PL51  -7270.658935  -5171.881293   8430.562453              
VL51 -47561.723192   6849.643854 -36409.416974              
*  2025  4 15 11 36   0.00000000                            
PL51  -7829.328547  -5076.986077   7980.797802              
VL51 -45520.502044   8956.128677 -38531.723824              
*  2025  4 15 11 38   0.00000000                            
PL51  -8362.461211  -4957.195131   7506.284897              
VL51 -43306.858909  10997.391855 -40533.089966              
*  2025  4 15 11 40   0.00000000                            
PL51  -8868.035742  -4813.345848   7008.511536              
VL51 -40928.881370  12964.372168 -42407.496578              
*  2025  4 15 11 42   0.00000000                            
PL51  -9344.131823  -4646.382083   6489.035325              
VL51 -38395.287743  14848.393809 -44149.330827              
*  2025  4 15 11 44   0.00000000                            
PL51  -9788.937368  -4457.349305   5949.478710              
VL51 -35715.391994  16641.202135 -45753.401149              
*  2025  4 15 11 46   0.00000000                            
PL51 -10200.755445  -4247.389344   5391.523838              
VL51 -32899.066472  18334.997357 -47214.951140              
*  2025  4 15 11 48   0.00000000                            
PL51 -10578.010749  -4017.734738   4816.907260              
VL51 -29956.702639  19922.466081 -48529.672029              
*  2025  4 15 11 50   0.00000000                            
PL51 -10919.255577  -3769.702723   4227.414488              
VL51 -26899.169958  21396.810558 -49693.713728              
*  2025  4 15 11 52   0.00000000                            
PL51 -11223.175320  -3504.688874   3624.874437              
VL51 -23737.773094  22751.775551 -50703.694410              
*  2025  4 15 11 54   0.00000000                            
PL51 -11488.593413  -3224.160456   3011.153751              
VL51 -20484.207647  23981.672732 -51556.708620              
*  2025  4 15 11 56   0.00000000                            
PL51 -11714.475755  -2929.649477   2388.151049              
VL51 -17150.514570  25081.402515 -52250.333896              
*  2025  4 15 11 58   0.00000000                            
PL51 -11899.934578  -2622.745513   1757.791094              
VL51 -13749.033468  26046.473268 -52782.635907              
*  2025  4 15 12  0   0.00000000                            
PL51 -12044.231742  -2305.088307   1122.018914              
VL51 -10292.355001  26873.017843 -53152.172095              
*  2025  4 15 12  2   0.00000000                            
PL51 -12146.781462  -1978.360191    482.793885              
VL51  -6793.272556  27557.807377 -53357.993850              
*  2025  4 15 12  4   0.00000000                            
PL51 -12207.152443  -1644.278356   -157.916202              
VL51  -3264.733400  28098.262342 -53399.647213              
*  2025  4 15 12  6   0.00000000                            
PL51 -12225.069437  -1304.587010   -798.141072              
VL51    280.210487  28492.460821 -53277.172151              
*  2025  4 15 12  8   0.00000000                            
PL51 -12200.414201   -961.049447  -1435.913885              
VL51   3828.451721  28739.144010 -52991.100414              
*  2025  4 15 12 10   0.00000000                            
PL51 -12133.225865   -615.440077  -2069.277114              
VL51   7366.876770  28837.718947 -52542.452017              
*  2025  4 15 12 12   0.00000000                            
PL51 -12023.700717   -269.536425  -2696.288380              
VL51  10882.414974  28788.258495 -51932.730371              
*  2025  4 15 12 14   0.00000000                            
PL51 -11872.191388     74.888838  -3315.026214              
VL51  14362.087162  28591.498599 -51163.916122              
*  2025  4 15 12 16   0.00000000                            
PL51 -11679.205471    416.075827  -3923.595741              
VL51  17793.053688  28248.832858 -50238.459706              
*  2025  4 15 12 18   0.00000000                            
PL51 -11445.403563    752.285286  -4520.134269              
VL51  21162.661726  27762.304461 -49159.272690              
*  2025  4 15 12 20   0.00000000                            
PL51 -11171.596738   1081.806324  -5102.816760              
VL51  24458.491654  27134.595537 -47929.717924              
*  2025  4 15 12 22   0.00000000                            
PL51 -10858.743482   1402.964002  -5669.861188              
VL51  27668.402381  26369.013985 -46553.598559              
*  2025  4 15 12 24   0.00000000                            
PL51 -10507.946079   1714.126756  -6219.533742              
VL51  30780.575465  25469.477864 -45035.145975              
*  2025  4 15 12 26   0.00000000                            
PL51 -10120.446486   2013.713610  -6750.153896              
VL51  33783.557873  24440.497414 -43379.006682              
*  2025  4 15 12 28   0.00000000                            
PL51  -9697.621695   2300.201165  -7260.099300              
VL51  36666.303274  23287.154805 -41590.228239              
*  2025  4 15 12 30   0.00000000                            
PL51  -9240.978617   2572.130326  -7747.810507              
VL51  39418.211718  22015.081705 -39674.244248              
*  2025  4 15 12 32   0.00000000                            
PL51  -8752.148492   2828.112755  -8211.795513              
VL51  42029.167611  20630.434768 -37636.858480              
*  2025  4 15 12 34   0.00000000                            
PL51  -8232.880857   3066.837014  -8650.634093              
VL51  44489.575889  19139.869154 -35484.228183              
*  2025  4 15 12 36   0.00000000                            
PL51  -7685.037098   3287.074373  -9062.981947              
VL51  46790.396287  17550.510167 -33222.846620              
*  2025  4 15 12 38   0.00000000                            
PL51  -7110.583591   3487.684281  -9447.574617              
VL51  48923.175618  15869.923149 -30859.524891              
*  2025  4 15 12 40   0.00000000                            
PL51  -6511.584475   3667.619451  -9803.231192              
VL51  50880.078016  14106.081721 -28401.373071              
*  2025  4 15 12 42   0.00000000                            
PL51  -5890.194075   3825.930563 -10128.857779              
VL51  52653.913044  12267.334485 -25855.780707              
*  2025  4 15 12 44   0.00000000                            
PL51  -5248.648998   3961.770559 -10423.450736              
VL51  54238.161622  10362.370308 -23230.396715              
*  2025  4 15 12 46   0.00000000                            
PL51  -4589.259932   4074.398509 -10686.099661              
VL51  55626.999715   8400.182297 -20533.108694              
*  2025  4 15 12 48   0.00000000                            
PL51  -3914.403173   4163.183038 -10915.990128              
VL51  56815.319713   6390.030581 -17772.021705              
*  2025  4 15 12 50   0.00000000                            
PL51  -3226.511918   4227.605306 -11112.406171              
VL51  57798.749479   4341.404012 -14955.436523              
*  2025  4 15 12 52   0.00000000                            
PL51  -2528.067327   4267.261516 -11274.732494              
VL51  58573.668982   2263.980912 -12091.827393              
*  2025  4 15 12 54   0.00000000                            
PL51  -1821.589420   4281.864946 -11402.456421              
VL51  59137.224500    167.588972  -9189.819311              
*  2025  4 15 12 56   0.00000000                            
PL51  -1109.627801   4271.247500 -11495.169563              
VL51  59487.340324  -1937.835573  -6258.164844              
*  2025  4 15 12 58   0.00000000                            
PL51   -394.752269   4235.360760 -11552.569212              
VL51  59622.727932  -4042.289362  -3305.720511              
*  2025  4 15 13  0   0.00000000                            
PL51    320.456673   4174.276542 -11574.459439              
VL51  59542.892570  -6135.743817   -341.422733              
*  2025  4 15 13  2   0.00000000                            
PL51   1033.417368   4088.186947 -11560.751911              
VL51  59248.137209  -8208.187389   2625.736615              
*  2025  4 15 13  4   0.00000000                            
PL51   1741.556589   3977.403898 -11511.466407              
VL51  58739.563809 -10249.668021   5586.735029              
*  2025  4 15 13  6   0.00000000                            
PL51   2442.319120   3842.358173 -11426.731033              
VL51  58019.071872 -12250.335694   8532.544562              
*  2025  4 15 13  8   0.00000000                            
PL51   3133.177307   3683.597928 -11306.782135              
VL51  57089.354220 -14200.484892  11454.157318              
*  2025  4 15 13 10   0.00000000                            
PL51   3811.640533   3501.786703 -11151.963906              
VL51  55953.889971 -16090.596861  14342.611229              
*  2025  4 15 13 12   0.00000000                            
PL51   4475.264601   3297.700937 -10962.727678              
VL51  54616.934692 -17911.381491  17189.016068              
*  2025  4 15 13 14   0.00000000                            
PL51   5121.660980   3072.226967 -10739.630905              
VL51  53083.507681 -19653.818668  19984.579654              
*  2025  4 15 13 16   0.00000000                            
PL51   5748.505872   2826.357551 -10483.335826              
VL51  51359.376390 -21309.198938  22720.634188              
*  2025  4 15 13 18   0.00000000                            
PL51   6353.549091   2561.187897 -10194.607815              
VL51  49451.037949 -22869.163307  25388.662676              
*  2025  4 15 13 20   0.00000000                            
PL51   6934.622685   2277.911221  -9874.313414              
VL51  47365.697810 -24325.742013  27980.325352              
*  2025  4 15 13 22   0.00000000                            
PL51   7489.649302   1977.813854  -9523.418047              
VL51  45111.245505 -25671.392087  30487.486060              
*  2025  4 15 13 24   0.00000000                            
PL51   8016.650232   1662.269902  -9142.983418              
VL51  42696.227541 -26899.033532  32902.238479              
*  2025  4 15 13 26   0.00000000                            
PL51   8513.753116   1332.735475  -8734.164597              
VL51  40129.817456 -28002.083929  35216.932131              
*  2025  4 15 13 28   0.00000000                            
PL51   8979.199279    990.742525  -8298.206799              
VL51  37421.783089 -28974.491297  37424.198069              
*  2025  4 15 13 30   0.00000000                            
PL51   9411.350650    637.892288  -7836.441848              
VL51  34582.451118 -29810.765006  39516.974128              
*  2025  4 15 13 32   0.00000000                            
PL51   9808.696241    275.848376  -7350.284351              
VL51  31622.668941 -30506.004576  41488.529657              
*  2025  4 15 13 34   0.00000000                            
PL51  10169.858155    -93.670472  -6841.227570              
VL51  28553.763997 -31055.926173  43332.489592              
*  2025  4 15 13 36   0.00000000                            
PL51  10493.597091   -468.897927  -6310.839021              
VL51  25387.500650 -31456.886621  45042.857758              
*  2025  4 15 13 38   0.00000000                            
PL51  10778.817315   -848.027897  -5760.755786              
VL51  22136.034745 -31705.904763  46614.039277              
*  2025  4 15 13 40   0.00000000                            
PL51  11024.571074  -1229.222582  -5192.679572              
VL51  18811.866026 -31800.680016  48040.861946              
*  2025  4 15 13 42   0.00000000                            
PL51  11230.062432  -1610.620739  -4608.371513              
VL51  15427.788561 -31739.607952  49318.596465              
*  2025  4 15 13 44   0.00000000                            
PL51  11394.650488  -1990.346110  -4009.646742              
VL51  11996.839393 -31521.792779  50442.975367              
*  2025  4 15 13 46   0.00000000                            
PL51  11517.851981  -2366.515989  -3398.368744              
VL51   8532.245620 -31147.056602  51410.210550              
*  2025  4 15 13 48   0.00000000                            
PL51  11599.343245  -2737.249874  -2776.443501              
VL51   5047.370147 -30615.945338  52217.009269              
*  2025  4 15 13 50   0.00000000                            
PL51  11638.961507  -3100.678172  -2145.813467              
VL51   1555.656362 -29929.731219  52860.588468              
*  2025  4 15 13 52   0.00000000                            
PL51  11636.705519  -3454.950908  -1508.451368              
VL51  -1929.428007 -29090.411795  53338.687366              
*  2025  4 15 13 54   0.00000000                            
PL51  11592.735506  -3798.246413   -866.353872              
VL51  -5394.447562 -28100.705404  53649.578165              
*  2025  4 15 13 56   0.00000000                            
PL51  11507.372441  -4128.779921   -221.535139              
VL51  -8826.056147 -26964.043074  53792.074809              
*  2025  4 15 13 58   0.00000000                            
PL51  11381.096630  -4444.812060    423.979726              
VL51 -12211.053698 -25684.556854  53765.539696              
*  2025  4 15 14  0   0.00000000                            
PL51  11214.545621  -4744.657172   1068.161278              
VL51 -15536.442718 -24267.064607  53569.888286              
*  2025  4 15 14  2   0.00000000                            
PL51  11008.511438  -5026.691439   1708.982393              
VL51 -18789.484074 -22717.051304  53205.591539              
*  2025  4 15 14  4   0.00000000                            
PL51  10763.937147  -5289.360754   2344.424931              
VL51 -21957.751784 -21040.646899  52673.676154              
*  2025  4 15 14  6   0.00000000                            
PL51  10481.912783  -5531.188316   2972.486398              
VL51 -25029.186505 -19244.600884  51975.722575              
*  2025  4 15 14  8   0.00000000                            
PL51  10163.670630  -5750.781892   3591.186571              
VL51 -27992.147390 -17336.253639  51113.860769              
*  2025  4 15 14 10   0.00000000                            
PL51   9810.579900  -5946.840723   4198.574049              
VL51 -30835.462042 -15323.504740  50090.763781              
*  2025  4 15 14 12   0.00000000                            
PL51   9424.140826  -6118.162026   4792.732726              
VL51 -33548.474279 -13214.778379  48909.639100              
*  2025  4 15 14 14   0.00000000                            
PL51   9005.978188  -6263.647075   5371.788138              
VL51 -36121.089435 -11018.986089  47574.217876              
*  2025  4 15 14 16   0.00000000                            
PL51   8557.834317  -6382.306805   5933.913675              
VL51 -38543.816965  -8745.486975  46088.742048              
*  2025  4 15 14 18   0.00000000                            
PL51   8081.561610  -6473.266939   6477.336621              
VL51 -40807.810123  -6404.045668  44457.949447              
*  2025  4 15 14 20   0.00000000                            
PL51   7579.114574  -6535.772588   7000.344006              
VL51 -42904.902505  -4004.788245  42687.056966              
*  2025  4 15 14 22   0.00000000                            
PL51   7052.541465  -6569.192316   7501.288245              
VL51 -44827.641279  -1558.156337  40781.741880              
*  2025  4 15 14 24   0.00000000                            
PL51   6503.975541  -6573.021643   7978.592539              
VL51 -46569.316929    925.140299  38748.121427              
*  2025  4 15 14 26   0.00000000                            
PL51   5935.625979  -6546.885975   8430.756031              
VL51 -48123.989396   3434.172500  36592.730769              
*  2025  4 15 14 28   0.00000000                            
PL51   5349.768511  -6490.542932   8856.358671              
VL51 -49486.510492   5957.841426  34322.499438              
*  2025  4 15 14 30   0.00000000                            
PL51   4748.735797  -6403.884087   9254.065810              
VL51 -50652.542513   8484.929059  31944.726421              
*  2025  4 15 14 32   0.00000000                            
PL51   4134.907611  -6286.936092   9622.632471              
VL51 -51618.572987  11004.149172  29467.053997              
*  2025  4 15 14 34   0.00000000                            
PL51   3510.700872  -6139.861185   9960.907309              
VL51 -52381.925537  13504.198531  26897.440471              
*  2025  4 15 14 36   0.00000000                            
PL51   2878.559559  -5962.957088  10267.836233              
VL51 -52940.766842  15973.808060  24244.131949              
*  2025  4 15 14 38   0.00000000                            
PL51   2240.944577  -5756.656294  10542.465690              
VL51 -53294.109711  18401.793708  21515.633278              
*  2025  4 15 14 40   0.00000000                            
PL51   1600.323603  -5521.524743  10783.945585              
VL51 -53441.812321  20777.106791  18720.678304              
*  2025  4 15 14 42   0.00000000                            
PL51    959.160961  -5258.259896  10991.531857              
VL51 -53384.573667  23088.883551  15868.199575              
*  2025  4 15 14 44   0.00000000                            
PL51    319.907587  -4967.688230  11164.588669              
VL51 -53123.925313  25326.493724  12967.297627              
*  2025  4 15 14 46   0.00000000                            
PL51   -315.008905  -4650.762143  11302.590248              
VL51 -52662.219536  27479.587891  10027.209972              
*  2025  4 15 14 48   0.00000000                            
PL51   -943.193974  -4308.556313  11405.122334              
VL51 -52002.613978  29538.143414   7057.279915              
*  2025  4 15 14 50   0.00000000                            
PL51  -1562.295712  -3942.263505  11471.883267              
VL51 -51149.052931  31492.508765   4066.925309              
*  2025  4 15 14 52   0.00000000                            
PL51  -2170.014155  -3553.189864  11502.684691              
VL51 -50106.245383  33333.446064   1065.607358              
*  2025  4 15 14 54   0.00000000                            
PL51  -2764.110311  -3142.749700  11497.451891              
VL51 -48879.639988  35052.171663  -1937.200422              
*  2025  4 15 14 56   0.00000000                            
PL51  -3342.414870  -2712.459813  11456.223752              
VL51 -47475.397086  36640.394609  -4932.042996              
*  2025  4 15 14 58   0.00000000                            
PL51  -3902.836565  -2263.933352  11379.152359              
VL51 -45900.357960  38090.352843  -7909.514250              
*  2025  4 15 15  0   0.00000000                            
PL51  -4443.370145  -1798.873269  11266.502223              
VL51 -44162.011489  39394.846997 -10860.286988              
*  2025  4 15 15  2   0.00000000                            
PL51  -4962.103933  -1319.065374  11118.649162              
VL51 -42268.458367  40547.271666 -13775.142400              
*  2025  4 15 15  4   0.00000000                            
PL51  -5457.226941   -826.371034  10936.078826              
VL51 -40228.373096  41541.644038 -16644.998913              
*  2025  4 15 15  6   0.00000000                            
PL51  -5927.035521   -322.719542  10719.384878              
VL51 -38050.963905  42372.629792 -19460.940340              
*  2025  4 15 15  8   0.00000000                            
PL51  -6369.939515    189.899802  10469.266844              
VL51 -35745.930834  43035.566167 -22214.243264              
*  2025  4 15 15 10   0.00000000                            
PL51  -6784.467900    709.445880  10186.527645              
VL51 -33323.422134  43526.482132 -24896.403562              
*  2025  4 15 15 12   0.00000000                            
PL51  -7169.273897   1233.834157   9872.070805              
VL51 -30793.989226  43842.115596 -27499.162027              
*  2025  4 15 15 14   0.00000000                            
PL51  -7523.139532   1760.945280   9526.897364              
VL51 -28168.540384  43979.927609 -30014.529002              
*  2025  4 15 15 16   0.00000000                            
PL51  -7844.979634   2288.633825   9152.102505              
VL51 -25458.293375  43938.113509 -32434.807982              
*  2025  4 15 15 18   0.00000000                            
PL51  -8133.845263   2814.737160   8748.871894              
VL51 -22674.727240  43715.610996 -34752.618110              
*  2025  4 15 15 20   0.00000000                            
PL51  -8388.926551   3337.084384   8318.477770              
VL51 -19829.533424  43312.105119 -36960.915536              
*  2025  4 15 15 22   0.00000000                            
PL51  -8609.554954   3853.505315   7862.274770              
VL51 -16934.566477  42728.030164 -39053.013565              
*  2025  4 15 15 24   0.00000000                            
PL51  -8795.204914   4361.839470   7381.695538              
VL51 -14001.794499  41964.568473 -41022.601568              
*  2025  4 15 15 26   0.00000000                            
PL51  -8945.494924   4859.945025   6878.246096              
VL51 -11043.249556  41023.646187 -42863.762601              
*  2025  4 15 15 28   0.00000000                            
PL51  -9060.187998   5345.707696   6353.501028              
VL51  -8070.978255  39907.925978 -44570.989702              
*  2025  4 15 15 30   0.00000000                            
PL51  -9139.191552   5817.049523   5809.098465              
VL51  -5096.992676  38620.796792 -46139.200821              
*  2025  4 15 15 32   0.00000000                            
PL51  -9182.556696   6271.937504   5246.734906              
VL51  -2133.221861  37166.360662 -47563.752362              
*  2025  4 15 15 34   0.00000000                            
PL51  -9190.476950   6708.392062   4668.159880              
VL51    808.535963  35549.416681 -48840.451302              
*  2025  4 15 15 36   0.00000000                            
PL51  -9163.286394   7124.495299   4075.170474              
VL51   3716.660223  33775.442179 -49965.565863              
*  2025  4 15 15 38   0.00000000                            
PL51  -9101.457261   7518.399008   3469.605744              
VL51   6579.753733  31850.571232 -50935.834729              
*  2025  4 15 15 40   0.00000000                            
PL51  -9005.596984   7888.332412   2853.341019              
VL51   9386.687138  29781.570592 -51748.474776              
*  2025  4 15 15 42   0.00000000                            
PL51  -8876.444729   8232.609601   2228.282123              
VL51  12126.641907  27575.813138 -52401.187340              
*  2025  4 15 15 44   0.00000000                            
PL51  -8714.867409   8549.636630   1596.359534              
VL51  14789.151726  25241.248989 -52892.162975              
*  2025  4 15 15 46   0.00000000                            
PL51  -8521.855222   8837.918268    959.522491              
VL51  17364.142109  22786.374409 -53220.084763              
*  2025  4 15 15 48   0.00000000                            
PL51  -8298.516718   9096.064348    319.733069              
VL51  19841.968132  20220.198624 -53384.130127              
*  2025  4 15 15 50   0.00000000                            
PL51  -8046.073429   9322.795720   -321.039752              
VL51  22213.450118  17552.208713 -53383.971194              
*  2025  4 15 15 52   0.00000000                            
PL51  -7765.854085   9516.949759   -960.826023              
VL51  24469.907173  14792.332722 -53219.773719              
*  2025  4 15 15 54   0.00000000                            
PL51  -7459.288435   9677.485433  -1597.660733              
VL51  26603.188458  11950.901150 -52892.194577              
*  2025  4 15 15 56   0.00000000                            
PL51  -7127.900712   9803.487892  -2229.589682              
VL51  28605.702079   9038.606993 -52402.377868              
*  2025  4 15 15 58   0.00000000                            
PL51  -6773.302765   9894.172569  -2854.675296              
VL51  30470.441531   6066.464497 -51751.949672              
*  2025  4 15 16  0   0.00000000                            
PL51  -6397.186887   9948.888785  -3471.002376              
VL51  32191.009598   3045.766804 -50943.011481              
*  2025  4 15 16  2   0.00000000                            
PL51  -6001.318375   9967.122838  -4076.683751              
VL51  33761.639667    -11.957346 -49978.132377              
*  2025  4 15 16  4   0.00000000                            
PL51  -5587.527848   9948.500561  -4669.865844              
VL51  35177.214384  -3094.987673 -48860.339987              
*  2025  4 15 16  6   0.00000000                            
PL51  -5157.703354   9892.789360  -5248.734108              
VL51  36433.281651  -6191.457027 -47593.110291              
*  2025  4 15 16  8   0.00000000                            
PL51  -4713.782308   9799.899700  -5811.518342              
VL51  37526.067915  -9289.396487 -46180.356327              
*  2025  4 15 16 10   0.00000000                            
PL51  -4257.743282   9669.886059  -6356.497864              
VL51  38452.488757 -12376.780746 -44626.415849              
*  2025  4 15 16 12   0.00000000                            
PL51  -3791.597687   9502.947327  -6882.006525              
VL51  39210.156782 -15441.573626 -42936.038006              
*  2025  4 15 16 14   0.00000000                            
PL51  -3317.381371   9299.426669  -7386.437566              
VL51  39797.386813 -18471.773578 -41114.369067              
*  2025  4 15 16 16   0.00000000                            
PL51  -2837.146177   9059.810830  -7868.248288              
VL51  40213.198422 -21455.459024 -39166.937278              
*  2025  4 15 16 18   0.00000000                            
PL51  -2352.951485   8784.728912  -8325.964545              
VL51  40457.315816 -24380.833404 -37099.636856              
*  2025  4 15 16 20   0.00000000                            
PL51  -1866.855769   8474.950602  -8758.185032              
VL51  40530.165105 -27236.269809 -34918.711185              
*  2025  4 15 16 22   0.00000000                            
PL51  -1380.908202   8131.383869  -9163.585376              
VL51  40432.868997 -30010.355042 -32630.735254              
*  2025  4 15 16 24   0.00000000                            
PL51   -897.140346   7755.072143  -9540.921997              
VL51  40167.238944 -32691.932998 -30242.597355              
*  2025  4 15 16 26   0.00000000                            
PL51   -417.557940   7347.190970  -9889.035763              
VL51  39735.764810 -35270.147234 -27761.480103              
*  2025  4 15 16 28   0.00000000                            
PL51     55.867161   6909.044168 -10206.855402              
VL51  39141.602085 -37734.482595 -25194.840791              
*  2025  4 15 16 30   0.00000000                            
PL51    521.204887   6442.059485 -10493.400675              
VL51  38388.556713 -40074.805790 -22550.391134              
*  2025  4 15 16 32   0.00000000                            
PL51    976.574656   5947.783779 -10747.785307              
VL51  37481.067602 -42281.404789 -19836.076423              
*  2025  4 15 16 34   0.00000000                            
PL51   1420.152855   5427.877735 -10969.219659              
VL51  36424.186861 -44345.026931 -17060.054123              
*  2025  4 15 16 36   0.00000000                            
PL51   1850.180063   4884.110129 -11157.013149              
VL51  35223.557858 -46256.915639 -14230.671950              
*  2025  4 15 16 38   0.00000000                            
PL51   2264.968011   4318.351662 -11310.576394              
VL51  33885.391141 -48008.845621 -11356.445446              
*  2025  4 15 16 40   0.00000000                            
PL51   2662.906229   3732.568382 -11429.423093              
VL51  32416.438329 -49593.156464  -8446.035072              
*  2025  4 15 16 42   0.00000000                            
PL51   3042.468371   3128.814713 -11513.171621              
VL51  30823.964017 -51002.784500  -5508.222862              
*  2025  4 15 16 44   0.00000000                            
PL51   3402.218199   2509.226111 -11561.546349              
VL51  29115.715802 -52231.292849  -2551.888639              
*  2025  4 15 16 46   0.00000000                            
PL51   3740.815184   1876.011374 -11574.378672              
VL51  27299.892498 -53272.899519    414.014176              
*  2025  4 15 16 48   0.00000000                            
PL51   4057.019724   1231.444619 -11551.607745              
VL51  25385.110631 -54122.503467   3380.483125              
*  2025  4 15 16 50   0.00000000                            
PL51   4349.697945    577.856975 -11493.280923              
VL51  23380.369305 -54775.708516   6338.491637              
*  2025  4 15 16 52   0.00000000                            
PL51   4617.826078    -82.372019 -11399.553897              
VL51  21295.013542 -55228.845006   9279.014279              
*  2025  4 15 16 54   0.00000000                            
PL51   4860.494378   -746.823242 -11270.690530              
VL51  19138.696175 -55478.989087  12193.052296              
*  2025  4 15 16 56   0.00000000                            
PL51   5076.910584  -1413.047047 -11107.062380              
VL51  16921.338425 -55523.979540  15071.659426              
*  2025  4 15 16 58   0.00000000                            
PL51   5266.402899  -2078.572502 -10909.147916              
VL51  14653.089256 -55362.432017  17905.967932              
*  2025  4 15 17  0   0.00000000                            
PL51   5428.422471  -2740.916781 -10677.531417              
VL51  12344.283618 -54993.750591  20687.214826              
*  2025  4 15 17  2   0.00000000                            
PL51   5562.545370  -3397.594685 -10412.901558              
VL51  10005.399725 -54418.136512  23406.768216              
*  2025  4 15 17  4   0.00000000                            
PL51   5668.474046  -4046.128243 -10116.049679              
VL51   7647.015480 -53636.594049  26056.153732              
*  2025  4 15 17  6   0.00000000                            
PL51   5746.038262  -4684.056369  -9787.867733              
VL51   5279.764197 -52650.933342  28627.080947              
*  2025  4 15 17  8   0.00000000                            
PL51   5795.195490  -5308.944533  -9429.345924              
VL51   2914.289775 -51463.770144  31111.469724              
*  2025  4 15 17 10   0.00000000                            
PL51   5816.030763  -5918.394414  -9041.570025              
VL51    561.201491 -50078.522393  33501.476406              
*  2025  4 15 17 12   0.00000000                            
PL51   5808.755995  -6510.053487  -8625.718384              
VL51  -1768.971428 -48499.403531  35789.519739              
*  2025  4 15 17 14   0.00000000                            
PL51   5773.708740  -7081.624512  -8183.058621              
VL51  -4065.825254 -46731.412516  37968.306457              
*  2025  4 15 17 16   0.00000000                            
PL51   5711.350417  -7630.874887  -7714.944022              
VL51  -6319.127056 -44780.320485  40030.856406              
*  2025  4 15 17 18   0.00000000                            
PL51   5622.263994  -8155.645813  -7222.809634              
VL51  -8518.859644 -42652.654024  41970.527108              
*  2025  4 15 17 20   0.00000000                            
PL51   5507.151124  -8653.861243  -6708.168065              
VL51 -10655.265948 -40355.675044  43781.037649              
*  2025  4 15 17 22   0.00000000                            
PL51   5366.828769  -9123.536571  -6172.605010              
VL51 -12718.892642 -37897.357245  45456.491769              
*  2025  4 15 17 24   0.00000000                            
PL51   5202.225292  -9562.787013  -5617.774503              
VL51 -14700.632769 -35286.359204  46991.400036              
*  2025  4 15 17 26   0.00000000                            
PL51   5014.376057  -9969.835645  -5045.393899              
VL51 -16591.767172 -32531.994118  48380.700953              
*  2025  4 15 17 28   0.00000000                            
PL51   4804.418526 -10343.021065  -4457.238626              
VL51 -18384.004486 -29644.196269  49619.780894              
*  2025  4 15 17 30   0.00000000                            
PL51   4573.586900 -10680.804628  -3855.136693              
VL51 -20069.519476 -26633.484316  50704.492716              
*  2025  4 15 17 32   0.00000000                            
PL51   4323.206305 -10981.777221  -3240.962992              
VL51 -21640.989498 -23510.921513  51631.172925              
*  2025  4 15 17 34   0.00000000                            
PL51   4054.686547 -11244.665543  -2616.633394              
VL51 -23091.628852 -20288.073009  52396.657277              
*  2025  4 15 17 36   0.00000000                            
PL51   3769.515479 -11468.337863  -1984.098674              
VL51 -24415.220830 -16976.960399  52998.294685              
*  2025  4 15 17 38   0.00000000                            
PL51   3469.251991 -11651.809210  -1345.338282              
VL51 -25606.147241 -13590.013715  53433.959330              
*  2025  4 15 17 40   0.00000000                            
PL51   3155.518664 -11794.245969   -702.353973              
VL51 -26659.415227 -10140.021076  53702.060881              
*  2025  4 15 17 42   0.00000000                            
PL51   2829.994122 -11894.969873    -57.163330              
VL51 -27570.681188  -6640.076238  53801.552716              
*  2025  4 15 17 44   0.00000000                            
PL51   2494.405109 -11953.461344    588.206796              
VL51 -28336.271658  -3103.524299  53731.938098              
*  2025  4 15 17 46   0.00000000                            
PL51   2150.518341 -11969.362172   1231.726916              
VL51 -28953.200986    456.094167  53493.274208              
*  2025  4 15 17 48   0.00000000                            
PL51   1800.132160 -11942.477522   1871.371561              
VL51 -29419.185685   4025.100252  53086.174018              
*  2025  4 15 17 50   0.00000000                            
PL51   1445.068042 -11872.777248   2505.125950              
VL51 -29732.655364   7589.734829  52511.805945              
*  2025  4 15 17 52   0.00000000                            
PL51   1087.161990 -11760.396499   3130.992647              
VL51 -29892.760141  11136.217327  51771.891282              
*  2025  4 15 17 54   0.00000000                            
PL51    728.255860 -11605.635624   3746.998164              
VL51 -29899.374490  14650.804842  50868.699393              
*  2025  4 15 17 56   0.00000000                            
PL51    370.188667 -11408.959366   4351.199499              
VL51 -29753.097482  18119.851250  49805.040700              
*  2025  4 15 17 58   0.00000000                            
PL51     14.787904 -11170.995347   4941.690578              
VL51 -29455.249409  21529.866015  48584.257478              
*  2025  4 15 18  0   0.00000000                            
PL51   -336.139073 -10892.531850   5516.608568              
VL51 -29007.864816  24867.572340  47210.212521              
*  2025  4 15 18  2   0.00000000                            
PL51   -680.813560 -10574.514910   6074.140050              
VL51 -28413.681961  28119.964368  45687.275728              
*  2025  4 15 18  4   0.00000000                            
PL51  -1017.493863 -10218.044727   6612.527006              
VL51 -27676.128791  31274.363112  44020.308688              
*  2025  4 15 18  6   0.00000000                            
PL51  -1344.483477  -9824.371414   7130.072625              
VL51 -26799.305503  34318.470816  42214.647363              
*  2025  4 15 18  8   0.00000000                            
PL51  -1660.139030  -9394.890109   7625.146878              
VL51 -25787.963809  37240.423474  40276.082950              
*  2025  4 15 18 10   0.00000000                            
PL51  -1962.877964  -8931.135459   8096.191857              
VL51 -24647.483030  40028.841235  38210.841040              
*  2025  4 15 18 12   0.00000000                            
PL51  -2251.185902  -8434.775524   8541.726857              
VL51 -23383.843169  42672.876441  36025.559192              
*  2025  4 15 18 14   0.00000000                            
PL51  -2523.623686  -7907.605114   8960.353177              
VL51 -22003.595119  45162.259078  33727.263036              
*  2025  4 15 18 16   0.00000000                            
PL51  -2778.834032  -7351.538600   9350.758627              
VL51 -20513.828207  47487.339418  31323.341047              
*  2025  4 15 18 18   0.00000000                            
PL51  -3015.547786  -6768.602226   9711.721723              
VL51 -18922.135243  49639.127676  28821.518114              
*  2025  4 15 18 20   0.00000000                            
PL51  -3232.589742  -6160.925972  10042.115561              
VL51 -17236.575296  51609.330507  26229.828046              
*  2025  4 15 18 22   0.00000000                            
PL51  -3428.884007  -5530.734989  10340.911356              
VL51 -15465.634401  53390.384218  23556.585153              
*  2025  4 15 18 24   0.00000000                            
PL51  -3603.458874  -4880.340666  10607.181632              
VL51 -13618.184433  54975.484556  20810.355037              
*  2025  4 15 18 26   0.00000000                            
PL51  -3755.451205  -4212.131352  10840.103057              
VL51 -11703.440343  56358.613003  17999.924722              
*  2025  4 15 18 28   0.00000000                            
PL51  -3884.110276  -3528.562789  11038.958921              
VL51  -9730.916025  57534.559474  15134.272253              
*  2025  4 15 18 30   0.00000000                            
PL51  -3988.801098  -2832.148292  11203.141243              
VL51  -7710.378999  58498.941377  12222.535895              
*  2025  4 15 18 32   0.00000000                            
PL51  -4069.007186  -2125.448724  11332.152508              
VL51  -5651.804182  59248.218990   9273.983049              
*  2025  4 15 18 34   0.00000000                            
PL51  -4124.332761  -1411.062307  11425.607028              
VL51  -3565.326949  59779.707119   6297.979010              
*  2025  4 15 18 36   0.00000000                            
PL51  -4154.504395   -691.614315  11483.231928              
VL51  -1461.195735  60091.583062   3303.955697              
*  2025  4 15 18 38   0.00000000                            
PL51  -4159.372082     30.253301  11504.867761              
VL51    650.275610  60182.890867    301.380453              
*  2025  4 15 18 40   0.00000000                            
PL51  -4138.909737    751.892326  11490.468746              
VL51   2758.755478  60053.541935  -2700.274964              
*  2025  4 15 18 42   0.00000000                            
PL51  -4093.215121   1470.658672  11440.102636              
VL51   4853.941956  59704.312014  -5691.565100              
*  2025  4 15 18 44   0.00000000                            
PL51  -4022.509207   2183.922714  11353.950216              
VL51   6925.609869  59136.834651  -8663.101147              
*  2025  4 15 18 46   0.00000000                            
PL51  -3927.134976   2889.079530  11232.304453              
VL51   8963.657206  58353.591157 -11605.580806              
*  2025  4 15 18 48   0.00000000                            
PL51  -3807.555665   3583.558993  11075.569272              
VL51  10958.150717  57357.897193 -14509.817593              
*  2025  4 15 18 50   0.00000000                            
PL51  -3664.352475   4264.835689  10884.257997              
VL51  12899.370510  56153.886062 -17366.769518              
*  2025  4 15 18 52   0.00000000                            
PL51  -3498.221747   4930.438612  10658.991451              
VL51  14777.853450  54746.488798 -20167.567033              
*  2025  4 15 18 54   0.00000000                            
PL51  -3309.971629   5577.960601  10400.495720              
VL51  16584.435180  53141.411188 -22903.540204              
*  2025  4 15 18 56   0.00000000                            
PL51  -3100.518246   6205.067483  10109.599597              
VL51  18310.290611  51345.107837 -25566.245015              
*  2025  4 15 18 58   0.00000000                            
PL51  -2870.881391   6809.506894   9787.231723              
VL51  19946.972695  49364.753413 -28147.488745              
*  2025  4 15 19  0   0.00000000                            
PL51  -2622.179771   7389.116728   9434.417422              
VL51  21486.449363  47208.211214 -30639.354354              
*  2025  4 15 19  2   0.00000000                            
PL51  -2355.625810   7941.833202   9052.275248              
VL51  22921.138448  44883.999203 -33034.223812              
*  2025  4 15 19  4   0.00000000                            
PL51  -2072.520054   8465.698498   8642.013270              
VL51  24243.940493  42401.253680 -35324.800316              
*  2025  4 15 19  6   0.00000000                            
PL51  -1774.245193   8958.867950   8204.925081              
VL51  25448.269307  39769.690747 -37504.129345              
*  2025  4 15 19  8   0.00000000                            
PL51  -1462.259728   9419.616762   7742.385577              
VL51  26528.080153  36999.565746 -39565.618500              
*  2025  4 15 19 10   0.00000000                            
PL51  -1138.091321   9846.346228   7255.846497              
VL51  27477.895488  34101.630835 -41503.056091              
*  2025  4 15 19 12   0.00000000                            
PL51   -803.329840  10237.589428   6746.831748              
VL51  28292.828145  31087.090897 -43310.628429              
*  2025  4 15 19 14   0.00000000                            
PL51   -459.620157  10592.016390   6216.932533              
VL51  28968.601887  27967.557950 -44982.935784              
*  2025  4 15 19 16   0.00000000                            
PL51   -108.654699  10908.438695   5667.802293              
VL51  29501.569261  24755.004253 -46515.006976              
*  2025  4 15 19 18   0.00000000                            
PL51    247.834185  11185.813512   5101.151488              
VL51  29888.726691  21461.714300 -47902.312564              
*  2025  4 15 19 20   0.00000000                            
PL51    608.082030  11423.247055   4518.742219              
VL51  30127.726770  18100.235894 -49140.776598              
*  2025  4 15 19 22   0.00000000                            
PL51    970.300187  11619.997444   3922.382727              
VL51  30216.887703  14683.330514 -50226.786909              
*  2025  4 15 19 24   0.00000000                            
PL51   1332.683855  11775.476965   3313.921770              
VL51  30155.199894  11223.923178 -51157.203926              
*  2025  4 15 19 26   0.00000000                            
PL51   1693.420169  11889.253736   2695.242908              
VL51  29942.329660   7735.052020 -51929.367988              
*  2025  4 15 19 28   0.00000000                            
PL51   2050.696323  11961.052759   2068.258709              
VL51  29578.620096   4229.817774 -52541.105179              
*  2025  4 15 19 30   0.00000000                            
PL51   2402.707679  11990.756367   1434.904890              
VL51  29065.089089    721.333385 -52990.731652              
*  2025  4 15 19 32   0.00000000                            
PL51   2747.665840  11978.404072    797.134420              
VL51  28403.424540  -2777.326076 -53277.056487              
*  2025  4 15 19 34   0.00000000                            
PL51   3083.806649  11924.191810    156.911591              
VL51  27595.976818  -6253.172959 -53399.383077              
*  2025  4 15 19 36   0.00000000                            
PL51   3409.398076  11828.470601   -483.793909              
VL51  26645.748522  -9693.355914 -53357.509077              
*  2025  4 15 19 38   0.00000000                            
PL51   3722.747975  11691.744623  -1123.012924              
VL51  25556.381601 -13085.207867 -53151.724934              
*  2025  4 15 19 40   0.00000000                            
PL51   4022.211662  11514.668717  -1758.782727              
VL51  24332.141912 -16416.292977 -52782.811034              
*  2025  4 15 19 42   0.00000000                            
PL51   4306.199297  11298.045337  -2389.152874              
VL51  22977.901298 -19674.452369 -52252.033502              
*  2025  4 15 19 44   0.00000000                            
PL51   4573.183041  11042.820962  -3012.191002              
VL51  21499.117276 -22847.848518 -51561.138670              
*  2025  4 15 19 46   0.00000000                            
PL51   4821.703945  10750.081973  -3625.988554              
VL51  19901.810422 -25925.008128 -50712.346281              
*  2025  4 15 19 48   0.00000000                            
PL51   5050.378563  10421.050044  -4228.666407              
VL51  18192.539576 -28894.863357 -49708.341434              
*  2025  4 15 19 50   0.00000000                            
PL51   5257.905251  10057.077027  -4818.380408              
VL51  16378.374952 -31746.791273 -48552.265346              
*  2025  4 15 19 52   0.00000000                            
PL51   5443.070132   9659.639394  -5393.326784              
VL51  14466.869299 -34470.651411 -47247.704950              
*  2025  4 15 19 54   0.00000000                            
PL51   5604.752706   9230.332229  -5951.747423              
VL51  12466.027208 -37056.821317 -45798.681395              
*  2025  4 15 19 56   0.00000000                            
PL51   5741.931077   8770.862806  -6491.935007              
VL51  10384.272717 -39496.229989 -44209.637495              
*  2025  4 15 19 58   0.00000000                            
PL51   5853.686785   8283.043790  -7012.237998              
VL51   8230.415324 -41780.389112 -42485.424176              
*  2025  4 15 20  0   0.00000000                            
PL51   5939.209221   7768.786059  -7511.065443              
VL51   6013.614549 -43901.422035 -40631.285975              
*  2025  4 15 20  2   0.00000000                            
PL51   5997.799606   7230.091209  -7986.891610              
VL51   3743.343173 -45852.090392 -38652.845641              
*  2025  4 15 20  4   0.00000000                            
PL51   6028.874526   6669.043744  -8438.260428              
VL51   1429.349297 -47625.818332 -36556.087887              
*  2025  4 15 20  6   0.00000000                            
PL51   6031.969001   6087.802993  -8863.789730              
VL51   -918.382673 -49216.714317 -34347.342336              
*  2025  4 15 20  8   0.00000000                            
PL51   6006.739082   5488.594778  -9262.175284              
VL51  -3289.671943 -50619.590399 -32033.265710              
*  2025  4 15 20 10   0.00000000                            
PL51   5952.963965   4873.702873  -9632.194611              
VL51  -5674.182052 -51829.979004 -29620.823303              
*  2025  4 15 20 12   0.00000000                            
PL51   5870.547611   4245.460266  -9972.710569              
VL51  -8061.462246 -52844.147149 -27117.269781              
*  2025  4 15 20 14   0.00000000                            
PL51   5759.519867   3606.240274 -10282.674710              
VL51 -10440.989375 -53659.108099 -24530.129344              
*  2025  4 15 20 16   0.00000000                            
PL51   5620.037081   2958.447531 -10561.130394              
VL51 -12802.210194 -54272.630435 -21867.175289              
*  2025  4 15 20 18   0.00000000                            
PL51   5452.382206   2304.508882 -10807.215647              
VL51 -15134.583923 -54683.244530 -19136.409013              
*  2025  4 15 20 20   0.00000000                            
PL51   5256.964398   1646.864216 -11020.165774              
VL51 -17427.624942 -54890.246438 -16346.038466              
*  2025  4 15 20 22   0.00000000                            
PL51   5034.318095    987.957270 -11199.315707              
VL51 -19670.945504 -54893.699175 -13504.456110              
*  2025  4 15 20 24   0.00000000                            
PL51   4785.101588    330.226423 -11344.102078              
VL51 -21854.298319 -54694.431414 -10620.216374              
*  2025  4 15 20 26   0.00000000                            
PL51   4510.095081   -323.904460 -11454.065034              
VL51 -23967.618895 -54294.033587  -7702.012659              
*  2025  4 15 20 28   0.00000000                            
PL51   4210.198245   -972.035142 -11528.849755              
VL51 -26001.067491 -53694.851403  -4758.653890              
*  2025  4 15 20 30   0.00000000                            
PL51   3886.427271  -1611.798022 -11568.207705              
VL51 -27945.070565 -52899.976789  -1799.040650              
*  2025  4 15 20 32   0.00000000                            
PL51   3539.911432  -2240.867021 -11571.997584              
VL51 -29790.361566 -51913.236265   1167.859081              
*  2025  4 15 20 34   0.00000000                            
PL51   3171.889158  -2856.966318 -11540.185987              
VL51 -31528.020949 -50739.176773   4133.034573              
*  2025  4 15 20 36   0.00000000                            
PL51   2783.703633  -3457.878894 -11472.847771              
VL51 -33149.515256 -49383.048958   7087.457339              
*  2025  4 15 20 38   0.00000000                            
PL51   2376.797938  -4041.454867 -11370.166114              
VL51 -34646.735142 -47850.787944  10022.106449              
*  2025  4 15 20 40   0.00000000                            
PL51   1952.709735  -4605.619574 -11232.432274              
VL51 -36012.032175 -46148.991606  12927.994150              
*  2025  4 15 20 42   0.00000000                            
PL51   1513.065524  -5148.381384 -11060.045031              
VL51 -37238.254280 -44284.896374  15796.191735              
*  2025  4 15 20 44   0.00000000                            
PL51   1059.574481  -5667.839202 -10853.509826              
VL51 -38318.779659 -42266.350609  18617.855628              
*  2025  4 15 20 46   0.00000000                            
PL51    594.021903  -6162.189643 -10613.437581              
VL51 -39247.549039 -40101.785571  21384.253646              
*  2025  4 15 20 48   0.00000000                            
PL51    118.262265  -6629.733836 -10340.543205              
VL51 -40019.096084 -37800.184051  24086.791362              
*  2025  4 15 20 50   0.00000000                            
PL51   -365.788059  -7068.883848 -10035.643779              
VL51 -40628.575818 -35371.046706  26717.038534              
*  2025  4 15 20 52   0.00000000                            
PL51   -856.158418  -7478.168681  -9699.656433              
VL51 -41071.790885 -32824.356178  29266.755505              
*  2025  4 15 20 54   0.00000000                            
PL51  -1350.831797  -7856.239832  -9333.595894              
VL51 -41345.215508 -30170.539066  31727.919518              
*  2025  4 15 20 56   0.00000000                            
PL51  -1847.753012  -8201.876381  -8938.571733              
VL51 -41446.016963 -27420.425847  34092.750848              
*  2025  4 15 20 58   0.00000000                            
PL51  -2344.837141  -8513.989590  -8515.785289              
VL51 -41372.074433 -24585.208853  36353.738669              
*  2025  4 15 21  0   0.00000000                            
PL51  -2839.978162  -8791.626979  -8066.526289              
VL51 -41121.995083 -21676.398411  38503.666541              
*  2025  4 15 21  2   0.00000000                            
PL51  -3331.057777  -9033.975875  -7592.169167              
VL51 -40695.127213 -18705.777300  40535.637430              
*  2025  4 15 21  4   0.00000000                            
PL51  -3815.954366  -9240.366397  -7094.169081              
VL51 -40091.570349 -15685.353662  42443.098125              
*  2025  4 15 21  6   0.00000000                            
PL51  -4292.552046  -9410.273873  -6574.057648              
VL51 -39312.182162 -12627.312537  44219.862948              
*  2025  4 15 21  8   0.00000000                            
PL51  -4758.749795  -9543.320664  -6033.438391              
VL51 -38358.582089  -9543.966205  45860.136630              
*  2025  4 15 21 10   0.00000000                            
PL51  -5212.470599  -9639.277390  -5473.981923              
VL51 -37233.151562  -6447.703542  47358.536223              
*  2025  4 15 21 12   0.00000000                            
PL51  -5651.670577  -9698.063540  -4897.420877              
VL51 -35939.030772  -3350.938586  48710.111926              
*  2025  4 15 21 14   0.00000000                            
PL51  -6074.348051  -9719.747463  -4305.544583              
VL51 -34480.111896   -266.058557  49910.366683              
*  2025  4 15 21 16   0.00000000                            
PL51  -6478.552513  -9704.545733  -3700.193529              
VL51 -32861.028754   2794.628438  50955.274437              
*  2025  4 15 21 18   0.00000000                            
PL51  -6862.393439  -9652.821882  -3083.253603              
VL51 -31087.142868   5818.945749  51841.296908              
*  2025  4 15 21 20   0.00000000                            
PL51  -7224.048928  -9565.084516  -2456.650153              
VL51 -29164.525934   8794.900330  52565.398766              
*  2025  4 15 21 22   0.00000000                            
PL51  -7561.774094  -9441.984793  -1822.341860              
VL51 -27099.938737  11710.734399  53125.061095              
*  2025  4 15 21 24   0.00000000                            
PL51  -7873.909195  -9284.313302  -1182.314478              
VL51 -24900.806557  14554.976345  53518.293039              
*  2025  4 15 21 26   0.00000000                            
PL51  -8158.887439  -9092.996323   -538.574431              
VL51 -22575.191154  17316.490603  53743.641518              
*  2025  4 15 21 28   0.00000000                            
PL51  -8415.242441  -8869.091500    106.857684              
VL51 -20131.759428  19984.526205  53800.198954              
*  2025  4 15 21 30   0.00000000                            
PL51  -8641.615278  -8613.782950    751.953683              
VL51 -17579.748899  22548.763749  53687.608902              
*  2025  4 15 21 32   0.00000000                            
PL51  -8836.761115  -8328.375803   1394.684430              
VL51 -14928.930142  24999.360494  53406.069554              
*  2025  4 15 21 34   0.00000000                            
PL51  -8999.555360  -8014.290230   2033.026501              
VL51 -12189.566375  27326.993328  52956.335043              
*  2025  4 15 21 36   0.00000000                            
PL51  -9128.999323  -7673.054952   2664.968857              
VL51  -9372.370399  29522.899353  52339.714543              
*  2025  4 15 21 38   0.00000000                            
PL51  -9224.225338  -7306.300298   3288.519482              
VL51  -6488.459096  31578.913844  51558.069130              
*  2025  4 15 21 40   0.00000000                            
PL51  -9284.501329  -6915.750803   3901.711979              
VL51  -3549.305749  33487.505366  50613.806420              
*  2025  4 15 21 42   0.00000000                            
PL51  -9309.234790  -6503.217421   4502.612087              
VL51   -566.690427  35241.807839  49509.872997              
*  2025  4 15 21 44   0.00000000                            
PL51  -9297.976161  -6070.589359   5089.324087              
VL51   2447.351302  36835.649368  48249.744668              
*  2025  4 15 21 46   0.00000000                            
PL51  -9250.421581  -5619.825592   5659.997089              
VL51   5480.581025  38263.577686  46837.414597              
*  2025  4 15 21 48   0.00000000                            
PL51  -9166.414996  -5152.946096   6212.831157              
VL51   8520.611248  39520.882066  45277.379376              
*  2025  4 15 21 50   0.00000000                            
PL51  -9045.949626  -4672.022830   6746.083253              
VL51  11554.959945  40603.611589  43574.623112              
*  2025  4 15 21 52   0.00000000                            
PL51  -8889.168765  -4179.170533   7258.072988              
VL51  14571.105619  41508.589689  41734.599633              
*  2025  4 15 21 54   0.00000000                            
PL51  -8696.365928  -3676.537360   7747.188139              
VL51  17556.542562  42233.424911  39763.212902              
*  2025  4 15 21 56   0.00000000                            
PL51  -8467.984327  -3166.295417   8211.889927              
VL51  20498.836029  42776.517850  37666.795754              
*  2025  4 15 21 58   0.00000000                            
PL51  -8204.615690  -2650.631231   8650.718026              
VL51  23385.677048  43137.064271  35452.087085              
*  2025  4 15 22  0   0.00000000                            
PL51  -7906.998427  -2131.736212   9062.295292              
VL51  26204.936562  43315.054416  33126.207607              
*  2025  4 15 22  2   0.00000000                            
PL51  -7576.015151  -1611.797140   9445.332195              
VL51  28944.718670  43311.268544  30696.634300              
*  2025  4 15 22  4   0.00000000                            
PL51  -7212.689567  -1092.986733   9798.630932              
VL51  31593.412669  43127.268773  28171.173694              
*  2025  4 15 22  6   0.00000000                            
PL51  -6818.182741   -577.454325  10121.089217              
VL51  34139.743677  42765.387297  25557.934126              
*  2025  4 15 22  8   0.00000000                            
PL51  -6393.788780    -67.316723  10411.703734              
VL51  36572.821591  42228.711085  22865.297084              
*  2025  4 15 22 10   0.00000000                            
PL51  -5940.929923    435.350750  10669.573235              
VL51  38882.188158  41521.063190  20101.887804              
*  2025  4 15 22 12   0.00000000                            
PL51  -5461.151095    928.522955  10893.901289              
VL51  41057.861967  40646.980801  17276.545231              
*  2025  4 15 22 14   0.00000000                            
PL51  -4956.113919   1410.233359  11083.998661              
VL51  43090.381153  39611.690192  14398.291486              
*  2025  4 15 22 16   0.00000000                            
PL51  -4427.590244   1878.582142  11239.285327              
VL51  44970.843677  38421.078737  11476.300965              
*  2025  4 15 22 18   0.00000000                            
PL51  -3877.455191   2331.743947  11359.292113              
VL51  46690.944984  37081.664154   8519.869194              
*  2025  4 15 22 20   0.00000000                            
PL51  -3307.679776   2767.975244  11443.661962              
VL51  48243.012934  35600.561181   5538.381554              
*  2025  4 15 22 22   0.00000000                            
PL51  -2720.323127   3185.621286  11492.150824              
VL51  49620.039856  33985.445851   2541.282008              
*  2025  4 15 22 24   0.00000000                            
PL51  -2117.524327   3583.122618  11504.628174              
VL51  50815.711632  32244.517591   -461.958070              
*  2025  4 15 22 26   0.00000000                            
PL51  -1501.493936   3959.021119  11481.077149              
VL51  51824.433710  30386.459335  -3461.870847              
*  2025  4 15 22 28   0.00000000                            
PL51   -874.505217   4311.965558  11421.594330              
VL51  52641.353981  28420.395864  -6449.022665              
*  2025  4 15 22 30   0.00000000                            
PL51   -238.885103   4640.716636  11326.389143              
VL51  53262.382445  26355.850590  -9414.044258              
*  2025  4 15 22 32   0.00000000                            
PL51    402.995052   4944.151504  11195.782910              
VL51  53684.207635  24202.700993 -12347.660474              
*  2025  4 15 22 34   0.00000000                            
PL51   1048.728890   5221.267741  11030.207545              
VL51  53904.309754  21971.132933 -15240.719397              
*  2025  4 15 22 36   0.00000000                            
PL51   1695.884621   5471.186772  10830.203903              
VL51  53920.970515  19671.594034 -18084.220818              
*  2025  4 15 22 38   0.00000000                            
PL51   2342.014676   5693.156731  10596.419790              
VL51  53733.279663  17314.746370 -20869.343961              
*  2025  4 15 22 40   0.00000000                            
PL51   2984.665430   5886.554740  10329.607653              
VL51  53341.138190  14911.418646 -23587.474404              
*  2025  4 15 22 42   0.00000000                            
PL51   3621.386939   6050.888628  10030.621941              
VL51  52745.258244  12472.558094 -26230.230128              
*  2025  4 15 22 44   0.00000000                            
PL51   4249.742654   6185.798061   9700.416167              
VL51  51947.159771  10009.182273 -28789.486622              
*  2025  4 15 22 46   0.00000000                            
PL51   4867.319085   6291.055096   9340.039673              
VL51  50949.163914   7532.330996 -31257.400989              
*  2025  4 15 22 48   0.00000000                            
PL51   5471.735352   6366.564162   8950.634110              
VL51  49754.383219   5053.018562 -33626.434999              
*  2025  4 15 22 50   0.00000000                            
PL51   6060.652612   6412.361471   8533.429649              
VL51  48366.708712   2582.186505 -35889.377013              
*  2025  4 15 22 52   0.00000000                            
PL51   6631.783306   6428.613862   8089.740938              
VL51  46790.793908    130.657035 -38039.362756              
*  2025  4 15 22 54   0.00000000                            
PL51   7182.900202   6415.617099   7620.962811              
VL51  45032.035846  -2290.912634 -40069.894859              
*  2025  4 15 22 56   0.00000000                            
PL51   7711.845181   6373.793616   7128.565779              
VL51  43096.553216  -4672.074886 -41974.861146              
*  2025  4 15 22 58   0.00000000                            
PL51   8216.537759   6303.689743   6614.091303              
VL51  40991.161708  -7002.635070 -43748.551604              
*  2025  4 15 23  0   0.00000000                            
PL51   8694.983286   6205.972420   6079.146871              
VL51  38723.346683  -9272.693448 -45385.674000              
*  2025  4 15 23  2   0.00000000                            
PL51   9145.280808   6081.425410   5525.400899              
VL51  36301.233290 -11472.685574 -46881.368117              
*  2025  4 15 23  4   0.00000000                            
PL51   9565.630549   5930.945044   4954.577471              
VL51  33733.554184 -13593.420937 -48231.218562              
*  2025  4 15 23  6   0.00000000                            
PL51   9954.341000   5755.535509   4368.450927              
VL51  31029.614964 -15626.119728 -49431.266141              
*  2025  4 15 23  8   0.00000000                            
PL51  10309.835572   5556.303714   3768.840330              
VL51  28199.257515 -17562.447597 -50478.017765              
*  2025  4 15 23 10   0.00000000                            
PL51  10630.658806   5334.453740   3157.603821              
VL51  25252.821387 -19394.548276 -51368.454884              
*  2025  4 15 23 12   0.00000000                            
PL51  10915.482104   5091.280925   2536.632882              
VL51  22201.103402 -21115.073943 -52100.040441              
*  2025  4 15 23 14   0.00000000                            
PL51  11163.108961   4828.165584   1907.846521              
VL51  19055.315654 -22717.213236 -52670.724333              
*  2025  4 15 23 16   0.00000000                            
PL51  11372.479693   4546.566427   1273.185405              
VL51  15827.042066 -24194.716821 -53078.947392              
*  2025  4 15 23 18   0.00000000                            
PL51  11542.675634   4248.013661    634.605953              
VL51  12528.193721 -25541.920431 -53323.643884              
*  2025  4 15 23 20   0.00000000                            
PL51  11672.922783   3934.101855     -5.925594              
VL51   9170.963123 -26753.765304 -53404.242563              
*  2025  4 15 23 22   0.00000000                            
PL51  11762.594904   3606.482556   -646.439106              
VL51   5767.777586 -27825.815987 -53320.666270              
*  2025  4 15 23 24   0.00000000                            
PL51  11811.216065   3266.856724  -1284.966483              
VL51   2331.251936 -28754.275430 -53073.330129              
*  2025  4 15 23 26   0.00000000                            
PL51  11818.462595   2916.966987  -1919.547545              
VL51  -1125.859296 -29535.997366 -52663.138357              
*  2025  4 15 23 28   0.00000000                            
PL51  11784.164477   2558.589773  -2548.235876              
VL51  -4590.710002 -30168.495950 -52091.479716              
*  2025  4 15 23 30   0.00000000                            
PL51  11708.306154   2193.527344  -3169.104602              
VL51  -8050.410771 -30649.952635 -51360.221652              
*  2025  4 15 23 32   0.00000000                            
PL51  11591.026761   1823.599760  -3780.252096              
VL51 -11492.077121 -30979.220307 -50471.703154              
*  2025  4 15 23 34   0.00000000                            
PL51  11432.619778   1450.636805  -4379.807589              
VL51 -14902.877523 -31155.824676 -49428.726378              
*  2025  4 15 23 36   0.00000000                            
PL51  11233.532105   1076.469926  -4965.936665              
VL51 -18270.081044 -31179.962961 -48234.547081              
*  2025  4 15 23 38   0.00000000                            
PL51  10994.362576    702.924193  -5536.846650              
VL51 -21581.104436 -31052.499886 -46892.863910              
*  2025  4 15 23 40   0.00000000                            
PL51  10715.859905    331.810326  -6090.791852              
VL51 -24823.558525 -30774.961055 -45407.806612              
*  2025  4 15 23 42   0.00000000                            
PL51  10398.920082    -35.083185  -6626.078656              
VL51 -27985.293738 -30349.523743 -43783.923199              
*  2025  4 15 23 44   0.00000000                            
PL51  10044.583233   -395.997828  -7141.070467              
VL51 -31054.444637 -29779.005170 -42026.166139              
*  2025  4 15 23 46   0.00000000                            
PL51   9654.029945   -749.212666  -7634.192473              
VL51 -34019.473319 -29066.848330 -40139.877608              
*  2025  4 15 23 48   0.00000000                            
PL51   9228.577086  -1093.051756  -8103.936227              
VL51 -36869.211556 -28217.105452 -38130.773874              
*  2025  4 15 23 50   0.00000000                            
PL51   8769.673117  -1425.891338  -8548.864041              
VL51 -39592.901578 -27234.419168 -36004.928842              
*  2025  4 15 23 52   0.00000000                            
PL51   8278.892934  -1746.166807  -8967.613174              
VL51 -42180.235356 -26124.001476 -33768.756815              
*  2025  4 15 23 54   0.00000000                            
PL51   7757.932242  -2052.379401  -9358.899809              
VL51 -44621.392311 -24891.610587 -31428.994520              
*  2025  4 15 23 56   0.00000000                            
PL51   7208.601485  -2343.102608  -9721.522811              
VL51 -46907.075323 -23543.525750 -28992.682422              
*  2025  4 15 23 58   0.00000000                            
PL51   6632.819362  -2616.988262 -10054.367257              
VL51 -49028.544978 -22086.520140 -26467.145386              
*  2025  4 16  0  0   0.00000000                            
PL51   6032.606003  -2872.772149 -10356.407731              
VL51 -50977.651455 -20527.833126 -23859.972710              
*  2025  4 16  0  2   0.00000000                            
PL51   5410.075362  -3109.280125 -10626.711369              
VL51 -52746.867385 -18875.133569 -21178.997565              
*  2025  4 16  0  4   0.00000000                            
PL51   4767.428288  -3325.431696 -10864.440665              
VL51 -54329.311372 -17136.499647 -18432.275875              
*  2025  4 16  0  6   0.00000000                            
PL51   4106.943883  -3520.246088 -11068.856013              
VL51 -55718.779202 -15320.372871 -15628.064656              
*  2025  4 16  0  8   0.00000000                            
PL51   3430.971605  -3692.845724 -11239.317987              
VL51 -56909.765509 -13435.528961 -12774.799846              
*  2025  4 16  0 10   0.00000000                            
PL51   2741.922668  -3842.460156 -11375.289352              
VL51 -57897.486159 -11491.040070  -9881.073636              
*  2025  4 16  0 12   0.00000000                            
PL51   2042.261270  -3968.429387 -11476.336801              
VL51 -58677.897815  -9496.237048  -6955.611343              
*  2025  4 16  0 14   0.00000000                            
PL51   1334.495597  -4070.206754 -11542.132413              
VL51 -59247.715116  -7460.670606  -4007.247826              
*  2025  4 16  0 16   0.00000000                            
PL51    621.168637  -4147.361319 -11572.454822              
VL51 -59604.425393  -5394.071526  -1044.903498              
*  2025  4 16  0 18   0.00000000                            
PL51    -95.151171  -4199.579794 -11567.190100              
VL51 -59746.300871  -3306.310008   1922.440074              
*  2025  4 16  0 20   0.00000000                            
PL51   -811.879409  -4226.667962 -11526.332339              
VL51 -59672.408273  -1207.354304   4885.764917              
*  2025  4 16  0 22   0.00000000                            
PL51  -1526.425266  -4228.551603 -11449.983940              
VL51 -59382.615781    892.771244   7836.041749              
*  2025  4 16  0 24   0.00000000                            
PL51  -2236.201179  -4205.276916 -11338.355599              
VL51 -58877.597288   2984.028634  10764.255384              
*  2025  4 16  0 26   0.00000000                            
PL51  -2938.632517  -4157.010421 -11191.765979              
VL51 -58158.833887   5056.408958  13661.430408              
*  2025  4 16  0 28   0.00000000                            
PL51  -3631.167257  -4084.038359 -11010.641079              
VL51 -57228.612532   7099.975340  16518.657104              
*  2025  4 16  0 30   0.00000000                            
PL51  -4311.285637  -3986.765565 -10795.513292              
VL51 -56090.021827   9104.905912  19327.117575              
*  2025  4 16  0 32   0.00000000                            
PL51  -4976.509734  -3865.713831 -10547.020144              
VL51 -54746.944882  11061.536678  22078.112017              
*  2025  4 16  0 34   0.00000000                            
PL51  -5624.412939  -3721.519758 -10265.902715              
VL51 -53204.049198  12960.404105  24763.085101              
*  2025  4 16  0 36   0.00000000                            
PL51  -6252.629296  -3554.932096  -9953.003754              
VL51 -51466.773534  14792.287267  27373.652379              
*  2025  4 16  0 38   0.00000000                            
PL51  -6858.862663  -3366.808580  -9609.265463              
VL51 -49541.311734  16548.249390  29901.626671              
*  2025  4 16  0 40   0.00000000                            
PL51  -7440.895659  -3158.112280  -9235.726976              
VL51 -47434.593480  18219.678599  32339.044325              
*  2025  4 16  0 42   0.00000000                            
PL51  -7996.598364  -2929.907458  -8833.521520              
VL51 -45154.261973  19798.327692  34678.191288              
*  2025  4 16  0 44   0.00000000                            
PL51  -8523.936732  -2683.354961  -8403.873264              
VL51 -42708.648552  21276.352753  36911.628880              
*  2025  4 16  0 46   0.00000000                            
PL51  -9020.980683  -2419.707156  -7948.093861              
VL51 -40106.744252  22646.350417  39032.219175              
*  2025  4 16  0 48   0.00000000                            
PL51  -9485.911830  -2140.302428  -7467.578690              
VL51 -37358.168357  23901.393580  41033.149875              
*  2025  4 16  0 50   0.00000000                            
PL51  -9917.030817  -1846.559260  -6963.802803              
VL51 -34473.133992  25035.065366  42907.958577              
*  2025  4 16  0 52   0.00000000                            
PL51 -10312.764223  -1539.969912  -6438.316581              
VL51 -31462.410829  26041.491161  44650.556286              
*  2025  4 16  0 54   0.00000000                            
PL51 -10671.671004  -1222.093739  -5892.741123              
VL51 -28337.285004  26915.368504  46255.250083              
*  2025  4 16  0 56   0.00000000                            
PL51 -10992.448435   -894.550150  -5328.763354              
VL51 -25109.516362  27651.994666  47716.764783              
*  2025  4 16  0 58   0.00000000                            
PL51 -11273.937528   -559.011264  -4748.130893              
VL51 -21791.293162  28247.291710  49030.263488              
*  2025  4 16  1  0   0.00000000                            
PL51 -11515.127886   -217.194273  -4152.646674              
VL51 -18395.184411  28697.828873  50191.366873              
*  2025  4 16  1  2   0.00000000                            
PL51 -11715.161975    129.146446  -3544.163349              
VL51 -14934.090003  29000.842099  51196.171097              
*  2025  4 16  1  4   0.00000000                            
PL51 -11873.338789    478.227429  -2924.577478              
VL51 -11421.188883  29154.250563  52041.264199              
*  2025  4 16  1  6   0.00000000                            
PL51 -11989.116876    828.244412  -2295.823541              
VL51  -7869.885444  29156.670055  52723.740860              
*  2025  4 16  1  8   0.00000000                            
PL51 -12062.116715   1177.380752  -1659.867775              
VL51  -4293.754433  29007.423093  53241.215419              
*  2025  4 16  1 10   0.00000000                            
PL51 -12092.122420   1523.815950  -1018.701869              
VL51   -706.484615  28706.545679  53591.833032              
*  2025  4 16  1 12   0.00000000                            
PL51 -12079.082772   1865.734242   -374.336539              
VL51   2878.178517  28254.790593  53774.278889              
*  2025  4 16  1 14   0.00000000                            
PL51 -12023.111548   2201.333196    271.204997              
VL51   6446.490679  27653.627192  53787.785401              
*  2025  4 16  1 16   0.00000000                            
PL51 -11924.487155   2528.832295    915.893621              
VL51   9984.767093  26905.237647  53632.137290              
*  2025  4 16  1 18   0.00000000                            
PL51 -11783.651572   2846.481451   1557.700963              
VL51  13479.440815  26012.509633  53307.674524              
*  2025  4 16  1 20   0.00000000                            
PL51 -11601.208582   3152.569408   2194.606065              
VL51  16917.120780  24979.025458  52815.293062              
*  2025  4 16  1 22   0.00000000                            
PL51 -11377.921318   3445.431996   2824.602054              
VL51  20284.649242  23809.047680  52156.443373              
*  2025  4 16  1 24   0.00000000                            
PL51 -11114.709124   3723.460188   3445.702770              
VL51  23569.158289  22507.501263  51333.126725              
*  2025  4 16  1 26   0.00000000                            
PL51 -10812.643741   3985.107929   4055.949345              
VL51  26758.125112  21079.952362  50347.889250              
*  2025  4 16  1 28   0.00000000                            
PL51 -10472.944846   4228.899683   4653.416694              
VL51  29839.425715  19532.583845  49203.813805              
*  2025  4 16  1 30   0.00000000                            
PL51 -10096.974949   4453.437670   5236.219898              
VL51  32801.386772  17872.167669  47904.509672              
*  2025  4 16  1 32   0.00000000                            
PL51  -9686.233687   4657.408761   5802.520443              
VL51  35632.835356  16106.034288  46454.100151              
*  2025  4 16  1 34   0.00000000                            
PL51  -9242.351531   4839.590974   6350.532312              
VL51  38323.146245  14242.039237  44857.208118              
*  2025  4 16  1 36   0.00000000                            
PL51  -8767.082944   4998.859566   6878.527876              
VL51  40862.286593  12288.527092  43118.939623              
*  2025  4 16  1 38   0.00000000                            
PL51  -8262.299020   5134.192673   7384.843587              
VL51  43240.857709  10254.293010  41244.865630              
*  2025  4 16  1 40   0.00000000                            
PL51  -7729.979635   5244.676473   7867.885441              
VL51  45450.133759   8148.542059  39241.001987              
*  2025  4 16  1 42   0.00000000                            
PL51  -7172.205160   5329.509852   8326.134185              
VL51  47482.097188   5980.846562  37113.787751              
*  2025  4 16  1 44   0.00000000                            
PL51  -6591.147765   5388.008546   8758.150257              
VL51  49329.470718   3761.101706  34870.061982              
*  2025  4 16  1 46   0.00000000                            
PL51  -5989.062363   5419.608743   9162.578443              
VL51  50985.745770   1499.479638  32517.039119              
*  2025  4 16  1 48   0.00000000                            
PL51  -5368.277231   5423.870121   9538.152226              
VL51  52445.207202   -793.617680  30062.283090              
*  2025  4 16  1 50   0.00000000                            
PL51  -4731.184360   5400.478323   9883.697817              
VL51  53702.954272  -3107.606611  27513.680279              
*  2025  4 16  1 52   0.00000000                            
PL51  -4080.229577   5349.246839  10198.137859              
VL51  54754.917766  -5431.770727  24879.411495              
*  2025  4 16  1 54   0.00000000                            
PL51  -3417.902481   5270.118308  10480.494788              
VL51  55597.873248  -7755.310169  22167.923092              
*  2025  4 16  1 56   0.00000000                            
PL51  -2746.726248   5163.165218  10729.893842              
VL51  56229.450441 -10067.391244  19387.897369              
*  2025  4 16  1 58   0.00000000                            
PL51  -2069.247343   5028.590019  10945.565711              
VL51  56648.138732 -12357.196009  16548.222401              
*  2025  4 16  2  0   0.00000000                            
PL51  -1388.025188   4866.724633  11126.848822              
VL51  56853.288854 -14613.971599  13657.961426              
*  2025  4 16  2  2   0.00000000                            
PL51   -705.621839   4678.029382  11273.191261              
VL51  56845.110792 -16827.079087  10726.321909              
*  2025  4 16  2  4   0.00000000                            
PL51    -24.591702   4463.091329  11384.152310              
VL51  56624.667981 -18986.041635   7762.624413              
*  2025  4 16  2  6   0.00000000                            
PL51    652.528651   4222.622053  11459.403623              
VL51  56193.867890 -21080.591734   4776.271378              
*  2025  4 16  2  8   0.00000000                            
PL51   1323.230541   3957.454853  11498.730016              
VL51  55555.449071 -23100.717333   1776.715933              
*  2025  4 16  2 10   0.00000000                            
PL51   1985.043058   3668.541415  11502.029893              
VL51  54712.964795 -25036.706650  -1226.569174              
*  2025  4 16  2 12   0.00000000                            
PL51   2635.542722   3356.947949  11469.315294              
VL51  53670.763390 -26879.191490  -4224.122408              
*  2025  4 16  2 14   0.00000000                            
PL51   3272.362891   3023.850813  11400.711576              
VL51  52433.965409 -28619.188886  -7206.523962              
*  2025  4 16  2 16   0.00000000                            
PL51   3893.202875   2670.531646  11296.456735              
VL51  51008.437763 -30248.140896 -10164.425839              
*  2025  4 16  2 18   0.00000000                            
PL51   4495.836723   2298.372047  11156.900362              
VL51  49400.764982 -31757.952412 -13088.581444              
*  2025  4 16  2 20   0.00000000                            
PL51   5078.121647   1908.847795  10982.502255              
VL51  47618.217749 -33141.026812 -15969.874568              
*  2025  4 16  2 22   0.00000000                            
PL51   5638.006057   1503.522674  10773.830681              
VL51  45668.718867 -34390.299340 -18799.347711              
*  2025  4 16  2 24   0.00000000                            
PL51   6173.537167   1084.041893  10531.560307              
VL51  43560.806850 -35499.268087 -21568.229645              
*  2025  4 16  2 26   0.00000000                            
PL51   6682.868157    652.125168  10256.469802              
VL51  41303.597295 -36462.022445 -24267.962163              
*  2025  4 16  2 28   0.00000000                            
PL51   7164.264852    209.559460   9949.439127              
VL51  38906.742222 -37273.268948 -26890.225930              
*  2025  4 16  2 30   0.00000000                            
PL51   7616.111909   -241.808566   9611.446518              
VL51  36380.387578 -37928.354402 -29426.965380              
*  2025  4 16  2 32   0.00000000                            
PL51   8036.918481   -700.080351   9243.565171              
VL51  33735.129086 -38423.286227 -31870.412587              
*  2025  4 16  2 34   0.00000000                            
PL51   8425.323341  -1163.313481   8846.959660              
VL51  30981.966637 -38754.749939 -34213.110060              
*  2025  4 16  2 36   0.00000000                            
PL51   8780.099450  -1629.529906   8422.882078              
VL51  28132.257422 -38920.123724 -36447.932393              
*  2025  4 16  2 38   0.00000000                            
PL51   9100.157961  -2096.724334   7972.667925              
VL51  25197.668015 -38917.490057 -38568.106732              
*  2025  4 16  2 40   0.00000000                            
PL51   9384.551639  -2562.872732   7497.731766              
VL51  22190.125590 -38745.644331 -40567.232003              
*  2025  4 16  2 42   0.00000000                            
PL51   9632.477692  -3025.940918   6999.562654              
VL51  19121.768495 -38404.100489 -42439.296849              
*  2025  4 16  2 44   0.00000000                            
PL51   9843.280006  -3483.893203   6479.719359              
VL51  16004.896378 -37893.093633 -44178.696249              
*  2025  4 16  2 46   0.00000000                            
PL51  10016.450778  -3934.701047   5939.825397              
VL51  12851.920068 -37213.579642 -45780.246776              
*  2025  4 16  2 48   0.00000000                            
PL51  10151.631554  -4376.351690   5381.563883              
VL51   9675.311426 -36367.231793 -47239.200451              
*  2025  4 16  2 50   0.00000000                            
PL51  10248.613658  -4806.856725   4806.672234              
VL51   6487.553352 -35356.434431 -48551.257179              
*  2025  4 16  2 52   0.00000000                            
PL51  10307.338024  -5224.260576   4216.936725              
VL51   3301.090167 -34184.273728 -49712.575743              
*  2025  4 16  2 54   0.00000000                            
PL51  10327.894445  -5626.648859   3614.186922              
VL51    128.278551 -32854.525585 -50719.783324              
*  2025  4 16  2 56   0.00000000                            
PL51  10310.520222  -6012.156560   3000.290017              
VL51  -3018.660764 -31371.640751 -51569.983555              
*  2025  4 16  2 58   0.00000000                            
PL51  10255.598255  -6378.976040   2377.145062              
VL51  -6127.690348 -29740.727238 -52260.763079              
*  2025  4 16  3  0   0.00000000                            
PL51  10163.654560  -6725.364800   1746.677150              
VL51  -9187.002327 -27967.530107 -52790.196633              
*  2025  4 16  3  2   0.00000000                            
PL51  10035.355245  -7049.652989   1110.831524              
VL51 -12185.063320 -26058.408750 -53156.850644              
*  2025  4 16  3  4   0.00000000                            
PL51   9871.502953  -7350.250633    471.567674              
VL51 -15110.657924 -24020.311771 -53359.785356              
*  2025  4 16  3  6   0.00000000                            
PL51   9673.032795  -7625.654540   -169.146603              
VL51 -17952.930582 -21860.749568 -53398.555507              
*  2025  4 16  3  8   0.00000000                            
PL51   9441.007788  -7874.454866   -809.341132              
VL51 -20701.425687 -19587.764773 -53273.209567              
*  2025  4 16  3 10   0.00000000                            
PL51   9176.613823  -8095.341314  -1447.049268              
VL51 -23346.125781 -17209.900656 -52984.287577              
*  2025  4 16  3 12   0.00000000                            
PL51   8881.154190  -8287.108947  -2080.313781              
VL51 -25877.487747 -14736.167646 -52532.817605              
*  2025  4 16  3 14   0.00000000                            
PL51   8556.043681  -8448.663577  -2707.192684              
VL51 -28286.476846 -12176.008113 -51920.310863              
*  2025  4 16  3 16   0.00000000                            
PL51   8202.802293  -8579.026735  -3325.764990              
VL51 -30564.598522  -9539.259541 -51148.755523              
*  2025  4 16  3 18   0.00000000                            
PL51   7823.048567  -8677.340181  -3934.136396              
VL51 -32703.927884  -6836.116270 -50220.609268              
*  2025  4 16  3 20   0.00000000                            
PL51   7418.492590  -8742.869952  -4530.444868              
VL51 -34697.136758  -4077.089929 -49138.790617              
*  2025  4 16  3 22   0.00000000                            
PL51   6990.928682  -8775.009924  -5112.866106              
VL51 -36537.518270  -1272.968736 -47906.669084              
*  2025  4 16  3 24   0.00000000                            
PL51   6542.227806  -8773.284884  -5679.618900              
VL51 -38219.008887   1565.224195 -46528.054205              
*  2025  4 16  3 26   0.00000000                            
PL51   6074.329729  -8737.353093  -6228.970334              
VL51 -39736.207859   4426.273372 -45007.183483              
*  2025  4 16  3 28   0.00000000                            
PL51   5589.234965  -8667.008336  -6759.240842              
VL51 -41084.394041   7298.814127 -43348.709313              
*  2025  4 16  3 30   0.00000000                            
PL51   5088.996531  -8562.181453  -7268.809111              
VL51 -42259.540061  10171.376335 -41557.684925              
*  2025  4 16  3 32   0.00000000                            
PL51   4575.711551  -8422.941335  -7756.116793              
VL51 -43258.323810  13032.428516 -39639.549412              
*  2025  4 16  3 34   0.00000000                            
PL51   4051.512741  -8249.495399  -8219.673047              
VL51 -44078.137269  15870.422153 -37600.111881              
*  2025  4 16  3 36   0.00000000                            
PL51   3518.559790  -8042.189524  -8658.058881              
VL51 -44717.092651  18673.836102 -35445.534788              
*  2025  4 16  3 38   0.00000000                            
PL51   2979.030707  -7801.507456  -9069.931281              
VL51 -45174.025908  21431.220954 -33182.316501              
*  2025  4 16  3 40   0.00000000                            
PL51   2435.113116  -7528.069684  -9454.027142              
VL51 -45448.497575  24131.243191 -30817.273125              
*  2025  4 16  3 42   0.00000000                            
PL51   1888.995579  -7222.631783  -9809.166964              
VL51 -45540.791011  26762.729035 -28357.519645              
*  2025  4 16  3 44   0.00000000                            
PL51   1342.858938  -6886.082238 -10134.258322              
VL51 -45451.908065  29314.707848 -25810.450413              
*  2025  4 16  3 46   0.00000000                            
PL51    798.867737  -6519.439750 -10428.299099              
VL51 -45183.562179  31776.454945 -23183.719009              
*  2025  4 16  3 48   0.00000000                            
PL51    259.161733  -6123.850027 -10690.380475              
VL51 -44738.168985  34137.533718 -20485.217530              
*  2025  4 16  3 50   0.00000000                            
PL51   -274.152457  -5700.582082 -10919.689657              
VL51 -44118.834441  36387.836924 -17723.055308              
*  2025  4 16  3 52   0.00000000                            
PL51   -799.009561  -5251.024037 -11115.512361              
VL51 -43329.340539  38517.627038 -14905.537111              
*  2025  4 16  3 54   0.00000000                            
PL51  -1313.393665  -4776.678449 -11277.235020              
VL51 -42374.128643  40517.575530 -12041.140837              
*  2025  4 16  3 56   0.00000000                            
PL51  -1815.346014  -4279.157171 -11404.346730              
VL51 -41258.280518  42378.800969  -9138.494735              
*  2025  4 16  3 58   0.00000000                            
PL51  -2302.972570  -3760.175767 -11496.440907              
VL51 -39987.497085  44092.905818  -6206.354163              
*  2025  4 16  4  0   0.00000000                            
PL51  -2774.451306  -3221.547490 -11553.216681              
VL51 -38568.074987  45652.011812  -3253.577925              
*  2025  4 16  4  2   0.00000000                            
PL51  -3228.039202  -2665.176847 -11574.479985              
VL51 -37006.880994  47048.793793   -289.104189              
*  2025  4 16  4  4   0.00000000                            
PL51  -3662.078923  -2093.052766 -11560.144365              
VL51 -35311.324349  48276.511889   2678.073974              
*  2025  4 16  4  6   0.00000000                            
PL51  -4075.005152  -1507.241389 -11510.231488              
VL51 -33489.327094  49329.041903   5638.933422              
*  2025  4 16  4  8   0.00000000                            
PL51  -4465.350557   -909.878512 -11424.871357              
VL51 -31549.292456  50200.903806   8584.446096              
*  2025  4 16  4 10   0.00000000                            
PL51  -4831.751363   -303.161690 -11304.302209              
VL51 -29500.071381  50887.288198  11505.604490              
*  2025  4 16  4 12   0.00000000                            
PL51  -5172.952520    310.657952 -11148.870124              
VL51 -27350.927283  51384.080616  14393.447390              
*  2025  4 16  4 14   0.00000000                            
PL51  -5487.812428    929.284199 -10959.028306              
VL51 -25111.499099  51687.883563  17239.085850              
*  2025  4 16  4 16   0.00000000                            
PL51  -5775.307218   1550.384465 -10735.336063              
VL51 -22791.762750  51796.036129  20033.729367              
*  2025  4 16  4 18   0.00000000                            
PL51  -6034.534551   2171.598742 -10478.457467              
VL51 -20401.991091  51706.631079  22768.712196              
*  2025  4 16  4 20   0.00000000                            
PL51  -6264.716941   2790.548729 -10189.159698              
VL51 -17952.712485  51418.529274  25435.519760              
*  2025  4 16  4 22   0.00000000                            
PL51  -6465.204558   3404.847124  -9868.311071              
VL51 -15454.668084  50931.371299  28025.815090              
*  2025  4 16  4 24   0.00000000                            
PL51  -6635.477528   4012.107034  -9516.878749              
VL51 -12918.767982  50245.586182  30531.465206              
*  2025  4 16  4 26   0.00000000                            
PL51  -6775.147686   4609.951478  -9135.926133              
VL51 -10356.046354  49362.397080  32944.567370              
*  2025  4 16  4 28   0.00000000                            
PL51  -6883.959793   5196.022930  -8726.609948              
VL51  -7777.615744  48283.823826  35257.475116              
*  2025  4 16  4 30   0.00000000                            
PL51  -6961.792201   5767.992879  -8290.177008              
VL51  -5194.620673  47012.682247  37462.823949              
*  2025  4 16  4 32   0.00000000                            
PL51  -7008.656952   6323.571364  -7827.960683              
VL51  -2618.190734  45552.580156  39553.556620              
*  2025  4 16  4 34   0.00000000                            
PL51  -7024.699317   6860.516434  -7341.377063              
VL51    -59.393365  43907.909966  41522.947857              
*  2025  4 16  4 36   0.00000000                            
PL51  -7010.196769   7376.643500  -6831.920828              
VL51   2470.813497  42083.837850  43364.628435              
*  2025  4 16  4 38   0.00000000                            
PL51  -6965.557382   7869.834544  -6301.160836              
VL51   4961.628677  40086.289424  45072.608471              
*  2025  4 16  4 40   0.00000000                            
PL51  -6891.317666   8338.047119  -5750.735435              
VL51   7402.454727  37921.931929  46641.299824              
*  2025  4 16  4 42   0.00000000                            
PL51  -6788.139848   8779.323136  -5182.347513              
VL51   9782.944356  35598.152911  48065.537457              
*  2025  4 16  4 44   0.00000000                            
PL51  -6656.808593   9191.797351  -4597.759298              
VL51  12093.046118  33123.035414  49340.599649              
*  2025  4 16  4 46   0.00000000                            
PL51  -6498.227184   9573.705552  -3998.786923              
VL51  14323.049098  30505.329739  50462.226934              
*  2025  4 16  4 48   0.00000000                            
PL51  -6313.413171   9923.392379  -3387.294774              
VL51  16463.626384  27754.421833  51426.639614              
*  2025  4 16  4 50   0.00000000                            
PL51  -6103.493516  10239.318742  -2765.189632              
VL51  18505.877057  24880.298386  52230.553750              
*  2025  4 16  4 52   0.00000000                            
PL51  -5869.699231  10520.068808  -2134.414640              
VL51  20441.366484  21893.508779  52871.195499              
*  2025  4 16  4 54   0.00000000                            
PL51  -5613.359555  10764.356510  -1496.943102              
VL51  22262.164666  18805.124001  53346.313678              
*  2025  4 16  4 56   0.00000000                            
PL51  -5335.895675  10971.031542   -854.772147              
VL51  23960.882408  15626.692718  53654.190462              
*  2025  4 16  4 58   0.00000000                            
PL51  -5038.814037  11139.084818   -209.916270              
VL51  25530.705090  12370.194679  53793.650117              
*  2025  4 16  5  0   0.00000000                            
PL51  -4723.699253  11267.653351    435.599210              
VL51  26965.423839   9047.991681  53764.065674              
*  2025  4 16  5  2   0.00000000                            
PL51  -4392.206667  11356.024532   1079.744765              
VL51  28259.463867   5672.776332  53565.363481              
*  2025  4 16  5  4   0.00000000                            
PL51  -4046.054587  11403.639784   1720.493321              
VL51  29407.909825   2257.518877  53198.025571              
*  2025  4 16  5  6   0.00000000                            
PL51  -3687.016237  11410.097566   2355.826918              
VL51  30406.527978  -1184.587626  52663.089813              
*  2025  4 16  5  8   0.00000000                            
PL51  -3316.911457  11375.155708   2983.743383              
VL51  31251.785072  -4640.183476  51962.147821              
*  2025  4 16  5 10   0.00000000                            
PL51  -2937.598207  11298.733073   3602.262938              
VL51  31940.863760  -8095.799547  51097.340635              
*  2025  4 16  5 12   0.00000000                            
PL51  -2550.963899  11180.910519   4209.434766              
VL51  32471.674508 -11537.915224  50071.352183              
*  2025  4 16  5 14   0.00000000                            
PL51  -2158.916606  11021.931170   4803.343473              
VL51  32842.863890 -14953.016753  48887.400556              
*  2025  4 16  5 16   0.00000000                            
PL51  -1763.376204  10822.199981   5382.115430              
VL51  33053.819247 -18327.655687  47549.227162              
*  2025  4 16  5 18   0.00000000                            
PL51  -1366.265467  10582.282605   5943.924984              
VL51  33104.669680 -21648.507112  46061.083781              
*  2025  4 16  5 20   0.00000000                            
PL51   -969.501181  10302.903563   6487.000491              
VL51  32996.283376 -24902.427348  44427.717635              
*  2025  4 16  5 22   0.00000000                            
PL51   -574.985310   9984.943731   7009.630164              
VL51  32730.261296 -28076.510808  42654.354510              
*  2025  4 16  5 24   0.00000000                            
PL51   -184.596258   9629.437140   7510.167701              
VL51  32308.927276 -31158.145733  40746.680045              
*  2025  4 16  5 26   0.00000000                            
PL51    199.819731   9237.567130   7987.037690              
VL51  31735.314594 -34135.068492  38710.819294              
*  2025  4 16  5 28   0.00000000                            
PL51    576.456985   8810.661852   8438.740742              
VL51  31013.149121 -36995.416184  36553.314657              
*  2025  4 16  5 30   0.00000000                            
PL51    943.558599   8350.189150   8863.858367              
VL51  30146.829150 -39727.777264  34281.102324              
*  2025  4 16  5 32   0.00000000                            
PL51   1299.424366   7857.750858   9261.057547              
VL51  29141.402048 -42321.239973  31901.487349              
*  2025  4 16  5 34   0.00000000                            
PL51   1642.418413   7335.076521   9629.095008              
VL51  28002.537878 -44765.438323  29422.117500              
*  2025  4 16  5 36   0.00000000                            
PL51   1970.976497   6784.016582   9966.821168              
VL51  26736.500165 -47050.595458  26850.956005              
*  2025  4 16  5 38   0.00000000                            
PL51   2283.612944   6206.535067  10273.183759              
VL51  25350.113980 -49167.564193  24196.253347              
*  2025  4 16  5 40   0.00000000                            
PL51   2578.927173   5604.701802  10547.231094              
VL51  23850.731535 -51107.864575  21466.518226              
*  2025  4 16  5 42   0.00000000                            
PL51   2855.609816   4980.684196  10788.114994              
VL51  22246.195498 -52863.718323  18670.487838              
*  2025  4 16  5 44   0.00000000                            
PL51   3112.448364   4336.738626  10995.093346              
VL51  20544.800227 -54428.080022  15817.097593              
*  2025  4 16  5 46   0.00000000                            
PL51   3348.332347   3675.201481  11167.532296              
VL51  18755.251144 -55794.664970  12915.450394              
*  2025  4 16  5 48   0.00000000                            
PL51   3562.258019   2998.479874  11304.908076              
VL51  16886.622468 -56957.973586   9974.785631              
*  2025  4 16  5 50   0.00000000                            
PL51   3753.332518   2309.042098  11406.808454              
VL51  14948.313534 -57913.312327   7004.447979              
*  2025  4 16  5 52   0.00000000                            
PL51   3920.777499   1609.407843  11472.933810              
VL51  12950.003918 -58656.811057   4013.856145              
*  2025  4 16  5 54   0.00000000                            
PL51   4063.932229    902.138231  11503.097834              
VL51  10901.607599 -59185.436848   1012.471658              
*  2025  4 16  5 56   0.00000000                            
PL51   4182.256112    189.825701  11497.227859              
VL51   8813.226369 -59497.004191  -1990.232182              
*  2025  4 16  5 58   0.00000000                            
PL51   4275.330669   -524.916201  11455.364812              
VL51   6695.102737 -59590.181628  -4984.801103              
*  2025  4 16  6  0   0.00000000                            
PL51   4342.860934  -1239.463093  11377.662806              
VL51   4557.572518 -59464.494811  -7961.830308              
*  2025  4 16  6  2   0.00000000                            
PL51   4384.676298  -1951.190041  11264.388363              
VL51   2411.017347 -59120.326017 -10911.994483              
*  2025  4 16  6  4   0.00000000                            
PL51   4400.730767  -2657.481822  11115.919286              
VL51    265.817311 -58558.910164 -13826.077272              
*  2025  4 16  6  6   0.00000000                            
PL51   4391.102662  -3355.743111  10932.743174              
VL51  -1867.696070 -57782.327365 -16695.000133              
*  2025  4 16  6  8   0.00000000                            
PL51   4355.993761  -4043.408565  10715.455601              
VL51  -3979.286331 -56793.492104 -19509.850501              
*  2025  4 16  6 10   0.00000000                            
PL51   4295.727879  -4717.952749  10464.757960              
VL51  -6058.857799 -55596.139101 -22261.909162              
*  2025  4 16  6 12   0.00000000                            
PL51   4210.748909  -5376.899883  10181.454980              
VL51  -8096.500402 -54194.805963 -24942.676787              
*  2025  4 16  6 14   0.00000000                            
PL51   4101.618334  -6017.833355   9866.451935              
VL51 -10082.533357 -52594.812715 -27543.899526              
*  2025  4 16  6 16   0.00000000                            
PL51   3969.012215  -6638.404970   9520.751547              
VL51 -12007.547560 -50802.238341 -30057.593627              
*  2025  4 16  6 18   0.00000000                            
PL51   3813.717690  -7236.343907   9145.450606              
VL51 -13862.446513 -48823.894444 -32476.068994              
*  2025  4 16  6 20   0.00000000                            
PL51   3636.628980  -7809.465334   8741.736308              
VL51 -15638.485624 -46667.296169 -34791.951648              
*  2025  4 16  6 22   0.00000000                            
PL51   3438.742942  -8355.678664   8310.882332              
VL51 -17327.309742 -44340.630513 -36998.205022              
*  2025  4 16  6 24   0.00000000                            
PL51   3221.154179  -8872.995419   7854.244672              
VL51 -18920.988761 -41852.722189 -39088.150061              
*  2025  4 16  6 26   0.00000000                            
PL51   2985.049735  -9359.536658   7373.257228              
VL51 -20412.051194 -39212.997183 -41055.484069              
*  2025  4 16  6 28   0.00000000                            
PL51   2731.703403  -9813.539972   6869.427188              
VL51 -21793.515564 -36431.444158 -42894.298269              
*  2025  4 16  6 30   0.00000000                            
PL51   2462.469668 -10233.365988   6344.330199              
VL51 -23058.919518 -33518.573899 -44599.094037              
*  2025  4 16  6 32   0.00000000                            
PL51   2178.777311 -10617.504383   5799.605356              
VL51 -24202.346548 -30485.376934 -46164.797775              
*  2025  4 16  6 34   0.00000000                            
PL51   1882.122716 -10964.579382   5236.950020              
VL51 -25218.450241 -27343.279545 -47586.774404              
*  2025  4 16  6 36   0.00000000                            
PL51   1574.062892 -11273.354713   4658.114477              
VL51 -26102.475956 -24104.098316 -48860.839436              
*  2025  4 16  6 38   0.00000000                            
PL51   1256.208258 -11542.738010   4064.896473              
VL51 -26850.279877 -20779.993435 -49983.269626              
*  2025  4 16  6 40   0.00000000                            
PL51    930.215209 -11771.784653   3459.135618              
VL51 -27458.345361 -17383.420908 -50950.812154              
*  2025  4 16  6 42   0.00000000                            
PL51    597.778508 -11959.701028   2842.707693              
VL51 -27923.796550 -13927.083908 -51760.692356              
*  2025  4 16  6 44   0.00000000                            
PL51    260.623530 -12105.847194   2217.518875              
VL51 -28244.409196 -10423.883435 -52410.619963              
*  2025  4 16  6 46   0.00000000                            
PL51    -79.501614 -12209.738960   1585.499892              
VL51 -28418.618670  -6886.868488 -52898.793852              
*  2025  4 16  6 48   0.00000000                            
PL51   -420.834020 -12271.049362    948.600135              
VL51 -28445.525161  -3329.185975 -53223.905313              
*  2025  4 16  6 50   0.00000000                            
PL51   -761.603989 -12289.609533    308.781734              
VL51 -28324.896051    235.969454 -53385.139832              
*  2025  4 16  6 52   0.00000000                            
PL51  -1100.043033 -12265.408979   -331.986372              
VL51 -28057.165484   3795.405433 -53382.177410              
*  2025  4 16  6 54   0.00000000                            
PL51  -1434.391859 -12198.595255   -971.734368              
VL51 -27643.431175   7335.981586 -53215.191444              
*  2025  4 16  6 56   0.00000000                            
PL51  -1762.908301 -12089.473037  -1608.497469              
VL51 -27085.448473  10844.658708 -52884.846206              
*  2025  4 16  6 58   0.00000000                            
PL51  -2083.875161 -11938.502626  -2240.321785              
VL51 -26385.621757  14308.547247 -52392.292938              
*  2025  4 16  7  0   0.00000000                            
PL51  -2395.607932 -11746.297858  -2865.270140              
VL51 -25546.993203  17714.954927 -51739.164627              
*  2025  4 16  7  2   0.00000000                            
PL51  -2696.462372 -11513.623463  -3481.427811              
VL51 -24573.229008  21051.433324 -50927.569470              
*  2025  4 16  7  4   0.00000000                            
PL51  -2984.841900 -11241.391856  -4086.908187              
VL51 -23468.603135  24305.823265 -49960.083102              
*  2025  4 16  7  6   0.00000000                            
PL51  -3259.204774 -10930.659411  -4679.858323              
VL51 -22237.978669  27466.298887 -48839.739603              
*  2025  4 16  7  8   0.00000000                            
PL51  -3518.071042 -10582.622194  -5258.464385              
VL51 -20886.786879  30521.410210 -47570.021346              
*  2025  4 16  7 10   0.00000000                            
PL51  -3760.029221 -10198.611215  -5820.956962              
VL51 -19421.004072  33460.124109 -46154.847737              
*  2025  4 16  7 12   0.00000000                            
PL51  -3983.742689  -9780.087178  -6365.616237              
VL51 -17847.126361  36271.863540 -44598.562885              
*  2025  4 16  7 14   0.00000000                            
PL51  -4187.955762  -9328.634791  -6890.777001              
VL51 -16172.142444  38946.544927 -42905.922269              
*  2025  4 16  7 16   0.00000000                            
PL51  -4371.499428  -8845.956625  -7394.833513              
VL51 -14403.504514  41474.613595 -41082.078448              
*  2025  4 16  7 18   0.00000000                            
PL51  -4533.296733  -8333.866563  -7876.244166              
VL51 -12549.097418  43847.077171 -39132.565867              
*  2025  4 16  7 20   0.00000000                            
PL51  -4672.367773  -7794.282870  -8333.535979              
VL51 -10617.206178  46055.536854 -37063.284807              
*  2025  4 16  7 22   0.00000000                            
PL51  -4787.834297  -7229.220884  -8765.308886              
VL51  -8616.481997  48092.216509 -34880.484529              
*  2025  4 16  7 24   0.00000000                            
PL51  -4878.923889  -6640.785389  -9170.239818              
VL51  -6555.906881  49949.989497 -32590.745650              
*  2025  4 16  7 26   0.00000000                            
PL51  -4944.973720  -6031.162665  -9547.086569              
VL51  -4444.756983  51622.403174 -30200.961806              
*  2025  4 16  7 28   0.00000000                            
PL51  -4985.433849  -5402.612270  -9894.691441              
VL51  -2292.564809  53103.701053 -27718.320620              
*  2025  4 16  7 30   0.00000000                            
PL51  -4999.870072  -4757.458562 -10211.984654              
VL51   -109.080398  54388.842532 -25150.284032              
*  2025  4 16  7 32   0.00000000                            
PL51  -4987.966292  -4098.082003 -10497.987514              
VL51   2095.768388  55473.520172 -22504.568013              
*  2025  4 16  7 34   0.00000000                            
PL51  -4949.526411  -3426.910271 -10751.815342              
VL51   4311.916350  56354.174487 -19789.121706              
*  2025  4 16  7 36   0.00000000                            
PL51  -4884.475730  -2746.409207 -10972.680138              
VL51   6529.202070  57028.006219 -17012.106008              
*  2025  4 16  7 38   0.00000000                            
PL51  -4792.861861  -2059.073632 -11159.892995              
VL51   8737.409559  57492.986050 -14181.871644              
*  2025  4 16  7 40   0.00000000                            
PL51  -4674.855120  -1367.418062 -11312.866241              
VL51  10926.310273  57747.861762 -11306.936745              
*  2025  4 16  7 42   0.00000000                            
PL51  -4530.748434   -673.967353 -11431.115314              
VL51  13085.705411  57792.162796  -8395.963952              
*  2025  4 16  7 44   0.00000000                            
PL51  -4360.956722     18.752695 -11514.260352              
VL51  15205.468324  57626.202209  -5457.737089              
*  2025  4 16  7 46   0.00000000                            
PL51  -4166.015780    708.224734 -11562.027508              
VL51  17275.586937  57251.076019  -2501.137394              
*  2025  4 16  7 48   0.00000000                            
PL51  -3946.580648   1391.949256 -11574.249974              
VL51  19286.206033  56668.659901    464.880638              
*  2025  4 16  7 50   0.00000000                            
PL51  -3703.423478   2067.453908 -11550.868713              
VL51  21227.669274  55881.603256   3431.313808              
*  2025  4 16  7 52   0.00000000                            
PL51  -3437.430897   2732.302730 -11491.932894              
VL51  23090.560814  54893.320604   6389.135123              
*  2025  4 16  7 54   0.00000000                            
PL51  -3149.600873   3384.105273 -11397.600027              
VL51  24865.746359  53707.980323   9329.319038              
*  2025  4 16  7 56   0.00000000                            
PL51  -2841.039093   4020.525564 -11268.135792              
VL51  26544.413538  52330.490702  12242.867014              
*  2025  4 16  7 58   0.00000000                            
PL51  -2512.954866   4639.290885 -11103.913559              
VL51  28118.111422  50766.483319  15120.833339              
*  2025  4 16  8  0   0.00000000                            
PL51  -2166.656546   5238.200343 -10905.413602              
VL51  29578.789035  49022.293739  17954.351180              
*  2025  4 16  8  2   0.00000000                            
PL51  -1803.546515   5815.133188 -10673.221992              
VL51  30918.832704  47104.939545  20734.658829              
*  2025  4 16  8  4   0.00000000                            
PL51  -1425.115714   6368.056849 -10408.029176              
VL51  32131.102072  45022.095708  23453.126062              
*  2025  4 16  8  6   0.00000000                            
PL51  -1032.937753   6895.034666 -10110.628244              
VL51  33208.964618  42782.067338  26101.280581              
*  2025  4 16  8  8   0.00000000                            
PL51   -628.662622   7394.233272  -9781.912874              
VL51  34146.328505  40393.759826  28670.834451              
*  2025  4 16  8 10   0.00000000                            
PL51   -214.010013   7863.929606  -9422.874962              
VL51  34937.673580  37866.646449  31153.710464              
*  2025  4 16  8 12   0.00000000                            
PL51    209.237718   8302.517521  -9034.601932              
VL51  35578.080370  35210.733479  33542.068344              
*  2025  4 16  8 14   0.00000000                            
PL51    639.242918   8708.513957  -8618.273743              
VL51  36063.256883  32436.522871  35828.330707              
*  2025  4 16  8 16   0.00000000                            
PL51   1074.120322   9080.564655  -8175.159575              
VL51  36389.563047  29554.972618  38005.208666              
*  2025  4 16  8 18   0.00000000                            
PL51   1511.945002   9417.449379  -7706.614219              
VL51  36554.032630  26577.454882  40065.726992              
*  2025  4 16  8 20   0.00000000                            
PL51   1950.760581   9718.086627  -7214.074162              
VL51  36554.392464  23515.712002  42003.248697              
*  2025  4 16  8 22   0.00000000                            
PL51   2388.587640   9981.537794  -6699.053387              
VL51  36389.078831  20381.810544  43811.498943              
*  2025  4 16  8 24   0.00000000                            
PL51   2823.432325  10207.010786  -6163.138885              
VL51  36057.250849  17188.093517  45484.588133              
*  2025  4 16  8 26   0.00000000                            
PL51   3253.295081  10393.863032  -5607.985900              
VL51  35558.800743  13947.130956  47017.034067              
*  2025  4 16  8 28   0.00000000                            
PL51   3676.179492  10541.603913  -5035.312913              
VL51  34894.360860  10671.669050  48403.783033              
*  2025  4 16  8 30   0.00000000                            
PL51   4090.101194  10649.896562  -4446.896377              
VL51  34065.307335   7374.578031  49640.229699              
*  2025  4 16  8 32   0.00000000                            
PL51   4493.096801  10718.559030  -3844.565226              
VL51  33073.760312   4068.799045  50722.235673              
*  2025  4 16  8 34   0.00000000                            
PL51   4883.232818  10747.564823  -3230.195166              
VL51  31922.580662    767.290262  51646.146608              
*  2025  4 16  8 36   0.00000000                            
PL51   5258.614493  10737.042772  -2605.702772              
VL51  30615.363135  -2517.027520  52408.807729              
*  2025  4 16  8 38   0.00000000                            
PL51   5617.394564  10687.276260  -1973.039412              
VL51  29156.425944  -5771.325516  53007.577666              
*  2025  4 16  8 40   0.00000000                            
PL51   5957.781859  10598.701793  -1334.185005              
VL51  27550.796758  -8982.921538  53440.340491              
*  2025  4 16  8 42   0.00000000                            
PL51   6278.049709  10471.906910   -691.141659              
VL51  25804.195145 -12139.334257  53705.515853              
*  2025  4 16  8 44   0.00000000                            
PL51   6576.544130  10307.627452    -45.927190              
VL51  23923.011511 -15228.336830  53802.067144              
*  2025  4 16  8 46   0.00000000                            
PL51   6851.691723  10106.744192    599.431440              
VL51  21914.282591 -18238.009625  53729.507605              
*  2025  4 16  8 48   0.00000000                            
PL51   7102.007273   9870.278838   1242.904748              
VL51  19785.663612 -21156.791717  53487.904322              
*  2025  4 16  8 50   0.00000000                            
PL51   7326.100986   9599.389423   1882.467390              
VL51  17545.397223 -23973.530908  53077.880064              
*  2025  4 16  8 52   0.00000000                            
PL51   7522.685331   9295.365116   2516.104829              
VL51  15202.279352 -26677.531955  52500.612919              
*  2025  4 16  8 54   0.00000000                            
PL51   7690.581467   8959.620450   3141.819984              
VL51  12765.622140 -29258.602746  51757.833721              
*  2025  4 16  8 56   0.00000000                            
PL51   7828.725199   8593.689030   3757.639838              
VL51  10245.214158 -31707.098158  50851.821242              
*  2025  4 16  8 58   0.00000000                            
PL51   7936.172439   8199.216708   4361.621974              
VL51   7651.278086 -34013.961339  49785.395176              
*  2025  4 16  9  0   0.00000000                            
PL51   8012.104159   7777.954296   4951.861010              
VL51   4994.426114 -36170.762178  48561.906930              
*  2025  4 16  9  2   0.00000000                            
PL51   8055.830779   7331.749830   5526.494917              
VL51   2285.613285 -38169.732745  47185.228275              
*  2025  4 16  9  4   0.00000000                            
PL51   8066.795995   6862.540424   6083.711182              
VL51   -463.910945 -40003.799506  45659.737908              
*  2025  4 16  9  6   0.00000000                            
PL51   8044.580015   6372.343760   6621.752803              
VL51  -3242.652675 -41666.612139  43990.306015              
*  2025  4 16  9  8   0.00000000                            
PL51   7988.902184   5863.249261   7138.924083              
VL51  -6038.924766 -43152.568808  42182.276903              
*  2025  4 16  9 10   0.00000000                            
PL51   7899.622993   5337.408967   7633.596205              
VL51  -8840.899018 -44456.837775  40241.449830              
*  2025  4 16  9 12   0.00000000                            
PL51   7776.745452   4797.028189   8104.212571              
VL51 -11636.659021 -45575.375257  38174.058118              
*  2025  4 16  9 14   0.00000000                            
PL51   7620.415833   4244.355965   8549.293875              
VL51 -14414.253412 -46504.939458  35986.746680              
*  2025  4 16  9 16   0.00000000                            
PL51   7430.923766   3681.675366   8967.442901              
VL51 -17161.749246 -47243.100748  33686.548086              
*  2025  4 16  9 18   0.00000000                            
PL51   7208.701698   3111.293716   9357.349022              
VL51 -19867.285210 -47788.247961  31280.857304              
*  2025  4 16  9 20   0.00000000                            
PL51   6954.323722   2535.532745   9717.792396              
VL51 -22519.124421 -48139.590827  28777.405230              
*  2025  4 16  9 22   0.00000000                            
PL51   6668.503761   1956.718749  10047.647828              
VL51 -25105.706526 -48297.158574  26184.231171              
*  2025  4 16  9 24   0.00000000                            
PL51   6352.093151   1377.172777  10345.888306              
VL51 -27615.698879 -48261.794759  23509.654397              
*  2025  4 16  9 26   0.00000000                            
PL51   6006.077600    799.200915  10611.588179              
VL51 -30038.046543 -48035.148387  20762.244908              
*  2025  4 16  9 28   0.00000000                            
PL51   5631.573566    225.084686  10843.925996              
VL51 -32362.020894 -47619.661446  17950.793548              
*  2025  4 16  9 30   0.00000000                            
PL51   5229.824058   -342.928368  11042.186967              
VL51 -34577.266615 -47018.552935  15084.281586              
*  2025  4 16  9 32   0.00000000                            
PL51   4802.193880   -902.633902  11205.765064              
VL51 -36673.846880 -46235.799535  12171.849907              
*  2025  4 16  9 34   0.00000000                            
PL51   4350.164351  -1451.879725  11334.164755              
VL51 -38642.286540 -45276.113046   9222.767909              
*  2025  4 16  9 36   0.00000000                            
PL51   3875.327516  -1988.574472  11427.002355              
VL51 -40473.613124 -44144.914752   6246.402252              
*  2025  4 16  9 38   0.00000000                            
PL51   3379.379878  -2510.695948  11484.007005              
VL51 -42159.395502 -42848.306855   3252.185556              
*  2025  4 16  9 40   0.00000000                            
PL51   2864.115685  -3016.299117  11505.021278              
VL51 -43691.780052 -41393.041174    249.585183              
*  2025  4 16  9 42   0.00000000                            
PL51   2331.419792  -3503.523692  11490.001407              
VL51 -45063.524189 -39786.485269  -2751.927802              
*  2025  4 16  9 44   0.00000000                            
PL51   1783.260147  -3970.601313  11439.017148              
VL51 -46268.027154 -38036.586204  -5742.909361              
*  2025  4 16  9 46   0.00000000                            
PL51   1221.679911  -4415.862269  11352.251271              
VL51 -47299.357948 -36151.832135  -8713.972816              
*  2025  4 16  9 48   0.00000000                            
PL51    648.789274  -4837.741752  11229.998690              
VL51 -48152.280329 -34141.211934 -11655.818686              
*  2025  4 16  9 50   0.00000000                            
PL51     66.756981  -5234.785619  11072.665247              
VL51 -48822.274804 -32014.173065 -14559.263934              
*  2025  4 16  9 52   0.00000000                            
PL51   -522.198386  -5605.655625  10880.766136              
VL51 -49305.557572 -29780.577912 -17415.270568              
*  2025  4 16  9 54   0.00000000                            
PL51  -1115.817334  -5949.134143  10654.923998              
VL51 -49599.096347 -27450.658763 -20214.973508              
*  2025  4 16  9 56   0.00000000                            
PL51  -1711.808557  -6264.128321  10395.866680              
VL51 -49700.623055 -25034.971671 -22949.707672              
*  2025  4 16  9 58   0.00000000                            
PL51  -2307.858168  -6549.673686  10104.424680              
VL51 -49608.643349 -22544.349359 -25611.034211              
*  2025  4 16 10  0   0.00000000                            
PL51  -2901.639021  -6804.937181   9781.528277              
VL51 -49322.442941 -19989.853405 -28190.765835              
*  2025  4 16 10  2   0.00000000                            
PL51  -3490.820097  -7029.219618   9428.204366              
VL51 -48842.090718 -17382.725879 -30680.991179              
*  2025  4 16 10  4   0.00000000                            
PL51  -4073.075904  -7221.957554   9045.573006              
VL51 -48168.438662 -14734.340643 -33074.098118              
*  2025  4 16 10  6   0.00000000                            
PL51  -4646.095858  -7382.724579   8634.843694              
VL51 -47303.118567 -12056.154519 -35362.795993              
*  2025  4 16 10  8   0.00000000                            
PL51  -5207.593605  -7511.232019   8197.311380              
VL51 -46248.535605  -9359.658535 -37540.136672              
*  2025  4 16 10 10   0.00000000                            
PL51  -5755.316245  -7607.329054   7734.352236              
VL51 -45007.858764  -6656.329441 -39599.534389              
*  2025  4 16 10 12   0.00000000                            
PL51  -6287.053430  -7671.002260   7247.419198              
VL51 -43585.008236  -3957.581709 -41534.784318              
*  2025  4 16 10 14   0.00000000                            
PL51  -6800.646283  -7702.374576   6738.037285              
VL51 -41984.639826  -1274.720210 -43340.079829              
*  2025  4 16 10 16   0.00000000                            
PL51  -7293.996120  -7701.703708   6207.798726              
VL51 -40212.126458   1381.106257 -45010.028407              
*  2025  4 16 10 18   0.00000000                            
PL51  -7765.072930  -7669.379983   5658.357903              
VL51 -38273.536888   3998.950372 -46539.666178              
*  2025  4 16 10 20   0.00000000                            
PL51  -8211.923582  -7605.923669   5091.426128              
VL51 -36175.611704   6568.110498 -47924.471052              
*  2025  4 16 10 22   0.00000000                            
PL51  -8632.679734  -7511.981760   4508.766264              
VL51 -33925.736753   9078.173491 -49160.374420              
*  2025  4 16 10 24   0.00000000                            
PL51  -9025.565400  -7388.324273   3912.187227              
VL51 -31531.914083  11519.055967 -50243.771424              
*  2025  4 16 10 26   0.00000000                            
PL51  -9388.904159  -7235.840046   3303.538365              
VL51 -29002.730555  13881.043873 -51171.529757              
*  2025  4 16 10 28   0.00000000                            
PL51  -9721.125977  -7055.532083   2684.703739              
VL51 -26347.324252  16154.830210 -51940.996992              
*  2025  4 16 10 30   0.00000000                            
PL51 -10020.773604  -6848.512446   2057.596330              
VL51 -23575.348816  18331.550785 -52550.006438              
*  2025  4 16 10 32   0.00000000                            
PL51 -10286.508542  -6615.996744   1424.152183              
VL51 -20696.935894  20402.817852 -52996.881505              
*  2025  4 16 10 34   0.00000000                            
PL51 -10517.116545  -6359.298221    786.324507              
VL51 -17722.655841  22360.751526 -53280.438595              
*  2025  4 16 10 36   0.00000000                            
PL51 -10711.512640  -6079.821486    146.077747              
VL51 -14663.476849  24198.008875 -53399.988527              
*  2025  4 16 10 38   0.00000000                            
PL51 -10868.745648  -5779.055908   -494.618349              
VL51 -11530.722674  25907.810579 -53355.336499              
*  2025  4 16 10 40   0.00000000                            
PL51 -10988.002191  -5458.568702  -1133.794653              
VL51  -8336.029155  27483.965080 -53146.780627              
*  2025  4 16 10 42   0.00000000                            
PL51 -11068.610173  -5119.997748  -1769.488562              
VL51  -5091.299682  28920.890161 -52775.109074              
*  2025  4 16 10 44   0.00000000                            
PL51 -11110.041717  -4765.044159  -2399.749846              
VL51  -1808.659815  30213.631884 -52241.595814              
*  2025  4 16 10 46   0.00000000                            
PL51 -11111.915555  -4395.464643  -3022.646454              
VL51   1499.588778  31357.880851 -51547.995068              
*  2025  4 16 10 48   0.00000000                            
PL51 -11073.998863  -4013.063686  -3636.270232              
VL51   4821.014879  32349.985758 -50696.534453              
*  2025  4 16 10 50   0.00000000                            
PL51 -10996.208536  -3619.685583  -4238.742558              
VL51   8143.104610  33186.964228 -49689.906893              
*  2025  4 16 10 52   0.00000000                            
PL51 -10878.611894  -3217.206365  -4828.219873              
VL51  11453.308484  33866.510908 -48531.261334              
*  2025  4 16 10 54   0.00000000                            
PL51 -10721.426831  -2807.525635  -5402.899085              
VL51  14739.088447  34387.002840 -47224.192320              
*  2025  4 16 10 56   0.00000000                            
PL51 -10525.021395  -2392.558363  -5961.022859              
VL51  17987.964759  34747.502119 -45772.728469              
*  2025  4 16 10 58   0.00000000                            
PL51 -10289.912807  -1974.226662  -6500.884742              
VL51  21187.562549  34947.755850 -44181.319892              
*  2025  4 16 11  0   0.00000000                            
PL51 -10016.765925  -1554.451582  -7020.834144              
VL51  24325.657909  34988.193454 -42454.824620              
*  2025  4 16 11  2   0.00000000                            
PL51  -9706.391163  -1135.144953  -7519.281148              
VL51  27390.223348  34869.921331 -40598.494074              
*  2025  4 16 11  4   0.00000000                            
PL51  -9359.741862   -718.201301  -7994.701137              
VL51  30369.472499  34594.714960 -38617.957627              
*  2025  4 16 11  6   0.00000000                            
PL51  -8977.911131   -305.489887  -8445.639233              
VL51  33251.903910  34165.008457 -36519.206323              
*  2025  4 16 11  8   0.00000000                            
PL51  -8562.128176    101.153130  -8870.714535              
VL51  36026.343823  33583.881684 -34308.575784              
*  2025  4 16 11 10   0.00000000                            
PL51  -8113.754111    499.932345  -9268.624150              
VL51  38681.987773  32855.044948 -31992.728365              
*  2025  4 16 11 12   0.00000000                            
PL51  -7634.277286    889.100575  -9638.146999              
VL51  41208.440929  31982.821384 -29578.634605              
*  2025  4 16 11 14   0.00000000                            
PL51  -7125.308134   1266.966091  -9978.147404              
VL51  43595.757058  30972.127097 -27073.554004              
*  2025  4 16 11 16   0.00000000                            
PL51  -6588.573567   1631.899609 -10287.578436              
VL51  45834.475992  29828.449140 -24485.015185              
*  2025  4 16 11 18   0.00000000                            
PL51  -6025.910918   1982.340993 -10565.485021              
VL51  47915.659532  28557.821418 -21820.795450              
*  2025  4 16 11 20   0.00000000                            
PL51  -5439.261478   2316.805668 -10811.006802              
VL51  49830.925658  27166.798600 -19088.899798              
*  2025  4 16 11 22   0.00000000                            
PL51  -4830.663620   2633.890698 -11023.380738              
VL51  51572.480989  25662.428145 -16297.539388              
*  2025  4 16 11 24   0.00000000                            
PL51  -4202.245552   2932.280527 -11201.943453              
VL51  53133.151381  24052.220508 -13455.109519              
*  2025  4 16 11 26   0.00000000                            
PL51  -3556.217713   3210.752346 -11346.133304              
VL51  54506.410591  22344.117640 -10570.167109              
*  2025  4 16 11 28   0.00000000                            
PL51  -2894.864834   3468.181072 -11455.492186              
VL51  55686.406905  20546.459867  -7651.407725              
*  2025  4 16 11 30   0.00000000                            
PL51  -2220.537697   3703.543925 -11529.667058              
VL51  56667.987671  18667.951249  -4707.642165              
*  2025  4 16 11 32   0.00000000                            
PL51  -1535.644608   3915.924576 -11568.411178              
VL51  57446.721624  16717.623516  -1747.772613              
*  2025  4 16 11 34   0.00000000                            
PL51   -842.642618   4104.516857 -11571.585061              
VL51  58018.918936  14704.798681   1219.231611              
*  2025  4 16 11 36   0.00000000                            
PL51   -144.028518   4268.628012 -11539.157130              
VL51  58381.648891  12639.050441   4184.358684              
*  2025  4 16 11 38   0.00000000                            
PL51    557.670364   4407.681483 -11471.204083              
VL51  58532.755102  10530.164464   7138.579292              
*  2025  4 16 11 40   0.00000000                            
PL51   1259.905533   4521.219208 -11367.910947              
VL51  58470.868166   8388.097691  10072.871965              
*  2025  4 16 11 42   0.00000000                            
PL51   1960.116838   4608.903428 -11229.570831              
VL51  58195.415688   6222.936761  12978.248728              
*  2025  4 16 11 44   0.00000000                            
PL51   2655.742075   4670.517993 -11056.584370              
VL51  57706.629554   4044.855698  15845.781010              
*  2025  4 16 11 46   0.00000000                            
PL51   3344.226675   4705.969148 -10849.458855              
VL51  57005.550395   1864.072982  18666.625780              
*  2025  4 16 11 48   0.00000000                            
PL51   4023.033416   4715.285811 -10608.807047              
VL51  56094.029152   -309.191837  21432.051843              
*  2025  4 16 11 50   0.00000000                            
PL51   4689.652145   4698.619324 -10335.345681              
VL51  54974.725659  -2464.761844  24133.466251              
*  2025  4 16 11 52   0.00000000                            
PL51   5341.609460   4656.242675 -10029.893644              
VL51  53651.104194  -4592.546626  26762.440761              
*  2025  4 16 11 54   0.00000000                            
PL51   5976.478320   4588.549199  -9693.369841              
VL51  52127.425918  -6682.586129  29310.738273              
*  2025  4 16 11 56   0.00000000                            
PL51   6591.887548   4496.050752  -9326.790745              
VL51  50408.738162  -8725.094344  31770.339160              
*  2025  4 16 11 58   0.00000000                            
PL51   7185.531182   4379.375360  -8931.267628              
VL51  48500.860511 -10710.502640  34133.467422              
*  2025  4 16 12  0   0.00000000                            
PL51   7755.177647   4239.264354  -8508.003483              
VL51  46410.367656 -12629.502549  36392.616554              
*  2025  4 16 12  2   0.00000000                            
PL51   8298.678693   4076.568994  -8058.289635              
VL51  44144.569004 -14473.087837  38540.575036              
*  2025  4 16 12  4   0.00000000                            
PL51   8813.978075   3892.246598  -7583.502055              
VL51  41711.485033 -16232.595626  40570.451340              
*  2025  4 16 12  6   0.00000000                            
PL51   9299.119928   3687.356176  -7085.097368              
VL51  39119.820417 -17899.746406  42475.698328              
*  2025  4 16 12  8   0.00000000                            
PL51   9752.256799   3463.053597  -6564.608579              
VL51  36378.933963 -19466.682701  44250.136944              
*  2025  4 16 12 10   0.00000000                            
PL51  10171.657301   3220.586301  -6023.640521              
VL51  33498.805390 -20926.006199  45887.979055              
*  2025  4 16 12 12   0.00000000                            
PL51  10555.713348   2961.287578  -5463.865025              
VL51  30489.999055 -22270.813133  47383.849337              
*  2025  4 16 12 14   0.00000000                            
PL51  10902.946942   2686.570424  -4887.015848              
VL51  27363.624700 -23494.727708  48732.806063              
*  2025  4 16 12 16   0.00000000                            
PL51  11212.016463   2397.921022  -4294.883347              
VL51  24131.295348 -24591.933374  49930.360662              
*  2025  4 16 12 18   0.00000000                            
PL51  11481.722444   2096.891850  -3689.308931              
VL51  20805.082501 -25557.201743  50972.495936              
*  2025  4 16 12 20   0.00000000                            
PL51  11711.012793   1785.094466  -3072.179302              
VL51  17397.468798 -26385.918957  51855.682781              
*  2025  4 16 12 22   0.00000000                            
PL51  11898.987428   1464.191987  -2445.420506              
VL51  13921.298334 -27074.109338  52576.895325              
*  2025  4 16 12 24   0.00000000                            
PL51  12044.902308   1135.891303  -1810.991814              
VL51  10389.724852 -27618.456140  53133.624336              
*  2025  4 16 12 26   0.00000000                            
PL51  12148.172826    801.935064  -1170.879447              
VL51   6816.158055 -28016.319264  53523.888818              
*  2025  4 16 12 28   0.00000000                            
PL51  12208.376551    464.093464   -527.090180              
VL51   3214.208280 -28265.749780  53746.245693              
*  2025  4 16 12 30   0.00000000                            
PL51  12225.255298    124.155880    118.355161              
VL51   -402.370187 -28365.501168  53799.797471              
*  2025  4 16 12 32   0.00000000                            
PL51  12198.716510   -216.077607    763.428285              
VL51  -4019.736865 -28315.037143  53684.197864              
*  2025  4 16 12 34   0.00000000                            
PL51  12128.833937   -554.804767   1406.100070              
VL51  -7624.023607 -28114.536016  53399.655243              
*  2025  4 16 12 36   0.00000000                            
PL51  12015.847622   -890.229802   2044.347229              
VL51 -11201.393579 -27764.891516  52946.933923              
*  2025  4 16 12 38   0.00000000                            
PL51  11860.163163  -1220.571919   2676.158980              
VL51 -14738.100378 -27267.710053  52327.353228              
*  2025  4 16 12 40   0.00000000                            
PL51  11662.350280  -1544.073851   3299.543687              
VL51 -18220.546956 -26625.304401  51542.784321              
*  2025  4 16 12 42   0.00000000                            
PL51  11423.140668  -1859.010271   3912.535456              
VL51 -21635.344015 -25840.683837  50595.644805              
*  2025  4 16 12 44   0.00000000                            
PL51  11143.425159  -2163.696080   4513.200642              
VL51 -24969.367554 -24917.540762  49488.891114              
*  2025  4 16 12 46   0.00000000                            
PL51  10824.250198  -2456.494503   5099.644266              
VL51 -28209.815245 -23860.233880  48226.008729              
*  2025  4 16 12 48   0.00000000                            
PL51  10466.813655  -2735.824968   5670.016288              
VL51 -31344.261328 -22673.768027  46811.000271              
*  2025  4 16 12 50   0.00000000                            
PL51  10072.459979  -3000.170724   6222.517734              
VL51 -34360.709723 -21363.770762  45248.371542              
*  2025  4 16 12 52   0.00000000                            
PL51   9642.674741  -3248.086154   6755.406640              
VL51 -37247.645087 -19936.465847  43543.115577              
*  2025  4 16 12 54   0.00000000                            
PL51   9179.078567  -3478.203757   7267.003796              
VL51 -39994.081540 -18398.643783  41700.694826              
*  2025  4 16 12 56   0.00000000                            
PL51   8683.420501  -3689.240761   7755.698256              
VL51 -42589.608811 -16757.629565  39727.021532              
*  2025  4 16 12 58   0.00000000                            
PL51   8157.570842  -3880.005326   8219.952619              
VL51 -45024.435596 -15021.247839  37628.436443              
*  2025  4 16 13  0   0.00000000                            
PL51   7603.513466  -4049.402322   8658.308026              
VL51 -47289.429893 -13197.785668  35411.685957              
*  2025  4 16 13  2   0.00000000                            
PL51   7023.337691  -4196.438640   9069.388891              
VL51 -49376.156155 -11295.953124  33083.897832              
*  2025  4 16 13  4   0.00000000                            
PL51   6419.229710  -4320.228027   9451.907321              
VL51 -51276.909080  -9324.841913  30652.555593              
*  2025  4 16 13  6   0.00000000                            
PL51   5793.463647  -4419.995403   9804.667226              
VL51 -52984.743915  -7293.882280  28125.471763              
*  2025  4 16 13  8   0.00000000                            
PL51   5148.392264  -4495.080661  10126.568102              
VL51 -54493.503147  -5212.798422  25510.760062              
*  2025  4 16 13 10   0.00000000                            
PL51   4486.437371  -4544.941919  10416.608475              
VL51 -55797.839508  -3091.562660  22816.806719              
*  2025  4 16 13 12   0.00000000                            
PL51   3810.079988  -4569.158219  10673.888992              
VL51 -56893.235210   -940.348598  20052.241016              
*  2025  4 16 13 14   0.00000000                            
PL51   3121.850291  -4567.431655  10897.615161              
VL51 -57776.017393   1230.516472  17225.905229              
*  2025  4 16 13 16   0.00000000                            
PL51   2424.317401  -4539.588931  11087.099722              
VL51 -58443.369743   3410.599680  14346.824069              
*  2025  4 16 13 18   0.00000000                            
PL51   1720.079057  -4485.582337  11241.764652              
VL51 -58893.340297   5589.410973  11424.173789              
*  2025  4 16 13 20   0.00000000                            
PL51   1011.751209  -4405.490143  11361.142797              
VL51 -59124.845457   7756.451549   8467.251051              
*  2025  4 16 13 22   0.00000000                            
PL51    301.957600  -4299.516418  11444.879128              
VL51 -59137.670254   9901.262104   5485.441702              
*  2025  4 16 13 24   0.00000000                            
PL51   -406.680645  -4167.990265  11492.731628              
VL51 -58932.464914  12013.470679   2488.189548              
*  2025  4 16 13 26   0.00000000                            
PL51  -1111.555361  -4011.364490  11504.571794              
VL51 -58510.737816  14082.839888   -515.034749              
*  2025  4 16 13 28   0.00000000                            
PL51  -1810.081581  -3830.213708  11480.384781              
VL51 -57874.844912  16099.313312  -3514.764560              
*  2025  4 16 13 30   0.00000000                            
PL51  -2499.707628  -3625.231897  11420.269163              
VL51 -57027.975710  18053.060890  -6501.567876              
*  2025  4 16 13 32   0.00000000                            
PL51  -3177.925012  -3397.229417  11324.436343              
VL51 -55974.135918  19934.523085  -9466.077489              
*  2025  4 16 13 34   0.00000000                            
PL51  -3842.278112  -3147.129504  11193.209589              
VL51 -54718.126872  21734.453664 -12399.020692              
*  2025  4 16 13 36   0.00000000                            
PL51  -4490.373576  -2875.964262  11027.022731              
VL51 -53265.521860  23443.960911 -15291.248410              
*  2025  4 16 13 38   0.00000000                            
PL51  -5119.889434  -2584.870171  10826.418504              
VL51 -51622.639478  25054.547107 -18133.763675              
*  2025  4 16 13 40   0.00000000                            
PL51  -5728.583863  -2275.083129  10592.046551              
VL51 -49796.514164  26558.146123 -20917.749370              
*  2025  4 16 13 42   0.00000000                            
PL51  -6314.303590  -1947.933063  10324.661111              
VL51 -47794.864051  27947.158978 -23634.595168              
*  2025  4 16 13 44   0.00000000                            
PL51  -6874.991889  -1604.838111  10025.118372              
VL51 -45626.056315  29214.487219 -26275.923586              
*  2025  4 16 13 46   0.00000000                            
PL51  -7408.696153  -1247.298438   9694.373531              
VL51 -43299.070166  30353.564014 -28833.615095              
*  2025  4 16 13 48   0.00000000                            
PL51  -7913.574999   -876.889674   9333.477549              
VL51 -40823.457680  31358.382819 -31299.832219              
*  2025  4 16 13 50   0.00000000                            
PL51  -8387.904903   -495.256033   8943.573629              
VL51 -38209.302621  32223.523541 -33667.042561              
*  2025  4 16 13 52   0.00000000                            
PL51  -8830.086323   -104.103135   8525.893422              
VL51 -35467.177469  32944.176082 -35928.040707              
*  2025  4 16 13 54   0.00000000                            
PL51  -9238.649296    294.809447   8081.752979              
VL51 -32608.098820  33516.161197 -38075.968947              
*  2025  4 16 13 56   0.00000000                            
PL51  -9612.258493    699.675864   7612.548459              
VL51 -29643.481363  33935.948589 -40104.336774              
*  2025  4 16 13 58   0.00000000                            
PL51  -9949.717716   1108.651877   7119.751611              
VL51 -26585.090622  34200.672189 -42007.039114              
*  2025  4 16 14  0   0.00000000                            
PL51 -10249.973814   1519.862901   6604.905047              
VL51 -23444.994664  34308.142571 -43778.373238              
*  2025  4 16 14  2   0.00000000                            
PL51 -10512.120026   1931.412188   6069.617320              
VL51 -20235.514983  34256.856469 -45413.054339              
*  2025  4 16 14  4   0.00000000                            
PL51 -10735.398719   2341.389102   5515.557822              
VL51 -16969.176741  34046.003378 -46906.229718              
*  2025  4 16 14  6   0.00000000                            
PL51 -10919.203535   2747.877458   4944.451519              
VL51 -13658.658583  33675.469224 -48253.491566              
*  2025  4 16 14  8   0.00000000                            
PL51 -11063.080926   3148.963885   4358.073544              
VL51 -10316.742225  33145.837109 -49450.888317              
*  2025  4 16 14 10   0.00000000                            
PL51 -11166.731092   3542.746183   3758.243661              
VL51  -6956.262020  32458.385154 -50494.934543              
*  2025  4 16 14 12   0.00000000                            
PL51 -11230.008312   3927.341635   3146.820620              
VL51  -3590.054684  31615.081444 -51382.619387              
*  2025  4 16 14 14   0.00000000                            
PL51 -11252.920666   4300.895246   2525.696418              
VL51   -230.909408  30618.576146 -52111.413513              
*  2025  4 16 14 16   0.00000000                            
PL51 -11235.629175   4661.587858   1896.790488              
VL51   3108.481467  29472.190826 -52679.274585              
*  2025  4 16 14 18   0.00000000                            
PL51 -11178.446342   5007.644140   1262.043827              
VL51   6415.571032  28179.905035 -53084.651259              
*  2025  4 16 14 20   0.00000000                            
PL51 -11081.834122   5337.340382    623.413087              
VL51   9678.005438  26746.340244 -53326.485705              
*  2025  4 16 14 22   0.00000000                            
PL51 -10946.401327   5649.012090    -17.135348              
VL51  12883.670420  25176.741201 -53404.214674              
*  2025  4 16 14 24   0.00000000                            
PL51 -10772.900471   5941.061344   -657.631307              
VL51  16020.736528  23476.954815 -53317.769115              
*  2025  4 16 14 26   0.00000000                            
PL51 -10562.224098   6211.963884  -1296.106744              
VL51  19077.702915  21653.406655 -53067.572383              
*  2025  4 16 14 28   0.00000000                            
PL51 -10315.400575   6460.275899  -1930.601632              
VL51  22043.439523  19713.075180 -52654.537033              
*  2025  4 16 14 30   0.00000000                            
PL51 -10033.589404   6684.640501  -2559.169810              
VL51  24907.227521  17663.463827 -52080.060258              
*  2025  4 16 14 32   0.00000000                            
PL51  -9718.076051   6883.793841  -3179.884760              
VL51  27658.797858  15512.571065 -51346.017992              
*  2025  4 16 14 34   0.00000000                            
PL51  -9370.266327   7056.570866  -3790.845315              
VL51  30288.367804  13268.858569 -50454.757716              
*  2025  4 16 14 36   0.00000000                            
PL51  -8991.680347   7201.910676  -4390.181263              
VL51  32786.675352  10941.217639 -49409.090020              
*  2025  4 16 14 38   0.00000000                            
PL51  -8583.946082   7318.861466  -4976.058850              
VL51  35145.011405   8538.934015 -48212.278972              
*  2025  4 16 14 40   0.00000000                            
PL51  -8148.792546   7406.585047  -5546.686162              
VL51  37355.249623   6071.651226 -46868.031340              
*  2025  4 16 14 42   0.00000000                            
PL51  -7688.042633   7464.360909  -6100.318358              
VL51  39409.873890   3549.332637 -45380.484730              
*  2025  4 16 14 44   0.00000000                            
PL51  -7203.605641   7491.589825  -6635.262775              
VL51  41302.003305    982.222316 -43754.194698              
*  2025  4 16 14 46   0.00000000                            
PL51  -6697.469517   7487.796982  -7149.883852              
VL51  43025.414674  -1619.195112 -41994.120885              
*  2025  4 16 14 48   0.00000000                            
PL51  -6171.692837   7452.634621  -7642.607895              
VL51  44574.562448  -4244.235493 -40105.612244              
*  2025  4 16 14 50   0.00000000                            
PL51  -5628.396570   7385.884182  -8111.927657              
VL51  45944.596087  -6882.056905 -38094.391391              
*  2025  4 16 14 52   0.00000000                            
PL51  -5069.755648   7287.457942  -8556.406721              
VL51  47131.374822  -9521.702027 -35966.538156              
*  2025  4 16 14 54   0.00000000                            
PL51  -4497.990369   7157.400144  -8974.683686              
VL51  48131.479829 -12152.140973 -33728.472344              
*  2025  4 16 14 56   0.00000000                            
PL51  -3915.357677   6995.887612  -9365.476141              
VL51  48942.223759 -14762.314439 -31386.935781              
*  2025  4 16 14 58   0.00000000                            
PL51  -3324.142339   6803.229838  -9727.584412              
VL51  49561.657682 -17341.177078 -28948.973662              
*  2025  4 16 15  0   0.00000000                            
PL51  -2726.648058   6579.868559 -10059.895095              
VL51  49988.575410 -19877.740921 -26421.915231              
*  2025  4 16 15  2   0.00000000                            
PL51  -2125.188543   6326.376807 -10361.384340              
VL51  50222.515218 -22361.118753 -23813.353843              
*  2025  4 16 15  4   0.00000000                            
PL51  -1522.078579   6043.457440 -10631.120901              
VL51  50263.758978 -24780.567283 -21131.126428              
*  2025  4 16 15  6   0.00000000                            
PL51   -919.625124   5731.941154 -10868.268928              
VL51  50113.328725 -27125.530015 -18383.292375              
*  2025  4 16 15  8   0.00000000                            
PL51   -320.118460   5392.783995 -11072.090514              
VL51  49772.980656 -29385.679653 -15578.111891              
*  2025  4 16 15 10   0.00000000                            
PL51    274.176570   5027.064349 -11241.947968              
VL51  49245.196618 -31550.959951 -12724.023828              
*  2025  4 16 15 12   0.00000000                            
PL51    861.029204   4635.979444 -11377.305823              
VL51  48533.173079 -33611.626849  -9829.623025              
*  2025  4 16 15 14   0.00000000                            
PL51   1438.251261   4220.841364 -11477.732572              
VL51  47640.807632 -35558.288794  -6903.637176              
*  2025  4 16 15 16   0.00000000                            
PL51   2003.705458   3783.072576 -11542.902117              
VL51  46572.683056 -37381.946098  -3954.903252              
*  2025  4 16 15 18   0.00000000                            
PL51   2555.313527   3324.201003 -11572.594943              
VL51  45334.048971 -39074.029205   -992.343497              
*  2025  4 16 15 20   0.00000000                            
PL51   3091.064092   2845.854635 -11566.698990              
VL51  43930.801129 -40626.435748   1975.058976              
*  2025  4 16 15 22   0.00000000                            
PL51   3609.020291   2349.755708 -11525.210236              
VL51  42369.458370 -42031.566243   4938.284965              
*  2025  4 16 15 24   0.00000000                            
PL51   4107.327099   1837.714462 -11448.232983              
VL51  40657.137318 -43282.358302   7888.304294              
*  2025  4 16 15 26   0.00000000                            
PL51   4584.218344   1311.622500 -11335.979832              
VL51  38801.524838 -44372.319211  10816.101257              
*  2025  4 16 15 28   0.00000000                            
PL51   5038.023367    773.445766 -11188.771357              
VL51  36810.848334 -45295.556747  13712.700330              
*  2025  4 16 15 30   0.00000000                            
PL51   5467.173325    225.217158 -11007.035468              
VL51  34693.843942 -46046.808094  16569.192127              
*  2025  4 16 15 32   0.00000000                            
PL51   5870.207092   -330.971179 -10791.306461              
VL51  32459.722691 -46621.466709  19376.759557              
*  2025  4 16 15 34   0.00000000                            
PL51   6245.776745   -892.975888 -10542.223752              
VL51  30118.134698 -47015.606999  22126.704131              
*  2025  4 16 15 36   0.00000000                            
PL51   6592.652611  -1458.610700 -10260.530292              
VL51  27679.131493 -47226.006665  24810.472366              
*  2025  4 16 15 38   0.00000000                            
PL51   6909.727846  -2025.655002  -9947.070676              
VL51  25153.126556 -47250.166580  27419.682225              
*  2025  4 16 15 40   0.00000000                            
PL51   7196.022537  -2591.862615  -9602.788920              
VL51  22550.854173 -47086.328025  29946.149526              
*  2025  4 16 15 42   0.00000000                            
PL51   7450.687291  -3154.970774  -9228.725931              
VL51  19883.326722 -46733.487188  32381.914223              
*  2025  4 16 15 44   0.00000000                            
PL51   7673.006314  -3712.709256  -8826.016665              
VL51  17161.790515 -46191.406747  34719.266498              
*  2025  4 16 15 46   0.00000000                            
PL51   7862.399944  -4262.809634  -8395.886960              
VL51  14397.680347 -45460.624439  36950.772539              
*  2025  4 16 15 48   0.00000000                            
PL51   8018.426636  -4803.014613  -7939.650081              
VL51  11602.572890 -44542.458488  39069.299921              
*  2025  4 16 15 50   0.00000000                            
PL51   8140.784378  -5331.087411  -7458.702947              
VL51   8788.139124 -43439.009782  41068.042466              
*  2025  4 16 15 52   0.00000000                            
PL51   8229.311534  -5844.821151  -6954.522072              
VL51   5966.095958 -42153.160704  42940.544479              
*  2025  4 16 15 54   0.00000000                            
PL51   8283.987102  -6342.048209  -6428.659219              
VL51   3148.157258 -40688.570558  44680.724234              
*  2025  4 16 15 56   0.00000000                            
PL51   8304.930382  -6820.649499  -5882.736774              
VL51    345.984478 -39049.667492  46282.896589              
*  2025  4 16 15 58   0.00000000                            
PL51   8292.400048  -7278.563626  -5318.442854              
VL51  -2428.862898 -37241.636907  47741.794607              
*  2025  4 16 16  0   0.00000000                            
PL51   8246.792629  -7713.795894  -4737.526171              
VL51  -5164.976857 -35270.406295  49052.590054              
*  2025  4 16 16  2   0.00000000                            
PL51   8168.640396  -8124.427092  -4141.790644              
VL51  -7851.150090 -33142.626516  50210.912639              
*  2025  4 16 16  4   0.00000000                            
PL51   8058.608659  -8508.622056  -3533.089799              
VL51 -10476.424682 -30865.649531  51212.867878              
*  2025  4 16 16  6   0.00000000                            
PL51   7917.492485  -8864.637919  -2913.320957              
VL51 -13030.140032 -28447.502611  52055.053447              
*  2025  4 16 16  8   0.00000000                            
PL51   7746.212851  -9190.832054  -2284.419241              
VL51 -15501.979730 -25896.859118  52734.573906              
*  2025  4 16 16 10   0.00000000                            
PL51   7545.812236  -9485.669625  -1648.351412              
VL51 -17882.017134 -23223.005926  53249.053676              
*  2025  4 16 16 12   0.00000000                            
PL51   7317.449682  -9747.730746  -1007.109561              
VL51 -20160.759386 -20435.807616  53596.648163              
*  2025  4 16 16 14   0.00000000                            
PL51   7062.395327  -9975.717176   -362.704683              
VL51 -22329.189621 -17545.667581  53776.052939              
*  2025  4 16 16 16   0.00000000                            
PL51   6782.024455 -10168.458543    282.839854              
VL51 -24378.807096 -14563.486229  53786.510891              
*  2025  4 16 16 18   0.00000000                            
PL51   6477.811073 -10324.918038    927.494904              
VL51 -26301.665020 -11500.616454  53627.817262              
*  2025  4 16 16 20   0.00000000                            
PL51   6151.321046 -10444.197569   1569.232196              
VL51 -28090.405848  -8368.816619  53300.322544              
*  2025  4 16 16 22   0.00000000                            
PL51   5804.204832 -10525.542333   2206.030999              
VL51 -29738.293815  -5180.201268  52804.933175              
*  2025  4 16 16 24   0.00000000                            
PL51   5438.189835 -10568.344780   2835.884790              
VL51 -31239.244526  -1947.189839  52143.110004              
*  2025  4 16 16 26   0.00000000                            
PL51   5055.072433 -10572.147961   3456.807884              
VL51 -32587.851408   1317.546358  51316.864533              
*  2025  4 16 16 28   0.00000000                            
PL51   4656.709697 -10536.648221   4066.842010              
VL51 -33779.408872   4601.138612  50328.752938              
*  2025  4 16 16 30   0.00000000                            
PL51   4245.010858 -10461.697237   4664.062798              
VL51 -34809.932049   7890.576431  49181.867886              
*  2025  4 16 16 32   0.00000000                            
PL51   3821.928559 -10347.303379   5246.586160              
VL51 -35676.172978  11172.763999  47879.828196              
*  2025  4 16 16 34   0.00000000                            
PL51   3389.449934 -10193.632397   5812.574527              
VL51 -36375.633168  14434.577189  46426.766392              
*  2025  4 16 16 36   0.00000000                            
PL51   2949.587552 -10001.007411   6360.242934              
VL51 -36906.572461  17662.920783  44827.314226              
*  2025  4 16 16 38   0.00000000                            
PL51   2504.370291  -9769.908227   6887.864911              
VL51 -37268.014165  20844.785623  43086.586240              
*  2025  4 16 16 40   0.00000000                            
PL51   2055.834156  -9500.969957   7393.778165              
VL51 -37459.746434  23967.305368  41210.161462              
*  2025  4 16 16 42   0.00000000                            
PL51   1606.013118  -9194.980975   7876.390043              
VL51 -37482.319920  27017.812567  39204.063349              
*  2025  4 16 16 44   0.00000000                            
PL51   1156.929990  -8852.880193   8334.182731              
VL51 -37337.041717  29983.893744  37074.738077              
*  2025  4 16 16 46   0.00000000                            
PL51    710.587412  -8475.753692   8765.718189              
VL51 -37025.965674  32853.443231  34829.031304              
*  2025  4 16 16 48   0.00000000                            
PL51    268.958958  -8064.830711   9169.642799              
VL51 -36551.879136  35614.715460  32474.163542              
*  2025  4 16 16 50   0.00000000                            
PL51   -166.019563  -7621.479023   9544.691712              
VL51 -35918.286250  38256.375483  30017.704257              
*  2025  4 16 16 52   0.00000000                            
PL51   -592.458594  -7147.199711   9889.692869              
VL51 -35129.387926  40767.547462  27467.544846              
*  2025  4 16 16 54   0.00000000                            
PL51  -1008.523055  -6643.621382  10203.570700              
VL51 -34190.058618  43137.860928  24831.870623              
*  2025  4 16 16 56   0.00000000                            
PL51  -1412.440273  -6112.493837  10485.349481              
VL51 -33105.820077  45357.494610  22119.131957              
*  2025  4 16 16 58   0.00000000                            
PL51  -1802.507574  -5555.681229  10734.156332              
VL51 -31882.812239  47417.217641  19338.014690              
*  2025  4 16 17  0   0.00000000                            
PL51  -2177.099513  -4975.154744  10949.223867              
VL51 -30527.761436  49308.427993  16497.409978              
*  2025  4 16 17  2   0.00000000                            
PL51  -2534.674712  -4372.984842  11129.892472              
VL51 -29047.946131  51023.188004  13606.383673              
*  2025  4 16 17  4   0.00000000                            
PL51  -2873.782266  -3751.333083  11275.612218              
VL51 -27451.160354  52554.256851  10674.145377              
*  2025  4 16 17  6   0.00000000                            
PL51  -3193.067695  -3112.443591  11385.944397              
VL51 -25745.675061  53895.119883   7710.017286              
*  2025  4 16 17  8   0.00000000                            
PL51  -3491.278436  -2458.634173  11460.562686              
VL51 -23940.197622  55040.014703   4723.402935              
*  2025  4 16 17 10   0.00000000                            
PL51  -3767.268820  -1792.287156  11499.253939              
VL51 -22043.829650  55983.953932   1723.755963              
*  2025  4 16 17 12   0.00000000                            
PL51  -4020.004544  -1115.839971  11501.918596              
VL51 -20066.023387  56722.744581  -1279.450989              
*  2025  4 16 17 14   0.00000000                            
PL51  -4248.566615   -431.775511  11468.570729              
VL51 -18016.536873  57253.004004  -4276.757148              
*  2025  4 16 17 16   0.00000000                            
PL51  -4452.154742    257.387660  11399.337715              
VL51 -15905.388113  57572.172387  -7258.744136              
*  2025  4 16 17 18   0.00000000                            
PL51  -4630.090174    949.105248  11294.459547              
VL51 -13742.808468  57678.521774 -10216.066069              
*  2025  4 16 17 20   0.00000000                            
PL51  -4781.817985   1640.817242  11154.287786              
VL51 -11539.195485  57571.161629 -13139.479124              
*  2025  4 16 17 22   0.00000000                            
PL51  -4906.908778   2329.957982  10979.284159              
VL51  -9305.065380  57250.040955 -16019.870503              
*  2025  4 16 17 24   0.00000000                            
PL51  -5005.059822   3013.966229  10770.018822              
VL51  -7051.005389  56715.946991 -18848.286715              
*  2025  4 16 17 26   0.00000000                            
PL51  -5076.095623   3690.295198  10527.168276              
VL51  -4787.626194  55970.500533 -21615.961091              
*  2025  4 16 17 28   0.00000000                            
PL51  -5119.967920   4356.422517  10251.512969              
VL51  -2525.514623  55016.147922 -24314.340483              
*  2025  4 16 17 30   0.00000000                            
PL51  -5136.755115   5009.860068   9943.934576              
VL51   -275.186830  53856.149771 -26935.111059              
*  2025  4 16 17 32   0.00000000                            
PL51  -5126.661148   5648.163675   9605.412977              
VL51   1952.957859  52494.566487 -29470.223144              
*  2025  4 16 17 34   0.00000000                            
PL51  -5090.013826   6268.942599   9237.022944              
VL51   4148.682240  50936.240679 -31911.915043              
*  2025  4 16 17 36   0.00000000                            
PL51  -5027.262603   6869.868806   8839.930546              
VL51   6301.955486  49186.776541 -34252.735784              
*  2025  4 16 17 38   0.00000000                            
PL51  -4938.975854   7448.685964   8415.389291              
VL51   8402.996185  47252.516313 -36485.566734              
*  2025  4 16 17 40   0.00000000                            
PL51  -4825.837622   8003.218145   7964.736016              
VL51  10442.313987  45140.513926 -38603.642022              
*  2025  4 16 17 42   0.00000000                            
PL51  -4688.643888   8531.378195   7489.386532              
VL51  12410.749702  42858.505967 -40600.567734              
*  2025  4 16 17 44   0.00000000                            
PL51  -4528.298362   9031.175739   6990.831057              
VL51  14299.513693  40414.880088 -42470.339820              
*  2025  4 16 17 46   0.00000000                            
PL51  -4345.807831   9500.724792   6470.629435              
VL51  16100.222418  37818.641004 -44207.360686              
*  2025  4 16 17 48   0.00000000                            
PL51  -4142.277073   9938.250945   5930.406165              
VL51  17804.932977  35079.374234 -45806.454427              
*  2025  4 16 17 50   0.00000000                            
PL51  -3918.903372  10342.098112   5371.845256              
VL51  19406.175555  32207.207742 -47262.880666              
*  2025  4 16 17 52   0.00000000                            
PL51  -3676.970662  10710.734795   4796.684927              
VL51  20896.983625  29212.771641 -48572.346984              
*  2025  4 16 17 54   0.00000000                            
PL51  -3417.843313  11042.759862   4206.712161              
VL51  22270.921813  26107.156136 -49731.019906              
*  2025  4 16 17 56   0.00000000                            
PL51  -3142.959606  11336.907805   3603.757143              
VL51  23522.111334  22901.867872 -50735.534434              
*  2025  4 16 17 58   0.00000000                            
PL51  -2853.824909  11592.053471   2989.687583              
VL51  24645.252897  19608.784878 -51583.002103              
*  2025  4 16 18  0   0.00000000                            
PL51  -2552.004604  11807.216240   2366.402962              
VL51  25635.647018  16240.110300 -52271.017550              
*  2025  4 16 18  2   0.00000000                            
PL51  -2239.116779  11981.563647   1735.828700              
VL51  26489.211668  12808.325099 -52797.663597              
*  2025  4 16 18  4   0.00000000                            
PL51  -1916.824724  12114.414420   1099.910276              
VL51  27202.497210   9326.139918 -53161.514846              
*  2025  4 16 18  6   0.00000000                            
PL51  -1586.829268  12205.240954    460.607310              
VL51  27772.698587   5806.446332 -53361.639786              
*  2025  4 16 18  8   0.00000000                            
PL51  -1250.860986  12253.671181   -180.112366              
VL51  28197.664730   2262.267660 -53397.601435              
*  2025  4 16 18 10   0.00000000                            
PL51   -910.672306  12259.489856   -820.278639              
VL51  28475.905183  -1293.290445 -53269.456540              
*  2025  4 16 18 12   0.00000000                            
PL51   -568.029557  12222.639249  -1457.925031              
VL51  28606.593942  -4847.089441 -52977.753346              
*  2025  4 16 18 14   0.00000000                            
PL51   -224.704989  12143.219242  -2091.094573              
VL51  28589.570525  -8386.007170 -52523.527997              
*  2025  4 16 18 16   0.00000000                            
PL51    117.531211  12021.486843  -2717.845633              
VL51  28425.338306 -11896.986801 -51908.299592              
*  2025  4 16 18 18   0.00000000                            
PL51    456.918857  11857.855104  -3336.257678              
VL51  28115.060144 -15367.085239 -51134.063944              
*  2025  4 16 18 20   0.00000000                            
PL51    791.715643  11652.891474  -3944.436945              
VL51  27660.551361 -18783.520860 -50203.286096              
*  2025  4 16 18 22   0.00000000                            
PL51   1120.204912  11407.315579  -4540.522025              
VL51  27064.270123 -22133.720404 -49118.891629              
*  2025  4 16 18 24   0.00000000                            
PL51   1440.703305  11121.996442  -5122.689331              
VL51  26329.305284 -25405.364882 -47884.256818              
*  2025  4 16 18 26   0.00000000                            
PL51   1751.568240  10797.949165  -5689.158441              
VL51  25459.361765 -28586.434347 -46503.197671              
*  2025  4 16 18 28   0.00000000                            
PL51   2051.205206  10436.331076  -6238.197305              
VL51  24458.743539 -31665.251403 -44979.957899              
*  2025  4 16 18 30   0.00000000                            
PL51   2338.074840  10038.437366  -6768.127296              
VL51  23332.334308 -34630.523306 -43319.195864              
*  2025  4 16 18 32   0.00000000                            
PL51   2610.699754   9605.696226  -7277.328109              
VL51  22085.575957 -37471.382540 -41525.970558              
*  2025  4 16 18 34   0.00000000                            
PL51   2867.671096   9139.663512  -7764.242473              
VL51  20724.444883 -40177.425752 -39605.726649              
*  2025  4 16 18 36   0.00000000                            
PL51   3107.654809   8642.016948  -8227.380692              
VL51  19255.426294 -42738.750925 -37564.278653              
*  2025  4 16 18 38   0.00000000                            
PL51   3329.397574   8114.549895  -8665.324978              
VL51  17685.486589 -45145.992709 -35407.794277              
*  2025  4 16 18 40   0.00000000                            
PL51   3531.732409   7559.164714  -9076.733588              
VL51  16022.043917 -47390.355804 -33142.776975              
*  2025  4 16 18 42   0.00000000                            
PL51   3713.583909   6977.865726  -9460.344746              
VL51  14272.937042 -49463.646305 -30776.047778              
*  2025  4 16 18 44   0.00000000                            
PL51   3873.973090   6372.751829  -9814.980336              
VL51  12446.392609 -51358.300955 -28314.726412              
*  2025  4 16 18 46   0.00000000                            
PL51   4012.021849   5746.008756 -10139.549379              
VL51  10550.990936 -53067.414220 -25766.211769              
*  2025  4 16 18 48   0.00000000                            
PL51   4126.956989   5099.901035 -10433.051253              
VL51   8595.630450 -54584.763127 -23138.161754              
*  2025  4 16 18 50   0.00000000                            
PL51   4218.113819   4436.763662 -10694.578682              
VL51   6589.490877 -55904.829806 -20438.472540              
*  2025  4 16 18 52   0.00000000                            
PL51   4284.939306   3758.993514 -10923.320470              
VL51   4541.995304 -57022.821679 -17675.257280              
*  2025  4 16 18 54   0.00000000                            
PL51   4326.994758   3069.040536 -11118.563969              
VL51   2462.771249 -57934.689256 -14856.824276              
*  2025  4 16 18 56   0.00000000                            
PL51   4343.958041   2369.398731 -11279.697292              
VL51    361.610829 -58637.141477 -11991.654659              
*  2025  4 16 18 58   0.00000000                            
PL51   4335.625312   1662.596981 -11406.211249              
VL51  -1751.569816 -59127.658566  -9088.379595              
*  2025  4 16 19  0   0.00000000                            
PL51   4301.912261    951.189720 -11497.701005              
VL51  -3866.771746 -59404.502358  -6155.757024              
*  2025  4 16 19  2   0.00000000                            
PL51   4242.854852    237.747514 -11553.867466              
VL51  -5973.954957 -59466.724046  -3202.647991              
*  2025  4 16 19  4   0.00000000                            
PL51   4158.609565   -475.152449 -11574.518369              
VL51  -8063.080492 -59314.169325   -237.992542              
*  2025  4 16 19  6   0.00000000                            
PL51   4049.453130  -1184.935912 -11559.569081              
VL51 -10124.152814 -58947.480887   2729.214742              
*  2025  4 16 19  8   0.00000000                            
PL51   3915.781752  -1889.041111 -11509.043109              
VL51 -12147.262288 -58368.098228   5689.949596              
*  2025  4 16 19 10   0.00000000                            
PL51   3758.109821  -2584.928325 -11423.072302              
VL51 -14122.627648 -57578.254745   8635.183242              
*  2025  4 16 19 12   0.00000000                            
PL51   3577.068121  -3270.089368 -11301.896757              
VL51 -16040.638300 -56580.972079  11555.907889              
*  2025  4 16 19 14   0.00000000                            
PL51   3373.401532  -3942.057005 -11145.864406              
VL51 -17891.896314 -55380.051667  14443.162488              
*  2025  4 16 19 16   0.00000000                            
PL51   3147.966221  -4598.414239 -10955.430307              
VL51 -19667.257961 -53980.063501  17288.058742              
*  2025  4 16 19 18   0.00000000                            
PL51   2901.726352  -5236.803460 -10731.155607              
VL51 -21357.874618 -52386.332038  20081.807302              
*  2025  4 16 19 20   0.00000000                            
PL51   2635.750300  -5854.935390 -10473.706201              
VL51 -22955.232904 -50604.919271  22815.744098              
*  2025  4 16 19 22   0.00000000                            
PL51   2351.206393  -6450.597826 -10183.851071              
VL51 -24451.193855 -48642.604941  25481.356758              
*  2025  4 16 19 24   0.00000000                            
PL51   2049.358190  -7021.664115  -9862.460301              
VL51 -25838.030978 -46506.863890  28070.311040              
*  2025  4 16 19 26   0.00000000                            
PL51   1731.559306  -7566.101347  -9510.502790              
VL51 -27108.467009 -44205.840580  30574.477208              
*  2025  4 16 19 28   0.00000000                            
PL51   1399.247814  -8081.978223  -9129.043632              
VL51 -28255.709186 -41748.320781  32985.956270              
*  2025  4 16 19 30   0.00000000                            
PL51   1053.940221  -8567.472569  -8719.241195              
VL51 -29273.482862 -39143.700480  35297.105992              
*  2025  4 16 19 32   0.00000000                            
PL51    697.225064  -9020.878452  -8282.343885              
VL51 -30156.063273 -36401.952045  37500.566595              
*  2025  4 16 19 34   0.00000000                            
PL51    330.756126  -9440.612889  -7819.686605              
VL51 -30898.305274 -33533.587716  39589.286018              
*  2025  4 16 19 36   0.00000000                            
PL51    -43.754683  -9825.222086  -7332.686910              
VL51 -31495.670866 -30549.620516  41556.544655              
*  2025  4 16 19 38   0.00000000                            
PL51   -424.544768 -10173.387204  -6822.840878              
VL51 -31944.254327 -27461.522656  43395.979420              
*  2025  4 16 19 40   0.00000000                            
PL51   -809.808574 -10483.929608  -6291.718684              
VL51 -32240.804785 -24281.181592  45101.607053              
*  2025  4 16 19 42   0.00000000                            
PL51  -1197.705562 -10755.815573  -5740.959915              
VL51 -32382.746057 -21020.853845  46667.846498              
*  2025  4 16 19 44   0.00000000                            
PL51  -1586.368418 -10988.160428  -5172.268608              
VL51 -32368.193601 -17693.116767  48089.540273              
*  2025  4 16 19 46   0.00000000                            
PL51  -1973.911429 -11180.232102  -4587.408045              
VL51 -32195.968443 -14310.818419  49361.974658              
*  2025  4 16 19 48   0.00000000                            
PL51  -2358.439029 -11331.454071  -3988.195318              
VL51 -31865.607936 -10887.025774  50480.898602              
*  2025  4 16 19 50   0.00000000                            
PL51  -2738.054432 -11441.407659  -3376.495666              
VL51 -31377.373235  -7434.971458  51442.541213              
*  2025  4 16 19 52   0.00000000                            
PL51  -3110.868353 -11509.833707  -2754.216617              
VL51 -30732.253398  -3967.999270  52243.627697              
*  2025  4 16 19 54   0.00000000                            
PL51  -3475.007750 -11536.633568  -2123.301949              
VL51 -29931.966018   -499.508737  52881.393648              
*  2025  4 16 19 56   0.00000000                            
PL51  -3828.624548 -11521.869447  -1485.725484              
VL51 -28978.954340   2957.101028  53353.597553              
*  2025  4 16 19 58   0.00000000                            
PL51  -4169.904315 -11465.764050   -843.484755              
VL51 -27876.380810   6388.487869  53658.531433              
*  2025  4 16 20  0   0.00000000                            
PL51  -4497.074835 -11368.699567   -198.594541              
VL51 -26628.117051   9781.423256  53795.029504              
*  2025  4 16 20  2   0.00000000                            
PL51  -4808.414542 -11231.215962    446.919674              
VL51 -25238.730278  13122.848748  53762.474800              
*  2025  4 16 20  4   0.00000000                            
PL51  -5102.260765 -11054.008603   1091.028321              
VL51 -23713.466175  16399.931970  53560.803669              
*  2025  4 16 20  6   0.00000000                            
PL51  -5377.017750 -10837.925213   1731.704397              
VL51 -22058.228310  19600.121759  53190.508108              
*  2025  4 16 20  8   0.00000000                            
PL51  -5631.164416 -10583.962170   2366.930141              
VL51 -20279.554167  22711.202201  52652.635884              
*  2025  4 16 20 10   0.00000000                            
PL51  -5863.261802 -10293.260168   2994.703691              
VL51 -18384.587904  25721.345219  51948.788437              
*  2025  4 16 20 12   0.00000000                            
PL51  -6071.960164  -9967.099257   3613.045701              
VL51 -16381.049976  28619.161448  51081.116546              
*  2025  4 16 20 14   0.00000000                            
PL51  -6256.005697  -9606.893279   4220.005900              
VL51 -14277.203779  31393.749072  50052.313785              
*  2025  4 16 20 16   0.00000000                            
PL51  -6414.246835  -9214.183741   4813.669556              
VL51 -12081.819488  34034.740385  48865.607778              
*  2025  4 16 20 18   0.00000000                            
PL51  -6545.640102  -8790.633136   5392.163817              
VL51  -9804.135284  36532.345796  47524.749324              
*  2025  4 16 20 20   0.00000000                            
PL51  -6649.255484  -8338.017755   5953.663915              
VL51  -7453.816193  38877.395039  46033.999423              
*  2025  4 16 20 22   0.00000000                            
PL51  -6724.281293  -7858.220023   6496.399206              
VL51  -5040.910745  41061.375391  44398.114292              
*  2025  4 16 20 24   0.00000000                            
PL51  -6770.028497  -7353.220399   7018.659002              
VL51  -2575.805709  43076.466666  42622.328441              
*  2025  4 16 20 26   0.00000000                            
PL51  -6785.934503  -6825.088865   7518.798211              
VL51    -69.179141  44915.572842  40712.335918              
*  2025  4 16 20 28   0.00000000                            
PL51  -6771.566359  -6275.976070   7995.242722              
VL51   2468.047979  46572.350153  38674.269823              
*  2025  4 16 20 30   0.00000000                            
PL51  -6726.623378  -5708.104152   8446.494548              
VL51   5024.761274  48041.231527  36514.680206              
*  2025  4 16 20 32   0.00000000                            
PL51  -6650.939151  -5123.757286   8871.136685              
VL51   7589.703389  49317.447273  34240.510478              
*  2025  4 16 20 34   0.00000000                            
PL51  -6544.482962  -4525.272013   9267.837688              
VL51  10151.525028  50397.041955  31859.072454              
*  2025  4 16 20 36   0.00000000                            
PL51  -6407.360581  -3915.027389   9635.355932              
VL51  12698.836351  51276.887389  29378.020176              
*  2025  4 16 20 38   0.00000000                            
PL51  -6239.814443  -3295.434994   9972.543560              
VL51  15220.258467  51954.691760  26805.322626              
*  2025  4 16 20 40   0.00000000                            
PL51  -6042.223204  -2668.928866  10278.350090              
VL51  17704.474771  52429.004846  24149.235488              
*  2025  4 16 20 42   0.00000000                            
PL51  -5815.100694  -2037.955386  10551.825683              
VL51  20140.281853  52699.219381  21418.272074              
*  2025  4 16 20 44   0.00000000                            
PL51  -5559.094251  -1404.963175  10792.124060              
VL51  22516.639764  52765.568595  18621.173573              
*  2025  4 16 20 46   0.00000000                            
PL51  -5274.982466   -772.393043  10998.505048              
VL51  24822.721372  52629.119995  15766.878737              
*  2025  4 16 20 48   0.00000000                            
PL51  -4963.672335   -142.668030  11170.336775              
VL51  27047.960607  52291.765488  12864.493150              
*  2025  4 16 20 50   0.00000000                            
PL51  -4626.195847    481.816408  11307.097478              
VL51  29182.099378  51756.207930   9923.258207              
*  2025  4 16 20 52   0.00000000                            
PL51  -4263.706010   1098.702030  11408.376954              
VL51  31215.232947  51025.944237   6952.519910              
*  2025  4 16 20 54   0.00000000                            
PL51  -3877.472352   1705.677225  11473.877620              
VL51  33137.853593  50105.245174   3961.697615              
*  2025  4 16 20 56   0.00000000                            
PL51  -3468.875901   2300.486158  11503.415211              
VL51  34940.892379  48999.131973    960.252821              
*  2025  4 16 20 58   0.00000000                            
PL51  -3039.403679   2880.937621  11496.919096              
VL51  36615.758845  47713.349921  -2042.341888              
*  2025  4 16 21  0   0.00000000                            
PL51  -2590.642735   3444.913549  11454.432229              
VL51  38154.378488  46254.339081  -5036.633629              
*  2025  4 16 21  2   0.00000000                            
PL51  -2124.273740   3990.377168  11376.110727              
VL51  39549.227876  44629.202316  -8013.219662              
*  2025  4 16 21  4   0.00000000                            
PL51  -1642.064174   4515.380743  11262.223089              
VL51  40793.367268  42845.670787 -10962.777370              
*  2025  4 16 21  6   0.00000000                            
PL51  -1145.861141   5018.072901  11113.149057              
VL51  41880.470628  40912.067122 -13876.093693              
*  2025  4 16 21  8   0.00000000                            
PL51   -637.583838   5496.705494  10929.378130              
VL51  42804.852916  38837.266433 -16744.093935              
*  2025  4 16 21 10   0.00000000                            
PL51   -119.215712   5949.639988  10711.507729              
VL51  43561.494591  36630.655385 -19557.869854              
*  2025  4 16 21 12   0.00000000                            
PL51    407.203659   6375.353343  10460.241040              
VL51  44146.063224  34302.089512 -22308.706981              
*  2025  4 16 21 14   0.00000000                            
PL51    939.586924   6772.443383  10176.384528              
VL51  44554.932171  31861.848982 -24988.111071              
*  2025  4 16 21 16   0.00000000                            
PL51   1475.807526   7139.633609   9860.845138              
VL51  44785.196247  29320.593006 -27587.833648              
*  2025  4 16 21 18   0.00000000                            
PL51   2013.708443   7475.777477   9514.627199              
VL51  44834.684361  26689.313101 -30099.896573              
*  2025  4 16 21 20   0.00000000                            
PL51   2551.111049   7779.862097   9138.829039              
VL51  44701.969072  23979.285402 -32516.615573              
*  2025  4 16 21 22   0.00000000                            
PL51   3085.824088   8051.011356   8734.639318              
VL51  44386.373052  21202.022227 -34830.622683              
*  2025  4 16 21 24   0.00000000                            
PL51   3615.652694   8288.488464   8303.333111              
VL51  43887.972451  18369.223097 -37034.887550              
*  2025  4 16 21 26   0.00000000                            
PL51   4138.407438   8491.697901   7846.267726              
VL51  43207.597149  15492.725413 -39122.737541              
*  2025  4 16 21 28   0.00000000                            
PL51   4651.913360   8660.186775   7364.878305              
VL51  42346.827925  12584.454992 -41087.876615              
*  2025  4 16 21 30   0.00000000                            
PL51   5154.018946   8793.645587   6860.673192              
VL51  41307.990562   9656.376651 -42924.402906              
*  2025  4 16 21 32   0.00000000                            
PL51   5642.605020   8891.908406   6335.229107              
VL51  40094.146926   6720.445063 -44626.824978              
*  2025  4 16 21 34   0.00000000                            
PL51   6115.593504   8954.952450   5790.186129              
VL51  38709.083072   3788.556048 -46190.076710              
*  2025  4 16 21 36   0.00000000                            
PL51   6570.956029   8982.897095   5227.242513              
VL51  37157.294450    872.498531 -47609.530781              
*  2025  4 16 21 38   0.00000000                            
PL51   7006.722338   8976.002304   4648.149346              
VL51  35443.968271  -2016.092673 -48881.010722              
*  2025  4 16 21 40   0.00000000                            
PL51   7420.988471   8934.666504   4054.705072              
VL51  33574.963147  -4865.783034 -50000.801511              
*  2025  4 16 21 42   0.00000000                            
PL51   7811.924687   8859.423908   3448.749903              
VL51  31556.786082  -7665.383288 -50965.658708              
*  2025  4 16 21 44   0.00000000                            
PL51   8177.783093   8750.941310   2832.160122              
VL51  29396.566943 -10403.993036 -51772.816111              
*  2025  4 16 21 46   0.00000000                            
PL51   8516.904953   8610.014363   2206.842304              
VL51  27102.030529 -13071.042799 -52419.991925              
*  2025  4 16 21 48   0.00000000                            
PL51   8827.727646   8437.563368   1574.727474              
VL51  24681.466337 -15656.334393 -52905.393455              
*  2025  4 16 21 50   0.00000000                            
PL51   9108.791256   8234.628582    937.765220              
VL51  22143.696203 -18150.079458 -53227.720316              
*  2025  4 16 21 52   0.00000000                            
PL51   9358.744750   8002.365079    297.917770              
VL51  19498.039940 -20542.936009 -53386.166176              
*  2025  4 16 21 54   0.00000000                            
PL51   9576.351740   7742.037185   -342.845937              
VL51  16754.279120 -22826.042892 -53380.419056              
*  2025  4 16 21 56   0.00000000                            
PL51   9760.495801   7455.012513   -982.556181              
VL51  13922.619181 -24991.052024 -53210.660189              
*  2025  4 16 21 58   0.00000000                            
PL51   9910.185317   7142.755625  -1619.248364              
VL51  11013.649986 -27030.158311 -52877.561496              
*  2025  4 16 22  0   0.00000000                            
PL51  10024.557855   6806.821344  -2250.968875              
VL51   8038.305031 -28936.127175 -52382.281679              
*  2025  4 16 22  2   0.00000000                            
PL51  10102.884038   6448.847762  -2875.780904              
VL51   5007.819444 -30702.319580 -51726.460996              
*  2025  4 16 22  4   0.00000000                            
PL51  10144.570903   6070.548951  -3491.770181              
VL51   1933.686948 -32322.714531 -50912.214734              
*  2025  4 16 22  6   0.00000000                            
PL51  10149.164744   5673.707425  -4097.050632              
VL51  -1172.384038 -33791.928952 -49942.125441              
*  2025  4 16 22  8   0.00000000                            
PL51  10116.353425   5260.166382  -4689.769931              
VL51  -4298.515014 -35105.234942 -48819.233944              
*  2025  4 16 22 10   0.00000000                            
PL51  10045.968142   4831.821747  -5268.114943              
VL51  -7432.702547 -36258.574337 -47547.029209              
*  2025  4 16 22 12   0.00000000                            
PL51   9937.984658   4390.614066  -5830.317033              
VL51 -10562.863801 -37248.570585 -46129.437088              
*  2025  4 16 22 14   0.00000000                            
PL51   9792.523977   3938.520266  -6374.657238              
VL51 -13676.882282 -38072.537912 -44570.807990              
*  2025  4 16 22 16   0.00000000                            
PL51   9609.852473   3477.545324  -6899.471279              
VL51 -16762.653643 -38728.487768 -42875.903553              
*  2025  4 16 22 18   0.00000000                            
PL51   9390.381471   3009.713878  -7403.154413              
VL51 -19808.131391 -39215.132583 -41049.882337              
*  2025  4 16 22 20   0.00000000                            
PL51   9134.666279   2537.061803  -7884.166108              
VL51 -22801.372347 -39531.886830 -39098.284620              
*  2025  4 16 22 22   0.00000000                            
PL51   8843.404678   2061.627795  -8341.034523              
VL51 -25730.581720 -39678.865442 -37027.016327              
*  2025  4 16 22 24   0.00000000                            
PL51   8517.434874   1585.444988  -8772.360800              
VL51 -28584.157651 -39656.879607 -34842.332153              
*  2025  4 16 22 26   0.00000000                            
PL51   8157.732916   1110.532637  -9176.823141              
VL51 -31350.735102 -39467.429998 -32550.817929              
*  2025  4 16 22 28   0.00000000                            
PL51   7765.409599    638.887896  -9553.180673              
VL51 -34019.228955 -39112.697469 -30159.372261              
*  2025  4 16 22 30   0.00000000                            
PL51   7341.706846    172.477727  -9900.277089              
VL51 -36578.876204 -38595.531293 -27675.187498              
*  2025  4 16 22 32   0.00000000                            
PL51   6887.993599   -286.769042 -10217.044056              
VL51 -39019.277134 -37919.434989 -25105.730054              
*  2025  4 16 22 34   0.00000000                            
PL51   6405.761215   -736.969467 -10502.504377              
VL51 -41330.435347 -37088.549798 -22458.720120              
*  2025  4 16 22 36   0.00000000                            
PL51   5896.618392  -1176.294034 -10755.774920              
VL51 -43502.796549 -36107.635876 -19742.110803              
*  2025  4 16 22 38   0.00000000                            
PL51   5362.285643  -1602.973960 -10976.069279              
VL51 -45527.285968 -34982.051279 -16964.066712              
*  2025  4 16 22 40   0.00000000                            
PL51   4804.589316  -2015.308232 -11162.700183              
VL51 -47395.344317 -33717.728803 -14132.942027              
*  2025  4 16 22 42   0.00000000                            
PL51   4225.455208  -2411.670351 -11315.081637              
VL51 -49098.962174 -32321.150757 -11257.258073              
*  2025  4 16 22 44   0.00000000                            
PL51   3626.901764  -2790.514771 -11432.730792              
VL51 -50630.712694 -30799.321743  -8345.680413              
*  2025  4 16 22 46   0.00000000                            
PL51   3011.032900  -3150.382989 -11515.269531              
VL51 -51983.782539 -29159.739535  -5406.995492              
*  2025  4 16 22 48   0.00000000                            
PL51   2380.030467  -3489.909280 -11562.425784              
VL51 -53152.000924 -27410.364119  -2450.086843              
*  2025  4 16 22 50   0.00000000                            
PL51   1736.146370  -3807.826051 -11574.034545              
VL51 -54129.866668 -25559.584996    516.089111              
*  2025  4 16 22 52   0.00000000                            
PL51   1081.694388  -4102.968786 -11550.038597              
VL51 -54912.573150 -23616.186827   3482.527653              
*  2025  4 16 22 54   0.00000000                            
PL51    419.041696  -4374.280581 -11490.488948              
VL51 -55496.031053 -21589.313519   6440.200717              
*  2025  4 16 22 56   0.00000000                            
PL51   -249.399866  -4620.816226 -11395.544954              
VL51 -55876.888802 -19488.430847   9380.082173              
*  2025  4 16 22 58   0.00000000                            
PL51   -921.182759  -4841.745837 -11265.474147              
VL51 -56052.550577 -17323.287718  12293.173398              
*  2025  4 16 23  0   0.00000000                            
PL51  -1593.832904  -5036.358021 -11100.651749              
VL51 -56021.191811 -15103.876185  15170.529114              
*  2025  4 16 23  2   0.00000000                            
PL51  -2264.859022  -5204.062538 -10901.559871              
VL51 -55781.772054 -12840.390329  18003.283445              
*  2025  4 16 23  4   0.00000000                            
PL51  -2931.762107  -5344.392482 -10668.786413              
VL51 -55334.045121 -10543.184132  20782.676137              
*  2025  4 16 23  6   0.00000000                            
PL51  -3592.045000  -5457.005940 -10403.023627              
VL51 -54678.566407  -8222.728462  23500.078920              
*  2025  4 16 23  8   0.00000000                            
PL51  -4243.222041  -5541.687130 -10105.066384              
VL51 -53816.697272  -5889.567316  26147.021924              
*  2025  4 16 23 10   0.00000000                            
PL51  -4882.828749  -5598.347018  -9775.810109              
VL51 -52750.606418  -3554.273459  28715.220102              
*  2025  4 16 23 12   0.00000000                            
PL51  -5508.431507  -5627.023389  -9416.248409              
VL51 -51483.268143  -1227.403617  31196.599579              
*  2025  4 16 23 14   0.00000000                            
PL51  -6117.637197  -5627.880389  -9027.470376              
VL51 -50018.457417   1080.546621  33583.323841              
*  2025  4 16 23 16   0.00000000                            
PL51  -6708.102768  -5601.207517  -8610.657589              
VL51 -48360.741695   3359.187999  35867.819683              
*  2025  4 16 23 18   0.00000000                            
PL51  -7277.544676  -5547.418081  -8167.080796              
VL51 -46515.469412   5598.282730  38042.802800              
*  2025  4 16 23 20   0.00000000                            
PL51  -7823.748173  -5467.047109  -7698.096298              
VL51 -44488.755127   7787.789358  40101.302930              
*  2025  4 16 23 22   0.00000000                            
PL51  -8344.576391  -5360.748723  -7205.142031              
VL51 -42287.461282   9917.907162  42036.688427              
*  2025  4 16 23 24   0.00000000                            
PL51  -8837.979193  -5229.292994  -6689.733360              
VL51 -39919.176558  11979.119883  43842.690150              
*  2025  4 16 23 26   0.00000000                            
PL51  -9302.001740  -5073.562265  -6153.458589              
VL51 -37392.190867  13962.238576  45513.424545              
*  2025  4 16 23 28   0.00000000                            
PL51  -9734.792740  -4894.546973  -5597.974198              
VL51 -34715.466971  15858.443356  47043.415788              
*  2025  4 16 23 30   0.00000000                            
PL51 -10134.612334  -4693.340976  -5024.999827              
VL51 -31898.608821  17659.323824  48427.616875              
*  2025  4 16 23 32   0.00000000                            
PL51 -10499.839584  -4471.136407  -4436.313006              
VL51 -28951.826657  19356.917952  49661.429507              
*  2025  4 16 23 34   0.00000000                            
PL51 -10828.979524  -4229.218063  -3833.743658              
VL51 -25885.898997  20943.749200  50740.722661              
*  2025  4 16 23 36   0.00000000                            
PL51 -11120.669739  -3968.957371  -3219.168389              
VL51 -22712.131624  22412.861657  51661.849708              
*  2025  4 16 23 38   0.00000000                            
PL51 -11373.686425  -3691.805942  -2594.504580              
VL51 -19442.313719  23757.852983  52421.663963              
*  2025  4 16 23 40   0.00000000                            
PL51 -11586.949920  -3399.288737  -1961.704302              
VL51 -16088.671327  24972.904936  53017.532541              
*  2025  4 16 23 42   0.00000000                            
PL51 -11759.529651  -3092.996890  -1322.748076              
VL51 -12663.818341  26052.811315  53447.348409              
*  2025  4 16 23 44   0.00000000                            
PL51 -11890.648483  -2774.580211   -679.638502              
VL51  -9180.705238  26993.003095  53709.540540              
*  2025  4 16 23 46   0.00000000                            
PL51 -11979.686442  -2445.739403    -34.393773              
VL51  -5652.565806  27789.570611  53803.082069              
*  2025  4 16 23 48   0.00000000                            
PL51 -12026.183783  -2108.218031    610.958891              
VL51  -2092.862134  28439.282621  53727.496382              
*  2025  4 16 23 50   0.00000000                            
PL51 -12029.843396  -1763.794285   1254.389874              
VL51   1484.771866  28939.602113  53482.861067              
*  2025  4 16 23 52   0.00000000                            
PL51 -11990.532521  -1414.272569   1893.873825              
VL51   5066.588077  29288.698742  53069.809690              
*  2025  4 16 23 54   0.00000000                            
PL51 -11908.283767  -1061.474964   2527.396332              
VL51   8638.782668  29485.457809  52489.531354              
*  2025  4 16 23 56   0.00000000                            
PL51 -11783.295432   -707.232606   3152.960572              
VL51  12187.555101  29529.485694  51743.768029              
*  2025  4 16 23 58   0.00000000                            
PL51 -11615.931100   -353.377015   3768.593920              
VL51  15699.167355  29421.111719  50834.809657              
*  2025  4 17  0  0   0.00000000                            
PL51 -11406.718543     -1.731642   4372.354483              
VL51  19160.002487  29161.386752  49765.487032              
*  2025  4 17  0  2   0.00000000                            
PL51 -11156.347906    345.897847   4962.337539              
VL51  22556.626076  28752.076013  48539.162504              
*  2025  4 17  0  4   0.00000000                            
PL51 -10865.669196    687.729877   5536.681846              
VL51  25875.838396  28195.653932  47159.718537              
*  2025  4 17  0  6   0.00000000                            
PL51 -10535.689082   1022.017668   6093.575805              
VL51  29104.737072  27495.287808  45631.544210              
*  2025  4 17  0  8   0.00000000                            
PL51 -10167.567021   1347.056299   6631.263451              
VL51  32230.769489  26654.823892  43959.519704              
*  2025  4 17  0 10   0.00000000                            
PL51  -9762.610730   1661.190980   7148.050240              
VL51  35241.787124  25678.767722  42148.998900              
*  2025  4 17  0 12   0.00000000                            
PL51  -9322.271023   1962.824835   7642.308623              
VL51  38126.097303  24572.261635  40205.790162              
*  2025  4 17  0 14   0.00000000                            
PL51  -8848.136043   2250.426387   8112.483373              
VL51  40872.512746  23341.059183  38136.135436              
*  2025  4 17  0 16   0.00000000                            
PL51  -8341.924910   2522.536732   8557.096657              
VL51  43470.398638  21991.496610  35946.687753              
*  2025  4 17  0 18   0.00000000                            
PL51  -7805.480826   2777.776337   8974.752827              
VL51  45909.717034  20530.461564  33644.487290              
*  2025  4 17  0 20   0.00000000                            
PL51  -7240.763655   3014.851465   9364.142912              
VL51  48181.068367  18965.359222  31236.936080              
*  2025  4 17  0 22   0.00000000                            
PL51  -6649.842034   3232.560165   9724.048806              
VL51  50275.729895  17304.076035  28731.771526              
*  2025  4 17  0 24   0.00000000                            
PL51  -6034.885033   3429.797819  10053.347127              
VL51  52185.690924  15554.941287  26137.038841              
*  2025  4 17  0 26   0.00000000                            
PL51  -5398.153418   3605.562217  10351.012738              
VL51  53903.684645  13726.686705  23461.062546              
*  2025  4 17  0 28   0.00000000                            
PL51  -4741.990550   3758.958135  10616.121929              
VL51  55423.216497  11828.404325  20712.417186              
*  2025  4 17  0 30   0.00000000                            
PL51  -4068.812964   3889.201396  10847.855234              
VL51  56738.588932   9869.502869  17899.897377              
*  2025  4 17  0 32   0.00000000                            
PL51  -3381.100677   3995.622407  11045.499891              
VL51  57844.922537   7859.662841  15032.487348              
*  2025  4 17  0 34   0.00000000                            
PL51  -2681.387261   4077.669139  11208.451931              
VL51  58738.173452   5808.790607  12119.330100              
*  2025  4 17  0 36   0.00000000                            
PL51  -1972.249732   4134.909564  11336.217900              
VL51  59415.147067   3726.971677   9169.696322              
*  2025  4 17  0 38   0.00000000                            
PL51  -1256.298293   4167.033517  11428.416202              
VL51  59873.508002   1624.423426   6192.953174              
*  2025  4 17  0 40   0.00000000                            
PL51   -536.165981   4173.853997  11484.778069              
VL51  60111.786377   -488.552515   3198.533062              
*  2025  4 17  0 42   0.00000000                            
PL51    185.501733   4155.307887  11505.148159              
VL51  60129.380405  -2601.617974    195.902503              
*  2025  4 17  0 44   0.00000000                            
PL51    906.057363   4111.456111  11489.484775              
VL51  59926.555351  -4704.445851  -2805.468809              
*  2025  4 17  0 46   0.00000000                            
PL51   1622.861787   4042.483213  11437.859725              
VL51  59504.438915  -6786.767395  -5796.138660              
*  2025  4 17  0 48   0.00000000                            
PL51   2333.294552   3948.696380  11350.457806              
VL51  58865.013089  -8838.418961  -8766.722577              
*  2025  4 17  0 50   0.00000000                            
PL51   3034.764057   3830.523900  11227.575934              
VL51  58011.102589 -10849.388036 -11707.923633              
*  2025  4 17  0 52   0.00000000                            
PL51   3724.717582   3688.513081  11069.621914              
VL51  56946.359923 -12809.858328 -14610.561691              
*  2025  4 17  0 54   0.00000000                            
PL51   4400.651114   3523.327625  10877.112870              
VL51  55675.247214 -14710.253754 -17465.602020              
*  2025  4 17  0 56   0.00000000                            
PL51   5060.118939   3335.744494  10650.673331              
VL51  54203.014878 -16541.281120 -20264.183192              
*  2025  4 17  0 58   0.00000000                            
PL51   5700.742956   3126.650263  10391.032986              
VL51  52535.677273 -18293.971348 -22997.644196              
*  2025  4 17  1  0   0.00000000                            
PL51   6320.221686   2897.036993  10099.024124              
VL51  50679.985457 -19959.719051 -25657.550697              
*  2025  4 17  1  2   0.00000000                            
PL51   6916.338935   2647.997637   9775.578755              
VL51  48643.397182 -21530.320340 -28235.720370              
*  2025  4 17  1  4   0.00000000                            
PL51   7486.972078   2380.721008   9421.725447              
VL51  46434.044274 -22998.008675 -30724.247242              
*  2025  4 17  1  6   0.00000000                            
PL51   8030.099945   2096.486319   9038.585861              
VL51  44060.697551 -24355.488661 -33115.524997              
*  2025  4 17  1  8   0.00000000                            
PL51   8543.810262   1796.657344   8627.371026              
VL51  41532.729433 -25595.967624 -35402.269165              
*  2025  4 17  1 10   0.00000000                            
PL51   9026.306637   1482.676207   8189.377349              
VL51  38860.074420 -26713.184885 -37577.538151              
*  2025  4 17  1 12   0.00000000                            
PL51   9475.915060   1156.056829   7725.982377              
VL51  36053.187603 -27701.438587 -39634.753053              
*  2025  4 17  1 14   0.00000000                            
PL51   9891.089887    818.378082   7238.640334              
VL51  33123.001400 -28555.610012 -41567.716212              
*  2025  4 17  1 16   0.00000000                            
PL51  10270.419306    471.276649   6728.877445              
VL51  30080.880695 -29271.185284 -43370.628455              
*  2025  4 17  1 18   0.00000000                            
PL51  10612.630247    116.439657   6198.287049              
VL51  26938.576586 -29844.274384 -45038.105000              
*  2025  4 17  1 20   0.00000000                            
PL51  10916.592733   -244.402913   5648.524547              
VL51  23708.178917 -30271.627435 -46565.189971              
*  2025  4 17  1 22   0.00000000                            
PL51  11181.323656   -609.485990   5081.302169              
VL51  20402.067810 -30550.648177 -47947.369514              
*  2025  4 17  1 24   0.00000000                            
PL51  11405.989967   -977.017328   4498.383599              
VL51  17032.864395 -30679.404629 -49180.583480              
*  2025  4 17  1 26   0.00000000                            
PL51  11589.911264  -1345.185519   3901.578471              
VL51  13613.380926 -30656.636887 -50261.235649              
*  2025  4 17  1 28   0.00000000                            
PL51  11732.561790  -1712.168099   3292.736744              
VL51  10156.570503 -30481.762057 -51186.202495              
*  2025  4 17  1 30   0.00000000                            
PL51  11833.571818  -2076.139678   2673.742987              
VL51   6675.476595 -30154.876326 -51952.840468              
*  2025  4 17  1 32   0.00000000                            
PL51  11892.728430  -2435.280098   2046.510580              
VL51   3183.182558 -29676.754178 -52558.991800              
*  2025  4 17  1 34   0.00000000                            
PL51  11909.975699  -2787.782543   1412.975861              
VL51   -307.238653 -29048.844771 -53002.988822              
*  2025  4 17  1 36   0.00000000                            
PL51  11885.414259  -3131.861606    775.092224              
VL51  -3782.774363 -28273.265529 -53283.656807              
*  2025  4 17  1 38   0.00000000                            
PL51  11819.300290  -3465.761256    134.824195              
VL51  -7230.521475 -27352.792989 -53400.315348              
*  2025  4 17  1 40   0.00000000                            
PL51  11712.043906  -3787.762676   -505.858502              
VL51 -10637.734993 -26290.850951 -53352.778285              
*  2025  4 17  1 42   0.00000000                            
PL51  11564.206975  -4096.191945  -1144.986869              
VL51 -13991.875584 -25091.496025 -53141.352210              
*  2025  4 17  1 44   0.00000000                            
PL51  11376.500372  -4389.427537  -1780.598527              
VL51 -17280.656008 -23759.400638 -52766.833567              
*  2025  4 17  1 46   0.00000000                            
PL51  11149.780677  -4665.907594  -2410.743576              
VL51 -20492.086263 -22299.833589 -52230.504402              
*  2025  4 17  1 48   0.00000000                            
PL51  10885.046350  -4924.136953  -3033.490383              
VL51 -23614.517261 -20718.638274 -51534.126776              
*  2025  4 17  1 50   0.00000000                            
PL51  10583.433381  -5162.693902  -3646.931311              
VL51 -26636.682930 -19022.208653 -50679.935901              
*  2025  4 17  1 52   0.00000000                            
PL51  10246.210453  -5380.236626  -4249.188340              
VL51 -29547.740572 -17217.463096 -49670.632040              
*  2025  4 17  1 54   0.00000000                            
PL51   9874.773628  -5575.509343  -4838.418600              
VL51 -32337.309375 -15311.816217 -48509.371208              
*  2025  4 17  1 56   0.00000000                            
PL51   9470.640583  -5747.348069  -5412.819776              
VL51 -34995.506963 -13313.148810 -47199.754740              
*  2025  4 17  1 58   0.00000000                            
PL51   9035.444419  -5894.686032  -5970.635384              
VL51 -37512.983876 -11229.776023 -45745.817757              
*  2025  4 17  2  0   0.00000000                            
PL51   8570.927069  -6016.558680  -6510.159899              
VL51 -39880.955891  -9070.413891 -44152.016592              
*  2025  4 17  2  2   0.00000000                            
PL51   8078.932335  -6112.108284  -7029.743737              
VL51 -42091.234103  -6844.144356 -42423.215216              
*  2025  4 17  2  4   0.00000000                            
PL51   7561.398575  -6180.588113  -7527.798050              
VL51 -44136.252691  -4560.378920 -40564.670725              
*  2025  4 17  2  6   0.00000000                            
PL51   7020.351068  -6221.366165  -8002.799361              
VL51 -46009.094299  -2228.821044 -38582.017926              
*  2025  4 17  2  8   0.00000000                            
PL51   6457.894096  -6233.928437  -8453.293994              
VL51 -47703.512998    140.572553 -36481.253082              
*  2025  4 17  2 10   0.00000000                            
PL51   5876.202758  -6217.881728  -8877.902314              
VL51 -49213.954763   2537.631576 -34268.716855              
*  2025  4 17  2 12   0.00000000                            
PL51   5277.514562  -6172.955962  -9275.322749              
VL51 -50535.575448   4952.012676 -31951.076490              
*  2025  4 17  2 14   0.00000000                            
PL51   4664.120806  -6099.006013  -9644.335603              
VL51 -51664.256204   7373.240678 -29535.307299              
*  2025  4 17  2 16   0.00000000                            
PL51   4038.357796  -5996.013041  -9983.806637              
VL51 -52596.616359   9790.750398 -27028.673452              
*  2025  4 17  2 18   0.00000000                            
PL51   3402.597925  -5864.085315 -10292.690414              
VL51 -53330.023700  12193.928903 -24438.708143              
*  2025  4 17  2 20   0.00000000                            
PL51   2759.240644  -5703.458536 -10570.033410              
VL51 -53862.602174  14572.158086 -21773.193142              
*  2025  4 17  2 22   0.00000000                            
PL51   2110.703350  -5514.495638 -10814.976868              
VL51 -54193.236983  16914.857441 -19040.137771              
*  2025  4 17  2 24   0.00000000                            
PL51   1459.412238  -5297.686081 -11026.759399              
VL51 -54321.577082  19211.526876 -16247.757340              
*  2025  4 17  2 26   0.00000000                            
PL51    807.793131  -5053.644629 -11204.719326              
VL51 -54248.035063  21451.789469 -13404.451060              
*  2025  4 17  2 28   0.00000000                            
PL51    158.262332  -4783.109620 -11348.296751              
VL51 -53973.784456  23625.434003 -10518.779473              
*  2025  4 17  2 30   0.00000000                            
PL51   -486.782478  -4486.940718 -11457.035358              
VL51 -53500.754426  25722.457177  -7599.441411              
*  2025  4 17  2 32   0.00000000                            
PL51  -1124.971265  -4166.116172 -11530.583927              
VL51 -52831.621911  27733.105343  -4655.250516              
*  2025  4 17  2 34   0.00000000                            
PL51  -1753.970553  -3821.729571 -11568.697573              
VL51 -51969.801179  29647.915643  -1695.111339              
*  2025  4 17  2 36   0.00000000                            
PL51  -2371.492199  -3454.986110 -11571.238690              
VL51 -50919.430852  31457.756412   1272.004958              
*  2025  4 17  2 38   0.00000000                            
PL51  -2975.301992  -3067.198379 -11538.177600              
VL51 -49685.358394  33153.866713   4237.085275              
*  2025  4 17  2 40   0.00000000                            
PL51  -3563.228054  -2659.781683 -11469.592912              
VL51 -48273.122086  34727.894857   7191.099599              
*  2025  4 17  2 42   0.00000000                            
PL51  -4133.169013  -2234.248902 -11365.671568              
VL51 -46688.930531  36171.935767  10125.026343              
*  2025  4 17  2 44   0.00000000                            
PL51  -4683.101905  -1792.204918 -11226.708592              
VL51 -44939.639687  37478.567049  13029.877980              
*  2025  4 17  2 46   0.00000000                            
PL51  -5211.089799  -1335.340611 -11053.106522              
VL51 -43032.727490  38640.883608  15896.726927              
*  2025  4 17  2 48   0.00000000                            
PL51  -5715.289091   -865.426454 -10845.374540              
VL51 -40976.266091  39652.530675  18716.731637              
*  2025  4 17  2 50   0.00000000                            
PL51  -6193.956461   -384.305714 -10604.127277              
VL51 -38778.891754  40507.735071  21481.162864              
*  2025  4 17  2 52   0.00000000                            
PL51  -6645.455446    106.112696 -10330.083311              
VL51 -36449.772474  41201.334574  24181.430038              
*  2025  4 17  2 54   0.00000000                            
PL51  -7068.262618    603.861724 -10024.063341              
VL51 -33998.573369  41728.805216  26809.107688              
*  2025  4 17  2 56   0.00000000                            
PL51  -7460.973331   1106.923984  -9686.988050              
VL51 -31435.419921  42086.286351  29355.961857              
*  2025  4 17  2 58   0.00000000                            
PL51  -7822.307014   1613.239858  -9319.875648              
VL51 -28770.859146  42270.603350  31813.976428              
*  2025  4 17  3  0   0.00000000                            
PL51  -8151.111985   2120.715849  -8923.839098              
VL51 -26015.818789  42279.287746  34175.379266              
*  2025  4 17  3  2   0.00000000                            
PL51  -8446.369768   2627.233166  -8500.083040              
VL51 -23181.564654  42110.594688  36432.668100              
*  2025  4 17  3  4   0.00000000                            
PL51  -8707.198884   3130.656495  -8049.900389              
VL51 -20279.656188  41763.517546  38578.636024              
*  2025  4 17  3  6   0.00000000                            
PL51  -8932.858099   3628.842932  -7574.668649              
VL51 -17321.900469  41237.799538  40606.396520              
*  2025  4 17  3  8   0.00000000                            
PL51  -9122.749113   4119.651034  -7075.845916              
VL51 -14320.304749  40533.942236  42509.407877              
*  2025  4 17  3 10   0.00000000                            
PL51  -9276.418672   4600.949956  -6554.966599              
VL51 -11287.027731  39653.210844  44281.496896              
*  2025  4 17  3 12   0.00000000                            
PL51  -9393.560086   5070.628627  -6013.636860              
VL51  -8234.329757  38597.636137  45916.881743              
*  2025  4 17  3 14   0.00000000                            
PL51  -9474.014146   5526.604935  -5453.529783              
VL51  -5174.522126  37370.012978  47410.193839              
*  2025  4 17  3 16   0.00000000                            
PL51  -9517.769428   5966.834867  -4876.380293              
VL51  -2119.915750  35973.895337  48756.498651              
*  2025  4 17  3 18   0.00000000                            
PL51  -9524.961977   6389.321571  -4283.979827              
VL51    917.230625  34413.587761  49951.315246              
*  2025  4 17  3 20   0.00000000                            
PL51  -9495.874371   6792.124294  -3678.170777              
VL51   3924.762383  32694.133257  50990.634506              
*  2025  4 17  3 22   0.00000000                            
PL51  -9430.934159   7173.367155  -3060.840733              
VL51   6890.680936  30821.297595  51870.935850              
*  2025  4 17  3 24   0.00000000                            
PL51  -9330.711678   7531.247702  -2433.916520              
VL51   9803.195296  28801.550013  52589.202359              
*  2025  4 17  3 26   0.00000000                            
PL51  -9195.917258   7864.045223  -1799.358080              
VL51  12650.773053  26642.040392  53142.934182              
*  2025  4 17  3 28   0.00000000                            
PL51  -9027.397813   8170.128759  -1159.152189              
VL51  15422.190471  24350.572947  53530.160122              
*  2025  4 17  3 30   0.00000000                            
PL51  -8826.132846   8447.964780   -515.306058              
VL51  18106.581447  21935.576521  53749.447288              
*  2025  4 17  3 32   0.00000000                            
PL51  -8593.229868   8696.124488    130.159176              
VL51  20693.485031  19406.071613  53799.908744              
*  2025  4 17  3 34   0.00000000                            
PL51  -8329.919261   8913.290701    775.215040              
VL51  23172.891248  16771.634254  53681.209065              
*  2025  4 17  3 36   0.00000000                            
PL51  -8037.548600   9098.264287   1417.832360              
VL51  25535.284956  14042.356930  53393.567751              
*  2025  4 17  3 38   0.00000000                            
PL51  -7717.576464   9249.970116   2055.987935              
VL51  27771.687468  11228.806706  52937.760440              
*  2025  4 17  3 40   0.00000000                            
PL51  -7371.565760   9367.462491   2687.671203              
VL51  29873.695695   8341.980784  52315.117898              
*  2025  4 17  3 42   0.00000000                            
PL51  -7001.176595   9449.930027   3310.890889              
VL51  31833.518588   5393.259725  51527.522773              
*  2025  4 17  3 44   0.00000000                            
PL51  -6608.158728   9496.699963   3923.681592              
VL51  33644.010632   2394.358577  50577.404104              
*  2025  4 17  3 46   0.00000000                            
PL51  -6194.343637   9507.241873   4524.110302              
VL51  35298.702234   -642.723817  49467.729625              
*  2025  4 17  3 48   0.00000000                            
PL51  -5761.636242   9481.170759   5110.282805              
VL51  36791.826788  -3705.757060  48201.995888              
*  2025  4 17  3 50   0.00000000                            
PL51  -5312.006324   9418.249512   5680.349960              
VL51  38118.344311  -6782.332685  46784.216270              
*  2025  4 17  3 52   0.00000000                            
PL51  -4847.479684   9318.390718   6232.513820              
VL51  39273.961485  -9859.918617  45218.906923              
*  2025  4 17  3 54   0.00000000                            
PL51  -4370.129077   9181.657818   6765.033565              
VL51  40255.148044 -12925.914287  43511.070762              
*  2025  4 17  3 56   0.00000000                            
PL51  -3882.064979   9008.265589   7276.231246              
VL51  41059.149405 -15967.706124  41666.179561              
*  2025  4 17  3 58   0.00000000                            
PL51  -3385.426220   8798.579975   7764.497289              
VL51  41683.995515 -18972.723108  39690.154289              
*  2025  4 17  4  0   0.00000000                            
PL51  -2882.370538   8553.117239   8228.295762              
VL51  42128.505884 -21928.492114  37589.343761              
*  2025  4 17  4  2   0.00000000                            
PL51  -2375.065090   8272.542457   8666.169371              
VL51  42392.290804 -24822.692733  35370.501751              
*  2025  4 17  4  4   0.00000000                            
PL51  -1865.676975   7957.667366   9076.744176              
VL51  42475.748796 -27643.211316  33040.762685              
*  2025  4 17  4  6   0.00000000                            
PL51  -1356.363812   7609.447561   9458.734009              
VL51  42380.060312 -30378.193949  30607.616035              
*  2025  4 17  4  8   0.00000000                            
PL51   -849.264410   7228.979064   9810.944569              
VL51  42107.177792 -33016.098128  28078.879566              
*  2025  4 17  4 10   0.00000000                            
PL51   -346.489581   6817.494288  10132.277203              
VL51  41659.812149 -35545.742868  25462.671559              
*  2025  4 17  4 12   0.00000000                            
PL51    149.886858   6376.357407  10421.732336              
VL51  41041.415813 -37956.357035  22767.382157              
*  2025  4 17  4 14   0.00000000                            
PL51    637.836872   5907.059157  10678.412558              
VL51  40256.162444 -40237.625686  20001.643956              
*  2025  4 17  4 16   0.00000000                            
PL51   1115.386719   5411.211092  10901.525358              
VL51  39308.923484 -42379.734224  17174.301986              
*  2025  4 17  4 18   0.00000000                            
PL51   1580.625172   4890.539332  11090.385485              
VL51  38205.241680 -44373.410174  14294.383202              
*  2025  4 17  4 20   0.00000000                            
PL51   2031.711399   4346.877813  11244.416949              
VL51  36951.301766 -46209.962437  11371.065615              
*  2025  4 17  4 22   0.00000000                            
PL51   2466.882478   3782.161096  11363.154650              
VL51  35553.898475 -47881.317856   8413.647189              
*  2025  4 17  4 24   0.00000000                            
PL51   2884.460512   3198.416737  11446.245623              
VL51  34020.402073 -49380.054967   5431.514614              
*  2025  4 17  4 26   0.00000000                            
PL51   3282.859318   2597.757288  11493.449922              
VL51  32358.721608 -50699.434821   2434.112078              
*  2025  4 17  4 28   0.00000000                            
PL51   3660.590662   1982.371931  11504.641121              
VL51  30577.266073 -51833.428768   -569.089855              
*  2025  4 17  4 30   0.00000000                            
PL51   4016.270014   1354.517805  11479.806441              
VL51  28684.903706 -52776.743126  -3568.625161              
*  2025  4 17  4 32   0.00000000                            
PL51   4348.621808    716.511055  11419.046519              
VL51  26690.919606 -53524.840660  -6555.062954              
*  2025  4 17  4 34   0.00000000                            
PL51   4656.484180     70.717641  11322.574799              
VL51  24604.971908 -54073.958813  -9519.037694              
*  2025  4 17  4 36   0.00000000                            
PL51   4938.813179   -580.456052  11190.716568              
VL51  22437.046711 -54421.124649 -12451.278889              
*  2025  4 17  4 38   0.00000000                            
PL51   5194.686424  -1234.572758  11023.907648              
VL51  20197.411973 -54564.166473 -15342.640228              
*  2025  4 17  4 40   0.00000000                            
PL51   5423.306207  -1889.174005  10822.692723              
VL51  17896.570591 -54501.722108 -18184.128055              
*  2025  4 17  4 42   0.00000000                            
PL51   5624.002027  -2541.789856  10587.723351              
VL51  15545.212883 -54233.243838 -20966.929105              
*  2025  4 17  4 44   0.00000000                            
PL51   5796.232551  -3189.948697  10319.755628              
VL51  13154.168666 -53759.000002 -23682.437427              
*  2025  4 17  4 46   0.00000000                            
PL51   5939.587001  -3831.187026  10019.647549              
VL51  10734.359157 -53080.073273 -26322.280435              
*  2025  4 17  4 48   0.00000000                            
PL51   6053.785961  -4463.059195   9688.356053              
VL51   8296.748894 -52198.355656 -28878.343996              
*  2025  4 17  4 50   0.00000000                            
PL51   6138.681611  -5083.147075   9326.933778              
VL51   5852.297881 -51116.540240 -31342.796521              
*  2025  4 17  4 52   0.00000000                            
PL51   6194.257386  -5689.069607   8936.525528              
VL51   3411.914162 -49838.109764 -33708.111978              
*  2025  4 17  4 54   0.00000000                            
PL51   6220.627070  -6278.492189   8518.364479              
VL51    986.407010 -48367.322069 -35967.091772              
*  2025  4 17  4 56   0.00000000                            
PL51   6218.033337  -6849.135879   8073.768118              
VL51  -1413.559075 -46709.192510 -38112.885451              
*  2025  4 17  4 58   0.00000000                            
PL51   6186.845741  -7398.786364   7604.133953              
VL51  -3777.509365 -44869.473415 -40139.010172              
*  2025  4 17  5  0   0.00000000                            
PL51   6127.558171  -7925.302662   7110.934989              
VL51  -6095.202741 -42854.630713 -42039.368890              
*  2025  4 17  5  2   0.00000000                            
PL51   6040.785799  -8426.625539   6595.714994              
VL51  -8356.674181 -40671.817814 -43808.267233              
*  2025  4 17  5  4   0.00000000                            
PL51   5927.261512  -8900.785581   6060.083576              
VL51 -10552.275731 -38328.846893 -45440.429011              
*  2025  4 17  5  6   0.00000000                            
PL51   5787.831875  -9345.910918   5505.711075              
VL51 -12672.715826 -35834.157701 -46931.010343              
*  2025  4 17  5  8   0.00000000                            
PL51   5623.452622  -9760.234558   4934.323302              
VL51 -14709.096787 -33196.784036 -48275.612373              
*  2025  4 17  5 10   0.00000000                            
PL51   5435.183719 -10142.101301   4347.696124              
VL51 -16652.950372 -30426.318041 -49470.292547              
*  2025  4 17  5 12   0.00000000                            
PL51   5224.184005 -10489.974213   3747.649932              
VL51 -18496.271260 -27532.872468 -50511.574447              
*  2025  4 17  5 14   0.00000000                            
PL51   4991.705450 -10802.440642   3136.043997              
VL51 -20231.548337 -24527.041089 -51396.456168              
*  2025  4 17  5 16   0.00000000                            
PL51   4739.087042 -11078.217740   2514.770726              
VL51 -21851.793683 -21419.857398 -52122.417226              
*  2025  4 17  5 18   0.00000000                            
PL51   4467.748354 -11316.157487   1885.749860              
VL51 -23350.569181 -18222.751781 -52687.424007              
*  2025  4 17  5 20   0.00000000                            
PL51   4179.182795 -11515.251189   1250.922598              
VL51 -24722.010640 -14947.507328 -53089.933743              
*  2025  4 17  5 22   0.00000000                            
PL51   3874.950590 -11674.633436    612.245695              
VL51 -25960.849365 -11606.214469 -53328.897024              
*  2025  4 17  5 24   0.00000000                            
PL51   3556.671521 -11793.585520    -28.314466              
VL51 -27062.431109  -8211.224605 -53403.758851              
*  2025  4 17  5 26   0.00000000                            
PL51   3226.017450 -11871.538278   -668.787809              
VL51 -28022.732351  -4775.102937 -53314.458246              
*  2025  4 17  5 28   0.00000000                            
PL51   2884.704670 -11908.074372  -1307.206481              
VL51 -28838.373849  -1310.580679 -53061.426427              
*  2025  4 17  5 30   0.00000000                            
PL51   2534.486102 -11902.929998  -1941.610742              
VL51 -29506.631458   2169.493152 -52645.583592              
*  2025  4 17  5 32   0.00000000                            
PL51   2177.143384 -11855.996000  -2570.054805              
VL51 -30025.444166   5652.200178 -52068.334328              
*  2025  4 17  5 34   0.00000000                            
PL51   1814.478882 -11767.318419  -3190.612617              
VL51 -30393.419388   9124.601139 -51331.561705              
*  2025  4 17  5 36   0.00000000                            
PL51   1448.307647 -11637.098452  -3801.383556              
VL51 -30609.835481  12573.784237 -50437.620077              
*  2025  4 17  5 38   0.00000000                            
PL51   1080.449362 -11465.691828  -4400.498039              
VL51 -30674.641552  15986.913166 -49389.326663              
*  2025  4 17  5 40   0.00000000                            
PL51    712.720313 -11253.607625  -4986.123020              
VL51 -30588.454555  19351.274656 -48189.951939              
*  2025  4 17  5 42   0.00000000                            
PL51    346.925399 -11001.506504  -5556.467363              
VL51 -30352.553738  22654.325385 -46843.208896              
*  2025  4 17  5 44   0.00000000                            
PL51    -15.149766 -10710.198398  -6109.787087              
VL51 -29968.872489  25883.738095 -45353.241224              
*  2025  4 17  5 46   0.00000000                            
PL51   -371.746638 -10380.639642  -6644.390454              
VL51 -29439.987638  29027.446771 -43724.610455              
*  2025  4 17  5 48   0.00000000                            
PL51   -721.141396 -10013.929576  -7158.642904              
VL51 -28769.106277  32073.690745 -41962.282138              
*  2025  4 17  5 50   0.00000000                            
PL51  -1061.652405  -9611.306619  -7650.971813              
VL51 -27960.050176  35011.057597 -40071.611071              
*  2025  4 17  5 52   0.00000000                            
PL51  -1391.647493  -9174.143844  -8119.871073              
VL51 -27017.237870  37828.524723 -38058.325667              
*  2025  4 17  5 54   0.00000000                            
PL51  -1709.550989  -8703.944052  -8563.905476              
VL51 -25945.664505  40515.499461 -35928.511478              
*  2025  4 17  5 56   0.00000000                            
PL51  -2013.850517  -8202.334384  -8981.714900              
VL51 -24750.879515  43061.857671 -33688.593936              
*  2025  4 17  5 58   0.00000000                            
PL51  -2303.103494  -7671.060475  -9372.018274              
VL51 -23438.962250  45457.980639 -31345.320355              
*  2025  4 17  6  0   0.00000000                            
PL51  -2575.943342  -7111.980172  -9733.617336              
VL51 -22016.495623  47694.790253 -28905.741234              
*  2025  4 17  6  2   0.00000000                            
PL51  -2831.085357  -6527.056852 -10065.400151              
VL51 -20490.537890  49763.782336 -26377.190887              
*  2025  4 17  6  4   0.00000000                            
PL51  -3067.332238  -5918.352339 -10366.344399              
VL51 -18868.592666  51657.058039 -23767.267455              
*  2025  4 17  6  6   0.00000000                            
PL51  -3283.579241  -5288.019462 -10635.520420              
VL51 -17158.577261  53367.353253 -21083.812318              
*  2025  4 17  6  8   0.00000000                            
PL51  -3478.818947  -4638.294275 -10872.094002              
VL51 -15368.789464  54888.065922 -18334.888946              
*  2025  4 17  6 10   0.00000000                            
PL51  -3652.145622  -3971.487957 -11075.328920              
VL51 -13507.872873  56213.281204 -15528.761207              
*  2025  4 17  6 12   0.00000000                            
PL51  -3802.759148  -3289.978425 -11244.589207              
VL51 -11584.780876  57337.794418 -12673.871177              
*  2025  4 17  6 14   0.00000000                            
PL51  -3929.968523  -2596.201687 -11379.341157              
VL51  -9608.739399  58257.131686  -9778.816460              
*  2025  4 17  6 16   0.00000000                            
PL51  -4033.194899  -1892.642961 -11479.155054              
VL51  -7589.208539  58967.568226  -6852.327047              
*  2025  4 17  6 18   0.00000000                            
PL51  -4111.974159  -1181.827588 -11543.706617              
VL51  -5535.843192  59466.144229  -3903.241746              
*  2025  4 17  6 20   0.00000000                            
PL51  -4165.959010   -466.311765 -11572.778164              
VL51  -3458.452791  59750.678249   -940.484193              
*  2025  4 17  6 22   0.00000000                            
PL51  -4194.920597    251.326855 -11566.259484              
VL51  -1366.960291  59819.778062   2026.961531              
*  2025  4 17  6 24   0.00000000                            
PL51  -4198.749612    968.498693 -11524.148416              
VL51    728.639498  59672.848923   4990.075647              
*  2025  4 17  6 26   0.00000000                            
PL51  -4177.456908   1682.611846 -11446.551122              
VL51   2818.322083  59310.099165   7939.827775              
*  2025  4 17  6 28   0.00000000                            
PL51  -4131.173594   2391.081747 -11333.682068              
VL51   4892.075843  58732.543083  10867.202360              
*  2025  4 17  6 30   0.00000000                            
PL51  -4060.150628   3091.340836 -11185.863687              
VL51   6939.944829  57942.001038  13763.224372              
*  2025  4 17  6 32   0.00000000                            
PL51  -3964.757894   3780.848223 -11003.525742              
VL51   8952.071657  56941.096724  16618.985272              
*  2025  4 17  6 34   0.00000000                            
PL51  -3845.482754   4457.099295 -10787.204366              
VL51  10918.740364  55733.251554  19425.669181              
*  2025  4 17  6 36   0.00000000                            
PL51  -3702.928104   5117.635242 -10537.540798              
VL51  12830.419042  54322.676096  22174.579210              
*  2025  4 17  6 38   0.00000000                            
PL51  -3537.809904   5760.052458 -10255.279791              
VL51  14677.802114  52714.358542  24857.163889              
*  2025  4 17  6 40   0.00000000                            
PL51  -3350.954216   6382.011790  -9941.267711              
VL51  16451.852068  50914.050149  27465.043630              
*  2025  4 17  6 42   0.00000000                            
PL51  -3143.293737   6981.247594  -9596.450318              
VL51  18143.840474  48928.247654  29990.037150              
*  2025  4 17  6 44   0.00000000                            
PL51  -2915.863849   7555.576555  -9221.870224              
VL51  19745.388112  46764.172630  32424.187776              
*  2025  4 17  6 46   0.00000000                            
PL51  -2669.798195   8102.906253  -8818.664043              
VL51  21248.504018  44429.747793  34759.789537              
*  2025  4 17  6 48   0.00000000                            
PL51  -2406.323791   8621.243410  -8388.059228              
VL51  22645.623256  41933.570272  36989.412961              
*  2025  4 17  6 50   0.00000000                            
PL51  -2126.755691   9108.701818  -7931.370598              
VL51  23929.643245  39284.881867  39105.930456              
*  2025  4 17  6 52   0.00000000                            
PL51  -1832.491234   9563.509874  -7449.996568              
VL51  25093.958413  36493.536348  41102.541182              
*  2025  4 17  6 54   0.00000000                            
PL51  -1525.003877   9984.017715  -6945.415083              
VL51  26132.493018  33569.963851  42972.795296              
*  2025  4 17  6 56   0.00000000                            
PL51  -1205.836654  10368.703908  -6419.179259              
VL51  27039.731921  30525.132452  44710.617443              
*  2025  4 17  6 58   0.00000000                            
PL51   -876.595272  10716.181660  -5872.912758              
VL51  27810.749129  27370.507029  46310.329382              
*  2025  4 17  7  0   0.00000000                            
PL51   -538.940883  11025.204521  -5308.304888              
VL51  28441.233925  24118.005530  47766.671599              
*  2025  4 17  7  2   0.00000000                            
PL51   -194.582556  11294.671542  -4727.105456              
VL51  28927.514390  20779.952792  49074.823803              
*  2025  4 17  7  4   0.00000000                            
PL51    154.730512  11523.631877  -4131.119383              
VL51  29266.578174  17369.032079  50230.424145              
*  2025  4 17  7  6   0.00000000                            
PL51    507.217027  11711.288773  -3522.201087              
VL51  29456.090331  13898.234538  51229.587059              
*  2025  4 17  7  8   0.00000000                            
PL51    861.071814  11857.002959  -2902.248677              
VL51  29494.408076  10380.806762  52068.919573              
*  2025  4 17  7 10   0.00000000                            
PL51   1214.474196  11960.295387  -2273.197946              
VL51  29380.592350   6830.196731  52745.535981              
*  2025  4 17  7 12   0.00000000                            
PL51   1565.596496  12020.849316  -1637.016205              
VL51  29114.416052   3259.998353  53257.070759              
*  2025  4 17  7 14   0.00000000                            
PL51   1912.612606  12038.511724   -995.695977              
VL51  28696.368875   -316.105103  53601.689614              
*  2025  4 17  7 16   0.00000000                            
PL51   2253.706604  12013.294038   -351.248561              
VL51  28127.658652  -3884.398391  53778.098585              
*  2025  4 17  7 18   0.00000000                            
PL51   2587.081363  11945.372171    294.302496              
VL51  27410.209174  -7431.192194  53785.551104              
*  2025  4 17  7 20   0.00000000                            
PL51   2910.967111  11835.085863    938.927996              
VL51  26546.654465 -10942.881247  53623.852960              
*  2025  4 17  7 22   0.00000000                            
PL51   3223.629898  11682.937319   1580.599741              
VL51  25540.329499 -14406.002350  53293.365122              
*  2025  4 17  7 24   0.00000000                            
PL51   3523.379940  11489.589165   2217.297201              
VL51  24395.257389 -17807.291969  52795.004368              
*  2025  4 17  7 26   0.00000000                            
PL51   3808.579779  11255.861706   2847.014173              
VL51  23116.133096 -21133.743107  52130.241721              
*  2025  4 17  7 28   0.00000000                            
PL51   4077.652229  10982.729511   3467.765416              
VL51  21708.303724 -24372.661133  51301.098661              
*  2025  4 17  7 30   0.00000000                            
PL51   4329.088070  10671.317337   4077.593219              
VL51  20177.745487 -27511.718271  50310.141134              
*  2025  4 17  7 32   0.00000000                            
PL51   4561.453441  10322.895409   4674.573891              
VL51  18531.037472 -30539.006424  49160.471361              
*  2025  4 17  7 34   0.00000000                            
PL51   4773.396904   9938.874076   5256.824135              
VL51  16775.332319 -33443.088070  47855.717495              
*  2025  4 17  7 36   0.00000000                            
PL51   4963.656132   9520.797868   5822.507283              
VL51  14918.323994 -36213.044921  46400.021156              
*  2025  4 17  7 38   0.00000000                            
PL51   5131.064201   9070.338988   6369.839379              
VL51  12968.212817 -38838.524095  44798.022933              
*  2025  4 17  7 40   0.00000000                            
PL51   5274.555442   8589.290261   6897.095064              
VL51  10933.667955 -41309.781534  43054.845905              
*  2025  4 17  7 42   0.00000000                            
PL51   5393.170832   8079.557586   7402.613263              
VL51   8823.787584 -43617.722462  41176.077310              
*  2025  4 17  7 44   0.00000000                            
PL51   5486.062890   7543.151915   7884.802630              
VL51   6648.056955 -45753.938664  39167.748434              
*  2025  4 17  7 46   0.00000000                            
PL51   5552.500064   6982.180806   8342.146753              
VL51   4416.304594 -47710.742420  37036.312872              
*  2025  4 17  7 48   0.00000000                            
PL51   5591.870577   6398.839595   8773.209080              
VL51   2138.656884 -49481.196937  34788.623257              
*  2025  4 17  7 50   0.00000000                            
PL51   5603.685722   5795.402217   9176.637564              
VL51   -174.508723 -51059.143165  32431.906601              
*  2025  4 17  7 52   0.00000000                            
PL51   5587.582588   5174.211732   9551.168997              
VL51  -2512.611615 -52439.222891  29973.738383              
*  2025  4 17  7 54   0.00000000                            
PL51   5543.326210   4537.670595   9895.633035              
VL51  -4864.916790 -53616.898040  27422.015503              
*  2025  4 17  7 56   0.00000000                            
PL51   5470.811118   3888.230718  10208.955884              
VL51  -7220.584239 -54588.466133  24784.928258              
*  2025  4 17  7 58   0.00000000                            
PL51   5370.062308   3228.383369  10490.163650              
VL51  -9568.718691 -55351.071871  22070.931459              
*  2025  4 17  8  0   0.00000000                            
PL51   5241.235599   2560.648956  10738.385339              
VL51 -11898.419459 -55902.714854  19288.714839              
*  2025  4 17  8  2   0.00000000                            
PL51   5084.617402   1887.566742  10952.855488              
VL51 -14198.830165 -56242.253434  16447.172878              
*  2025  4 17  8  4   0.00000000                            
PL51   4900.623893   1211.684535  11132.916448              
VL51 -16459.188086 -56369.404764  13555.374175              
*  2025  4 17  8  6   0.00000000                            
PL51   4689.799593    535.548399  11278.020279              
VL51 -18668.872910 -56284.741083  10622.530498              
*  2025  4 17  8  8   0.00000000                            
PL51   4452.815374   -138.307561  11387.730289              
VL51 -20817.454672 -55989.682318   7657.965618              
*  2025  4 17  8 10   0.00000000                            
PL51   4190.465889   -807.371315  11461.722186              
VL51 -22894.740661 -55486.485087   4671.084057              
*  2025  4 17  8 12   0.00000000                            
PL51   3903.666451  -1469.162859  11499.784858              
VL51 -24890.821102 -54778.228204   1671.339845              
*  2025  4 17  8 14   0.00000000                            
PL51   3593.449371  -2121.243983  11501.820787              
VL51 -26796.113396 -53868.794789  -1331.794595              
*  2025  4 17  8 16   0.00000000                            
PL51   3260.959775  -2761.227793  11467.846076              
VL51 -28601.404753 -52762.851120  -4328.859333              
*  2025  4 17  8 18   0.00000000                            
PL51   2907.450916  -3386.787973  11397.990123              
VL51 -30297.893032 -51465.822343  -7310.437481              
*  2025  4 17  8 20   0.00000000                            
PL51   2534.279016  -3995.667724  11292.494915              
VL51 -31877.225615 -49983.865208 -10267.185311              
*  2025  4 17  8 22   0.00000000                            
PL51   2142.897646  -4585.688369  11151.713981              
VL51 -33331.536175 -48323.837985 -13189.861831              
*  2025  4 17  8 24   0.00000000                            
PL51   1734.851679  -5154.757579  10976.110977              
VL51 -34653.479199 -46493.267725 -16069.357746              
*  2025  4 17  8 26   0.00000000                            
PL51   1311.770850  -5700.877186  10766.257941              
VL51 -35836.262122 -44500.315058 -18896.723704              
*  2025  4 17  8 28   0.00000000                            
PL51    875.362936  -6222.150564  10522.833206              
VL51 -36873.674998 -42353.736706 -21663.197772              
*  2025  4 17  8 30   0.00000000                            
PL51    427.406603  -6716.789549  10246.618987              
VL51 -37760.117572 -40062.845903 -24360.232055              
*  2025  4 17  8 32   0.00000000                            
PL51    -30.256064  -7183.120866   9938.498664              
VL51 -38490.623688 -37637.470900 -26979.518422              
*  2025  4 17  8 34   0.00000000                            
PL51   -495.727300  -7619.592057   9599.453749              
VL51 -39060.882952 -35087.911754 -29513.013269              
*  2025  4 17  8 36   0.00000000                            
PL51   -967.061644  -8024.776869   9230.560574              
VL51 -39467.259566 -32424.895576 -31952.961274              
*  2025  4 17  8 38   0.00000000                            
PL51  -1442.274136  -8397.380110   8832.986687              
VL51 -39706.808287 -29659.530435 -34291.918085              
*  2025  4 17  8 40   0.00000000                            
PL51  -1919.348681  -8736.241932   8407.986997              
VL51 -39777.287440 -26803.258092 -36522.771901              
*  2025  4 17  8 42   0.00000000                            
PL51  -2396.246559  -9040.341552   7956.899657              
VL51 -39677.168962 -23867.805783 -38638.763867              
*  2025  4 17  8 44   0.00000000                            
PL51  -2870.915029  -9308.800380   7481.141709              
VL51 -39405.645424 -20865.137228 -40633.507252              
*  2025  4 17  8 46   0.00000000                            
PL51  -3341.296010  -9540.884564   6982.204515              
VL51 -38962.634041 -17807.403082 -42501.005349              
*  2025  4 17  8 48   0.00000000                            
PL51  -3805.334779  -9736.006930   6461.648975              
VL51 -38348.777644 -14706.891041 -44235.668056              
*  2025  4 17  8 50   0.00000000                            
PL51  -4260.988672  -9893.728330   5921.100551              
VL51 -37565.442642 -11575.975795 -45832.327084              
*  2025  4 17  8 52   0.00000000                            
PL51  -4706.235741 -10013.758384   5362.244126              
VL51 -36614.714005  -8427.069040 -47286.249785              
*  2025  4 17  8 54   0.00000000                            
PL51  -5139.083330 -10095.955624   4786.818697              
VL51 -35499.387288  -5272.569764 -48593.151535              
*  2025  4 17  8 56   0.00000000                            
PL51  -5557.576540 -10140.327050   4196.611933              
VL51 -34222.957776  -2124.814988 -49749.206692              
*  2025  4 17  8 58   0.00000000                            
PL51  -5959.806547 -10147.027088   3593.454610              
VL51 -32789.606792   1003.968833 -50751.058074              
*  2025  4 17  9  0   0.00000000                            
PL51  -6343.918739 -10116.355980   2979.214936              
VL51 -31204.185256   4101.713564 -51595.824975              
*  2025  4 17  9  2   0.00000000                            
PL51  -6708.120638 -10048.757603   2355.792799              
VL51 -29472.194576   7156.556116 -52281.109701              
*  2025  4 17  9  4   0.00000000                            
PL51  -7050.689577  -9944.816731   1725.113930              
VL51 -27599.764975  10156.883969 -52805.002631              
*  2025  4 17  9  6   0.00000000                            
PL51  -7369.980107  -9805.255762   1089.124034              
VL51 -25593.631328  13091.379340 -53166.085799              
*  2025  4 17  9  8   0.00000000                            
PL51  -7664.431093  -9630.930927    449.782866              
VL51 -23461.106659  15949.061811 -53363.435018              
*  2025  4 17  9 10   0.00000000                            
PL51  -7932.572485  -9422.827993   -190.941693              
VL51 -21210.053394  18719.329278 -53396.620547              
*  2025  4 17  9 12   0.00000000                            
PL51  -8173.031720  -9182.057483   -831.079570              
VL51 -18848.852507  21391.997086 -53265.706324              
*  2025  4 17  9 14   0.00000000                            
PL51  -8384.539761  -8909.849446  -1468.664410              
VL51 -16386.370688  23957.335195 -52971.247782              
*  2025  4 17  9 16   0.00000000                            
PL51  -8565.936708  -8607.547788  -2101.739456              
VL51 -13831.925689  26406.103266 -52514.288288              
*  2025  4 17  9 18   0.00000000                            
PL51  -8716.177003  -8276.604192  -2728.363375              
VL51 -11195.249991  28729.583553 -51896.354214              
*  2025  4 17  9 20   0.00000000                            
PL51  -8834.334175  -7918.571669  -3346.616017              
VL51  -8486.452939  30919.611482 -51119.448712              
*  2025  4 17  9 22   0.00000000                            
PL51  -8919.605134  -7535.097740  -3954.604094              
VL51  -5715.981525  32968.603858 -50186.044211              
*  2025  4 17  9 24   0.00000000                            
PL51  -8971.313974  -7127.917307  -4550.466762              
VL51  -2894.579947  34869.584589 -49099.073691              
*  2025  4 17  9 26   0.00000000                            
PL51  -8988.915299  -6698.845226  -5132.381083              
VL51    -33.248125  36616.207898 -47861.920796              
*  2025  4 17  9 28   0.00000000                            
PL51  -8971.997033  -6249.768616  -5698.567376              
VL51   2856.800676  38202.778947 -46478.408819              
*  2025  4 17  9 30   0.00000000                            
PL51  -8920.282726  -5782.638936  -6247.294415              
VL51   5764.182970  39624.271852 -44952.788627              
*  2025  4 17  9 32   0.00000000                            
PL51  -8833.633330  -5299.463864  -6776.884486              
VL51   8677.388758  40876.345052 -43289.725562              
*  2025  4 17  9 34   0.00000000                            
PL51  -8712.048459  -4802.299007  -7285.718277              
VL51  11584.825672  41955.354021 -41494.285385              
*  2025  4 17  9 36   0.00000000                            
PL51  -8555.667104  -4293.239471  -7772.239591              
VL51  14474.863417  42858.361299 -39571.919288              
*  2025  4 17  9 38   0.00000000                            
PL51  -8364.767827  -3774.411332  -8234.959881              
VL51  17335.878354  43583.143858 -37528.448044              
*  2025  4 17  9 40   0.00000000                            
PL51  -8139.768408  -3247.963031  -8672.462582              
VL51  20156.298088  44128.197800 -35370.045326              
*  2025  4 17  9 42   0.00000000                            
PL51  -7881.224970  -2716.056729  -9083.407245              
VL51  22924.645922  44492.740399 -33103.220243              
*  2025  4 17  9 44   0.00000000                            
PL51  -7589.830556  -2180.859653  -9466.533451              
VL51  25629.585022  44676.709504 -30734.799145              
*  2025  4 17  9 46   0.00000000                            
PL51  -7266.413197  -1644.535471  -9820.664509              
VL51  28259.962195  44680.760343 -28271.906725              
*  2025  4 17  9 48   0.00000000                            
PL51  -6911.933441  -1109.235708 -10144.710914              
VL51  30804.851109  44506.259749 -25721.946466              
*  2025  4 17  9 50   0.00000000                            
PL51  -6527.481381   -577.091258 -10437.673577              
VL51  33253.594858  44155.277852 -23092.580480              
*  2025  4 17  9 52   0.00000000                            
PL51  -6114.273164    -50.204008 -10698.646801              
VL51  35595.847732  43630.577288 -20391.708758              
*  2025  4 17  9 54   0.00000000                            
PL51  -5673.647014    469.361398 -10926.821011              
VL51  37821.616080  42935.599964 -17627.447879              
*  2025  4 17  9 56   0.00000000                            
PL51  -5207.058768    979.585617 -11121.485222              
VL51  39921.298147  42074.451437 -14808.109189              
*  2025  4 17  9 58   0.00000000                            
PL51  -4716.076938   1478.502465 -11282.029242              
VL51  41885.722774  41051.882971 -11942.176501              
*  2025  4 17 10  0   0.00000000                            
PL51  -4202.377319   1964.206551 -11407.945605              
VL51  43706.186837  39873.271315  -9038.283308              
*  2025  4 17 10  2   0.00000000                            
PL51  -3667.737152   2434.860642 -11498.831231              
VL51  45374.491323  38544.596269  -6105.189558              
*  2025  4 17 10  4   0.00000000                            
PL51  -3114.028870   2888.702762 -11554.388798              
VL51  46882.975921  37072.416101  -3151.757981              
*  2025  4 17 10  6   0.00000000                            
PL51  -2543.213431   3324.052973 -11574.427835              
VL51  48224.552009  35463.840875   -186.930025              
*  2025  4 17 10  8   0.00000000                            
PL51  -1957.333270   3739.319825 -11558.865516              
VL51  49392.733930  33726.503754   2780.298619              
*  2025  4 17 10 10   0.00000000                            
PL51  -1358.504882   4133.006452 -11507.727169              
VL51  50381.668417  31868.530355   5740.902853              
*  2025  4 17 10 12   0.00000000                            
PL51   -748.911070   4503.716289 -11421.146469              
VL51  51186.162074  29898.506223   8685.853354              
*  2025  4 17 10 14   0.00000000                            
PL51   -130.792870   4850.158385 -11299.365345              
VL51  51801.706751  27825.442498  11606.142074              
*  2025  4 17 10 16   0.00000000                            
PL51    493.558813   5171.152300 -11142.733563              
VL51  52224.502723  25658.739868  14492.808034              
*  2025  4 17 10 18   0.00000000                            
PL51   1121.811832   5465.632549 -10951.708010              
VL51  52451.479506  23408.150886  17336.963348              
*  2025  4 17 10 20   0.00000000                            
PL51   1751.601663   5732.652595 -10726.851657              
VL51  52480.314218  21083.740764  20129.819453              
*  2025  4 17 10 22   0.00000000                            
PL51   2380.540475   5971.388356 -10468.832212              
VL51  52309.447327  18695.846731  22862.713488              
*  2025  4 17 10 24   0.00000000                            
PL51   3006.226367   6181.141220 -10178.420449              
VL51  51938.095683  16255.036095  25527.134742              
*  2025  4 17 10 26   0.00000000                            
PL51   3626.252751   6361.340548  -9856.488225              
VL51  51366.262703  13772.063111  28114.751130              
*  2025  4 17 10 28   0.00000000                            
PL51   4238.217840   6511.545654  -9504.006180              
VL51  50594.745599  11257.824812  30617.435605              
*  2025  4 17 10 30   0.00000000                            
PL51   4839.734194   6631.447248  -9122.041115              
VL51  49625.139539   8723.315930  33027.292426              
*  2025  4 17 10 32   0.00000000                            
PL51   5428.438313   6720.868334  -8711.753063              
VL51  48459.838639   6179.583083  35336.683195              
*  2025  4 17 10 34   0.00000000                            
PL51   6002.000209   6779.764555  -8274.392043              
VL51  47102.033699   3637.678373  37538.252570              
*  2025  4 17 10 36   0.00000000                            
PL51   6558.132938   6808.223978  -7811.294517              
VL51  45555.706595   1108.612596  39624.953531              
*  2025  4 17 10 38   0.00000000                            
PL51   7094.602041   6806.466316  -7323.879533              
VL51  43825.621277  -1396.691760  41590.072111              
*  2025  4 17 10 40   0.00000000                            
PL51   7609.234858   6774.841589  -6813.644590              
VL51  41917.311301  -3867.447523  43427.251457              
*  2025  4 17 10 42   0.00000000                            
PL51   8099.929672   6713.828216  -6282.161211              
VL51  39837.063885  -6293.049649  45130.515100              
*  2025  4 17 10 44   0.00000000                            
PL51   8564.664639   6624.030550  -5731.070238              
VL51  37591.900470  -8663.121601  46694.289320              
*  2025  4 17 10 46   0.00000000                            
PL51   9001.506465   6506.175865  -5162.076878              
VL51  35189.553785 -10967.561089  48113.424462              
*  2025  4 17 10 48   0.00000000                            
PL51   9408.618786   6361.110791  -4576.945486              
VL51  32638.441471 -13196.584937  49383.215086              
*  2025  4 17 10 50   0.00000000                            
PL51   9784.270211   6189.797221  -3977.494122              
VL51  29947.636290 -15340.772829  50499.418825              
*  2025  4 17 10 52   0.00000000                            
PL51  10126.841991   5993.307703  -3365.588889              
VL51  27126.833018 -17391.109715  51458.273814              
*  2025  4 17 10 54   0.00000000                            
PL51  10434.835264   5772.820329  -2743.138069              
VL51  24186.312118 -19339.026627  52256.514578              
*  2025  4 17 10 56   0.00000000                            
PL51  10706.877854   5529.613146  -2112.086079              
VL51  21136.900317 -21176.439679  52891.386265              
*  2025  4 17 10 58   0.00000000                            
PL51  10941.730572   5265.058112  -1474.407267              
VL51  17989.928242 -22895.787009  53360.657092              
*  2025  4 17 11  0   0.00000000                            
PL51  11138.292995   4980.614618   -832.099570              
VL51  14757.185302 -24490.063454  53662.628940              
*  2025  4 17 11  2   0.00000000                            
PL51  11295.608691   4677.822619   -187.178057              
VL51  11450.871996 -25952.852726  53796.145966              
*  2025  4 17 11  4   0.00000000                            
PL51  11412.869847   4358.295378    458.331620              
VL51   8083.549897 -27278.356897  53760.601188              
*  2025  4 17 11  6   0.00000000                            
PL51  11489.421301   4023.711894   1102.399843              
VL51   4668.089537 -28461.423003  53555.940951              
*  2025  4 17 11  8   0.00000000                            
PL51  11524.763918   3675.809008   1742.999683              
VL51   1217.616470 -29497.566593  53182.667236              
*  2025  4 17 11 10   0.00000000                            
PL51  11518.557325   3316.373263   2378.113569              
VL51  -2254.544221 -30382.992067  52641.837771              
*  2025  4 17 11 12   0.00000000                            
PL51  11470.621964   2947.232527   3005.739947              
VL51  -5734.924663 -31114.609676  51935.063912              
*  2025  4 17 11 14   0.00000000                            
PL51  11380.940460   2570.247442   3623.899904              
VL51  -9209.971879 -31690.049059  51064.506297              
*  2025  4 17 11 16   0.00000000                            
PL51  11249.658292   2187.302726   4230.643714              
VL51 -12666.106109 -32107.669240  50032.868273              
*  2025  4 17 11 18   0.00000000                            
PL51  11077.083765   1800.298379   4824.057309              
VL51 -16089.779426 -32366.565008  48843.387131              
*  2025  4 17 11 20   0.00000000                            
PL51  10863.687275   1411.140832   5402.268615              
VL51 -19467.534342 -32466.569645  47499.823187              
*  2025  4 17 11 22   0.00000000                            
PL51  10610.099873   1021.734090   5963.453759              
VL51 -22786.062069 -32408.253991  46006.446769              
*  2025  4 17 11 24   0.00000000                            
PL51  10317.111134    633.970903   6505.843094              
VL51 -26032.260118 -32192.921848  44368.023188              
*  2025  4 17 11 26   0.00000000                            
PL51   9985.666343    249.724017   7027.727048              
VL51 -29193.288938 -31822.601768  42589.795777              
*  2025  4 17 11 28   0.00000000                            
PL51   9616.863004   -129.162456   7527.461738              
VL51 -32256.627281 -31300.035282  40677.467088              
*  2025  4 17 11 30   0.00000000                            
PL51   9211.946697   -500.881506   8003.474371              
VL51 -35210.126023 -30628.661653  38637.178372              
*  2025  4 17 11 32   0.00000000                            
PL51   8772.306294   -863.671487   8454.268367              
VL51 -38042.060153 -29812.599254  36475.487435              
*  2025  4 17 11 34   0.00000000                            
PL51   8299.468577  -1215.824145   8878.428223              
VL51 -40741.178694 -28856.623701  34199.345011              
*  2025  4 17 11 36   0.00000000                            
PL51   7795.092253  -1555.692348   9274.624079              
VL51 -43296.752295 -27766.142881  31816.069769              
*  2025  4 17 11 38   0.00000000                            
PL51   7260.961426  -1881.697518   9641.615974              
VL51 -45698.618298 -26547.169032  29333.322094              
*  2025  4 17 11 40   0.00000000                            
PL51   6698.978537  -2192.336696   9978.257788              
VL51 -47937.223071 -25206.288057  26759.076769              
*  2025  4 17 11 42   0.00000000                            
PL51   6111.156820  -2486.189233  10283.500843              
VL51 -50003.661433 -23750.626248  24101.594701              
*  2025  4 17 11 44   0.00000000                            
PL51   5499.612296  -2761.923057  10556.397163              
VL51 -51889.713004 -22187.814621  21369.393818              
*  2025  4 17 11 46   0.00000000                            
PL51   4866.555355  -3018.300510  10796.102381              
VL51 -53587.875360 -20525.951068  18571.219276              
*  2025  4 17 11 48   0.00000000                            
PL51   4214.281957  -3254.183714  11001.878283              
VL51 -55091.393849 -18773.560544  15716.013117              
*  2025  4 17 11 50   0.00000000                            
PL51   3545.164497  -3468.539442  11173.094990              
VL51 -56394.287993 -16939.553497  12812.883499              
*  2025  4 17 11 52   0.00000000                            
PL51   2861.642375  -3660.443494  11309.232759              
VL51 -57491.374384 -15033.182781   9871.073642              
*  2025  4 17 11 54   0.00000000                            
PL51   2166.212312  -3829.084534  11409.883421              
VL51 -58378.286021 -13063.999277   6899.930606              
*  2025  4 17 11 56   0.00000000                            
PL51   1461.418452  -3973.767401  11474.751439              
VL51 -59051.488060 -11041.806442   3908.874034              
*  2025  4 17 11 58   0.00000000                            
PL51    749.842303  -4093.915859  11503.654591              
VL51 -59508.289957  -8976.614036    907.364967              
*  2025  4 17 12  0   0.00000000                            
PL51     34.092550  -4189.074791  11496.524281              
VL51 -59746.853999  -6878.591230  -2095.125160              
*  2025  4 17 12  2   0.00000000                            
PL51   -683.205216  -4258.911833  11453.405478              
VL51 -59766.200264  -4758.019343  -5089.145239              
*  2025  4 17 12  4   0.00000000                            
PL51  -1399.418798  -4303.218430  11374.456291              
VL51 -59566.208012  -2625.244396  -8065.294840              
*  2025  4 17 12  6   0.00000000                            
PL51  -2111.919696  -4321.910333  11259.947181              
VL51 -59147.613570   -490.629725 -11014.254110              
*  2025  4 17 12  8   0.00000000                            
PL51  -2818.093363  -4315.027519  11110.259814              
VL51 -58512.004747   1635.491168 -13926.813137              
*  2025  4 17 12 10   0.00000000                            
PL51  -3515.349371  -4282.733554  10925.885575              
VL51 -57661.811846   3742.861304 -16793.900710              
*  2025  4 17 12 12   0.00000000                            
PL51  -4201.131453  -4225.314400  10707.423728              
VL51 -56600.295323   5821.346276 -19606.612385              
*  2025  4 17 12 14   0.00000000                            
PL51  -4872.927367  -4143.176668  10455.579253              
VL51 -55331.530188   7860.979454 -22356.237798              
*  2025  4 17 12 16   0.00000000                            
PL51  -5528.278571  -4036.845342  10171.160358              
VL51 -53860.387221   9852.006167 -25034.287139              
*  2025  4 17 12 18   0.00000000                            
PL51  -6164.789636  -3906.960974   9855.075677              
VL51 -52192.511120  11784.926665 -27632.516708              
*  2025  4 17 12 20   0.00000000                            
PL51  -6780.137392  -3754.276375   9508.331167              
VL51 -50334.295680  13650.537716 -30142.953503              
*  2025  4 17 12 22   0.00000000                            
PL51  -7372.079751  -3579.652814   9132.026720              
VL51 -48292.856147  15439.972631 -32557.918749              
*  2025  4 17 12 24   0.00000000                            
PL51  -7938.464187  -3384.055749   8727.352495              
VL51 -46075.998873  17144.739600 -34870.050341              
*  2025  4 17 12 26   0.00000000                            
PL51  -8477.235834  -3168.550108   8295.584988              
VL51 -43692.188421  18756.758159 -37072.324116              
*  2025  4 17 12 28   0.00000000                            
PL51  -8986.445174  -2934.295141   7838.082859              
VL51 -41150.512270  20268.393665 -39158.073928              
*  2025  4 17 12 30   0.00000000                            
PL51  -9464.255290  -2682.538877   7356.282516              
VL51 -38460.643282  21672.489647 -41121.010479              
*  2025  4 17 12 32   0.00000000                            
PL51  -9908.948654  -2414.612204   6851.693491              
VL51 -35632.800091  22962.397915 -42955.238851              
*  2025  4 17 12 34   0.00000000                            
PL51 -10318.933431  -2131.922594   6325.893606              
VL51 -32677.705588  24132.006317 -44655.274715              
*  2025  4 17 12 36   0.00000000                            
PL51 -10692.749268  -1835.947526   5780.523957              
VL51 -29606.543676  25175.764039 -46216.059189              
*  2025  4 17 12 38   0.00000000                            
PL51 -11029.072564  -1528.227601   5217.283726              
VL51 -26430.914473  26088.704382 -47632.972285              
*  2025  4 17 12 40   0.00000000                            
PL51 -11326.721187  -1210.359417   4637.924840              
VL51 -23162.788158  26866.464909 -48901.844953              
*  2025  4 17 12 42   0.00000000                            
PL51 -11584.658630   -883.988205   4044.246496              
VL51 -19814.457639  27505.304922 -50018.969667              
*  2025  4 17 12 44   0.00000000                            
PL51 -11801.997596   -550.800279   3438.089564              
VL51 -16398.490257  28002.120207 -50981.109558              
*  2025  4 17 12 46   0.00000000                            
PL51 -11978.002998   -212.515325   2821.330897              
VL51 -12927.678706  28354.454997 -51785.506062              
*  2025  4 17 12 48   0.00000000                            
PL51 -12112.094367    129.121441   2195.877547              
VL51  -9414.991396  28560.511152 -52429.885093              
*  2025  4 17 12 50   0.00000000                            
PL51 -12203.847656    472.347205   1563.660923              
VL51  -5873.522427  28619.154507 -52912.461726              
*  2025  4 17 12 52   0.00000000                            
PL51 -12252.996454    815.389545    926.630903              
VL51  -2316.441401  28529.918412 -53231.943407              
*  2025  4 17 12 54   0.00000000                            
PL51 -12259.432585   1156.474448    286.749912              
VL51   1243.056730  28293.004466 -53387.531699              
*  2025  4 17 12 56   0.00000000                            
PL51 -12223.206116   1493.834324   -354.013011              
VL51   4791.801614  27909.280460 -53378.922574              
*  2025  4 17 12 58   0.00000000                            
PL51 -12144.524761   1825.715969   -993.688140              
VL51   8316.697025  27380.275573 -53206.305288              
*  2025  4 17 13  0   0.00000000                            
PL51 -12023.752700   2150.388461  -1630.310969              
VL51  11804.769803  26708.172853 -52870.359854              
*  2025  4 17 13  2   0.00000000                            
PL51 -11861.408812   2466.150948  -2261.928077              
VL51  15243.218030  25895.799049 -52372.253140              
*  2025  4 17 13  4   0.00000000                            
PL51 -11658.164333   2771.340300  -2886.602940              
VL51  18619.458265  24946.611843 -51713.633641              
*  2025  4 17 13  6   0.00000000                            
PL51 -11414.839960   3064.338589  -3502.421674              
VL51  21921.171677  23864.684556 -50896.624936              
*  2025  4 17 13  8   0.00000000                            
PL51 -11132.402402   3343.580374  -4107.498693              
VL51  25136.348914  22654.688420 -49923.817890              
*  2025  4 17 13 10   0.00000000                            
PL51 -10811.960407   3607.559754  -4699.982257              
VL51  28253.333559  21321.872488 -48798.261629              
*  2025  4 17 13 12   0.00000000                            
PL51 -10454.760269   3854.837177  -5278.059916              
VL51  31260.864027  19872.041295 -47523.453343              
*  2025  4 17 13 14   0.00000000                            
PL51 -10062.180853   4084.045954  -5839.963818              
VL51  34148.113771  18311.530363 -46103.326972              
*  2025  4 17 13 16   0.00000000                            
PL51  -9635.728139   4293.898477  -6383.975879              
VL51  36904.729667  16647.179670 -44542.240810              
*  2025  4 17 13 18   0.00000000                            
PL51  -9177.029319   4483.192105  -6908.432792              
VL51  39520.868489  14886.305197 -42844.964118              
*  2025  4 17 13 20   0.00000000                            
PL51  -8687.826472   4650.814691  -7411.730878              
VL51  41987.231348  13036.668665 -41016.662759              
*  2025  4 17 13 22   0.00000000                            
PL51  -8169.969836   4795.749748  -7892.330749              
VL51  44295.096030  11106.445599 -39062.883949              
*  2025  4 17 13 24   0.00000000                            
PL51  -7625.410702   4917.081208  -8348.761795              
VL51  46436.347147   9104.191827 -36989.540148              
*  2025  4 17 13 26   0.00000000                            
PL51  -7056.193966   5013.997783  -8779.626461              
VL51  48403.504044   7038.808545 -34802.892165              
*  2025  4 17 13 28   0.00000000                            
PL51  -6464.450351   5085.796890  -9183.604324              
VL51  50189.746395   4919.506075 -32509.531497              
*  2025  4 17 13 30   0.00000000                            
PL51  -5852.388347   5131.888139  -9559.455951              
VL51  51788.937442   2755.766437 -30116.361979              
*  2025  4 17 13 32   0.00000000                            
PL51  -5222.285878   5151.796361  -9906.026536              
VL51  53195.644834    557.304863 -27630.580748              
*  2025  4 17 13 34   0.00000000                            
PL51  -4576.481738   5145.164172 -10222.249300              
VL51  54405.159038  -1665.969635 -25059.658584              
*  2025  4 17 13 36   0.00000000                            
PL51  -3917.366813   5111.754061 -10507.148652              
VL51  55413.509275  -3903.994496 -22411.319648              
*  2025  4 17 13 38   0.00000000                            
PL51  -3247.375143   5051.449982 -10759.843110              
VL51  56217.476953  -6146.594538 -19693.520644              
*  2025  4 17 13 40   0.00000000                            
PL51  -2568.974817   4964.258461 -10979.547961              
VL51  56814.606587  -8383.523447 -16914.429438              
*  2025  4 17 13 42   0.00000000                            
PL51  -1884.658772   4850.309195 -11165.577661              
VL51  57203.214164 -10604.505700 -14082.403156              
*  2025  4 17 13 44   0.00000000                            
PL51  -1196.935492   4709.855155 -11317.347979              
VL51  57382.392943 -12799.278804 -11205.965781              
*  2025  4 17 13 46   0.00000000                            
PL51   -508.319661   4543.272169 -11434.377857              
VL51  57352.016670 -14957.635720  -8293.785269              
*  2025  4 17 13 48   0.00000000                            
PL51    178.677208   4351.058004 -11516.291000              
VL51  57112.740190 -17069.467341  -5354.650199              
*  2025  4 17 13 50   0.00000000                            
PL51    861.556139   4133.830939 -11562.817181              
VL51  56665.997429 -19124.804897  -2397.445989              
*  2025  4 17 13 52   0.00000000                            
PL51   1537.840016   3892.327824 -11573.793258              
VL51  56013.996748 -21113.862146    568.869316              
*  2025  4 17 13 54   0.00000000                            
PL51   2205.082835   3627.401638 -11549.163898              
VL51  55159.713635 -23027.077216   3535.289649              
*  2025  4 17 13 56   0.00000000                            
PL51   2860.878849   3340.018551 -11488.982006              
VL51  54106.880742 -24855.153950   6492.785894              
*  2025  4 17 13 58   0.00000000                            
PL51   3502.871588   3031.254488 -11393.408847              
VL51  52859.975247 -26589.102613   9432.331200              
*  2025  4 17 14  0   0.00000000                            
PL51   4128.762699   2702.291212 -11262.713867              
VL51  51424.203553 -28220.279807  12344.926592              
*  2025  4 17 14  2   0.00000000                            
PL51   4736.320591   2354.411934 -11097.274202              
VL51  49805.483323 -29740.427437  15221.626850              
*  2025  4 17 14  4   0.00000000                            
PL51   5323.388852   1988.996459 -10897.573880              
VL51  48010.422860 -31141.710581  18053.566604              
*  2025  4 17 14  6   0.00000000                            
PL51   5887.894399   1607.515891 -10664.202701              
VL51  46046.297858 -32416.754093  20831.986608              
*  2025  4 17 14  8   0.00000000                            
PL51   6427.855332   1211.526898 -10397.854809              
VL51  43921.025538 -33558.677785  23548.260129              
*  2025  4 17 14 10   0.00000000                            
PL51   6941.388469    802.665572 -10099.326940              
VL51  41643.136209 -34561.130018  26193.919395              
*  2025  4 17 14 12   0.00000000                            
PL51   7426.716512    382.640895  -9769.516358              
VL51  39221.742289 -35418.319533  28760.682041              
*  2025  4 17 14 14   0.00000000                            
PL51   7882.174844    -46.772172  -9409.418470              
VL51  36666.504846 -36125.045362  31240.477470              
*  2025  4 17 14 16   0.00000000                            
PL51   8306.217889   -483.739934  -9020.124131              
VL51  33987.597710 -36676.724629  33625.473053              
*  2025  4 17 14 18   0.00000000                            
PL51   8697.425047   -926.377542  -8602.816627              
VL51  31195.669250 -37069.418091  35908.100079              
*  2025  4 17 14 20   0.00000000                            
PL51   9054.506145  -1372.756854  -8158.768359              
VL51  28301.801886 -37299.853238  38081.079342              
*  2025  4 17 14 22   0.00000000                            
PL51   9376.306388  -1820.914562  -7689.337214              
VL51  25317.469469 -37365.444794  40137.446280              
*  2025  4 17 14 24   0.00000000                            
PL51   9661.810795  -2268.860547  -7195.962644              
VL51  22254.492633 -37264.312455  42070.575534              
*  2025  4 17 14 26   0.00000000                            
PL51   9910.148084  -2714.586435  -6680.161448              
VL51  19124.992278 -36995.295725  43874.204822              
*  2025  4 17 14 28   0.00000000                            
PL51  10120.593982  -3156.074301  -6143.523282              
VL51  15941.341333 -36557.965689  45542.457994              
*  2025  4 17 14 30   0.00000000                            
PL51  10292.573955  -3591.305512  -5587.705885              
VL51  12716.114988 -35952.633626  47069.867149              
*  2025  4 17 14 32   0.00000000                            
PL51  10425.665333  -4018.269635  -5014.430055              
VL51   9462.039587 -35180.356314  48451.393682              
*  2025  4 17 14 34   0.00000000                            
PL51  10519.598804  -4434.973406  -4425.474381              
VL51   6191.940391 -34242.937956  49682.448126              
*  2025  4 17 14 36   0.00000000                            
PL51  10574.259292  -4839.449689  -3822.669734              
VL51   2918.688452 -33142.928634  50758.908679              
*  2025  4 17 14 38   0.00000000                            
PL51  10589.686177  -5229.766400  -3207.893556              
VL51   -344.853169 -31883.619229  51677.138270              
*  2025  4 17 14 40   0.00000000                            
PL51  10566.072877  -5604.035351  -2583.063947              
VL51  -3585.883577 -30469.032776  52434.000053              
*  2025  4 17 14 42   0.00000000                            
PL51  10503.765776  -5960.420960  -1950.133579              
VL51  -6791.718341 -28903.912225  53026.871216              
*  2025  4 17 14 44   0.00000000                            
PL51  10403.262504  -6297.148808  -1311.083451              
VL51  -9949.843647 -27193.704620  53453.654985              
*  2025  4 17 14 46   0.00000000                            
PL51  10265.209561  -6612.513964   -667.916516              
VL51 -13047.969998 -25344.541723  53712.790738              
*  2025  4 17 14 48   0.00000000                            
PL51  10090.399312  -6904.889079    -22.651196              
VL51 -16074.085197 -23363.217133  53803.262112              
*  2025  4 17 14 50   0.00000000                            
PL51   9879.766343  -7172.732165    622.685188              
VL51 -19016.506283 -21257.159999  53724.603060              
*  2025  4 17 14 52   0.00000000                            
PL51   9634.383207  -7414.594052   1266.063044              
VL51 -21863.930160 -19034.405412  53476.901755              
*  2025  4 17 14 54   0.00000000                            
PL51   9355.455568  -7629.125465   1905.457173              
VL51 -24605.482596 -16703.561623  53060.802327              
*  2025  4 17 14 56   0.00000000                            
PL51   9044.316773  -7815.083688   2538.853441              
VL51 -27230.765324 -14273.774247  52477.504377              
*  2025  4 17 14 58   0.00000000                            
PL51   8702.421864  -7971.338786   3164.255430              
VL51 -29729.900976 -11754.687625  51728.760258              
*  2025  4 17 15  0   0.00000000                            
PL51   8331.341074  -8096.879343   3779.691041              
VL51 -32093.575574  -9156.403552  50816.870138              
*  2025  4 17 15  2   0.00000000                            
PL51   7932.752822  -8190.817691   4383.219031              
VL51 -34313.078351  -6489.437580  49744.674842              
*  2025  4 17 15  4   0.00000000                            
PL51   7508.436253  -8252.394604   4972.935445              
VL51 -36380.338674  -3764.673153  48515.546523              
*  2025  4 17 15  6   0.00000000                            
PL51   7060.263344  -8280.983425   5546.979926              
VL51 -38287.959860   -993.313787  47133.377189              
*  2025  4 17 15  8   0.00000000                            
PL51   6590.190639  -8276.093615   6103.541871              
VL51 -40029.249708   1813.166409  45602.565176              
*  2025  4 17 15 10   0.00000000                            
PL51   6100.250620  -8237.373694   6640.866422              
VL51 -41598.247583   4643.073613  43927.999607              
*  2025  4 17 15 12   0.00000000                            
PL51   5592.542790  -8164.613564   7157.260247              
VL51 -42989.747920   7484.546303  42115.042954              
*  2025  4 17 15 14   0.00000000                            
PL51   5069.224488  -8057.746209   7651.097107              
VL51 -44199.320036  10325.608104  40169.511785              
*  2025  4 17 15 16   0.00000000                            
PL51   4532.501489  -7916.848754   8120.823185              
VL51 -45223.324169  13154.221181  38097.655807              
*  2025  4 17 15 18   0.00000000                            
PL51   3984.618435  -7742.142875   8564.962146              
VL51 -46058.923684  15958.339922  35906.135328              
*  2025  4 17 15 20   0.00000000                            
PL51   3427.849149  -7533.994575   8982.119923              
VL51 -46704.093414  18725.964586  33601.997258              
*  2025  4 17 15 22   0.00000000                            
PL51   2864.486859  -7292.913313   9370.989207              
VL51 -47157.624134  21445.194681  31192.649783              
*  2025  4 17 15 24   0.00000000                            
PL51   2296.834406  -7019.550491   9730.353620              
VL51 -47419.123178  24104.281775  28685.835835              
*  2025  4 17 15 26   0.00000000                            
PL51   1727.194455  -6714.697322  10059.091572              
VL51 -47489.011246  26691.681488  26089.605519              
*  2025  4 17 15 28   0.00000000                            
PL51   1157.859779  -6379.282071  10356.179776              
VL51 -47368.515464  29196.104420  23412.287610              
*  2025  4 17 15 30   0.00000000                            
PL51    591.103633  -6014.366697  10620.696415              
VL51 -47059.658781  31606.565771  20662.460285              
*  2025  4 17 15 32   0.00000000                            
PL51     29.170296  -5621.142907  10851.823958              
VL51 -46565.245816  33912.433435  17848.921206              
*  2025  4 17 15 34   0.00000000                            
PL51   -525.734215  -5200.927647  11048.851610              
VL51 -45888.845265  36103.474358  14980.657098              
*  2025  4 17 15 36   0.00000000                            
PL51  -1071.451189  -4755.158040  11211.177398              
VL51 -45034.769019  38169.898971  12066.812945              
*  2025  4 17 15 38   0.00000000                            
PL51  -1605.877998  -4285.385809  11338.309882              
VL51 -44008.048128  40102.403507   9116.660930              
*  2025  4 17 15 40   0.00000000                            
PL51  -2126.976568  -3793.271209  11429.869498              
VL51 -42814.405781  41892.210055   6139.569232              
*  2025  4 17 15 42   0.00000000                            
PL51  -2632.781507  -3280.576483  11485.589518              
VL51 -41460.227464  43531.104175   3144.970798              
*  2025  4 17 15 44   0.00000000                            
PL51  -3121.407862  -2749.158892  11505.316641              
VL51 -39952.528480  45011.469955    142.332189              
*  2025  4 17 15 46   0.00000000                            
PL51  -3591.058471  -2200.963332  11489.011214              
VL51 -38298.918999  46326.322369  -2858.877384              
*  2025  4 17 15 48   0.00000000                            
PL51  -4040.030876  -1638.014585  11436.747076              
VL51 -36507.566852  47469.336830  -5849.216739              
*  2025  4 17 15 50   0.00000000                            
PL51  -4466.723783  -1062.409231  11348.711039              
VL51 -34587.158244  48434.875831  -8819.303024              
*  2025  4 17 15 52   0.00000000                            
PL51  -4869.643040   -476.307258  11225.202013              
VL51 -32546.856598  49218.012603 -11759.841535              
*  2025  4 17 15 54   0.00000000                            
PL51  -5247.407105    118.076595  11066.629764              
VL51 -30396.259735  49814.551698 -14661.654978              
*  2025  4 17 15 56   0.00000000                            
PL51  -5598.751995    718.481717  10873.513343              
VL51 -28145.355590  50221.046459 -17515.712075              
*  2025  4 17 15 58   0.00000000                            
PL51  -5922.535697   1322.610708  10646.479157              
VL51 -25804.476686  50434.813323 -20313.155447              
*  2025  4 17 16  0   0.00000000                            
PL51  -6217.742022   1928.138597  10386.258724              
VL51 -23384.253562  50453.942929 -23045.328704              
*  2025  4 17 16  2   0.00000000                            
PL51  -6483.483900   2532.722188  10093.686099              
VL51 -20895.567368  50277.308016 -25703.802654              
*  2025  4 17 16  4   0.00000000                            
PL51  -6719.006097   3134.009476   9769.695000              
VL51 -18349.501839  49904.568089 -28280.400592              
*  2025  4 17 16  6   0.00000000                            
PL51  -6923.687360   3729.649100   9415.315627              
VL51 -15757.294849  49336.170882 -30767.222586              
*  2025  4 17 16  8   0.00000000                            
PL51  -7097.041970   4317.299792   9031.671203              
VL51 -13130.289749  48573.350608 -33156.668718              
*  2025  4 17 16 10   0.00000000                            
PL51  -7238.720717   4894.639793   8619.974236              
VL51 -10479.886692  47618.123041 -35441.461211              
*  2025  4 17 16 12   0.00000000                            
PL51  -7348.511294   5459.376182   8181.522532              
VL51  -7817.494152  46473.277459 -37614.665402              
*  2025  4 17 16 14   0.00000000                            
PL51  -7426.338102   6009.254097   7717.694954              
VL51  -5154.480818  45142.365498 -39669.709504              
*  2025  4 17 16 16   0.00000000                            
PL51  -7472.261490   6542.065800   7229.946956              
VL51  -2502.128066  43629.686987 -41600.403118              
*  2025  4 17 16 18   0.00000000                            
PL51  -7486.476427   7055.659556   6719.805900              
VL51    128.416799  41940.272828 -43400.954445              
*  2025  4 17 16 20   0.00000000                            
PL51  -7469.310615   7547.948289   6188.866180              
VL51   2726.186353  40079.864999 -45065.986165              
*  2025  4 17 16 22   0.00000000                            
PL51  -7421.222060   8016.917981   5638.784157              
VL51   5280.437740  38054.893792 -46590.549945              
*  2025  4 17 16 24   0.00000000                            
PL51  -7342.796120   8460.635782   5071.272933              
VL51   7780.696048  35872.452380 -47970.139541              
*  2025  4 17 16 26   0.00000000                            
PL51  -7234.742031   8877.257796   4488.096971              
VL51  10216.796220  33540.268839 -49200.702473              
*  2025  4 17 16 28   0.00000000                            
PL51  -7097.888952   9265.036525   3891.066590              
VL51  12578.923338  31066.675741 -50278.650252              
*  2025  4 17 16 30   0.00000000                            
PL51  -6933.181523   9622.327926   3282.032345              
VL51  14857.651128  28460.577474 -51200.867143              
*  2025  4 17 16 32   0.00000000                            
PL51  -6741.674985   9947.598067   2662.879303              
VL51  17043.978554  25731.415415 -51964.717451              
*  2025  4 17 16 34   0.00000000                            
PL51  -6524.529867  10239.429349   2035.521250              
VL51  19129.364354  22889.131121 -52568.051335              
*  2025  4 17 16 36   0.00000000                            
PL51  -6283.006271  10496.526283   1401.894833              
VL51  21105.759429  19944.127669 -53009.209133              
*  2025  4 17 16 38   0.00000000                            
PL51  -6018.457783  10717.720785    763.953659              
VL51  22965.636935  16907.229352 -53287.024217              
*  2025  4 17 16 40   0.00000000                            
PL51  -5732.325038  10901.976980    123.662369              
VL51  24702.020002  13789.639856 -53400.824367              
*  2025  4 17 16 42   0.00000000                            
PL51  -5426.128966  11048.395498   -517.009298              
VL51  26308.506989  10602.899129 -53350.431699              
*  2025  4 17 16 44   0.00000000                            
PL51  -5101.463752  11156.217248  -1156.092424              
VL51  27779.294179   7358.839108 -53136.161141              
*  2025  4 17 16 46   0.00000000                            
PL51  -4759.989533  11224.826647  -1791.624817              
VL51  29109.195867   4069.538490 -52758.817507              
*  2025  4 17 16 48   0.00000000                            
PL51  -4403.424881  11253.754305  -2421.656859              
VL51  30293.661774    747.276740 -52219.691189              
*  2025  4 17 16 50   0.00000000                            
PL51  -4033.539083  11242.679162  -3044.257303              
VL51  31328.791759  -2595.512479 -51520.552512              
*  2025  4 17 16 52   0.00000000                            
PL51  -3652.144265  11191.430049  -3657.518991              
VL51  32211.347798  -5946.288276 -50663.644804              
*  2025  4 17 16 54   0.00000000                            
PL51  -3261.087390  11099.986696  -4259.564483              
VL51  32938.763212  -9292.449718 -49651.676225              
*  2025  4 17 16 56   0.00000000                            
PL51  -2862.242158  10968.480168  -4848.551582              
VL51  33509.149171 -12621.383065 -48487.810414              
*  2025  4 17 16 58   0.00000000                            
PL51  -2457.500850  10797.192738  -5422.678731              
VL51  33921.298464 -15920.508896 -47175.656015              
*  2025  4 17 17  0   0.00000000                            
PL51  -2048.766133  10586.557189  -5980.190294              
VL51  34174.686563 -19177.328955 -45719.255113              
*  2025  4 17 17  2   0.00000000                            
PL51  -1637.942884  10337.155566  -6519.381675              
VL51  34269.470033 -22379.472602 -44123.070660              
*  2025  4 17 17  4   0.00000000                            
PL51  -1226.930030  10049.717364  -7038.604294              
VL51  34206.482298 -25514.742682 -42391.972910              
*  2025  4 17 17  6   0.00000000                            
PL51   -817.612472   9725.117178  -7536.270383              
VL51  33987.226822 -28571.160719 -40531.224930              
*  2025  4 17 17  8   0.00000000                            
PL51   -411.853092   9364.371810  -8010.857614              
VL51  33613.867767 -31537.011266 -38546.467218              
*  2025  4 17 17 10   0.00000000                            
PL51    -11.484897   8968.636852  -8460.913527              
VL51  33089.218149 -34400.885305 -36443.701472              
*  2025  4 17 17 12   0.00000000                            
PL51    381.696684   8539.202753  -8885.059766              
VL51  32416.725594 -37151.722551 -34229.273559              
*  2025  4 17 17 14   0.00000000                            
PL51    765.941322   8077.490388  -9281.996101              
VL51  31600.455734 -39778.852571 -31909.855711              
*  2025  4 17 17 16   0.00000000                            
PL51   1139.551089   7585.046136  -9650.504234              
VL51  30645.073312 -42272.034536 -29492.428011              
*  2025  4 17 17 18   0.00000000                            
PL51   1500.887522   7063.536500  -9989.451381              
VL51  29555.821106 -44621.495578 -26984.259185              
*  2025  4 17 17 20   0.00000000                            
PL51   1848.378429   6514.742261 -10297.793615              
VL51  28338.496712 -46817.967576 -24392.886756              
*  2025  4 17 17 22   0.00000000                            
PL51   2180.524389   5940.552213 -10574.578970              
VL51  26999.427310 -48852.722315 -21726.096590              
*  2025  4 17 17 24   0.00000000                            
PL51   2495.904952   5342.956484 -10818.950295              
VL51  25545.442474 -50717.604890 -18991.901859              
*  2025  4 17 17 26   0.00000000                            
PL51   2793.184492   4724.039459 -11030.147855              
VL51  23983.845140 -52405.065290 -16198.521470              
*  2025  4 17 17 28   0.00000000                            
PL51   3071.117705   4085.972345 -11207.511663              
VL51  22322.380812 -53908.188060 -13354.357969              
*  2025  4 17 17 30   0.00000000                            
PL51   3328.554727   3431.005390 -11350.483556              
VL51  20569.205109 -55220.719941 -10467.974954              
*  2025  4 17 17 32   0.00000000                            
PL51   3564.445855   2761.459776 -11458.608981              
VL51  18732.849751 -56337.095439  -7548.074019              
*  2025  4 17 17 34   0.00000000                            
PL51   3777.845843   2079.719229 -11531.538518              
VL51  16822.187088 -57252.460191  -4603.471261              
*  2025  4 17 17 36   0.00000000                            
PL51   3967.917775   1388.221352 -11569.029107              
VL51  14846.393273 -57962.692092  -1643.073357              
*  2025  4 17 17 38   0.00000000                            
PL51   4133.936484    689.448725 -11570.944989              
VL51  12814.910191 -58464.420059   1324.146753              
*  2025  4 17 17 40   0.00000000                            
PL51   4275.291502    -14.080206 -11537.258356              
VL51  10737.406255 -58755.040385   4289.174556              
*  2025  4 17 17 42   0.00000000                            
PL51   4391.489541   -719.820429 -11468.049698              
VL51   8623.736177 -58832.730578   7242.979007              
*  2025  4 17 17 44   0.00000000                            
PL51   4482.156482  -1425.209803 -11363.507850              
VL51   6483.899849 -58696.460616  10176.537888              
*  2025  4 17 17 46   0.00000000                            
PL51   4547.038867  -2127.678630 -11223.929732              
VL51   4328.000440 -58346.001533  13080.863465              
*  2025  4 17 17 48   0.00000000                            
PL51   4586.004884  -2824.659298 -11049.719783              
VL51   2166.201853 -57781.931257  15947.028397              
*  2025  4 17 17 50   0.00000000                            
PL51   4599.044835  -3513.595989 -10841.389073              
VL51      8.685662 -57005.637615  18766.191867              
*  2025  4 17 17 52   0.00000000                            
PL51   4586.271092  -4191.954400 -10599.554115              
VL51  -2134.392312 -56019.318431  21529.625876              
*  2025  4 17 17 54   0.00000000                            
PL51   4547.917523  -4857.231451 -10324.935347              
VL51  -4252.945649 -54825.978649  24228.741657              
*  2025  4 17 17 56   0.00000000                            
PL51   4484.338399  -5506.964934 -10018.355306              
VL51  -6337.001036 -53429.424397  26855.116126              
*  2025  4 17 17 58   0.00000000                            
PL51   4396.006774  -6138.743077  -9680.736478              
VL51  -8376.741869 -51834.253956  29400.518315              
*  2025  4 17 18  0   0.00000000                            
PL51   4283.512342  -6750.213984  -9313.098837              
VL51 -10362.551572 -50045.845578  31856.935701              
*  2025  4 17 18  2   0.00000000                            
PL51   4147.558784  -7339.094899  -8916.557066              
VL51 -12285.056458 -48070.342117  34216.600337              
*  2025  4 17 18  4   0.00000000                            
PL51   3988.960595  -7903.181281  -8492.317467              
VL51 -14135.167952 -45914.632454  36472.014712              
*  2025  4 17 18  6   0.00000000                            
PL51   3808.639416  -8440.355620  -8041.674561              
VL51 -15904.123963 -43586.329702  38615.977230              
*  2025  4 17 18  8   0.00000000                            
PL51   3607.619869  -8948.595988  -7566.007387              
VL51 -17583.529239 -41093.746194  40641.607204              
*  2025  4 17 18 10   0.00000000                            
PL51   3387.024925  -9425.984260  -7066.775505              
VL51 -19165.394481 -38445.865275  42542.369262              
*  2025  4 17 18 12   0.00000000                            
PL51   3148.070801  -9870.713982  -6545.514710              
VL51 -20642.174020 -35652.309930  44312.097031              
*  2025  4 17 18 14   0.00000000                            
PL51   2892.061417 -10281.097843  -6003.832462              
VL51 -22006.801848 -32723.308316  45945.015983              
*  2025  4 17 18 16   0.00000000                            
PL51   2620.382438 -10655.574714  -5443.403057              
VL51 -23252.725801 -29669.656268  47435.765315              
*  2025  4 17 18 18   0.00000000                            
PL51   2334.494909 -10992.716224  -4865.962533              
VL51 -24373.939687 -26502.676901  48779.418719              
*  2025  4 17 18 20   0.00000000                            
PL51   2035.928522 -11291.232825  -4273.303338              
VL51 -25365.013150 -23234.177419  49971.503925              
*  2025  4 17 18 22   0.00000000                            
PL51   1726.274542 -11549.979335  -3667.268770              
VL51 -26221.119099 -19876.403302  51008.020881              
*  2025  4 17 18 24   0.00000000                            
PL51   1407.178412 -11767.959905  -3049.747214              
VL51 -26938.058491 -16441.990043  51885.458436              
*  2025  4 17 18 26   0.00000000                            
PL51   1080.332085 -11944.332403  -2422.666176              
VL51 -27512.282318 -12943.912627  52600.809422              
*  2025  4 17 18 28   0.00000000                            
PL51    747.466106 -12078.412170  -1787.986157              
VL51 -27940.910620  -9395.432995  53151.584004              
*  2025  4 17 18 30   0.00000000                            
PL51    410.341483 -12169.675142  -1147.694373              
VL51 -28221.748393  -5810.045718  53535.821204              
*  2025  4 17 18 32   0.00000000                            
PL51     70.741389 -12217.760307   -503.798352              
VL51 -28353.298252  -2201.422147  53752.098495              
*  2025  4 17 18 34   0.00000000                            
PL51   -269.537268 -12222.471485    141.680580              
VL51 -28334.769752   1416.646673  53799.539386              
*  2025  4 17 18 36   0.00000000                            
PL51   -608.692367 -12183.778416    786.713883              
VL51 -28166.085271   5030.308041  53677.818926              
*  2025  4 17 18 38   0.00000000                            
PL51   -944.925146 -12101.817151   1429.272443              
VL51 -27847.882383   8625.706286  53387.167053              
*  2025  4 17 18 40   0.00000000                            
PL51  -1276.448782 -11976.889731   2067.333245              
VL51 -27381.512691  12189.041776  52928.369765              
*  2025  4 17 18 42   0.00000000                            
PL51  -1601.496932 -11809.463160   2698.886036              
VL51 -26769.037083  15706.629927  52302.768058              
*  2025  4 17 18 44   0.00000000                            
PL51  -1918.332202 -11600.167674   3321.939968              
VL51 -26013.217428  19164.959887  51512.254641              
*  2025  4 17 18 46   0.00000000                            
PL51  -2225.254486 -11349.794308   3934.530194              
VL51 -25117.504741  22550.752570  50559.268410              
*  2025  4 17 18 48   0.00000000                            
PL51  -2520.609152 -11059.291766   4534.724368              
VL51 -24086.023858  25851.017699  49446.786721              
*  2025  4 17 18 50   0.00000000                            
PL51  -2802.795017 -10729.762626   5120.629058              
VL51 -22923.554721  29053.109562  48178.315493              
*  2025  4 17 18 52   0.00000000                            
PL51  -3070.272079 -10362.458875   5690.396014              
VL51 -21635.510366  32144.781158  46757.877188              
*  2025  4 17 18 54   0.00000000                            
PL51  -3321.568966  -9958.776807   6242.228286              
VL51 -20227.911728  35114.236445  45189.996747              
*  2025  4 17 18 56   0.00000000                            
PL51  -3555.290066  -9520.251314   6774.386160              
VL51 -18707.359426  37950.180430  43479.685557              
*  2025  4 17 18 58   0.00000000                            
PL51  -3770.122299  -9048.549582   7285.192886              
VL51 -17081.002681  40641.866809  41632.423531              
*  2025  4 17 19  0   0.00000000                            
PL51  -3964.841498  -8545.464232   7773.040189              
VL51 -15356.505538  43179.142948  39654.139422              
*  2025  4 17 19  2   0.00000000                            
PL51  -4138.318374  -8012.905945   8236.393524              
VL51 -13542.010608  45552.491969  37551.189456              
*  2025  4 17 19  4   0.00000000                            
PL51  -4289.524030  -7452.895592   8673.797074              
VL51 -11646.100514  47753.071744  35330.334425              
*  2025  4 17 19  6   0.00000000                            
PL51  -4417.534997  -6867.555920   9083.878456              
VL51  -9677.757277  49772.750621  32998.715357              
*  2025  4 17 19  8   0.00000000                            
PL51  -4521.537776  -6259.102833   9465.353134              
VL51  -7646.319868  51604.139738  30563.827884              
*  2025  4 17 19 10   0.00000000                            
PL51  -4600.832859  -5629.836296   9817.028514              
VL51  -5561.440156  53240.621785  28033.495474              
*  2025  4 17 19 12   0.00000000                            
PL51  -4654.838208  -4982.130925  10137.807712              
VL51  -3433.037492  54676.376139  25415.841625              
*  2025  4 17 19 14   0.00000000                            
PL51  -4683.092194  -4318.426295  10426.692982              
VL51  -1271.252182  55906.400266  22719.261185              
*  2025  4 17 19 16   0.00000000                            
PL51  -4685.255957  -3641.217014  10682.788800              
VL51    913.601932  56926.527360  19952.390918              
*  2025  4 17 19 18   0.00000000                            
PL51  -4661.115207  -2953.042605  10905.304583              
VL51   3111.085512  57733.440169  17124.079449              
*  2025  4 17 19 20   0.00000000                            
PL51  -4610.581436  -2256.477248  11093.557049              
VL51   5310.682175  58324.680997  14243.356721              
*  2025  4 17 19 22   0.00000000                            
PL51  -4533.692551  -1554.119427  11246.972211              
VL51   7501.847090  58698.657889  11319.403098              
*  2025  4 17 19 24   0.00000000                            
PL51  -4430.612928   -848.581520  11365.086992              
VL51   9674.055504  58854.647024   8361.518226              
*  2025  4 17 19 26   0.00000000                            
PL51  -4301.632873   -142.479387  11447.550472              
VL51  11816.850970  58792.791357   5379.089797              
*  2025  4 17 19 28   0.00000000                            
PL51  -4147.167526    561.578004  11494.124753              
VL51  13919.893036  58514.095589   2381.562315              
*  2025  4 17 19 30   0.00000000                            
PL51  -3967.755178   1260.998871  11504.685458              
VL51  15973.004218  58020.417520   -621.594029              
*  2025  4 17 19 32   0.00000000                            
PL51  -3764.055042   1953.218785  11479.221850              
VL51  17966.216011  57314.455902  -3620.914254              
*  2025  4 17 19 34   0.00000000                            
PL51  -3536.844476   2635.710673  11417.836589              
VL51  19889.813779  56399.734869  -6606.969181              
*  2025  4 17 19 36   0.00000000                            
PL51  -3287.015668   3305.994607  11320.745119              
VL51  21734.380313  55280.585075  -9570.395613              
*  2025  4 17 19 38   0.00000000                            
PL51  -3015.571821   3961.647363  11188.274698              
VL51  23490.837883  53962.121650 -12501.926023              
*  2025  4 17 19 40   0.00000000                            
PL51  -2723.622828   4600.311677  11020.863073              
VL51  25150.488613  52450.219114 -15392.417657              
*  2025  4 17 19 42   0.00000000                            
PL51  -2412.380486   5219.705200  10819.056813              
VL51  26705.053026  50751.483380 -18232.880970              
*  2025  4 17 19 44   0.00000000                            
PL51  -2083.153250   5817.629087  10583.509306              
VL51  28146.706597  48873.221012 -21014.507329              
*  2025  4 17 19 46   0.00000000                            
PL51  -1737.340568   6391.976213  10314.978420              
VL51  29468.114179  46823.405880 -23728.695889              
*  2025  4 17 19 48   0.00000000                            
PL51  -1376.426809   6940.738963  10014.323859              
VL51  30662.462175  44610.643391 -26367.079582              
*  2025  4 17 19 50   0.00000000                            
PL51  -1001.974827   7462.016590   9682.504200              
VL51  31723.488340  42244.132459 -28921.550163              
*  2025  4 17 19 52   0.00000000                            
PL51   -615.619178   7954.022093   9320.573648              
VL51  32645.509097  39733.625399 -31384.282230              
*  2025  4 17 19 54   0.00000000                            
PL51   -219.059022   8415.088610   8929.678501              
VL51  33423.444281  37089.385919 -33747.756179              
*  2025  4 17 19 56   0.00000000                            
PL51    185.949249   8843.675297   8511.053345              
VL51  34052.839225  34322.145411 -36004.780031              
*  2025  4 17 19 58   0.00000000                            
PL51    597.599642   9238.372664   8066.017002              
VL51  34529.884109  31443.057706 -38148.510097              
*  2025  4 17 20  0   0.00000000                            
PL51   1014.044395   9597.907370   7595.968230              
VL51  34851.430509  28463.652512 -40172.470416              
*  2025  4 17 20  2   0.00000000                            
PL51   1433.402006   9921.146450   7102.381201              
VL51  35015.005108  25395.787697 -42070.570942              
*  2025  4 17 20  4   0.00000000                            
PL51   1853.765398  10207.100957   6586.800767              
VL51  35018.820496  22251.600638 -43837.124421              
*  2025  4 17 20  6   0.00000000                            
PL51   2273.210202  10454.929024   6050.837531              
VL51  34861.783059  19043.458810 -45466.861937              
*  2025  4 17 20  8   0.00000000                            
PL51   2689.803115  10663.938324   5496.162744              
VL51  34543.497920  15783.909839 -46954.947064              
*  2025  4 17 20 10   0.00000000                            
PL51   3101.610299  10833.587932   4924.503031              
VL51  34064.270929  12485.631202 -48296.988607              
*  2025  4 17 20 12   0.00000000                            
PL51   3506.705787  10963.489579   4337.634986              
VL51  33425.107720   9161.379811 -49489.051893              
*  2025  4 17 20 14   0.00000000                            
PL51   3903.179860  11053.408304   3737.379629              
VL51  32627.709850   5823.941661 -50527.668595              
*  2025  4 17 20 16   0.00000000                            
PL51   4289.147362  11103.262501   3125.596758              
VL51  31674.468069   2486.081762 -51409.845081              
*  2025  4 17 20 18   0.00000000                            
PL51   4662.755915  11113.123373   2504.179214              
VL51  30568.452762   -839.505438 -52133.069273              
*  2025  4 17 20 20   0.00000000                            
PL51   5022.194002  11083.213784   1875.047063              
VL51  29313.401626  -4140.244972 -52695.316023              
*  2025  4 17 20 22   0.00000000                            
PL51   5365.698889  11013.906542   1240.141734              
VL51  27913.704656  -7403.729405 -53095.051011              
*  2025  4 17 20 24   0.00000000                            
PL51   5691.564350  10905.722105    601.420108              
VL51  26374.386526 -10617.765847 -53331.233184              
*  2025  4 17 20 26   0.00000000                            
PL51   5998.148161  10759.325725    -39.151407              
VL51  24701.086436 -13770.421757 -53403.315735              
*  2025  4 17 20 28   0.00000000                            
PL51   6283.879346  10575.524062   -679.602803              
VL51  22900.035551 -16850.069376 -53311.245657              
*  2025  4 17 20 30   0.00000000                            
PL51   6547.265132  10355.261264  -1317.966392              
VL51  20978.032112 -19845.428635 -53055.461892              
*  2025  4 17 20 32   0.00000000                            
PL51   6786.897590  10099.614549  -1952.282689              
VL51  18942.414350 -22745.608382 -52636.892095              
*  2025  4 17 20 34   0.00000000                            
PL51   7001.459949   9809.789294  -2580.606251              
VL51  16801.031312 -25540.145804 -52056.948051              
*  2025  4 17 20 36   0.00000000                            
PL51   7189.732533   9487.113673  -3201.011452              
VL51  14562.211744 -28219.043898 -51317.519781              
*  2025  4 17 20 38   0.00000000                            
PL51   7350.598328   9133.032852  -3811.598181              
VL51  12234.731147 -30772.806895 -50420.968374              
*  2025  4 17 20 40   0.00000000                            
PL51   7483.048133   8749.102768  -4410.497445              
VL51   9827.777155 -33192.473505 -49370.117584              
*  2025  4 17 20 42   0.00000000                            
PL51   7586.185291   8336.983535  -4995.876864              
VL51   7350.913376 -35469.647910 -48168.244250              
*  2025  4 17 20 44   0.00000000                            
PL51   7659.229977   7898.432476  -5565.946047              
VL51   4814.041843 -37596.528406 -46819.067578              
*  2025  4 17 20 46   0.00000000                            
PL51   7701.523029   7435.296839  -6118.961826              
VL51   2227.364206 -39565.933637 -45326.737334              
*  2025  4 17 20 48   0.00000000                            
PL51   7712.529302   6949.506207  -6653.233354              
VL51   -398.658164 -41371.326346 -43695.821008              
*  2025  4 17 20 50   0.00000000                            
PL51   7691.840543   6443.064636  -7167.127030              
VL51  -3053.345040 -43006.834600 -41931.289989              
*  2025  4 17 20 52   0.00000000                            
PL51   7639.177766   5918.042559  -7659.071257              
VL51  -5725.839012 -44467.270456 -40038.504803              
*  2025  4 17 20 54   0.00000000                            
PL51   7554.393126   5376.568481  -8127.561026              
VL51  -8405.147829 -45748.146016 -38023.199466              
*  2025  4 17 20 56   0.00000000                            
PL51   7437.471279   4820.820490  -8571.162292              
VL51 -11080.187265 -46845.686869 -35891.464998              
*  2025  4 17 20 58   0.00000000                            
PL51   7288.530229   4253.017633  -8988.516159              
VL51 -13739.824381 -47756.842899 -33649.732139              
*  2025  4 17 21  0   0.00000000                            
PL51   7107.821650   3675.411169  -9378.342849              
VL51 -16372.921014 -48479.296440 -31304.753333              
*  2025  4 17 21  2   0.00000000                            
PL51   6895.730685   3090.275746  -9739.445448              
VL51 -18968.377386 -49011.467801 -28863.583992              
*  2025  4 17 21  4   0.00000000                            
PL51   6652.775229   2499.900525 -10070.713432              
VL51 -21515.175690 -49352.518161 -26333.563117              
*  2025  4 17 21  6   0.00000000                            
PL51   6379.604680   1906.580284 -10371.125943              
VL51 -24002.423514 -49502.349850 -23722.293283              
*  2025  4 17 21  8   0.00000000                            
PL51   6076.998177   1312.606537 -10639.754835              
VL51 -26419.396987 -49461.604035 -21037.620038              
*  2025  4 17 21 10   0.00000000                            
PL51   5745.862320    720.258695 -10875.767461              
VL51 -28755.583511 -49231.655843 -18287.610740              
*  2025  4 17 21 12   0.00000000                            
PL51   5387.228382    131.795297 -11078.429203              
VL51 -31000.723961 -48814.606937 -15480.532865              
*  2025  4 17 21 14   0.00000000                            
PL51   5002.249017   -450.554647 -11247.105743              
VL51 -33144.854220 -48213.275585 -12624.831803              
*  2025  4 17 21 16   0.00000000                            
PL51   4592.194471  -1024.600184 -11381.265064              
VL51 -35178.345931 -47431.184251  -9729.108171              
*  2025  4 17 21 18   0.00000000                            
PL51   4158.448320  -1588.196785 -11480.479171              
VL51 -37091.946336 -46472.544736  -6802.094660              
*  2025  4 17 21 20   0.00000000                            
PL51   3702.502723  -2139.254512 -11544.425536              
VL51 -38876.817076 -45342.240928  -3852.632451              
*  2025  4 17 21 22   0.00000000                            
PL51   3225.953224  -2675.745970 -11572.888255              
VL51 -40524.571831 -44045.809172   -889.647201              
*  2025  4 17 21 24   0.00000000                            
PL51   2730.493110  -3195.714005 -11565.758919              
VL51 -42027.312655 -42589.416334   2077.875358              
*  2025  4 17 21 26   0.00000000                            
PL51   2217.907334  -3697.279130 -11523.037184              
VL51 -43377.664896 -40979.835584   5040.914201              
*  2025  4 17 21 28   0.00000000                            
PL51   1690.066042  -4178.646644 -11444.831044              
VL51 -44568.810553 -39224.419959   7990.438132              
*  2025  4 17 21 30   0.00000000                            
PL51   1148.917694  -4638.113415 -11331.356801              
VL51 -45594.519931 -37331.073761  10917.431235              
*  2025  4 17 21 32   0.00000000                            
PL51    596.481827  -5074.074323 -11182.938729              
VL51 -46449.181471 -35308.221833  13812.918602              
*  2025  4 17 21 34   0.00000000                            
PL51     34.841467  -5485.028304 -11000.008423              
VL51 -47127.829598 -33164.776809  16667.992308              
*  2025  4 17 21 36   0.00000000                            
PL51   -533.864776  -5869.583999 -10783.103844              
VL51 -47626.170455 -30910.104378  19473.837587              
*  2025  4 17 21 38   0.00000000                            
PL51  -1107.450918  -6226.464974 -10532.868036              
VL51 -47940.605380 -28553.986671  22221.759161              
*  2025  4 17 21 40   0.00000000                            
PL51  -1683.692068  -6554.514490 -10250.047540              
VL51 -48068.251985 -26106.583835  24903.207654              
*  2025  4 17 21 42   0.00000000                            
PL51  -2260.333136  -6852.699796  -9935.490479              
VL51 -48006.962699 -23578.393914  27509.806050              
*  2025  4 17 21 44   0.00000000                            
PL51  -2835.097752  -7120.115936  -9590.144337              
VL51 -47755.340637 -20980.211131  30033.376095              
*  2025  4 17 21 46   0.00000000                            
PL51  -3405.697356  -7355.989049  -9215.053411              
VL51 -47312.752654 -18323.082694  32465.964596              
*  2025  4 17 21 48   0.00000000                            
PL51  -3969.840423  -7559.679136  -8811.355956              
VL51 -46679.339463 -15618.264255  34799.869508              
*  2025  4 17 21 50   0.00000000                            
PL51  -4525.241796  -7730.682286  -8380.281016              
VL51 -45856.022686 -12877.174163  37027.665718              
*  2025  4 17 21 52   0.00000000                            
PL51  -5069.632085  -7868.632354  -7923.144946              
VL51 -44844.508726 -10111.346682  39142.230428              
*  2025  4 17 21 54   0.00000000                            
PL51  -5600.767089  -7973.302061  -7441.347637              
VL51 -43647.289353  -7332.384323  41136.768022              
*  2025  4 17 21 56   0.00000000                            
PL51  -6116.437211  -8044.603529  -6936.368444              
VL51 -42267.638929  -4551.909490  43004.834305              
*  2025  4 17 21 58   0.00000000                            
PL51  -6614.476809  -8082.588221  -6409.761825              
VL51 -40709.608172  -1781.515637  44740.359988              
*  2025  4 17 22  0   0.00000000                            
PL51  -7092.773463  -8087.446304  -5863.152705              
VL51 -38978.014424    967.281866  46337.673295              
*  2025  4 17 22  2   0.00000000                            
PL51  -7549.277095  -8059.505415  -5298.231579              
VL51 -37078.428375   3683.094929  47791.521567              
*  2025  4 17 22  4   0.00000000                            
PL51  -7982.008914  -7999.228838  -4716.749355              
VL51 -35017.157216   6354.711775  49097.091732              
*  2025  4 17 22  6   0.00000000                            
PL51  -8389.070135  -7907.213099  -4120.511964              
VL51 -32801.224245   8971.145557  50250.029509              
*  2025  4 17 22  8   0.00000000                            
PL51  -8768.650428  -7784.184973  -3511.374746              
VL51 -30438.344928  11521.682334  51246.457212              
*  2025  4 17 22 10   0.00000000                            
PL51  -9119.036068  -7630.997933  -2891.236631              
VL51 -27936.899495  13995.928140  52082.990051              
*  2025  4 17 22 12   0.00000000                            
PL51  -9438.617731  -7448.628027  -2262.034135              
VL51 -25305.902123  16383.854884  52756.750784              
*  2025  4 17 22 14   0.00000000                            
PL51  -9725.897896  -7238.169223  -1625.735190              
VL51 -22554.966819  18675.844848  53265.382628              
*  2025  4 17 22 16   0.00000000                            
PL51  -9979.497822  -7000.828221   -984.332832              
VL51 -19694.270136  20862.733509  53607.060312              
*  2025  4 17 22 18   0.00000000                            
PL51 -10198.164066  -6737.918776   -339.838762              
VL51 -16734.510860  22935.850442  53780.499178              
*  2025  4 17 22 20   0.00000000                            
PL51 -10380.774487  -6450.855523    305.723180              
VL51 -13686.866861  24887.058057  53784.962261              
*  2025  4 17 22 22   0.00000000                            
PL51 -10526.343725  -6141.147373    950.323627              
VL51 -10562.949299  26708.787945  53620.265246              
*  2025  4 17 22 24   0.00000000                            
PL51 -10634.028115  -5810.390470   1591.934326              
VL51  -7374.754423  28394.074588  53286.779280              
*  2025  4 17 22 26   0.00000000                            
PL51 -10703.130006  -5460.260772   2228.534818              
VL51  -4134.613193  29936.586250  52785.431575              
*  2025  4 17 22 28   0.00000000                            
PL51 -10733.101467  -5092.506273   2858.119100              
VL51   -855.139009  31330.652838  52117.703782              
*  2025  4 17 22 30   0.00000000                            
PL51 -10723.547352  -4708.938915   3478.702255              
VL51   2450.826190  32571.290570  51285.628139              
*  2025  4 17 22 32   0.00000000                            
PL51 -10674.227715  -4311.426218   4088.327029              
VL51   5770.267160  33654.223304  50291.781389              
*  2025  4 17 22 34   0.00000000                            
PL51 -10585.059553  -3901.882679   4685.070315              
VL51   9090.051606  34575.900391  49139.276495              
*  2025  4 17 22 36   0.00000000                            
PL51 -10456.117867  -3482.260977   5267.049529              
VL51  12396.987173  35333.510957  47831.752204              
*  2025  4 17 22 38   0.00000000                            
PL51 -10287.636038  -3054.543028   5832.428842              
VL51  15677.878827  35924.994530  46373.360492              
*  2025  4 17 22 40   0.00000000                            
PL51 -10080.005520  -2620.730934   6379.425259              
VL51  18919.586343  36349.047960  44768.751981              
*  2025  4 17 22 42   0.00000000                            
PL51  -9833.774830  -2182.837873   6906.314502              
VL51  22109.081567  36605.128611  43023.059404              
*  2025  4 17 22 44   0.00000000                            
PL51  -9549.647871  -1742.878974   7411.436685              
VL51  25233.505151  36693.453806  41141.879212              
*  2025  4 17 22 46   0.00000000                            
PL51  -9228.481560  -1302.862216   7893.201766              
VL51  28280.222472  36614.996580  39131.251439              
*  2025  4 17 22 48   0.00000000                            
PL51  -8871.282812   -864.779405   8350.094734              
VL51  31236.878435  36371.477753  36997.637927              
*  2025  4 17 22 50   0.00000000                            
PL51  -8479.204854   -430.597269   8780.680535              
VL51  34091.450894  35965.354425  34747.899041              
*  2025  4 17 22 52   0.00000000                            
PL51  -8053.542922     -2.248703   9183.608709              
VL51  36832.302435  35399.804967  32389.269000              
*  2025  4 17 22 54   0.00000000                            
PL51  -7595.729344    418.375774   9557.617721              
VL51  39448.230263  34678.710627  29929.329944              
*  2025  4 17 22 56   0.00000000                            
PL51  -7107.328032    829.436329   9901.538973              
VL51  41928.513966  33806.633875  27375.984882              
*  2025  4 17 22 58   0.00000000                            
PL51  -6590.028421   1229.151843  10214.300490              
VL51  44262.960953  32788.793644  24737.429640              
*  2025  4 17 23  0   0.00000000                            
PL51  -6045.638874   1615.807626  10494.930260              
VL51  46441.949349  31631.037620  22022.123963              
*  2025  4 17 23  2   0.00000000                            
PL51  -5476.079590   1987.762783  10742.559220              
VL51  48456.468193  30339.811758  19238.761880              
*  2025  4 17 23  4   0.00000000                            
PL51  -4883.375046   2343.457195  10956.423896              
VL51  50298.154752  28922.127209  16396.241497              
*  2025  4 17 23  6   0.00000000                            
PL51  -4269.646009   2681.418092  11135.868657              
VL51  51959.328837  27385.524859  13503.634318              
*  2025  4 17 23  8   0.00000000                            
PL51  -3637.101157   3000.266184  11280.347620              
VL51  53433.023976  25738.037679  10570.154252              
*  2025  4 17 23 10   0.00000000                            
PL51  -2988.028339   3298.721336  11389.426164              
VL51  54713.015356  23988.151093   7605.126420              
*  2025  4 17 23 12   0.00000000                            
PL51  -2324.785530   3575.607742  11462.782082              
VL51  55793.844444  22144.761597   4617.955887              
*  2025  4 17 23 14   0.00000000                            
PL51  -1649.791501   3829.858609  11500.206352              
VL51  56670.840231  20217.133837   1618.096443              
*  2025  4 17 23 16   0.00000000                            
PL51   -965.516258   4060.520309  11501.603533              
VL51  57340.137049  18214.856363  -1384.980473              
*  2025  4 17 23 18   0.00000000                            
PL51   -274.471290   4266.755992  11466.991794              
VL51  57798.688928  16147.796298  -4381.816578              
*  2025  4 17 23 20   0.00000000                            
PL51    420.800336   4447.848654  11396.502570              
VL51  58044.280495  14026.053133  -7362.997215              
*  2025  4 17 23 22   0.00000000                            
PL51   1117.733991   4603.203647  11290.379863              
VL51  58075.534386  11859.911858 -10319.181372              
*  2025  4 17 23 24   0.00000000                            
PL51   1813.753568   4732.350618  11148.979175              
VL51  57891.915209   9659.795659 -13241.131182              
*  2025  4 17 23 26   0.00000000                            
PL51   2506.281591   4834.944884  10972.766099              
VL51  57493.730051   7436.218388 -16119.740821              
*  2025  4 17 23 28   0.00000000                            
PL51   3192.749312   4910.768235  10762.314565              
VL51  56882.125587   5199.737008 -18946.064722              
*  2025  4 17 23 30   0.00000000                            
PL51   3870.606749   4959.729165  10518.304749              
VL51  56059.081809   2960.904227 -21711.345035              
*  2025  4 17 23 32   0.00000000                            
PL51   4537.332635   4981.862541  10241.520664              
VL51  55027.402452    730.221516 -24407.038270              
*  2025  4 17 23 34   0.00000000                            
PL51   5190.444228   4977.328707   9932.847428              
VL51  53790.702166  -1481.907292 -27024.841039              
*  2025  4 17 23 36   0.00000000                            
PL51   5827.506948   4946.412040   9593.268233              
VL51  52353.390517  -3665.221622 -29556.714845              
*  2025  4 17 23 38   0.00000000                            
PL51   6446.143806   4889.518960   9223.861027              
VL51  50720.652915  -5809.648826 -31994.909853              
*  2025  4 17 23 40   0.00000000                            
PL51   7044.044583   4807.175410   8825.794908              
VL51  48898.428541  -7905.347714 -34331.987588              
*  2025  4 17 23 42   0.00000000                            
PL51   7618.974731   4700.023832   8400.326260              
VL51  46893.385412  -9942.750770 -36560.842503              
*  2025  4 17 23 44   0.00000000                            
PL51   8168.783953   4568.819628   7948.794634              
VL51  44712.892670 -11912.604893 -38674.722365              
*  2025  4 17 23 46   0.00000000                            
PL51   8691.414438   4414.427154   7472.618391              
VL51  42364.990238 -13806.010512 -40667.247409              
*  2025  4 17 23 48   0.00000000                            
PL51   9184.908718   4237.815254   6973.290124              
VL51  39858.355976 -15614.458899 -42532.428205              
*  2025  4 17 23 50   0.00000000                            
PL51   9647.417108   4040.052354   6452.371873              
VL51  37202.270484 -17329.867563 -44264.682209              
*  2025  4 17 23 52   0.00000000                            
PL51  10077.204724   3822.301143   5911.490153              
VL51  34406.579715 -18944.613580 -45858.848940              
*  2025  4 17 23 54   0.00000000                            
PL51  10472.658028   3585.812872   5352.330800              
VL51  31481.655551 -20451.564727 -47310.203769              
*  2025  4 17 23 56   0.00000000                            
PL51  10832.290896   3331.921288   4776.633670              
VL51  28438.354537 -21844.108327 -48614.470280              
*  2025  4 17 23 58   0.00000000                            
PL51  11154.750174   3062.036241   4186.187191              
VL51  25287.974923 -23116.177692 -49767.831191              
*  2025  4 18  0  0   0.00000000                            
PL51  11438.820664   2777.637204   3582.822795              
VL51  22042.212689 -24262.275651 -50766.937808              
*  2025  4 18  0  2   0.00000000                            
PL51  11683.429884   2480.265203   2968.409247              
VL51  18713.113443 -25277.498062 -51608.918016              
*  2025  4 18  0  4   0.00000000                            
PL51  11887.651470   2171.517801   2344.846882              
VL51  15313.030225 -26157.548327 -52291.382775              
*  2025  4 18  0  6   0.00000000                            
PL51  12050.709080   1853.039490   1714.061783              
VL51  11854.571041 -26898.757684 -52812.431150              
*  2025  4 18  0  8   0.00000000                            
PL51  12171.978919   1526.515184   1077.999894              
VL51   8350.552663 -27498.096446 -53170.653855              
*  2025  4 18  0 10   0.00000000                            
PL51  12250.991998   1193.662263    438.621112              
VL51   4813.951098 -27953.184994 -53365.135332              
*  2025  4 18  0 12   0.00000000                            
PL51  12287.435748    856.222720   -202.106647              
VL51   1257.852180 -28262.301589 -53395.454383              
*  2025  4 18  0 14   0.00000000                            
PL51  12281.155043    515.955237   -842.213377              
VL51  -2304.597983 -28424.387392 -53261.683363              
*  2025  4 18  0 16   0.00000000                            
PL51  12232.152623    174.627211  -1479.732887              
VL51  -5860.242520 -28439.048706 -52964.385970              
*  2025  4 18  0 18   0.00000000                            
PL51  12140.588929   -165.993228  -2112.708686              
VL51  -9395.963087 -28306.556463 -52504.613650              
*  2025  4 18  0 20   0.00000000                            
PL51  12006.781345   -504.145170  -2739.199799              
VL51 -12898.728731 -28027.842981 -51883.900665              
*  2025  4 18  0 22   0.00000000                            
PL51  11831.202863   -838.082836  -3357.286530              
VL51 -16355.644174 -27604.496021 -51104.257845              
*  2025  4 18  0 24   0.00000000                            
PL51  11614.480162  -1166.083390  -3965.076136              
VL51 -19753.997332 -27038.750210 -50168.165081              
*  2025  4 18  0 26   0.00000000                            
PL51  11357.391139  -1486.454640  -4560.708403              
VL51 -23081.305904 -26333.475882 -49078.562598              
*  2025  4 18  0 28   0.00000000                            
PL51  11060.861866  -1797.542581  -5142.361114              
VL51 -26325.362882 -25492.165403 -47838.841056              
*  2025  4 18  0 30   0.00000000                            
PL51  10725.963030  -2097.738774  -5708.255386              
VL51 -29474.280837 -24518.917064 -46452.830529              
*  2025  4 18  0 32   0.00000000                            
PL51  10353.905832  -2385.487501  -6256.660875              
VL51 -32516.534835 -23418.416622 -44924.788421              
*  2025  4 18  0 34   0.00000000                            
PL51   9946.037388  -2659.292695  -6785.900825              
VL51 -35441.003861 -22195.916582 -43259.386364              
*  2025  4 18  0 36   0.00000000                            
PL51   9503.835647  -2917.724609  -7294.356954              
VL51 -38237.010639 -20857.213311 -41461.696144              
*  2025  4 18  0 38   0.00000000                            
PL51   9028.903828  -3159.426189  -7780.474169              
VL51 -40894.359727 -19408.622091 -39537.174719              
*  2025  4 18  0 40   0.00000000                            
PL51   8522.964422  -3383.119146  -8242.765091              
VL51 -43403.373796 -17856.950203 -37491.648365              
*  2025  4 18  0 42   0.00000000                            
PL51   7987.852768  -3587.609687  -8679.814390              
VL51 -45754.927996 -16209.468164 -35331.296001              
*  2025  4 18  0 44   0.00000000                            
PL51   7425.510225  -3771.793892  -9090.282914              
VL51 -47940.482322 -14473.879210 -33062.631739              
*  2025  4 18  0 46   0.00000000                            
PL51   6837.976971  -3934.662717  -9472.911598              
VL51 -49952.111891 -12658.287155 -30692.486705              
*  2025  4 18  0 48   0.00000000                            
PL51   6227.384448  -4075.306599  -9826.525161              
VL51 -51782.535093 -10771.162728 -28227.990167              
*  2025  4 18  0 50   0.00000000                            
PL51   5595.947490  -4192.919653 -10150.035562              
VL51 -53425.139512  -8821.308505 -25676.550012              
*  2025  4 18  0 52   0.00000000                            
PL51   4945.956142  -4286.803431 -10442.445229              
VL51 -54874.005587  -6817.822555 -23045.832596              
*  2025  4 18  0 54   0.00000000                            
PL51   4279.767222  -4356.370250 -10702.850031              
VL51 -56123.927948  -4770.060922 -20343.742014              
*  2025  4 18  0 56   0.00000000                            
PL51   3599.795628  -4401.146056 -10930.442008              
VL51 -57170.434370  -2687.599047 -17578.398798              
*  2025  4 18  0 58   0.00000000                            
PL51   2908.505446  -4420.772817 -11124.511836              
VL51 -58009.802309   -580.192269 -14758.118081              
*  2025  4 18  1  0   0.00000000                            
PL51   2208.400858  -4415.010445 -11284.451029              
VL51 -58639.072950   1542.264499 -11891.387253              
*  2025  4 18  1  2   0.00000000                            
PL51   1502.016916  -4383.738223 -11409.753867              
VL51 -59056.062753   3669.777761  -8986.843126              
*  2025  4 18  1  4   0.00000000                            
PL51    791.910171  -4326.955740 -11500.019055              
VL51 -59259.372421   5792.297001  -6053.248647              
*  2025  4 18  1  6   0.00000000                            
PL51     80.649232  -4244.783323 -11554.951089              
VL51 -59248.393281   7899.756670  -3099.469166              
*  2025  4 18  1  8   0.00000000                            
PL51   -629.194756  -4137.461967 -11574.361347              
VL51 -59023.311032   9982.118471   -134.448311              
*  2025  4 18  1 10   0.00000000                            
PL51  -1335.057646  -4005.352748 -11558.168873              
VL51 -58585.106823  12029.413810   2832.816537              
*  2025  4 18  1 12   0.00000000                            
PL51  -2034.391833  -3848.935734 -11506.400882              
VL51 -57935.555648  14031.786277   5793.299119              
*  2025  4 18  1 14   0.00000000                            
PL51  -2724.675754  -3668.808389 -11419.192949              
VL51 -57077.222006  15979.534009   8737.969506              
*  2025  4 18  1 16   0.00000000                            
PL51  -3403.423322  -3465.683457 -11296.788904              
VL51 -56013.452825  17863.151799  11657.819619              
*  2025  4 18  1 18   0.00000000                            
PL51  -4068.193262  -3240.386357 -11139.540413              
VL51 -54748.367604  19673.372807  14543.889007              
*  2025  4 18  1 20   0.00000000                            
PL51  -4716.598305  -2993.852075 -10947.906253              
VL51 -53286.845766  21401.209702  17387.290869              
*  2025  4 18  1 22   0.00000000                            
PL51  -5346.314218  -2727.121565 -10722.451268              
VL51 -51634.511205  23037.995094  20179.238254              
*  2025  4 18  1 24   0.00000000                            
PL51  -5955.088634  -2441.337671 -10463.845017              
VL51 -49797.714004  24575.421092  22911.070405              
*  2025  4 18  1 26   0.00000000                            
PL51  -6540.749639  -2137.740582 -10172.860096              
VL51 -47783.509342  26005.577810  25574.279184              
*  2025  4 18  1 28   0.00000000                            
PL51  -7101.214092  -1817.662830  -9850.370153              
VL51 -45599.633582  27320.990659  28160.535510              
*  2025  4 18  1 30   0.00000000                            
PL51  -7634.495645  -1482.523851  -9497.347578              
VL51 -43254.477547  28514.656243  30661.715738              
*  2025  4 18  1 32   0.00000000                            
PL51  -8138.712421  -1133.824122  -9114.860880              
VL51 -40757.057039  29580.076691  33069.927900              
*  2025  4 18  1 34   0.00000000                            
PL51  -8612.094320   -773.138896  -8704.071753              
VL51 -38116.980617  30511.292227  35377.537729              
*  2025  4 18  1 36   0.00000000                            
PL51  -9052.989932   -402.111562  -8266.231825              
VL51 -35344.414693  31302.911810  37577.194343              
*  2025  4 18  1 38   0.00000000                            
PL51  -9459.873002    -22.446645  -7802.679111              
VL51 -32450.046031  31950.141662  39661.855517              
*  2025  4 18  1 40   0.00000000                            
PL51  -9831.348439    364.097521  -7314.834154              
VL51 -29445.041716  32448.811489  41624.812411              
*  2025  4 18  1 42   0.00000000                            
PL51 -10166.157831    755.716418  -6804.195882              
VL51 -26341.006715  32795.398240  43459.713639              
*  2025  4 18  1 44   0.00000000                            
PL51 -10463.184427   1150.567244  -6272.337180              
VL51 -23149.939155  32987.047216  45160.588563              
*  2025  4 18  1 46   0.00000000                            
PL51 -10721.457581   1546.777042  -5720.900183              
VL51 -19884.183452  33021.590376  46721.869678              
*  2025  4 18  1 48   0.00000000                            
PL51 -10940.156614   1942.451037  -5151.591308              
VL51 -16556.381475  32897.561679  48138.413954              
*  2025  4 18  1 50   0.00000000                            
PL51 -11118.614082   2335.681137  -4566.176044              
VL51 -13179.421926  32614.209331  49405.523022              
*  2025  4 18  1 52   0.00000000                            
PL51 -11256.318426   2724.554561  -3966.473493              
VL51  -9766.388135  32171.504808  50518.962043              
*  2025  4 18  1 54   0.00000000                            
PL51 -11352.915988   3107.162553  -3354.350709              
VL51  -6330.504514  31570.148537  51474.977162              
*  2025  4 18  1 56   0.00000000                            
PL51 -11408.212376   3481.609152  -2731.716825              
VL51  -2885.081897  30811.572160  52270.311399              
*  2025  4 18  1 58   0.00000000                            
PL51 -11422.173169   3846.019957  -2100.517004              
VL51    556.537955  29897.937294  52902.218877              
*  2025  4 18  2  0   0.00000000                            
PL51 -11394.923954   4198.550867  -1462.726231              
VL51   3981.038430  28832.130755  53368.477262              
*  2025  4 18  2  2   0.00000000                            
PL51 -11326.749683   4537.396731   -820.342963              
VL51   7375.184414  27617.756193  53667.398320              
*  2025  4 18  2  4   0.00000000                            
PL51 -11218.093361   4860.799886   -175.382667              
VL51  10725.878634  26259.122172  53797.836509              
*  2025  4 18  2  6   0.00000000                            
PL51 -11069.554050   5167.058528    470.128732              
VL51  14020.217684  24761.226676  53759.195504              
*  2025  4 18  2  8   0.00000000                            
PL51 -10881.884214   5454.534867   1114.161473              
VL51  17245.547424  23129.738112  53551.432617              
*  2025  4 18  2 10   0.00000000                            
PL51 -10655.986398   5721.663051   1754.688616              
VL51  20389.517448  21370.972873  53175.061036              
*  2025  4 18  2 12   0.00000000                            
PL51 -10392.909262   5966.956782   2389.692716              
VL51  23440.134311  19491.869560  52631.149855              
*  2025  4 18  2 14   0.00000000                            
PL51 -10093.842987   6189.016617   3017.172483              
VL51  26385.813209  17499.959976  51921.321883              
*  2025  4 18  2 16   0.00000000                            
PL51  -9760.114069   6386.536894   3635.149400              
VL51  29215.427821  15403.337049  51047.749208              
*  2025  4 18  2 18   0.00000000                            
PL51  -9393.179530   6558.312260   4241.674283              
VL51  31918.358023  13210.619836  50013.146554              
*  2025  4 18  2 20   0.00000000                            
PL51  -8994.620567   6703.243758   4834.833732              
VL51  34484.535222  10930.915806  48820.762432              
*  2025  4 18  2 22   0.00000000                            
PL51  -8566.135678   6820.344454   5412.756483              
VL51  36904.485033   8573.780604  47474.368156              
*  2025  4 18  2 24   0.00000000                            
PL51  -8109.533286   6908.744558   5973.619596              
VL51  39169.367090   6149.175509  45978.244759              
*  2025  4 18  2 26   0.00000000                            
PL51  -7626.723910   6967.696026   6515.654490              
VL51  41271.011767   3667.422832  44337.167900              
*  2025  4 18  2 28   0.00000000                            
PL51  -7119.711911   6996.576619   7037.152774              
VL51  43201.953616   1139.159492  42556.390838              
*  2025  4 18  2 30   0.00000000                            
PL51  -6590.586860   6994.893388   7536.471869              
VL51  44955.461374  -1424.710972  40641.625571              
*  2025  4 18  2 32   0.00000000                            
PL51  -6041.514561   6962.285579   8012.040390              
VL51  46525.564376  -4013.067687  38599.022252              
*  2025  4 18  2 34   0.00000000                            
PL51  -5474.727789   6898.526944   8462.363273              
VL51  47907.075277  -6614.622762  36435.146983              
*  2025  4 18  2 36   0.00000000                            
PL51  -4892.516771   6803.527435   8886.026624              
VL51  49095.608982  -9217.972364  34156.958136              
*  2025  4 18  2 38   0.00000000                            
PL51  -4297.219462   6677.334289   9281.702280              
VL51  50087.597726 -11811.648288  31771.781304              
*  2025  4 18  2 40   0.00000000                            
PL51  -3691.211672   6520.132488   9648.152057              
VL51  50880.302262 -14384.169730  29287.283038              
*  2025  4 18  2 42   0.00000000                            
PL51  -3076.897069   6332.244600   9984.231678              
VL51  51471.819152 -16924.095024  26711.443504              
*  2025  4 18  2 44   0.00000000                            
PL51  -2456.697131   6114.130003  10288.894372              
VL51  51861.084179 -19420.073065  24052.528193              
*  2025  4 18  2 46   0.00000000                            
PL51  -1833.041069   5866.383487  10561.194116              
VL51  52047.871908 -21860.894179  21319.058832              
*  2025  4 18  2 48   0.00000000                            
PL51  -1208.355787   5589.733261  10800.288542              
VL51  52032.791464 -24235.540199  18519.783631              
*  2025  4 18  2 50   0.00000000                            
PL51   -585.055911   5285.038358  11005.441463              
VL51  51817.278605 -26533.233515  15663.646986              
*  2025  4 18  2 52   0.00000000                            
PL51     34.466067   4953.285456  11176.025052              
VL51  51403.584185 -28743.484891  12759.758784              
*  2025  4 18  2 54   0.00000000                            
PL51    647.849483   4595.585143  11311.521638              
VL51  50794.759106 -30856.139829   9817.363410              
*  2025  4 18  2 56   0.00000000                            
PL51   1252.774993   4213.167628  11411.525132              
VL51  49994.635900 -32861.423302   6845.808590              
*  2025  4 18  2 58   0.00000000                            
PL51   1846.973825   3807.377927  11475.742085              
VL51  49007.807053 -34749.982652   3854.514186              
*  2025  4 18  3  0   0.00000000                            
PL51   2428.236756   3379.670551  11503.992361              
VL51  47839.600238 -36512.928500    852.941029              
*  2025  4 18  3  2   0.00000000                            
PL51   2994.422769   2931.603704  11496.209445              
VL51  46496.050592 -38141.873493  -2149.440070              
*  2025  4 18  3  4   0.00000000                            
PL51   3543.467362   2464.833047  11452.440378              
VL51  44983.870215 -39628.968749  -5143.179058              
*  2025  4 18  3  6   0.00000000                            
PL51   4073.390474   1981.105025  11372.845326              
VL51  43310.415068 -40966.937860  -8118.877020              
*  2025  4 18  3  8   0.00000000                            
PL51   4582.304005   1482.249803  11257.696783              
VL51  41483.649424 -42149.108334 -11067.216102              
*  2025  4 18  3 10   0.00000000                            
PL51   5068.418887    970.173852  11107.378425              
VL51  39512.108091 -43169.440356 -13978.988905              
*  2025  4 18  3 12   0.00000000                            
PL51   5530.051693    446.852190  10922.383610              
VL51  37404.856567 -44022.552787 -16845.127254              
*  2025  4 18  3 14   0.00000000                            
PL51   5965.630761    -85.679659  10703.313539              
VL51  35171.449342 -44703.746285 -19656.730271              
*  2025  4 18  3 16   0.00000000                            
PL51   6373.701801   -625.333973  10450.875080              
VL51  32821.886535 -45209.023514 -22405.091668              
*  2025  4 18  3 18   0.00000000                            
PL51   6752.932972  -1169.979361  10165.878279              
VL51  30366.569061 -45535.106336 -25081.726204              
*  2025  4 18  3 20   0.00000000                            
PL51   7102.119420  -1717.449482   9849.233548              
VL51  27816.252543 -45679.449967 -27678.395220              
*  2025  4 18  3 22   0.00000000                            
PL51   7420.187254  -2265.551914   9501.948563              
VL51  25182.000164 -45640.254045 -30187.131194              
*  2025  4 18  3 24   0.00000000                            
PL51   7706.196943  -2812.077140   9125.124863              
VL51  22475.134666 -45416.470585 -32600.261266              
*  2025  4 18  3 26   0.00000000                            
PL51   7959.346146  -3354.807605   8719.954182              
VL51  19707.189703 -45007.808810 -34910.429655              
*  2025  4 18  3 28   0.00000000                            
PL51   8178.971944  -3891.526821   8287.714513              
VL51  16889.860746 -44414.736862 -37110.618930              
*  2025  4 18  3 30   0.00000000                            
PL51   8364.552490  -4420.028462   7829.765927              
VL51  14034.955759 -43638.480384 -39194.170080              
*  2025  4 18  3 32   0.00000000                            
PL51   8515.708059  -4938.125437   7347.546158              
VL51  11154.345827 -42681.018018 -41154.801327              
*  2025  4 18  3 34   0.00000000                            
PL51   8632.201514  -5443.658878   6842.565972              
VL51   8259.915963 -41545.073846 -42986.625645              
*  2025  4 18  3 36   0.00000000                            
PL51   8713.938173  -5934.507030   6316.404326              
VL51   5363.516268 -40234.106809 -44684.166948              
*  2025  4 18  3 38   0.00000000                            
PL51   8760.965109  -6408.593985   5770.703352              
VL51   2476.913664 -38752.297190 -46242.374900              
*  2025  4 18  3 40   0.00000000                            
PL51   8773.469857  -6863.898249   5207.163161              
VL51   -388.255622 -37104.530207 -47656.638317              
*  2025  4 18  3 42   0.00000000                            
PL51   8751.778572  -7298.461083   4627.536505              
VL51  -3220.532636 -35296.376824 -48922.797152              
*  2025  4 18  3 44   0.00000000                            
PL51   8696.353622  -7710.394607   4033.623296              
VL51  -6008.681145 -33334.071858 -50037.153014              
*  2025  4 18  3 46   0.00000000                            
PL51   8607.790656  -8097.889621   3427.265011              
VL51  -8741.731794 -31224.489504 -50996.478234              
*  2025  4 18  3 48   0.00000000                            
PL51   8486.815136  -8459.223118   2810.338995              
VL51 -11409.024792 -28975.116377 -51798.023452              
*  2025  4 18  3 50   0.00000000                            
PL51   8334.278379  -8792.765460   2184.752685              
VL51 -14000.250985 -26594.022223 -52439.523728              
*  2025  4 18  3 52   0.00000000                            
PL51   8151.153113  -9096.987187   1552.437766              
VL51 -16505.491154 -24089.828406 -52919.203176              
*  2025  4 18  3 54   0.00000000                            
PL51   7938.528565  -9370.465439    915.344283              
VL51 -18915.253418 -21471.674319 -53235.778134              
*  2025  4 18  3 56   0.00000000                            
PL51   7697.605125  -9611.889959    275.434724              
VL51 -21220.508594 -18749.181878 -53388.458878              
*  2025  4 18  3 58   0.00000000                            
PL51   7429.688590  -9820.068665   -365.321915              
VL51 -23412.723412 -15932.418238 -53376.949891              
*  2025  4 18  4  0   0.00000000                            
PL51   7136.184024  -9993.932757  -1004.956050              
VL51 -25483.891477 -13031.856886 -53201.448723              
*  2025  4 18  4  2   0.00000000                            
PL51   6818.589262 -10132.541353  -1641.503413              
VL51 -27426.561877 -10058.337276 -52862.643445              
*  2025  4 18  4  4   0.00000000                            
PL51   6478.488087 -10235.085634  -2273.010921              
VL51 -29233.865347  -7023.023173 -52361.708738              
*  2025  4 18  4  6   0.00000000                            
PL51   6117.543102 -10300.892478  -2897.542477              
VL51 -30899.537931  -3937.359862 -51700.300648              
*  2025  4 18  4  8   0.00000000                            
PL51   5737.488337 -10329.427577  -3513.184714              
VL51 -32417.942054   -813.030399 -50880.550041              
*  2025  4 18  4 10   0.00000000                            
PL51   5340.121626 -10320.298024  -4118.052649              
VL51 -33784.084971   2338.088921 -49905.054799              
*  2025  4 18  4 12   0.00000000                            
PL51   4927.296762 -10273.254363  -4710.295225              
VL51 -34993.634544   5503.973727 -48776.870799              
*  2025  4 18  4 14   0.00000000                            
PL51   4500.915497 -10188.192087  -5288.100760              
VL51 -36042.932317   8672.497175 -47499.501728              
*  2025  4 18  4 16   0.00000000                            
PL51   4062.919385 -10065.152602  -5849.702241              
VL51 -36929.003875  11831.475843 -46076.887782              
*  2025  4 18  4 18   0.00000000                            
PL51   3615.281534  -9904.323620  -6393.382500              
VL51 -37649.566486  14968.715737 -44513.393300              
*  2025  4 18  4 20   0.00000000                            
PL51   3159.998265  -9706.039017  -6917.479217              
VL51 -38203.034019  18072.058268 -42813.793394              
*  2025  4 18  4 22   0.00000000                            
PL51   2699.080742  -9470.778130  -7420.389766              
VL51 -38588.519182  21129.426036 -40983.259624              
*  2025  4 18  4 24   0.00000000                            
PL51   2234.546585  -9199.164509  -7900.575885              
VL51 -38805.833074  24128.868274 -39027.344768              
*  2025  4 18  4 26   0.00000000                            
PL51   1768.411503  -8891.964130  -8356.568151              
VL51 -38855.482123  27058.605829 -36951.966746              
*  2025  4 18  4 28   0.00000000                            
PL51   1302.680983  -8550.083065  -8786.970264              
VL51 -38738.662411  29907.075534 -34763.391730              
*  2025  4 18  4 30   0.00000000                            
PL51    839.342062  -8174.564633  -9190.463119              
VL51 -38457.251472  32662.973837 -32468.216499              
*  2025  4 18  4 32   0.00000000                            
PL51    380.355211  -7766.586019  -9565.808665              
VL51 -38013.797577  35315.299567 -30073.350071              
*  2025  4 18  4 34   0.00000000                            
PL51    -72.353642  -7327.454402  -9911.853537              
VL51 -37411.506597  37853.395730 -27585.994654              
*  2025  4 18  4 36   0.00000000                            
PL51   -516.900904  -6858.602573 -10227.532459              
VL51 -36654.226483  40266.990195 -25013.625945              
*  2025  4 18  4 38   0.00000000                            
PL51   -951.452925  -6361.584085 -10511.871400              
VL51 -35746.429431  42546.235165 -22363.972830              
*  2025  4 18  4 40   0.00000000                            
PL51  -1374.233366  -5838.067923 -10763.990493              
VL51 -34693.191811  44681.745330 -19644.996491              
*  2025  4 18  4 42   0.00000000                            
PL51  -1783.530320  -5289.832739 -10983.106693              
VL51 -33500.171924  46664.634585 -16864.868973              
*  2025  4 18  4 44   0.00000000                            
PL51  -2177.703151  -4718.760647 -11168.536172              
VL51 -32173.585659  48486.551203 -14031.951219              
*  2025  4 18  4 46   0.00000000                            
PL51  -2555.189027  -4126.830604 -11319.696458              
VL51 -30720.180144  50139.711376 -11154.770616              
*  2025  4 18  4 48   0.00000000                            
PL51  -2914.509129  -3516.111407 -11436.108289              
VL51 -29147.205449  51616.931002  -8241.998061              
*  2025  4 18  4 50   0.00000000                            
PL51  -3254.274508  -2888.754314 -11517.397200              
VL51 -27462.384442  52911.655633  -5302.424576              
*  2025  4 18  4 52   0.00000000                            
PL51  -3573.191566  -2246.985317 -11563.294820              
VL51 -25673.880885  54017.988466  -2344.937503              
*  2025  4 18  4 54   0.00000000                            
PL51  -3870.067148  -1593.097092 -11573.639882              
VL51 -23790.265843  54930.716295    621.503711              
*  2025  4 18  4 56   0.00000000                            
PL51  -4143.813222   -929.440654 -11548.378943              
VL51 -21820.482517  55645.333306   3587.892108              
*  2025  4 18  4 58   0.00000000                            
PL51  -4393.451124   -258.416731 -11487.566804              
VL51 -19773.809595  56158.062628   6545.198170              
*  2025  4 18  5  0   0.00000000                            
PL51  -4618.115358    417.533095 -11391.366629              
VL51 -17659.823212  56465.875529   9484.395098              
*  2025  4 18  5  2   0.00000000                            
PL51  -4817.056930   1095.935470 -11260.049761              
VL51 -15488.357632  56566.508162  12396.484394              
*  2025  4 18  5  4   0.00000000                            
PL51  -4989.646202   1774.294537 -11093.995224              
VL51 -13269.464766  56458.475749  15272.521705              
*  2025  4 18  5  6   0.00000000                            
PL51  -5135.375263   2450.101356 -10893.688920              
VL51 -11013.372630  56141.084116  18103.642911              
*  2025  4 18  5  8   0.00000000                            
PL51  -5253.859777   3120.843444 -10659.722507              
VL51  -8730.442882  55614.438449  20881.090380              
*  2025  4 18  5 10   0.00000000                            
PL51  -5344.840337   3784.014409 -10392.791966              
VL51  -6431.127556  54879.449199  23596.239369              
*  2025  4 18  5 12   0.00000000                            
PL51  -5408.183283   4437.123629 -10093.695842              
VL51  -4125.925139  53937.835017  26240.624490              
*  2025  4 18  5 14   0.00000000                            
PL51  -5443.880993   5077.705960  -9763.333178              
VL51  -1825.336143  52792.122636  28805.966177              
*  2025  4 18  5 16   0.00000000                            
PL51  -5452.051641   5703.331410  -9402.701126              
VL51    460.181673  51445.643616  31284.197070              
*  2025  4 18  5 18   0.00000000                            
PL51  -5432.938410   6311.614765  -9012.892240              
VL51   2720.258259  49902.527881  33667.488247              
*  2025  4 18  5 20   0.00000000                            
PL51  -5386.908175   6900.225113  -8595.091461              
VL51   4944.656231  48167.693979  35948.275177              
*  2025  4 18  5 22   0.00000000                            
PL51  -5314.449638   7466.895232  -8150.572789              
VL51   7123.315643  46246.836031  38119.283331              
*  2025  4 18  5 24   0.00000000                            
PL51  -5216.170936   8009.430804  -7680.695655              
VL51   9246.398377  44146.407317  40173.553317              
*  2025  4 18  5 26   0.00000000                            
PL51  -5092.796710   8525.719408  -7186.900985              
VL51  11304.331951  41873.600500  42104.465435              
*  2025  4 18  5 28   0.00000000                            
PL51  -4945.164662   9013.739255  -6670.706986              
VL51  13287.852543  39436.324481  43905.763543              
*  2025  4 18  5 30   0.00000000                            
PL51  -4774.221600   9471.567632  -6133.704643              
VL51  15188.047004  36843.177897  45571.578099              
*  2025  4 18  5 32   0.00000000                            
PL51  -4581.018978   9897.389000  -5577.552941              
VL51  16996.393666  34103.419321  47096.448272              
*  2025  4 18  5 34   0.00000000                            
PL51  -4366.707965  10289.502717  -5003.973839              
VL51  18704.801711  31226.934196  48475.342970              
*  2025  4 18  5 36   0.00000000                            
PL51  -4132.534044  10646.330350  -4414.746992              
VL51  20305.648882  28224.198612  49703.680688              
*  2025  4 18  5 38   0.00000000                            
PL51  -3879.831174  10966.422528  -3811.704241              
VL51  21791.817337  25106.240014  50777.348021              
*  2025  4 18  5 40   0.00000000                            
PL51  -3610.015534  11248.465307  -3196.723893              
VL51  23156.727405  21884.594984  51692.716722              
*  2025  4 18  5 42   0.00000000                            
PL51  -3324.578867  11491.286013  -2571.724805              
VL51  24394.369060  18571.264246  52446.659187              
*  2025  4 18  5 44   0.00000000                            
PL51  -3025.081476  11693.858529  -1938.660292              
VL51  25499.330884  15178.665078  53036.562248              
*  2025  4 18  5 46   0.00000000                            
PL51  -2713.144875  11855.307997  -1299.511878              
VL51  26466.826362  11719.581333  53460.339152              
*  2025  4 18  5 48   0.00000000                            
PL51  -2390.444149  11974.914903   -656.282921              
VL51  27292.717290   8207.111301  53716.439634              
*  2025  4 18  5 50   0.00000000                            
PL51  -2058.700047  12052.118531    -10.992120              
VL51  27973.534160   4654.613658  53803.857979              
*  2025  4 18  5 52   0.00000000                            
PL51  -1719.670852  12086.519754    634.333057              
VL51  28506.493355   1075.651794  53722.139004              
*  2025  4 18  5 54   0.00000000                            
PL51  -1375.144067  12077.883149   1277.663000              
VL51  28889.511036  -2516.063206  53471.381888              
*  2025  4 18  5 56   0.00000000                            
PL51  -1026.927943  12026.138422   1916.972626              
VL51  29121.213616  -6106.730602  53052.241816              
*  2025  4 18  5 58   0.00000000                            
PL51   -676.842922  11931.381134   2550.248051              
VL51  29200.944729  -9682.518744  52465.929398              
*  2025  4 18  6  0   0.00000000                            
PL51   -326.712996  11793.872712   3175.493233              
VL51  29128.768659 -13229.624220  51714.207872              
*  2025  4 18  6  2   0.00000000                            
PL51     21.642939  11614.039764   3790.736585              
VL51  28905.470175 -16734.331050  50799.388082              
*  2025  4 18  6  4   0.00000000                            
PL51    366.419708  11392.472664   4394.037498              
VL51  28532.550783 -20183.069644  49724.321269              
*  2025  4 18  6  6   0.00000000                            
PL51    705.834422  11129.923455   4983.492777              
VL51  28012.221398 -23562.475182  48492.389684              
*  2025  4 18  6  8   0.00000000                            
PL51   1038.134925  10827.303040   5557.242942              
VL51  27347.391480 -26859.445108  47107.495098              
*  2025  4 18  6 10   0.00000000                            
PL51   1361.608098  10485.677696   6113.478383              
VL51  26541.654685 -30061.195443  45574.045230              
*  2025  4 18  6 12   0.00000000                            
PL51   1674.587961  10106.264922   6650.445346              
VL51  25599.271121 -33155.315589  43896.938196              
*  2025  4 18  6 14   0.00000000                            
PL51   1975.463552   9690.428637   7166.451705              
VL51  24525.146309 -36129.821355  42081.545030              
*  2025  4 18  6 16   0.00000000                            
PL51   2262.686530   9239.673758   7659.872533              
VL51  23324.806977 -38973.205904  40133.690410              
*  2025  4 18  6 18   0.00000000                            
PL51   2534.778464   8755.640173   8129.155413              
VL51  22004.373826 -41674.488381  38059.631666              
*  2025  4 18  6 20   0.00000000                            
PL51   2790.337788   8240.096156   8572.825504              
VL51  20570.531449 -44223.259954  35866.036215              
*  2025  4 18  6 22   0.00000000                            
PL51   3028.046372   7694.931232   8989.490311              
VL51  19030.495572 -46609.727079  33559.957546              
*  2025  4 18  6 24   0.00000000                            
PL51   3246.675686   7122.148560   9377.844173              
VL51  17391.977809 -48824.751776  31148.809881              
*  2025  4 18  6 26   0.00000000                            
PL51   3445.092528   6523.856830   9736.672433              
VL51  15663.148155 -50859.888757  28640.341649              
*  2025  4 18  6 28   0.00000000                            
PL51   3622.264291   5902.261749  10064.855282              
VL51  13852.595411 -52707.419250  26042.607919              
*  2025  4 18  6 30   0.00000000                            
PL51   3777.263738   5259.657137  10361.371269              
VL51  11969.285771 -54360.381406  23363.941907              
*  2025  4 18  6 32   0.00000000                            
PL51   3909.273277   4598.415680  10625.300465              
VL51  10022.519807 -55812.597174  20612.925709              
*  2025  4 18  6 34   0.00000000                            
PL51   4017.588709   3920.979376  10855.827271              
VL51   8021.888069 -57058.695558  17798.360384              
*  2025  4 18  6 36   0.00000000                            
PL51   4101.622432   3229.849737  11052.242862              
VL51   5977.225540 -58094.132208  14929.235529              
*  2025  4 18  6 38   0.00000000                            
PL51   4160.906101   2527.577762  11213.947264              
VL51   3898.565187 -58915.205298  12014.698461              
*  2025  4 18  6 40   0.00000000                            
PL51   4195.092717   1816.753759  11340.451065              
VL51   1796.090836 -59519.067667   9064.023151              
*  2025  4 18  6 42   0.00000000                            
PL51   4203.958156   1099.997024  11431.376741              
VL51   -319.910400 -59903.735236   6086.579015              
*  2025  4 18  6 44   0.00000000                            
PL51   4187.402119    379.945464  11486.459621              
VL51  -2439.095909 -60068.091699   3091.799676              
*  2025  4 18  6 46   0.00000000                            
PL51   4145.448513   -340.754835  11505.548463              
VL51  -4551.115360 -60011.889547     89.151811              
*  2025  4 18  6 48   0.00000000                            
PL51   4078.245257  -1059.460019  11488.605673              
VL51  -6645.658259 -59735.747436  -2911.895818              
*  2025  4 18  6 50   0.00000000                            
PL51   3986.063522  -1773.538823  11435.707136              
VL51  -8712.501067 -59241.143982  -5901.903052              
*  2025  4 18  6 52   0.00000000                            
PL51   3869.296406  -2480.382841  11347.041700              
VL51 -10741.553675 -58530.408033  -8871.488648              
*  2025  4 18  6 54   0.00000000                            
PL51   3728.457058  -3177.416649  11222.910283              
VL51 -12722.905022 -57606.705516 -11811.360111              
*  2025  4 18  6 56   0.00000000                            
PL51   3564.176264  -3862.107755  11063.724633              
VL51 -14646.867675 -56474.022941 -14712.342970              
*  2025  4 18  6 58   0.00000000                            
PL51   3377.199501  -4531.976333  10870.005741              
VL51 -16504.021168 -55137.147673 -17565.409397              
*  2025  4 18  7  0   0.00000000                            
PL51   3168.383475  -5184.604697  10642.381913              
VL51 -18285.253933 -53601.645105 -20361.706097              
*  2025  4 18  7  2   0.00000000                            
PL51   2938.692179  -5817.646488  10381.586511              
VL51 -19981.803649 -51873.832847 -23092.581379              
*  2025  4 18  7  4   0.00000000                            
PL51   2689.192464  -6428.835526  10088.455374              
VL51 -21585.295843 -49960.752089 -25749.611344              
*  2025  4 18  7  6   0.00000000                            
PL51   2421.049160  -7015.994317   9763.923938              
VL51 -23087.780607 -47870.136282 -28324.625131              
*  2025  4 18  7  8   0.00000000                            
PL51   2135.519777  -7577.042148   9409.024048              
VL51 -24481.767294 -45610.377295 -30809.729144              
*  2025  4 18  7 10   0.00000000                            
PL51   1833.948792  -8110.002784   9024.880491              
VL51 -25760.257054 -43190.489213 -33197.330228              
*  2025  4 18  7 12   0.00000000                            
PL51   1517.761566  -8613.011698   8612.707259              
VL51 -26916.773105 -40620.069931 -35480.157734              
*  2025  4 18  7 14   0.00000000                            
PL51   1188.457907  -9084.322841   8173.803553              
VL51 -27945.388628 -37909.260719 -37651.284423              
*  2025  4 18  7 16   0.00000000                            
PL51    847.605317  -9522.314909   7709.549540              
VL51 -28840.752182 -35068.703923 -39704.146173              
*  2025  4 18  7 18   0.00000000                            
PL51    496.831949  -9925.497092   7221.401883              
VL51 -29598.110554 -32109.498992 -41632.560438              
*  2025  4 18  7 20   0.00000000                            
PL51    137.819300 -10292.514292   6710.889064              
VL51 -30213.328960 -29043.156995 -43430.743413              
*  2025  4 18  7 22   0.00000000                            
PL51   -227.705312 -10622.151777   6179.606495              
VL51 -30682.908532 -25881.553829 -45093.325880              
*  2025  4 18  7 24   0.00000000                            
PL51   -597.976475 -10913.339278   5629.211458              
VL51 -31004.001029 -22636.882312 -46615.367680              
*  2025  4 18  7 26   0.00000000                            
PL51   -971.198563 -11165.154497   5061.417879              
VL51 -31174.420730 -19321.603343 -47992.370802              
*  2025  4 18  7 28   0.00000000                            
PL51  -1345.553741 -11376.826027   4477.990945              
VL51 -31192.653470 -15948.396354 -49220.291037              
*  2025  4 18  7 30   0.00000000                            
PL51  -1719.210068 -11547.735675   3880.741602              
VL51 -31057.862807 -12530.109221 -50295.548186              
*  2025  4 18  7 32   0.00000000                            
PL51  -2090.329648 -11677.420184   3271.520927              
VL51 -30769.893303  -9079.707875 -51215.034808              
*  2025  4 18  7 34   0.00000000                            
PL51  -2457.076810 -11765.572340   2652.214415              
VL51 -30329.270929  -5610.225790 -51976.123474              
*  2025  4 18  7 36   0.00000000                            
PL51  -2817.626272 -11812.041488   2024.736179              
VL51 -29737.200619  -2134.713579 -52576.672543              
*  2025  4 18  7 38   0.00000000                            
PL51  -3170.171262 -11816.833428   1391.023095              
VL51 -28995.560999   1333.811134 -53015.030446              
*  2025  4 18  7 40   0.00000000                            
PL51  -3512.931552 -11780.109729    753.028904              
VL51 -28106.896331   4782.413336 -53290.038489              
*  2025  4 18  7 42   0.00000000                            
PL51  -3844.161387 -11702.186436    112.718285              
VL51 -27074.405757   8198.289559 -53401.032197              
*  2025  4 18  7 44   0.00000000                            
PL51  -4162.157267 -11583.532208   -527.939074              
VL51 -25901.929871  11568.815965 -53347.841212              
*  2025  4 18  7 46   0.00000000                            
PL51  -4465.265547 -11424.765876  -1166.974398              
VL51 -24593.934723  14881.595372 -53130.787771              
*  2025  4 18  7 48   0.00000000                            
PL51  -4751.889837 -11226.653447  -1802.425723              
VL51 -23155.493336  18124.503087 -52750.683799              
*  2025  4 18  7 50   0.00000000                            
PL51  -5020.498162 -10990.104567  -2432.343743              
VL51 -21592.264811  21285.731371 -52208.826637              
*  2025  4 18  7 52   0.00000000                            
PL51  -5269.629859 -10716.168455  -3054.797606              
VL51 -19910.471138  24353.832382 -51506.993449              
*  2025  4 18  7 54   0.00000000                            
PL51  -5497.902177 -10406.029342  -3667.880630              
VL51 -18116.871813  27317.759472 -50647.434337              
*  2025  4 18  7 56   0.00000000                            
PL51  -5704.016571 -10061.001409  -4269.715935              
VL51 -16218.736380  30166.906673 -49632.864221              
*  2025  4 18  7 58   0.00000000                            
PL51  -5886.764643  -9682.523278  -4858.461960              
VL51 -14223.815012  32891.146280 -48466.453509              
*  2025  4 18  8  0   0.00000000                            
PL51  -6045.033726  -9272.152055  -5432.317871              
VL51 -12140.307266  35480.864396 -47151.817623              
*  2025  4 18  8  2   0.00000000                            
PL51  -6177.812080  -8831.556960  -5989.528832              
VL51  -9976.829136  37926.994350 -45693.005431              
*  2025  4 18  8  4   0.00000000                            
PL51  -6284.193684  -8362.512574  -6528.391131              
VL51  -7742.378543  40221.047891 -44094.486632              
*  2025  4 18  8  6   0.00000000                            
PL51  -6363.382604  -7866.891721  -7047.257150              
VL51  -5446.299389  42355.144093 -42361.138147              
*  2025  4 18  8  8   0.00000000                            
PL51  -6414.696923  -7346.658018  -7544.540166              
VL51  -3098.244314  44322.035895 -40498.229575              
*  2025  4 18  8 10   0.00000000                            
PL51  -6437.572217  -6803.858121  -8018.718969              
VL51   -708.136290  46115.134224 -38511.407759              
*  2025  4 18  8 12   0.00000000                            
PL51  -6431.564564  -6240.613698  -8468.342294              
VL51   1713.870814  47728.529654 -36406.680505              
*  2025  4 18  8 14   0.00000000                            
PL51  -6396.353070  -5659.113155  -8892.033052              
VL51   4157.432564  49157.011566 -34190.399502              
*  2025  4 18  8 16   0.00000000                            
PL51  -6331.741916  -5061.603148  -9288.492346              
VL51   6612.055055  50396.084767 -31869.242494              
*  2025  4 18  8 18   0.00000000                            
PL51  -6237.661894  -4450.379913  -9656.503279              
VL51   9067.136628  51441.983545 -29450.194726              
*  2025  4 18  8 20   0.00000000                            
PL51  -6114.171456  -3827.780436  -9994.934523              
VL51  11512.010079  52291.683143 -26940.529725              
*  2025  4 18  8 22   0.00000000                            
PL51  -5961.457237  -3196.173511 -10302.743666              
VL51  13935.985240  52942.908644 -24347.789431              
*  2025  4 18  8 24   0.00000000                            
PL51  -5779.834082  -2557.950698 -10578.980305              
VL51  16328.391777  53394.141243 -21679.763734              
*  2025  4 18  8 26   0.00000000                            
PL51  -5569.744542  -1915.517227 -10822.788901              
VL51  18678.622092  53644.621923 -18944.469430              
*  2025  4 18  8 28   0.00000000                            
PL51  -5331.757872  -1271.282870 -11033.411368              
VL51  20976.174193  53694.352521 -16150.128650              
*  2025  4 18  8 30   0.00000000                            
PL51  -5066.568502   -627.652819 -11210.189409              
VL51  23210.694400  53544.094205 -13305.146763              
*  2025  4 18  8 32   0.00000000                            
PL51  -4774.994004     12.981404 -11352.566578              
VL51  25372.019762  53195.363364 -10418.089811              
*  2025  4 18  8 34   0.00000000                            
PL51  -4457.972552    648.250976 -11460.090069              
VL51  27450.220058  52650.424931  -7497.661463              
*  2025  4 18  8 36   0.00000000                            
PL51  -4116.559876   1275.818695 -11532.412231              
VL51  29435.639247  51912.283148  -4552.679542              
*  2025  4 18  8 38   0.00000000                            
PL51  -3751.925733   1893.387793 -11569.291792              
VL51  31318.936240  50984.669800  -1592.052124              
*  2025  4 18  8 40   0.00000000                            
PL51  -3365.349879   2498.710575 -11570.594795              
VL51  33091.124871  49872.029930   1375.246764              
*  2025  4 18  8 42   0.00000000                            
PL51  -2958.217582   3089.596884 -11536.295246              
VL51  34743.612906  48579.505047   4340.201829              
*  2025  4 18  8 44   0.00000000                            
PL51  -2532.014662   3663.922346 -11466.475456              
VL51  36268.239974  47112.913874   7293.781548              
*  2025  4 18  8 46   0.00000000                            
PL51  -2088.322087   4219.636367 -11361.326086              
VL51  37657.314274  45478.730630  10226.963538              
*  2025  4 18  8 48   0.00000000                            
PL51  -1628.810140   4754.769856 -11221.145882              
VL51  38903.647893  43684.060909  13130.760221              
*  2025  4 18  8 50   0.00000000                            
PL51  -1155.232164   5267.442649 -11046.341102              
VL51  40000.590613  41736.615162  15996.244751              
*  2025  4 18  8 52   0.00000000                            
PL51   -669.417917   5755.870591 -10837.424632              
VL51  40942.062032  39644.679846  18814.577161              
*  2025  4 18  8 54   0.00000000                            
PL51   -173.266552   6218.372266 -10595.014785              
VL51  41722.581856  37417.086281  21577.030676              
*  2025  4 18  8 56   0.00000000                            
PL51    331.260759   6653.375338 -10319.833782              
VL51  42337.298192  35063.177262  24275.018143              
*  2025  4 18  8 58   0.00000000                            
PL51    842.148523   7059.422476 -10012.705922              
VL51  42782.013706  32592.771524  26900.118512              
*  2025  4 18  9  0   0.00000000                            
PL51   1357.334928   7435.176844  -9674.555427              
VL51  43053.209465  30016.126102  29444.103294              
*  2025  4 18  9  2   0.00000000                            
PL51   1874.720111   7779.427120  -9306.403974              
VL51  43148.066316  27343.896705  31898.962916              
*  2025  4 18  9  4   0.00000000                            
PL51   2392.174675   8091.092039  -8909.367909              
VL51  43064.483658  24587.096193  34256.932901              
*  2025  4 18  9  6   0.00000000                            
PL51   2907.548408   8369.224416  -8484.655153              
VL51  42801.095441  21757.051276  36510.519754              
*  2025  4 18  9  8   0.00000000                            
PL51   3418.679180   8613.014645  -8033.561794              
VL51  42357.283264  18865.357572  38652.526475              
*  2025  4 18  9 10   0.00000000                            
PL51   3923.401976   8821.793651  -7557.468382              
VL51  41733.186428  15923.833156  40676.077578              
*  2025  4 18  9 12   0.00000000                            
PL51   4419.558038   8995.035272  -7057.835918              
VL51  40929.708826  12944.470777  42574.643496              
*  2025  4 18  9 14   0.00000000                            
PL51   4905.004060   9132.358062  -6536.201565              
VL51  39948.522550   9939.388917  44342.064267              
*  2025  4 18  9 16   0.00000000                            
PL51   5377.621413   9233.526502  -5994.174075              
VL51  38792.068127   6920.781868  45972.572363              
*  2025  4 18  9 18   0.00000000                            
PL51   5835.325352   9298.451606  -5433.428944              
VL51  37463.551291   3900.869057  47460.814533              
*  2025  4 18  9 20   0.00000000                            
PL51   6276.074159   9327.190919  -4855.703317              
VL51  35966.936228    891.843828  48801.872534              
*  2025  4 18  9 22   0.00000000                            
PL51   6697.878187   9319.947888  -4262.790650              
VL51  34306.935267  -2094.178078  49991.282627              
*  2025  4 18  9 24   0.00000000                            
PL51   7098.808759   9277.070628  -3656.535147              
VL51  32488.994969  -5045.210108  51025.053688              
*  2025  4 18  9 26   0.00000000                            
PL51   7477.006875   9199.050059  -3038.825985              
VL51  30519.278643  -7949.446276  51899.683834              
*  2025  4 18  9 28   0.00000000                            
PL51   7830.691693   9086.517435  -2411.591350              
VL51  28404.645289 -10795.312084  52612.175433              
*  2025  4 18  9 30   0.00000000                            
PL51   8158.168732   8940.241265  -1776.792310              
VL51  26152.625044 -13571.514710  53160.048389              
*  2025  4 18  9 32   0.00000000                            
PL51   8457.837761   8761.123632  -1136.416530              
VL51  23771.391184 -16267.092191  53541.351593              
*  2025  4 18  9 34   0.00000000                            
PL51   8728.200332   8550.195941   -492.471865              
VL51  21269.728795 -18871.461331  53754.672464              
*  2025  4 18  9 36   0.00000000                            
PL51   8967.866917   8308.614088    153.020149              
VL51  18657.000231 -21374.464071  53799.144480              
*  2025  4 18  9 38   0.00000000                            
PL51   9175.563615   8037.653090    798.030883              
VL51  15943.107511 -23766.412039  53674.452632              
*  2025  4 18  9 40   0.00000000                            
PL51   9350.138385   7738.701195   1440.531252              
VL51  13138.451813 -26038.129037  53380.836753              
*  2025  4 18  9 42   0.00000000                            
PL51   9490.566780   7413.253490   2078.498388              
VL51  10253.890278 -28180.991215  52919.092660              
*  2025  4 18  9 44   0.00000000                            
PL51   9595.957148   7062.905043   2709.922303              
VL51   7300.690315 -30186.964683  52290.571084              
*  2025  4 18  9 46   0.00000000                            
PL51   9665.555268   6689.343616   3332.812531              
VL51   4290.481668 -32048.640345  51497.174374              
*  2025  4 18  9 48   0.00000000                            
PL51   9698.748404   6294.341967   3945.204720              
VL51   1235.206481 -33759.265742  50541.350965              
*  2025  4 18  9 50   0.00000000                            
PL51   9695.068738   5879.749802   4545.167135              
VL51  -1852.932358 -35312.773719  49426.087645              
*  2025  4 18  9 52   0.00000000                            
PL51   9654.196189   5447.485391   5130.807066              
VL51  -4961.524309 -36703.807750  48154.899639              
*  2025  4 18  9 54   0.00000000                            
PL51   9575.960579   4999.526908   5700.277097              
VL51  -8078.005420 -37927.743778  46731.818566              
*  2025  4 18  9 56   0.00000000                            
PL51   9460.343140   4537.903528   6251.781221              
VL51 -11189.713417 -38980.708447  45161.378347              
*  2025  4 18  9 58   0.00000000                            
PL51   9307.477364   4064.686327   6783.580769              
VL51 -14283.943333 -39859.593649  43448.599128              
*  2025  4 18 10  0   0.00000000                            
PL51   9117.649181   3581.979031   7294.000148              
VL51 -17348.003386 -40562.067310  41598.969324              
*  2025  4 18 10  2   0.00000000                            
PL51   8891.296462   3091.908659   7781.432332              
VL51 -20369.270791 -41086.580378  39618.425877              
*  2025  4 18 10  4   0.00000000                            
PL51   8629.007861   2596.616101   8244.344126              
VL51 -23335.247233 -41432.370008  37513.332854              
*  2025  4 18 10  6   0.00000000                            
PL51   8331.520990   2098.246686   8681.281154              
VL51 -26233.613692 -41599.458952  35290.458489              
*  2025  4 18 10  8   0.00000000                            
PL51   7999.719944   1598.940777   9090.872559              
VL51 -29052.284358 -41588.651184  32956.950815              
*  2025  4 18 10 10   0.00000000                            
PL51   7634.632183   1100.824439   9471.835414              
VL51 -31779.459359 -41401.523838  30520.311999              
*  2025  4 18 10 12   0.00000000                            
PL51   7237.424794    606.000230   9822.978809              
VL51 -34403.676057 -41040.415525  27988.371527              
*  2025  4 18 10 14   0.00000000                            
PL51   6809.400141    116.538150  10143.207612              
VL51 -36913.858663 -40508.411138  25369.258380              
*  2025  4 18 10 16   0.00000000                            
PL51   6351.990939   -365.533207  10431.525894              
VL51 -39299.365960 -39809.323271  22671.372317              
*  2025  4 18 10 18   0.00000000                            
PL51   5866.754761   -838.235256  10687.039999              
VL51 -41550.036924 -38947.670377  19903.354423              
*  2025  4 18 10 20   0.00000000                            
PL51   5355.368011  -1299.647744  10908.961265              
VL51 -43656.234048 -37928.651834  17074.057032              
*  2025  4 18 10 22   0.00000000                            
PL51   4819.619399  -1747.916761  11096.608369              
VL51 -45608.884192 -36758.120056  14192.513167              
*  2025  4 18 10 24   0.00000000                            
PL51   4261.402933  -2181.262390  11249.409316              
VL51 -47399.516805 -35442.549850  11267.905616              
*  2025  4 18 10 26   0.00000000                            
PL51   3682.710473  -2597.985983  11366.903048              
VL51 -49020.299355 -33989.005172   8309.535770              
*  2025  4 18 10 28   0.00000000                            
PL51   3085.623877  -2996.477015  11448.740678              
VL51 -50464.069859 -32405.103504   5326.792351              
*  2025  4 18 10 30   0.00000000                            
PL51   2472.306776  -3375.219505  11494.686351              
VL51 -51724.366373 -30698.978032   2329.120149              
*  2025  4 18 10 32   0.00000000                            
PL51   1844.996008  -3732.797967  11504.617730              
VL51 -52795.453374 -28879.237854   -674.011114              
*  2025  4 18 10 34   0.00000000                            
PL51   1205.992765  -4067.902872  11478.526111              
VL51 -53672.344947 -26954.926418  -3673.137679              
*  2025  4 18 10 36   0.00000000                            
PL51    557.653468  -4379.335604  11416.516165              
VL51 -54350.824716 -24935.478412  -6658.832312              
*  2025  4 18 10 38   0.00000000                            
PL51    -97.619567  -4666.012889  11318.805321              
VL51 -54827.462496 -22830.675339  -9621.734425              
*  2025  4 18 10 40   0.00000000                            
PL51   -757.387646  -4926.970685  11185.722785              
VL51 -55099.627626 -20650.599970 -12552.579682              
*  2025  4 18 10 42   0.00000000                            
PL51  -1419.185359  -5161.367518  11017.708214              
VL51 -55165.498975 -18405.589910 -15442.229016              
*  2025  4 18 10 44   0.00000000                            
PL51  -2080.530330  -5368.487259  10815.310039              
VL51 -55024.071614 -16106.190477 -18281.696978              
*  2025  4 18 10 46   0.00000000                            
PL51  -2738.933044  -5547.741334  10579.183456              
VL51 -54675.160157 -13763.107087 -21062.179362              
*  2025  4 18 10 48   0.00000000                            
PL51  -3391.906678  -5698.670351  10310.088091              
VL51 -54119.398774 -11387.157378 -23775.080040              
*  2025  4 18 10 50   0.00000000                            
PL51  -4036.976921  -5820.945166  10008.885344              
VL51 -53358.237902  -8989.223242 -26412.036923              
*  2025  4 18 10 52   0.00000000                            
PL51  -4671.691735  -5914.367364   9676.535428              
VL51 -52393.937669  -6580.202980 -28964.947008              
*  2025  4 18 10 54   0.00000000                            
PL51  -5293.631014  -5978.869168   9314.094120              
VL51 -51229.558097  -4170.963786 -31425.990410              
*  2025  4 18 10 56   0.00000000                            
PL51  -5900.416108  -6014.512787   8922.709221              
VL51 -49868.946125  -1772.294749 -33787.653331              
*  2025  4 18 10 58   0.00000000                            
PL51  -6489.719173  -6021.489199   8503.616749              
VL51 -48316.719529    605.139428 -36042.749903              
*  2025  4 18 11  0   0.00000000                            
PL51  -7059.272309  -6000.116384   8058.136882              
VL51 -46578.247845   2950.843801 -38184.442830              
*  2025  4 18 11  2   0.00000000                            
PL51  -7606.876453  -5950.837020   7587.669659              
VL51 -44659.630379   5254.537467 -40206.262813              
*  2025  4 18 11  4   0.00000000                            
PL51  -8130.409991  -5874.215658   7093.690448              
VL51 -42567.671424   7506.196583 -42102.126685              
*  2025  4 18 11  6   0.00000000                            
PL51  -8627.837051  -5770.935382   6577.745214              
VL51 -40309.852797   9696.095949 -43866.354241              
*  2025  4 18 11  8   0.00000000                            
PL51  -9097.215462  -5641.793987   6041.445590              
VL51 -37894.303828  11814.849014 -45493.683717              
*  2025  4 18 11 10   0.00000000                            
PL51  -9536.704329  -5487.699681   5486.463766              
VL51 -35329.768926  13853.446133 -46979.285901              
*  2025  4 18 11 12   0.00000000                            
PL51  -9944.571206  -5309.666345   4914.527226              
VL51 -32625.572868  15803.290949 -48318.776835              
*  2025  4 18 11 14   0.00000000                            
PL51 -10319.198845  -5108.808363   4327.413331              
VL51 -29791.583959  17656.234770 -49508.229094              
*  2025  4 18 11 16   0.00000000                            
PL51 -10659.091485  -4886.335054   3726.943782              
VL51 -26838.175212  19404.608801 -50544.181616              
*  2025  4 18 11 18   0.00000000                            
PL51 -10962.880667  -4643.544735   3114.978972              
VL51 -23776.183724  21041.254133 -51423.648068              
*  2025  4 18 11 20   0.00000000                            
PL51 -11229.330552  -4381.818428   2493.412247              
VL51 -20616.868421  22559.549366 -52144.123730              
*  2025  4 18 11 22   0.00000000                            
PL51 -11457.342720  -4102.613261   1864.164093              
VL51 -17371.866334  23953.435793 -52703.590906              
*  2025  4 18 11 24   0.00000000                            
PL51 -11645.960441  -3807.455576   1229.176263              
VL51 -14053.147610  25217.440048 -53100.522838              
*  2025  4 18 11 26   0.00000000                            
PL51 -11794.372395  -3497.933782    590.405875              
VL51 -10672.969442  26346.694146 -53333.886153              
*  2025  4 18 11 28   0.00000000                            
PL51 -11901.915835  -3175.690982    -50.180519              
VL51  -7243.829108  27336.952875 -53403.141849              
*  2025  4 18 11 30   0.00000000                            
PL51 -11968.079185  -2842.417411   -690.612863              
VL51  -3778.416307  28184.608471 -53308.244825              
*  2025  4 18 11 32   0.00000000                            
PL51 -11992.504059  -2499.842711  -1328.923517              
VL51   -289.564994  28886.702575 -53049.642013              
*  2025  4 18 11 34   0.00000000                            
PL51 -11974.986702  -2149.728083  -1963.153138              
VL51   3209.795105  29440.935423 -52628.269109              
*  2025  4 18 11 36   0.00000000                            
PL51 -11915.478847  -1793.858335  -2591.356522              
VL51   6706.687122  29845.672294 -52045.545965              
*  2025  4 18 11 38   0.00000000                            
PL51 -11814.087989  -1434.033885  -3211.608380              
VL51  10188.135620  30099.947191 -51303.370667              
*  2025  4 18 11 40   0.00000000                            
PL51 -11671.077079  -1072.062725  -3822.009035              
VL51  13641.214958  30203.463803 -50404.112346              
*  2025  4 18 11 42   0.00000000                            
PL51 -11486.863634   -709.752391  -4420.690022              
VL51  17053.097270  30156.593740 -49350.602755              
*  2025  4 18 11 44   0.00000000                            
PL51 -11262.018284   -348.901971  -5005.819588              
VL51  20411.099890  29960.372108 -48146.126668              
*  2025  4 18 11 46   0.00000000                            
PL51 -10997.262745      8.705811  -5575.608058              
VL51  23702.732069  29616.490439 -46794.411137              
*  2025  4 18 11 48   0.00000000                            
PL51 -10693.467240    361.312425  -6128.313082              
VL51  26915.740826  29127.287046 -45299.613649              
*  2025  4 18 11 50   0.00000000                            
PL51 -10351.647378    707.191219  -6662.244715              
VL51  30038.155787  28495.734855 -43666.309248              
*  2025  4 18 11 52   0.00000000                            
PL51  -9972.960495   1044.654953  -7175.770351              
VL51  33058.332859  27725.426789 -41899.476660              
*  2025  4 18 11 54   0.00000000                            
PL51  -9558.701490   1372.063140  -7667.319474              
VL51  35964.996617  26820.558774 -40004.483485              
*  2025  4 18 11 56   0.00000000                            
PL51  -9110.298145   1687.829163  -8135.388238              
VL51  38747.281279  25785.910455 -37987.070496              
*  2025  4 18 11 58   0.00000000                            
PL51  -8629.305979   1990.427160  -8578.543841              
VL51  41394.770142  24626.823713 -35853.335113              
*  2025  4 18 12  0   0.00000000                            
PL51  -8117.402625   2278.398626  -8995.428705              
VL51  43897.533397  23349.179073 -33609.714088              
*  2025  4 18 12  2   0.00000000                            
PL51  -7576.381773   2550.358730  -9384.764438              
VL51  46246.164194  21959.370107 -31262.965457              
*  2025  4 18 12  4   0.00000000                            
PL51  -7008.146683   2805.002301  -9745.355579              
VL51  48431.812887  20464.275925 -28820.149801              
*  2025  4 18 12  6   0.00000000                            
PL51  -6414.703306   3041.109489 -10076.093114              
VL51  50446.219387  18871.231862 -26288.610852              
*  2025  4 18 12  8   0.00000000                            
PL51  -5798.153023   3257.551049 -10375.957750              
VL51  52281.743513  17187.998468 -23675.955487              
*  2025  4 18 12 10   0.00000000                            
PL51  -5160.685038   3453.293252 -10644.022956              
VL51  53931.393301  15422.728900 -20990.033138              
*  2025  4 18 12 12   0.00000000                            
PL51  -4504.568435   3627.402393 -10879.457742              
VL51  55388.851179  13583.934829 -18238.914645              
*  2025  4 18 12 14   0.00000000                            
PL51  -3832.143940   3779.048882 -11081.529189              
VL51  56648.497960  11680.450963 -15430.870588              
*  2025  4 18 12 16   0.00000000                            
PL51  -3145.815412   3907.510899 -11249.604712              
VL51  57705.434569   9721.398316 -12574.349110              
*  2025  4 18 12 18   0.00000000                            
PL51  -2448.041080   4012.177607 -11383.154058              
VL51  58555.501464   7716.146300  -9677.953261              
*  2025  4 18 12 20   0.00000000                            
PL51  -1741.324560   4092.551897 -11481.751023              
VL51  59195.295681   5674.273795  -6750.417879              
*  2025  4 18 12 22   0.00000000                            
PL51  -1028.205695   4148.252664 -11545.074895              
VL51  59622.185434   3605.529270  -3800.586028              
*  2025  4 18 12 24   0.00000000                            
PL51   -311.251217   4179.016600 -11572.911608              
VL51  59834.322228   1519.790107   -837.384997              
*  2025  4 18 12 26   0.00000000                            
PL51    406.954708   4184.699492 -11565.154606              
VL51  59830.650407   -572.978770   2130.198095              
*  2025  4 18 12 28   0.00000000                            
PL51   1123.820038   4165.277022 -11521.805416              
VL51  59610.914075  -2662.766836   5093.141100              
*  2025  4 18 12 30   0.00000000                            
PL51   1836.754483   4120.845061 -11442.973913              
VL51  59175.661333  -4739.560331   8042.411982              
*  2025  4 18 12 32   0.00000000                            
PL51   2543.179162   4051.619451 -11328.878290              
VL51  58526.245765  -6793.384929  10968.994306              
*  2025  4 18 12 34   0.00000000                            
PL51   3240.536265   3957.935274 -11179.844714              
VL51  57664.825127  -8814.348554  13863.913004              
*  2025  4 18 12 36   0.00000000                            
PL51   3926.298680   3840.245610 -10996.306676              
VL51  56594.357173 -10792.684210  16718.260398              
*  2025  4 18 12 38   0.00000000                            
PL51   4597.979556   3699.119780 -10778.804022              
VL51  55318.592582 -12718.792653  19523.222417              
*  2025  4 18 12 40   0.00000000                            
PL51   5253.141757   3535.241075 -10527.981675              
VL51  53842.064952 -14583.284761  22270.104968              
*  2025  4 18 12 42   0.00000000                            
PL51   5889.407185   3349.403988 -10244.588033              
VL51  52170.077811 -16377.023424  24950.360390              
*  2025  4 18 12 44   0.00000000                            
PL51   6504.465927   3142.510937  -9929.473057              
VL51  50308.688639 -18091.164798  27555.613944              
*  2025  4 18 12 46   0.00000000                            
PL51   7096.085187   2915.568503  -9583.586035              
VL51  48264.689869 -19717.198731  30077.690242              
*  2025  4 18 12 48   0.00000000                            
PL51   7662.117983   2669.683191  -9207.973030              
VL51  46045.586871 -21246.988201  32508.639556              
*  2025  4 18 12 50   0.00000000                            
PL51   8200.511548   2406.056718  -8803.774019              
VL51  43659.572918 -22672.807563  34840.763915              
*  2025  4 18 12 52   0.00000000                            
PL51   8709.315425   2125.980855  -8372.219714              
VL51  41115.501163 -23987.379425  37066.642885              
*  2025  4 18 12 54   0.00000000                            
PL51   9186.689201   1830.831837  -7914.628080              
VL51  38422.853653 -25183.909962  39179.158944              
*  2025  4 18 12 56   0.00000000                            
PL51   9630.909850   1522.064353  -7432.400551              
VL51  35591.707434 -26256.122483  41171.522329              
*  2025  4 18 12 58   0.00000000                            
PL51  10040.378662   1201.205151  -6927.017950              
VL51  32632.697822 -27198.289042  43037.295262              
*  2025  4 18 13  0   0.00000000                            
PL51  10413.627703    869.846273  -6400.036122              
VL51  29556.978924 -28005.259918  44770.415407              
*  2025  4 18 13  2   0.00000000                            
PL51  10749.325790    529.637950  -5853.081297              
VL51  26376.181514 -28672.490774  46365.218453              
*  2025  4 18 13  4   0.00000000                            
PL51  11046.283949    182.281192  -5287.845178              
VL51  23102.368410 -29196.067307  47816.459695              
*  2025  4 18 13  6   0.00000000                            
PL51  11303.460319   -170.479915  -4706.079783              
VL51  19747.987485 -29572.727219  49119.334459              
*  2025  4 18 13  8   0.00000000                            
PL51  11519.964478   -526.866144  -4109.592053              
VL51  16325.822501 -29799.879354  50269.497278              
*  2025  4 18 13 10   0.00000000                            
PL51  11695.061169   -885.071284  -3500.238227              
VL51  12848.941965 -29875.619829  51263.079653              
*  2025  4 18 13 12   0.00000000                            
PL51  11828.173403  -1243.270468  -2879.918023              
VL51   9330.646213 -29798.745047  52096.706304              
*  2025  4 18 13 14   0.00000000                            
PL51  11918.884914  -1599.628638  -2250.568628              
VL51   5784.412979 -29568.761443  52767.509775              
*  2025  4 18 13 16   0.00000000                            
PL51  11966.941955  -1952.309106  -1614.158529              
VL51   2223.841681 -29185.891889  53273.143296              
*  2025  4 18 13 18   0.00000000                            
PL51  11972.254420  -2299.482175   -972.681191              
VL51  -1337.403285 -28651.078649  53611.791787              
*  2025  4 18 13 20   0.00000000                            
PL51  11934.896277  -2639.333770   -328.148626              
VL51  -4885.649972 -27965.982837  53782.180916              
*  2025  4 18 13 22   0.00000000                            
PL51  11855.105315  -2970.074043    317.415145              
VL51  -8407.276725 -27132.980318  53783.584128              
*  2025  4 18 13 24   0.00000000                            
PL51  11733.282191  -3289.945910    961.980691              
VL51 -11888.770133 -26155.154062  53615.827571              
*  2025  4 18 13 26   0.00000000                            
PL51  11569.988784  -3597.233470   1603.519831              
VL51 -15316.782777 -25036.282922  53279.292865              
*  2025  4 18 13 28   0.00000000                            
PL51  11365.945860  -3890.270271   2240.012296              
VL51 -18678.190446 -23780.826900  52774.917666              
*  2025  4 18 13 30   0.00000000                            
PL51  11122.030054  -4167.447381   2869.452399              
VL51 -21960.148509 -22393.908937  52104.194005              
*  2025  4 18 13 32   0.00000000                            
PL51  10839.270183  -4427.221211   3489.855667              
VL51 -25150.147115 -20881.293317  51269.164392              
*  2025  4 18 13 34   0.00000000                            
PL51  10518.842903  -4668.121071   4099.265408              
VL51 -28236.064914 -19249.360788  50272.415696              
*  2025  4 18 13 36   0.00000000                            
PL51  10162.067735  -4888.756401   4695.759201              
VL51 -31206.220995 -17505.080536  49117.070823              
*  2025  4 18 13 38   0.00000000                            
PL51   9770.401477  -5087.823645   5277.455260              
VL51 -34049.424749 -15655.979153  47806.778236              
*  2025  4 18 13 40   0.00000000                            
PL51   9345.432035  -5264.112746   5842.518678              
VL51 -36755.023403 -13710.106781  46345.699379              
*  2025  4 18 13 42   0.00000000                            
PL51   8888.871695  -5416.513207   6389.167487              
VL51 -39312.946938 -11676.000604  44738.494066              
*  2025  4 18 13 44   0.00000000                            
PL51   8402.549874  -5544.019706   6915.678546              
VL51 -41713.750199  -9562.645908  42990.303917              
*  2025  4 18 13 46   0.00000000                            
PL51   7888.405385  -5645.737228   7420.393213              
VL51 -43948.651942  -7379.434916  41106.733948              
*  2025  4 18 13 48   0.00000000                            
PL51   7348.478253  -5720.885693   7901.722789              
VL51 -46009.570661  -5136.123628  39093.832395              
*  2025  4 18 13 50   0.00000000                            
PL51   6784.901116  -5768.804049   8358.153700              
VL51 -47889.156998  -2842.786913  36958.068895              
*  2025  4 18 13 52   0.00000000                            
PL51   6199.890267  -5788.953828   8788.252426              
VL51 -49580.822608   -509.772095  34706.311157              
*  2025  4 18 13 54   0.00000000                            
PL51   5595.736367  -5780.922123   9190.670119              
VL51 -51078.765354   1852.348712  32345.800232              
*  2025  4 18 13 56   0.00000000                            
PL51   4974.794873  -5744.424001   9564.146939              
VL51 -52377.990736   4232.827258  29884.124522              
*  2025  4 18 13 58   0.00000000                            
PL51   4339.476242  -5679.304317   9907.516053              
VL51 -53474.329503   6620.788544  27329.192678              
*  2025  4 18 14  0   0.00000000                            
PL51   3692.235940  -5585.538938  10219.707315              
VL51 -54364.451379   9005.280688  24689.205505              
*  2025  4 18 14  2   0.00000000                            
PL51   3035.564311  -5463.235364  10499.750597              
VL51 -55045.874917  11375.325013  21972.627026              
*  2025  4 18 14  4   0.00000000                            
PL51   2371.976351  -5312.632749  10746.778770              
VL51 -55516.973457  13719.966106  19188.154838              
*  2025  4 18 14  6   0.00000000                            
PL51   1704.001435  -5134.101324  10960.030326              
VL51 -55776.977241  16028.321605  16344.689900              
*  2025  4 18 14  8   0.00000000                            
PL51   1034.173042  -4928.141223  11138.851639              
VL51 -55825.971714  18289.631484  13451.305883              
*  2025  4 18 14 10   0.00000000                            
PL51    365.018517  -4695.380724  11282.698844              
VL51 -55664.892094  20493.306598  10517.218213              
*  2025  4 18 14 12   0.00000000                            
PL51   -300.951071  -4436.573909  11391.139360              
VL51 -55295.514286  22628.976288   7551.752924              
*  2025  4 18 14 14   0.00000000                            
PL51   -961.250946  -4152.597766  11463.853024              
VL51 -54720.442249  24686.534819   4564.315444              
*  2025  4 18 14 16   0.00000000                            
PL51  -1613.432471  -3844.448735  11500.632859              
VL51 -53943.091923  26656.186476   1564.359418              
*  2025  4 18 14 18   0.00000000                            
PL51  -2255.092776  -3513.238726  11501.385465              
VL51 -52967.671837  28528.489113  -1438.644331              
*  2025  4 18 14 20   0.00000000                            
PL51  -2883.884136  -3160.190624  11466.131042              
VL51 -51799.160537  30294.395996  -4435.238592              
*  2025  4 18 14 22   0.00000000                            
PL51  -3497.523065  -2786.633300  11395.003041              
VL51 -50443.280968  31945.295754  -7416.010229              
*  2025  4 18 14 24   0.00000000                            
PL51  -4093.799075  -2393.996161  11288.247458              
VL51 -48906.471963  33473.050303 -10371.620209              
*  2025  4 18 14 26   0.00000000                            
PL51  -4670.583086  -1983.803249  11146.221763              
VL51 -47195.857000  34870.030579 -13292.833120              
*  2025  4 18 14 28   0.00000000                            
PL51  -5225.835439  -1557.666934  10969.393485              
VL51 -45319.210382  36129.149949 -16170.546079              
*  2025  4 18 14 30   0.00000000                            
PL51  -5757.613492  -1117.281214  10758.338451              
VL51 -43284.921034  37243.895185 -18995.816968              
*  2025  4 18 14 32   0.00000000                            
PL51  -6264.078766   -664.414662  10513.738690              
VL51 -41101.954070  38208.354876 -21759.891899              
*  2025  4 18 14 34   0.00000000                            
PL51  -6743.503621   -200.903048  10236.380016              
VL51 -38779.810347  39017.245193 -24454.231853              
*  2025  4 18 14 36   0.00000000                            
PL51  -7194.277429    271.358335   9927.149292              
VL51 -36328.484162  39665.932897 -27070.538413              
*  2025  4 18 14 38   0.00000000                            
PL51  -7614.912236    750.422601   9587.031395              
VL51 -33758.419316  40150.455543 -29600.778536              
*  2025  4 18 14 40   0.00000000                            
PL51  -8004.047885   1234.299428   9217.105887              
VL51 -31080.463721  40467.538782 -32037.208288              
*  2025  4 18 14 42   0.00000000                            
PL51  -8360.456585   1720.963403   8818.543407              
VL51 -28305.822759  40614.610742 -34372.395503              
*  2025  4 18 14 44   0.00000000                            
PL51  -8683.046918   2208.362524   8392.601803              
VL51 -25446.011587  40589.813421 -36599.241294              
*  2025  4 18 14 46   0.00000000                            
PL51  -8970.867262   2694.426819   7940.622007              
VL51 -22512.806600  40392.011075 -38711.000382              
*  2025  4 18 14 48   0.00000000                            
PL51  -9223.108635   3177.077050   7464.023677              
VL51 -19518.196248  40020.795587 -40701.300184              
*  2025  4 18 14 50   0.00000000                            
PL51  -9439.106941   3654.233460   6964.300616              
VL51 -16474.331402  39476.488804 -42564.158625              
*  2025  4 18 14 52   0.00000000                            
PL51  -9618.344618   4123.824532   6443.015985              
VL51 -13393.475492  38760.141861 -44294.000633              
*  2025  4 18 14 54   0.00000000                            
PL51  -9760.451693   4583.795723   5901.797329              
VL51 -10287.954599  37873.531493 -45885.673279              
*  2025  4 18 14 56   0.00000000                            
PL51  -9865.206231   5032.118130   5342.331424              
VL51  -7170.107704  36819.153390 -47334.459542              
*  2025  4 18 14 58   0.00000000                            
PL51  -9932.534196   5466.797068   4766.358973              
VL51  -4052.237295  35600.212619 -48636.090650              
*  2025  4 18 15  0   0.00000000                            
PL51  -9962.508719   5885.880506   4175.669161              
VL51   -946.560523  34220.611167 -49786.757000              
*  2025  4 18 15  2   0.00000000                            
PL51  -9955.348783   6287.467345   3572.094082              
VL51   2134.838903  32684.932689 -50783.117611              
*  2025  4 18 15  4   0.00000000                            
PL51  -9911.417338   6669.715491   2957.503073              
VL51   5180.057896  30998.424524 -51622.308124              
*  2025  4 18 15  6   0.00000000                            
PL51  -9831.218857   7030.849698   2333.796948              
VL51   8177.420057  29166.977071 -52301.947310              
*  2025  4 18 15  8   0.00000000                            
PL51  -9715.396345   7369.169149   1702.902170              
VL51  11115.520475  27197.100627 -52820.142117              
*  2025  4 18 15 10   0.00000000                            
PL51  -9564.727820   7683.054742   1066.764975              
VL51  13983.269074  25095.899794 -53175.491223              
*  2025  4 18 15 12   0.00000000                            
PL51  -9380.122281   7970.976061    427.345449              
VL51  16769.932355  22871.045581 -53367.087140              
*  2025  4 18 15 14   0.00000000                            
PL51  -9162.615190   8231.497986   -213.388397              
VL51  19465.173390  20530.745312 -53394.516850              
*  2025  4 18 15 16   0.00000000                            
PL51  -8913.363480   8463.286947   -853.466559              
VL51  22059.089932  18083.710488 -53257.861000              
*  2025  4 18 15 18   0.00000000                            
PL51  -8633.640122   8665.116768  -1490.922954              
VL51  24542.250487  15539.122731 -52957.691686              
*  2025  4 18 15 20   0.00000000                            
PL51  -8324.828270   8835.874091  -2123.801293              
VL51  26905.728247  12906.597974 -52495.068833              
*  2025  4 18 15 22   0.00000000                            
PL51  -7988.415012   8974.563372  -2750.160911              
VL51  29141.132774  10196.149039 -51871.535221              
*  2025  4 18 15 24   0.00000000                            
PL51  -7625.984754   9080.311409  -3368.082522              
VL51  31240.639310   7418.146774 -51089.110189              
*  2025  4 18 15 26   0.00000000                            
PL51  -7239.212271   9152.371396  -3975.673894              
VL51  33197.015658   4583.279900 -50150.282066              
*  2025  4 18 15 28   0.00000000                            
PL51  -6829.855444   9190.126494  -4571.075425              
VL51  35003.646547   1702.513744 -49057.999371              
*  2025  4 18 15 30   0.00000000                            
PL51  -6399.747729   9193.092897  -5152.465609              
VL51  36654.555422  -1212.951992 -47815.660848              
*  2025  4 18 15 32   0.00000000                            
PL51  -5950.790366   9160.922386  -5718.066368              
VL51  38144.423620  -4151.726248 -46427.104379              
*  2025  4 18 15 34   0.00000000                            
PL51  -5484.944392   9093.404367  -6266.148258              
VL51  39468.606899  -7102.270276 -44896.594849              
*  2025  4 18 15 36   0.00000000                            
PL51  -5004.222456   8990.467375  -6795.035506              
VL51  40623.149301 -10052.941784 -43228.810993              
*  2025  4 18 15 38   0.00000000                            
PL51  -4510.680492   8852.180050  -7303.110898              
VL51  41604.794339 -12992.039426 -41428.831308              
*  2025  4 18 15 40   0.00000000                            
PL51  -4006.409270   8678.751582  -7788.820489              
VL51  42410.993517 -15907.847484 -39502.119062              
*  2025  4 18 15 42   0.00000000                            
PL51  -3493.525865   8470.531611  -8250.678118              
VL51  43039.912178 -18788.680600 -37454.506447              
*  2025  4 18 15 44   0.00000000                            
PL51  -2974.165066   8228.009595  -8687.269745              
VL51  43490.432707 -21622.928435 -35292.177930              
*  2025  4 18 15 46   0.00000000                            
PL51  -2450.470767   7951.813644  -9097.257570              
VL51  43762.155107 -24399.100119 -33021.652833              
*  2025  4 18 15 48   0.00000000                            
PL51  -1924.587368   7642.708823  -9479.383941              
VL51  43855.394962 -27105.868334 -30649.767182              
*  2025  4 18 15 50   0.00000000                            
PL51  -1398.651206   7301.594921  -9832.475048              
VL51  43771.178829 -29732.112936 -28183.654855              
*  2025  4 18 15 52   0.00000000                            
PL51   -874.782071   6929.503713 -10155.444374              
VL51  43511.237089 -32266.963976 -25630.728079              
*  2025  4 18 15 54   0.00000000                            
PL51   -355.074811   6527.595702 -10447.295922              
VL51  43077.994289 -34699.843975 -22998.657281              
*  2025  4 18 15 56   0.00000000                            
PL51    158.408925   6097.156354 -10707.127184              
VL51  42474.557031 -37020.509360 -20295.350364              
*  2025  4 18 15 58   0.00000000                            
PL51    663.648789   5639.591854 -10934.131864              
VL51  41704.699446 -39219.090906 -17528.931398              
*  2025  4 18 16  0   0.00000000                            
PL51   1158.673645   5156.424376 -11127.602347              
VL51  40772.846306 -41286.133100 -14707.718788              
*  2025  4 18 16  2   0.00000000                            
PL51   1641.569261   4649.286884 -11286.931889              
VL51  39684.053845 -43212.632276 -11840.202925              
*  2025  4 18 16  4   0.00000000                            
PL51   2110.485766   4119.917490 -11411.616551              
VL51  38443.988321 -44990.073427  -8935.023351              
*  2025  4 18 16  6   0.00000000                            
PL51   2563.644824   3570.153378 -11501.256848              
VL51  37058.902409 -46610.465574  -6000.945465              
*  2025  4 18 16  8   0.00000000                            
PL51   2999.346523   3001.924309 -11555.559113              
VL51  35535.609472 -48066.375558  -3046.836789              
*  2025  4 18 16 10   0.00000000                            
PL51   3415.975939   2417.245734 -11574.336586              
VL51  33881.455783 -49350.960163    -81.642818              
*  2025  4 18 16 12   0.00000000                            
PL51   3812.009352   1818.211531 -11557.510195              
VL51  32104.290776 -50457.996430   2885.637519              
*  2025  4 18 16 14   0.00000000                            
PL51   4186.020096   1206.986386 -11505.109053              
VL51  30212.435395 -51381.910060   5845.976761              
*  2025  4 18 16 16   0.00000000                            
PL51   4536.684021    585.797856 -11417.270645              
VL51  28214.648627 -52117.801772   8790.344152              
*  2025  4 18 16 18   0.00000000                            
PL51   4862.784534    -43.071886 -11294.240722              
VL51  26120.092302 -52661.471512  11709.731183              
*  2025  4 18 16 20   0.00000000                            
PL51   5163.217223   -677.294572 -11136.372871              
VL51  23938.294253 -53009.440379  14595.177403              
*  2025  4 18 16 22   0.00000000                            
PL51   5436.994011  -1314.504612 -10944.127787              
VL51  21679.109926 -53158.970162  17437.796466              
*  2025  4 18 16 24   0.00000000                            
PL51   5683.246854  -1952.308088 -10718.072225              
VL51  19352.682557 -53108.080347  20228.802362              
*  2025  4 18 16 26   0.00000000                            
PL51   5901.230950  -2588.291937 -10458.877639              
VL51  16969.402002 -52855.562495  22959.535798              
*  2025  4 18 16 28   0.00000000                            
PL51   6090.327442  -3220.033284 -10167.318502              
VL51  14539.862356 -52400.991843  25621.490651              
*  2025  4 18 16 30   0.00000000                            
PL51   6250.045611  -3845.108906  -9844.270309              
VL51  12074.818487 -51744.736037  28206.340446              
*  2025  4 18 16 32   0.00000000                            
PL51   6380.024541  -4461.104777  -9490.707262              
VL51   9585.141613 -50887.960860  30705.964762              
*  2025  4 18 16 34   0.00000000                            
PL51   6480.034241  -5065.625661  -9107.699640              
VL51   7081.774081 -49832.632863  33112.475502              
*  2025  4 18 16 36   0.00000000                            
PL51   6549.976227  -5656.304726  -8696.410856              
VL51   4575.683512 -48581.518805  35418.242913              
*  2025  4 18 16 38   0.00000000                            
PL51   6589.883546  -6230.813126  -8258.094202              
VL51   2077.816483 -47138.181818  37615.921276              
*  2025  4 18 16 40   0.00000000                            
PL51   6599.920245  -6786.869514  -7794.089287              
VL51   -400.948084 -45506.974215  39698.474155              
*  2025  4 18 16 42   0.00000000                            
PL51   6580.380278  -7322.249456  -7305.818176              
VL51  -2849.845614 -43693.026915  41659.199087              
*  2025  4 18 16 44   0.00000000                            
PL51   6531.685857  -7834.794692  -6794.781243              
VL51  -5258.272467 -41702.235400  43491.751620              
*  2025  4 18 16 46   0.00000000                            
PL51   6454.385238  -8322.422211  -6262.552727              
VL51  -7615.832209 -39541.242222  45190.168561              
*  2025  4 18 16 48   0.00000000                            
PL51   6349.149964  -8783.133088  -5710.776027              
VL51  -9912.381354 -37217.416013  46748.890321              
*  2025  4 18 16 50   0.00000000                            
PL51   6216.771554  -9215.021061  -5141.158730              
VL51 -12138.074350 -34738.827035  48162.782223              
*  2025  4 18 16 52   0.00000000                            
PL51   6058.157667  -9616.280782  -4555.467385              
VL51 -14283.407573 -32114.219289  49427.154643              
*  2025  4 18 16 54   0.00000000                            
PL51   5874.327741  -9985.215719  -3955.522054              
VL51 -16339.262109 -29352.979259  50537.781853              
*  2025  4 18 16 56   0.00000000                            
PL51   5666.408123 -10320.245662  -3343.190636              
VL51 -18296.945078 -26465.101353  51490.919437              
*  2025  4 18 16 58   0.00000000                            
PL51   5435.626719 -10619.913792  -2720.382994              
VL51 -20148.229257 -23461.150175  52283.320151              
*  2025  4 18 17  0   0.00000000                            
PL51   5183.307181 -10882.893288  -2089.044903              
VL51 -21885.390790 -20352.219754  52912.248114              
*  2025  4 18 17  2   0.00000000                            
PL51   4910.862646 -11107.993413  -1451.151839              
VL51 -23501.244729 -17149.889895  53375.491207              
*  2025  4 18 17  4   0.00000000                            
PL51   4619.789069 -11294.165074   -808.702627              
VL51 -24989.178210 -13866.179843  53671.371591              
*  2025  4 18 17  6   0.00000000                            
PL51   4311.658174 -11440.505804   -163.712974              
VL51 -26343.181043 -10513.499471  53798.754246              
*  2025  4 18 17  8   0.00000000                            
PL51   3988.110051 -11546.264141    481.791079              
VL51 -27557.873521  -7104.598230  53757.053450              
*  2025  4 18 17 10   0.00000000                            
PL51   3650.845438 -11610.843391   1125.779783              
VL51 -28628.531270  -3652.512110  53546.237143              
*  2025  4 18 17 12   0.00000000                            
PL51   3301.617722 -11633.804738   1766.226340              
VL51 -29551.106976   -170.508882  53166.829118              
*  2025  4 18 17 14   0.00000000                            
PL51   2942.224701 -11614.869691   2401.113572              
VL51 -30322.248843   3327.968079  52619.908995              
*  2025  4 18 17 16   0.00000000                            
PL51   2574.500146 -11553.921846   3028.440579              
VL51 -30939.315663   6829.357099  51907.109984              
*  2025  4 18 17 18   0.00000000                            
PL51   2200.305199 -11451.007957   3646.229364              
VL51 -31400.388394  10320.036332  51030.614397              
*  2025  4 18 17 20   0.00000000                            
PL51   1821.519656 -11306.338310   4252.531378              
VL51 -31704.278167  13786.382361  49993.146959              
*  2025  4 18 17 22   0.00000000                            
PL51   1440.033172 -11120.286389   4845.433979              
VL51 -31850.530670  17214.828998  48797.965911              
*  2025  4 18 17 24   0.00000000                            
PL51   1057.736444 -10893.387831   5423.066772              
VL51 -31839.426890  20591.925905  47448.851988              
*  2025  4 18 17 26   0.00000000                            
PL51    676.512397 -10626.338696   5983.607801              
VL51 -31671.980191  23904.396766  45950.095294              
*  2025  4 18 17 28   0.00000000                            
PL51    298.227432 -10319.993025   6525.289573              
VL51 -31349.929770  27139.196657  44306.480176              
*  2025  4 18 17 30   0.00000000                            
PL51    -75.277226  -9975.359728   7046.404887              
VL51 -30875.730528  30283.568331  42523.268170              
*  2025  4 18 17 32   0.00000000                            
PL51   -442.194038  -9593.598801   7545.312453              
VL51 -30252.539421  33325.097102  40606.179114              
*  2025  4 18 17 34   0.00000000                            
PL51   -800.757480  -9176.016896   8020.442263              
VL51 -29484.198396  36251.764073  38561.370548              
*  2025  4 18 17 36   0.00000000                            
PL51  -1149.252137  -8724.062256   8470.300718              
VL51 -28575.214019  39051.997401  36395.415502              
*  2025  4 18 17 38   0.00000000                            
PL51  -1486.020547  -8239.319059   8893.475470              
VL51 -27530.733927  41714.721392  34115.278804              
*  2025  4 18 17 40   0.00000000                            
PL51  -1809.470734  -7723.501180   9288.639974              
VL51 -26356.520257  44229.403153  31728.292038              
*  2025  4 18 17 42   0.00000000                            
PL51  -2118.083409  -7178.445410   9654.557734              
VL51 -25058.920225  46586.096621  29242.127280              
*  2025  4 18 17 44   0.00000000                            
PL51  -2410.418800  -6606.104165   9990.086228              
VL51 -23644.834028  48775.483752  26664.769755              
*  2025  4 18 17 46   0.00000000                            
PL51  -2685.123085  -6008.537716  10294.180492              
VL51 -22121.680266  50788.912725  24004.489551              
*  2025  4 18 17 48   0.00000000                            
PL51  -2940.934392  -5387.905981  10565.896368              
VL51 -20497.359088  52618.432994  21269.812524              
*  2025  4 18 17 50   0.00000000                            
PL51  -3176.688345  -4746.459919  10804.393394              
VL51 -18780.213281  54256.827082  18469.490537              
*  2025  4 18 17 52   0.00000000                            
PL51  -3391.323136  -4086.532554  11008.937336              
VL51 -16978.987504  55697.638997  15612.471142              
*  2025  4 18 17 54   0.00000000                            
PL51  -3583.884092  -3410.529686  11178.902351              
VL51 -15102.785891  56935.199192  12707.866864              
*  2025  4 18 17 56   0.00000000                            
PL51  -3753.527730  -2720.920325  11313.772779              
VL51 -13161.028264  57964.645993   9764.924169              
*  2025  4 18 17 58   0.00000000                            
PL51  -3899.525271  -2020.226880  11413.144570              
VL51 -11163.405155  58781.943451   6792.992277              
*  2025  4 18 18  0   0.00000000                            
PL51  -4021.265621  -1311.015165  11476.726320              
VL51  -9119.831887  59383.895569   3801.491906              
*  2025  4 18 18  2   0.00000000                            
PL51  -4118.257784   -595.884252  11504.339949              
VL51  -7040.401924  59768.156903    799.884085              
*  2025  4 18 18  4   0.00000000                            
PL51  -4190.132719    122.543783  11495.920996              
VL51  -4935.339738  59933.239528  -2202.360865              
*  2025  4 18 18  6   0.00000000                            
PL51  -4236.644628    841.634170  11451.518545              
VL51  -2814.953391  59878.516399  -5195.794072              
*  2025  4 18 18  8   0.00000000                            
PL51  -4257.671673   1558.749785  11371.294786              
VL51   -689.587070  59604.221138  -8171.018483              
*  2025  4 18 18 10   0.00000000                            
PL51  -4253.216129   2271.261449  11255.524214              
VL51   1430.426221  59111.444285 -11118.718777              
*  2025  4 18 18 12   0.00000000                            
PL51  -4223.403961   2976.558182  11104.592469              
VL51   3534.811599  58402.126095 -14029.690716              
*  2025  4 18 18 14   0.00000000                            
PL51  -4168.483855   3672.057329  10918.994831              
VL51   5613.398671  57479.045930 -16894.869885              
*  2025  4 18 18 16   0.00000000                            
PL51  -4088.825685   4355.214557  10699.334374              
VL51   7656.167141  56345.808334 -19705.359720              
*  2025  4 18 18 18   0.00000000                            
PL51  -3984.918443   5023.533655  10446.319789              
VL51   9653.291453  55006.825880 -22452.458754              
*  2025  4 18 18 20   0.00000000                            
PL51  -3857.367644   5674.576108  10160.762879              
VL51  11595.184304  53467.298891 -25127.687030              
*  2025  4 18 18 22   0.00000000                            
PL51  -3706.892208   6305.970420   9843.575749              
VL51  13472.538838  51733.192142 -27722.811588              
*  2025  4 18 18 24   0.00000000                            
PL51  -3534.320848   6915.421128   9495.767698              
VL51  15276.369354  49811.208664 -30229.870981              
*  2025  4 18 18 26   0.00000000                            
PL51  -3340.587986   7500.717489   9118.441811              
VL51  16998.050377  47708.760772 -32641.198744              
*  2025  4 18 18 28   0.00000000                            
PL51  -3126.729198   8059.741811   8712.791292              
VL51  18629.353925  45433.938471 -34949.445777              
*  2025  4 18 18 30   0.00000000                            
PL51  -2893.876236   8590.477377   8280.095521              
VL51  20162.484848  42995.475373 -37147.601563              
*  2025  4 18 18 32   0.00000000                            
PL51  -2643.251627   9091.015952   7821.715872              
VL51  21590.114082  40402.712278 -39229.014195              
*  2025  4 18 18 34   0.00000000                            
PL51  -2376.162896   9559.564846   7339.091298              
VL51  22905.409721  37665.558603 -41187.409146              
*  2025  4 18 18 36   0.00000000                            
PL51  -2093.996419   9994.453488   6833.733690              
VL51  24102.065773  34794.451802 -43016.906756              
*  2025  4 18 18 38   0.00000000                            
PL51  -1798.210960  10394.139516   6307.223049              
VL51  25174.328514  31800.314967 -44712.038397              
*  2025  4 18 18 40   0.00000000                            
PL51  -1490.330892  10757.214338   5761.202455              
VL51  26117.020338  28694.512777 -46267.761270              
*  2025  4 18 18 42   0.00000000                            
PL51  -1171.939153  11082.408163   5197.372880              
VL51  26925.561028  25488.805979 -47679.471821              
*  2025  4 18 18 44   0.00000000                            
PL51   -844.669967  11368.594468   4617.487843              
VL51  27595.986361  22195.304594 -48943.017729              
*  2025  4 18 18 46   0.00000000                            
PL51   -510.201352  11614.793911   4023.347929              
VL51  28124.964010  18826.420032 -50054.708448              
*  2025  4 18 18 48   0.00000000                            
PL51   -170.247454  11820.177648   3416.795194              
VL51  28509.806669  15394.816317 -51011.324282              
*  2025  4 18 18 50   0.00000000                            
PL51    173.449256  11984.070077   2799.707466              
VL51  28748.482385  11913.360648 -51810.123975              
*  2025  4 18 18 52   0.00000000                            
PL51    519.125894  12105.950966   2173.992566              
VL51  28839.622061   8395.073466 -52448.850814              
*  2025  4 18 18 54   0.00000000                            
PL51    865.007149  12185.457002   1541.582464              
VL51  28782.524132   4853.078248 -52925.737239              
*  2025  4 18 18 56   0.00000000                            
PL51   1209.313307  12222.382718    904.427390              
VL51  28577.156418   1300.551256 -53239.507964              
*  2025  4 18 18 58   0.00000000                            
PL51   1550.268282  12216.680828    264.489916              
VL51  28224.155167  -2249.328603 -53389.381643              
*  2025  4 18 19  0   0.00000000                            
PL51   1886.107614  12168.461960   -376.260978              
VL51  27724.821326  -5783.429570 -53375.071072              
*  2025  4 18 19  2   0.00000000                            
PL51   2215.086414  12077.993794  -1015.855822              
VL51  27081.114084  -9288.716320 -53196.781976              
*  2025  4 18 19  4   0.00000000                            
PL51   2535.487207  11945.699611  -1652.330562              
VL51  26295.641734 -12752.298543 -52855.210410              
*  2025  4 18 19  6   0.00000000                            
PL51   2845.627654  11772.156268  -2283.732419              
VL51  25371.649916 -16161.478668 -52351.538796              
*  2025  4 18 19  8   0.00000000                            
PL51   3143.868119  11558.091600  -2908.125695              
VL51  24313.007323 -19503.798541 -51687.430644              
*  2025  4 18 19 10   0.00000000                            
PL51   3428.619046  11304.381278  -3523.597510              
VL51  23124.188925 -22767.084935 -50865.023999              
*  2025  4 18 19 12   0.00000000                            
PL51   3698.348120  11012.045119  -4128.263447              
VL51  21810.256810 -25939.493711 -49886.923632              
*  2025  4 18 19 14   0.00000000                            
PL51   3951.587190  10682.242881  -4720.273104              
VL51  20376.838737 -29009.552509 -48756.192043              
*  2025  4 18 19 16   0.00000000                            
PL51   4186.938913  10316.269553  -5297.815525              
VL51  18830.104482 -31966.201830 -47476.339296              
*  2025  4 18 19 18   0.00000000                            
PL51   4403.083107   9915.550165  -5859.124503              
VL51  17176.740092 -34798.834372 -46051.311751              
*  2025  4 18 19 20   0.00000000                            
PL51   4598.782786   9481.634132  -6402.483746              
VL51  15423.920169 -37497.332519 -44485.479727              
*  2025  4 18 19 22   0.00000000                            
PL51   4772.889841   9016.189162  -6926.231881              
VL51  13579.278273 -40052.103860 -42783.624156              
*  2025  4 18 19 24   0.00000000                            
PL51   4924.350363   8520.994755  -7428.767301              
VL51  11650.875595 -42454.114653 -40950.922278              
*  2025  4 18 19 26   0.00000000                            
PL51   5052.209580   7997.935305  -7908.552826              
VL51   9647.167996 -44694.921143 -38992.932423              
*  2025  4 18 19 28   0.00000000                            
PL51   5155.616388   7448.992844  -8364.120184              
VL51   7576.971557 -46766.698663 -36915.577933              
*  2025  4 18 19 30   0.00000000                            
PL51   5233.827457   6876.239451  -8794.074290              
VL51   5449.426751 -48662.268451 -34725.130270              
*  2025  4 18 19 32   0.00000000                            
PL51   5286.210906   6281.829352  -9197.097314              
VL51   3273.961369 -50375.122116 -32428.191355              
*  2025  4 18 19 34   0.00000000                            
PL51   5312.249518   5667.990737  -9571.952544              
VL51   1060.252338 -51899.443708 -30031.675180              
*  2025  4 18 19 36   0.00000000                            
PL51   5311.543502   5037.017337  -9917.488010              
VL51  -1181.813465 -53230.129353 -27542.788735              
*  2025  4 18 19 38   0.00000000                            
PL51   5283.812768   4391.259768 -10232.639889              
VL51  -3442.179254 -54362.804403 -24969.012282              
*  2025  4 18 19 40   0.00000000                            
PL51   5228.898721   3733.116691 -10516.435655              
VL51  -5710.659111 -55293.838073 -22318.079027              
*  2025  4 18 19 42   0.00000000                            
PL51   5146.765570   3065.025814 -10767.996999              
VL51  -7976.979366 -56020.355548 -19597.954207              
*  2025  4 18 19 44   0.00000000                            
PL51   5037.501121   2389.454757 -10986.542476              
VL51 -10230.820458 -56540.247521 -16816.813634              
*  2025  4 18 19 46   0.00000000                            
PL51   4901.317082   1708.891820 -11171.389906              
VL51 -12461.859152 -56852.177162 -13983.021714              
*  2025  4 18 19 48   0.00000000                            
PL51   4738.548848   1025.836691 -11321.958501              
VL51 -14659.810964 -56955.584493 -11105.108984              
*  2025  4 18 19 50   0.00000000                            
PL51   4549.654783    342.791104 -11437.770723              
VL51 -16814.472693 -56850.688155  -8191.749157              
*  2025  4 18 19 52   0.00000000                            
PL51   4335.214990   -337.750499 -11518.453859              
VL51 -18915.764906 -56538.484569  -5251.735740              
*  2025  4 18 19 54   0.00000000                            
PL51   4095.929571  -1013.310284 -11563.741319              
VL51 -20953.774258 -56020.744469  -2293.958206              
*  2025  4 18 19 56   0.00000000                            
PL51   3832.616381  -1681.436281 -11573.473642              
VL51 -22918.795500 -55300.006807    672.622234              
*  2025  4 18 19 58   0.00000000                            
PL51   3546.208280  -2339.711557 -11547.599208              
VL51 -24801.373047 -54379.570028   3638.997240              
*  2025  4 18 20  0   0.00000000                            
PL51   3237.749893  -2985.763260 -11486.174655              
VL51 -26592.341965 -53263.480701   6596.136315              
*  2025  4 18 20  2   0.00000000                            
PL51   2908.393879  -3617.271517 -11389.364995              
VL51 -28282.868224 -51956.519527   9535.012112              
*  2025  4 18 20  4   0.00000000                            
PL51   2559.396722  -4231.978147 -11257.443421              
VL51 -29864.488078 -50464.184703  12446.626030              
*  2025  4 18 20  6   0.00000000                            
PL51   2192.114057  -4827.695156 -11090.790806              
VL51 -31329.146423 -48792.672674  15322.034095              
*  2025  4 18 20  8   0.00000000                            
PL51   1807.995542  -5402.312992 -10889.894893              
VL51 -32669.233961 -46948.856266  18152.373047              
*  2025  4 18 20 10   0.00000000                            
PL51   1408.579292  -5953.808510 -10655.349171              
VL51 -33877.623027 -44940.260224  20928.886622              
*  2025  4 18 20 12   0.00000000                            
PL51    995.485891  -6480.252643 -10387.851428              
VL51 -34947.701906 -42775.034195  23642.951947              
*  2025  4 18 20 14   0.00000000                            
PL51    570.412004  -6979.817720 -10088.201993              
VL51 -35873.407471 -40461.923172  26286.106003              
*  2025  4 18 20 16   0.00000000                            
PL51    135.123608  -7450.784426  -9757.301662              
VL51 -36649.255986 -38010.235462  28850.072081              
*  2025  4 18 20 18   0.00000000                            
PL51   -308.551137  -7891.548352  -9396.149300              
VL51 -37270.371893 -35429.808229  31326.786161              
*  2025  4 18 20 20   0.00000000                            
PL51   -758.729347  -8300.626126  -9005.839134              
VL51 -37732.514418 -32730.970671  33708.423125              
*  2025  4 18 20 22   0.00000000                            
PL51  -1213.481183  -8676.661084  -8587.557729              
VL51 -38032.101831 -29924.504939  35987.422711              
*  2025  4 18 20 24   0.00000000                            
PL51  -1670.837885  -9018.428461  -8142.580655              
VL51 -38166.233189 -27021.604867  38156.515116              
*  2025  4 18 20 26   0.00000000                            
PL51  -2128.800065  -9324.840072  -7672.268851              
VL51 -38132.707406 -24033.832647  40208.746132              
*  2025  4 18 20 28   0.00000000                            
PL51  -2585.346206  -9594.948463  -7178.064692              
VL51 -37930.039503 -20973.073576  42137.501700              
*  2025  4 18 20 30   0.00000000                            
PL51  -3038.441333  -9827.950508  -6661.487758              
VL51 -37557.473869 -17851.489019  43936.531780              
*  2025  4 18 20 32   0.00000000                            
PL51  -3486.045833 -10023.190431  -6124.130331              
VL51 -37014.994435 -14681.467763  45599.973387              
*  2025  4 18 20 34   0.00000000                            
PL51  -3926.124374 -10180.162237  -5567.652615              
VL51 -36303.331604 -11475.575932  47122.372695              
*  2025  4 18 20 36   0.00000000                            
PL51  -4356.654887 -10298.511532  -4993.777702              
VL51 -35423.965845  -8246.505678  48498.706058              
*  2025  4 18 20 38   0.00000000                            
PL51  -4775.637573 -10378.036722  -4404.286282              
VL51 -34379.127868  -5007.022853  49724.399833              
*  2025  4 18 20 40   0.00000000                            
PL51  -5181.103885 -10418.689581  -3801.011140              
VL51 -33171.795279  -1769.913897  50795.348866              
*  2025  4 18 20 42   0.00000000                            
PL51  -5571.125459 -10420.575176  -3185.831424              
VL51 -31805.685690   1452.067804  51707.933520              
*  2025  4 18 20 44   0.00000000                            
PL51  -5943.822931 -10383.951148  -2560.666727              
VL51 -30285.246237   4646.255838  52459.035115              
*  2025  4 18 20 46   0.00000000                            
PL51  -6297.374611 -10309.226339  -1927.470990              
VL51 -28615.639494   7800.124687  53046.049670              
*  2025  4 18 20 48   0.00000000                            
PL51  -6630.024964 -10196.958789  -1288.226253              
VL51 -26802.725819  10901.343364  53466.899838              
*  2025  4 18 20 50   0.00000000                            
PL51  -6940.092866 -10047.853073   -644.936276              
VL51 -24853.042156  13937.828484  53720.044923              
*  2025  4 18 20 52   0.00000000                            
PL51  -7225.979570  -9862.757020      0.379958              
VL51 -22773.777360  16897.796478  53804.488905              
*  2025  4 18 20 54   0.00000000                            
PL51  -7486.176370  -9642.657810    645.694809              
VL51 -20572.744162  19769.814649  53719.786392              
*  2025  4 18 20 56   0.00000000                            
PL51  -7719.271902  -9388.677456   1288.978619              
VL51 -18258.347856  22542.850786  53466.046436              
*  2025  4 18 20 58   0.00000000                            
PL51  -7923.959049  -9102.067719   1928.206372              
VL51 -15839.551883  25206.321060  53043.934161              
*  2025  4 18 21  0   0.00000000                            
PL51  -8099.041420  -8784.204443   2561.364370              
VL51 -13325.840463  27750.135900  52454.670184              
*  2025  4 18 21  2   0.00000000                            
PL51  -8243.439357  -8436.581363   3186.456882              
VL51 -10727.178461  30164.743610  51700.027800              
*  2025  4 18 21  4   0.00000000                            
PL51  -8356.195456  -8060.803398   3801.512747              
VL51  -8053.968710  32441.171452  50782.327939              
*  2025  4 18 21  6   0.00000000                            
PL51  -8436.479548  -7658.579475   4404.591909              
VL51  -5317.007003  34571.063979  49704.431914              
*  2025  4 18 21  8   0.00000000                            
PL51  -8483.593138  -7231.714905   4993.791840              
VL51  -2527.435007  36546.718386  48469.731986              
*  2025  4 18 21 10   0.00000000                            
PL51  -8496.973263  -6782.103352   5567.253851              
VL51    303.308653  38361.116688  47082.139797              
*  2025  4 18 21 12   0.00000000                            
PL51  -8476.195752  -6311.718443   6123.169242              
VL51   3163.538855  40007.954553  45546.072739              
*  2025  4 18 21 14   0.00000000                            
PL51  -8420.977877  -5822.605046   6659.785276              
VL51   6041.375733  41481.666638  43866.438321              
*  2025  4 18 21 16   0.00000000                            
PL51  -8331.180375  -5316.870268   7175.410963              
VL51   8924.797411  42777.448305  42048.616644              
*  2025  4 18 21 18   0.00000000                            
PL51  -8206.808828  -4796.674217   7668.422614              
VL51  11801.693457  43891.273611  40098.441061              
*  2025  4 18 21 20   0.00000000                            
PL51  -8048.014408  -4264.220565   8137.269152              
VL51  14659.918747  44819.909510  38022.177156              
*  2025  4 18 21 22   0.00000000                            
PL51  -7855.093964  -3721.746972   8580.477172              
VL51  17487.347473  45560.926218  35826.500146              
*  2025  4 18 21 24   0.00000000                            
PL51  -7628.489472  -3171.515400   8996.655708              
VL51  20271.927004  46112.703714  33518.470838              
*  2025  4 18 21 26   0.00000000                            
PL51  -7368.786830  -2615.802378   9384.500712              
VL51  23001.731334  46474.434399  31105.510265              
*  2025  4 18 21 28   0.00000000                            
PL51  -7076.714026  -2056.889254   9742.799217              
VL51  25665.013844  46646.121915  28595.373136              
*  2025  4 18 21 30   0.00000000                            
PL51  -6753.138672  -1497.052490  10070.433177              
VL51  28250.259129  46628.576201  25996.120232              
*  2025  4 18 21 32   0.00000000                            
PL51  -6399.064921   -938.554032  10366.382969              
VL51  30746.233626  46423.404829  23316.089893              
*  2025  4 18 21 34   0.00000000                            
PL51  -6015.629795   -383.631807  10629.730550              
VL51  33142.034835  46033.000741  20563.868720              
*  2025  4 18 21 36   0.00000000                            
PL51  -5604.098917    165.509605  10859.662257              
VL51  35427.138881  45460.526471  17748.261638              
*  2025  4 18 21 38   0.00000000                            
PL51  -5165.861697    706.708102  11055.471243              
VL51  37591.446242  44709.895005  14878.261453              
*  2025  4 18 21 40   0.00000000                            
PL51  -4702.425974   1237.852927  11216.559549              
VL51  39625.325426  43785.747401  11963.018023              
*  2025  4 18 21 42   0.00000000                            
PL51  -4215.412147   1756.893260  11342.439799              
VL51  41519.654440  42693.427335   9011.807170              
*  2025  4 18 21 44   0.00000000                            
PL51  -3706.546825   2261.846479  11432.736530              
VL51  43265.859878  41438.952732   6033.999456              
*  2025  4 18 21 46   0.00000000                            
PL51  -3177.656025   2750.806070  11487.187135              
VL51  44855.953482  40028.984658   3039.028933              
*  2025  4 18 21 48   0.00000000                            
PL51  -2630.657938   3221.949142  11505.642443              
VL51  46282.566041  38470.793648     36.361976              
*  2025  4 18 21 50   0.00000000                            
PL51  -2067.555316   3673.543530  11488.066916              
VL51  47538.978504  36772.223676  -2964.533679              
*  2025  4 18 21 52   0.00000000                            
PL51  -1490.427496   4103.954444  11434.538484              
VL51  48619.150215  34941.653937  -5954.219602              
*  2025  4 18 21 54   0.00000000                            
PL51   -901.422104   4511.650661  11345.248014              
VL51  49517.744167  32987.958676  -8923.316933              
*  2025  4 18 21 56   0.00000000                            
PL51   -302.746476   4895.210204  11220.498408              
VL51  50230.149201  30920.465247 -11862.536162              
*  2025  4 18 21 58   0.00000000                            
PL51    303.341169   5253.325532  11060.703363              
VL51  50752.499108  28748.910614 -14762.706321              
*  2025  4 18 22  0   0.00000000                            
PL51    914.540772   5584.808177  10866.385771              
VL51  51081.688562  26483.396519 -17614.803534              
*  2025  4 18 22  2   0.00000000                            
PL51   1528.519636   5888.592855  10638.175792              
VL51  51215.385865  24134.343503 -20409.978824              
*  2025  4 18 22  4   0.00000000                            
PL51   2142.921778   6163.741004  10376.808585              
VL51  51152.042474  21712.444007 -23139.585137              
*  2025  4 18 22  6   0.00000000                            
PL51   2755.377364   6409.443767  10083.121733              
VL51  50890.899302  19228.614749 -25795.203482              
*  2025  4 18 22  8   0.00000000                            
PL51   3363.512203   6625.024392   9758.052351              
VL51  50431.989772  16693.948588 -28368.668159              
*  2025  4 18 22 10   0.00000000                            
PL51   3964.957263   6809.940055   9402.633901              
VL51  49776.139666  14119.666075 -30852.090988              
*  2025  4 18 22 12   0.00000000                            
PL51   4557.358160   6963.783105   9017.992723              
VL51  48924.963755  11517.066902 -33237.884494              
*  2025  4 18 22 14   0.00000000                            
PL51   5138.384588   7086.281716   8605.344291              
VL51  47880.859266   8897.481435 -35518.783986              
*  2025  4 18 22 16   0.00000000                            
PL51   5705.739658   7177.299972   8165.989211              
VL51  46646.996222   6272.222545 -37687.868484              
*  2025  4 18 22 18   0.00000000                            
PL51   6257.169094   7236.837367   7701.308983              
VL51  45227.304708   3652.537915 -39738.580440              
*  2025  4 18 22 20   0.00000000                            
PL51   6790.470267   7265.027740   7212.761521              
VL51  43626.459131   1049.563021 -41664.744199              
*  2025  4 18 22 22   0.00000000                            
PL51   7303.501013   7262.137652   6701.876470              
VL51  41849.859553  -1525.725020 -43460.583175              
*  2025  4 18 22 24   0.00000000                            
PL51   7794.188216   7228.564213   6170.250320              
VL51  39903.610186  -4062.552570 -45120.735677              
*  2025  4 18 22 26   0.00000000                            
PL51   8260.536116   7164.832374   5619.541340              
VL51  37794.495149  -6550.393367 -46640.269359              
*  2025  4 18 22 28   0.00000000                            
PL51   8700.634309   7071.591707   5051.464343              
VL51  35529.951611  -8979.011024 -48014.694268              
*  2025  4 18 22 30   0.00000000                            
PL51   9112.665411   6949.612672   4467.785309              
VL51  33118.040430 -11338.499983 -49239.974448              
*  2025  4 18 22 32   0.00000000                            
PL51   9494.912352   6799.782417   3870.315876              
VL51  30567.414436 -13619.324749 -50312.538104              
*  2025  4 18 22 34   0.00000000                            
PL51   9845.765277   6623.100105   3260.907711              
VL51  27887.284492 -15812.357282 -51229.286284              
*  2025  4 18 22 36   0.00000000                            
PL51  10163.728035   6420.671814   2641.446797              
VL51  25087.383488 -17908.912390 -51987.600096              
*  2025  4 18 22 38   0.00000000                            
PL51  10447.424209   6193.705020   2013.847634              
VL51  22177.928425 -19900.781001 -52585.346431              
*  2025  4 18 22 40   0.00000000                            
PL51  10695.602695   5943.502694   1380.047380              
VL51  19169.580751 -21780.261219 -53020.882216              
*  2025  4 18 22 42   0.00000000                            
PL51  10907.142789   5671.457043    741.999958              
VL51  16073.405114 -23540.187031 -53293.057183              
*  2025  4 18 22 44   0.00000000                            
PL51  11081.058766   5379.042916    101.670130              
VL51  12900.826739 -25173.954585 -53401.215183              
*  2025  4 18 22 46   0.00000000                            
PL51  11216.503951   5067.810918   -538.972435              
VL51   9663.587558 -26675.545972 -53345.194061              
*  2025  4 18 22 48   0.00000000                            
PL51  11312.774248   4739.380244  -1177.959079              
VL51   6373.701312 -28039.550423 -53125.324112              
*  2025  4 18 22 50   0.00000000                            
PL51  11369.311128   4395.431282  -1813.328045              
VL51   3043.407785 -29261.182879 -52742.425153              
*  2025  4 18 22 52   0.00000000                            
PL51  11385.704064   4037.698004  -2443.130335              
VL51   -314.873652 -30336.299893 -52197.802246              
*  2025  4 18 22 54   0.00000000                            
PL51  11361.692403   3667.960190  -3065.435491              
VL51  -3688.591006 -31261.412824 -51493.240089              
*  2025  4 18 22 56   0.00000000                            
PL51  11297.166677   3288.035497  -3678.337320              
VL51  -7065.106962 -32033.698303 -50630.996137              
*  2025  4 18 22 58   0.00000000                            
PL51  11192.169339   2899.771434  -4279.959511              
VL51 -10431.746341 -32651.005973 -49613.792479              
*  2025  4 18 23  0   0.00000000                            
PL51  11046.894936   2505.037247  -4868.461163              
VL51 -13775.843557 -33111.863479 -48444.806514              
*  2025  4 18 23  2   0.00000000                            
PL51  10861.689705   2105.715772  -5442.042182              
VL51 -17084.789881 -33415.478743 -47127.660482              
*  2025  4 18 23  4   0.00000000                            
PL51  10637.050615   1703.695268  -5998.948552              
VL51 -20346.080368 -33561.739534 -45666.409886              
*  2025  4 18 23  6   0.00000000                            
PL51  10373.623838   1300.861275  -6537.477463              
VL51 -23547.360283 -33551.210363 -44065.530874              
*  2025  4 18 23  8   0.00000000                            
PL51  10072.202670    899.088528  -7055.982272              
VL51 -26676.470870 -33385.126756 -42329.906622              
*  2025  4 18 23 10   0.00000000                            
PL51   9733.724915    500.232948  -7552.877305              
VL51 -29721.494323 -33065.386945 -40464.812773              
*  2025  4 18 23 12   0.00000000                            
PL51   9359.269721    106.123755  -8026.642474              
VL51 -32670.797829 -32594.541040 -38475.901989              
*  2025  4 18 23 14   0.00000000                            
PL51   8950.053906   -281.444280  -8475.827703              
VL51 -35513.076550 -31975.777752 -36369.187658              
*  2025  4 18 23 16   0.00000000                            
PL51   8507.427768   -660.718404  -8899.057159              
VL51 -38237.395435 -31212.908730 -34151.026807              
*  2025  4 18 23 18   0.00000000                            
PL51   8032.870404  -1029.995251  -9295.033261              
VL51 -40833.229720 -30310.350584 -31828.102265              
*  2025  4 18 23 20   0.00000000                            
PL51   7527.984549  -1387.627987  -9662.540490              
VL51 -43290.504032 -29273.104687 -29407.404115              
*  2025  4 18 23 22   0.00000000                            
PL51   6994.490959  -1732.033190 -10000.448952              
VL51 -45599.629994 -28106.734816 -26896.210472              
*  2025  4 18 23 24   0.00000000                            
PL51   6434.222347  -2061.697460 -10307.717720              
VL51 -47751.542202 -26817.342741 -24302.067623              
*  2025  4 18 23 26   0.00000000                            
PL51   5849.116900  -2375.183711 -10583.397932              
VL51 -49737.732513 -25411.541836 -21632.769575              
*  2025  4 18 23 28   0.00000000                            
PL51   5241.211398  -2671.137149 -10826.635633              
VL51 -51550.282528 -23896.428807 -18896.337017              
*  2025  4 18 23 30   0.00000000                            
PL51   4612.633947  -2948.290891 -11036.674369              
VL51 -53181.894197 -22279.553636 -16100.995755              
*  2025  4 18 23 32   0.00000000                            
PL51   3965.596365  -3205.471215 -11212.857517              
VL51 -54625.918456 -20568.887826 -13255.154613              
*  2025  4 18 23 34   0.00000000                            
PL51   3302.386229  -3441.602421 -11354.630345              
VL51 -55876.381801 -18772.791065 -10367.382849              
*  2025  4 18 23 36   0.00000000                            
PL51   2625.358623  -3655.711280 -11461.541800              
VL51 -56928.010738 -16899.976384  -7446.387081              
*  2025  4 18 23 38   0.00000000                            
PL51   1936.927600  -3846.931059 -11533.246014              
VL51 -57776.253995 -14959.473931  -4500.987775              
*  2025  4 18 23 40   0.00000000                            
PL51   1239.557394  -4014.505103 -11569.503530              
VL51 -58417.302436 -12960.593458  -1540.095291              
*  2025  4 18 23 42   0.00000000                            
PL51    535.753409  -4157.789958 -11570.182231              
VL51 -58848.106576 -10912.885639   1427.314472              
*  2025  4 18 23 44   0.00000000                            
PL51   -171.946995  -4276.258027 -11535.257982              
VL51 -59066.391637  -8826.102322   4392.224803              
*  2025  4 18 23 46   0.00000000                            
PL51   -880.983870  -4369.499738 -11464.814967              
VL51 -59070.670041  -6710.155853   7345.603259              
*  2025  4 18 23 48   0.00000000                            
PL51  -1588.784193  -4437.225222 -11359.045729              
VL51 -58860.251286  -4575.077573  10278.427062              
*  2025  4 18 23 50   0.00000000                            
PL51  -2292.771472  -4479.265492 -11218.250895              
VL51 -58435.249120  -2430.975639  13181.708777              
*  2025  4 18 23 52   0.00000000                            
PL51  -2990.375431  -4495.573105 -11042.838603              
VL51 -57796.585942   -287.992284  16046.522239              
*  2025  4 18 23 54   0.00000000                            
PL51  -3679.041725  -4486.222313 -10833.323605              
VL51 -56945.994358   1843.739337  18864.028696              
*  2025  4 18 23 56   0.00000000                            
PL51  -4356.241653  -4451.408696 -10590.326061              
VL51 -55886.015817   3954.138565  21625.503099              
*  2025  4 18 23 58   0.00000000                            
PL51  -5019.481845  -4391.448267 -10314.570019              
VL51 -54619.996276   6033.220777  24322.360522              
*  2025  4 19  0  0   0.00000000                            
PL51  -5666.313780  -4306.776191 -10006.881573              
VL51 -53152.078992   8071.139685  26946.182609              
*  2025  4 19  0  2   0.00000000                            
PL51  -6294.343764  -4197.944216  -9668.186705              
VL51 -51487.193147  10058.236573  29488.744019              
*  2025  4 19  0  4   0.00000000                            
PL51  -6901.241353  -4065.619466  -9299.508813              
VL51 -49631.041988  11985.071487  31942.038755              
*  2025  4 19  0  6   0.00000000                            
PL51  -7484.749457  -3910.580252  -8901.965916              
VL51 -47590.084297  13842.477131  34298.306321              
*  2025  4 19  0  8   0.00000000                            
PL51  -8042.692845  -3733.713207  -8476.767561              
VL51 -45371.515252  15621.594791  36550.057587              
*  2025  4 19  0 10   0.00000000                            
PL51  -8572.986928  -3536.009208  -8025.211406              
VL51 -42983.243073  17313.916103  38690.100282              
*  2025  4 19  0 12   0.00000000                            
PL51  -9073.646166  -3318.558931  -7548.679510              
VL51 -40433.862646  18911.322584  40711.563994              
*  2025  4 19  0 14   0.00000000                            
PL51  -9542.792131  -3082.547943  -7048.634325              
VL51 -37732.625983  20406.123803  42607.924569              
*  2025  4 19  0 16   0.00000000                            
PL51  -9978.661199  -2829.251345  -6526.614395              
VL51 -34889.409570  21791.094022  44373.027786              
*  2025  4 19  0 18   0.00000000                            
PL51 -10379.611836  -2560.027981  -5984.229781              
VL51 -31914.678678  23059.507085  46001.112186              
*  2025  4 19  0 20   0.00000000                            
PL51 -10744.131429  -2276.314248  -5423.157215              
VL51 -28819.448704  24205.169352  47486.830926              
*  2025  4 19  0 22   0.00000000                            
PL51 -11070.842648  -1979.617515  -4845.135000              
VL51 -25615.243679  25222.450488  48825.272524              
*  2025  4 19  0 24   0.00000000                            
PL51 -11358.509280  -1671.509194  -4251.957664              
VL51 -22314.052062  26106.311902  50011.980373              
*  2025  4 19  0 26   0.00000000                            
PL51 -11606.041530  -1353.617475  -3645.470396              
VL51 -18928.279987  26852.332651  51042.970885              
*  2025  4 19  0 28   0.00000000                            
PL51 -11812.500738  -1027.619778  -3027.563265              
VL51 -15470.702136  27456.732625  51914.750147              
*  2025  4 19  0 30   0.00000000                            
PL51 -11977.103494   -695.234939  -2400.165253              
VL51 -11954.410460  27916.392858  52624.328951              
*  2025  4 19  0 32   0.00000000                            
PL51 -12099.225132   -358.215161  -1765.238116              
VL51  -8392.760958  28228.872787  53169.236094              
*  2025  4 19  0 34   0.00000000                            
PL51 -12178.402568    -18.337797  -1124.770101              
VL51  -4799.318784  28392.424349  53547.529839              
*  2025  4 19  0 36   0.00000000                            
PL51 -12214.336473    322.603037   -480.769526              
VL51  -1187.801945  28406.002771  53757.807435              
*  2025  4 19  0 38   0.00000000                            
PL51 -12206.892765    662.804945    164.741726              
VL51   2427.976134  28269.273972  53799.212613              
*  2025  4 19  0 40   0.00000000                            
PL51 -12156.103406   1000.465809    809.734807              
VL51   6034.164857  27982.618493  53671.440997              
*  2025  4 19  0 42   0.00000000                            
PL51 -12062.166492   1333.792369   1452.180544              
VL51   9616.935227  27547.131896  53374.743357              
*  2025  4 19  0 44   0.00000000                            
PL51 -11925.445644   1661.008785   2090.056110              
VL51  13162.538810  26964.621613  52909.926678              
*  2025  4 19  0 46   0.00000000                            
PL51 -11746.468688   1980.365148   2721.351695              
VL51  16657.366575  26237.600214  52278.353004              
*  2025  4 19  0 48   0.00000000                            
PL51 -11525.925627   2290.145882   3344.077148              
VL51  20088.007280  25369.275139  51481.936052              
*  2025  4 19  0 50   0.00000000                            
PL51 -11264.665924   2588.677999   3956.268566              
VL51  23441.305086  24363.534907  50523.135594              
*  2025  4 19  0 52   0.00000000                            
PL51 -10963.695097   2874.339179   4555.994802              
VL51  26704.416057  23224.931890  49404.949631              
*  2025  4 19  0 54   0.00000000                            
PL51 -10624.170646   3145.565609   5141.363864              
VL51  29864.863259  21958.661728  48130.904401              
*  2025  4 19  0 56   0.00000000                            
PL51 -10247.397319   3400.859568   5710.529185              
VL51  32910.590135  20570.539505  46705.042270              
*  2025  4 19  0 58   0.00000000                            
PL51  -9834.821768   3638.796698   6261.695735              
VL51  35830.011868  19066.972816  45131.907567              
*  2025  4 19  1  0   0.00000000                            
PL51  -9388.026581   3858.032942   6793.125947              
VL51  38612.064474  17454.931883  43416.530462              
*  2025  4 19  1  2   0.00000000                            
PL51  -8908.723759   4057.311095   7303.145441              
VL51  41246.251363  15741.916891  41564.408968              
*  2025  4 19  1  4   0.00000000                            
PL51  -8398.747634   4235.466962   7790.148523              
VL51  43722.687133  13935.922725  39581.489161              
*  2025  4 19  1  6   0.00000000                            
PL51  -7860.047291   4391.435068   8252.603435              
VL51  46032.138398  12045.401315  37474.143749              
*  2025  4 19  1  8   0.00000000                            
PL51  -7294.678515   4524.253903   8689.057336              
VL51  48166.061441  10079.221805  35249.149083              
*  2025  4 19  1 10   0.00000000                            
PL51  -6704.795302   4633.070684   9098.141002              
VL51  50116.636547   8046.628755  32913.660749              
*  2025  4 19  1 12   0.00000000                            
PL51  -6092.640986   4717.145597   9478.573222              
VL51  51876.798842   5957.198624  30475.187865              
*  2025  4 19  1 14   0.00000000                            
PL51  -5460.539013   4775.855514   9829.164885              
VL51  53440.265532   3820.794766  27941.566212              
*  2025  4 19  1 16   0.00000000                            
PL51  -4810.883407   4808.697157  10148.822728              
VL51  54801.559445   1647.521188  25320.930347              
*  2025  4 19  1 18   0.00000000                            
PL51  -4146.128989   4815.289704  10436.552752              
VL51  55956.028783   -552.324685  22621.684842              
*  2025  4 19  1 20   0.00000000                            
PL51  -3468.781363   4795.376823  10691.463286              
VL51  56899.863065  -2768.299981  19852.474775              
*  2025  4 19  1 22   0.00000000                            
PL51  -2781.386751   4748.828128  10912.767693              
VL51  57630.105220  -4989.864858  17022.155642              
*  2025  4 19  1 24   0.00000000                            
PL51  -2086.521695   4675.640049  11099.786713              
VL51  58144.659843  -7206.431218  14139.762796              
*  2025  4 19  1 26   0.00000000                            
PL51  -1386.782689   4575.936118  11251.950434              
VL51  58442.297645  -9407.411457  11214.480562              
*  2025  4 19  1 28   0.00000000                            
PL51   -684.775776   4449.966674  11368.799892              
VL51  58522.656122 -11582.266982   8255.611144              
*  2025  4 19  1 30   0.00000000                            
PL51     16.893839   4298.107983  11449.988306              
VL51  58386.236519 -13720.556313   5272.543433              
*  2025  4 19  1 32   0.00000000                            
PL51    715.632116   4120.860788  11495.281921              
VL51  58034.397152 -15811.982529   2274.721834              
*  2025  4 19  1 34   0.00000000                            
PL51   1408.866409   3918.848297  11504.560494              
VL51  57469.343166 -17846.439854   -728.384793              
*  2025  4 19  1 36   0.00000000                            
PL51   2094.055546   3692.813609  11477.817403              
VL51  56694.112837 -19814.059202  -3727.313969              
*  2025  4 19  1 38   0.00000000                            
PL51   2768.699731   3443.616611  11415.159383              
VL51  55712.560503 -21705.252460  -6712.640119              
*  2025  4 19  1 40   0.00000000                            
PL51   3430.350215   3172.230348  11316.805902              
VL51  54529.336267 -23510.755360  -9675.004695              
*  2025  4 19  1 42   0.00000000                            
PL51   4076.618711   2879.736883  11183.088182              
VL51  53149.862571 -25221.668730 -12605.145791              
*  2025  4 19  1 44   0.00000000                            
PL51   4705.186504   2567.322682  11014.447862              
VL51  51580.307801 -26829.497995 -15493.927194              
*  2025  4 19  1 46   0.00000000                            
PL51   5313.813230   2236.273529  10811.435321              
VL51  49827.557048 -28326.190741 -18332.366762              
*  2025  4 19  1 48   0.00000000                            
PL51   5900.345289   1887.969005  10574.707656              
VL51  47899.180195 -29704.172220 -21111.664078              
*  2025  4 19  1 50   0.00000000                            
PL51   6462.723856   1523.876556  10305.026349              
VL51  45803.397472 -30956.378645 -23823.227284              
*  2025  4 19  1 52   0.00000000                            
PL51   6998.992470   1145.545170  10003.254599              
VL51  43549.042669 -32076.288164 -26458.699039              
*  2025  4 19  1 54   0.00000000                            
PL51   7507.304161    754.598702   9670.354364              
VL51  41145.524149 -33057.949382 -29009.981541              
*  2025  4 19  1 56   0.00000000                            
PL51   7985.928103    352.728870   9307.383094              
VL51  38602.783876 -33896.007345 -31469.260525              
*  2025  4 19  1 58   0.00000000                            
PL51   8433.255764    -58.312046   8915.490196              
VL51  35931.254604 -34585.726882 -33829.028209              
*  2025  4 19  2  0   0.00000000                            
PL51   8847.806526   -476.718765   8495.913221              
VL51  33141.815444 -35123.013223 -36082.105103              
*  2025  4 19  2  2   0.00000000                            
PL51   9228.232771   -900.640804   8049.973802              
VL51  30245.745989 -35504.429841 -38221.660646              
*  2025  4 19  2  4   0.00000000                            
PL51   9573.324404  -1328.190466   7579.073346              
VL51  27254.679197 -35727.213432 -40241.232611              
*  2025  4 19  2  6   0.00000000                            
PL51   9882.012805  -1757.450998   7084.688504              
VL51  24180.553229 -35789.286017 -42134.745242              
*  2025  4 19  2  8   0.00000000                            
PL51  10153.374198  -2186.484867   6568.366435              
VL51  21035.562443 -35689.264115 -43896.526073              
*  2025  4 19  2 10   0.00000000                            
PL51  10386.632431  -2613.342141   6031.719870              
VL51  17832.107758 -35426.464969 -45521.321393              
*  2025  4 19  2 12   0.00000000                            
PL51  10581.161148  -3036.068916   5476.421998              
VL51  14582.746571 -35000.909828 -47004.310337              
*  2025  4 19  2 14   0.00000000                            
PL51  10736.485372  -3452.715768   4904.201201              
VL51  11300.142450 -34413.324266 -48341.117549              
*  2025  4 19  2 16   0.00000000                            
PL51  10852.282474  -3861.346198   4316.835631              
VL51   7997.014795 -33665.135582 -49527.824419              
*  2025  4 19  2 18   0.00000000                            
PL51  10928.382541  -4260.045017   3716.147678              
VL51   4686.088676 -32758.467289 -50560.978865              
*  2025  4 19  2 20   0.00000000                            
PL51  10964.768147  -4646.926654   3103.998311              
VL51   1380.045031 -31696.130741 -51437.603635              
*  2025  4 19  2 22   0.00000000                            
PL51  10961.573523  -5020.143349   2482.281346              
VL51  -1908.528554 -30481.613952 -52155.203148              
*  2025  4 19  2 24   0.00000000                            
PL51  10919.083151  -5377.893187   1852.917625              
VL51  -5167.186318 -29119.067677 -52711.768834              
*  2025  4 19  2 26   0.00000000                            
PL51  10837.729772  -5718.427961   1217.849154              
VL51  -8383.671859 -27613.288806 -53105.783013              
*  2025  4 19  2 28   0.00000000                            
PL51  10718.091836  -6040.060804    579.033191              
VL51 -11545.964539 -25969.701199 -53336.221286              
*  2025  4 19  2 30   0.00000000                            
PL51  10560.890398  -6341.173594    -61.563679              
VL51 -14642.324596 -24194.334026 -53402.553486              
*  2025  4 19  2 32   0.00000000                            
PL51  10366.985486  -6620.224070   -701.971469              
VL51 -17661.336799 -22293.797732 -53304.743181              
*  2025  4 19  2 34   0.00000000                            
PL51  10137.371955  -6875.752654  -1340.222714              
VL51 -20591.952501 -20275.257740 -53043.245767              
*  2025  4 19  2 36   0.00000000                            
PL51   9873.174838  -7106.388941  -1974.358343              
VL51 -23423.529926 -18146.406016 -52619.005192              
*  2025  4 19  2 38   0.00000000                            
PL51   9575.644239  -7310.857839  -2602.433526              
VL51 -26145.872583 -15915.430618 -52033.449313              
*  2025  4 19  2 40   0.00000000                            
PL51   9246.149762  -7487.985328  -3222.523438              
VL51 -28749.265664 -13590.983368 -51288.483967              
*  2025  4 19  2 42   0.00000000                            
PL51   8886.174529  -7636.703822  -3832.728960              
VL51 -31224.510332 -11182.145776 -50386.485756              
*  2025  4 19  2 44   0.00000000                            
PL51   8497.308787  -7756.057115  -4431.182273              
VL51 -33562.955791  -8698.393361 -49330.293621              
*  2025  4 19  2 46   0.00000000                            
PL51   8081.243158  -7845.204885  -5016.052352              
VL51 -35756.529044  -6149.558519 -48123.199228              
*  2025  4 19  2 48   0.00000000                            
PL51   7639.761532  -7903.426750  -5585.550335              
VL51 -37797.762276  -3545.792062 -46768.936228              
*  2025  4 19  2 50   0.00000000                            
PL51   7174.733659  -7930.125848  -6137.934759              
VL51 -39679.817785   -897.523601 -45271.668423              
*  2025  4 19  2 52   0.00000000                            
PL51   6688.107445  -7924.831945  -6671.516641              
VL51 -41396.510394   1784.579106 -43635.976910              
*  2025  4 19  2 54   0.00000000                            
PL51   6181.901002  -7887.204041  -7184.664408              
VL51 -42942.327321   4489.651668 -41866.846227              
*  2025  4 19  2 56   0.00000000                            
PL51   5658.194476  -7817.032477  -7675.808648              
VL51 -44312.445446   7206.675312 -39969.649573              
*  2025  4 19  2 58   0.00000000                            
PL51   5119.121675  -7714.240532  -8143.446682              
VL51 -45502.745962   9924.519713 -37950.133145              
*  2025  4 19  3  0   0.00000000                            
PL51   4566.861548  -7578.885502  -8586.146941              
VL51 -46509.826391  12631.986258 -35814.399632              
*  2025  4 19  3  2   0.00000000                            
PL51   4003.629525  -7411.159259  -9002.553140              
VL51 -47331.009958  15317.851627 -33568.890938              
*  2025  4 19  3  4   0.00000000                            
PL51   3431.668770  -7211.388282  -9391.388245              
VL51 -47964.352326  17970.911522 -31220.370144              
*  2025  4 19  3  6   0.00000000                            
PL51   2853.241361  -6980.033173  -9751.458210              
VL51 -48408.645683  20580.024430 -28775.902782              
*  2025  4 19  3  8   0.00000000                            
PL51   2270.619444  -6717.687632 -10081.655494              
VL51 -48663.420217  23134.155279 -26242.837440              
*  2025  4 19  3 10   0.00000000                            
PL51   1686.076378  -6425.076928 -10380.962339              
VL51 -48728.942982  25622.418870 -23628.785733              
*  2025  4 19  3 12   0.00000000                            
PL51   1101.877914  -6103.055836 -10648.453801              
VL51 -48606.214176  28034.122930 -20941.601683              
*  2025  4 19  3 14   0.00000000                            
PL51    520.273430  -5752.606067 -10883.300533              
VL51 -48296.960860  30358.810683 -18189.360532              
*  2025  4 19  3 16   0.00000000                            
PL51    -56.512738  -5374.833191 -11084.771308              
VL51 -47803.628159  32586.302796 -15380.337012              
*  2025  4 19  3 18   0.00000000                            
PL51   -626.289846  -4970.963059 -11252.235285              
VL51 -47129.367953  34706.738584 -12522.983119              
*  2025  4 19  3 20   0.00000000                            
PL51  -1186.909150  -4542.337736 -11385.163996              
VL51 -46278.025131  36710.616336  -9625.905384              
*  2025  4 19  3 22   0.00000000                            
PL51  -1736.272120  -4090.410957 -11483.133062              
VL51 -45254.121414  38588.832662  -6697.841698              
*  2025  4 19  3 24   0.00000000                            
PL51  -2272.338457  -3616.743114 -11545.823629              
VL51 -44062.836817  40332.720705  -3747.637689              
*  2025  4 19  3 26   0.00000000                            
PL51  -2793.133870  -3122.995800 -11573.023519              
VL51 -42709.988776  41934.087116   -784.222679              
*  2025  4 19  3 28   0.00000000                            
PL51  -3296.757584  -2610.925905 -11564.628083              
VL51 -41202.008998  43385.247654   2183.414747              
*  2025  4 19  3 30   0.00000000                            
PL51  -3781.389568  -2082.379306 -11520.640769              
VL51 -39545.918088  44679.061280   5146.251541              
*  2025  4 19  3 32   0.00000000                            
PL51  -4245.297432  -1539.284150 -11441.173382              
VL51 -37749.297998  45808.962615   8095.255342              
*  2025  4 19  3 34   0.00000000                            
PL51  -4686.842992   -983.643759 -11326.446044              
VL51 -35820.262371  46768.992639  11021.409931              
*  2025  4 19  3 36   0.00000000                            
PL51  -5104.488461   -417.529182 -11176.786848              
VL51 -33767.424835  47553.827477  13915.740970              
*  2025  4 19  3 38   0.00000000                            
PL51  -5496.802244    156.928594 -10992.631194              
VL51 -31599.865322  48158.805158  16769.341984              
*  2025  4 19  3 40   0.00000000                            
PL51  -5862.464332    737.546731 -10774.520825              
VL51 -29327.094492  48579.950189  19573.400544              
*  2025  4 19  3 42   0.00000000                            
PL51  -6200.271236   1322.098917 -10523.102537              
VL51 -26959.016334  48813.995825  22319.224605              
*  2025  4 19  3 44   0.00000000                            
PL51  -6509.140486   1908.323994 -10239.126574              
VL51 -24505.889048  48858.403872  24998.268943              
*  2025  4 19  3 46   0.00000000                            
PL51  -6788.114628   2493.934802  -9923.444713              
VL51 -21978.284298  48711.381907  27602.161628              
*  2025  4 19  3 48   0.00000000                            
PL51  -7036.364741   3076.627220  -9577.008017              
VL51 -19387.044955  48371.897758  30122.730467              
*  2025  4 19  3 50   0.00000000                            
PL51  -7253.193426   3654.089366  -9200.864291              
VL51 -16743.241444  47839.691115  32552.029315              
*  2025  4 19  3 52   0.00000000                            
PL51  -7438.037273   4224.010905  -8796.155202              
VL51 -14058.126839  47115.282152  34882.364196              
*  2025  4 19  3 54   0.00000000                            
PL51  -7590.468773   4784.092459  -8364.113105              
VL51 -11343.090858  46199.977027  37106.319100              
*  2025  4 19  3 56   0.00000000                            
PL51  -7710.197681   5332.055052  -7906.057552              
VL51  -8609.612907  45095.870171  39216.781375              
*  2025  4 19  3 58   0.00000000                            
PL51  -7797.071802   5865.649568  -7423.391501              
VL51  -5869.214372  43805.843247  41206.966590              
*  2025  4 19  4  0   0.00000000                            
PL51  -7851.077211   6382.666173  -6917.597233              
VL51  -3133.410329  42333.560720  43070.442760              
*  2025  4 19  4  2   0.00000000                            
PL51  -7872.337882   6880.943667  -6390.231980              
VL51   -413.660879  40683.461964  44801.153805              
*  2025  4 19  4  4   0.00000000                            
PL51  -7861.114735   7358.378715  -5842.923280              
VL51   2278.677673  38860.749844  46393.442126              
*  2025  4 19  4  6   0.00000000                            
PL51  -7817.804102   7812.934925  -5277.364060              
VL51   4932.401590  36871.375771  47842.070173              
*  2025  4 19  4  8   0.00000000                            
PL51  -7742.935600   8242.651724  -4695.307477              
VL51   7536.508179  34722.021192  49142.240865              
*  2025  4 19  4 10   0.00000000                            
PL51  -7637.169429   8645.652985  -4098.561512              
VL51  10080.243741  32420.075541  50289.616751              
*  2025  4 19  4 12   0.00000000                            
PL51  -7501.293109   9020.155378  -3488.983350              
VL51  12553.150756  29973.610684  51280.337771              
*  2025  4 19  4 14   0.00000000                            
PL51  -7336.217638   9364.476387  -2868.473548              
VL51  14945.114037  27391.351915  52111.037501              
*  2025  4 19  4 16   0.00000000                            
PL51  -7142.973116   9677.041959  -2238.970026              
VL51  17246.405623  24682.645583  52778.857757              
*  2025  4 19  4 18   0.00000000                            
PL51  -6922.703842   9956.393748  -1602.441888              
VL51  19447.728141  21857.423467  53281.461442              
*  2025  4 19  4 20   0.00000000                            
PL51  -6676.662886  10201.195908   -960.883099              
VL51  21540.256390  18926.164030  53617.043541              
*  2025  4 19  4 22   0.00000000                            
PL51  -6406.206192  10410.241409   -316.306046              
VL51  23515.676905  15899.850720  53784.340154              
*  2025  4 19  4 24   0.00000000                            
PL51  -6112.786206  10582.457831    329.264998              
VL51  25366.225271  12789.927488  53782.635491              
*  2025  4 19  4 26   0.00000000                            
PL51  -5797.945078  10716.912610    973.800487              
VL51  27084.720931   9608.251754  53611.766751              
*  2025  4 19  4 28   0.00000000                            
PL51  -5463.307459  10812.817706   1615.272254              
VL51  28664.599294   6367.045037  53272.126827              
*  2025  4 19  4 30   0.00000000                            
PL51  -5110.572932  10869.533667   2251.660181              
VL51  30099.940933   3078.841522  52764.664800              
*  2025  4 19  4 32   0.00000000                            
PL51  -4741.508109  10886.573060   2880.958873              
VL51  31385.497675   -243.565175  52090.884180              
*  2025  4 19  4 34   0.00000000                            
PL51  -4357.938439  10863.603260   3501.184283              
VL51  32516.715436  -3587.176735  51252.838917              
*  2025  4 19  4 36   0.00000000                            
PL51  -3961.739755  10800.448571   4110.380283              
VL51  33489.753649  -6938.846072  50253.127179              
*  2025  4 19  4 38   0.00000000                            
PL51  -3554.829614  10697.091670   4706.625147              
VL51  34301.501181 -10285.334153  49094.882931              
*  2025  4 19  4 40   0.00000000                            
PL51  -3139.158467  10553.674368   5288.037924              
VL51  34949.588647 -13613.367401  47781.765373              
*  2025  4 19  4 42   0.00000000                            
PL51  -2716.700704  10370.497678   5852.784656              
VL51  35432.397053 -16909.695369  46317.946279              
*  2025  4 19  4 44   0.00000000                            
PL51  -2289.445611  10148.021190   6399.084455              
VL51  35749.062746 -20161.148374  44708.095326              
*  2025  4 19  4 46   0.00000000                            
PL51  -1859.388299   9886.861761   6925.215370              
VL51  35899.478638 -23354.694781  42957.363479              
*  2025  4 19  4 48   0.00000000                            
PL51  -1428.520636   9587.791515   7429.520062              
VL51  35884.291729 -26477.497642  41071.364529              
*  2025  4 19  4 50   0.00000000                            
PL51   -998.822229   9251.735170   7910.411231              
VL51  35704.896952 -29516.970387  39056.154889              
*  2025  4 19  4 52   0.00000000                            
PL51   -572.251507   8879.766711   8366.376803              
VL51  35363.427394 -32460.831280  36918.211751              
*  2025  4 19  4 54   0.00000000                            
PL51   -150.736936   8473.105407   8795.984839              
VL51  34862.740982 -35297.156364  34664.409741              
*  2025  4 19  4 56   0.00000000                            
PL51    263.831579   8033.111212   9197.888155              
VL51  34206.403728 -38014.430644  32301.996184              
*  2025  4 19  4 58   0.00000000                            
PL51    669.611075   7561.279559   9570.828644              
VL51  33398.669650 -40601.597251  29838.565132              
*  2025  4 19  5  0   0.00000000                            
PL51   1064.813651   7059.235578   9913.641273              
VL51  32444.457520 -43048.104375  27282.030266              
*  2025  4 19  5  2   0.00000000                            
PL51   1447.714289   6528.727768  10225.257750              
VL51  31349.324579 -45343.949758  24640.596832              
*  2025  4 19  5  4   0.00000000                            
PL51   1816.658344   5971.621146  10504.709851              
VL51  30119.437409 -47479.722556  21922.732736              
*  2025  4 19  5  6   0.00000000                            
PL51   2170.068670   5389.889915  10751.132397              
VL51  28761.540118 -49446.642417  19137.138927              
*  2025  4 19  5  8   0.00000000                            
PL51   2506.452345   4785.609675  10963.765866              
VL51  27282.920047 -51236.595598  16292.719210              
*  2025  4 19  5 10   0.00000000                            
PL51   2824.406970   4160.949228  11141.958646              
VL51  25691.371199 -52842.168023  13398.549608              
*  2025  4 19  5 12   0.00000000                            
PL51   3122.626526   3518.161992  11285.168918              
VL51  23995.155584 -54256.675138  10463.847415              
*  2025  4 19  5 14   0.00000000                            
PL51   3399.906740   2859.577090  11392.966158              
VL51  22202.962706 -55474.188496   7497.940039              
*  2025  4 19  5 16   0.00000000                            
PL51   3655.149971   2187.590133  11465.032281              
VL51  20323.867405 -56489.558972   4510.233778              
*  2025  4 19  5 18   0.00000000                            
PL51   3887.369570   1504.653742  11501.162391              
VL51  18367.286270 -57298.436569   1510.182628              
*  2025  4 19  5 20   0.00000000                            
PL51   4095.693715    813.267862  11501.265172              
VL51  16342.932844 -57897.286762  -1492.742769              
*  2025  4 19  5 22   0.00000000                            
PL51   4279.368697    115.969892  11465.362902              
VL51  14260.771857 -58283.403352  -4489.085932              
*  2025  4 19  5 24   0.00000000                            
PL51   4437.761661   -584.675311  11393.591098              
VL51  12130.972672 -58454.917832  -7469.435006              
*  2025  4 19  5 26   0.00000000                            
PL51   4570.362776  -1286.085528  11286.197802              
VL51   9963.862204 -58410.805238 -10424.452805              
*  2025  4 19  5 28   0.00000000                            
PL51   4676.786843  -1985.671313  11143.542506              
VL51   7769.877494 -58150.886528 -13344.906326              
*  2025  4 19  5 30   0.00000000                            
PL51   4756.774331  -2680.846144  10966.094728              
VL51   5559.518167 -57675.827484 -16221.695669              
*  2025  4 19  5 32   0.00000000                            
PL51   4810.191839  -3369.036537  10754.432245              
VL51   3343.298984 -56987.134197 -19045.882266              
*  2025  4 19  5 34   0.00000000                            
PL51   4837.032003  -4047.692084  10509.238991              
VL51   1131.702691 -56087.145176 -21808.716354              
*  2025  4 19  5 36   0.00000000                            
PL51   4837.412823  -4714.295381  10231.302630              
VL51  -1064.866636 -54979.020147 -24501.663603              
*  2025  4 19  5 38   0.00000000                            
PL51   4811.576447  -5366.371796   9921.511817              
VL51  -3236.129537 -53666.725613 -27116.430845              
*  2025  4 19  5 40   0.00000000                            
PL51   4759.887403  -6001.499050   9580.853154              
VL51  -5371.976242 -52155.017271 -29644.990826              
*  2025  4 19  5 42   0.00000000                            
PL51   4682.830296  -6617.316564   9210.407854              
VL51  -7462.510661 -50449.419379 -32079.605919              
*  2025  4 19  5 44   0.00000000                            
PL51   4581.006990  -7211.534548   8811.348132              
VL51  -9498.093130 -48556.201180 -34412.850750              
*  2025  4 19  5 46   0.00000000                            
PL51   4455.133276  -7781.942780   8384.933325              
VL51 -11469.381747 -46482.350514 -36637.633672              
*  2025  4 19  5 48   0.00000000                            
PL51   4306.035066  -8326.419061   7932.505766              
VL51 -13367.372127 -44235.544723 -38747.217046              
*  2025  4 19  5 50   0.00000000                            
PL51   4134.644104  -8842.937300   7455.486418              
VL51 -15183.435428 -41824.119013 -40735.236274              
*  2025  4 19  5 52   0.00000000                            
PL51   3941.993248  -9329.575204   6955.370294              
VL51 -16909.354509 -39257.032389 -42595.717557              
*  2025  4 19  5 54   0.00000000                            
PL51   3729.211317  -9784.521554   6433.721663              
VL51 -18537.358090 -36543.831343 -44323.094322              
*  2025  4 19  5 56   0.00000000                            
PL51   3497.517553 -10206.083020   5892.169075              
VL51 -20060.152771 -33694.611424 -45912.222305              
*  2025  4 19  5 58   0.00000000                            
PL51   3248.215697 -10592.690514   5332.400207              
VL51 -21470.952820 -30719.976888 -47358.393244              
*  2025  4 19  6  0   0.00000000                            
PL51   2982.687737 -10942.905040   4756.156557              
VL51 -22763.507604 -27630.998563 -48657.347171              
*  2025  4 19  6  2   0.00000000                            
PL51   2702.387332 -11255.423034   4165.227999              
VL51 -23932.126590 -24439.170137 -49805.283276              
*  2025  4 19  6  4   0.00000000                            
PL51   2408.832952 -11529.081169   3561.447212              
VL51 -24971.701816 -21156.363021 -50798.869334              
*  2025  4 19  6  6   0.00000000                            
PL51   2103.600766 -11762.860608   2946.684012              
VL51 -25877.727767 -17794.779977 -51635.249670              
*  2025  4 19  6  8   0.00000000                            
PL51   1788.317308 -11955.890703   2322.839587              
VL51 -26646.318593 -14366.907710 -52312.051667              
*  2025  4 19  6 10   0.00000000                            
PL51   1464.651951 -12107.452104   1691.840677              
VL51 -27274.222614 -10885.468588 -52827.390788              
*  2025  4 19  6 12   0.00000000                            
PL51   1134.309221 -12216.979301   1055.633686              
VL51 -27758.834072  -7363.371701 -53179.874120              
*  2025  4 19  6 14   0.00000000                            
PL51    799.020993 -12284.062569    416.178773              
VL51 -28098.202100  -3813.663479 -53368.602452              
*  2025  4 19  6 16   0.00000000                            
PL51    460.538591 -12308.449311   -224.556079              
VL51 -28291.036904   -249.478031 -53393.170874              
*  2025  4 19  6 18   0.00000000                            
PL51    120.624830 -12290.044822   -864.600990              
VL51 -28336.713143   3316.012551 -53253.667941              
*  2025  4 19  6 20   0.00000000                            
PL51   -218.953961 -12228.912439  -1501.990091              
VL51 -28235.270535   6869.647759 -52950.673416              
*  2025  4 19  6 22   0.00000000                            
PL51   -556.435910 -12125.273109  -2134.767403              
VL51 -27987.411712  10398.327898 -52485.254637              
*  2025  4 19  6 24   0.00000000                            
PL51   -890.071532 -11979.504369  -2760.992654              
VL51 -27594.497359  13889.062804 -51858.961536              
*  2025  4 19  6 26   0.00000000                            
PL51  -1218.131583 -11792.138738  -3378.747037              
VL51 -27058.538685  17329.019876 -51073.820361              
*  2025  4 19  6 28   0.00000000                            
PL51  -1538.914805 -11563.861545  -3986.138881              
VL51 -26382.187291  20705.571267 -50132.326134              
*  2025  4 19  6 30   0.00000000                            
PL51  -1850.755541 -11295.508193  -4581.309224              
VL51 -25568.722487  24006.340054 -49037.433906              
*  2025  4 19  6 32   0.00000000                            
PL51  -2152.031176 -10988.060879  -5162.437277              
VL51 -24622.036143  27219.245263 -47792.548831              
*  2025  4 19  6 34   0.00000000                            
PL51  -2441.169390 -10642.644773  -5727.745757              
VL51 -23546.615139  30332.545588 -46401.515133              
*  2025  4 19  6 36   0.00000000                            
PL51  -2716.655172 -10260.523692  -6275.506087              
VL51 -22347.521517  33334.881671 -44868.603988              
*  2025  4 19  6 38   0.00000000                            
PL51  -2977.037602  -9843.095272  -6804.043441              
VL51 -21030.370419  36215.316825 -43198.500401              
*  2025  4 19  6 40   0.00000000                            
PL51  -3220.936337  -9391.885652  -7311.741626              
VL51 -19601.305906  38963.376065 -41396.289104              
*  2025  4 19  6 42   0.00000000                            
PL51  -3447.047809  -8908.543718  -7797.047789              
VL51 -18066.974774  41569.083369 -39467.439545              
*  2025  4 19  6 44   0.00000000                            
PL51  -3654.151087  -8394.834894  -8258.476939              
VL51 -16434.498469  44022.997034 -37417.790011              
*  2025  4 19  6 46   0.00000000                            
PL51  -3841.113396  -7852.634532  -8694.616277              
VL51 -14711.443200  46316.243072 -35253.530924              
*  2025  4 19  6 48   0.00000000                            
PL51  -4006.895269  -7283.920906  -9104.129311              
VL51 -12905.788383  48440.546556 -32981.187372              
*  2025  4 19  6 50   0.00000000                            
PL51  -4150.555305  -6690.767850  -9485.759772              
VL51 -11025.893515  50388.260818 -30607.600905              
*  2025  4 19  6 52   0.00000000                            
PL51  -4271.254525  -6075.337051  -9838.335290              
VL51  -9080.463604  52152.394467 -28139.910639              
*  2025  4 19  6 54   0.00000000                            
PL51  -4368.260306  -5439.870035 -10160.770855              
VL51  -7078.513258  53726.636148 -25585.533696              
*  2025  4 19  6 56   0.00000000                            
PL51  -4440.949871  -4786.679874 -10452.072028              
VL51  -5029.329572  55105.376977 -22952.145039              
*  2025  4 19  6 58   0.00000000                            
PL51  -4488.813334  -4118.142626 -10711.337916              
VL51  -2942.433918  56283.730614 -20247.656701              
*  2025  4 19  7  0   0.00000000                            
PL51  -4511.456274  -3436.688563 -10937.763883              
VL51   -827.542762  57257.550921 -17480.196467              
*  2025  4 19  7  2   0.00000000                            
PL51  -4508.601841  -2744.793193 -11130.644014              
VL51   1305.472360  58023.447156 -14658.086021              
*  2025  4 19  7  4   0.00000000                            
PL51  -4480.092367  -2044.968112 -11289.373306              
VL51   3446.625596  58578.796672 -11789.818595              
*  2025  4 19  7  6   0.00000000                            
PL51  -4425.890496  -1339.751732 -11413.449589              
VL51   5585.858127  58921.755081  -8884.036137              
*  2025  4 19  7  8   0.00000000                            
PL51  -4346.079807   -631.699885 -11502.475173              
VL51   7713.079990  59051.263842  -5949.506030              
*  2025  4 19  7 10   0.00000000                            
PL51  -4240.864932     76.623635 -11556.158213              
VL51   9818.212245  58967.055262  -2995.097373              
*  2025  4 19  7 12   0.00000000                            
PL51  -4110.571176    782.656579 -11574.313779              
VL51  11891.229357  58669.654856    -29.756859              
*  2025  4 19  7 14   0.00000000                            
PL51  -3955.643616   1483.847763 -11556.864648              
VL51  13922.201662  58160.381052   2937.515747              
*  2025  4 19  7 16   0.00000000                            
PL51  -3776.645696   2177.666569 -11503.841787              
VL51  15901.337772  57441.342212   5897.692485              
*  2025  4 19  7 18   0.00000000                            
PL51  -3574.257317   2861.612392 -11415.384540              
VL51  17819.026797  56515.430927   8841.742437              
*  2025  4 19  7 20   0.00000000                            
PL51  -3349.272420   3533.224002 -11291.740516              
VL51  19665.880217  55386.315584  11760.657263              
*  2025  4 19  7 22   0.00000000                            
PL51  -3102.596064   4190.088791 -11133.265156              
VL51  21432.773271  54058.429151  14645.477025              
*  2025  4 19  7 24   0.00000000                            
PL51  -2835.241020   4829.851863 -10940.421002              
VL51  23110.885698  52536.955192  17487.316252              
*  2025  4 19  7 26   0.00000000                            
PL51  -2548.323874   5450.224948 -10713.776643              
VL51  24691.741678  50827.811071  20277.390194              
*  2025  4 19  7 28   0.00000000                            
PL51  -2243.060661   6048.995090 -10454.005348              
VL51  26167.248790  48937.628365  23007.041218              
*  2025  4 19  7 30   0.00000000                            
PL51  -1920.762035   6624.033087 -10161.883383              
VL51  27529.735846  46873.730465  25667.765287              
*  2025  4 19  7 32   0.00000000                            
PL51  -1582.827991   7173.301643  -9838.288009              
VL51  28771.989393  44644.107392  28251.238441              
*  2025  4 19  7 34   0.00000000                            
PL51  -1230.742167   7694.863205  -9484.195161              
VL51  29887.288742  42257.387852  30749.343228              
*  2025  4 19  7 36   0.00000000                            
PL51   -866.065722   8186.887443  -9100.676814              
VL51  30869.439310  39722.808548  33154.194981              
*  2025  4 19  7 38   0.00000000                            
PL51   -490.430836   8647.658351  -8688.898030              
VL51  31712.804125  37050.180825  35458.167858              
*  2025  4 19  7 40   0.00000000                            
PL51   -105.533838   9075.580929  -8250.113701              
VL51  32412.333294  34249.854681  37653.920555              
*  2025  4 19  7 42   0.00000000                            
PL51    286.872002   9469.187415  -7785.664981              
VL51  32963.591259  31332.680250  39734.421577              
*  2025  4 19  7 44   0.00000000                            
PL51    684.984001   9827.143049  -7296.975419              
VL51  33362.781671  28309.966833  41692.973956              
*  2025  4 19  7 46   0.00000000                            
PL51   1086.957869  10148.251320  -6785.546798              
VL51  33606.769702  25193.439602  43523.239303              
*  2025  4 19  7 48   0.00000000                            
PL51   1490.915764  10431.458688  -6252.954696              
VL51  33693.101631  21995.194113  45219.261071              
*  2025  4 19  7 50   0.00000000                            
PL51   1894.954572  10675.858746  -5700.843764              
VL51  33620.021555  18727.648771  46775.486897              
*  2025  4 19  7 52   0.00000000                            
PL51   2297.154366  10880.695800  -5130.922752              
VL51  33386.485060  15403.495425  48186.789891              
*  2025  4 19  7 54   0.00000000                            
PL51   2695.587007  11045.367842  -4544.959276              
VL51  32992.169739  12035.648295  49448.488757              
*  2025  4 19  7 56   0.00000000                            
PL51   3088.324859  11169.428908  -3944.774361              
VL51  32437.482430   8637.191427  50556.366588              
*  2025  4 19  7 58   0.00000000                            
PL51   3473.449564  11252.590792  -3332.236759              
VL51  31723.563065   5221.324918  51506.688230              
*  2025  4 19  8  0   0.00000000                            
PL51   3849.060845  11294.724114  -2709.257076              
VL51  30852.285058   1801.310172  52296.216074              
*  2025  4 19  8  2   0.00000000                            
PL51   4213.285293  11295.858720  -2077.781711              
VL51  29826.252178  -1609.585574  52922.224173              
*  2025  4 19  8  4   0.00000000                            
PL51   4564.285095  11256.183420  -1439.786643              
VL51  28648.791846  -4998.145145  53382.510561              
*  2025  4 19  8  6   0.00000000                            
PL51   4900.266660  11176.045047   -797.271076              
VL51  27323.944873  -8351.257479  53675.407685              
*  2025  4 19  8  8   0.00000000                            
PL51   5219.489098  11055.946854   -152.250976              
VL51  25856.451625 -11655.973516  53799.790871              
*  2025  4 19  8 10   0.00000000                            
PL51   5520.272517  10896.546231    493.247485              
VL51  24251.734657 -14899.561646  53755.084727              
*  2025  4 19  8 12   0.00000000                            
PL51   5801.006086  10698.651767   1137.194551              
VL51  22515.877874 -18069.562402  53541.267453              
*  2025  4 19  8 14   0.00000000                            
PL51   6060.155830  10463.219666   1777.563533              
VL51  20655.602300 -21153.842092  53158.872987              
*  2025  4 19  8 16   0.00000000                            
PL51   6296.272111  10191.349519   2412.337490              
VL51  18678.238556 -24140.645091  52608.990956              
*  2025  4 19  8 18   0.00000000                            
PL51   6507.996766   9884.279460   3039.515877              
VL51  16591.696166 -27018.644482  51893.264420              
*  2025  4 19  8 20   0.00000000                            
PL51   6694.069853   9543.380732   3657.121166              
VL51  14404.429864 -29776.990767  51013.885384              
*  2025  4 19  8 22   0.00000000                            
PL51   6853.335975   9170.151670   4263.205394              
VL51  12125.403043 -32405.358370  49973.588102              
*  2025  4 19  8 24   0.00000000                            
PL51   6984.750155   8766.211154   4855.856620              
VL51   9764.048563 -34893.989668  48775.640183              
*  2025  4 19  8 26   0.00000000                            
PL51   7087.383218   8333.291540   5433.205260              
VL51   7330.227125 -37233.736302  47423.831552              
*  2025  4 19  8 28   0.00000000                            
PL51   7160.426667   7873.231112   5993.430277              
VL51   4834.183425 -39416.097530  45922.461305              
*  2025  4 19  8 30   0.00000000                            
PL51   7203.197018   7387.966104   6534.765205              
VL51   2286.500364 -41433.255430  44276.322556              
*  2025  4 19  8 32   0.00000000                            
PL51   7215.139574   6879.522303   7055.503974              
VL51   -301.948460 -43278.106750  42490.685346              
*  2025  4 19  8 34   0.00000000                            
PL51   7195.831621   6350.006307   7554.006524              
VL51  -2920.047701 -44944.291273  40571.277714              
*  2025  4 19  8 36   0.00000000                            
PL51   7144.985030   5801.596451   8028.704174              
VL51  -5556.490379 -46426.216537  38524.265051              
*  2025  4 19  8 38   0.00000000                            
PL51   7062.448249   5236.533465   8478.104745              
VL51  -8199.828903 -47719.078836  36356.227852              
*  2025  4 19  8 40   0.00000000                            
PL51   6948.207685   4657.110906   8900.797393              
VL51 -10838.526717 -48818.880406  34074.137982              
*  2025  4 19  8 42   0.00000000                            
PL51   6802.388458   4065.665398   9295.457162              
VL51 -13461.010301 -49722.442748  31685.333600              
*  2025  4 19  8 44   0.00000000                            
PL51   6625.254528   3464.566743   9660.849221              
VL51 -16055.721264 -50427.416070  29197.492867              
*  2025  4 19  8 46   0.00000000                            
PL51   6417.208209   2856.207938   9995.832780              
VL51 -18611.168259 -50932.284837  26618.606574              
*  2025  4 19  8 48   0.00000000                            
PL51   6178.789049   2242.995150  10299.364671              
VL51 -21115.978470 -51236.369457  23956.949835              
*  2025  4 19  8 50   0.00000000                            
PL51   5910.672105   1627.337696  10570.502593              
VL51 -23558.948419 -51339.824144  21221.052969              
*  2025  4 19  8 52   0.00000000                            
PL51   5613.665610   1011.638066  10808.407986              
VL51 -25929.093860 -51243.631028  18419.671717              
*  2025  4 19  8 54   0.00000000                            
PL51   5288.708046    398.282043  11012.348564              
VL51 -28215.698535 -50949.590588  15561.756922              
*  2025  4 19  8 56   0.00000000                            
PL51   4936.864648   -210.371041  11181.700467              
VL51 -30408.361569 -50460.308517  12656.423785              
*  2025  4 19  8 58   0.00000000                            
PL51   4559.323336   -811.997874  11315.950048              
VL51 -32497.043311 -49779.179129   9712.920843              
*  2025  4 19  9  0   0.00000000                            
PL51   4157.390118  -1404.320508  11414.695286              
VL51 -34472.109421 -48910.365419   6740.598757              
*  2025  4 19  9  2   0.00000000                            
PL51   3732.483972  -1985.115449  11477.646826              
VL51 -36324.373012 -47858.775946   3748.879052              
*  2025  4 19  9  4   0.00000000                            
PL51   3286.131231  -2552.222451  11504.628640              
VL51 -38045.134692 -46630.038645    747.222908              
*  2025  4 19  9  6   0.00000000                            
PL51   2819.959505  -3103.552975  11495.578315              
VL51 -39626.220326 -45230.471771  -2254.899884              
*  2025  4 19  9  8   0.00000000                            
PL51   2335.691167  -3637.098284  11450.546976              
VL51 -41060.016389 -43667.052111  -5248.041684              
*  2025  4 19  9 10   0.00000000                            
PL51   1835.136421  -4150.937144  11369.698831              
VL51 -42339.502769 -41947.380676  -8222.807385              
*  2025  4 19  9 12   0.00000000                            
PL51   1320.185999  -4643.243097  11253.310369              
VL51 -43458.282912 -40079.646050 -11169.884317              
*  2025  4 19  9 14   0.00000000                            
PL51    792.803515  -5112.291281  11101.769185              
VL51 -44410.611215 -38072.585595 -14080.071570              
*  2025  4 19  9 16   0.00000000                            
PL51    255.017498  -5556.464771  10915.572474              
VL51 -45191.417575 -35935.444724 -16944.308676              
*  2025  4 19  9 18   0.00000000                            
PL51   -291.086844  -5974.260424  10695.325171              
VL51 -45796.329030 -33677.934437 -19753.703564              
*  2025  4 19  9 20   0.00000000                            
PL51   -843.376105  -6364.294203  10441.737771              
VL51 -46221.688439 -31310.187315 -22499.559725              
*  2025  4 19  9 22   0.00000000                            
PL51  -1399.677369  -6725.305966  10155.623821              
VL51 -46464.570138 -28842.712186 -25173.402542              
*  2025  4 19  9 24   0.00000000                            
PL51  -1957.787063  -7056.163702   9837.897106              
VL51 -46522.792539 -26286.347639 -27767.004704              
*  2025  4 19  9 26   0.00000000                            
PL51  -2515.479951  -7355.867206   9489.568529              
VL51 -46394.927624 -23652.214598 -30272.410678              
*  2025  4 19  9 28   0.00000000                            
PL51  -3070.518214  -7623.551176   9111.742713              
VL51 -46080.307324 -20951.668136 -32681.960145              
*  2025  4 19  9 30   0.00000000                            
PL51  -3620.660595  -7858.487733   8705.614322              
VL51 -45579.026750 -18196.248745 -34988.310368              
*  2025  4 19  9 32   0.00000000                            
PL51  -4163.671558  -8060.088351   8272.464119              
VL51 -44891.944289 -15397.633255 -37184.457412              
*  2025  4 19  9 34   0.00000000                            
PL51  -4697.330434  -8227.905199   7813.654782              
VL51 -44020.678571 -12567.585609 -39263.756170              
*  2025  4 19  9 36   0.00000000                            
PL51  -5219.440512  -8361.631887   7330.626480              
VL51 -42967.602341  -9717.907703 -41219.939125              
*  2025  4 19  9 38   0.00000000                            
PL51  -5727.838031  -8461.103635   6824.892243              
VL51 -41735.833281  -6860.390494 -43047.133831              
*  2025  4 19  9 40   0.00000000                            
PL51  -6220.401054  -8526.296843   6298.033115              
VL51 -40329.221839  -4006.765579 -44739.879033              
*  2025  4 19  9 42   0.00000000                            
PL51  -6695.058173  -8557.328097   5751.693136              
VL51 -38752.336140  -1168.657432 -46293.139431              
*  2025  4 19  9 44   0.00000000                            
PL51  -7149.797013  -8554.452597   5187.574143              
VL51 -37010.444053   1642.463508 -47702.319040              
*  2025  4 19  9 46   0.00000000                            
PL51  -7582.672511  -8518.062036   4607.430433              
VL51 -35109.492512   4415.326719 -48963.273124              
*  2025  4 19  9 48   0.00000000                            
PL51  -7991.814928  -8448.681929   4013.063275              
VL51 -33056.084183   7138.906268 -50072.318698              
*  2025  4 19  9 50   0.00000000                            
PL51  -8375.437560  -8346.968416   3406.315321              
VL51 -30857.451587   9802.464125 -51026.243571              
*  2025  4 19  9 52   0.00000000                            
PL51  -8731.844134  -8213.704559   2789.064902              
VL51 -28521.428804  12395.591934 -51822.313928              
*  2025  4 19  9 54   0.00000000                            
PL51  -9059.435843  -8049.796138   2163.220256              
VL51 -26056.420872  14908.251101 -52458.280434              
*  2025  4 19  9 56   0.00000000                            
PL51  -9356.718003  -7856.266988   1530.713682              
VL51 -23471.371008  17330.811065 -52932.382872              
*  2025  4 19  9 58   0.00000000                            
PL51  -9622.306306  -7634.253877    893.495650              
VL51 -20775.725827  19654.085593 -53243.353301              
*  2025  4 19 10  0   0.00000000                            
PL51  -9854.932640  -7385.000973    253.528881              
VL51 -17979.398672  21869.366982 -53390.417754              
*  2025  4 19 10  2   0.00000000                            
PL51 -10053.450462  -7109.853902   -387.217579              
VL51 -15092.731238  23968.458056 -53373.296483              
*  2025  4 19 10  4   0.00000000                            
PL51 -10216.839703  -6810.253444  -1026.774291              
VL51 -12126.453644  25943.701844 -53192.202769              
*  2025  4 19 10  6   0.00000000                            
PL51 -10344.211177  -6487.728883  -1663.177318              
VL51  -9091.643126  27788.008847 -52847.840328              
*  2025  4 19 10  8   0.00000000                            
PL51 -10434.810498  -6143.891049  -2294.474093              
VL51  -5999.681524  29494.881811 -52341.399340              
*  2025  4 19 10 10   0.00000000                            
PL51 -10488.021470  -5780.425070  -2918.729222              
VL51  -2862.211736  31058.437940 -51674.551144              
*  2025  4 19 10 12   0.00000000                            
PL51 -10503.368959  -5399.082886  -3534.030225              
VL51    308.906692  32473.428495 -50849.441633              
*  2025  4 19 10 14   0.00000000                            
PL51 -10480.521219  -5001.675527  -4138.493178              
VL51   3501.642663  33735.255731 -49868.683410              
*  2025  4 19 10 16   0.00000000                            
PL51 -10419.291678  -4590.065221  -4730.268265              
VL51   6703.839141  34839.987150 -48735.346730              
*  2025  4 19 10 18   0.00000000                            
PL51 -10319.640176  -4166.157332  -5307.545210              
VL51   9903.259133  35784.367049 -47452.949305              
*  2025  4 19 10 20   0.00000000                            
PL51 -10181.673644  -3731.892190  -5868.558576              
VL51  13087.631859  36565.825360 -46025.444993              
*  2025  4 19 10 22   0.00000000                            
PL51 -10005.646235  -3289.236815  -6411.592930              
VL51  16244.698961  37182.483768 -44457.211436              
*  2025  4 19 10 24   0.00000000                            
PL51  -9791.958898  -2840.176603  -6934.987845              
VL51  19362.260606  37633.159142 -42753.036692              
*  2025  4 19 10 26   0.00000000                            
PL51  -9541.158397  -2386.706969  -7437.142743              
VL51  22428.221315  37917.364273 -40918.104906              
*  2025  4 19 10 28   0.00000000                            
PL51  -9253.935790  -1930.825006  -7916.521556              
VL51  25430.635389  38035.305966 -38957.981064              
*  2025  4 19 10 30   0.00000000                            
PL51  -8931.124361  -1474.521185  -8371.657203              
VL51  28357.751774  37987.880505 -36878.594888              
*  2025  4 19 10 32   0.00000000                            
PL51  -8573.697015  -1019.771118  -8801.155861              
VL51  31198.058241  37776.666537 -34686.223914              
*  2025  4 19 10 34   0.00000000                            
PL51  -8182.763156   -568.527425  -9203.701037              
VL51  33940.324742  37403.915441 -32387.475797              
*  2025  4 19 10 36   0.00000000                            
PL51  -7759.565042   -122.711734  -9578.057419              
VL51  36573.645801  36872.539198 -29989.269897              
*  2025  4 19 10 38   0.00000000                            
PL51  -7305.473640    315.793163  -9923.074503              
VL51  39087.481846  36186.095882 -27498.818182              
*  2025  4 19 10 40   0.00000000                            
PL51  -6821.983999    745.150966 -10237.689986              
VL51  41471.699356  35348.772779 -24923.605490              
*  2025  4 19 10 42   0.00000000                            
PL51  -6310.710137   1163.579301 -10520.932918              
VL51  43716.609693  34365.367261 -22271.369194              
*  2025  4 19 10 44   0.00000000                            
PL51  -5773.379477   1569.356919 -10771.926608              
VL51  45813.006557  33241.265445 -19550.078293              
*  2025  4 19 10 46   0.00000000                            
PL51  -5211.826847   1960.830619 -10989.891277              
VL51  47752.201914  31982.418749 -16767.911967              
*  2025  4 19 10 48   0.00000000                            
PL51  -4627.988044   2336.421884 -11174.146447              
VL51  49526.060337  30595.318400 -13933.237610              
*  2025  4 19 10 50   0.00000000                            
PL51  -4023.893016   2694.633194 -11324.113067              
VL51  51127.031638  29086.967993 -11054.588385              
*  2025  4 19 10 52   0.00000000                            
PL51  -3401.658643   3034.054000 -11439.315362              
VL51  52548.181700  27464.854172  -8140.640299              
*  2025  4 19 10 54   0.00000000                            
PL51  -2763.481173   3353.366337 -11519.382412              
VL51  53783.221421  25736.915527  -5200.188832              
*  2025  4 19 10 56   0.00000000                            
PL51  -2111.628318   3651.350051 -11564.049440              
VL51  54826.533658  23911.509792  -2242.125140              
*  2025  4 19 10 58   0.00000000                            
PL51  -1448.431039   3926.887625 -11573.158814              
VL51  55673.198086  21997.379429    724.588157              
*  2025  4 19 11  0   0.00000000                            
PL51   -776.275044   4178.968580 -11546.660763              
VL51  56319.013861  20003.615706   3690.941578              
*  2025  4 19 11  2   0.00000000                            
PL51    -97.592032   4406.693440 -11484.613784              
VL51  56760.519998  17939.621344   6647.903756              
*  2025  4 19 11  4   0.00000000                            
PL51    585.149296   4609.277238 -11387.184755              
VL51  56995.013340  15815.071860   9586.446756              
*  2025  4 19 11  6   0.00000000                            
PL51   1269.452426   4786.052550 -11254.648741              
VL51  57020.564035  13639.875688  12497.571705              
*  2025  4 19 11  8   0.00000000                            
PL51   1952.802394   4936.472046 -11087.388492              
VL51  56836.028398  11424.133212  15372.334702              
*  2025  4 19 11 10   0.00000000                            
PL51   2632.675279   5060.110545 -10885.893621              
VL51  56441.059062   9178.094829  18201.872955              
*  2025  4 19 11 12   0.00000000                            
PL51   3306.547807   5156.666557 -10650.759478              
VL51  55836.112319   6912.118165  20977.431096              
*  2025  4 19 11 14   0.00000000                            
PL51   3971.907027   5225.963308 -10382.685700              
VL51  55022.452560   4636.624591  23690.387625              
*  2025  4 19 11 16   0.00000000                            
PL51   4626.260017   5267.949244 -10082.474448              
VL51  54002.153719   2362.055177  26332.281413              
*  2025  4 19 11 18   0.00000000                            
PL51   5267.143592   5282.698000  -9751.028319              
VL51  52778.097640     98.826256  28894.838187              
*  2025  4 19 11 20   0.00000000                            
PL51   5892.133976   5270.407835  -9389.347951              
VL51  51353.969296  -2142.715272  31369.996938              
*  2025  4 19 11 22   0.00000000                            
PL51   6498.856393   5231.400531  -8998.529302              
VL51  49734.248788  -4352.336683  33749.936156              
*  2025  4 19 11 24   0.00000000                            
PL51   7084.994542   5166.119754  -8579.760619              
VL51  47924.200076  -6519.964082  36027.099793              
*  2025  4 19 11 26   0.00000000                            
PL51   7648.299925   5075.128881  -8134.319105              
VL51  45929.856388  -8635.726742  38194.222867              
*  2025  4 19 11 28   0.00000000                            
PL51   8186.600966   4959.108301  -7663.567267              
VL51  43758.002290 -10690.000959  40244.356599              
*  2025  4 19 11 30   0.00000000                            
PL51   8697.811911   4818.852187  -7168.948977              
VL51  41416.152404 -12673.453209  42170.892950              
*  2025  4 19 11 32   0.00000000                            
PL51   9179.941439   4655.264762  -6651.985243              
VL51  38912.526776 -14577.082398  43967.588469              
*  2025  4 19 11 34   0.00000000                            
PL51   9631.100963   4469.356063  -6114.269687              
VL51  36256.022935 -16392.261000  45628.587304              
*  2025  4 19 11 36   0.00000000                            
PL51  10049.512577   4262.237214  -5557.463768              
VL51  33456.184672 -18110.774868  47148.443270              
*  2025  4 19 11 38   0.00000000                            
PL51  10433.516610   4035.115237  -4983.291733              
VL51  30523.167625 -19724.861494  48522.140834              
*  2025  4 19 11 40   0.00000000                            
PL51  10781.578739   3789.287412  -4393.535334              
VL51  27467.701745 -21227.246511  49745.114896              
*  2025  4 19 11 42   0.00000000                            
PL51  11092.296651   3526.135206  -3790.028309              
VL51  24301.050782 -22611.178216  50813.269229              
*  2025  4 19 11 44   0.00000000                            
PL51  11364.406180   3247.117810  -3174.650650              
VL51  21034.968902 -23870.459906  51722.993455              
*  2025  4 19 11 46   0.00000000                            
PL51  11596.786926   2953.765294  -2549.322681              
VL51  17681.654629 -24999.479827  52471.178444              
*  2025  4 19 11 48   0.00000000                            
PL51  11788.467296   2647.671422  -1915.998960              
VL51  14253.702290 -25993.238531  53055.229996              
*  2025  4 19 11 50   0.00000000                            
PL51  11938.628949   2330.486150  -1276.662024              
VL51  10764.051176 -26847.373470  53473.080725              
*  2025  4 19 11 52   0.00000000                            
PL51  12046.610624   2003.907858   -633.316009              
VL51   7225.932666 -27558.180646  53723.200037              
*  2025  4 19 11 54   0.00000000                            
PL51  12111.911315   1669.675325     12.019846              
VL51   3652.815549 -28122.633179  53804.602107              
*  2025  4 19 11 56   0.00000000                            
PL51  12134.192787   1329.559511    657.317770              
VL51     58.349842 -28538.396643  53716.851796              
*  2025  4 19 11 58   0.00000000                            
PL51  12113.281403    985.355176   1300.548095              
VL51  -3543.690637 -28803.841062  53460.068440              
*  2025  4 19 12  0   0.00000000                            
PL51  12049.169267    638.872365   1939.685921              
VL51  -7139.466615 -28918.049463  53034.927451              
*  2025  4 19 12  2   0.00000000                            
PL51  11942.014650    291.927824   2572.717786              
VL51 -10715.132333 -28880.822922  52442.659712              
*  2025  4 19 12  4   0.00000000                            
PL51  11792.141716    -53.663632   3197.648320              
VL51 -14256.894799 -28692.682039  51685.048732              
*  2025  4 19 12  6   0.00000000                            
PL51  11600.039532   -396.097744   3812.506847              
VL51 -17751.073008 -28354.864823  50764.425577              
*  2025  4 19 12  8   0.00000000                            
PL51  11366.360368   -733.589386   4415.353912              
VL51 -21184.156791 -27869.320985  49683.661573              
*  2025  4 19 12 10   0.00000000                            
PL51  11091.917305  -1064.381056   5004.287713              
VL51 -24542.864971 -27238.702664  48446.158840              
*  2025  4 19 12 12   0.00000000                            
PL51  10777.681132  -1386.751227   5577.450400              
VL51 -27814.202500 -26466.351635  47055.838674              
*  2025  4 19 12 14   0.00000000                            
PL51  10424.776587  -1699.022535   6133.034225              
VL51 -30985.516266 -25556.283067  45517.127885              
*  2025  4 19 12 16   0.00000000                            
PL51  10034.477918  -1999.569740   6669.287522              
VL51 -34044.549275 -24513.165938  43834.943125              
*  2025  4 19 12 18   0.00000000                            
PL51   9608.203821  -2286.827439   7184.520471              
VL51 -36979.492921 -23342.300210  42014.673321              
*  2025  4 19 12 20   0.00000000                            
PL51   9147.511751  -2559.297490   7677.110662              
VL51 -39779.037068 -22049.590916  40062.160314              
*  2025  4 19 12 22   0.00000000                            
PL51   8654.091656  -2815.556096   8145.508397              
VL51 -42432.417711 -20641.519302  37983.677796              
*  2025  4 19 12 24   0.00000000                            
PL51   8129.759148  -3054.260535   8588.241742              
VL51 -44929.461964 -19125.111207  35785.908681              
*  2025  4 19 12 26   0.00000000                            
PL51   7576.448154  -3274.155496   9003.921293              
VL51 -47260.630175 -17507.902858  33475.921016              
*  2025  4 19 12 28   0.00000000                            
PL51   6996.203082  -3474.078980   9391.244649              
VL51 -49417.054984 -15797.904293  31061.142578              
*  2025  4 19 12 30   0.00000000                            
PL51   6391.170534  -3652.967760   9749.000564              
VL51 -51390.577144 -14003.560601  28549.334279              
*  2025  4 19 12 32   0.00000000                            
PL51   5763.590609  -3809.862359  10076.072789              
VL51 -53173.777969 -12133.711229  25948.562515              
*  2025  4 19 12 34   0.00000000                            
PL51   5115.787840  -3943.911525  10371.443559              
VL51 -54760.008283 -10197.547552  23267.170610              
*  2025  4 19 12 36   0.00000000                            
PL51   4450.161808  -4054.376199  10634.196746              
VL51 -56143.413783  -8204.568962  20513.749475              
*  2025  4 19 12 38   0.00000000                            
PL51   3769.177460  -4140.632934  10863.520646              
VL51 -57318.956720  -6164.537702  17697.107636              
*  2025  4 19 12 40   0.00000000                            
PL51   3075.355212  -4202.176779  11058.710414              
VL51 -58282.433873  -4087.432677  14826.240756              
*  2025  4 19 12 42   0.00000000                            
PL51   2371.260832  -4238.623594  11219.170121              
VL51 -59030.490755  -1983.402504  11910.300792              
*  2025  4 19 12 44   0.00000000                            
PL51   1659.495200  -4249.711804  11344.414443              
VL51 -59560.632077    137.281994   8958.564902              
*  2025  4 19 12 46   0.00000000                            
PL51    942.683947  -4235.303578  11434.069976              
VL51 -59871.228447   2264.275594   5980.404248              
*  2025  4 19 12 48   0.00000000                            
PL51    223.467044  -4195.385435  11487.876181              
VL51 -59961.519360   4387.206558   2985.252781              
*  2025  4 19 12 50   0.00000000                            
PL51   -495.511623  -4130.068274  11505.685945              
VL51 -59831.612516   6495.724374    -17.423853              
*  2025  4 19 12 52   0.00000000                            
PL51  -1211.614649  -4039.586837  11487.465780              
VL51 -59482.479520   8579.547150  -3018.159212              
*  2025  4 19 12 54   0.00000000                            
PL51  -1922.221436  -3924.298601  11433.295646              
VL51 -58915.948053  10628.508432  -6007.516651              
*  2025  4 19 12 56   0.00000000                            
PL51  -2624.738398  -3784.682119  11343.368412              
VL51 -58134.690568  12632.603263  -8976.119528              
*  2025  4 19 12 58   0.00000000                            
PL51  -3316.609018  -3621.334807  11217.988959              
VL51 -57142.209624  14582.033283 -11914.680937              
*  2025  4 19 13  0   0.00000000                            
PL51  -3995.323700  -3434.970201  11057.572926              
VL51 -55942.819947  16467.250684 -14814.032887              
*  2025  4 19 13  2   0.00000000                            
PL51  -4658.429393  -3226.414696  10862.645112              
VL51 -54541.627311  18279.000836 -17665.154842              
*  2025  4 19 13  4   0.00000000                            
PL51  -5303.538945  -2996.603773  10633.837537              
VL51 -52944.504390  20008.363411 -20459.201545              
*  2025  4 19 13  6   0.00000000                            
PL51  -5928.340142  -2746.577756  10371.887176              
VL51 -51158.063674  21646.791852 -23187.530051              
*  2025  4 19 13  8   0.00000000                            
PL51  -6530.604411  -2477.477096  10077.633377              
VL51 -49189.627615  23186.151009 -25841.725890              
*  2025  4 19 13 10   0.00000000                            
PL51  -7108.195147  -2190.537217   9752.014961              
VL51 -47047.196139  24618.752814 -28413.628300              
*  2025  4 19 13 12   0.00000000                            
PL51  -7659.075635  -1887.082948   9396.067038              
VL51 -44739.411689  25937.389847 -30895.354457              
*  2025  4 19 13 14   0.00000000                            
PL51  -8181.316539  -1568.522566   9010.917524              
VL51 -42275.521955  27135.366677 -33279.322649              
*  2025  4 19 13 16   0.00000000                            
PL51  -8673.102933  -1236.341474   8597.783401              
VL51 -39665.340471  28206.528844 -35558.274330              
*  2025  4 19 13 18   0.00000000                            
PL51  -9132.740839   -892.095551   8157.966706              
VL51 -36919.205243  29145.289404 -37725.295015              
*  2025  4 19 13 20   0.00000000                            
PL51  -9558.663270   -537.404191   7692.850291              
VL51 -34047.935611  29946.652915 -39773.833953              
*  2025  4 19 13 22   0.00000000                            
PL51  -9949.435734   -173.943077   7203.893338              
VL51 -31062.787500  30606.236796 -41697.722550              
*  2025  4 19 13 24   0.00000000                            
PL51 -10303.761202    196.563290   6692.626676              
VL51 -27975.407279  31120.289991 -43491.191481              
*  2025  4 19 13 26   0.00000000                            
PL51 -10620.484505    572.349264   6160.647887              
VL51 -24797.784404  31485.708865 -45148.886478              
*  2025  4 19 13 28   0.00000000                            
PL51 -10898.596166    951.615909   5609.616245              
VL51 -21542.203042  31700.050296 -46665.882737              
*  2025  4 19 13 30   0.00000000                            
PL51 -11137.235641   1332.538987   5041.247476              
VL51 -18221.192884  31761.541920 -48037.697935              
*  2025  4 19 13 32   0.00000000                            
PL51 -11335.693966   1713.277053   4457.308383              
VL51 -14847.479334  31669.089505 -49260.303811              
*  2025  4 19 13 34   0.00000000                            
PL51 -11493.415806   2091.979626   3859.611331              
VL51 -11433.933289  31422.281453 -50330.136311              
*  2025  4 19 13 36   0.00000000                            
PL51 -11610.000896   2466.795389   3250.008623              
VL51  -7993.520702  31021.390407 -51244.104265              
*  2025  4 19 13 38   0.00000000                            
PL51 -11685.204882   2835.880400   2630.386784              
VL51  -4539.252137  30467.372015 -51999.596596              
*  2025  4 19 13 40   0.00000000                            
PL51 -11718.939552   3197.406260   2002.660762              
VL51  -1084.132505  29761.860831 -52594.488050              
*  2025  4 19 13 42   0.00000000                            
PL51 -11711.272471   3549.568229   1368.768069              
VL51   2358.888822  28907.163421 -53027.143450              
*  2025  4 19 13 44   0.00000000                            
PL51 -11662.426013   3890.593228    730.662886              
VL51   5776.967308  27906.248718 -53296.420487              
*  2025  4 19 13 46   0.00000000                            
PL51 -11572.775818   4218.747721     90.310136              
VL51   9157.411808  26762.735670 -53401.671049              
*  2025  4 19 13 48   0.00000000                            
PL51 -11442.848659   4532.345425   -550.320444              
VL51  12487.732168  25480.878275 -53342.741108              
*  2025  4 19 13 50   0.00000000                            
PL51 -11273.319752   4829.754829  -1189.260230              
VL51  15755.685726  24065.548053 -53119.969194              
*  2025  4 19 13 52   0.00000000                            
PL51 -11065.009513   5109.406487  -1824.547598              
VL51  18949.322527  22522.214070 -52734.183473              
*  2025  4 19 13 54   0.00000000                            
PL51 -10818.879781   5369.800054  -2454.233781              
VL51  22057.029102  20856.920592 -52186.697450              
*  2025  4 19 13 56   0.00000000                            
PL51 -10536.029528   5609.511051  -3076.388658              
VL51  25067.570660  19076.262485 -51479.304346              
*  2025  4 19 13 58   0.00000000                            
PL51 -10217.690066   5827.197302  -3689.106472              
VL51  27970.131544  17187.358472 -50614.270174              
*  2025  4 19 14  0   0.00000000                            
PL51  -9865.219788   6021.605061  -4290.511453              
VL51  30754.353823  15197.822362 -49594.325563              
*  2025  4 19 14  2   0.00000000                            
PL51  -9480.098451   6191.574762  -4878.763341              
VL51  33410.373890  13115.732396 -48422.656368              
*  2025  4 19 14  4   0.00000000                            
PL51  -9063.921034   6336.046407  -5452.062785              
VL51  35928.856961  10949.598819 -47102.893133              
*  2025  4 19 14  6   0.00000000                            
PL51  -8618.391201   6454.064539  -6008.656611              
VL51  38301.029378   8708.329840 -45639.099452              
*  2025  4 19 14  8   0.00000000                            
PL51  -8145.314380   6544.782815  -6546.842944              
VL51  40518.708625   6401.196090 -44035.759282              
*  2025  4 19 14 10   0.00000000                            
PL51  -7646.590502   6607.468127  -7064.976170              
VL51  42574.330998   4037.793743 -42297.763271              
*  2025  4 19 14 12   0.00000000                            
PL51  -7124.206425   6641.504285  -7561.471731              
VL51  44460.976851   1628.006418 -40430.394155              
*  2025  4 19 14 14   0.00000000                            
PL51  -6580.228061   6646.395233  -8034.810738              
VL51  46172.393388   -818.033987 -38439.311274              
*  2025  4 19 14 16   0.00000000                            
PL51  -6016.792252   6621.767787  -8483.544391              
VL51  47703.014950  -3289.987402 -36330.534264              
*  2025  4 19 14 18   0.00000000                            
PL51  -5436.098416   6567.373888  -8906.298202              
VL51  49047.980780  -5777.346501 -34110.425960              
*  2025  4 19 14 20   0.00000000                            
PL51  -4840.399991   6483.092361  -9301.776010              
VL51  50203.150227  -8269.478277 -31785.674569              
*  2025  4 19 14 22   0.00000000                            
PL51  -4231.995720   6368.930170  -9668.763771              
VL51  51165.115381 -10755.666169 -29363.275137              
*  2025  4 19 14 24   0.00000000                            
PL51  -3613.220793   6225.023169 -10006.133126              
VL51  51931.211134 -13225.152594 -26850.510351              
*  2025  4 19 14 26   0.00000000                            
PL51  -2986.437884   6051.636333 -10312.844736              
VL51  52499.522646 -15667.181764 -24254.930713              
*  2025  4 19 14 28   0.00000000                            
PL51  -2354.028120   5849.163481 -10587.951373              
VL51  52868.890222 -18071.042649 -21584.334101              
*  2025  4 19 14 30   0.00000000                            
PL51  -1718.381998   5618.126482 -10830.600763              
VL51  53038.911594 -20426.111971 -18846.744770              
*  2025  4 19 14 32   0.00000000                            
PL51  -1081.890301   5359.173942 -11040.038175              
VL51  53009.941621 -22721.897081 -16050.391790              
*  2025  4 19 14 34   0.00000000                            
PL51   -446.935021   5073.079383 -11215.608744              
VL51  52783.089403 -24948.078614 -13203.686970              
*  2025  4 19 14 36   0.00000000                            
PL51    184.119655   4760.738908 -11356.759530              
VL51  52360.212824 -27094.552773 -10315.202277              
*  2025  4 19 14 38   0.00000000                            
PL51    808.936293   4423.168360 -11463.041305              
VL51  51743.910539 -29151.473125  -7393.646769              
*  2025  4 19 14 40   0.00000000                            
PL51   1425.213032   4061.499992 -11534.110053              
VL51  50937.511414 -31109.291768  -4447.843085              
*  2025  4 19 14 42   0.00000000                            
PL51   2030.692276   3676.978638 -11569.728190              
VL51  49945.061438 -32958.799736  -1486.703481              
*  2025  4 19 14 44   0.00000000                            
PL51   2623.169208   3270.957406 -11569.765500              
VL51  48771.308126 -34691.166521   1480.794528              
*  2025  4 19 14 46   0.00000000                            
PL51   3200.500100   2844.892909 -11534.199760              
VL51  47421.682443 -36297.978539   4445.632924              
*  2025  4 19 14 48   0.00000000                            
PL51   3760.610393   2400.340031 -11463.117085              
VL51  45902.278266 -37771.276436   7398.778287              
*  2025  4 19 14 50   0.00000000                            
PL51   4301.502523   1938.946264 -11356.711953              
VL51  44219.829436 -39103.591069  10331.207226              
*  2025  4 19 14 52   0.00000000                            
PL51   4821.263443   1462.445617 -11215.286936              
VL51  42381.684421 -40287.978012  13233.932097              
*  2025  4 19 14 54   0.00000000                            
PL51   5318.071838    972.652116 -11039.252113              
VL51  40395.778643 -41318.050464  16098.026972              
*  2025  4 19 14 56   0.00000000                            
PL51   5790.204992    471.452926 -10829.124174              
VL51  38270.604526 -42188.010385  18914.653810              
*  2025  4 19 14 58   0.00000000                            
PL51   6236.045281    -39.198889 -10585.525206              
VL51  36015.179308 -42892.677719  21675.088792              
*  2025  4 19 15  0   0.00000000                            
PL51   6654.086266   -557.291952 -10309.181163              
VL51  33639.010696 -43427.517558  24370.748764              
*  2025  4 19 15  2   0.00000000                            
PL51   7042.938361  -1080.764461 -10000.920022              
VL51  31152.060424 -43788.665080  26993.217714              
*  2025  4 19 15  4   0.00000000                            
PL51   7401.334053  -1607.512372  -9661.669616              
VL51  28564.705810 -43972.948113  29534.273232              
*  2025  4 19 15  6   0.00000000                            
PL51   7728.132653  -2135.397833  -9292.455155              
VL51  25887.699392 -43977.907178  31985.912867              
*  2025  4 19 15  8   0.00000000                            
PL51   8022.324539  -2662.257842  -8894.396427              
VL51  23132.126765 -43801.812844  34340.380291              
*  2025  4 19 15 10   0.00000000                            
PL51   8283.034900  -3185.913098  -8468.704688              
VL51  20309.362726 -43443.680264  36590.191176              
*  2025  4 19 15 12   0.00000000                            
PL51   8509.526930  -3704.177009  -8016.679248              
VL51  17431.025882 -42903.280753  38728.158688              
*  2025  4 19 15 14   0.00000000                            
PL51   8701.204476  -4214.864819  -7539.703749              
VL51  14508.931849 -42181.150261  40747.418478              
*  2025  4 19 15 16   0.00000000                            
PL51   8857.614114  -4715.802821  -7039.242147              
VL51  11555.045233 -41278.594654  42641.453062              
*  2025  4 19 15 18   0.00000000                            
PL51   8978.446645  -5204.837607  -6516.834408              
VL51   8581.430560 -40197.691670  44404.115473              
*  2025  4 19 15 20   0.00000000                            
PL51   9063.537995  -5679.845330  -5974.091925              
VL51   5600.202351 -38941.289473  46029.652044              
*  2025  4 19 15 22   0.00000000                            
PL51   9112.869512  -6138.740918  -5412.692665              
VL51   2623.474556 -37513.001730  47512.724224              
*  2025  4 19 15 24   0.00000000                            
PL51   9126.567651  -6579.487219  -4834.376063              
VL51   -336.690437 -35917.199155  48848.429277              
*  2025  4 19 15 26   0.00000000                            
PL51   9104.903053  -7000.104011  -4240.937673              
VL51  -3268.332979 -34158.997474  50032.319739              
*  2025  4 19 15 28   0.00000000                            
PL51   9048.289001  -7398.676853  -3634.223598              
VL51  -6159.647287 -32244.241808  51060.421517              
*  2025  4 19 15 30   0.00000000                            
PL51   8957.279270  -7773.365732  -3016.124704              
VL51  -8999.032256 -30179.487466  51929.250489              
*  2025  4 19 15 32   0.00000000                            
PL51   8832.565370  -8122.413445  -2388.570652              
VL51 -11775.141702 -27971.977190  52635.827491              
*  2025  4 19 15 34   0.00000000                            
PL51   8674.973186  -8444.153696  -1753.523754              
VL51 -14476.933766 -25629.614902  53177.691580              
*  2025  4 19 15 36   0.00000000                            
PL51   8485.459039  -8737.018859  -1112.972690              
VL51 -17093.719201 -23160.936036  53552.911448              
*  2025  4 19 15 38   0.00000000                            
PL51   8265.105170  -8999.547357   -468.926086              
VL51 -19615.208274 -20575.074563  53760.094907              
*  2025  4 19 15 40   0.00000000                            
PL51   8015.114671  -9230.390634    176.593999              
VL51 -22031.556016 -17881.726854  53798.396350              
*  2025  4 19 15 42   0.00000000                            
PL51   7736.805888  -9428.319671    821.558663              
VL51 -24333.405540 -15091.112528  53667.522112              
*  2025  4 19 15 44   0.00000000                            
PL51   7431.606316  -9592.231013   1463.938811              
VL51 -26511.929191 -12213.932483  53367.733691              
*  2025  4 19 15 46   0.00000000                            
PL51   7101.046010  -9721.152285   2101.711824              
VL51 -28558.867263  -9261.324310  52899.848755              
*  2025  4 19 15 48   0.00000000                            
PL51   6746.750551  -9814.247146   2732.868225              
VL51 -30466.564067  -6244.815323  52265.239946              
*  2025  4 19 15 50   0.00000000                            
PL51   6370.433599  -9870.819679   3355.418324              
VL51 -32228.001130  -3176.273453  51465.831441              
*  2025  4 19 15 52   0.00000000                            
PL51   5973.889059  -9890.318172   3967.398803              
VL51 -33836.827320    -67.856254  50504.093290              
*  2025  4 19 15 54   0.00000000                            
PL51   5558.982909  -9872.338278   4566.879219              
VL51 -35287.385741   3068.041678  49383.033550              
*  2025  4 19 15 56   0.00000000                            
PL51   5127.644726  -9816.625538   5151.968409              
VL51 -36574.737226   6218.842613  48106.188255              
*  2025  4 19 15 58   0.00000000                            
PL51   4681.858948  -9723.077251   5720.820748              
VL51 -37694.680306   9371.840605  46677.609262              
*  2025  4 19 16  0   0.00000000                            
PL51   4223.655923  -9591.743680   6271.642258              
VL51 -38643.767558  12514.257131  45101.850065              
*  2025  4 19 16  2   0.00000000                            
PL51   3755.102775  -9422.828584   6802.696534              
VL51 -39419.318232  15633.297153  43383.949627              
*  2025  4 19 16  4   0.00000000                            
PL51   3278.294155  -9216.689081   7312.310462              
VL51 -40019.427130  18716.205289  41529.414339              
*  2025  4 19 16  6   0.00000000                            
PL51   2795.342892  -8973.834836   7798.879710              
VL51 -40442.969689  21750.321796  39544.198209              
*  2025  4 19 16  8   0.00000000                            
PL51   2308.370621  -8694.926577   8260.873974              
VL51 -40689.603265  24723.138082  37434.681382              
*  2025  4 19 16 10   0.00000000                            
PL51   1819.498404  -8380.773958   8696.841953              
VL51 -40759.764654  27622.351443  35207.647113              
*  2025  4 19 16 12   0.00000000                            
PL51   1330.837418  -8032.332758   9105.416045              
VL51 -40654.663880  30435.918753  32870.257333              
*  2025  4 19 16 14   0.00000000                            
PL51    844.479725  -7650.701455   9485.316733              
VL51 -40376.274326  33152.108854  30430.026924              
*  2025  4 19 16 16   0.00000000                            
PL51    362.489193  -7237.117172   9835.356662              
VL51 -39927.319301  35759.553365  27894.796854              
*  2025  4 19 16 18   0.00000000                            
PL51   -113.107408  -6792.951032  10154.444388              
VL51 -39311.255146  38247.295702  25272.706296              
*  2025  4 19 16 20   0.00000000                            
PL51   -580.329080  -6319.702930  10441.587782              
VL51 -38532.251024  40604.838080  22572.163891              
*  2025  4 19 16 22   0.00000000                            
PL51  -1037.249019  -5818.995755  10695.897088              
VL51 -37595.165529  42822.186295  19801.818270              
*  2025  4 19 16 24   0.00000000                            
PL51  -1482.002730  -5292.569094  10916.587625              
VL51 -36505.520269  44889.892098  16970.527985              
*  2025  4 19 16 26   0.00000000                            
PL51  -1912.795809  -4742.272435  11102.982119              
VL51 -35269.470617  46799.093009  14087.330963              
*  2025  4 19 16 28   0.00000000                            
PL51  -2327.911361  -4170.057914  11254.512676              
VL51 -33893.773785  48541.549413  11161.413632              
*  2025  4 19 16 30   0.00000000                            
PL51  -2725.717019  -3577.972635  11370.722374              
VL51 -32385.754429  50109.678797   8202.079807              
*  2025  4 19 16 32   0.00000000                            
PL51  -3104.671533  -2968.150590  11451.266483              
VL51 -30753.267970  51496.587025   5218.719480              
*  2025  4 19 16 34   0.00000000                            
PL51  -3463.330911  -2342.804227  11495.913316              
VL51 -29004.661846  52696.096531   2220.777610              
*  2025  4 19 16 36   0.00000000                            
PL51  -3800.354080  -1704.215700  11504.544698              
VL51 -27148.734881  53702.771354   -782.276972              
*  2025  4 19 16 38   0.00000000                            
PL51  -4114.508048  -1054.727833  11477.156072              
VL51 -25194.695009  54511.938927  -3780.982440              
*  2025  4 19 16 40   0.00000000                            
PL51  -4404.672558   -396.734849  11413.856224              
VL51 -23152.115540  55119.708576  -6765.914524              
*  2025  4 19 16 42   0.00000000                            
PL51  -4669.844200    267.327112  11314.866657              
VL51 -21030.890215  55522.986679  -9727.716644              
*  2025  4 19 16 44   0.00000000                            
PL51  -4909.139982    934.989630  11180.520598              
VL51 -18841.187231  55719.488465 -12657.129535              
*  2025  4 19 16 46   0.00000000                            
PL51  -5121.800342   1603.761764  11011.261656              
VL51 -16593.402490  55707.746437 -15545.020275              
*  2025  4 19 16 48   0.00000000                            
PL51  -5307.191601   2271.139892  10807.642136              
VL51 -14298.112254  55487.115422 -18382.410638              
*  2025  4 19 16 50   0.00000000                            
PL51  -5464.807837   2934.617597  10570.321012              
VL51 -11966.025434  55057.774265 -21160.504704              
*  2025  4 19 16 52   0.00000000                            
PL51  -5594.272194   3591.695542  10300.061584              
VL51  -9607.935722  54420.724178 -23870.715642              
*  2025  4 19 16 54   0.00000000                            
PL51  -5695.337606   4239.891320   9997.728807              
VL51  -7234.673760  53577.783801 -26504.691613              
*  2025  4 19 16 56   0.00000000                            
PL51  -5767.886961   4876.749210   9664.286326              
VL51  -4857.059553  52531.580994 -29054.340732              
*  2025  4 19 16 58   0.00000000                            
PL51  -5811.932687   5499.849824   9300.793205              
VL51  -2485.855326  51285.541443 -31511.855011              
*  2025  4 19 17  0   0.00000000                            
PL51  -5827.615779   6106.819602   8908.400388              
VL51   -131.719008  49843.874120 -33869.733248              
*  2025  4 19 17  2   0.00000000                            
PL51  -5815.204271   6695.340102   8488.346882              
VL51   2194.841460  48211.553698 -36120.802786              
*  2025  4 19 17  4   0.00000000                            
PL51  -5775.091171   7263.157072   8041.955692              
VL51   4483.512815  46394.299993 -38258.240113              
*  2025  4 19 17  6   0.00000000                            
PL51  -5707.791856   7808.089252   7570.629513              
VL51   6724.219986  44398.554542 -40275.590227              
*  2025  4 19 17  8   0.00000000                            
PL51  -5613.940968   8328.036883   7075.846195              
VL51   8907.168251  42231.454421 -42166.784748              
*  2025  4 19 17 10   0.00000000                            
PL51  -5494.288795   8820.989879   6559.154008              
VL51  11022.883886  39900.803427 -43926.158709              
*  2025  4 19 17 12   0.00000000                            
PL51  -5349.697191   9285.035646   6022.166701              
VL51  13062.253143  37415.040752 -45548.466001              
*  2025  4 19 17 14   0.00000000                            
PL51  -5181.135027   9718.366505   5466.558393              
VL51  15016.559410  34783.207300 -47028.893443              
*  2025  4 19 17 16   0.00000000                            
PL51  -4989.673214  10119.286701   4894.058299              
VL51  16877.518418  32014.909781 -48363.073440              
*  2025  4 19 17 18   0.00000000                            
PL51  -4776.479314  10486.218963   4306.445315              
VL51  18637.311363  29120.282750 -49547.095209              
*  2025  4 19 17 20   0.00000000                            
PL51  -4542.811764  10817.710605   3705.542476              
VL51  20288.615832  26109.948748 -50577.514554              
*  2025  4 19 17 22   0.00000000                            
PL51  -4290.013749  11112.439131   3093.211306              
VL51  21824.634418  22994.976713 -51451.362185              
*  2025  4 19 17 24   0.00000000                            
PL51  -4019.506742  11369.217338   2471.346074              
VL51  23239.120928  19786.838832 -52166.150550              
*  2025  4 19 17 26   0.00000000                            
PL51  -3732.783739  11586.997885   1841.867985              
VL51  24526.404093  16497.366031 -52719.879197              
*  2025  4 19 17 28   0.00000000                            
PL51  -3431.402238  11764.877326   1206.719304              
VL51  25681.408714  13138.702252 -53111.038645              
*  2025  4 19 17 30   0.00000000                            
PL51  -3116.976969  11902.099589    567.857452              
VL51  26699.674162   9723.257749 -53338.612781              
*  2025  4 19 17 32   0.00000000                            
PL51  -2791.172421  11998.058883    -72.750921              
VL51  27577.370197   6263.661570 -53402.079786              
*  2025  4 19 17 34   0.00000000                            
PL51  -2455.695196  12052.302042   -713.135869              
VL51  28311.310051   2772.713431 -53301.411614              
*  2025  4 19 17 36   0.00000000                            
PL51  -2112.286224  12064.530275  -1351.330062              
VL51  28898.960762   -736.664819 -53037.072037              
*  2025  4 19 17 38   0.00000000                            
PL51  -1762.712869  12034.600342  -1985.374670              
VL51  29338.450734  -4251.477957 -52610.013312              
*  2025  4 19 17 40   0.00000000                            
PL51  -1408.760960  11962.525145  -2613.325198              
VL51  29628.574539  -7758.706165 -52021.671474              
*  2025  4 19 17 42   0.00000000                            
PL51  -1052.226783  11848.473724  -3233.257258              
VL51  29768.794960 -11245.353654 -51273.960342              
*  2025  4 19 17 44   0.00000000                            
PL51   -694.909063  11692.770686  -3843.272258              
VL51  29759.242312 -14698.496957 -50369.264253              
*  2025  4 19 17 46   0.00000000                            
PL51   -338.600971  11495.895045  -4441.502999              
VL51  29600.711084 -18105.332734 -49310.429592              
*  2025  4 19 17 48   0.00000000                            
PL51     14.917812  11258.478498  -5026.119163              
VL51  29294.653921 -21453.224920 -48100.755160              
*  2025  4 19 17 50   0.00000000                            
PL51    363.888942  10981.303140  -5595.332680              
VL51  28843.173031 -24729.751079 -46743.981426              
*  2025  4 19 17 52   0.00000000                            
PL51    706.583147  10665.298625  -6147.402958              
VL51  28249.009044 -27922.747820 -45244.278714              
*  2025  4 19 17 54   0.00000000                            
PL51   1041.307805  10311.538790  -6680.641961              
VL51  27515.527410 -31020.355124 -43606.234356              
*  2025  4 19 17 56   0.00000000                            
PL51   1366.414351   9921.237758  -7193.419138              
VL51  26646.702396 -34011.059469 -41834.838878              
*  2025  4 19 17 58   0.00000000                            
PL51   1680.305470   9495.745524  -7684.166167              
VL51  25647.098751 -36883.735608 -39935.471242              
*  2025  4 19 18  0   0.00000000                            
PL51   1981.442069   9036.543056  -8151.381530              
VL51  24521.851146 -39627.686884 -37913.883207              
*  2025  4 19 18  2   0.00000000                            
PL51   2268.349976   8545.236914  -8593.634881              
VL51  23276.641443 -42232.683972 -35776.182839              
*  2025  4 19 18  4   0.00000000                            
PL51   2539.626363   8023.553420  -9009.571224              
VL51  21917.673927 -44689.001941 -33528.817238              
*  2025  4 19 18  6   0.00000000                            
PL51   2793.945853   7473.332392  -9397.914875              
VL51  20451.648555 -46987.455511 -31178.554504              
*  2025  4 19 18  8   0.00000000                            
PL51   3030.066302   6896.520465  -9757.473197              
VL51  18885.732372 -49119.432464 -28732.465000              
*  2025  4 19 18 10   0.00000000                            
PL51   3246.834223   6295.164024 -10087.140115              
VL51  17227.529150 -51076.925071 -26197.901939              
*  2025  4 19 18 12   0.00000000                            
PL51   3443.189834   5671.401773 -10385.899390              
VL51  15485.047402 -52852.559493 -23582.481345              
*  2025  4 19 18 14   0.00000000                            
PL51   3618.171716   5027.456960 -10652.827648              
VL51  13666.666843 -54439.623060 -20894.061413              
*  2025  4 19 18 16   0.00000000                            
PL51   3770.921061   4365.629292 -10887.097163              
VL51  11781.103436 -55832.089372 -18140.721303              
*  2025  4 19 18 18   0.00000000                            
PL51   3900.685490   3688.286559 -11087.978375              
VL51   9837.373116 -57024.641147 -15330.739396              
*  2025  4 19 18 20   0.00000000                            
PL51   4006.822426   2997.856001 -11254.842149              
VL51   7844.754321 -58012.690758 -12472.571040              
*  2025  4 19 18 22   0.00000000                            
PL51   4088.802019   2296.815438 -11387.161761              
VL51   5812.749433 -58792.398397  -9574.825815              
*  2025  4 19 18 24   0.00000000                            
PL51   4146.209590   1587.684204 -11484.514613              
VL51   3751.045254 -59360.687816  -6646.244330              
*  2025  4 19 18 26   0.00000000                            
PL51   4178.747611    873.013894 -11546.583664              
VL51   1669.472639 -59715.259570  -3695.674586              
*  2025  4 19 18 28   0.00000000                            
PL51   4186.237180    155.378986 -11573.158571              
VL51   -422.034596 -59854.601734   -732.047923              
*  2025  4 19 18 30   0.00000000                            
PL51   4168.619013   -562.632669 -11564.136546              
VL51  -2513.481367 -59777.998018   2235.645425              
*  2025  4 19 18 32   0.00000000                            
PL51   4125.953922  -1278.429427 -11519.522912              
VL51  -4594.853478 -59485.533242   5198.381154              
*  2025  4 19 18 34   0.00000000                            
PL51   4058.422793  -1989.425482 -11439.431365              
VL51  -6656.160118 -58978.096110   8147.126046              
*  2025  4 19 18 36   0.00000000                            
PL51   3966.326047  -2693.050519 -11324.083923              
VL51  -8687.476554 -58257.379238  11072.863454              
*  2025  4 19 18 38   0.00000000                            
PL51   3850.082593  -3386.759345 -11173.810578              
VL51 -10678.986884 -57325.876392  13966.619062              
*  2025  4 19 18 40   0.00000000                            
PL51   3710.228263  -4068.041472 -10989.048629              
VL51 -12621.026701 -56186.876865  16819.486899              
*  2025  4 19 18 42   0.00000000                            
PL51   3547.413740  -4734.430616 -10770.341704              
VL51 -14504.125511 -54844.456987  19622.655553              
*  2025  4 19 18 44   0.00000000                            
PL51   3362.401983  -5383.514076 -10518.338471              
VL51 -16319.048751 -53303.468694  22367.434534              
*  2025  4 19 18 46   0.00000000                            
PL51   3156.065137  -6012.941955 -10233.791026              
VL51 -18056.839240 -51569.525147  25045.280725              
*  2025  4 19 18 48   0.00000000                            
PL51   2929.380969  -6620.436200  -9917.552965              
VL51 -19708.857886 -49648.983379  27647.824870              
*  2025  4 19 18 50   0.00000000                            
PL51   2683.428805  -7203.799402  -9570.577139              
VL51 -21266.823480 -47548.923948  30166.897998              
*  2025  4 19 18 52   0.00000000                            
PL51   2419.385007  -7760.923346  -9193.913095              
VL51 -22722.851397 -45277.127612  32594.557736              
*  2025  4 19 18 54   0.00000000                            
PL51   2138.517981  -8289.797259  -8788.704197              
VL51 -24069.491005 -42842.049019  34923.114402              
*  2025  4 19 18 56   0.00000000                            
PL51   1842.182759  -8788.515718  -8356.184441              
VL51 -25299.761620 -40252.787453  37145.156790              
*  2025  4 19 18 58   0.00000000                            
PL51   1531.815149  -9255.286203  -7897.674958              
VL51 -26407.186786 -37519.054659  39253.577557              
*  2025  4 19 19  0   0.00000000                            
PL51   1208.925487  -9688.436237  -7414.580220              
VL51 -27385.826715 -34651.139819  41241.598074              
*  2025  4 19 19  2   0.00000000                            
PL51    875.092013 -10086.420086  -6908.383950              
VL51 -28230.308679 -31659.871742  43102.792654              
*  2025  4 19 19  4   0.00000000                            
PL51    531.953897 -10447.825003  -6380.644742              
VL51 -28935.855169 -28556.578368  44831.112010              
*  2025  4 19 19  6   0.00000000                            
PL51    181.203938 -10771.376953  -5832.991411              
VL51 -29498.309646 -25353.043710  46420.905824              
*  2025  4 19 19  8   0.00000000                            
PL51   -175.419033 -11055.945822  -5267.118073              
VL51 -29914.159694 -22061.462370  47866.944308              
*  2025  4 19 19 10   0.00000000                            
PL51   -536.137999 -11300.550056  -4684.778975              
VL51 -30180.557420 -18694.391779  49164.438611              
*  2025  4 19 19 12   0.00000000                            
PL51   -899.145849 -11504.360719  -4087.783091              
VL51 -30295.336934 -15264.702361  50309.059947              
*  2025  4 19 19 14   0.00000000                            
PL51  -1262.613645 -11666.704940  -3477.988487              
VL51 -30257.028768 -11785.525811  51296.957330              
*  2025  4 19 19 16   0.00000000                            
PL51  -1624.699050 -11787.068731  -2857.296495              
VL51 -30064.871103  -8270.201709  52124.773768              
*  2025  4 19 19 18   0.00000000                            
PL51  -1983.554875 -11865.099151  -2227.645692              
VL51 -29718.817691  -4732.222723  52789.660813              
*  2025  4 19 19 20   0.00000000                            
PL51  -2337.337693 -11900.605812  -1591.005721              
VL51 -29219.542375  -1185.178651  53289.291361              
*  2025  4 19 19 22   0.00000000                            
PL51  -2684.216490 -11893.561702   -949.370965              
VL51 -28568.440136   2357.300424  53621.870570              
*  2025  4 19 19 24   0.00000000                            
PL51  -3022.381309 -11844.103324   -304.754108              
VL51 -27767.624598   5881.601564  53786.144838              
*  2025  4 19 19 26   0.00000000                            
PL51  -3350.051840 -11752.530146    340.820408              
VL51 -26819.921989   9374.186704  53781.408731              
*  2025  4 19 19 28   0.00000000                            
PL51  -3665.485914 -11619.303354    985.322989              
VL51 -25728.861516  12821.650355  53607.509802              
*  2025  4 19 19 30   0.00000000                            
PL51  -3966.987871 -11445.043918   1626.725544              
VL51 -24498.662200  16210.776972  53264.851246              
*  2025  4 19 19 32   0.00000000                            
PL51  -4252.916732 -11230.529969   2263.008156              
VL51 -23134.216206  19528.597663  52754.392353              
*  2025  4 19 19 34   0.00000000                            
PL51  -4521.694168 -10976.693509   2892.165753              
VL51 -21641.068729  22762.445921  52077.646723              
*  2025  4 19 19 36   0.00000000                            
PL51  -4771.812193 -10684.616448   3512.214727              
VL51 -20025.394540  25900.012063  51236.678259              
*  2025  4 19 19 38   0.00000000                            
PL51  -5001.840562 -10355.526007   4121.199513              
VL51 -18293.971312  28929.396068  50234.094931              
*  2025  4 19 19 40   0.00000000                            
PL51  -5210.433836  -9990.789493   4717.199063              
VL51 -16454.149854  31839.158519  49073.040340              
*  2025  4 19 19 42   0.00000000                            
PL51  -5396.338060  -9591.908479   5298.333214              
VL51 -14513.821424  34618.369372  47757.183140              
*  2025  4 19 19 44   0.00000000                            
PL51  -5558.397041  -9160.512407   5862.768918              
VL51 -12481.382295  37256.654275  46290.704353              
*  2025  4 19 19 46   0.00000000                            
PL51  -5695.558184  -8698.351661   6408.726295              
VL51 -10365.695775  39744.238209  44678.282668              
*  2025  4 19 19 48   0.00000000                            
PL51  -5806.877853  -8207.290119   6934.484519              
VL51  -8176.051882  42071.986202  42925.077786              
*  2025  4 19 19 50   0.00000000                            
PL51  -5891.526245  -7689.297254   7438.387471              
VL51  -5922.124914  44231.440930  41036.711921              
*  2025  4 19 19 52   0.00000000                            
PL51  -5948.791730  -7146.439785   7918.849174              
VL51  -3613.929137  46214.857007  39019.249558              
*  2025  4 19 19 54   0.00000000                            
PL51  -5978.084663  -6580.872948   8374.358972              
VL51  -1261.772847  48015.231806  36879.175576              
*  2025  4 19 19 56   0.00000000                            
PL51  -5978.940623  -5994.831416   8803.486430              
VL51   1123.788945  49626.332698  34623.371865              
*  2025  4 19 19 58   0.00000000                            
PL51  -5951.023091  -5390.619917   9204.885958              
VL51   3532.002952  51042.720570  32259.092565              
*  2025  4 19 20  0   0.00000000                            
PL51  -5894.125530  -4770.603582   9577.301118              
VL51   5951.966909  52259.769569  29793.938061              
*  2025  4 19 20  2   0.00000000                            
PL51  -5808.172875  -4137.198095   9919.568619              
VL51   8372.679482  53273.683005  27235.827861              
*  2025  4 19 20  4   0.00000000                            
PL51  -5693.222420  -3492.859660  10230.621979              
VL51  10783.090517  54081.505381  24592.972495              
*  2025  4 19 20  6   0.00000000                            
PL51  -5549.464101  -2840.074861  10509.494845              
VL51  13172.151394  54681.130537  21873.844578              
*  2025  4 19 20  8   0.00000000                            
PL51  -5377.220178  -2181.350433  10755.323959              
VL51  15528.865232  55071.305925  19087.149158              
*  2025  4 19 20 10   0.00000000                            
PL51  -5176.944314  -1519.203018  10967.351768              
VL51  17842.336688  55251.633040  16241.793495              
*  2025  4 19 20 12   0.00000000                            
PL51  -4949.220061   -856.148929  11144.928665              
VL51  20101.821138  55222.564072  13346.856401              
*  2025  4 19 20 14   0.00000000                            
PL51  -4694.758759   -194.693985  11287.514864              
VL51  22296.773000  54985.394836  10411.557272              
*  2025  4 19 20 16   0.00000000                            
PL51  -4414.396864    462.676559  11394.681901              
VL51  24416.892989  54542.254088   7445.224931              
*  2025  4 19 20 18   0.00000000                            
PL51  -4109.092716   1113.507918  11466.113756              
VL51  26452.174100  53896.089328   4457.266399              
*  2025  4 19 20 20   0.00000000                            
PL51  -3779.922761   1755.385505  11501.607607              
VL51  28392.946124  53050.649204   1457.135711              
*  2025  4 19 20 22   0.00000000                            
PL51  -3428.077252   2385.944420  11501.074209              
VL51  30229.918511  52010.462646  -1545.697134              
*  2025  4 19 20 24   0.00000000                            
PL51  -3054.855444   3002.878673  11464.537896              
VL51  31954.221418  50780.814873  -4541.776971              
*  2025  4 19 20 26   0.00000000                            
PL51  -2661.660311   3603.950104  11392.136225              
VL51  33557.444757  49367.720412  -7521.693927              
*  2025  4 19 20 28   0.00000000                            
PL51  -2249.992801   4186.996951  11284.119246              
VL51  35031.675109  47777.893293 -10476.113443              
*  2025  4 19 20 30   0.00000000                            
PL51  -1821.445672   4749.942059  11140.848428              
VL51  36369.530356  46018.714585 -13395.805764              
*  2025  4 19 20 32   0.00000000                            
PL51  -1377.696914   5290.800674  10962.795222              
VL51  37564.191901  44098.197444 -16271.674817              
*  2025  4 19 20 34   0.00000000                            
PL51   -920.502813   5807.687808  10750.539287              
VL51  38609.434370  42024.949856 -19094.786389              
*  2025  4 19 20 36   0.00000000                            
PL51   -451.690661   6298.825140  10504.766385              
VL51  39499.652677  39808.135264 -21856.395541              
*  2025  4 19 20 38   0.00000000                            
PL51     26.848835   6762.547439  10226.265949              
VL51  40229.886385  37457.431264 -24547.973171              
*  2025  4 19 20 40   0.00000000                            
PL51    513.169417   7197.308476   9915.928337              
VL51  40795.841255  34982.986569 -27161.231675              
*  2025  4 19 20 42   0.00000000                            
PL51   1005.277390   7601.686410   9574.741785              
VL51  41193.907947  32395.376426 -29688.149639              
*  2025  4 19 20 44   0.00000000                            
PL51   1501.139936   7974.388633   9203.789071              
VL51  41421.177786  29705.556699 -32120.995500              
*  2025  4 19 20 46   0.00000000                            
PL51   1998.693603   8314.256056   8804.243897              
VL51  41475.455569  26924.816797 -34452.350139              
*  2025  4 19 20 48   0.00000000                            
PL51   2495.852926   8620.266828   8377.367014              
VL51  41355.269364  24064.731661 -36675.128329              
*  2025  4 19 20 50   0.00000000                            
PL51   2990.519156   8891.539461   7924.502090              
VL51  41059.877290  21137.112996 -38782.599017              
*  2025  4 19 20 52   0.00000000                            
PL51   3480.589037   9127.335387   7447.071344              
VL51  40589.271241  18153.959959 -40768.404370              
*  2025  4 19 20 54   0.00000000                            
PL51   3963.963626   9327.060902   6946.570960              
VL51  39944.177586  15127.409494 -42626.577554              
*  2025  4 19 20 56   0.00000000                            
PL51   4438.557093   9490.268523   6424.566296              
VL51  39126.054822  12069.686520 -44351.559194              
*  2025  4 19 20 58   0.00000000                            
PL51   4902.305478   9616.657745   5882.686901              
VL51  38137.088228   8993.054165 -45938.212476              
*  2025  4 19 21  0   0.00000000                            
PL51   5353.175363   9706.075203   5322.621362              
VL51  36980.181553   5909.764269 -47381.836859              
*  2025  4 19 21  2   0.00000000                            
PL51   5789.172433   9758.514240   4746.111991              
VL51  35658.945776   2832.008324 -48678.180357              
*  2025  4 19 21  4   0.00000000                            
PL51   6208.349878   9774.113892   4154.949380              
VL51  34177.685033   -228.130917 -49823.450378              
*  2025  4 19 21  6   0.00000000                            
PL51   6608.816613   9753.157299   3550.966824              
VL51  32541.379751  -3258.727004 -50814.323107              
*  2025  4 19 21  8   0.00000000                            
PL51   6988.745282   9696.069546   2936.034656              
VL51  30755.667109  -6248.056323 -51647.951399              
*  2025  4 19 21 10   0.00000000                            
PL51   7346.380004   9603.414956   2312.054478              
VL51  28826.818905  -9184.643416 -52321.971218              
*  2025  4 19 21 12   0.00000000                            
PL51   7680.043846   9475.893851   1680.953338              
VL51  26761.716939 -12057.304951 -52834.506582              
*  2025  4 19 21 14   0.00000000                            
PL51   7988.145983   9314.338785   1044.677849              
VL51  24567.826016 -14855.192150 -53184.173040              
*  2025  4 19 21 16   0.00000000                            
PL51   8269.188521   9119.710286    405.188277              
VL51  22253.164724 -17567.831531 -53370.079693              
*  2025  4 19 21 18   0.00000000                            
PL51   8521.772955   8893.092117   -235.547384              
VL51  19826.274079 -20185.163822 -53391.829757              
*  2025  4 19 21 20   0.00000000                            
PL51   8744.606241   8635.686080   -875.559344              
VL51  17296.184205 -22697.580921 -53249.519705              
*  2025  4 19 21 22   0.00000000                            
PL51   8936.506459   8348.806392  -1512.881915              
VL51  14672.379182 -25095.960758 -52943.737006              
*  2025  4 19 21 24   0.00000000                            
PL51   9096.408034   8033.873656  -2145.559389              
VL51  11964.760217 -27371.699967 -52475.556489              
*  2025  4 19 21 26   0.00000000                            
PL51   9223.366521   7692.408449  -2771.651858              
VL51   9183.607289 -29516.744262 -51846.535375              
*  2025  4 19 21 28   0.00000000                            
PL51   9316.562906   7326.024562  -3389.240960              
VL51   6339.539423 -31523.616427 -51058.707004              
*  2025  4 19 21 30   0.00000000                            
PL51   9375.307438   6936.421923  -3996.435556              
VL51   3443.473761 -33385.441844 -50114.573317              
*  2025  4 19 21 32   0.00000000                            
PL51   9399.042946   6525.379225  -4591.377299              
VL51    506.583571 -35095.971496 -49017.096110              
*  2025  4 19 21 34   0.00000000                            
PL51   9387.347664   6094.746289  -5172.246090              
VL51  -2459.744622 -36649.602402 -47769.687131              
*  2025  4 19 21 36   0.00000000                            
PL51   9339.937525   5646.436208  -5737.265421              
VL51  -5443.954656 -38041.395419 -46376.197051              
*  2025  4 19 21 38   0.00000000                            
PL51   9256.667934   5182.417282  -6284.707562              
VL51  -8434.364918 -39267.090402 -44840.903362              
*  2025  4 19 21 40   0.00000000                            
PL51   9137.535004   4704.704797  -6812.898611              
VL51 -11419.212956 -40323.118682 -43168.497254              
*  2025  4 19 21 42   0.00000000                            
PL51   8982.676259   4215.352662  -7320.223371              
VL51 -14386.700359 -41206.612860 -41364.069510              
*  2025  4 19 21 44   0.00000000                            
PL51   8792.370794   3716.444954  -7805.130057              
VL51 -17325.037749 -41915.413914 -39433.095486              
*  2025  4 19 21 46   0.00000000                            
PL51   8567.038898   3210.087379  -8266.134818              
VL51 -20222.489750 -42448.075611 -37381.419210              
*  2025  4 19 21 48   0.00000000                            
PL51   8307.241137   2698.398716  -8701.826059              
VL51 -23067.419769 -42803.866265 -35215.236666              
*  2025  4 19 21 50   0.00000000                            
PL51   8013.676900   2183.502238  -9110.868563              
VL51 -25848.334480 -42982.767850 -32941.078299              
*  2025  4 19 21 52   0.00000000                            
PL51   7687.182415   1667.517168  -9492.007392              
VL51 -28553.927855 -42985.472502 -30565.790786              
*  2025  4 19 21 54   0.00000000                            
PL51   7328.728243   1152.550192  -9844.071573              
VL51 -31173.124608 -42813.376451 -28096.518132              
*  2025  4 19 21 56   0.00000000                            
PL51   6939.416248    640.687058 -10165.977548              
VL51 -33695.122967 -42468.571429 -25540.682096              
*  2025  4 19 21 58   0.00000000                            
PL51   6520.476066    133.984296 -10456.732384              
VL51 -36109.436600 -41953.833599 -22905.962016              
*  2025  4 19 22  0   0.00000000                            
PL51   6073.261068   -365.538920 -10715.436744              
VL51 -38405.935613 -41272.610048 -20200.274033              
*  2025  4 19 22  2   0.00000000                            
PL51   5599.243849   -855.908727 -10941.287598              
VL51 -40574.886491 -40429.002914 -17431.749775              
*  2025  4 19 22  4   0.00000000                            
PL51   5100.011228  -1335.204331 -11133.580678              
VL51 -42606.990861 -39427.751188 -14608.714497              
*  2025  4 19 22  6   0.00000000                            
PL51   4577.258811  -1801.565521 -11291.712674              
VL51 -44493.422968 -38274.210258 -11739.664722              
*  2025  4 19 22  8   0.00000000                            
PL51   4032.785093  -2253.199942 -11415.183142              
VL51 -46225.865753 -36974.329267  -8833.245401              
*  2025  4 19 22 10   0.00000000                            
PL51   3468.485149  -2688.390065 -11503.596157              
VL51 -47796.545416 -35534.626325  -5898.226613              
*  2025  4 19 22 12   0.00000000                            
PL51   2886.343913  -3105.499859 -11556.661663              
VL51 -49198.264345 -33962.161681  -2943.479824              
*  2025  4 19 22 14   0.00000000                            
PL51   2288.429079  -3502.981129 -11574.196551              
VL51 -50424.432309 -32264.508885     22.046269              
*  2025  4 19 22 16   0.00000000                            
PL51   1676.883630  -3879.379485 -11556.125439              
VL51 -51469.095782 -30449.724054   2989.350292              
*  2025  4 19 22 18   0.00000000                            
PL51   1053.918034  -4233.339948 -11502.481151              
VL51 -52326.965293 -28526.313288   5949.403118              
*  2025  4 19 22 20   0.00000000                            
PL51    421.802120  -4563.612137 -11413.404900              
VL51 -52993.440673 -26503.198338   8893.173125              
*  2025  4 19 22 22   0.00000000                            
PL51   -217.143331  -4869.055051 -11289.146168              
VL51 -53464.634088 -24389.680607  11811.651767              
*  2025  4 19 22 24   0.00000000                            
PL51   -860.555264  -5148.641394 -11130.062271              
VL51 -53737.390731 -22195.403587  14695.879417              
*  2025  4 19 22 26   0.00000000                            
PL51  -1506.037258  -5401.461451 -10936.617617              
VL51 -53809.307061 -19930.313822  17536.971431              
*  2025  4 19 22 28   0.00000000                            
PL51  -2151.168636  -5626.726483 -10709.382648              
VL51 -53678.746476 -17604.620512  20326.144401              
*  2025  4 19 22 30   0.00000000                            
PL51  -2793.513747  -5823.771627 -10449.032469              
VL51 -53344.852292 -15228.753876  23054.742539              
*  2025  4 19 22 32   0.00000000                            
PL51  -3430.631396  -5992.058298 -10156.345154              
VL51 -52807.557929 -12813.322388  25714.264140              
*  2025  4 19 22 34   0.00000000                            
PL51  -4060.084366  -6131.176064  -9832.199744              
VL51 -52067.594178 -10369.069026  28296.388050              
*  2025  4 19 22 36   0.00000000                            
PL51  -4679.449014  -6240.843992  -9477.573915              
VL51 -51126.493454  -7906.826665  30793.000083              
*  2025  4 19 22 38   0.00000000                            
PL51  -5286.324906  -6320.911457  -9093.541342              
VL51 -49986.590921  -5437.472779  33196.219285              
*  2025  4 19 22 40   0.00000000                            
PL51  -5878.344437  -6371.358403  -8681.268742              
VL51 -48651.022412  -2971.883599  35498.423967              
*  2025  4 19 22 42   0.00000000                            
PL51  -6453.182410  -6392.295049  -8242.012607              
VL51 -47123.719047   -520.887914  37692.277407              
*  2025  4 19 22 44   0.00000000                            
PL51  -7008.565532  -6383.961045  -7777.115633              
VL51 -45409.398491   1904.779306  39770.753107              
*  2025  4 19 22 46   0.00000000                            
PL51  -7542.281782  -6346.724063  -7288.002849              
VL51 -43513.552803   4294.523278  41727.159501              
*  2025  4 19 22 48   0.00000000                            
PL51  -8052.189613  -6281.077843  -6776.177455              
VL51 -41442.432819   6637.935544  43555.163997              
*  2025  4 19 22 50   0.00000000                            
PL51  -8536.226947  -6187.639679  -6243.216367              
VL51 -39203.029083   8924.839684  45248.816219              
*  2025  4 19 22 52   0.00000000                            
PL51  -8992.419922  -6067.147362  -5690.765505              
VL51 -36803.049294  11145.336379  46802.570337              
*  2025  4 19 22 54   0.00000000                            
PL51  -9418.891340  -5920.455595  -5120.534801              
VL51 -34250.892319  13289.847596  48211.306342              
*  2025  4 19 22 56   0.00000000                            
PL51  -9813.868794  -5748.531870  -4534.292973              
VL51 -31555.618797  15349.159670  49470.350152              
*  2025  4 19 22 58   0.00000000                            
PL51 -10175.692411  -5552.451848  -3933.862057              
VL51 -28726.918421  17314.465044  50575.492404              
*  2025  4 19 23  0   0.00000000                            
PL51 -10502.822191  -5333.394245  -3321.111726              
VL51 -25775.073980  19177.402452  51523.005815              
*  2025  4 19 23  2   0.00000000                            
PL51 -10793.844893  -5092.635237  -2697.953407              
VL51 -22710.922284  20930.095283  52309.660986              
*  2025  4 19 23  4   0.00000000                            
PL51 -11047.480433  -4831.542432  -2066.334222              
VL51 -19545.812121  22565.187935  52932.740532              
*  2025  4 19 23  6   0.00000000                            
PL51 -11262.587760  -4551.568407  -1428.230768              
VL51 -16291.559402  24075.879903  53390.051420              
*  2025  4 19 23  8   0.00000000                            
PL51 -11438.170183  -4254.243854   -785.642756              
VL51 -12960.399705  25455.957417  53679.935419              
*  2025  4 19 23 10   0.00000000                            
PL51 -11573.380105  -3941.170364   -140.586545              
VL51  -9564.938424  26699.822398  53801.277572              
*  2025  4 19 23 12   0.00000000                            
PL51 -11667.523156  -3614.012880    504.911417              
VL51  -6118.098774  27802.518569  53753.512595              
*  2025  4 19 23 14   0.00000000                            
PL51 -11720.061683  -3274.491851   1148.821222              
VL51  -2633.067908  28759.754533  53536.629156              
*  2025  4 19 23 16   0.00000000                            
PL51 -11730.617582  -2924.375132   1789.116161              
VL51    876.758577  29567.923662  53151.171975              
*  2025  4 19 23 18   0.00000000                            
PL51 -11698.974469  -2565.469667   2423.779397              
VL51   4397.833435  30224.120670  52598.241706              
*  2025  4 19 23 20   0.00000000                            
PL51 -11625.079143  -2199.612985   3050.810626              
VL51   7916.515578  30726.154756  51879.492596              
*  2025  4 19 23 22   0.00000000                            
PL51 -11509.042371  -1828.664569   3668.232697              
VL51  11419.128577  31072.559222  50997.127903              
*  2025  4 19 23 24   0.00000000                            
PL51 -11351.138952  -1454.497127   4274.098158              
VL51  14892.019520  31262.597501  49953.893099              
*  2025  4 19 23 26   0.00000000                            
PL51 -11151.807086  -1078.987809   4866.495710              
VL51  18321.617924  31296.265564  48753.066878              
*  2025  4 19 23 28   0.00000000                            
PL51 -10911.647031   -704.009424   5443.556545              
VL51  21694.494361  31174.290673  47398.450023              
*  2025  4 19 23 30   0.00000000                            
PL51 -10631.419059   -331.421687   6003.460533              
VL51  24997.418478  30898.126496  45894.352183              
*  2025  4 19 23 32   0.00000000                            
PL51 -10312.040728     36.937445   6544.442236              
VL51  28217.416098  30469.944627  44245.576647              
*  2025  4 19 23 34   0.00000000                            
PL51  -9954.583468    399.260328   7064.796732              
VL51  31341.825101  29892.622554  42457.403200              
*  2025  4 19 23 36   0.00000000                            
PL51  -9560.268510    753.778005   7562.885224              
VL51  34358.349783  29169.728169  40535.569152              
*  2025  4 19 23 38   0.00000000                            
PL51  -9130.462171   1098.768384   8037.140402              
VL51  37255.113428  28305.500916  38486.248671              
*  2025  4 19 23 40   0.00000000                            
PL51  -8666.670520   1432.564165   8486.071560              
VL51  40020.708833  27304.829706  36316.030509              
*  2025  4 19 23 42   0.00000000                            
PL51  -8170.533455   1753.560491   8908.269424              
VL51  42644.246530  26173.227732  34031.894261              
*  2025  4 19 23 44   0.00000000                            
PL51  -7643.818209   2060.222266   9302.410696              
VL51  45115.400505  24916.804355  31641.185281              
*  2025  4 19 23 46   0.00000000                            
PL51  -7088.412332   2351.091134   9667.262287              
VL51  47424.451184  23542.234215  29151.588363              
*  2025  4 19 23 48   0.00000000                            
PL51  -6506.316166   2624.792056  10001.685224              
VL51  49562.325512  22056.723772  26571.100357              
*  2025  4 19 23 50   0.00000000                            
PL51  -5899.634867   2880.039488  10304.638228              
VL51  51520.633953  20467.975457  23908.001812              
*  2025  4 19 23 52   0.00000000                            
PL51  -5270.569992   3115.643097  10575.180944              
VL51  53291.704268  18784.149650  21170.827817              
*  2025  4 19 23 54   0.00000000                            
PL51  -4621.410706   3330.513028  10812.476815              
VL51  54868.611933  17013.824703  18368.338156              
*  2025  4 19 23 56   0.00000000                            
PL51  -3954.524649   3523.664663  11015.795598              
VL51  56245.207106  15165.955218  15509.486934              
*  2025  4 19 23 58   0.00000000                            
PL51  -3272.348489   3694.222882  11184.515514              
VL51  57416.138064  13249.828828  12603.391795              
EOF                                                         
