#cV2025  4 27  0  0  0.00000000    5040 SLR   ECF   FIT JCET
## 2364   18.000000         120.000000 60792   0.0000000    
+    1   L51  0  0  0  0  0  0  0  0  0  0  0  0  0  0  0  0
+          0  0  0  0  0  0  0  0  0  0  0  0  0  0  0  0  0
+          0  0  0  0  0  0  0  0  0  0  0  0  0  0  0  0  0
+          0  0  0  0  0  0  0  0  0  0  0  0  0  0  0  0  0
+          0  0  0  0  0  0  0  0  0  0  0  0  0  0  0  0  0
++       000000000000000000000000000000000000000000000000000
++       000000000000000000000000000000000000000000000000000
++       000000000000000000000000000000000000000000000000000
++       000000000000000000000000000000000000000000000000000
++       000000000000000000000000000000000000000000000000000
%c L  cc UTC ccc cccc cccc cccc cccc ccccc ccccc ccccc ccccc
%c cc cc ccc ccc cccc cccc cccc cccc ccccc ccccc ccccc ccccc
%f  0.0000000  0.000000000  0.00000000000  0.000000000000000
%f  0.0000000  0.000000000  0.00000000000  0.000000000000000
%i    0    0    0    0      0      0      0      0         0
%i    0    0    0    0      0      0      0      0         0
/* CCCCCCCCCCCCCCCCCCCCCCCCCCCCCCCCCCCCCCCCCCCCCCCCCCCCCCCCC
/*  ECF (IERS/ITRF) orbital product from JCET ILRS AC       
/* jcet.pos+eop.250503.v80.snx.gz                           
/* CCCCCCCCCCCCCCCCCCCCCCCCCCCCCCCCCCCCCCCCCCCCCCCCCCCCCCCCC
*  2025  4 27  0  0   0.00000000                            
PL51 -10741.020566  -2255.600019  -5434.968944              
VL51 -28833.830518  24256.532474  47458.819246              
*  2025  4 27  0  2   0.00000000                            
PL51 -11067.898395  -1958.316240  -4857.261614              
VL51 -25628.638405  25268.895071  48800.808375              
*  2025  4 27  0  4   0.00000000                            
PL51 -11355.720094  -1649.681067  -4264.356474              
VL51 -22326.512377  26147.645329  49991.081872              
*  2025  4 27  0  6   0.00000000                            
PL51 -11603.396584  -1331.324901  -3658.098557              
VL51 -18939.872267  26888.379315  51025.646057              
*  2025  4 27  0  8   0.00000000                            
PL51 -11809.990080  -1004.927163  -3040.377892              
VL51 -15481.505790  27487.335239  51900.997615              
*  2025  4 27  0 10   0.00000000                            
PL51 -11974.718198   -672.208456  -2413.123530              
VL51 -11964.517099  27941.413670  52614.138650              
*  2025  4 27  0 12   0.00000000                            
PL51 -12096.957441   -334.922517  -1778.297399              
VL51  -8402.273404  28248.194708  53162.589979              
*  2025  4 27  0 14   0.00000000                            
PL51 -12176.246020      5.152027  -1137.888003              
VL51  -4808.349927  28405.951962  53544.402588              
*  2025  4 27  0 16   0.00000000                            
PL51 -12212.286014    346.220050   -493.904006              
VL51  -1196.473457  28413.663215  53758.167128              
*  2025  4 27  0 18   0.00000000                            
PL51 -12204.944849    686.478420    151.632289              
VL51   2419.535202  28271.017689  53803.021385              
*  2025  4 27  0 20   0.00000000                            
PL51 -12154.256070   1024.124567    796.691549              
VL51   6025.819601  27978.419819  53678.655645              
*  2025  4 27  0 22   0.00000000                            
PL51 -12060.419420   1357.365067   1439.244051              
VL51   9608.546500  27536.989499  53385.315901              
*  2025  4 27  0 24   0.00000000                            
PL51 -11923.800208   1684.424215   2077.266368              
VL51  13153.964913  26948.558757  52923.804863              
*  2025  4 27  0 26   0.00000000                            
PL51 -11744.927963   2003.552528   2708.748038              
VL51  16648.465003  26215.664854  52295.480738              
*  2025  4 27  0 28   0.00000000                            
PL51 -11524.494398   2313.035151   3331.698218              
VL51  20078.636498  25341.539837  51502.253771              
*  2025  4 27  0 30   0.00000000                            
PL51 -11263.350658   2611.200117   3944.152269              
VL51  23431.326318  24330.096569  50546.580554              
*  2025  4 27  0 32   0.00000000                            
PL51 -10962.503902   2896.426409   4544.178274              
VL51  26693.695070  23185.911326  49431.456124              
*  2025  4 27  0 34   0.00000000                            
PL51 -10623.113202   3167.151807   5129.883434              
VL51  29853.272107  21914.203032  48160.403889              
*  2025  4 27  0 36   0.00000000                            
PL51 -10246.484799   3421.880454   5699.420346              
VL51  32898.008852  20520.809271  46737.463439              
*  2025  4 27  0 38   0.00000000                            
PL51  -9834.066725   3659.190122   6250.993104              
VL51  35816.330087  19012.159185  45167.176306              
*  2025  4 27  0 40   0.00000000                            
PL51  -9387.442829   3877.739133   6782.863236              
VL51  38597.182945  17395.243440  43454.569768              
*  2025  4 27  0 42   0.00000000                            
PL51  -8908.326229   4076.272905   7293.355420              
VL51  41230.083358  15677.581412  41605.138777              
*  2025  4 27  0 44   0.00000000                            
PL51  -8398.552217   4253.630083   7780.862983              
VL51  43705.159715  13867.185800  39624.826118              
*  2025  4 27  0 46   0.00000000                            
PL51  -7860.070663   4408.748238   8243.853143              
VL51  46013.193540  11972.524853  37520.000918              
*  2025  4 27  0 48   0.00000000                            
PL51  -7294.937955   4540.669094   8680.871994              
VL51  48145.656984  10002.482435  35297.435612              
*  2025  4 27  0 50   0.00000000                            
PL51  -6705.308495   4648.543267   9090.549196              
VL51  50094.746979   7966.316143  32964.281491              
*  2025  4 27  0 52   0.00000000                            
PL51  -6093.425821   4731.634489   9471.602370              
VL51  51853.415892   5873.613729  30528.042971              
*  2025  4 27  0 54   0.00000000                            
PL51  -5461.613372   4789.323302   9822.841174              
VL51  53415.398575   3734.248039  27996.550704              
*  2025  4 27  0 56   0.00000000                            
PL51  -4812.264954   4821.110200  10143.171053              
VL51  54775.235703   1558.330751  25377.933687              
*  2025  4 27  0 58   0.00000000                            
PL51  -4147.834952   4826.618217  10431.596648              
VL51  55928.293337   -643.834880  22680.590498              
*  2025  4 27  1  0   0.00000000                            
PL51  -3470.828323   4805.594934  10687.224850              
VL51  56870.778665  -2861.801985  19913.159811              
*  2025  4 27  1  2   0.00000000                            
PL51  -2783.790434   4757.913915  10909.267507              
VL51  57599.751898  -5085.028526  17084.490329              
*  2025  4 27  1  4   0.00000000                            
PL51  -2089.296763   4683.575555  11097.043758              
VL51  58113.134346  -7302.925977  14203.610261              
*  2025  4 27  1  6   0.00000000                            
PL51  -1389.942548   4582.707349  11249.982005              
VL51  58409.712682  -9504.908009  11279.696493              
*  2025  4 27  1  8   0.00000000                            
PL51   -688.332388   4455.563570  11367.621509              
VL51  58489.139443 -11680.438940   8322.043548              
*  2025  4 27  1 10   0.00000000                            
PL51     12.930131   4302.524376  11449.613614              
VL51  58351.929843 -13819.081746   5340.032465              
*  2025  4 27  1 12   0.00000000                            
PL51    711.252747   4124.094340  11495.722602              
VL51  57999.454944 -15910.545408   2343.099707              
*  2025  4 27  1 14   0.00000000                            
PL51   1404.064737   3920.900419  11505.826169              
VL51  57433.931295 -17944.731390   -659.293814              
*  2025  4 27  1 16   0.00000000                            
PL51   2088.826980   3693.689368  11479.915535              
VL51  56658.407121 -19911.779065  -3657.693479              
*  2025  4 27  1 18   0.00000000                            
PL51   2763.041843   3443.324622  11418.095186              
VL51  55676.745166 -21802.109873  -6642.681391              
*  2025  4 27  1 20   0.00000000                            
PL51   3424.262830   3170.782652  11320.582251              
VL51  54493.602322 -23606.470060  -9604.906386              
*  2025  4 27  1 22   0.00000000                            
PL51   4070.103979   2877.148819  11187.705526              
VL51  53114.406157 -25315.971800 -12535.113556              
*  2025  4 27  1 24   0.00000000                            
PL51   4698.248949   2563.612743  11019.904142              
VL51  51545.328484 -26922.132555 -15424.173181              
*  2025  4 27  1 26   0.00000000                            
PL51   5306.459785   2231.463216  10817.725894              
VL51  49793.256113 -28416.912507 -18263.109010              
*  2025  4 27  1 28   0.00000000                            
PL51   5892.585303   1882.082673  10581.825234              
VL51  47865.758944 -29792.749931 -21043.125803              
*  2025  4 27  1 30   0.00000000                            
PL51   6454.569086   1516.941254  10312.960937              
VL51  45771.055558 -31042.594361 -23755.636067              
*  2025  4 27  1 32   0.00000000                            
PL51   6990.457050   1137.590482  10011.993450              
VL51  43517.976467 -32159.937440 -26392.285917              
*  2025  4 27  1 34   0.00000000                            
PL51   7498.404555    745.656584   9679.881942              
VL51  41115.925202 -33138.841329 -28944.980004              
*  2025  4 27  1 36   0.00000000                            
PL51   7976.683037    342.833488   9317.681051              
VL51  38574.837414 -33973.964583 -31405.905430              
*  2025  4 27  1 38   0.00000000                            
PL51   8423.686141    -69.124477   8926.537365              
VL51  35905.138161 -34660.585393 -33767.554618              
*  2025  4 27  1 40   0.00000000                            
PL51   8837.935328   -488.410143   8507.685619              
VL51  33117.697588 -35194.622125 -36022.747053              
*  2025  4 27  1 42   0.00000000                            
PL51   9218.084943   -913.171293   8062.444649              
VL51  30223.785171 -35572.651076 -38164.649865              
*  2025  4 27  1 44   0.00000000                            
PL51   9562.926726  -1341.518648   7592.213102              
VL51  27235.022727 -35791.921403 -40186.797190              
*  2025  4 27  1 46   0.00000000                            
PL51   9871.393754  -1771.534021   7098.464921              
VL51  24163.336395 -35850.367165 -42083.108271              
*  2025  4 27  1 48   0.00000000                            
PL51  10142.563798  -2201.278585   6582.744625              
VL51  21020.907773 -35746.616465 -43847.904263              
*  2025  4 27  1 50   0.00000000                            
PL51  10375.662096  -2628.801253   6046.662388              
VL51  17820.124428 -35479.997652 -45475.923689              
*  2025  4 27  1 52   0.00000000                            
PL51  10570.063522  -3052.147093   5491.888947              
VL51  14573.529961 -35050.542582 -46962.336538              
*  2025  4 27  1 54   0.00000000                            
PL51  10725.294158  -3469.365782   4920.150347              
VL51  11293.773850 -34458.986948 -48302.756950              
*  2025  4 27  1 56   0.00000000                            
PL51  10841.032265  -3878.520035   4333.222539              
VL51   7993.561257 -33706.767684 -49493.254491              
*  2025  4 27  1 58   0.00000000                            
PL51  10917.108649  -4277.693993   3732.925859              
VL51   4685.603005 -32796.017480 -50530.363977              
*  2025  4 27  2  0   0.00000000                            
PL51  10953.506432  -4665.001523   3121.119391              
VL51   1382.565911 -31729.556436 -51411.093841              
*  2025  4 27  2  2   0.00000000                            
PL51  10950.360227  -5038.594402   2499.695239              
VL51  -1902.976308 -30510.880928 -52132.933048              
*  2025  4 27  2  4   0.00000000                            
PL51  10907.954733  -5396.670356   1870.572730              
VL51  -5158.591386 -29144.149731 -52693.856521              
*  2025  4 27  2  6   0.00000000                            
PL51  10826.722747  -5737.480908   1235.692556              
VL51  -8372.035946 -27634.167471 -53092.329111              
*  2025  4 27  2  8   0.00000000                            
PL51  10707.242622  -6059.339016    597.010876              
VL51 -11531.301801 -25986.365514 -53327.308106              
*  2025  4 27  2 10   0.00000000                            
PL51  10550.235174  -6360.626469    -43.506598              
VL51 -14624.660989 -24206.780371 -53398.244283              
*  2025  4 27  2 12   0.00000000                            
PL51  10356.560051  -6639.801007   -683.890522              
VL51 -17640.709362 -22302.029725 -53305.081548              
*  2025  4 27  2 14   0.00000000                            
PL51  10127.211601  -6895.403139  -1322.173832              
VL51 -20568.408583 -20279.286200 -53048.255150              
*  2025  4 27  2 16   0.00000000                            
PL51   9863.314232  -7126.062633  -1956.397618              
VL51 -23397.126377 -18146.248987 -52628.688542              
*  2025  4 27  2 18   0.00000000                            
PL51   9566.117312  -7330.504657  -2584.616958              
VL51 -26116.674918 -15911.113448 -52047.788880              
*  2025  4 27  2 20   0.00000000                            
PL51   9236.989611  -7507.555539  -3204.906693              
VL51 -28717.347220 -13582.538851 -51307.441231              
*  2025  4 27  2 22   0.00000000                            
PL51   8877.413327  -7656.148134  -3815.367116              
VL51 -31189.951428 -11169.614338 -50410.001504              
*  2025  4 27  2 24   0.00000000                            
PL51   8488.977708  -7775.326766  -4414.129573              
VL51 -33525.842902  -8681.823297 -49358.288161              
*  2025  4 27  2 26   0.00000000                            
PL51   8073.372304  -7864.251743  -4999.361963              
VL51 -35716.954007  -6129.006253 -48155.572749              
*  2025  4 27  2 28   0.00000000                            
PL51   7632.379875  -7922.203408  -5569.274108              
VL51 -37755.821542  -3521.322451 -46805.569287              
*  2025  4 27  2 30   0.00000000                            
PL51   7167.868989  -7948.585732  -6122.122996              
VL51 -39635.611711   -869.210239 -45312.422579              
*  2025  4 27  2 32   0.00000000                            
PL51   6681.786327  -7942.929416  -6656.217873              
VL51 -41350.142606   1816.653558 -43680.695468              
*  2025  4 27  2 34   0.00000000                            
PL51   6176.148742  -7904.894509  -7169.925182              
VL51 -42893.904138   4525.395169 -41915.355114              
*  2025  4 27  2 36   0.00000000                            
PL51   5653.035089  -7834.272515  -7661.673320              
VL51 -44262.075383   7245.986133 -40021.758321              
*  2025  4 27  2 38   0.00000000                            
PL51   5114.577865  -7730.987992  -8129.957232              
VL51 -45450.539309   9967.286151 -38005.635974              
*  2025  4 27  2 40   0.00000000                            
PL51   4562.954683  -7595.099637  -8573.342791              
VL51 -46455.894875  12678.086396 -35873.076637              
*  2025  4 27  2 42   0.00000000                            
PL51   4000.379629  -7426.800849  -8990.470997              
VL51 -47275.466490  15367.153121 -33630.509345              
*  2025  4 27  2 44   0.00000000                            
PL51   3429.094503  -7226.419759  -9380.061950              
VL51 -47907.310830  18023.271460 -31284.685648              
*  2025  4 27  2 46   0.00000000                            
PL51   2851.360013  -6994.418744  -9740.918612              
VL51 -48350.221009  20635.289243 -28842.660948              
*  2025  4 27  2 48   0.00000000                            
PL51   2269.446919  -6731.393416 -10071.930335              
VL51 -48603.728135  23192.160732 -26311.775144              
*  2025  4 27  2 50   0.00000000                            
PL51   1685.627185  -6438.071075 -10372.076158              
VL51 -48668.100247  25682.990132 -23699.632648              
*  2025  4 27  2 52   0.00000000                            
PL51   1102.165154  -6115.308657 -10640.427858              
VL51 -48544.338667  28097.074732 -21014.081789              
*  2025  4 27  2 54   0.00000000                            
PL51    521.308784  -5764.090159 -10876.152748              
VL51 -48234.171786  30423.947573 -18263.193634              
*  2025  4 27  2 56   0.00000000                            
PL51    -54.719030  -5385.523556 -11078.516223              
VL51 -47740.046310  32653.419492 -15455.240272              
*  2025  4 27  2 58   0.00000000                            
PL51   -623.729006  -4980.837217 -11246.884039              
VL51 -47065.116009  34775.620430 -12598.672560              
*  2025  4 27  3  0   0.00000000                            
PL51  -1183.573883  -4551.375838 -11380.724320              
VL51 -46213.228000  36781.039867  -9702.097386              
*  2025  4 27  3  2   0.00000000                            
PL51  -1732.156646  -4098.595885 -11479.609294              
VL51 -45188.906600  38660.566274  -6774.254453              
*  2025  4 27  3  4   0.00000000                            
PL51  -2267.438544  -3624.060574 -11543.216744              
VL51 -43997.334803  40405.525433  -3823.992612              
*  2025  4 27  3  6   0.00000000                            
PL51  -2787.446870  -3129.434405 -11571.331173              
VL51 -42644.333412  42007.717518   -860.245767              
*  2025  4 27  3  8   0.00000000                            
PL51  -3290.282480  -2616.477248 -11563.844679              
VL51 -41136.337880  43459.452794   2107.991620              
*  2025  4 27  3 10   0.00000000                            
PL51  -3774.127016  -2087.038018 -11520.757535              
VL51 -39480.372917  44753.585814   5071.689410              
*  2025  4 27  3 12   0.00000000                            
PL51  -4237.249816  -1543.047947 -11442.178461              
VL51 -37684.024910  45883.547964   8021.807007              
*  2025  4 27  3 14   0.00000000                            
PL51  -4678.014478   -986.513474 -11328.324600              
VL51 -35755.412220  46843.378251  10949.318911              
*  2025  4 27  3 16   0.00000000                            
PL51  -5094.885053   -419.508778 -11179.521182              
VL51 -33703.153427  47627.752158  13845.240547              
*  2025  4 27  3 18   0.00000000                            
PL51  -5486.431848    155.832021 -10996.200875              
VL51 -31536.333580  48232.008475  16700.654351              
*  2025  4 27  3 20   0.00000000                            
PL51  -5851.336815    737.322972 -10778.902826              
VL51 -29264.468549  48652.173924  19506.736057              
*  2025  4 27  3 22   0.00000000                            
PL51  -6188.398492   1322.734686 -10528.271381              
VL51 -26897.467542  48884.985469  22254.781143              
*  2025  4 27  3 24   0.00000000                            
PL51  -6496.536494   1909.802980 -10245.054487              
VL51 -24445.593894  48927.910151  24936.231383              
*  2025  4 27  3 26   0.00000000                            
PL51  -6774.795516   2496.237742  -9930.101780              
VL51 -21919.424219  48779.162318  27542.701429              
*  2025  4 27  3 28   0.00000000                            
PL51  -7022.348842   3079.731991  -9584.362352              
VL51 -19329.806054  48437.718103  30066.005366              
*  2025  4 27  3 30   0.00000000                            
PL51  -7238.501333   3657.971089  -9208.882195              
VL51 -16687.814090  47903.327022  32498.183142              
*  2025  4 27  3 32   0.00000000                            
PL51  -7422.691886   4228.642076  -8804.801336              
VL51 -14004.705162  47176.520558  34831.526791              
*  2025  4 27  3 34   0.00000000                            
PL51  -7574.495341   4789.443094  -8373.350654              
VL51 -11291.872124  46258.617611  37058.606342              
*  2025  4 27  3 36   0.00000000                            
PL51  -7693.623834   5338.092845  -7915.848395              
VL51  -8560.796784  45151.726722  39172.295313              
*  2025  4 27  3 38   0.00000000                            
PL51  -7779.927580   5872.340070  -7433.696373              
VL51  -5823.002083  43858.744947  41165.795668              
*  2025  4 27  3 40   0.00000000                            
PL51  -7833.395070   6389.972983  -6928.375890              
VL51  -3090.003699  42383.353329  43032.662135              
*  2025  4 27  3 42   0.00000000                            
PL51  -7854.152700   6888.828639  -6401.443352              
VL51   -373.261280  40730.008884  44766.825748              
*  2025  4 27  3 44   0.00000000                            
PL51  -7842.463798   7366.802173  -5854.525624              
VL51   2315.870476  38903.933066  46362.616501              
*  2025  4 27  3 46   0.00000000                            
PL51  -7798.727077   7821.855894  -5289.315109              
VL51   4966.190670  36911.096666  47814.784970              
*  2025  4 27  3 48   0.00000000                            
PL51  -7723.474492   8252.028163  -4707.564574              
VL51   7566.700762  34758.201154  49118.522800              
*  2025  4 27  3 50   0.00000000                            
PL51  -7617.368527   8655.442035  -4111.081745              
VL51  10106.652579  32452.656467  50269.481907              
*  2025  4 27  3 52   0.00000000                            
PL51  -7481.198907   9030.313606  -3501.723673              
VL51  12575.595547  30002.555275  51263.792271              
*  2025  4 27  3 54   0.00000000                            
PL51  -7315.878745   9374.960038  -2881.390900              
VL51  14963.422891  27416.643798  52098.078203              
*  2025  4 27  3 56   0.00000000                            
PL51  -7122.440148   9687.807208  -2252.021435              
VL51  17260.416532  24704.289249  52769.472961              
*  2025  4 27  3 58   0.00000000                            
PL51  -6902.029289   9967.396945  -1615.584569              
VL51  19457.290462  21875.444021  53275.631600              
*  2025  4 27  4  0   0.00000000                            
PL51  -6655.900973  10212.393829   -974.074546              
VL51  21545.232306  18940.606755  53614.741948              
*  2025  4 27  4  2   0.00000000                            
PL51  -6385.412712  10421.591490   -329.504113              
VL51  23515.942865  15910.780450  53785.533620              
*  2025  4 27  4  4   0.00000000                            
PL51  -6092.018342  10593.918399    316.102023              
VL51  25361.673361  12797.427807  53787.284982              
*  2025  4 27  4  6   0.00000000                            
PL51  -5777.261209  10728.443104    960.713815              
VL51  27075.260192   9612.424019  53619.827984              
*  2025  4 27  4  8   0.00000000                            
PL51  -5442.766946  10824.378882   1602.302536              
VL51  28650.156952   6368.007236  53283.550815              
*  2025  4 27  4 10   0.00000000                            
PL51  -5090.235894  10881.087789   2238.847457              
VL51  30080.463519   3076.726984  52779.398335              
*  2025  4 27  4 12   0.00000000                            
PL51  -4721.435189  10898.084077   2868.342518              
VL51  31360.952035   -248.609214  52108.870253              
*  2025  4 27  4 14   0.00000000                            
PL51  -4338.190548  10875.036966   3488.802968              
VL51  32487.089604  -3594.990682  51274.017069              
*  2025  4 27  4 16   0.00000000                            
PL51  -3942.377818  10811.772738   4098.271934              
VL51  33455.057581  -6949.259634  50277.433766              
*  2025  4 27  4 18   0.00000000                            
PL51  -3535.914303  10708.276171   4694.826910              
VL51  34261.767322 -10298.168076  49122.251325              
*  2025  4 27  4 20   0.00000000                            
PL51  -3120.749926  10564.691271   5276.586125              
VL51  34904.872339 -13628.435278  47812.126070              
*  2025  4 27  4 22   0.00000000                            
PL51  -2698.858275  10381.321322   5841.714773              
VL51  35382.776771 -16926.805488  46351.226941              
*  2025  4 27  4 24   0.00000000                            
PL51  -2272.227555  10158.628238   6388.431078              
VL51  35694.640146 -20180.105584  44744.220738              
*  2025  4 27  4 26   0.00000000                            
PL51  -1842.851520   9897.231227   6915.012172              
VL51  35840.378432 -23375.302362  42996.255434              
*  2025  4 27  4 28   0.00000000                            
PL51  -1412.720402   9597.904773   7419.799756              
VL51  35820.661372 -26499.559152  41112.941650              
*  2025  4 27  4 30   0.00000000                            
PL51   -983.811906   9261.575944   7901.205534              
VL51  35636.906145 -29540.291458  39100.332380              
*  2025  4 27  4 32   0.00000000                            
PL51   -558.082293   8889.321035   8357.716392              
VL51  35291.267417 -32485.221355  36964.901101              
*  2025  4 27  4 34   0.00000000                            
PL51   -137.457610   8482.361569   8787.899306              
VL51  34786.623847 -35322.430345  34713.518379              
*  2025  4 27  4 36   0.00000000                            
PL51    276.174902   8042.059682   9190.405954              
VL51  34126.561169 -38040.410436  32353.427096              
*  2025  4 27  4 38   0.00000000                            
PL51    680.975174   7569.912894   9563.977037              
VL51  33315.351959 -40628.113186  29892.216447              
*  2025  4 27  4 40   0.00000000                            
PL51   1075.158412   7067.548316   9907.446268              
VL51  32357.932243 -43074.996496  27337.794836              
*  2025  4 27  4 42   0.00000000                            
PL51   1457.002906   6536.716300  10219.744035              
VL51  31259.875078 -45371.068958  24698.361798              
*  2025  4 27  4 44   0.00000000                            
PL51   1824.857500   5979.283583  10499.900723              
VL51  30027.361312 -47506.931553  21982.379107              
*  2025  4 27  4 46   0.00000000                            
PL51   2177.148695   5397.225941  10747.049688              
VL51  28667.147666 -49473.816556  19198.541171              
*  2025  4 27  4 48   0.00000000                            
PL51   2512.387359   4792.620391  10960.429858              
VL51  27186.532368 -51263.623485  16355.744879              
*  2025  4 27  4 50   0.00000000                            
PL51   2829.175004   4167.636987  11139.387991              
VL51  25593.318505 -52868.951970  13463.059008              
*  2025  4 27  4 52   0.00000000                            
PL51   3126.209617   3524.530240  11283.380543              
VL51  23895.775336 -54283.131434  10529.693319              
*  2025  4 27  4 54   0.00000000                            
PL51   3402.291012   2865.630190  11391.975182              
VL51  22102.597738 -55500.247491   7564.967469              
*  2025  4 27  4 56   0.00000000                            
PL51   3656.325682   2193.333200  11464.851913              
VL51  20222.864048 -56515.164988   4578.279860              
*  2025  4 27  4 58   0.00000000                            
PL51   3887.331146   1510.092478  11501.803838              
VL51  18265.992480 -57323.547639   1579.076521              
*  2025  4 27  5  0   0.00000000                            
PL51   4094.439758    818.408391  11502.737543              
VL51  16241.696361 -57921.874206  -1423.179849              
*  2025  4 27  5  2   0.00000000                            
PL51   4276.901972    120.818607  11467.673114              
VL51  14159.938396 -58307.451199  -4419.040598              
*  2025  4 27  5  4   0.00000000                            
PL51   4434.089062   -580.111901  11396.743783              
VL51  12030.884188 -58478.422101  -7399.101486              
*  2025  4 27  5  6   0.00000000                            
PL51   4565.495268  -1281.800931  11290.195216              
VL51   9864.855217 -58433.773095 -10354.032622              
*  2025  4 27  5  8   0.00000000                            
PL51   4670.739388  -1981.659187  11148.384446              
VL51   7672.281508 -58173.335324 -13274.607874              
*  2025  4 27  5 10   0.00000000                            
PL51   4749.565796  -2677.100411  10971.778451              
VL51   5463.654185 -57697.783703 -16151.733685              
*  2025  4 27  5 12   0.00000000                            
PL51   4801.844887  -3365.551486  10760.952397              
VL51   3249.478133 -57008.632323 -18976.477190              
*  2025  4 27  5 14   0.00000000                            
PL51   4827.572962  -4044.462460  10516.587540              
VL51   1040.224961 -56108.226501 -21740.093590              
*  2025  4 27  5 16   0.00000000                            
PL51   4826.871551  -4711.316457  10239.468817              
VL51  -1153.713520 -54999.731535 -24434.052678              
*  2025  4 27  5 18   0.00000000                            
PL51   4799.986174  -5363.639437   9930.482106              
VL51  -3322.071128 -53687.118239 -27050.064471              
*  2025  4 27  5 20   0.00000000                            
PL51   4747.284568  -5999.009754   9590.611203              
VL51  -5454.752236 -52175.145363 -29580.103870              
*  2025  4 27  5 22   0.00000000                            
PL51   4669.254375  -6615.067492   9220.934496              
VL51  -7541.875638 -50469.338963 -32016.434300              
*  2025  4 27  5 24   0.00000000                            
PL51   4566.500311  -7209.523538   8822.621367              
VL51  -9573.817160 -48575.968864 -34351.630250              
*  2025  4 27  5 26   0.00000000                            
PL51   4439.740831  -7780.168346   8396.928332              
VL51 -11541.250861 -46502.022314 -36578.598693              
*  2025  4 27  5 28   0.00000000                            
PL51   4289.804315  -8324.880381   7945.194925              
VL51 -13435.188659 -44255.174961 -38690.599308              
*  2025  4 27  5 30   0.00000000                            
PL51   4117.624783  -8841.634188   7468.839352              
VL51 -15247.018241 -41843.759282 -40681.263475              
*  2025  4 27  5 32   0.00000000                            
PL51   3924.237165  -9328.508073   6969.353923              
VL51 -16968.539101 -39276.730619 -42544.612003              
*  2025  4 27  5 34   0.00000000                            
PL51   3710.772155  -9783.691365   6448.300281              
VL51 -18591.996589 -36563.630964 -44275.071542              
*  2025  4 27  5 36   0.00000000                            
PL51   3478.450669 -10205.491225   5907.304435              
VL51 -20110.113834 -33714.550643 -45867.489663              
*  2025  4 27  5 38   0.00000000                            
PL51   3228.577927 -10592.338988   5348.051630              
VL51 -21516.121444 -30740.088082 -47317.148561              
*  2025  4 27  5 40   0.00000000                            
PL51   2962.537200 -10942.796011   4772.281056              
VL51 -22803.784857 -27651.307802 -48619.777373              
*  2025  4 27  5 42   0.00000000                            
PL51   2681.783240 -11255.559002   4181.780413              
VL51 -23967.429271 -24459.696833 -49771.563084              
*  2025  4 27  5 44   0.00000000                            
PL51   2387.835421 -11529.464825   3578.380365              
VL51 -25001.962066 -21177.119702 -50769.159998              
*  2025  4 27  5 46   0.00000000                            
PL51   2082.270638 -11763.494754   2963.948878              
VL51 -25902.892631 -17815.772201 -51609.697775              
*  2025  4 27  5 48   0.00000000                            
PL51   1766.715974 -11956.778164   2340.385478              
VL51 -26666.349548 -14388.134097 -52290.788014              
*  2025  4 27  5 50   0.00000000                            
PL51   1442.841179 -12108.595647   1709.615431              
VL51 -27289.095078 -10906.920975 -52810.529359              
*  2025  4 27  5 52   0.00000000                            
PL51   1112.350993 -12218.381558   1073.583881              
VL51 -27768.536903  -7385.035420 -53167.511152              
*  2025  4 27  5 54   0.00000000                            
PL51    776.977347 -12285.725957    434.249942              
VL51 -28102.737092  -3835.517737 -53360.815608              
*  2025  4 27  5 56   0.00000000                            
PL51    438.471467 -12310.375964   -206.419219              
VL51 -28290.418293   -271.496391 -53390.018544              
*  2025  4 27  5 58   0.00000000                            
PL51     98.595927 -12292.236525   -846.454303              
VL51 -28330.967133   3293.861600 -53255.188659              
*  2025  4 27  6  0   0.00000000                            
PL51   -240.883329 -12231.370572  -1483.889785              
VL51 -28224.434849   6847.400158 -52956.885417              
*  2025  4 27  6  2   0.00000000                            
PL51   -578.204950 -12127.998598  -2116.769780              
VL51 -27971.535174  10376.023307 -52496.155542              
*  2025  4 27  6  4   0.00000000                            
PL51   -911.620100 -11982.497644  -2743.153862              
VL51 -27573.639513  13866.743846 -51874.528182              
*  2025  4 27  6  6   0.00000000                            
PL51  -1239.400312 -11795.399706  -3361.122823              
VL51 -27032.769458  17306.731348 -51094.008769              
*  2025  4 27  6  8   0.00000000                            
PL51  -1559.845229 -11567.389564  -3968.784339              
VL51 -26351.586702  20683.359321 -50157.071626              
*  2025  4 27  6 10   0.00000000                            
PL51  -1871.290213 -11299.302066  -4564.278548              
VL51 -25533.380399  23984.251382 -49066.651354              
*  2025  4 27  6 12   0.00000000                            
PL51  -2172.113786 -10992.118846  -5145.783519              
VL51 -24582.052060  27197.326286 -47826.133053              
*  2025  4 27  6 14   0.00000000                            
PL51  -2460.744877 -10646.964526  -5711.520590              
VL51 -23502.098053  30310.841668 -46439.341420              
*  2025  4 27  6 16   0.00000000                            
PL51  -2735.669842 -10265.102387  -6259.759573              
VL51 -22298.589797  33313.436363 -44910.528765              
*  2025  4 27  6 18   0.00000000                            
PL51  -2995.439235  -9847.929556  -6788.823810              
VL51 -20977.151734  36194.171170 -43244.362010              
*  2025  4 27  6 20   0.00000000                            
PL51  -3238.674303  -9396.971700  -7297.095064              
VL51 -19543.937187  38942.567958 -41445.908709              
*  2025  4 27  6 22   0.00000000                            
PL51  -3464.073175  -8913.877270  -7783.018237              
VL51 -18005.602206  41548.646981 -39520.622142              
*  2025  4 27  6 24   0.00000000                            
PL51  -3670.416730  -8400.411306  -8245.105908              
VL51 -16369.277499  44002.962332 -37474.325540              
*  2025  4 27  6 26   0.00000000                            
PL51  -3856.574114  -7858.448826  -8681.942672              
VL51 -14642.538568  46296.635418 -35313.195478              
*  2025  4 27  6 28   0.00000000                            
PL51  -4021.507893  -7289.967831  -9092.189275              
VL51 -12833.374154  48421.386408 -33043.744477              
*  2025  4 27  6 30   0.00000000                            
PL51  -4164.278812  -6697.041938  -9474.586539              
VL51 -10950.153116  50369.563531 -30672.802876              
*  2025  4 27  6 32   0.00000000                            
PL51  -4284.050148  -6081.832682  -9827.959063              
VL51  -9001.589840  52134.170198 -28207.499991              
*  2025  4 27  6 34   0.00000000                            
PL51  -4380.091648  -5446.581499 -10151.218696              
VL51  -6996.708320  53708.889872 -25655.244607              
*  2025  4 27  6 36   0.00000000                            
PL51  -4451.783019  -4793.601430 -10443.367767              
VL51  -4944.805011  55088.108607 -23023.704838              
*  2025  4 27  6 38   0.00000000                            
PL51  -4498.616967  -4125.268564 -10703.502075              
VL51  -2855.410580  56266.935234 -20320.787386              
*  2025  4 27  6 40   0.00000000                            
PL51  -4520.201779  -3444.013260 -10930.813626              
VL51   -738.250683  57241.219118 -17554.616231              
*  2025  4 27  6 42   0.00000000                            
PL51  -4516.263418  -2752.311163 -11124.593107              
VL51   1396.794121  58007.565457 -14733.510774              
*  2025  4 27  6 44   0.00000000                            
PL51  -4486.647138  -2052.674053 -11284.232101              
VL51   3539.729180  58563.348071 -11865.963472              
*  2025  4 27  6 46   0.00000000                            
PL51  -4431.318610  -1347.640563 -11409.225021              
VL51   5680.487175  58906.719656  -8960.616987              
*  2025  4 27  6 48   0.00000000                            
PL51  -4350.364537   -639.766779 -11499.170780              
VL51   7808.970012  59036.619455  -6026.240857              
*  2025  4 27  6 50   0.00000000                            
PL51  -4243.992773     68.383229 -11553.774167              
VL51   9915.091077  58952.778321  -3071.707742              
*  2025  4 27  6 52   0.00000000                            
PL51  -4112.531930    774.246925 -11572.846941              
VL51  11988.817703  58655.721139   -105.969233              
*  2025  4 27  6 54   0.00000000                            
PL51  -3956.430478   1475.272835 -11556.308631              
VL51  14020.213721  58146.766582   2861.968722              
*  2025  4 27  6 56   0.00000000                            
PL51  -3776.255325   2168.930061 -11504.187039              
VL51  15999.481968  57428.024157   5823.070788              
*  2025  4 27  6 58   0.00000000                            
PL51  -3572.689903   2852.717733 -11416.618441              
VL51  17917.006595  56502.388533   8768.297547              
*  2025  4 27  7  0   0.00000000                            
PL51  -3346.531736   3524.174391 -11293.847482              
VL51  19763.395033  55373.531105  11688.631132              
*  2025  4 27  7  2   0.00000000                            
PL51  -3098.689509   4180.887234 -11136.226763              
VL51  21529.519480  54045.888778  14575.101150              
*  2025  4 27  7  4   0.00000000                            
PL51  -2830.179649   4820.501231 -10944.216114              
VL51  23206.557727  52524.649961  17418.810842              
*  2025  4 27  7  6   0.00000000                            
PL51  -2542.122415   5440.728038 -10718.381553              
VL51  24786.033181  50815.737731  20210.963449              
*  2025  4 27  7  8   0.00000000                            
PL51  -2235.737518   6039.354698 -10459.393926              
VL51  26259.853911  48925.790199  22942.888715              
*  2025  4 27  7 10   0.00000000                            
PL51  -1912.339269   6614.252090 -10168.027231              
VL51  27620.350547  46862.138047  25606.069474              
*  2025  4 27  7 12   0.00000000                            
PL51  -1573.331298   7163.383093  -9845.156620              
VL51  28860.312850  44632.779264  28192.168253              
*  2025  4 27  7 14   0.00000000                            
PL51  -1220.200824   7684.810428  -9491.756082              
VL51  29973.024791  42246.351108  30693.053809              
*  2025  4 27  7 16   0.00000000                            
PL51   -854.512525   8176.704144  -9108.895816              
VL51  30952.297941  39712.099324  33100.827517              
*  2025  4 27  7 18   0.00000000                            
PL51   -477.902016   8637.348723  -8697.739272              
VL51  31792.503001  37039.844661  35407.849526              
*  2025  4 27  7 20   0.00000000                            
PL51    -92.068962   9065.149771  -8259.539902              
VL51  32488.599292  34239.946769  37606.764569              
*  2025  4 27  7 22   0.00000000                            
PL51    301.230154   9458.640246  -7795.637582              
VL51  33036.162012  31323.265543  39690.527343              
*  2025  4 27  7 24   0.00000000                            
PL51    700.189574   9816.486227  -7307.454750              
VL51  33431.407098  28301.120018  41652.427316              
*  2025  4 27  7 26   0.00000000                            
PL51   1102.962085  10137.492155  -6796.492240              
VL51  33671.213512  25185.244926  43486.112875              
*  2025  4 27  7 28   0.00000000                            
PL51   1507.667101  10420.605559  -6264.324835              
VL51  33753.142784  21987.745058  45185.614665              
*  2025  4 27  7 30   0.00000000                            
PL51   1912.398956  10664.921206  -5712.596543              
VL51  33675.455658  18721.047582  46745.368000              
*  2025  4 27  7 32   0.00000000                            
PL51   2315.235374  10869.684677  -5143.015615              
VL51  33437.125698  15397.852490  48160.234228              
*  2025  4 27  7 34   0.00000000                            
PL51   2714.246095  11034.295336  -4557.349307              
VL51  33037.849706  12031.081370  49425.520889              
*  2025  4 27  7 36   0.00000000                            
PL51   3107.501597  11158.308670  -3957.418411              
VL51  32478.054857   8633.824728  50537.000563              
*  2025  4 27  7 38   0.00000000                            
PL51   3493.081886  11241.437999  -3345.091572              
VL51  31758.902425   5219.288075  51490.928258              
*  2025  4 27  7 40   0.00000000                            
PL51   3869.085312  11283.555524  -2722.279400              
VL51  30882.288044   1800.737052  52284.057231              
*  2025  4 27  7 42   0.00000000                            
PL51   4233.637363  11284.692717  -2090.928405              
VL51  29850.838421  -1608.558152  52913.653103              
*  2025  4 27  7 44   0.00000000                            
PL51   4584.899402  11245.040040  -1453.014772              
VL51  28667.904492  -4995.378802  53377.506177              
*  2025  4 27  7 46   0.00000000                            
PL51   4921.077299  11164.945990   -810.538002              
VL51  27337.550978  -8346.613751  53673.941864              
*  2025  4 27  7 48   0.00000000                            
PL51   5240.429914  11044.915472   -165.514437              
VL51  25864.542388 -11649.315403  53801.829109              
*  2025  4 27  7 50   0.00000000                            
PL51   5541.277394  10885.607505    480.029302              
VL51  24254.325467 -14890.755216  53760.586773              
*  2025  4 27  7 52   0.00000000                            
PL51   5822.009237  10687.832258   1124.062943              
VL51  22513.008177 -18058.478420  53550.187889              
*  2025  4 27  7 54   0.00000000                            
PL51   6081.092084  10452.547450   1764.559226              
VL51  20647.335287 -21140.357675  53171.161757              
*  2025  4 27  7 56   0.00000000                            
PL51   6317.077197  10180.854100   2399.500582              
VL51  18664.660658 -24124.645348  52624.593833              
*  2025  4 27  7 58   0.00000000                            
PL51   6528.607586   9873.991664   3026.885793              
VL51  16572.916384 -27000.024130  51912.123406              
*  2025  4 27  8  0   0.00000000                            
PL51   6714.424746   9533.332582   3644.736614              
VL51  14380.578918 -29755.655697  51035.939043              
*  2025  4 27  8  2   0.00000000                            
PL51   6873.374977   9160.376247   4251.104326              
VL51  12096.632360 -32381.227148  49998.771806              
*  2025  4 27  8  4   0.00000000                            
PL51   7004.415235   8756.742431   4844.076194              
VL51   9730.529109 -34866.994944  48803.886291              
*  2025  4 27  8  6   0.00000000                            
PL51   7106.618508   8324.164206   5421.781803              
VL51   7292.148095 -37203.826112  47455.069503              
*  2025  4 27  8  8   0.00000000                            
PL51   7179.178673   7864.480383   5982.399255              
VL51   4791.750810 -39383.236477  45956.617637              
*  2025  4 27  8 10   0.00000000                            
PL51   7221.414811   7379.627515   6524.161184              
VL51   2239.935396 -41397.425718  44313.320850              
*  2025  4 27  8 12   0.00000000                            
PL51   7232.774961   6871.631495   7045.360583              
VL51   -352.410950 -43239.309065  42530.446090              
*  2025  4 27  8 14   0.00000000                            
PL51   7212.839301   6342.598794   7544.356419              
VL51  -2974.161004 -44902.545497  40613.718113              
*  2025  4 27  8 16   0.00000000                            
PL51   7161.322725   5794.707393   8019.578998              
VL51  -5613.997690 -46381.562282  38569.298767              
*  2025  4 27  8 18   0.00000000                            
PL51   7078.076814   5230.197427   8469.535080              
VL51  -8260.465141 -47671.575792  36403.764697              
*  2025  4 27  8 20   0.00000000                            
PL51   6963.091198   4651.361614   8892.812716              
VL51 -10902.020361 -48768.608497  34124.083561              
*  2025  4 27  8 22   0.00000000                            
PL51   6816.494282   4060.535498   9288.085788              
VL51 -13527.085229 -49669.502095  31737.588925              
*  2025  4 27  8 24   0.00000000                            
PL51   6638.553360   3460.087559   9654.118249              
VL51 -16124.098567 -50371.926756  29251.953946              
*  2025  4 27  8 26   0.00000000                            
PL51   6429.674099   2852.409236   9989.768028              
VL51 -18681.568021 -50874.386477  26675.163985              
*  2025  4 27  8 28   0.00000000                            
PL51   6190.399405   2239.904906  10293.990611              
VL51 -21188.121481 -51176.220583  24015.488296              
*  2025  4 27  8 30   0.00000000                            
PL51   5921.407673   1624.981875  10565.842273              
VL51 -23632.557825 -51277.601407  21281.450927              
*  2025  4 27  8 32   0.00000000                            
PL51   5623.510435   1010.040407  10804.482960              
VL51 -26003.896712 -51179.528221  18481.800948              
*  2025  4 27  8 34   0.00000000                            
PL51   5297.649419    397.463864  11009.178803              
VL51 -28291.427237 -50883.817516  15625.482169              
*  2025  4 27  8 36   0.00000000                            
PL51   4944.893031   -210.391030  11179.304274              
VL51 -30484.755209 -50393.089710  12721.602441              
*  2025  4 27  8 38   0.00000000                            
PL51   4566.432277   -811.203738  11314.343972              
VL51 -32573.848865 -49710.752421   9779.402687              
*  2025  4 27  8 40   0.00000000                            
PL51   4163.576148  -1402.699240  11413.894025              
VL51 -34549.082814 -48840.980418   6808.225756              
*  2025  4 27  8 42   0.00000000                            
PL51   3737.746493  -1982.657098  11477.663134              
VL51 -36401.280042 -47788.692388   3817.485239              
*  2025  4 27  8 44   0.00000000                            
PL51   3290.472391  -2548.920236  11505.473232              
VL51 -38121.751804 -46559.524683    816.634337              
*  2025  4 27  8 46   0.00000000                            
PL51   2823.384069  -3099.403373  11497.259772              
VL51 -39702.335233 -45159.802185  -2184.865087              
*  2025  4 27  8 48   0.00000000                            
PL51   2338.206377  -3632.101102  11453.071648              
VL51 -41135.428544 -43596.506487  -5177.573176              
*  2025  4 27  8 50   0.00000000                            
PL51   1836.751852  -4145.095563  11373.070747              
VL51 -42414.023689 -41877.241554  -8152.102362              
*  2025  4 27  8 52   0.00000000                            
PL51   1320.913417  -4636.563698  11257.531148              
VL51 -43531.736356 -40010.197070 -11099.147163              
*  2025  4 27  8 54   0.00000000                            
PL51    792.656725  -5104.784043  11106.837954              
VL51 -44482.833222 -38004.109663 -14009.513405              
*  2025  4 27  8 56   0.00000000                            
PL51    254.012200  -5548.143057  10921.485786              
VL51 -45262.256369 -35868.222206 -16874.146794              
*  2025  4 27  8 58   0.00000000                            
PL51   -292.933200  -5965.140937  10702.076939              
VL51 -45865.644808 -33612.241406 -19684.160764              
*  2025  4 27  9  0   0.00000000                            
PL51   -846.044464  -6354.396924  10449.319207              
VL51 -46289.353038 -31246.293870 -22430.863545              
*  2025  4 27  9  2   0.00000000                            
PL51  -1403.147202  -6714.654074  10164.023380              
VL51 -46530.466611 -28780.880851 -25105.784385              
*  2025  4 27  9  4   0.00000000                            
PL51  -1962.036506  -7044.783474   9847.100448              
VL51 -46586.814636 -26226.831865 -27700.698879              
*  2025  4 27  9  6   0.00000000                            
PL51  -2520.485924  -7343.787897   9499.558492              
VL51 -46456.979206 -23595.257370 -30207.653344              
*  2025  4 27  9  8   0.00000000                            
PL51  -3076.256542  -7610.804889   9122.499294              
VL51 -46140.301714 -20897.500706 -32618.988181              
*  2025  4 27  9 10   0.00000000                            
PL51  -3627.106116  -7845.109270   8717.114677              
VL51 -45636.886043 -18145.089496 -34927.360172              
*  2025  4 27  9 12   0.00000000                            
PL51  -4170.798224  -8046.115051   8284.682577              
VL51 -44947.598633 -15349.686698 -37125.763636              
*  2025  4 27  9 14   0.00000000                            
PL51  -4705.111404  -8213.376769   7826.562872              
VL51 -44074.065434 -12523.041528 -39207.550403              
*  2025  4 27  9 16   0.00000000                            
PL51  -5227.848233  -8346.590219   7344.192979              
VL51 -43018.665780  -9676.940443 -41166.448548              
*  2025  4 27  9 18   0.00000000                            
PL51  -5736.844317  -8445.592617   6839.083233              
VL51 -41784.523224  -6823.158397 -42996.579834              
*  2025  4 27  9 20   0.00000000                            
PL51  -6229.977149  -8510.362166   6312.812065              
VL51 -40375.493402  -3973.410567 -44692.475829              
*  2025  4 27  9 22   0.00000000                            
PL51  -6705.174809  -8541.017054   5767.020993              
VL51 -38796.148980  -1139.304730 -46249.092669              
*  2025  4 27  9 24   0.00000000                            
PL51  -7160.424465  -8537.813884   5203.409446              
VL51 -37051.761775   1667.705507 -47661.824427              
*  2025  4 27  9 26   0.00000000                            
PL51  -7593.780637  -8501.145547   4623.729436              
VL51 -35148.282144   4436.366454 -48926.515084              
*  2025  4 27  9 28   0.00000000                            
PL51  -8003.373207  -8431.538558   4029.780097              
VL51 -33092.315718   7155.668893 -50039.469070              
*  2025  4 27  9 30   0.00000000                            
PL51  -8387.415128  -8329.649855   3423.402097              
VL51 -30891.097606   9814.891267 -50997.460358              
*  2025  4 27  9 32   0.00000000                            
PL51  -8744.209813  -8196.263104   2806.471962              
VL51 -28552.464185  12403.641352 -51797.740119              
*  2025  4 27  9 34   0.00000000                            
PL51  -9072.158164  -8032.284497   2180.896310              
VL51 -26084.822586  14911.896246 -52438.042908              
*  2025  4 27  9 36   0.00000000                            
PL51  -9369.765236  -7838.738095   1548.606018              
VL51 -23497.118008  17330.040562 -52916.591388              
*  2025  4 27  9 38   0.00000000                            
PL51  -9635.646476  -7616.760716    911.550346              
VL51 -20798.799026  19648.902650 -53232.099594              
*  2025  4 27  9 40   0.00000000                            
PL51  -9868.533558  -7367.596404    271.691028              
VL51 -17999.781011  21859.788745 -53383.774742              
*  2025  4 27  9 42   0.00000000                            
PL51 -10067.279747  -7092.590499   -369.003651              
VL51 -15110.407843  23954.514919 -53371.317595              
*  2025  4 27  9 44   0.00000000                            
PL51 -10230.864808  -6793.183341  -1008.564771              
VL51 -12141.412064  25925.436731 -53194.921396              
*  2025  4 27  9 46   0.00000000                            
PL51 -10358.399424  -6470.903627  -1645.028675              
VL51  -9103.873647  27765.476475 -52855.269416              
*  2025  4 27  9 48   0.00000000                            
PL51 -10449.129108  -6127.361464  -2276.442826              
VL51  -6009.177550  29468.147951 -52353.531113              
*  2025  4 27  9 50   0.00000000                            
PL51 -10502.437609  -5764.241128  -2900.871614              
VL51  -2868.970229  31027.578686 -51691.356966              
*  2025  4 27  9 52   0.00000000                            
PL51 -10517.849778  -5383.293587  -3516.402087              
VL51    304.884719  32438.529545 -50870.872021              
*  2025  4 27  9 54   0.00000000                            
PL51 -10495.033908  -4986.328788  -4121.149606              
VL51   3500.351615  33696.411707 -49894.668180              
*  2025  4 27  9 56   0.00000000                            
PL51 -10433.803526  -4575.207774  -4713.263388              
VL51   6705.268289  34797.300947 -48765.795292              
*  2025  4 27  9 58   0.00000000                            
PL51 -10334.118633  -4151.834627  -5290.931950              
VL51   9907.392038  35737.949238 -47487.751088              
*  2025  4 27 10  0   0.00000000                            
PL51 -10196.086395  -3718.148307  -5852.388411              
VL51  13094.445798  36515.793632 -46064.470012              
*  2025  4 27 10  2   0.00000000                            
PL51 -10019.961279  -3276.114383  -6395.915664              
VL51  16254.164365  37128.962444 -44500.310986              
*  2025  4 27 10  4   0.00000000                            
PL51  -9806.144630  -2827.716720  -6919.851391              
VL51  19374.340517  37576.278742 -42800.044164              
*  2025  4 27 10  6   0.00000000                            
PL51  -9555.183706  -2374.949131  -7422.592912              
VL51  22442.870880  37857.261147 -40968.836720              
*  2025  4 27 10  8   0.00000000                            
PL51  -9267.770151  -1919.807041  -7902.601859              
VL51  25447.801401  37972.121990 -39012.237708              
*  2025  4 27 10 10   0.00000000                            
PL51  -8944.737939  -1464.279185  -8358.408666              
VL51  28377.372272  37921.762836 -36936.162062              
*  2025  4 27 10 12   0.00000000                            
PL51  -8587.060774  -1010.339378  -8788.616857              
VL51  31220.062177  37707.767440 -34746.873755              
*  2025  4 27 10 14   0.00000000                            
PL51  -8195.848967   -559.938385  -9191.907128              
VL51  33964.631732  37332.392163 -32450.968182              
*  2025  4 27 10 16   0.00000000                            
PL51  -7772.345798   -114.995916  -9567.041221              
VL51  36600.165959  36798.553905 -30055.353818              
*  2025  4 27 10 18   0.00000000                            
PL51  -7317.923372    322.607213  -9912.865561              
VL51  39116.115719  36109.815635 -27567.233171              
*  2025  4 27 10 20   0.00000000                            
PL51  -6834.077986    751.036734 -10228.314669              
VL51  41502.337954  35270.369564 -24994.083092              
*  2025  4 27 10 22   0.00000000                            
PL51  -6322.425024   1168.512369 -10512.414334              
VL51  43749.134637  34285.018039 -22343.634467              
*  2025  4 27 10 24   0.00000000                            
PL51  -5784.693384   1573.315022 -10764.284534              
VL51  45847.290324  33159.152242 -19623.851326              
*  2025  4 27 10 26   0.00000000                            
PL51  -5222.719477   1963.793707 -10983.142109              
VL51  47788.108208  31898.728750 -16842.909408              
*  2025  4 27 10 28   0.00000000                            
PL51  -4638.440787   2338.372185 -11168.303169              
VL51  49563.444567  30510.244061 -14009.174190              
*  2025  4 27 10 30   0.00000000                            
PL51  -4033.889043   2695.555277 -11319.185233              
VL51  51165.741508  29000.707142 -11131.178421              
*  2025  4 27 10 32   0.00000000                            
PL51  -3411.182996   3033.934842 -11435.309105              
VL51  52588.057916  27377.610105  -8217.599170              
*  2025  4 27 10 34   0.00000000                            
PL51  -2772.520843   3352.195386 -11516.300463              
VL51  53824.098500  25648.897075  -5277.234418              
*  2025  4 27 10 36   0.00000000                            
PL51  -2120.172315   3649.119296 -11561.891164              
VL51  54868.240839  23822.931360  -2318.979211              
*  2025  4 27 10 38   0.00000000                            
PL51  -1456.470447   3923.591660 -11571.920272              
VL51  55715.560338  21908.460993    648.198613              
*  2025  4 27 10 40   0.00000000                            
PL51   -783.803070   4174.604673 -11546.334773              
VL51  56361.852977  19914.582752   3615.283094              
*  2025  4 27 10 42   0.00000000                            
PL51   -104.604033   4401.261597 -11485.190012              
VL51  56803.655767  17850.704757   6573.235203              
*  2025  4 27 10 44   0.00000000                            
PL51    578.655793   4602.780267 -11388.649813              
VL51  57038.264787  15726.507734   9513.018245              
*  2025  4 27 10 46   0.00000000                            
PL51   1263.477727   4778.496122 -11256.986298              
VL51  57063.750713  13551.905069  12425.623581              
*  2025  4 27 10 48   0.00000000                            
PL51   1947.344646   4927.864753 -11090.579392              
VL51  56878.971724  11337.001755  15302.096632              
*  2025  4 27 10 50   0.00000000                            
PL51   2627.730507   5050.463953 -10889.916024              
VL51  56483.583685   9092.052367  18133.563125              
*  2025  4 27 10 52   0.00000000                            
PL51   3302.109956   5145.995250 -10655.588997              
VL51  55878.047495   6827.418185  20911.255511              
*  2025  4 27 10 54   0.00000000                            
PL51   3967.968029   5214.284933 -10388.295552              
VL51  55063.633531   4553.523620  23626.539525              
*  2025  4 27 10 56   0.00000000                            
PL51   4622.809869   5255.284541 -10088.835609              
VL51  54042.423070   2280.812072  26270.940789              
*  2025  4 27 10 58   0.00000000                            
PL51   5264.170453   5269.070825  -9758.109689              
VL51  52817.306624     19.701387  28836.171426              
*  2025  4 27 11  0   0.00000000                            
PL51   5889.624279   5255.845173  -9397.116514              
VL51  51391.979109  -2219.460914  31314.156568              
*  2025  4 27 11  2   0.00000000                            
PL51   6496.794969   5215.932497  -9006.950296              
VL51  49770.931781  -4426.442492  33697.060705              
*  2025  4 27 11  4   0.00000000                            
PL51   7083.364765   5149.779583  -8588.797705              
VL51  47959.440877  -6591.170913  35977.313762              
*  2025  4 27 11  6   0.00000000                            
PL51   7647.083862   5057.952904  -8143.934532              
VL51  45963.552932  -8703.778079  38147.636802              
*  2025  4 27 11  8   0.00000000                            
PL51   8185.779546   4941.135904  -7673.722042              
VL51  43790.066734 -10754.644151  40201.067262              
*  2025  4 27 11 10   0.00000000                            
PL51   8697.365096   4800.125759  -7179.603027              
VL51  41446.511919 -12734.440774  42130.983591              
*  2025  4 27 11 12   0.00000000                            
PL51   9179.848410   4635.829625  -6663.097575              
VL51  38941.124197 -14634.173382  43931.129176              
*  2025  4 27 11 14   0.00000000                            
PL51   9631.340313   4449.260382  -6125.798543              
VL51  36282.817260 -16445.222378  45595.635438              
*  2025  4 27 11 16   0.00000000                            
PL51  10050.062507   4241.531896  -5569.366776              
VL51  33481.151404 -18159.382976  47119.043969              
*  2025  4 27 11 18   0.00000000                            
PL51  10434.355124   4013.853811  -4995.526051              
VL51  30546.298944 -19768.903475  48496.327575              
*  2025  4 27 11 20   0.00000000                            
PL51  10782.683851   3767.525888  -4406.057785              
VL51  27489.006512 -21266.521765  49722.910109              
*  2025  4 27 11 22   0.00000000                            
PL51  11093.646576   3503.931921  -3802.795508              
VL51  24320.554354 -22645.499835  50794.684951              
*  2025  4 27 11 24   0.00000000                            
PL51  11365.979538   3224.533255  -3187.619127              
VL51  21052.712778 -23899.656083  51708.032014              
*  2025  4 27 11 26   0.00000000                            
PL51  11598.562928   2930.861924  -2562.448994              
VL51  17697.695914 -25023.395212  52459.833154              
*  2025  4 27 11 28   0.00000000                            
PL51  11790.425929   2624.513449  -1929.239798              
VL51  14268.112980 -26011.735527  53047.485863              
*  2025  4 27 11 30   0.00000000                            
PL51  11940.751150   2307.139328  -1289.974301              
VL51  10776.917280 -26860.333453  53468.915147              
*  2025  4 27 11 32   0.00000000                            
PL51  12048.878439   1980.439243   -646.656953              
VL51   7237.353159 -27565.505091  53722.583480              
*  2025  4 27 11 34   0.00000000                            
PL51  12114.308050   1646.153028     -1.307385              
VL51   3662.901179 -28124.244671  53807.498763              
*  2025  4 27 11 36   0.00000000                            
PL51  12136.703141   1306.052445    644.046167              
VL51     67.221790 -28534.239772  53723.220197              
*  2025  4 27 11 38   0.00000000                            
PL51  12115.891585    961.932779   1287.373506              
VL51  -3535.902213 -28793.883176  53469.862024              
*  2025  4 27 11 40   0.00000000                            
PL51  12051.867095    615.604330   1926.649145              
VL51  -7132.624152 -28902.281278  53048.095079              
*  2025  4 27 11 42   0.00000000                            
PL51  11944.789627    268.883811   2559.858986              
VL51 -10709.092519 -28859.258975  52459.146116              
*  2025  4 27 11 44   0.00000000                            
PL51  11794.985092    -76.414282   3185.006970              
VL51 -14251.510306 -28665.360971  51704.794900              
*  2025  4 27 11 46   0.00000000                            
PL51  11602.944338   -418.486298   3800.121693              
VL51 -17746.194268 -28321.849494  50787.369060              
*  2025  4 27 11 48   0.00000000                            
PL51  11369.321438   -755.548011   4403.262931              
VL51 -21179.633807 -27830.698415  49709.736721              
*  2025  4 27 11 50   0.00000000                            
PL51  11094.931262  -1085.843106   4992.528076              
VL51 -24538.549129 -27194.583794  48475.296952              
*  2025  4 27 11 52   0.00000000                            
PL51  10780.746369  -1407.651531   5566.058435              
VL51 -27809.948363 -26416.870913  47087.968080              
*  2025  4 27 11 54   0.00000000                            
PL51  10427.893212  -1719.297671   6122.045385              
VL51 -30981.183335 -25501.597857  45552.173944              
*  2025  4 27 11 56   0.00000000                            
PL51  10037.647688  -2019.158310   6658.736342              
VL51 -34040.003684 -24453.455760  43872.828146              
*  2025  4 27 11 58   0.00000000                            
PL51   9611.430051  -2305.670328   7174.440538              
VL51 -36974.609050 -23277.765819  42055.316423              
*  2025  4 27 12  0   0.00000000                            
PL51   9150.799207  -2577.338112   7667.534570              
VL51 -39773.699059 -21980.453224  40105.477213              
*  2025  4 27 12  2   0.00000000                            
PL51   8657.446427  -2832.740632   8136.467709              
VL51 -42426.520855 -20568.018156  38029.580536              
*  2025  4 27 12  4   0.00000000                            
PL51   8133.188507  -3070.538152   8579.766940              
VL51 -44922.913956 -19047.504037  35834.305313              
*  2025  4 27 12  6   0.00000000                            
PL51   7579.960402  -3289.478547   8996.041732              
VL51 -47253.352216 -17426.463208  33526.715239              
*  2025  4 27 12  8   0.00000000                            
PL51   6999.807381  -3488.403190   9383.988498              
VL51 -49408.982711 -15712.920243  31114.233349              
*  2025  4 27 12 10   0.00000000                            
PL51   6394.876725  -3666.252391   9742.394751              
VL51 -51381.661392 -13915.333114  28604.615396              
*  2025  4 27 12 12   0.00000000                            
PL51   5767.409031  -3822.070351  10070.142933              
VL51 -53163.985343 -12042.552417  26005.922196              
*  2025  4 27 12 14   0.00000000                            
PL51   5119.729136  -3955.009623  10366.213903              
VL51 -54749.321540 -10103.778899  23326.491069              
*  2025  4 27 12 16   0.00000000                            
PL51   4454.236728  -4064.335053  10629.690080              
VL51 -56131.832020  -8108.519508  20574.906515              
*  2025  4 27 12 18   0.00000000                            
PL51   3773.396670  -4149.427178  10859.758232              
VL51 -57306.495372  -6066.542215  17759.970264              
*  2025  4 27 12 20   0.00000000                            
PL51   3079.729092  -4209.785089  11055.711897              
VL51 -58269.124512  -3987.829829  14890.670836              
*  2025  4 27 12 22   0.00000000                            
PL51   2375.799291  -4245.028726  11216.953445              
VL51 -59016.380710  -1882.533061  11976.152741              
*  2025  4 27 12 24   0.00000000                            
PL51   1664.207485  -4254.900606  11342.995758              
VL51 -59545.783865    239.076939   9025.685451              
*  2025  4 27 12 26   0.00000000                            
PL51    947.578469  -4239.266985  11433.463549              
VL51 -59855.719039   2366.656337   6048.632264              
*  2025  4 27 12 28   0.00000000                            
PL51    228.551207  -4198.118440  11488.094294              
VL51 -59945.439290   4489.836430   3054.419167              
*  2025  4 27 12 30   0.00000000                            
PL51   -490.231577  -4131.569887  11506.738804              
VL51 -59815.064833   6598.271315     52.503829              
*  2025  4 27 12 32   0.00000000                            
PL51  -1206.133784  -4039.860015  11489.361420              
VL51 -59465.578623   8681.685174  -2947.655213              
*  2025  4 27 12 34   0.00000000                            
PL51  -1916.536251  -3923.350171  11436.039833              
VL51 -58898.818396  10729.919003  -5936.629042              
*  2025  4 27 12 36   0.00000000                            
PL51  -2618.846940  -3782.522678  11346.964557              
VL51 -58117.465280  12732.976546  -8905.048472              
*  2025  4 27 12 38   0.00000000                            
PL51  -3310.510974  -3617.978613  11222.438028              
VL51 -57125.029048  14681.069285 -11843.633675              
*  2025  4 27 12 40   0.00000000                            
PL51  -3989.020477  -3430.435049  11062.873357              
VL51 -55925.830111  16564.660260 -14743.223250              
*  2025  4 27 12 42   0.00000000                            
PL51  -4651.924179  -3220.721778  10868.792739              
VL51 -54524.978375  18374.506571 -17594.802661              
*  2025  4 27 12 44   0.00000000                            
PL51  -5296.836745  -2989.777539  10640.825525              
VL51 -52928.349061  20101.700373 -20389.531954              
*  2025  4 27 12 46   0.00000000                            
PL51  -5921.447802  -2738.645756  10379.705962              
VL51 -51142.555626  21737.708207 -23118.772688              
*  2025  4 27 12 48   0.00000000                            
PL51  -6523.530617  -2468.469821  10086.270617              
VL51 -49174.919932  23274.408512 -25774.113999              
*  2025  4 27 12 50   0.00000000                            
PL51  -7100.950413  -2180.487932   9761.455498              
VL51 -47033.439795  24704.127173 -28347.397738              
*  2025  4 27 12 52   0.00000000                            
PL51  -7651.672266  -1876.027526   9406.292872              
VL51 -44726.754082  26019.670969 -30830.742622              
*  2025  4 27 12 54   0.00000000                            
PL51  -8173.768581  -1556.499315   9021.907804              
VL51 -42264.105522  27214.358793 -33216.567321              
*  2025  4 27 12 56   0.00000000                            
PL51  -8665.426103  -1223.390966   8609.514425              
VL51 -39655.301381  28282.050538 -35497.612452              
*  2025  4 27 12 58   0.00000000                            
PL51  -9124.952446   -878.260447   8170.411943              
VL51 -36910.672206  29217.173536 -37666.961411              
*  2025  4 27 13  0   0.00000000                            
PL51  -9550.782117   -522.729075   7705.980408              
VL51 -34041.028789  30014.746459 -39718.060003              
*  2025  4 27 13  2   0.00000000                            
PL51  -9941.482011   -158.474284   7217.676256              
VL51 -31057.617550  30670.400608 -41644.734826              
*  2025  4 27 13  4   0.00000000                            
PL51 -10295.756363    212.777835   6707.027629              
VL51 -27972.074529  31180.398502 -43441.210366              
*  2025  4 27 13  6   0.00000000                            
PL51 -10612.451144    589.260211   6175.629513              
VL51 -24796.378166  31541.649731 -45102.124771              
*  2025  4 27 13  8   0.00000000                            
PL51 -10890.557880    969.172637   5625.138677              
VL51 -21542.801069  31751.724000 -46622.544268              
*  2025  4 27 13 10   0.00000000                            
PL51 -11129.216889   1350.689754   5057.268465              
VL51 -18223.860974  31808.861345 -47997.976195              
*  2025  4 27 13 12   0.00000000                            
PL51 -11327.719923   1731.969145   4473.783424              
VL51 -14852.271078  31711.979498 -49224.380616              
*  2025  4 27 13 14   0.00000000                            
PL51 -11485.512216   2111.159497   3876.493814              
VL51 -11440.889965  31460.678370 -50298.180508              
*  2025  4 27 13 16   0.00000000                            
PL51 -11602.193924   2486.408795   3267.249998              
VL51  -8002.671306  31055.241681 -51216.270504              
*  2025  4 27 13 18   0.00000000                            
PL51 -11677.520970   2855.872531   2647.936735              
VL51  -4550.613541  30496.635718 -51976.024166              
*  2025  4 27 13 20   0.00000000                            
PL51 -11711.405272   3217.721866   2020.467398              
VL51  -1097.709751  29786.505276 -52575.299803              
*  2025  4 27 13 22   0.00000000                            
PL51 -11703.914385   3570.151738   1386.778130              
VL51   2343.102111  28927.166797 -53012.444822              
*  2025  4 27 13 24   0.00000000                            
PL51 -11655.270544   3911.388864    748.821955              
VL51   5758.988424  27921.598752 -53286.298616              
*  2025  4 27 13 26   0.00000000                            
PL51 -11565.849116   4239.699617    108.562865              
VL51   9137.268349  26773.429349 -53396.194016              
*  2025  4 27 13 28   0.00000000                            
PL51 -11436.176484   4553.397731   -532.030106              
VL51  12465.461359  25486.921606 -53341.957295              
*  2025  4 27 13 30   0.00000000                            
PL51 -11266.927366   4850.851821  -1170.988789              
VL51  15731.333663  24066.955884 -53123.906773              
*  2025  4 27 13 32   0.00000000                            
PL51 -11058.921573   5130.492672  -1806.351778              
VL51  18922.943377  22519.009959 -52742.850028              
*  2025  4 27 13 34   0.00000000                            
PL51 -10813.120252   5390.820274  -2436.170271              
VL51  22028.684261  20849.136738 -52200.079739              
*  2025  4 27 13 36   0.00000000                            
PL51 -10530.621598   5630.410584  -3058.513863              
VL51  25037.327892  19063.939705 -51497.368205              
*  2025  4 27 13 38   0.00000000                            
PL51 -10212.656076   5847.921970  -3671.476261              
VL51  27938.064109  17170.546234 -50636.960561              
*  2025  4 27 13 40   0.00000000                            
PL51  -9860.581171   6042.101330  -4273.180911              
VL51  30720.539613  15176.578863 -49621.566745              
*  2025  4 27 13 42   0.00000000                            
PL51  -9475.875682   6211.789852  -4861.786521              
VL51  33374.894584  13090.124682 -48454.352252              
*  2025  4 27 13 44   0.00000000                            
PL51  -9060.133589   6355.928393  -5435.492468              
VL51  35891.797215  10919.702944 -47138.927732              
*  2025  4 27 13 46   0.00000000                            
PL51  -8615.057527   6473.562466  -5992.544069              
VL51  38262.476062   8674.231048 -45679.337482              
*  2025  4 27 13 48   0.00000000                            
PL51  -8142.451870   6563.846806  -6531.237713              
VL51  40478.750111   6362.989024 -44080.046894              
*  2025  4 27 13 50   0.00000000                            
PL51  -7644.215486   6626.049499  -7049.925834              
VL51  42533.056519   3995.582663 -42345.928898              
*  2025  4 27 13 52   0.00000000                            
PL51  -7122.334156   6659.555665  -7547.021712              
VL51  44418.475931   1581.905424 -40482.249475              
*  2025  4 27 13 54   0.00000000                            
PL51  -6578.872721   6663.870676  -8021.004104              
VL51  46128.755358   -867.900740 -38494.652280              
*  2025  4 27 13 56   0.00000000                            
PL51  -6015.966953   6638.622901  -8470.421673              
VL51  47658.328546  -3343.485505 -36389.142427              
*  2025  4 27 13 58   0.00000000                            
PL51  -5435.815211   6583.565954  -8893.897229              
VL51  49002.333834  -5834.331116 -34172.069479              
*  2025  4 27 14  0   0.00000000                            
PL51  -4840.669885   6498.580464  -9290.131755              
VL51  50156.629450  -8329.794003 -31850.109693              
*  2025  4 27 14  2   0.00000000                            
PL51  -4232.828686   6383.675322  -9657.908217              
VL51  51117.806241 -10819.146947 -29430.247558              
*  2025  4 27 14  4   0.00000000                            
PL51  -3614.625784   6238.988439  -9996.095149              
VL51  51883.197826 -13291.621675 -26919.756641              
*  2025  4 27 14  6   0.00000000                            
PL51  -2988.422852   6064.786976 -10303.650003              
VL51  52450.888152 -15736.451737 -24326.179803              
*  2025  4 27 14  8   0.00000000                            
PL51  -2356.600026   5861.467064 -10579.622261              
VL51  52819.716458 -18142.915540 -21657.308796              
*  2025  4 27 14 10   0.00000000                            
PL51  -1721.546828   5629.553009 -10823.156293              
VL51  52989.279641 -20500.379424 -18921.163267              
*  2025  4 27 14 12   0.00000000                            
PL51  -1085.653068   5369.695980 -11033.493965              
VL51  52959.932026 -22798.340630 -16125.969211              
*  2025  4 27 14 14   0.00000000                            
PL51   -451.299776   5082.672179 -11209.976984              
VL51  52732.782552 -25026.470037 -13280.136882              
*  2025  4 27 14 16   0.00000000                            
PL51    179.149830   4769.380502 -11352.048971              
VL51  52309.689371 -27174.654555 -10392.238193              
*  2025  4 27 14 18   0.00000000                            
PL51    803.359285   4430.839698 -11459.257266              
VL51  51693.251884 -29233.039010  -7470.983619              
*  2025  4 27 14 20   0.00000000                            
PL51   1419.027713   4068.185024 -11531.254449              
VL51  50886.800218 -31192.067420  -4525.198644              
*  2025  4 27 14 22   0.00000000                            
PL51   2023.898521   3682.664409 -11567.799574              
VL51  49894.382167 -33042.523505  -1563.799748              
*  2025  4 27 14 24   0.00000000                            
PL51   2615.767917   3275.634142 -11568.759119              
VL51  48720.747607 -34775.570302   1404.230017              
*  2025  4 27 14 26   0.00000000                            
PL51   3192.493234   2848.554085 -11534.107633              
VL51  47371.330421 -36382.788743   4369.865851              
*  2025  4 27 14 28   0.00000000                            
PL51   3752.001011   2402.982436 -11463.928087              
VL51  45852.227956 -37856.215050   7324.066388              
*  2025  4 27 14 30   0.00000000                            
PL51   4292.294823   1940.570042 -11358.411921              
VL51  44170.178048 -39188.376809  10257.799212              
*  2025  4 27 14 32   0.00000000                            
PL51   4811.462817   1463.054301 -11217.858781              
VL51  42332.533647 -40372.327571  13162.066670              
*  2025  4 27 14 34   0.00000000                            
PL51   5307.684929    972.252643 -11042.675947              
VL51  40347.235101 -41401.679826  16027.931940              
*  2025  4 27 14 36   0.00000000                            
PL51   5779.239754    470.055641 -10833.377443              
VL51  38222.780140 -42270.636215  18846.545308              
*  2025  4 27 14 38   0.00000000                            
PL51   6224.511043    -41.580254 -10590.582836              
VL51  35968.191618 -42974.018815  21609.170607              
*  2025  4 27 14 40   0.00000000                            
PL51   6641.993802   -560.640309 -10315.015712              
VL51  33592.983084 -43507.296343  24307.211772              
*  2025  4 27 14 42   0.00000000                            
PL51   7030.299963  -1085.059423 -10007.501839              
VL51  31107.122253 -43866.609136  26932.239433              
*  2025  4 27 14 44   0.00000000                            
PL51   7388.163601  -1612.730321  -9668.966999              
VL51  28520.992455 -44048.791734  29476.017485              
*  2025  4 27 14 46   0.00000000                            
PL51   7714.445687  -2141.512009  -9300.434521              
VL51  25845.352167 -44051.392928  31930.529554              
*  2025  4 27 14 48   0.00000000                            
PL51   8008.138330  -2669.238455  -8903.022477              
VL51  23091.292735 -43872.693111  34288.005275              
*  2025  4 27 14 50   0.00000000                            
PL51   8268.368516  -3193.727452  -8477.940579              
VL51  20270.194402 -43511.718787  36540.946279              
*  2025  4 27 14 52   0.00000000                            
PL51   8494.401300  -3712.789648  -8026.486757              
VL51  17393.680784 -42968.254106  38682.151785              
*  2025  4 27 14 54   0.00000000                            
PL51   8685.642447  -4224.237693  -7550.043442              
VL51  14473.571959 -42242.849288  40704.743693              
*  2025  4 27 14 56   0.00000000                            
PL51   8841.640500  -4725.895459  -7050.073541              
VL51  11521.836316 -41336.825824  42602.191055              
*  2025  4 27 14 58   0.00000000                            
PL51   8962.088268  -5215.607318  -6528.116132              
VL51   8550.541363 -40252.278343  44368.333811              
*  2025  4 27 15  0   0.00000000                            
PL51   9046.823716  -5691.247410  -5985.781873              
VL51   5571.803688 -38992.073065  45997.405650              
*  2025  4 27 15  2   0.00000000                            
PL51   9095.830247  -6150.728875  -5424.748145              
VL51   2597.738279 -37559.842756  47484.055895              
*  2025  4 27 15  4   0.00000000                            
PL51   9109.236382  -6592.013003  -4846.753940              
VL51   -359.592568 -35959.978137  48823.370254              
*  2025  4 27 15  6   0.00000000                            
PL51   9087.314814  -7013.118264  -4253.594504              
VL51  -3288.230526 -34197.615705  50010.890334              
*  2025  4 27 15  8   0.00000000                            
PL51   9030.480857  -7412.129162  -3647.115756              
VL51  -6176.372439 -32278.621952  51042.631769              
*  2025  4 27 15 10   0.00000000                            
PL51   8939.290279  -7787.204884  -3029.208502              
VL51  -9012.421213 -30209.573998  51915.100846              
*  2025  4 27 15 12   0.00000000                            
PL51   8814.436522  -8136.587694  -2401.802450              
VL51 -11785.036113 -27997.736658  52625.309515              
*  2025  4 27 15 14   0.00000000                            
PL51   8656.747333  -8458.611027  -1766.860065              
VL51 -14483.182202 -25651.036003  53170.788640              
*  2025  4 27 15 16   0.00000000                            
PL51   8467.180800  -8751.707255  -1126.370271              
VL51 -17096.178660 -23178.029510  53549.599418              
*  2025  4 27 15 18   0.00000000                            
PL51   8246.820822  -9014.415060   -482.342024              
VL51 -19613.745691 -20587.872902  53760.342837              
*  2025  4 27 15 20   0.00000000                            
PL51   7996.872021  -9245.386405    163.202205              
VL51 -22026.049755 -17890.283821  53802.167108              
*  2025  4 27 15 22   0.00000000                            
PL51   7718.654128  -9443.393038    808.233037              
VL51 -24323.746863 -15095.502495  53674.772993              
*  2025  4 27 15 24   0.00000000                            
PL51   7413.595856  -9607.332519   1450.720833              
VL51 -26498.023676 -12214.249590  53378.416961              
*  2025  4 27 15 26   0.00000000                            
PL51   7083.228300  -9736.233714   2088.642373              
VL51 -28540.636154  -9257.681459  52913.912159              
*  2025  4 27 15 28   0.00000000                            
PL51   6729.177889  -9829.261745   2719.987529              
VL51 -30443.945538  -6237.343009  52282.627135              
*  2025  4 27 15 30   0.00000000                            
PL51   6353.158914  -9885.722360   3342.765912              
VL51 -32200.951447  -3165.118448  51486.482339              
*  2025  4 27 15 32   0.00000000                            
PL51   5956.965693  -9905.065698   3955.013461              
VL51 -33805.321885    -53.180162  50527.944384              
*  2025  4 27 15 34   0.00000000                            
PL51   5542.464380  -9886.889433   4554.798953              
VL51 -35251.420000   3086.063982  49410.018106              
*  2025  4 27 15 36   0.00000000                            
PL51   5111.584481  -9830.941276   5140.230405              
VL51 -36534.327432   6240.024644  48136.236448              
*  2025  4 27 15 38   0.00000000                            
PL51   4666.310112  -9737.120825   5709.461336              
VL51 -37649.864121   9395.986007  46710.648242              
*  2025  4 27 15 40   0.00000000                            
PL51   4208.671037  -9605.480749   6260.696875              
VL51 -38594.604483  12541.161475  45137.803933              
*  2025  4 27 15 42   0.00000000                            
PL51   3740.733536  -9436.227300   6792.199688              
VL51 -39365.889869  15662.749771  43422.739343              
*  2025  4 27 15 44   0.00000000                            
PL51   3264.591146  -9229.720151   7302.295692              
VL51 -39961.837253  18747.991122  41570.957564              
*  2025  4 27 15 46   0.00000000                            
PL51   2782.355318  -8986.471565   7789.379548              
VL51 -40381.344132  21784.223245  39588.409079              
*  2025  4 27 15 48   0.00000000                            
PL51   2296.146046  -8707.144890   8251.919897              
VL51 -40624.089628  24758.936820  37481.470226              
*  2025  4 27 15 50   0.00000000                            
PL51   1808.082494  -8392.552392   8688.464340              
VL51 -40690.531817  27659.830192  35256.920130              
*  2025  4 27 15 52   0.00000000                            
PL51   1320.273686  -8043.652444   9097.644121              
VL51 -40581.901343  30474.862986  32921.916222              
*  2025  4 27 15 54   0.00000000                            
PL51    834.809292  -7661.546073   9478.178514              
VL51 -40300.191369  33192.308409  30483.968489              
*  2025  4 27 15 56   0.00000000                            
PL51    353.750553  -7247.472891   9828.878895              
VL51 -39848.143979  35800.803964  27950.912589              
*  2025  4 27 15 58   0.00000000                            
PL51   -120.878602  -6802.806430  10148.652485              
VL51 -39229.233130  38289.400343  25330.881967              
*  2025  4 27 16  0   0.00000000                            
PL51   -587.100225  -6329.048898  10436.505746              
VL51 -38447.644294  40647.608300  22632.279119              
*  2025  4 27 16  2   0.00000000                            
PL51  -1042.990745  -5827.825390  10691.547439              
VL51 -37508.250937  42865.443282  19863.746131              
*  2025  4 27 16  4   0.00000000                            
PL51  -1486.689071  -5300.877575  10912.991319              
VL51 -36416.587990  44933.467654  17034.134636              
*  2025  4 27 16  6   0.00000000                            
PL51  -1916.404353  -4750.056891  11100.158464              
VL51 -35178.822496  46842.830350  14152.475313              
*  2025  4 27 16  8   0.00000000                            
PL51  -2330.423379  -4177.317285  11252.479240              
VL51 -33801.721603  48585.303794  11227.947055              
*  2025  4 27 16 10   0.00000000                            
PL51  -2727.117576  -3584.707523  11369.494896              
VL51 -32292.618107  50153.317973   8269.845919              
*  2025  4 27 16 12   0.00000000                            
PL51  -3104.949570  -2974.363107  11450.858777              
VL51 -30659.373730  51539.991539   5287.553986              
*  2025  4 27 16 14   0.00000000                            
PL51  -3462.479314  -2348.497841  11496.337178              
VL51 -28910.340336  52739.159832   2290.508229              
*  2025  4 27 16 16   0.00000000                            
PL51  -3798.369718  -1709.395081  11505.809809              
VL51 -27054.319304  53745.399748   -711.830494              
*  2025  4 27 16 18   0.00000000                            
PL51  -4111.391798  -1059.398700  11479.269901              
VL51 -25100.519251  54554.051374  -3710.008226              
*  2025  4 27 16 20   0.00000000                            
PL51  -4400.429296   -400.903816  11416.823937              
VL51 -23058.512337  55161.236331  -6694.608364              
*  2025  4 27 16 22   0.00000000                            
PL51  -4664.482778    263.652675  11318.691026              
VL51 -20938.189354  55563.872798  -9656.281689              
*  2025  4 27 16 24   0.00000000                            
PL51  -4902.673185    931.801738  11185.201916              
VL51 -18749.713822  55759.687180 -12585.775886              
*  2025  4 27 16 26   0.00000000                            
PL51  -5114.244820   1601.051946  11016.797654              
VL51 -16503.475307  55747.222416 -15473.964468              
*  2025  4 27 16 28   0.00000000                            
PL51  -5298.567782   2268.899312  10814.027911              
VL51 -14210.042168  55525.842933 -18311.875022              
*  2025  4 27 16 30   0.00000000                            
PL51  -5455.139826   2932.837162  10577.548963              
VL51 -11880.113952  55095.736249 -21090.716708              
*  2025  4 27 16 32   0.00000000                            
PL51  -5583.587650   3590.366003  10308.121353              
VL51  -9524.473630  54457.911266 -23801.906953              
*  2025  4 27 16 34   0.00000000                            
PL51  -5683.667608   4239.003355  10006.607237              
VL51  -7153.939892  53614.193273 -26437.097250              
*  2025  4 27 16 36   0.00000000                            
PL51  -5755.265856   4876.293500   9673.967421              
VL51  -4779.319686  52567.215709 -28988.198026              
*  2025  4 27 16 38   0.00000000                            
PL51  -5798.397929   5499.817113   9311.258116              
VL51  -2411.361210  51320.408752 -31447.402508              
*  2025  4 27 16 40   0.00000000                            
PL51  -5813.207752   6107.200743   8919.627400              
VL51    -60.707527  49877.984787 -33807.209534              
*  2025  4 27 16 42   0.00000000                            
PL51  -5799.966112   6696.126092   8500.311425              
VL51   2262.148982  48244.920836 -36060.445245              
*  2025  4 27 16 44   0.00000000                            
PL51  -5759.068575   7264.339074   8054.630358              
VL51   4546.911179  46426.938041 -38200.283631              
*  2025  4 27 16 46   0.00000000                            
PL51  -5691.032883   7809.658606   7583.984099              
VL51   6783.520540  44430.478289 -40220.265857              
*  2025  4 27 16 48   0.00000000                            
PL51  -5596.495838   8329.985104   7089.847756              
VL51   8962.199187  42262.678099 -42114.318334              
*  2025  4 27 16 50   0.00000000                            
PL51  -5476.209691   8823.308645   6573.766925              
VL51  11073.490409  39931.339881 -43876.769499              
*  2025  4 27 16 52   0.00000000                            
PL51  -5331.038049   9287.716778   6037.352772              
VL51  13108.297520  37444.900701 -45502.365255              
*  2025  4 27 16 54   0.00000000                            
PL51  -5161.951336   9721.401936   5482.276935              
VL51  15057.920908  34812.398697 -46986.283045              
*  2025  4 27 16 56   0.00000000                            
PL51  -4970.021808  10122.668440   4910.266270              
VL51  16914.093140  32043.437279 -48324.144535              
*  2025  4 27 16 58   0.00000000                            
PL51  -4756.418174  10489.939052   4323.097449              
VL51  18669.011995  29148.147285 -49512.026876              
*  2025  4 27 17  0   0.00000000                            
PL51  -4522.399823  10821.761075   3722.591439              
VL51  20315.371307  26137.147236 -50546.472529              
*  2025  4 27 17  2   0.00000000                            
PL51  -4269.310696  11116.811951   3110.607859              
VL51  21846.389510  23021.501867 -51424.497643              
*  2025  4 27 17  4   0.00000000                            
PL51  -3998.572836  11373.904363   2489.039259              
VL51  23255.835790  19812.679098 -52143.598965              
*  2025  4 27 17  6   0.00000000                            
PL51  -3711.679628  11591.990805   1859.805317              
VL51  24538.053748  16522.505644 -52701.759290              
*  2025  4 27 17  8   0.00000000                            
PL51  -3410.188783  11770.167620   1224.846978              
VL51  25687.982514  13163.121404 -53097.451424              
*  2025  4 27 17 10   0.00000000                            
PL51  -3095.715075  11907.678473    586.120562              
VL51  26701.175224   9746.932864 -53329.640693              
*  2025  4 27 17 12   0.00000000                            
PL51  -2769.922876  12003.917271    -54.408155              
VL51  27573.814830   6286.565682 -53397.785989              
*  2025  4 27 17 14   0.00000000                            
PL51  -2434.518516  12058.430505   -694.769866              
VL51  28302.727180   2794.816654 -53301.839363              
*  2025  4 27 17 16   0.00000000                            
PL51  -2091.242506  12070.919011  -1332.997638              
VL51  28885.391365   -715.394742 -53042.244214              
*  2025  4 27 17 18   0.00000000                            
PL51  -1741.861648  12041.239152  -1967.132793              
VL51  29319.947300  -4231.075031 -52619.932079              
*  2025  4 27 17 20   0.00000000                            
PL51  -1388.161075  11969.403412  -2595.230736              
VL51  29605.200547  -7739.205464 -52036.318077              
*  2025  4 27 17 22   0.00000000                            
PL51  -1031.936247  11855.580411  -3215.366727              
VL51  29740.624396 -11226.790597 -51293.295049              
*  2025  4 27 17 24   0.00000000                            
PL51   -674.984940  11700.094330  -3825.641573              
VL51  29726.359232 -14680.906556 -50393.226438              
*  2025  4 27 17 26   0.00000000                            
PL51   -319.099259  11503.423770  -4424.187222              
VL51  29563.209208 -18088.748818 -49338.937959              
*  2025  4 27 17 28   0.00000000                            
PL51     33.942296  11266.200034  -5009.172259              
VL51  29252.636285 -21437.679365 -48133.708110              
*  2025  4 27 17 30   0.00000000                            
PL51    382.382672  10989.204847  -5578.807277              
VL51  28796.751684 -24715.273043 -46781.257557              
*  2025  4 27 17 32   0.00000000                            
PL51    724.493995  10673.367536  -6131.350108              
VL51  28198.304796 -27909.363005 -45285.737456              
*  2025  4 27 17 34   0.00000000                            
PL51   1058.585143  10319.761653  -6665.110921              
VL51  27460.669626 -31008.085082 -43651.716732              
*  2025  4 27 17 36   0.00000000                            
PL51   1383.009154   9929.601090  -7178.457149              
VL51  26587.828840 -33999.920951 -41884.168383              
*  2025  4 27 17 38   0.00000000                            
PL51   1696.170418   9504.235675  -7669.818253              
VL51  25584.355470 -36873.739982 -39988.454836              
*  2025  4 27 17 40   0.00000000                            
PL51   1996.531642   9045.146271  -8137.690304              
VL51  24455.392391 -39618.839627 -37970.312408              
*  2025  4 27 17 42   0.00000000                            
PL51   2282.620554   8553.939411  -8580.640368              
VL51  23206.629631 -42224.984245 -35835.834915              
*  2025  4 27 17 44   0.00000000                            
PL51   2553.036325   8032.341468  -8997.310698              
VL51  21844.279617 -44682.442247 -33591.456478              
*  2025  4 27 17 46   0.00000000                            
PL51   2806.455673   7482.192390  -9386.422708              
VL51  20375.050457 -46982.021474 -31243.933561              
*  2025  4 27 17 48   0.00000000                            
PL51   3041.638647   6905.439026  -9746.780732              
VL51  18806.117355 -49115.102696 -28800.326295              
*  2025  4 27 17 50   0.00000000                            
PL51   3257.434053   6304.128062 -10077.275548              
VL51  17145.092262 -51073.671150 -26267.979118              
*  2025  4 27 17 52   0.00000000                            
PL51   3452.784496   5680.398582 -10376.887677              
VL51  15399.991878 -52850.346061 -23654.500769              
*  2025  4 27 17 54   0.00000000                            
PL51   3626.731048   5036.474301 -10644.690426              
VL51  13579.204105 -54438.408025 -20967.743675              
*  2025  4 27 17 56   0.00000000                            
PL51   3778.417486   4374.655469 -10879.852688              
VL51  11691.453060 -55831.824227 -18215.782757              
*  2025  4 27 17 58   0.00000000                            
PL51   3907.094113   3697.310495 -11081.641481              
VL51   9745.762776 -57025.271396 -15406.893687              
*  2025  4 27 18  0   0.00000000                            
PL51   4012.121135   3006.867305 -11249.424225              
VL51   7751.419682 -58014.156452 -12549.530626              
*  2025  4 27 18  2   0.00000000                            
PL51   4092.971574   2305.804471 -11382.670747              
VL51   5717.933998 -58794.634769  -9652.303461              
*  2025  4 27 18  4   0.00000000                            
PL51   4149.233723   1596.642125 -11480.955012              
VL51   3655.000153 -59363.626005  -6723.954571              
*  2025  4 27 18  6   0.00000000                            
PL51   4180.613108    881.932713 -11543.956569              
VL51   1572.456350 -59718.827442  -3773.335149              
*  2025  4 27 18  8   0.00000000                            
PL51   4186.933974    164.251592 -11571.461715              
VL51   -519.756599 -59858.724769   -809.381088              
*  2025  4 27 18 10   0.00000000                            
PL51   4168.140261   -553.812484 -11563.364362              
VL51  -2611.637044 -59782.600270   2158.911527              
*  2025  4 27 18 12   0.00000000                            
PL51   4124.296082  -1269.666955 -11519.666614              
VL51  -4693.164736 -59490.538347   5122.511309              
*  2025  4 27 18 14   0.00000000                            
PL51   4055.585696  -1980.725102 -11440.479036              
VL51  -6754.343415 -58983.428344   8072.376816              
*  2025  4 27 18 16   0.00000000                            
PL51   3962.312953  -2684.415710 -11326.020623              
VL51  -8785.243589 -58262.964597  10999.482119              
*  2025  4 27 18 18   0.00000000                            
PL51   3844.900247  -3378.192714 -11176.618460              
VL51 -10776.045381 -57331.643686  13894.842658              
*  2025  4 27 18 20   0.00000000                            
PL51   3703.886938  -4059.544794 -10992.707066              
VL51 -12717.081284 -56192.758816  16749.541357              
*  2025  4 27 18 22   0.00000000                            
PL51   3539.927267  -4726.004888 -10774.827430              
VL51 -14598.878672 -54850.391310  19554.754943              
*  2025  4 27 18 24   0.00000000                            
PL51   3353.787769  -5375.159582 -10523.625725              
VL51 -16412.201905 -53309.399142  22301.780416              
*  2025  4 27 18 26   0.00000000                            
PL51   3146.344175  -6004.658347 -10239.851707              
VL51 -18148.093860 -51575.402519  24982.061615              
*  2025  4 27 18 28   0.00000000                            
PL51   2918.577827  -6612.222584  -9924.356788              
VL51 -19797.916725 -49654.766463  27587.215811              
*  2025  4 27 18 30   0.00000000                            
PL51   2671.571604  -7195.654445  -9578.091803              
VL51 -21353.391857 -47554.580388  30109.060256              
*  2025  4 27 18 32   0.00000000                            
PL51   2406.505381  -7752.845382  -9202.104446              
VL51 -22806.638549 -45282.634684  32539.638593              
*  2025  4 27 18 34   0.00000000                            
PL51   2124.651025  -8281.784409  -8797.536399              
VL51 -24150.211496 -42847.394309  34871.247069              
*  2025  4 27 18 36   0.00000000                            
PL51   1827.366952  -8780.566022  -8365.620143              
VL51 -25377.136789 -40257.969411  37096.460427              
*  2025  4 27 18 38   0.00000000                            
PL51   1516.092266  -9247.397749  -7907.675464              
VL51 -26480.946228 -37524.083039  39208.157385              
*  2025  4 27 18 40   0.00000000                            
PL51   1192.340492  -9680.607297  -7425.105654              
VL51 -27455.709778 -34656.035968  41199.545598              
*  2025  4 27 18 42   0.00000000                            
PL51    857.692931 -10078.649262  -6919.393417              
VL51 -28296.065967 -31664.668754  43064.185964              
*  2025  4 27 18 44   0.00000000                            
PL51    513.791672 -10440.111361  -6392.096490              
VL51 -28997.250032 -28561.321081  44796.016171              
*  2025  4 27 18 46   0.00000000                            
PL51    162.332267 -10763.720171  -5844.842982              
VL51 -29555.119645 -25357.788551  46389.373341              
*  2025  4 27 18 48   0.00000000                            
PL51   -194.943873 -11048.346320  -5279.326453              
VL51 -29966.178024 -22066.277034  47839.015653              
*  2025  4 27 18 50   0.00000000                            
PL51   -556.257352 -11293.009132  -4697.300733              
VL51 -30227.594273 -18699.354756  49140.142807              
*  2025  4 27 18 52   0.00000000                            
PL51   -919.798888 -11496.880676  -4100.574512              
VL51 -30337.220791 -15269.902295  50288.415200              
*  2025  4 27 18 54   0.00000000                            
PL51  -1283.737602 -11659.289202  -3491.005702              
VL51 -30293.607598 -11791.060710  51279.971688              
*  2025  4 27 18 56   0.00000000                            
PL51  -1646.229455 -11779.721947  -2870.495593              
VL51 -30096.013464  -8276.178006  52111.445809              
*  2025  4 27 18 58   0.00000000                            
PL51  -2005.425809 -11857.827295  -2240.982834              
VL51 -29744.413706  -4738.754192  52779.980346              
*  2025  4 27 19  0   0.00000000                            
PL51  -2359.482051 -11893.416261  -1604.437238              
VL51 -29239.504579  -1192.385189  53283.240117              
*  2025  4 27 19  2   0.00000000                            
PL51  -2706.566258 -11886.463301   -962.853454              
VL51 -28582.704178   2349.294123  53619.422894              
*  2025  4 27 19  4   0.00000000                            
PL51  -3044.867840 -11837.106436   -318.244514              
VL51 -27776.149794   5872.667453  53787.268352              
*  2025  4 27 19  6   0.00000000                            
PL51  -3372.606143 -11745.646683    327.364715              
VL51 -26822.691701   9364.194906  53786.064965              
*  2025  4 27 19  8   0.00000000                            
PL51  -3688.038946 -11612.546791    971.944142              
VL51 -25725.883372  12810.470762  53615.654785              
*  2025  4 27 19 10   0.00000000                            
PL51  -3989.470824 -11438.429282   1613.465120              
VL51 -24489.968132  16198.280894  53276.436047              
*  2025  4 27 19 12   0.00000000                            
PL51  -4275.261328 -11224.073817   2249.907117              
VL51 -23119.862311  19514.659512  52769.363561              
*  2025  4 27 19 14   0.00000000                            
PL51  -4543.832945 -10970.413876   2879.264394              
VL51 -21621.134950  22746.944903  52095.946863              
*  2025  4 27 19 16   0.00000000                            
PL51  -4793.678788 -10678.532783   3499.552633              
VL51 -19999.984172  25882.833862  51258.246141              
*  2025  4 27 19 18   0.00000000                            
PL51  -5023.369990 -10349.659081   4108.815512              
VL51 -18263.210330  28910.434495  50258.865916              
*  2025  4 27 19 20   0.00000000                            
PL51  -5231.562755  -9985.161298   4705.131188              
VL51 -16418.186075  31818.317114  49100.946540              
*  2025  4 27 19 22   0.00000000                            
PL51  -5417.005028  -9586.542096   5286.618666              
VL51 -14472.823509  34595.562926  47788.153535              
*  2025  4 27 19 24   0.00000000                            
PL51  -5578.542760  -9155.431866   5851.444025              
VL51 -12435.538599  37231.810263  46324.664830              
*  2025  4 27 19 26   0.00000000                            
PL51  -5715.125726  -8693.581778   6397.826479              
VL51 -10315.213056  39717.298106  44715.155984              
*  2025  4 27 19 28   0.00000000                            
PL51  -5825.812878  -8202.856324   6924.044254              
VL51  -8121.153892  42042.906672  42964.783462              
*  2025  4 27 19 30   0.00000000                            
PL51  -5909.777189  -7685.225400   7428.440245              
VL51  -5863.050875  44200.194865  41079.166067              
*  2025  4 27 19 32   0.00000000                            
PL51  -5966.309986  -7142.755947   7909.427449              
VL51  -3550.932125  46181.434408  39064.364637              
*  2025  4 27 19 34   0.00000000                            
PL51  -5994.824735  -6577.603217   8365.494134              
VL51  -1195.118099  47979.640494  36926.860112              
*  2025  4 27 19 36   0.00000000                            
PL51  -5994.860264  -5992.001679   8795.208744              
VL51   1193.825781  49588.598836  34673.530109              
*  2025  4 27 19 38   0.00000000                            
PL51  -5966.083413  -5388.255633   9197.224510              
VL51   3605.137605  51002.889004  32311.624123              
*  2025  4 27 19 40   0.00000000                            
PL51  -5908.291100  -4768.729562   9570.283761              
VL51   6027.908294  52217.903969  29848.737498              
*  2025  4 27 19 42   0.00000000                            
PL51  -5821.411785  -4135.838271   9913.221909              
VL51   8451.131509  53229.865814  27292.784284              
*  2025  4 27 19 44   0.00000000                            
PL51  -5705.506335  -3492.036864  10224.971105              
VL51  10863.753882  54035.837565  24651.969140              
*  2025  4 27 19 46   0.00000000                            
PL51  -5560.768289  -2839.810604  10504.563559              
VL51  13254.725339  54633.731146  21934.758398              
*  2025  4 27 19 48   0.00000000                            
PL51  -5387.523517  -2181.664693  10751.134496              
VL51  15613.049241  55022.311461  19149.850433              
*  2025  4 27 19 50   0.00000000                            
PL51  -5186.229278  -1520.114032  10963.924764              
VL51  17927.832124  55201.196656  16306.145474              
*  2025  4 27 19 52   0.00000000                            
PL51  -4957.472688   -857.673004  11142.283072              
VL51  20188.332793  55170.854586  13412.714982              
*  2025  4 27 19 54   0.00000000                            
PL51  -4701.968602   -196.845311  11285.667859              
VL51  22384.010543  54932.595602  10478.770738              
*  2025  4 27 19 56   0.00000000                            
PL51  -4420.556924    459.886072  11393.648793              
VL51  24504.572306  54488.561716   7513.633747              
*  2025  4 27 19 58   0.00000000                            
PL51  -4114.199360   1110.068792  11465.907894              
VL51  26540.018517  53841.712279   4526.703083              
*  2025  4 27 20  0   0.00000000                            
PL51  -3783.975626   1751.290826  11502.240281              
VL51  28480.687497  52995.806270   1527.424784              
*  2025  4 27 20  2   0.00000000                            
PL51  -3431.079136   2381.189955  11502.554554              
VL51  30317.298187  51955.381343  -1474.739108              
*  2025  4 27 20  4   0.00000000                            
PL51  -3056.812189   2997.462964  11466.872801              
VL51  32040.991051  50725.729754  -4470.341255              
*  2025  4 27 20  6   0.00000000                            
PL51  -2662.580672   3597.874539  11395.330236              
VL51  33643.366988  49312.871331  -7449.979376              
*  2025  4 27 20  8   0.00000000                            
PL51  -2249.888315   4180.265820  11288.174482              
VL51  35116.524102  47723.523634 -10404.326166              
*  2025  4 27 20 10   0.00000000                            
PL51  -1820.330513   4742.562585  11145.764489              
VL51  36453.092196  45965.069473 -13324.158688              
*  2025  4 27 20 12   0.00000000                            
PL51  -1375.587751   5282.783024  10968.569117              
VL51  37646.264854  44045.521963 -16200.387134              
*  2025  4 27 20 14   0.00000000                            
PL51   -917.418661   5799.045080  10757.165361              
VL51  38689.829013  41973.487295 -19024.082907              
*  2025  4 27 20 16   0.00000000                            
PL51   -447.652735   6289.573332  10512.236254              
VL51  39578.191908  39758.125404 -21786.505926              
*  2025  4 27 20 18   0.00000000                            
PL51     31.817268   6752.705398  10234.568448              
VL51  40306.405310  37409.108725 -24479.131087              
*  2025  4 27 20 20   0.00000000                            
PL51    519.043185   7186.897824   9925.049479              
VL51  40870.186981  34936.579237 -27093.673836              
*  2025  4 27 20 22   0.00000000                            
PL51   1012.029555   7590.731456   9584.664728              
VL51  41265.939269  32351.103972 -29622.114762              
*  2025  4 27 20 24   0.00000000                            
PL51   1508.741934   7962.916268   9214.494102              
VL51  41490.764802  29663.629202 -32056.723189              
*  2025  4 27 20 26   0.00000000                            
PL51   2007.115378   8302.295627   8815.708430              
VL51  41542.479221  26885.433489 -34390.079682              
*  2025  4 27 20 28   0.00000000                            
PL51   2505.063056   8607.850000   8389.565598              
VL51  41419.620926  24028.079796 -36615.097446              
*  2025  4 27 20 30   0.00000000                            
PL51   3000.484971   8878.700072   7937.406437              
VL51  41121.457810  21103.366861 -38725.042543              
*  2025  4 27 20 32   0.00000000                            
PL51   3491.276737   9114.109283   7460.650373              
VL51  40647.990966  18123.280022 -40713.552908              
*  2025  4 27 20 34   0.00000000                            
PL51   3975.338387   9313.485768   6960.790856              
VL51  39999.955359  15099.941700 -42574.656096              
*  2025  4 27 20 36   0.00000000                            
PL51   4450.583166   9476.383706   6439.390583              
VL51  39178.817490  12045.561738 -44302.785723              
*  2025  4 27 20 38   0.00000000                            
PL51   4914.946278   9602.504070   5898.076537              
VL51  38186.770062   8972.387785 -45892.796576              
*  2025  4 27 20 40   0.00000000                            
PL51   5366.393561   9691.694784   5338.534846              
VL51  37026.723683   5892.655937 -47339.978328              
*  2025  4 27 20 42   0.00000000                            
PL51   5802.930031   9743.950293   4762.505491              
VL51  35702.295678   2818.541834 -48640.067851              
*  2025  4 27 20 44   0.00000000                            
PL51   6222.608284   9759.410544   4171.776873              
VL51  34217.796049   -237.887607 -49789.260096              
*  2025  4 27 20 46   0.00000000                            
PL51   6623.536708   9738.359396   3568.180256              
VL51  32578.210676  -3264.721616 -50784.217525              
*  2025  4 27 20 48   0.00000000                            
PL51   7003.887484   9681.222470   2953.584108              
VL51  30789.181833  -6250.251990 -51622.078075              
*  2025  4 27 20 50   0.00000000                            
PL51   7361.904325   9588.564442   2329.888358              
VL51  28856.986126  -9183.018298 -52300.461671              
*  2025  4 27 20 52   0.00000000                            
PL51   7695.909951   9461.085806   1699.018577              
VL51  26788.509953 -12051.851752 -52817.475264              
*  2025  4 27 20 54   0.00000000                            
PL51   8004.313245   9299.619120   1062.920110              
VL51  24591.222583 -14845.917550 -53171.716406              
*  2025  4 27 20 56   0.00000000                            
PL51   8285.616070   9105.124751    423.552180              
VL51  22273.147010 -17554.755539 -53362.275385              
*  2025  4 27 20 58   0.00000000                            
PL51   8538.419735   8878.686146   -217.118037              
VL51  19842.828676 -20168.319079 -53388.735903              
*  2025  4 27 21  0   0.00000000                            
PL51   8761.431063   8621.504643   -857.121326              
VL51  17309.302230 -22677.011943 -53251.174346              
*  2025  4 27 21  2   0.00000000                            
PL51   8953.468053   8334.893858  -1494.492334              
VL51  14682.056447 -25071.723157 -52950.157653              
*  2025  4 27 21  4   0.00000000                            
PL51   9113.465112   8020.273662  -2127.275439              
VL51  11970.997468 -27343.859646 -52486.739819              
*  2025  4 27 21  6   0.00000000                            
PL51   9240.477832   7679.163785  -2753.530566              
VL51   9186.410501 -29485.376611 -51862.457068              
*  2025  4 27 21  8   0.00000000                            
PL51   9333.687307   7313.177061  -3371.338936              
VL51   6338.920161 -31488.805517 -51079.321719              
*  2025  4 27 21 10   0.00000000                            
PL51   9392.403956   6924.012361  -3978.808739              
VL51   3439.449573 -33347.279648 -50139.814811              
*  2025  4 27 21 12   0.00000000                            
PL51   9416.070861   6513.447229  -4574.080710              
VL51    499.178428 -35054.557140 -49046.877501              
*  2025  4 27 21 14   0.00000000                            
PL51   9404.266582   6083.330258  -5155.333586              
VL51  -2470.499868 -36605.041452 -47803.901299              
*  2025  4 27 21 16   0.00000000                            
PL51   9356.707467   5635.573239  -5720.789453              
VL51  -5458.021794 -37993.799219 -46414.717175              
*  2025  4 27 21 18   0.00000000                            
PL51   9273.249425   5172.143104  -6268.718946              
VL51  -8451.697899 -39216.575471 -44883.583590              
*  2025  4 27 21 20   0.00000000                            
PL51   9153.889173   4695.053712  -6797.446301              
VL51 -11439.757422 -40269.806177 -43215.173492              
*  2025  4 27 21 22   0.00000000                            
PL51   8998.764937   4206.357495  -7305.354248              
VL51 -14410.393194 -41150.628102 -41414.560339              
*  2025  4 27 21 24   0.00000000                            
PL51   8808.156625   3708.137000  -7790.888726              
VL51 -17351.806662 -41856.885985 -39487.203177              
*  2025  4 27 21 26   0.00000000                            
PL51   8582.485452   3202.496365  -8252.563419              
VL51 -20252.252897 -42387.137034 -37438.930852              
*  2025  4 27 21 28   0.00000000                            
PL51   8322.313023   2691.552759  -8688.964092              
VL51 -23100.085436 -42740.652746 -35275.925377              
*  2025  4 27 21 30   0.00000000                            
PL51   8028.339888   2177.427808  -9098.752727              
VL51 -25883.800828 -42917.418104 -33004.704516              
*  2025  4 27 21 32   0.00000000                            
PL51   7701.403560   1662.239053  -9480.671444              
VL51 -28592.082739 -42918.128141 -30632.103633              
*  2025  4 27 21 34   0.00000000                            
PL51   7342.476007   1148.091464  -9833.546198              
VL51 -31213.845483 -42744.181943 -28165.256837              
*  2025  4 27 21 36   0.00000000                            
PL51   6952.660628    637.069038 -10156.290247              
VL51 -33738.276879 -42397.674119 -25611.577462              
*  2025  4 27 21 38   0.00000000                            
PL51   6533.188714    131.226519 -10447.907388              
VL51 -36154.880283 -41881.383784 -22978.737916              
*  2025  4 27 21 40   0.00000000                            
PL51   6085.415419   -367.418741 -10707.494935              
VL51 -38453.515684 -41198.761099 -20274.648941              
*  2025  4 27 21 42   0.00000000                            
PL51   5610.815234   -856.894740 -10934.246455              
VL51 -40624.439754 -40353.911442 -17507.438292              
*  2025  4 27 21 44   0.00000000                            
PL51   5110.976996  -1335.282580 -11127.454241              
VL51 -42658.344723 -39351.577236 -14685.428884              
*  2025  4 27 21 46   0.00000000                            
PL51   4587.598436  -1800.723997 -11286.511521              
VL51 -44546.395964 -38197.117521 -11817.116419              
*  2025  4 27 21 48   0.00000000                            
PL51   4042.480275  -2251.428619 -11410.914394              
VL51 -46280.268190 -36896.485313  -8911.146517              
*  2025  4 27 21 50   0.00000000                            
PL51   3477.519910  -2685.680955 -11500.263489              
VL51 -47852.180116 -35456.202827  -5976.291380              
*  2025  4 27 21 52   0.00000000                            
PL51   2894.704684  -3101.847060 -11554.265342              
VL51 -49254.927507 -33883.334631  -3021.426009              
*  2025  4 27 21 54   0.00000000                            
PL51   2296.104770  -3498.380875 -11572.733485              
VL51 -50481.914467 -32185.458794    -55.503980              
*  2025  4 27 21 56   0.00000000                            
PL51   1683.865693  -3873.830208 -11555.589243              
VL51 -51527.182865 -30370.636112   2912.467163              
*  2025  4 27 21 58   0.00000000                            
PL51   1060.200513  -4226.842327 -11502.862229              
VL51 -52385.439768 -28447.377488   5873.450917              
*  2025  4 27 22  0   0.00000000                            
PL51    427.381683  -4556.169164 -11414.690540              
VL51 -53052.082778 -26424.609543   8818.407158              
*  2025  4 27 22  2   0.00000000                            
PL51   -212.267371  -4860.672083 -11291.320652              
VL51 -53523.223128 -24311.638564  11738.317804              
*  2025  4 27 22  4   0.00000000                            
PL51   -856.380949  -5139.326215 -11133.106992              
VL51 -53795.706437 -22118.112855  14624.212750              
*  2025  4 27 22  6   0.00000000                            
PL51  -1502.559994  -5391.224328 -10940.511212              
VL51 -53867.130999 -19853.983636  17467.196040              
*  2025  4 27 22  8   0.00000000                            
PL51  -2148.381225  -5615.580219 -10714.101139              
VL51 -53735.863485 -17529.464553  20258.472221              
*  2025  4 27 22 10   0.00000000                            
PL51  -2791.406440  -5811.731617 -10454.549408              
VL51 -53401.051944 -15154.989950  22989.372841              
*  2025  4 27 22 12   0.00000000                            
PL51  -3429.191952  -5979.142573 -10162.631783              
VL51 -52862.635993 -12741.172013  25651.383016              
*  2025  4 27 22 14   0.00000000                            
PL51  -4059.298138  -6117.405332  -9839.225150              
VL51 -52121.354074 -10298.756912  28236.168020              
*  2025  4 27 22 16   0.00000000                            
PL51  -4679.299049  -6226.241674  -9485.305201              
VL51 -51178.747675  -7838.580102  30735.599806              
*  2025  4 27 22 18   0.00000000                            
PL51  -5286.792063  -6305.503713  -9101.943788              
VL51 -50037.162421  -5371.520911  33141.783387              
*  2025  4 27 22 20   0.00000000                            
PL51  -5879.407519  -6355.174150  -8690.305979              
VL51 -48699.745923  -2908.456608  35447.082972              
*  2025  4 27 22 22   0.00000000                            
PL51  -6454.818314  -6375.365969  -8251.646784              
VL51 -47170.442326   -460.216097  37644.147780              
*  2025  4 27 22 24   0.00000000                            
PL51  -7010.749413  -6366.321577  -7787.307584              
VL51 -45453.983476   1962.466551  39725.937392              
*  2025  4 27 22 26   0.00000000                            
PL51  -7544.987227  -6328.411390  -7298.712261              
VL51 -43555.876654   4348.998553  41685.746560              
*  2025  4 27 22 28   0.00000000                            
PL51  -8055.388832  -6262.131858  -6787.363028              
VL51 -41482.388848   6688.974636  43517.229333              
*  2025  4 27 22 30   0.00000000                            
PL51  -8539.890971  -6168.102940  -6254.835976              
VL51 -39240.527539   8972.222823  45214.422382              
*  2025  4 27 22 32   0.00000000                            
PL51  -8996.518809  -6047.065032  -5702.776345              
VL51 -36838.018004  11188.849553  46771.767399              
*  2025  4 27 22 34   0.00000000                            
PL51  -9423.394391  -5899.875362  -5132.893542              
VL51 -34283.277171  13329.283921  48184.132443              
*  2025  4 27 22 36   0.00000000                            
PL51  -9818.744769  -5727.503857  -4546.955895              
VL51 -31585.384056  15384.320792  49446.832090              
*  2025  4 27 22 38   0.00000000                            
PL51 -10180.909753  -5531.028499  -3946.785183              
VL51 -28754.046870  17345.162572  50555.646270              
*  2025  4 27 22 40   0.00000000                            
PL51 -10508.349249  -5311.630197  -3334.250946              
VL51 -25799.566880  19203.459388  51506.837666              
*  2025  4 27 22 42   0.00000000                            
PL51 -10799.650139  -5070.587176  -2711.264597              
VL51 -22732.799154  20951.347451  52297.167528              
*  2025  4 27 22 44   0.00000000                            
PL51 -11053.532682  -4809.268931  -2079.773349              
VL51 -19565.110332  22581.485383  52923.909819              
*  2025  4 27 22 46   0.00000000                            
PL51 -11268.856379  -4529.129745  -1441.753990              
VL51 -16308.333594  24087.088265  53384.863546              
*  2025  4 27 22 48   0.00000000                            
PL51 -11444.625295  -4231.701823   -799.206515              
VL51 -12974.721022  25461.959212  53678.363200              
*  2025  4 27 22 50   0.00000000                            
PL51 -11579.992781  -3918.588059   -154.147651              
VL51  -9576.893585  26700.518262  53803.287201              
*  2025  4 27 22 52   0.00000000                            
PL51 -11674.265596  -3591.454472    491.395714              
VL51  -6127.788975  27797.828391  53759.064261              
*  2025  4 27 22 54   0.00000000                            
PL51 -11726.907381  -3252.022352   1135.393160              
VL51  -2640.607578  28749.618484  53545.677626              
*  2025  4 27 22 56   0.00000000                            
PL51 -11737.541480  -2902.060148   1775.817406              
VL51    871.243154  29552.303107  53163.667114              
*  2025  4 27 22 58   0.00000000                            
PL51 -11705.953085  -2543.375133   2410.650985              
VL51   4394.205624  30202.998943  52614.128945              
*  2025  4 27 23  0   0.00000000                            
PL51 -11632.090692  -2177.804904   3037.892917              
VL51   7914.629999  30699.537792  51898.713328              
*  2025  4 27 23  2   0.00000000                            
PL51 -11516.066854  -1807.208733   3655.565321              
VL51  11418.832793  31040.476028  51019.619812              
*  2025  4 27 23  4   0.00000000                            
PL51 -11358.158234  -1433.458840   4261.719977              
VL51  14893.155793  31225.100471  49979.590413              
*  2025  4 27 23  6   0.00000000                            
PL51 -11158.804947  -1058.431605   4854.444780              
VL51  18324.025013  31253.430615  48781.900545              
*  2025  4 27 23  8   0.00000000                            
PL51 -10918.609199   -683.998785   5431.870072              
VL51  21698.009341  31126.217208  47430.347809              
*  2025  4 27 23 10   0.00000000                            
PL51 -10638.333217   -312.018764   5992.174837              
VL51  25001.878560  30844.937196  45929.238695              
*  2025  4 27 23 12   0.00000000                            
PL51 -10318.896503     55.672114   6533.592713              
VL51  28222.660423  30411.785057  44283.373280              
*  2025  4 27 23 14   0.00000000                            
PL51  -9961.372398    417.268084   7054.417817              
VL51  31347.696490  29829.660597  42498.028011              
*  2025  4 27 23 16   0.00000000                            
PL51  -9566.983987    771.002335   7553.010345              
VL51  34364.696422  29102.153294  40578.936675              
*  2025  4 27 23 18   0.00000000                            
PL51  -9137.099369   1115.155173   8027.801942              
VL51  37261.790466  28233.523273  38532.269665              
*  2025  4 27 23 20   0.00000000                            
PL51  -8673.226303   1448.061940   8477.300804              
VL51  40027.579868  27228.679072  36364.611661              
*  2025  4 27 23 22   0.00000000                            
PL51  -8177.006264   1768.120647   8900.096513              
VL51  42651.184978  26093.152311  34082.937841              
*  2025  4 27 23 24   0.00000000                            
PL51  -7650.207941   2073.799281   9294.864570              
VL51  45122.290828  24833.069440  31694.588764              
*  2025  4 27 23 26   0.00000000                            
PL51  -7094.720197   2363.642764   9660.370623              
VL51  47431.189959  23455.120738  29207.244035              
*  2025  4 27 23 28   0.00000000                            
PL51  -6512.544540   2636.279516   9995.474375              
VL51  49568.822341  21966.526739  26628.894897              
*  2025  4 27 23 30   0.00000000                            
PL51  -5905.787127   2890.427607  10299.133151              
VL51  51526.812195  20375.002304  23967.815883              
*  2025  4 27 23 32   0.00000000                            
PL51  -5276.650349   3124.900462  10570.405126              
VL51  53297.501588  18688.718524  21232.535664              
*  2025  4 27 23 34   0.00000000                            
PL51  -4627.424033   3338.612097  10808.452194              
VL51  54873.980669  16916.262685  18431.807226              
*  2025  4 27 23 36   0.00000000                            
PL51  -3960.476301   3530.581864  11012.542478              
VL51  56250.114448  15066.596515  15574.577531              
*  2025  4 27 23 38   0.00000000                            
PL51  -3278.244125   3699.938688  11182.052478              
VL51  57420.566040  13149.012943  12669.956775              
*  2025  4 27 23 40   0.00000000                            
PL51  -2583.223633   3845.924775  11316.468838              
VL51  58380.816327  11173.091596   9727.187398              
*  2025  4 27 23 42   0.00000000                            
PL51  -1877.960193   3967.898776  11415.389751              
VL51  59127.179992   9148.653272   6755.612956              
*  2025  4 27 23 44   0.00000000                            
PL51  -1165.038331   4065.338411  11478.525983              
VL51  59656.817930   7085.713612   3764.646971              
*  2025  4 27 23 46   0.00000000                            
PL51   -447.071518   4137.842521  11505.701527              
VL51  59967.746024   4994.436201    763.741886              
*  2025  4 27 23 48   0.00000000                            
PL51    273.308122   4185.132562  11496.853883              
VL51  60058.840317   2885.085319  -2237.641803              
*  2025  4 27 23 50   0.00000000                            
PL51    993.460150   4207.053528  11452.033974              
VL51  59929.838594    767.978555  -5230.066113              
*  2025  4 27 23 52   0.00000000                            
PL51   1710.746139   4203.574307  11371.405692              
VL51  59581.338441  -1346.560491  -8204.145774              
*  2025  4 27 23 54   0.00000000                            
PL51   2422.539972   4174.787472  11255.245087              
VL51  59014.791798  -3448.249230 -11150.577962              
*  2025  4 27 23 56   0.00000000                            
PL51   3126.238034   4120.908509  11103.939201              
VL51  58232.496105  -5526.892604 -14060.171485              
*  2025  4 27 23 58   0.00000000                            
PL51   3819.269294   4042.274486  10917.984559              
VL51  57237.582088  -7572.428930 -16923.875349              
*  2025  4 28  0  0   0.00000000                            
PL51   4499.105159   3939.342255  10697.985315              
VL51  56033.998421  -9574.974053 -19732.806625              
*  2025  4 28  0  2   0.00000000                            
PL51   5163.269455   3812.685721  10444.651077              
VL51  54626.492405 -11524.869228 -22478.277542              
*  2025  4 28  0  4   0.00000000                            
PL51   5809.347340   3662.993551  10158.794400              
VL51  53020.589591 -13412.715917 -25151.821738              
*  2025  4 28  0  6   0.00000000                            
PL51   6434.995031   3491.065123   9841.327983              
VL51  51222.567807 -15229.424800 -27745.219611              
*  2025  4 28  0  8   0.00000000                            
PL51   7037.948409   3297.806922   9493.261554              
VL51  49239.430318 -16966.251621 -30250.522694              
*  2025  4 28  0 10   0.00000000                            
PL51   7616.031599   3084.228098   9115.698481              
VL51  47078.875523 -18614.835896 -32660.077014              
*  2025  4 28  0 12   0.00000000                            
PL51   8167.165110   2851.435642   8709.832101              
VL51  44749.264217 -20167.236991 -34966.545355              
*  2025  4 28  0 14   0.00000000                            
PL51   8689.373585   2600.629143   8276.941787              
VL51  42259.584443 -21615.968187 -37162.928400              
*  2025  4 28  0 16   0.00000000                            
PL51   9180.793099   2333.095147   7818.388782              
VL51  39619.414096 -22954.028613 -39242.584668              
*  2025  4 28  0 18   0.00000000                            
PL51   9639.678004   2050.201144   7335.611780              
VL51  36838.881438 -24174.932915 -41199.249222              
*  2025  4 28  0 20   0.00000000                            
PL51  10064.407289   1753.389219   6830.122311              
VL51  33928.623691 -25272.738568 -43027.051086              
*  2025  4 28  0 22   0.00000000                            
PL51  10453.490426   1444.169383   6303.499910              
VL51  30899.743903 -26242.070715 -44720.529349              
*  2025  4 28  0 24   0.00000000                            
PL51  10805.572699   1124.112629   5757.387109              
VL51  27763.766253 -27078.144468 -46274.647903              
*  2025  4 28  0 26   0.00000000                            
PL51  11119.439977    794.843728   5193.484255              
VL51  24532.589997 -27776.784585 -47684.808804              
*  2025  4 28  0 28   0.00000000                            
PL51  11394.022934    458.033808   4613.544185              
VL51  21218.442237 -28334.442462 -48946.864216              
*  2025  4 28  0 30   0.00000000                            
PL51  11628.400699    115.392751   4019.366752              
VL51  17833.829710 -28748.210390 -50057.126926              
*  2025  4 28  0 32   0.00000000                            
PL51  11821.803912   -231.338575   3412.793247              
VL51  14391.489792 -29015.833036 -51012.379411              
*  2025  4 28  0 34   0.00000000                            
PL51  11973.617200   -580.396197   2795.700715              
VL51  10904.340921 -29135.716131 -51809.881451              
*  2025  4 28  0 36   0.00000000                            
PL51  12083.381045   -930.001007   2169.996189              
VL51   7385.432635 -29106.932334 -52447.376275              
*  2025  4 28  0 38   0.00000000                            
PL51  12150.793063  -1278.366788   1537.610856              
VL51   3847.895398 -28929.224283 -52923.095239              
*  2025  4 28  0 40   0.00000000                            
PL51  12175.708666  -1623.708255    900.494184              
VL51    304.890451 -28603.004827 -53235.761043              
*  2025  4 28  0 42   0.00000000                            
PL51  12158.141140  -1964.249091    260.608009              
VL51  -3230.440140 -28129.354480 -53384.589500              
*  2025  4 28  0 44   0.00000000                            
PL51  12098.261109  -2298.229922   -380.079384              
VL51  -6745.023053 -27510.016107 -53369.289855              
*  2025  4 28  0 46   0.00000000                            
PL51  11996.395422  -2623.916226  -1019.599175              
VL51 -10225.902689 -26747.386902 -53190.063692              
*  2025  4 28  0 48   0.00000000                            
PL51  11853.025446  -2939.606120  -1655.987907              
VL51 -13660.289398 -25844.507703 -52847.602445              
*  2025  4 28  0 50   0.00000000                            
PL51  11668.784790  -3243.638009  -2287.293339              
VL51 -17035.606757 -24805.049716 -52343.083541              
*  2025  4 28  0 52   0.00000000                            
PL51  11444.456471  -3534.398056  -2911.580251              
VL51 -20339.537756 -23633.298721 -51678.165219              
*  2025  4 28  0 54   0.00000000                            
PL51  11180.969528  -3810.327452  -3526.936174              
VL51 -23560.069712 -22334.136840 -50854.980060              
*  2025  4 28  0 56   0.00000000                            
PL51  10879.395108  -4069.929448  -4131.477041              
VL51 -26685.537773 -20913.021962 -49876.127265              
*  2025  4 28  0 58   0.00000000                            
PL51  10540.942038  -4311.776132  -4723.352727              
VL51 -29704.666868 -19375.964928 -48744.663742              
*  2025  4 28  1  0   0.00000000                            
PL51  10166.951904  -4534.514918  -5300.752489              
VL51 -32606.611982 -17729.504569 -47464.094023              
*  2025  4 28  1  2   0.00000000                            
PL51   9758.893662  -4736.874716  -5861.910268              
VL51 -35380.996628 -15980.680717 -46038.359092              
*  2025  4 28  1  4   0.00000000                            
PL51   9318.357788  -4917.671780  -6405.109854              
VL51 -38017.949409 -14137.005301 -44471.824142              
*  2025  4 28  1  6   0.00000000                            
PL51   8847.050011  -5075.815186  -6928.689901              
VL51 -40508.138572 -12206.431631 -42769.265331              
*  2025  4 28  1  8   0.00000000                            
PL51   8346.784640  -5210.311935  -7431.048770              
VL51 -42842.804462 -10197.322021 -40935.855565              
*  2025  4 28  1 10   0.00000000                            
PL51   7819.477515  -5320.271663  -7910.649203              
VL51 -45013.789795  -8118.413838 -38977.149381              
*  2025  4 28  1 12   0.00000000                            
PL51   7267.138608  -5404.910928  -8366.022807              
VL51 -47013.567669  -5978.784131 -36899.066955              
*  2025  4 28  1 14   0.00000000                            
PL51   6691.864300  -5463.557069  -8795.774340              
VL51 -48835.267262  -3787.812955 -34707.877293              
*  2025  4 28  1 16   0.00000000                            
PL51   6095.829371  -5495.651611  -9198.585796              
VL51 -50472.697162  -1555.145512 -32410.180645              
*  2025  4 28  1 18   0.00000000                            
PL51   5481.278713  -5500.753224  -9573.220265              
VL51 -51920.366258    709.346750 -30012.890192              
*  2025  4 28  1 20   0.00000000                            
PL51   4850.518818  -5478.540188  -9918.525581              
VL51 -53173.502185   2995.605965 -27523.213029              
*  2025  4 28  1 22   0.00000000                            
PL51   4205.909050  -5428.812399 -10233.437727              
VL51 -54228.067269   5293.428469 -24948.630485              
*  2025  4 28  1 24   0.00000000                            
PL51   3549.852753  -5351.492862 -10516.984006              
VL51 -55080.771935   7592.506089 -22296.877826              
*  2025  4 28  1 26   0.00000000                            
PL51   2884.788197  -5246.628699 -10768.285964              
VL51 -55729.085573   9882.467974 -19575.923344              
*  2025  4 28  1 28   0.00000000                            
PL51   2213.179427  -5114.391647 -10986.562058              
VL51 -56171.244810  12152.922827 -16793.946887              
*  2025  4 28  1 30   0.00000000                            
PL51   1537.507012  -4955.078050 -11171.130062              
VL51 -56406.259192  14393.501424 -13959.317845              
*  2025  4 28  1 32   0.00000000                            
PL51    860.258755  -4769.108336 -11321.409208              
VL51 -56433.914246  16593.899268 -11080.572622              
*  2025  4 28  1 34   0.00000000                            
PL51    183.920371  -4557.025984 -11436.922051              
VL51 -56254.771926  18743.919266  -8166.391630              
*  2025  4 28  1 36   0.00000000                            
PL51   -489.033816  -4319.495984 -11517.296061              
VL51 -55870.168422  20833.514278  -5225.575808              
*  2025  4 28  1 38   0.00000000                            
PL51  -1156.150139  -4057.302778 -11562.264918              
VL51 -55282.209339  22852.829414  -2267.022717              
*  2025  4 28  1 40   0.00000000                            
PL51  -1815.004780  -3771.347703 -11571.669536              
VL51 -54493.762240  24792.243940    700.297785              
*  2025  4 28  1 42   0.00000000                            
PL51  -2463.212852  -3462.645934 -11545.458774              
VL51 -53508.446549  26642.412648   3667.368262              
*  2025  4 28  1 44   0.00000000                            
PL51  -3098.437352  -3132.322932 -11483.689864              
VL51 -52330.620832  28394.306554   6625.148777              
*  2025  4 28  1 46   0.00000000                            
PL51  -3718.397938  -2781.610406 -11386.528521              
VL51 -50965.367437  30039.252778   9564.602308              
*  2025  4 28  1 48   0.00000000                            
PL51  -4320.879512  -2411.841811 -11254.248763              
VL51 -49418.474530  31568.973452  12476.720468              
*  2025  4 28  1 50   0.00000000                            
PL51  -4903.740566  -2024.447375 -11087.232404              
VL51 -47696.415518  32975.623502  15352.549489              
*  2025  4 28  1 52   0.00000000                            
PL51  -5464.921269  -1620.948687 -10885.968244              
VL51 -45806.325895  34251.827159  18183.216435              
*  2025  4 28  1 54   0.00000000                            
PL51  -6002.451263  -1202.952853 -10651.050944              
VL51 -43755.977527  35390.713030  20959.955590              
*  2025  4 28  1 56   0.00000000                            
PL51  -6514.457130   -772.146243 -10383.179576              
VL51 -41553.750411  36385.947563  23674.134971              
*  2025  4 28  1 58   0.00000000                            
PL51  -6999.169507   -330.287841 -10083.155861              
VL51 -39208.601956  37231.766753  26317.282908              
*  2025  4 28  2  0   0.00000000                            
PL51  -7454.929823    120.797766  -9751.882086              
VL51 -36730.033828  37923.005912  28881.114615              
*  2025  4 28  2  2   0.00000000                            
PL51  -7880.196612    579.227754  -9390.358699              
VL51 -34128.056422  38455.127340  31357.558686              
*  2025  4 28  2  4   0.00000000                            
PL51  -8273.551400   1043.068731  -8999.681595              
VL51 -31413.151044  38824.245721  33738.783424              
*  2025  4 28  2  6   0.00000000                            
PL51  -8633.704115   1510.344716  -8581.039082              
VL51 -28596.229882  39027.151085  36017.222913              
*  2025  4 28  2  8   0.00000000                            
PL51  -8959.498005   1979.045362  -8135.708531              
VL51 -25688.593877  39061.329166  38185.602730              
*  2025  4 28  2 10   0.00000000                            
PL51  -9249.914045   2447.134414  -7665.052736              
VL51 -22701.888601  38924.979001  40236.965188              
*  2025  4 28  2 12   0.00000000                            
PL51  -9504.074792   2912.558362  -7170.515955              
VL51 -19648.058309  38617.027613  42164.693991              
*  2025  4 28  2 14   0.00000000                            
PL51  -9721.247692   3373.255246  -6653.619675              
VL51 -16539.298286  38137.141641  43962.538186              
*  2025  4 28  2 16   0.00000000                            
PL51  -9900.847795   3827.163588  -6115.958086              
VL51 -13388.005693  37485.735789  45624.635270              
*  2025  4 28  2 18   0.00000000                            
PL51 -10042.439875   4272.231403  -5559.193286              
VL51 -10206.729088  36663.977977  47145.533345              
*  2025  4 28  2 20   0.00000000                            
PL51 -10145.739940   4706.425248  -4985.050227              
VL51  -7008.116829  35673.791091  48520.212174              
*  2025  4 28  2 22   0.00000000                            
PL51 -10210.616116   5127.739282  -4395.311412              
VL51  -3804.864594  34517.851256  49744.103020              
*  2025  4 28  2 24   0.00000000                            
PL51 -10237.088894   5534.204269  -3791.811369              
VL51   -609.662240  33199.582570  50813.107122              
*  2025  4 28  2 26   0.00000000                            
PL51 -10225.330743   5923.896507  -3176.430905              
VL51   2564.859738  31723.148240  51723.612707              
*  2025  4 28  2 28   0.00000000                            
PL51 -10175.665072   6294.946631  -2551.091167              
VL51   5706.183882  30093.438124  52472.510388              
*  2025  4 28  2 30   0.00000000                            
PL51 -10088.564553   6645.548231  -1917.747533              
VL51   8801.959318  28316.052658  53057.206854              
*  2025  4 28  2 32   0.00000000                            
PL51  -9964.648803   6973.966271  -1278.383343              
VL51  11840.054883  26397.283216  53475.636733              
*  2025  4 28  2 34   0.00000000                            
PL51  -9804.681434   7278.545244   -635.003502              
VL51  14808.611549  24344.088940  53726.272524              
*  2025  4 28  2 36   0.00000000                            
PL51  -9609.566473   7557.717026     10.372020              
VL51  17696.093851  22164.070126  53808.132522              
*  2025  4 28  2 38   0.00000000                            
PL51  -9380.344183   7810.008397    655.714780              
VL51  20491.340030  19865.438273  53720.786651              
*  2025  4 28  2 40   0.00000000                            
PL51  -9118.186279   8034.048177   1298.994502              
VL51  23183.610603  17456.982917  53464.360147              
*  2025  4 28  2 42   0.00000000                            
PL51  -8824.390583   8228.573949   1938.185755              
VL51  25762.635079  14948.035420  53039.535040              
*  2025  4 28  2 44   0.00000000                            
PL51  -8500.375125   8392.438330   2571.274628              
VL51  28218.656543  12348.429873  52447.549413              
*  2025  4 28  2 46   0.00000000                            
PL51  -8147.671725   8524.614755   3196.265391              
VL51  30542.473859   9668.461334  51690.194412              
*  2025  4 28  2 48   0.00000000                            
PL51  -7767.919080   8624.202744   3811.187101              
VL51  32725.481226   6918.841604  50769.809021              
*  2025  4 28  2 50   0.00000000                            
PL51  -7362.855403   8690.432630   4414.100133              
VL51  34759.704883   4110.652795  49689.272610              
*  2025  4 28  2 52   0.00000000                            
PL51  -6934.310628   8722.669710   5003.102612              
VL51  36637.836728   1255.298928  48451.995299              
*  2025  4 28  2 54   0.00000000                            
PL51  -6484.198239   8720.417813   5576.336708              
VL51  38353.264686  -1635.544158  47061.906195              
*  2025  4 28  2 56   0.00000000                            
PL51  -6014.506753   8683.322250   6131.994787              
VL51  39900.099646  -4549.980309  45523.439553              
*  2025  4 28  2 58   0.00000000                            
PL51  -5527.290900   8611.172147   6668.325381              
VL51  41273.198843  -7475.945698  43841.518961              
*  2025  4 28  3  0   0.00000000                            
PL51  -5024.662543   8503.902133   7183.638950              
VL51  42468.185568 -10401.262313  42021.539632              
*  2025  4 28  3  2   0.00000000                            
PL51  -4508.781389   8361.593391   7676.313432              
VL51  43481.465123 -13313.691993  40069.348904              
*  2025  4 28  3  4   0.00000000                            
PL51  -3981.845526   8184.474048   8144.799540              
VL51  44310.236959 -16200.990731  37991.225064              
*  2025  4 28  3  6   0.00000000                            
PL51  -3446.081841   7972.918925   8587.625799              
VL51  44952.502969 -19050.962957  35793.854615              
*  2025  4 28  3  8   0.00000000                            
PL51  -2903.736360   7727.448628   9003.403303              
VL51  45407.071924 -21851.515515  33484.308116              
*  2025  4 28  3 10   0.00000000                            
PL51  -2357.064556   7448.728000   9390.830167              
VL51  45673.560078 -24590.711064  31070.014719              
*  2025  4 28  3 12   0.00000000                            
PL51  -1808.321676   7137.563933   9748.695677              
VL51  45752.387968 -27256.820632  28558.735553              
*  2025  4 28  3 14   0.00000000                            
PL51  -1259.753129   6794.902558  10075.884106              
VL51  45644.773494 -29838.375081  25958.536075              
*  2025  4 28  3 16   0.00000000                            
PL51   -713.584977   6421.825827  10371.378198              
VL51  45352.721343 -32324.215240  23277.757547              
*  2025  4 28  3 18   0.00000000                            
PL51   -172.014571   6019.547497  10634.262298              
VL51  44879.008886 -34703.540480  20524.987753              
*  2025  4 28  3 20   0.00000000                            
PL51    362.798616   5589.408547  10863.725137              
VL51  44227.168643 -36965.955517  17709.031102              
*  2025  4 28  3 22   0.00000000                            
PL51    888.741926   5132.872042  11059.062244              
VL51  43401.467466 -39101.515258  14838.878241              
*  2025  4 28  3 24   0.00000000                            
PL51   1403.758196   4651.517472  11219.678003              
VL51  42406.882587 -41100.767488  11923.675308              
*  2025  4 28  3 26   0.00000000                            
PL51   1905.854117   4147.034595  11345.087327              
VL51  41249.074689 -42954.793254   8972.692938              
*  2025  4 28  3 28   0.00000000                            
PL51   2393.108259   3621.216803  11434.916969              
VL51  39934.358163 -44655.244769   5995.295150              
*  2025  4 28  3 30   0.00000000                            
PL51   2863.678730   3075.954058  11488.906456              
VL51  38469.668744 -46194.380708   3000.908226              
*  2025  4 28  3 32   0.00000000                            
PL51   3315.810420   2513.225417  11506.908646              
VL51  36862.528700 -47565.098774     -1.010320              
*  2025  4 28  3 34   0.00000000                            
PL51   3747.841822   1935.091177  11488.889923              
VL51  35121.009780 -48760.965415  -3001.002562              
*  2025  4 28  3 36   0.00000000                            
PL51   4158.211392   1343.684692  11434.930015              
VL51  33253.694097 -49776.242603  -5989.640686              
*  2025  4 28  3 38   0.00000000                            
PL51   4545.463429    741.203877  11345.221451              
VL51  31269.633178 -50605.911589  -8957.557115              
*  2025  4 28  3 40   0.00000000                            
PL51   4908.253457    129.902454  11220.068663              
VL51  29178.305359 -51245.693573 -11895.474154              
*  2025  4 28  3 42   0.00000000                            
PL51   5245.353077   -487.919041  11059.886729              
VL51  26989.571747 -51692.067224 -14794.233071              
*  2025  4 28  3 44   0.00000000                            
PL51   5555.654298  -1109.922432  10865.199776              
VL51  24713.630946 -51942.283002 -17644.822527              
*  2025  4 28  3 46   0.00000000                            
PL51   5838.173305  -1733.741237  10636.639044              
VL51  22360.972766 -51994.374278 -20438.406284              
*  2025  4 28  3 48   0.00000000                            
PL51   6092.053672  -2356.990115  10374.940621              
VL51  19942.331114 -51847.165190 -23166.350121              
*  2025  4 28  3 50   0.00000000                            
PL51   6316.569007  -2977.274380  10080.942865              
VL51  17468.636276 -51500.275269 -25820.247887              
*  2025  4 28  3 52   0.00000000                            
PL51   6511.125019  -3592.199564   9755.583510              
VL51  14950.966802 -50954.120818 -28391.946622              
*  2025  4 28  3 54   0.00000000                            
PL51   6675.261007  -4199.380967   9399.896490              
VL51  12400.501194 -50209.913060 -30873.570688              
*  2025  4 28  3 56   0.00000000                            
PL51   6808.650772  -4796.453171   9015.008462              
VL51   9828.469597 -49269.653103 -33257.544851              
*  2025  4 28  3 58   0.00000000                            
PL51   6911.102944  -5381.079468   8602.135075              
VL51   7246.105697 -48136.123736 -35536.616261              
*  2025  4 28  4  0   0.00000000                            
PL51   6982.560739  -5950.961180   8162.576974              
VL51   4664.599022 -46812.878133 -37703.875268              
*  2025  4 28  4  2   0.00000000                            
PL51   7023.101151  -6503.846822   7697.715561              
VL51   2095.047833 -45304.225509 -39752.775037              
*  2025  4 28  4  4   0.00000000                            
PL51   7032.933567  -7037.541066   7209.008530              
VL51   -451.587200 -43615.213820 -41677.149904              
*  2025  4 28  4  6   0.00000000                            
PL51   7012.397855  -7549.913495   6697.985192              
VL51  -2964.528357 -41751.609577 -43471.232438              
*  2025  4 28  4  8   0.00000000                            
PL51   6961.961892  -8038.907088   6166.241596              
VL51  -5433.225085 -39719.874896 -45129.669168              
*  2025  4 28  4 10   0.00000000                            
PL51   6882.218586  -8502.546417   5615.435478              
VL51  -7847.396898 -37527.141870 -46647.534945              
*  2025  4 28  4 12   0.00000000                            
PL51   6773.882382  -8938.945517   5047.281040              
VL51 -10197.074802 -35181.184400 -48020.345905              
*  2025  4 28  4 14   0.00000000                            
PL51   6637.785283  -9346.315411   4463.543584              
VL51 -12472.641084 -32690.387606 -49244.071024              
*  2025  4 28  4 16   0.00000000                            
PL51   6474.872408  -9722.971247   3866.034017              
VL51 -14664.867327 -30063.714960 -50315.142234              
*  2025  4 28  4 18   0.00000000                            
PL51   6286.197096 -10067.339029   3256.603238              
VL51 -16764.950508 -27310.673284 -51230.463095              
*  2025  4 28  4 20   0.00000000                            
PL51   6072.915603 -10377.961922   2637.136441              
VL51 -18764.547051 -24441.275764 -51987.416022              
*  2025  4 28  4 22   0.00000000                            
PL51   5836.281389 -10653.506091   2009.547324              
VL51 -20655.804734 -21466.003134 -52583.868056              
*  2025  4 28  4 24   0.00000000                            
PL51   5577.639041 -10892.766077   1375.772254              
VL51 -22431.392334 -18395.763181 -53018.175184              
*  2025  4 28  4 26   0.00000000                            
PL51   5298.417859 -11094.669665    737.764375              
VL51 -24084.526903 -15241.848758 -53289.185216              
*  2025  4 28  4 28   0.00000000                            
PL51   5000.125125 -11258.282249     97.487700              
VL51 -25608.998618 -12015.894445 -53396.239214              
*  2025  4 28  4 30   0.00000000                            
PL51   4684.339083 -11382.810666   -543.088813              
VL51 -26999.193095  -8729.832052 -53339.171498              
*  2025  4 28  4 32   0.00000000                            
PL51   4352.701681 -11467.606492  -1181.997168              
VL51 -28250.111119  -5395.845137 -53118.308232              
*  2025  4 28  4 34   0.00000000                            
PL51   4006.911078 -11512.168786  -1817.276224              
VL51 -29357.385731  -2026.322713 -52734.464623              
*  2025  4 28  4 36   0.00000000                            
PL51   3648.713969 -11516.146270  -2446.977535              
VL51 -30317.296619   1366.187654 -52188.940749              
*  2025  4 28  4 38   0.00000000                            
PL51   3279.897754 -11479.338956  -3069.171137              
VL51 -31126.781797   4769.027187 -51483.516061              
*  2025  4 28  4 40   0.00000000                            
PL51   2902.282581 -11401.699187  -3681.951264              
VL51 -31783.446540   8169.473496 -50620.442598              
*  2025  4 28  4 42   0.00000000                            
PL51   2517.713298 -11283.332121  -4283.441971              
VL51 -32285.569579  11554.788237 -49602.436950              
*  2025  4 28  4 44   0.00000000                            
PL51   2128.051351 -11124.495631  -4871.802652              
VL51 -32632.106567  14912.264685 -48432.671027              
*  2025  4 28  4 46   0.00000000                            
PL51   1735.166648 -10925.599647  -5445.233446              
VL51 -32822.690823  18229.275033 -47114.761681              
*  2025  4 28  4 48   0.00000000                            
PL51   1340.929442 -10687.204924  -6001.980506              
VL51 -32857.631398  21493.317263 -45652.759234              
*  2025  4 28  4 50   0.00000000                            
PL51    947.202245 -10410.021252  -6540.341128              
VL51 -32737.908494  24692.061447 -44051.134953              
*  2025  4 28  4 52   0.00000000                            
PL51    555.831811 -10094.905123  -7058.668723              
VL51 -32465.166280  27813.395314 -42314.767539              
*  2025  4 28  4 54   0.00000000                            
PL51    168.641232  -9742.856843  -7555.377616              
VL51 -32041.703169  30845.468962 -40448.928663              
*  2025  4 28  4 56   0.00000000                            
PL51   -212.577850  -9355.017127  -8028.947677              
VL51 -31470.459601  33776.738565 -38459.267606              
*  2025  4 28  4 58   0.00000000                            
PL51   -586.072856  -8932.663164  -8477.928750              
VL51 -30755.003413  36596.008965 -36351.795047              
*  2025  4 28  5  0   0.00000000                            
PL51   -950.137704  -8477.204184  -8900.944893              
VL51 -29899.512856  39292.475018 -34132.866046              
*  2025  4 28  5  2   0.00000000                            
PL51  -1303.120017  -7990.176541  -9296.698399              
VL51 -28908.757338  41855.761580 -31809.162262              
*  2025  4 28  5  4   0.00000000                            
PL51  -1643.428092  -7473.238315  -9663.973613              
VL51 -27788.075981  44275.962021 -29387.673447              
*  2025  4 28  5  6   0.00000000                            
PL51  -1969.537596  -6928.163471 -10001.640505              
VL51 -26543.354066  46543.675174 -26875.678261              
*  2025  4 28  5  8   0.00000000                            
PL51  -2279.997972  -6356.835575 -10308.658028              
VL51 -25180.997464  48650.040614 -24280.724425              
*  2025  4 28  5 10   0.00000000                            
PL51  -2573.438517  -5761.241109 -10584.077217              
VL51 -23707.905136  50586.772165 -21610.608273              
*  2025  4 28  5 12   0.00000000                            
PL51  -2848.574131  -5143.462382 -10827.044050              
VL51 -22131.439800  52346.189557 -18873.353703              
*  2025  4 28  5 14   0.00000000                            
PL51  -3104.210694  -4505.670081 -11036.802052              
VL51 -20459.396865  53921.248128 -16077.190581              
*  2025  4 28  5 16   0.00000000                            
PL51  -3339.250064  -3850.115477 -11212.694629              
VL51 -18699.971726  55305.566506 -13230.532611              
*  2025  4 28  5 18   0.00000000                            
PL51  -3552.694672  -3179.122308 -11354.167142              
VL51 -16861.725521  56493.452166 -10341.954703              
*  2025  4 28  5 20   0.00000000                            
PL51  -3743.651702  -2495.078372 -11460.768704              
VL51 -14953.549463  57479.924800  -7420.169856              
*  2025  4 28  5 22   0.00000000                            
PL51  -3911.336828  -1800.426850 -11532.153694              
VL51 -12984.627844  58260.737404  -4474.005592              
*  2025  4 28  5 24   0.00000000                            
PL51  -4055.077501  -1097.657394 -11568.082990              
VL51 -10964.399833  58832.395023  -1512.379956              
*  2025  4 28  5 26   0.00000000                            
PL51  -4174.315778   -389.296998 -11568.424905              
VL51  -8902.520167  59192.171062   1455.722896              
*  2025  4 28  5 28   0.00000000                            
PL51  -4268.610665    322.099304 -11533.155837              
VL51  -6808.818863  59338.121093   4421.277488              
*  2025  4 28  5 30   0.00000000                            
PL51  -4337.639973   1033.957895 -11462.360611              
VL51  -4693.260069  59269.094087   7375.242188              
*  2025  4 28  5 32   0.00000000                            
PL51  -4381.201680   1743.696152 -11356.232523              
VL51  -2565.900175  58984.740985  10308.584689              
*  2025  4 28  5 34   0.00000000                            
PL51  -4399.214781   2448.732103 -11215.073070              
VL51   -436.845315  58485.520544  13212.307811              
*  2025  4 28  5 36   0.00000000                            
PL51  -4391.719629   3146.494147 -11039.291375              
VL51   1683.791603  57772.702364  16077.475556              
*  2025  4 28  5 38   0.00000000                            
PL51  -4358.877755   3834.430785 -10829.403293              
VL51   3785.934202  56848.367045  18895.239394              
*  2025  4 28  5 40   0.00000000                            
PL51  -4300.971172   4510.020337 -10586.030208              
VL51   5859.586110  55715.403390  21656.864722              
*  2025  4 28  5 42   0.00000000                            
PL51  -4218.401150   5170.780613 -10309.897498              
VL51   7894.874476  54377.502584  24353.757433              
*  2025  4 28  5 44   0.00000000                            
PL51  -4111.686476   5814.278486 -10001.832699              
VL51   9882.093329  52839.149310  26977.490541              
*  2025  4 28  5 46   0.00000000                            
PL51  -3981.461192   6438.139350  -9662.763331              
VL51  11811.746633  51105.609745  29519.830772              
*  2025  4 28  5 48   0.00000000                            
PL51  -3828.471819   7040.056406  -9293.714422              
VL51  13674.590847  49182.916393  31972.765051              
*  2025  4 28  5 50   0.00000000                            
PL51  -3653.574077   7617.799754  -8895.805701              
VL51  15461.676811  47077.849746  34328.526792              
*  2025  4 28  5 52   0.00000000                            
PL51  -3457.729101   8169.225241  -8470.248490              
VL51  17164.390763  44797.916748  36579.621894              
*  2025  4 28  5 54   0.00000000                            
PL51  -3241.999183   8692.283036  -8018.342274              
VL51  18774.494293  42351.326074  38718.854337              
*  2025  4 28  5 56   0.00000000                            
PL51  -3007.543026   9185.025881  -7541.470978              
VL51  20284.163036  39746.960249  40739.351281              
*  2025  4 28  5 58   0.00000000                            
PL51  -2755.610556   9645.617001  -7041.098940              
VL51  21686.023904  36994.344631  42634.587530              
*  2025  4 28  6  0   0.00000000                            
PL51  -2487.537289  10072.337613  -6518.766592              
VL51  22973.190650  34103.613331  44398.409274              
*  2025  4 28  6  2   0.00000000                            
PL51  -2204.738284  10463.594011  -5976.085873              
VL51  24139.297563  31085.472140  46025.056948              
*  2025  4 28  6  4   0.00000000                            
PL51  -1908.701710  10817.924190  -5414.735357              
VL51  25178.531102  27951.158558  47509.187114              
*  2025  4 28  6  6   0.00000000                            
PL51  -1600.982033  11134.003973  -4836.455142              
VL51  26085.659252  24712.399054  48845.893214              
*  2025  4 28  6  8   0.00000000                            
PL51  -1283.192881  11410.652611  -4243.041483              
VL51  26856.058434  21381.363697  50030.725063              
*  2025  4 28  6 10   0.00000000                            
PL51   -956.999591  11646.837815  -3636.341208              
VL51  27485.737772  17970.618323  51059.706971              
*  2025  4 28  6 12   0.00000000                            
PL51   -624.111485  11841.680217  -3018.245924              
VL51  27971.360542  14493.074433  51929.354342              
*  2025  4 28  6 14   0.00000000                            
PL51   -286.273908  11994.457196  -2390.686028              
VL51  28310.262652  10961.937038  52636.688641              
*  2025  4 28  6 16   0.00000000                            
PL51     54.739942  12104.606085  -1755.624558              
VL51  28500.468000   7390.650685  53179.250611              
*  2025  4 28  6 18   0.00000000                            
PL51    397.137342  12171.726713  -1115.050890              
VL51  28540.700576   3792.843918  53555.111622              
*  2025  4 28  6 20   0.00000000                            
PL51    739.114503  12195.583271   -470.974311              
VL51  28430.393211    182.272474  53762.883065              
*  2025  4 28  6 22   0.00000000                            
PL51   1078.865112  12176.105493    174.582506              
VL51  28169.692877  -3427.238517  53801.723699              
*  2025  4 28  6 24   0.00000000                            
PL51   1414.588916  12113.389139    819.590105              
VL51  27759.462481  -7021.852991  53671.344895              
*  2025  4 28  6 26   0.00000000                            
PL51   1744.500305  12007.695774   1462.018900              
VL51  27201.279102 -10587.782784  53372.013717              
*  2025  4 28  6 28   0.00000000                            
PL51   2066.836852  11859.451839   2099.845846              
VL51  26497.428673 -14111.346483  52904.553802              
*  2025  4 28  6 30   0.00000000                            
PL51   2379.867774  11669.247017   2731.061119              
VL51  25650.897105 -17579.028014  52270.344039              
*  2025  4 28  6 32   0.00000000                            
PL51   2681.902258  11437.831904   3353.674754              
VL51  24665.357882 -20977.534616  51471.315014              
*  2025  4 28  6 34   0.00000000                            
PL51   2971.297622  11166.114981   3965.723238              
VL51  23545.156187 -24293.853903  50509.943245              
*  2025  4 28  6 36   0.00000000                            
PL51   3246.467258  10855.158917   4565.276010              
VL51  22295.289636 -27515.309697  49389.243226              
*  2025  4 28  6 38   0.00000000                            
PL51   3505.888337  10506.176205   5150.441865              
VL51  20921.385702 -30629.616330  48112.757301              
*  2025  4 28  6 40   0.00000000                            
PL51   3748.109209  10120.524160   5719.375209              
VL51  19429.675973 -33624.931113  46684.543427              
*  2025  4 28  6 42   0.00000000                            
PL51   3971.756485   9699.699297   6270.282170              
VL51  17826.967369 -36489.904673  45109.160882              
*  2025  4 28  6 44   0.00000000                            
PL51   4175.541756   9245.331125   6801.426513              
VL51  16120.610488 -39213.728919  43391.654003              
*  2025  4 28  6 46   0.00000000                            
PL51   4358.267911   8759.175372   7311.135357              
VL51  14318.465262 -41786.182337  41537.534036              
*  2025  4 28  6 48   0.00000000                            
PL51   4518.835031   8243.106693   7797.804658              
VL51  12428.864130 -44197.672423  39552.759225              
*  2025  4 28  6 50   0.00000000                            
PL51   4656.245827   7699.110880   8259.904444              
VL51  10460.572929 -46439.275025  37443.713235              
*  2025  4 28  6 52   0.00000000                            
PL51   4769.610596   7129.276622   8695.983788              
VL51   8422.749744 -48502.770418  35217.182053              
*  2025  4 28  6 54   0.00000000                            
PL51   4858.151670   6535.786854   9104.675485              
VL51   6324.901927 -50380.675967  32880.329490              
*  2025  4 28  6 56   0.00000000                            
PL51   4921.207345   5920.909732   9484.700435              
VL51   4176.841548 -52066.275241  30440.671413              
*  2025  4 28  6 58   0.00000000                            
PL51   4958.235260   5286.989284   9834.871706              
VL51   1988.639505 -53553.643475  27906.048854              
*  2025  4 28  7  0   0.00000000                            
PL51   4968.815222   4636.435773  10154.098272              
VL51   -229.421466 -54837.669302  25284.600117              
*  2025  4 28  7  2   0.00000000                            
PL51   4952.651467   3971.715827  10441.388405              
VL51  -2466.894614 -55914.072695  22584.732032              
*  2025  4 28  7  4   0.00000000                            
PL51   4909.574329   3295.342374  10695.852724              
VL51  -4713.217607 -56779.419082  19815.090489              
*  2025  4 28  7  6   0.00000000                            
PL51   4839.541344   2609.864431  10916.706884              
VL51  -6957.761312 -57431.129630  16984.530377              
*  2025  4 28  7  8   0.00000000                            
PL51   4742.637752   1917.856793  11103.273898              
VL51  -9189.878700 -57867.487689  14102.085078              
*  2025  4 28  7 10   0.00000000                            
PL51   4619.076421   1221.909664  11254.986099              
VL51 -11398.953631 -58087.641459  11176.935625              
*  2025  4 28  7 12   0.00000000                            
PL51   4469.197184    524.618286  11371.386721              
VL51 -13574.449294 -58091.602884   8218.379651              
*  2025  4 28  7 14   0.00000000                            
PL51   4293.465602   -171.427401  11452.131115              
VL51 -15705.956085 -57880.242875   5235.800244              
*  2025  4 28  7 16   0.00000000                            
PL51   4092.471149   -863.653026  11496.987586              
VL51 -17783.238712 -57455.282913   2238.634816              
*  2025  4 28  7 18   0.00000000                            
PL51   3866.924849  -1549.509917  11505.837857              
VL51 -19796.282316 -56819.283122   -763.655914              
*  2025  4 28  7 20   0.00000000                            
PL51   3617.656353  -2226.485083  11478.677167              
VL51 -21735.337411 -55975.626921  -3761.618710              
*  2025  4 28  7 22   0.00000000                            
PL51   3345.610498  -2892.110980  11415.613995              
VL51 -23590.963458 -54928.502351  -6745.838295              
*  2025  4 28  7 24   0.00000000                            
PL51   3051.843342  -3543.975042  11316.869428              
VL51 -25354.070880 -53682.880214  -9706.967395              
*  2025  4 28  7 26   0.00000000                            
PL51   2737.517707  -4179.728926  11182.776162              
VL51 -27015.961356 -52244.489152 -12635.756284              
*  2025  4 28  7 28   0.00000000                            
PL51   2403.898259  -4797.097442  11013.777158              
VL51 -28568.366234 -50619.787822 -15523.081709              
*  2025  4 28  7 30   0.00000000                            
PL51   2052.346123  -5393.887131  10810.423959              
VL51 -30003.482907 -48815.934317 -18359.975132              
*  2025  4 28  7 32   0.00000000                            
PL51   1684.313088  -5967.994464  10573.374661              
VL51 -31314.009029 -46840.753017 -21137.650206              
*  2025  4 28  7 34   0.00000000                            
PL51   1301.335410  -6517.413627  10303.391574              
VL51 -32493.174446 -44702.699027 -23847.529409              
*  2025  4 28  7 36   0.00000000                            
PL51    905.027243  -7040.243863  10001.338551              
VL51 -33534.770725 -42410.820390 -26481.269792              
*  2025  4 28  7 38   0.00000000                            
PL51    497.073736  -7534.696349   9668.178031              
VL51 -34433.178199 -39974.718249 -29030.787767              
*  2025  4 28  7 40   0.00000000                            
PL51     79.223819  -7999.100589   9304.967782              
VL51 -35183.390413 -37404.505143 -31488.282904              
*  2025  4 28  7 42   0.00000000                            
PL51   -346.717292  -8431.910289   8912.857360              
VL51 -35781.035916 -34710.761596 -33846.260669              
*  2025  4 28  7 44   0.00000000                            
PL51   -778.895829  -8831.708704   8493.084314              
VL51 -36222.397302 -31904.491201 -36097.554070              
*  2025  4 28  7 46   0.00000000                            
PL51  -1215.417422  -9197.213443   8046.970129              
VL51 -36504.427445 -28997.074371 -38235.344154              
*  2025  4 28  7 48   0.00000000                            
PL51  -1654.355226  -9527.280700   7575.915930              
VL51 -36624.762874 -26000.220946 -40253.179306              
*  2025  4 28  7 50   0.00000000                            
PL51  -2093.758191  -9820.908927   7081.397967              
VL51 -36581.734243 -22925.921855 -42144.993296              
*  2025  4 28  7 52   0.00000000                            
PL51  -2531.659436 -10077.241905   6564.962891              
VL51 -36374.373860 -19786.400030 -43905.122043              
*  2025  4 28  7 54   0.00000000                            
PL51  -2966.084705 -10295.571236   6028.222826              
VL51 -36002.420274 -16594.060772 -45528.319044              
*  2025  4 28  7 56   0.00000000                            
PL51  -3395.060849 -10475.338230   5472.850283              
VL51 -35466.319894 -13361.441774 -47009.769430              
*  2025  4 28  7 58   0.00000000                            
PL51  -3816.624320 -10616.135192   4900.572892              
VL51 -34767.225676 -10101.163003 -48345.102632              
*  2025  4 28  8  0   0.00000000                            
PL51  -4228.829624 -10717.706110   4313.168013              
VL51 -33906.992876  -6825.876653 -49530.403612              
*  2025  4 28  8  2   0.00000000                            
PL51  -4629.757710 -10779.946745   3712.457199              
VL51 -32888.171927  -3548.217349 -50562.222656              
*  2025  4 28  8  4   0.00000000                            
PL51  -5017.524255 -10802.904119   3100.300567              
VL51 -31713.998478   -280.752823 -51437.583711              
*  2025  4 28  8  6   0.00000000                            
PL51  -5390.287813 -10786.775420   2478.591070              
VL51 -30388.380657   2964.064766 -52153.991250              
*  2025  4 28  8  8   0.00000000                            
PL51  -5746.257792 -10731.906333   1849.248696              
VL51 -28915.883634   6173.946666 -52709.435684              
*  2025  4 28  8 10   0.00000000                            
PL51  -6083.702239 -10638.788790   1214.214611              
VL51 -27301.711555   9336.814362 -53102.397299              
*  2025  4 28  8 12   0.00000000                            
PL51  -6400.955381 -10508.058175    575.445267              
VL51 -25551.686948  12440.845216 -53331.848748              
*  2025  4 28  8 14   0.00000000                            
PL51  -6696.424912 -10340.489988    -65.093517              
VL51 -23672.227687  15474.516747 -53397.256102              
*  2025  4 28  8 16   0.00000000                            
PL51  -6968.598986 -10136.995980   -705.432474              
VL51 -21670.321634  18426.649418 -53298.578472              
*  2025  4 28  8 18   0.00000000                            
PL51  -7216.052896  -9898.619796  -1343.604797              
VL51 -19553.499056  21286.447749 -53036.266227              
*  2025  4 28  8 20   0.00000000                            
PL51  -7437.455403  -9626.532123  -1977.652015              
VL51 -17329.802961  24043.539644 -52611.257837              
*  2025  4 28  8 22   0.00000000                            
PL51  -7631.574707  -9322.025384  -2605.629826              
VL51 -15007.757462  26688.013780 -52024.975353              
*  2025  4 28  8 24   0.00000000                            
PL51  -7797.284013  -8986.507997  -3225.613866              
VL51 -12596.334319  29210.454939 -51279.318588              
*  2025  4 28  8 26   0.00000000                            
PL51  -7933.566703  -8621.498218  -3835.705398              
VL51 -10104.917798  31601.977179 -50376.658006              
*  2025  4 28  8 28   0.00000000                            
PL51  -8039.521058  -8228.617605  -4434.036916              
VL51  -7543.267997  33854.254735 -49319.826390              
*  2025  4 28  8 30   0.00000000                            
PL51  -8114.364548  -7809.584117  -5018.777633              
VL51  -4921.482771  35959.550577 -48112.109321              
*  2025  4 28  8 32   0.00000000                            
PL51  -8157.437647  -7366.204896  -5588.138854              
VL51  -2249.958427  37910.742536 -46757.234530              
*  2025  4 28  8 34   0.00000000                            
PL51  -8168.207175  -6900.368740  -6140.379211              
VL51    460.650675  39701.346951 -45259.360163              
*  2025  4 28  8 36   0.00000000                            
PL51  -8146.269145  -6414.038312  -6673.809753              
VL51   3199.473469  41325.539779 -43623.062014              
*  2025  4 28  8 38   0.00000000                            
PL51  -8091.351114  -5909.242114  -7186.798875              
VL51   5955.464331  42778.175133 -41853.319774              
*  2025  4 28  8 40   0.00000000                            
PL51  -8003.314018  -5388.066247  -7677.777081              
VL51   8717.445867  44054.801218 -39955.502348              
*  2025  4 28  8 42   0.00000000                            
PL51  -7882.153499  -4852.646002  -8145.241558              
VL51  11474.152232  45151.673635 -37935.352282              
*  2025  4 28  8 44   0.00000000                            
PL51  -7728.000698  -4305.157304  -8587.760564              
VL51  14214.272796  46065.766049 -35798.969342              
*  2025  4 28  8 46   0.00000000                            
PL51  -7541.122537  -3747.808043  -9003.977611              
VL51  16926.496058  46794.778219 -33552.793292              
*  2025  4 28  8 48   0.00000000                            
PL51  -7321.921457  -3182.829329  -9392.615442              
VL51  19599.553629  47337.141358 -31203.585918              
*  2025  4 28  8 50   0.00000000                            
PL51  -7070.934644  -2612.466692  -9752.479776              
VL51  22222.264179  47692.020877 -28758.412331              
*  2025  4 28  8 52   0.00000000                            
PL51  -6788.832719  -2038.971271 -10082.462840              
VL51  24783.577197  47859.316490 -26224.621585              
*  2025  4 28  8 54   0.00000000                            
PL51  -6476.417904  -1464.591013 -10381.546651              
VL51  27272.616429  47839.659718 -23609.826662              
*  2025  4 28  8 56   0.00000000                            
PL51  -6134.621678   -891.561921 -10648.806064              
VL51  29678.722880  47634.408808 -20921.883849              
*  2025  4 28  8 58   0.00000000                            
PL51  -5764.501912   -322.099374 -10883.411564              
VL51  31991.497229  47245.641111 -18168.871538              
*  2025  4 28  9  0   0.00000000                            
PL51  -5367.239499    241.610440 -11084.631801              
VL51  34200.841555  46676.142942 -15359.068494              
*  2025  4 28  9  2   0.00000000                            
PL51  -4944.134496    797.418963 -11251.835858              
VL51  36297.000236  45929.396968 -12500.931598              
*  2025  4 28  9  4   0.00000000                            
PL51  -4496.601773   1343.223532 -11384.495261              
VL51  38270.599901  45009.567167  -9603.073102              
*  2025  4 28  9  6   0.00000000                            
PL51  -4026.166192   1876.975454 -11482.185696              
VL51  40112.688321  43921.481396  -6674.237415              
*  2025  4 28  9  8   0.00000000                            
PL51  -3534.457325   2396.687855 -11544.588457              
VL51  41814.772104  42670.611626  -3723.277442              
*  2025  4 28  9 10   0.00000000                            
PL51  -3023.203731   2900.443281 -11571.491605              
VL51  43368.853074  41263.051871   -759.130486              
*  2025  4 28  9 12   0.00000000                            
PL51  -2494.226798   3386.401019 -11562.790831              
VL51  44767.463210  39705.493889   2209.206251              
*  2025  4 28  9 14   0.00000000                            
PL51  -1949.434183   3852.804109 -11518.490029              
VL51  46003.698012  38005.200684   5172.700555              
*  2025  4 28  9 16   0.00000000                            
PL51  -1390.812856   4297.986036 -11438.701564              
VL51  47071.248159  36169.977876   8122.310443              
*  2025  4 28  9 18   0.00000000                            
PL51   -820.421778   4720.377054 -11323.646233              
VL51  47964.429329  34208.143009  11049.009742              
*  2025  4 28  9 20   0.00000000                            
PL51   -240.384233   5118.510136 -11173.652925              
VL51  48678.210045  32128.492846  13943.813966              
*  2025  4 28  9 22   0.00000000                            
PL51    347.120167   5491.026520 -10989.157963              
VL51  49208.237401  29940.268741  16797.806443              
*  2025  4 28  9 24   0.00000000                            
PL51    939.863763   5836.680826 -10770.704129              
VL51  49550.860527  27653.120151  19602.164666              
*  2025  4 28  9 26   0.00000000                            
PL51   1535.579403   6154.345727 -10518.939380              
VL51  49703.151663  25277.066404  22348.186791              
*  2025  4 28  9 28   0.00000000                            
PL51   2131.969239   6443.016146 -10234.615237              
VL51  49662.924685  22822.456790  25027.318239              
*  2025  4 28  9 30   0.00000000                            
PL51   2726.713716   6701.812974  -9918.584860              
VL51  49428.750962  20299.929114  27631.178323              
*  2025  4 28  9 32   0.00000000                            
PL51   3317.480748   6929.986269  -9571.800799              
VL51  48999.972402  17720.366814  30151.586838              
*  2025  4 28  9 34   0.00000000                            
PL51   3901.935028   7126.917947  -9195.312433              
VL51  48376.711562  15094.854784  32580.590508              
*  2025  4 28  9 36   0.00000000                            
PL51   4477.747441   7292.123924  -8790.263088              
VL51  47559.878702  12434.634032  34910.489228              
*  2025  4 28  9 38   0.00000000                            
PL51   5042.604539   7425.255714  -8357.886840              
VL51  46551.175672   9751.055353  37133.861976              
*  2025  4 28  9 40   0.00000000                            
PL51   5594.218054   7526.101463  -7899.505018              
VL51  45353.096519   7055.532160  39243.592309              
*  2025  4 28  9 42   0.00000000                            
PL51   6130.334387   7594.586416  -7416.522393              
VL51  43968.924740   4359.492666  41232.893323              
*  2025  4 28  9 44   0.00000000                            
PL51   6648.744048   7630.772803  -6910.423081              
VL51  42402.727090   1674.331609  43095.331950              
*  2025  4 28  9 46   0.00000000                            
PL51   7147.291000   7634.859149  -6382.766154              
VL51  40659.343896   -988.638278  44824.852490              
*  2025  4 28  9 48   0.00000000                            
PL51   7623.881868   7607.178995  -5835.180975              
VL51  38744.375829  -3618.234827  46415.799226              
*  2025  4 28  9 50   0.00000000                            
PL51   8076.494966   7548.199043  -5269.362266              
VL51  36664.167122  -6203.454814  47862.938006              
*  2025  4 28  9 52   0.00000000                            
PL51   8503.189097   7458.516722  -4687.064927              
VL51  34425.785227  -8733.521909  49161.476665              
*  2025  4 28  9 54   0.00000000                            
PL51   8902.112099   7338.857175  -4090.098616              
VL51  32036.996944 -11197.933954  50307.084150              
*  2025  4 28  9 56   0.00000000                            
PL51   9271.509071   7190.069698  -3480.322108              
VL51  29506.241062 -13586.509341  51295.908222              
*  2025  4 28  9 58   0.00000000                            
PL51   9609.730256   7013.123612  -2859.637450              
VL51  26842.597598 -15889.432221  52124.591619              
*  2025  4 28 10  0   0.00000000                            
PL51   9915.238538   6809.103617  -2229.983933              
VL51  24055.753713 -18097.296298  52790.286559              
*  2025  4 28 10  2   0.00000000                            
PL51  10186.616502   6579.204618  -1593.331899              
VL51  21155.966445 -20201.146979  53290.667473              
*  2025  4 28 10  4   0.00000000                            
PL51  10422.573041   6324.726064   -951.676411              
VL51  18154.022399 -22192.521598  53623.941865              
*  2025  4 28 10  6   0.00000000                            
PL51  10621.949446   6047.065810   -307.030795              
VL51  15061.194561 -24063.487515  53788.859213              
*  2025  4 28 10  8   0.00000000                            
PL51  10783.724977   5747.713546    338.579903              
VL51  11889.196446 -25806.677827  53784.717825              
*  2025  4 28 10 10   0.00000000                            
PL51  10907.021857   5428.243802    983.125533              
VL51   8650.133785 -27415.324498  53611.369582              
*  2025  4 28 10 12   0.00000000                            
PL51  10991.109679   5090.308578   1624.577505              
VL51   5356.453999 -28883.288679  53269.222522              
*  2025  4 28 10 14   0.00000000                            
PL51  11035.409197   4735.629627   2260.915465              
VL51   2020.893715 -30205.088046  52759.241205              
*  2025  4 28 10 16   0.00000000                            
PL51  11039.495467   4365.990428   2890.133963              
VL51  -1343.575394 -31375.920980  52082.944869              
*  2025  4 28 10 18   0.00000000                            
PL51  11003.100338   3983.227890   3510.249091              
VL51  -4723.802154 -32391.687430  51242.403324              
*  2025  4 28 10 20   0.00000000                            
PL51  10926.114269   3589.223823   4119.305051              
VL51  -8106.512526 -33249.006345  50240.230638              
*  2025  4 28 10 22   0.00000000                            
PL51  10808.587457   3185.896226   4715.380635              
VL51 -11478.367005 -33945.229553  49079.576599              
*  2025  4 28 10 24   0.00000000                            
PL51  10650.730276   2775.190424   5296.595599              
VL51 -14826.018476 -34478.452013  47764.116035              
*  2025  4 28 10 26   0.00000000                            
PL51  10452.913022   2359.070110   5861.116880              
VL51 -18136.170200 -34847.518389  46298.036012              
*  2025  4 28 10 28   0.00000000                            
PL51  10215.664962   1939.508327   6407.164664              
VL51 -21395.633618 -35052.025901  44686.021014              
*  2025  4 28 10 30   0.00000000                            
PL51   9939.672686   1518.478438   6933.018248              
VL51 -24591.385655 -35092.323475  42933.236179              
*  2025  4 28 10 32   0.00000000                            
PL51   9625.777788   1097.945128   7437.021707              
VL51 -27710.625221 -34969.507184  41045.308686              
*  2025  4 28 10 34   0.00000000                            
PL51   9274.973864    679.855489   7917.589311              
VL51 -30740.828615 -34685.412055  39028.307407              
*  2025  4 28 10 36   0.00000000                            
PL51   8888.402860    266.130212   8373.210697              
VL51 -33669.803547 -34242.600288  36888.720940              
*  2025  4 28 10 38   0.00000000                            
PL51   8467.350779   -141.345044   8802.455769              
VL51 -36485.741513 -33644.346001  34633.434141              
*  2025  4 28 10 40   0.00000000                            
PL51   8013.242767   -540.728089   9203.979300              
VL51 -39177.268259 -32894.616589  32269.703288              
*  2025  4 28 10 42   0.00000000                            
PL51   7527.637617   -930.228397   9576.525242              
VL51 -41733.492110 -31998.050855  29805.130009              
*  2025  4 28 10 44   0.00000000                            
PL51   7012.221691  -1308.115009   9918.930698              
VL51 -44144.049935 -30959.934037  27247.634120              
*  2025  4 28 10 46   0.00000000                            
PL51   6468.802322  -1672.724132  10230.129581              
VL51 -46399.150563 -29786.169915  24605.425485              
*  2025  4 28 10 48   0.00000000                            
PL51   5899.300701  -2022.466376  10509.155918              
VL51 -48489.615463 -28483.250158  21886.975057              
*  2025  4 28 10 50   0.00000000                            
PL51   5305.744291  -2355.833614  10755.146804              
VL51 -50406.916517 -27058.221114  19100.985222              
*  2025  4 28 10 52   0.00000000                            
PL51   4690.258821  -2671.405427  10967.345004              
VL51 -52143.210769 -25518.648215  16256.359578              
*  2025  4 28 10 54   0.00000000                            
PL51   4055.059858  -2967.855108  11145.101176              
VL51 -53691.371992 -23872.578231  13362.172285              
*  2025  4 28 10 56   0.00000000                            
PL51   3402.444046  -3243.955201  11287.875739              
VL51 -55045.018994 -22128.499562  10427.637113              
*  2025  4 28 10 58   0.00000000                            
PL51   2734.780003  -3498.582553  11395.240360              
VL51 -56198.540561 -20295.300799   7462.076318              
*  2025  4 28 11  0   0.00000000                            
PL51   2054.498955  -3730.722865  11466.879067              
VL51 -57147.116976 -18382.227775   4474.889470              
*  2025  4 28 11  2   0.00000000                            
PL51   1364.085121  -3939.474706  11502.588991              
VL51 -57886.738073 -16398.839328   1475.522342              
*  2025  4 28 11  4   0.00000000                            
PL51    666.065912  -4124.053007  11502.280735              
VL51 -58414.217798 -14354.962011  -1526.564016              
*  2025  4 28 11  6   0.00000000                            
PL51    -36.998031  -4283.791992  11465.978373              
VL51 -58727.205267 -12260.643962  -4521.923933              
*  2025  4 28 11  8   0.00000000                            
PL51   -742.522905  -4418.147558  11393.819082              
VL51 -58824.192327 -10126.108159  -7501.157393              
*  2025  4 28 11 10   0.00000000                            
PL51  -1447.911892  -4526.699092  11286.052419              
VL51 -58704.517647  -7961.705278 -10454.939871              
*  2025  4 28 11 12   0.00000000                            
PL51  -2150.565319  -4609.150720  11143.039232              
VL51 -58368.367347  -5777.866359 -13374.051628              
*  2025  4 28 11 14   0.00000000                            
PL51  -2847.890822  -4665.331983  10965.250235              
VL51 -57816.772224  -3585.055486 -16249.406412              
*  2025  4 28 11 16   0.00000000                            
PL51  -3537.313445  -4695.197956  10753.264235              
VL51 -57051.601595  -1393.722687 -19072.079482              
*  2025  4 28 11 18   0.00000000                            
PL51  -4216.285648  -4698.828796  10507.766032              
VL51 -56075.553820    785.742761 -21833.334893              
*  2025  4 28 11 20   0.00000000                            
PL51  -4882.297184  -4676.428735  10229.543988              
VL51 -54892.143557   2943.058418 -24524.651961              
*  2025  4 28 11 22   0.00000000                            
PL51  -5532.884803  -4628.324526   9919.487297              
VL51 -53505.685839   5068.093964 -27137.750840              
*  2025  4 28 11 24   0.00000000                            
PL51  -6165.641743  -4554.963353   9578.582941              
VL51 -51921.277040   7150.915514 -29664.617147              
*  2025  4 28 11 26   0.00000000                            
PL51  -6778.226976  -4456.910211   9207.912363              
VL51 -50144.772852   9181.828755 -32097.525560              
*  2025  4 28 11 28   0.00000000                            
PL51  -7368.374179  -4334.844778   8808.647863              
VL51 -48182.763370  11151.420758 -34429.062330              
*  2025  4 28 11 30   0.00000000                            
PL51  -7933.900376  -4189.557799   8382.048727              
VL51 -46042.545430  13050.600283 -36652.146662              
*  2025  4 28 11 32   0.00000000                            
PL51  -8472.714245  -4021.946987   7929.457116              
VL51 -43732.092312  14870.636434 -38760.050910              
*  2025  4 28 11 34   0.00000000                            
PL51  -8982.824040  -3833.012480   7452.293703              
VL51 -41260.020958  16603.195503 -40746.419545              
*  2025  4 28 11 36   0.00000000                            
PL51  -9462.345104  -3623.851861   6952.053108              
VL51 -38635.556854  18240.375885 -42605.286854              
*  2025  4 28 11 38   0.00000000                            
PL51  -9909.506952  -3395.654777   6430.299120              
VL51 -35868.496720  19774.740914 -44331.093336              
*  2025  4 28 11 40   0.00000000                            
PL51 -10322.659892  -3149.697167   5888.659724              
VL51 -32969.169172  21199.349517 -45918.700767              
*  2025  4 28 11 42   0.00000000                            
PL51 -10700.281161  -2887.335148   5328.821971              
VL51 -29948.393517  22507.784571 -47363.405891              
*  2025  4 28 11 44   0.00000000                            
PL51 -11040.980560  -2609.998570   4752.526678              
VL51 -26817.436856  23694.178866 -48660.952722              
*  2025  4 28 11 46   0.00000000                            
PL51 -11343.505557  -2319.184267   4161.562993              
VL51 -23587.969667  24753.238571 -49807.543415              
*  2025  4 28 11 48   0.00000000                            
PL51 -11606.745861  -2016.449057   3557.762845              
VL51 -20272.020054  25680.264156 -50799.847706              
*  2025  4 28 11 50   0.00000000                            
PL51 -11829.737430  -1703.402492   2942.995277              
VL51 -16881.926860  26471.168659 -51635.010892              
*  2025  4 28 11 52   0.00000000                            
PL51 -12011.665911  -1381.699411   2319.160703              
VL51 -13430.291824  27122.493288 -52310.660337              
*  2025  4 28 11 54   0.00000000                            
PL51 -12151.869509  -1053.032328   1688.185090              
VL51  -9929.930997  27631.420276 -52824.910525              
*  2025  4 28 11 56   0.00000000                            
PL51 -12249.841261   -719.123669   1052.014091              
VL51  -6393.825575  27995.782994 -53176.366625              
*  2025  4 28 11 58   0.00000000                            
PL51 -12305.230723   -381.717914    412.607140              
VL51  -2835.072410  28214.073276 -53364.126618              
*  2025  4 28 12  0   0.00000000                            
PL51 -12317.845057    -42.573670   -228.068466              
VL51    733.165675  28285.445973 -53387.781975              
*  2025  4 28 12  2   0.00000000                            
PL51 -12287.649528    296.544307   -868.043483              
VL51   4297.709523  28209.720725 -53247.416916              
*  2025  4 28 12  4   0.00000000                            
PL51 -12214.767401    633.873079  -1505.352628              
VL51   7845.413081  27987.380988 -52943.606276              
*  2025  4 28 12  6   0.00000000                            
PL51 -12099.479248    967.659476  -2138.040438              
VL51  11363.212441  27619.570331 -52477.412005              
*  2025  4 28 12  8   0.00000000                            
PL51 -11942.221676   1296.167982  -2764.167098              
VL51  14838.174309  27108.086043 -51850.378334              
*  2025  4 28 12 10   0.00000000                            
PL51 -11743.585464   1617.688524  -3381.814184              
VL51  18257.543747  26455.370104 -51064.525639              
*  2025  4 28 12 12   0.00000000                            
PL51 -11504.313150   1930.544149  -3989.090337              
VL51  21608.790996  25664.497569 -50122.343041              
*  2025  4 28 12 14   0.00000000                            
PL51 -11225.296046   2233.098528  -4584.136839              
VL51  24879.657250  24739.162440 -49026.779781              
*  2025  4 28 12 16   0.00000000                            
PL51 -10907.570721   2523.763296  -5165.133073              
VL51  28058.199196  23683.661092 -47781.235410              
*  2025  4 28 12 18   0.00000000                            
PL51 -10552.314954   2801.005164  -5730.301868              
VL51  31132.832199  22502.873335 -46389.548845              
*  2025  4 28 12 20   0.00000000                            
PL51 -10160.843180   3063.352797  -6277.914692              
VL51  34092.371969  21202.241221 -44855.986339              
*  2025  4 28 12 22   0.00000000                            
PL51  -9734.601439   3309.403421  -6806.296710              
VL51  36926.074605  19787.745669 -43185.228416              
*  2025  4 28 12 24   0.00000000                            
PL51  -9275.161867   3537.829140  -7313.831670              
VL51  39623.674887  18265.881034 -41382.355833              
*  2025  4 28 12 26   0.00000000                            
PL51  -8784.216725   3747.382937  -7798.966613              
VL51  42175.422706  16643.627715 -39452.834614              
*  2025  4 28 12 28   0.00000000                            
PL51  -8263.572012   3936.904330  -8260.216407              
VL51  44572.117556  14928.422923 -37402.500208              
*  2025  4 28 12 30   0.00000000                            
PL51  -7715.140671   4105.324668  -8696.168079              
VL51  46805.140973  13128.129711 -35237.540831              
*  2025  4 28 12 32   0.00000000                            
PL51  -7140.935424   4251.672052  -9105.484945              
VL51  48866.486887  11251.004399 -32964.480032              
*  2025  4 28 12 34   0.00000000                            
PL51  -6543.061247   4375.075849  -9486.910524              
VL51  50748.789774   9305.662498 -30590.158519              
*  2025  4 28 12 36   0.00000000                            
PL51  -5923.707531   4474.770789  -9839.272232              
VL51  52445.350572   7301.043251 -28121.715311              
*  2025  4 28 12 38   0.00000000                            
PL51  -5285.139934   4550.100634 -10161.484848              
VL51  53950.160305   5246.372926 -25566.568220              
*  2025  4 28 12 40   0.00000000                            
PL51  -4629.691976   4600.521393 -10452.553735              
VL51  55257.921361   3151.126956 -22932.393719              
*  2025  4 28 12 42   0.00000000                            
PL51  -3959.756386   4625.604082 -10711.577823              
VL51  56364.066375   1024.991069 -20227.106222              
*  2025  4 28 12 44   0.00000000                            
PL51  -3277.776233   4625.037009 -10937.752338              
VL51  57264.774677  -1122.178485 -17458.836791              
*  2025  4 28 12 46   0.00000000                            
PL51  -2586.235885   4598.627579 -11130.371266              
VL51  57956.986264  -3280.395485 -14635.911316              
*  2025  4 28 12 48   0.00000000                            
PL51  -1887.651806   4546.303604 -11288.829565              
VL51  58438.413269  -5439.584939 -11766.828167              
*  2025  4 28 12 50   0.00000000                            
PL51  -1184.563238   4468.114121 -11412.625093              
VL51  58707.548873  -7589.624818  -8860.235358              
*  2025  4 28 12 52   0.00000000                            
PL51   -479.522784   4364.229702 -11501.360266              
VL51  58763.673645  -9720.388193  -5924.907230              
*  2025  4 28 12 54   0.00000000                            
PL51    224.913065   4234.942261 -11554.743429              
VL51  58606.859256 -11821.785646  -2969.720669              
*  2025  4 28 12 56   0.00000000                            
PL51    926.193429   4080.664346 -11572.589948              
VL51  58237.969551 -13883.807826     -3.630898              
*  2025  4 28 12 58   0.00000000                            
PL51   1621.782543   3901.927926 -11554.822996              
VL51  57658.658933 -15896.568005   2964.353162              
*  2025  4 28 13  0   0.00000000                            
PL51   2309.169216   3699.382659 -11501.474051              
VL51  56871.368031 -17850.344503   5925.193905              
*  2025  4 28 13  2   0.00000000                            
PL51   2985.876229   3473.793666 -11412.683088              
VL51  55879.316627 -19735.622831   8869.850423              
*  2025  4 28 13  4   0.00000000                            
PL51   3649.469626   3226.038788 -11288.698465              
VL51  54686.493824 -21543.137392  11789.304194              
*  2025  4 28 13  6   0.00000000                            
PL51   4297.567877   2957.105353 -11129.876495              
VL51  53297.645429 -23263.912602  14674.585068              
*  2025  4 28 13  8   0.00000000                            
PL51   4927.850864   2668.086457 -10936.680716              
VL51  51718.258555 -24889.303260  17516.797475              
*  2025  4 28 13 10   0.00000000                            
PL51   5538.068673   2360.176753 -10709.680830              
VL51  49954.543420 -26411.034011  20307.146830              
*  2025  4 28 13 12   0.00000000                            
PL51   6126.050149   2034.667792 -10449.551338              
VL51  48013.412373 -27821.237729  23036.966066              
*  2025  4 28 13 14   0.00000000                            
PL51   6689.711179   1692.942892 -10157.069845              
VL51  45902.456125 -29112.492655  25697.742238              
*  2025  4 28 13 16   0.00000000                            
PL51   7227.062679   1336.471580  -9833.115057              
VL51  43629.917236 -30277.858118  28281.143136              
*  2025  4 28 13 18   0.00000000                            
PL51   7736.218241    966.803616  -9478.664446              
VL51  41204.660872 -31310.908655  30779.043825              
*  2025  4 28 13 20   0.00000000                            
PL51   8215.401416    585.562608  -9094.791610              
VL51  38636.142873 -32205.766369  33183.553028              
*  2025  4 28 13 22   0.00000000                            
PL51   8662.952599    194.439262  -8682.663307              
VL51  35934.375196 -32957.131318  35487.039274              
*  2025  4 28 13 24   0.00000000                            
PL51   9077.335480   -204.815726  -8243.536187              
VL51  33109.888799 -33560.309785  37682.156696              
*  2025  4 28 13 26   0.00000000                            
PL51   9457.143036   -610.399105  -7778.753209              
VL51  30173.694050 -34011.240229  39761.870381              
*  2025  4 28 13 28   0.00000000                            
PL51   9801.103039  -1020.462796  -7289.739760              
VL51  27137.238768 -34306.516759  41719.481165              
*  2025  4 28 13 30   0.00000000                            
PL51  10108.083040  -1433.121891  -6777.999483              
VL51  24012.364024 -34443.409954  43548.649739              
*  2025  4 28 13 32   0.00000000                            
PL51  10377.094808  -1846.462876  -6245.109815              
VL51  20811.257827 -34419.884864  45243.419957              
*  2025  4 28 13 34   0.00000000                            
PL51  10607.298213  -2258.552065  -5692.717258              
VL51  17546.406875 -34234.616052  46798.241206              
*  2025  4 28 13 36   0.00000000                            
PL51  10798.004507  -2667.444181  -5122.532378              
VL51  14230.546544 -33886.999534  48207.989714              
*  2025  4 28 13 38   0.00000000                            
PL51  10948.679001  -3071.191076  -4536.324565              
VL51  10876.609310 -33377.161483  49467.988671              
*  2025  4 28 13 40   0.00000000                            
PL51  11058.943116  -3467.850524  -3935.916557              
VL51   7497.671833 -32705.963599  50574.027018              
*  2025  4 28 13 42   0.00000000                            
PL51  11128.575786  -3855.495066  -3323.178738              
VL51   4106.900930 -31875.005048  51522.376790              
*  2025  4 28 13 44   0.00000000                            
PL51  11157.514214  -4232.220849  -2700.023252              
VL51    717.498700 -30886.620895  52309.808894              
*  2025  4 28 13 46   0.00000000                            
PL51  11145.853966  -4596.156435  -2068.397929              
VL51  -2657.352956 -29743.876983  52933.607189              
*  2025  4 28 13 48   0.00000000                            
PL51  11093.848387  -4945.471517  -1430.280049              
VL51  -6004.548109 -28450.561227  53391.580778              
*  2025  4 28 13 50   0.00000000                            
PL51  11001.907359  -5278.385516   -787.669981              
VL51  -9311.112615 -27011.171312  53682.074394              
*  2025  4 28 13 52   0.00000000                            
PL51  10870.595386  -5593.176008   -142.584699              
VL51 -12564.259648 -25430.898819  53803.976802              
*  2025  4 28 13 54   0.00000000                            
PL51  10700.629015  -5888.186934    502.948783              
VL51 -15751.444653 -23715.609815  53756.727123              
*  2025  4 28 13 56   0.00000000                            
PL51  10492.873603  -6161.836563   1146.900047              
VL51 -18860.419423 -21871.821982  53540.319033              
*  2025  4 28 13 58   0.00000000                            
PL51  10248.339441  -6412.625156   1787.241936              
VL51 -21879.284976 -19906.678376  53155.302763              
*  2025  4 28 14  0   0.00000000                            
PL51   9968.177255  -6639.142298   2421.957236              
VL51 -24796.542939 -17827.917939  52602.784885              
*  2025  4 28 14  2   0.00000000                            
PL51   9653.673102  -6840.073854   3049.045339              
VL51 -27601.145148 -15643.842905  51884.425854              
*  2025  4 28 14  4   0.00000000                            
PL51   9306.242672  -7014.208519   3666.528862              
VL51 -30282.541160 -13363.283275  51002.435322              
*  2025  4 28 14  6   0.00000000                            
PL51   8927.425050  -7160.443926   4272.460202              
VL51 -32830.723425 -10995.558545  49959.565217              
*  2025  4 28 14  8   0.00000000                            
PL51   8518.875939  -7277.792275   4864.927985              
VL51 -35236.269866  -8550.436889  48759.100647              
*  2025  4 28 14 10   0.00000000                            
PL51   8082.360396  -7365.385463   5442.063404              
VL51 -37490.383614  -6038.092025  47404.848657              
*  2025  4 28 14 12   0.00000000                            
PL51   7619.745100  -7422.479677   6002.046405              
VL51 -39584.929709  -3469.058004  45901.124909              
*  2025  4 28 14 14   0.00000000                            
PL51   7132.990213  -7448.459443   6543.111693              
VL51 -41512.468550   -854.182162  44252.738353              
*  2025  4 28 14 16   0.00000000                            
PL51   6624.140846  -7442.841091   7063.554559              
VL51 -43266.285948   1795.423504  42464.973983              
*  2025  4 28 14 18   0.00000000                            
PL51   6095.318194  -7405.275634   7561.736473              
VL51 -44840.419612   4468.432254  40543.573773              
*  2025  4 28 14 20   0.00000000                            
PL51   5548.710372  -7335.551041   8036.090449              
VL51 -46229.681970   7153.353566  38494.715895              
*  2025  4 28 14 22   0.00000000                            
PL51   4986.563001  -7233.593889   8485.126146              
VL51 -47429.679215   9838.584844  36324.992353              
*  2025  4 28 14 24   0.00000000                            
PL51   4411.169587  -7099.470402   8907.434689              
VL51 -48436.826527  12512.463606  34041.385142              
*  2025  4 28 14 26   0.00000000                            
PL51   3824.861740  -6933.386846   9301.693203              
VL51 -49248.359406  15163.319882  31651.241073              
*  2025  4 28 14 28   0.00000000                            
PL51   3229.999284  -6735.689315   9666.669033              
VL51 -49862.341126  17779.528539  29162.245398              
*  2025  4 28 14 30   0.00000000                            
PL51   2628.960298  -6506.862871  10001.223640              
VL51 -50277.666301  20349.561283  26582.394363              
*  2025  4 28 14 32   0.00000000                            
PL51   2024.131135  -6247.530081  10304.316165              
VL51 -50494.060602  22862.038077  23919.966849              
*  2025  4 28 14 34   0.00000000                            
PL51   1417.896474  -5958.448925  10575.006645              
VL51 -50512.076677  25305.777723  21183.495212              
*  2025  4 28 14 36   0.00000000                            
PL51    812.629437  -5640.510121  10812.458879              
VL51 -50333.086357  27669.847384  18381.735496              
*  2025  4 28 14 38   0.00000000                            
PL51    210.681824  -5294.733844  11015.942928              
VL51 -49959.269238  29943.610818  15523.637117              
*  2025  4 28 14 40   0.00000000                            
PL51   -385.625494  -4922.265895  11184.837253              
VL51 -49393.597751  32116.775116  12618.312170              
*  2025  4 28 14 42   0.00000000                            
PL51   -974.011982  -4524.373299  11318.630482              
VL51 -48639.818856  34179.435752   9675.004479              
*  2025  4 28 14 44   0.00000000                            
PL51  -1552.246610  -4102.439391  11416.922804              
VL51 -47702.432484  36122.119750   6703.058499              
*  2025  4 28 14 46   0.00000000                            
PL51  -2118.156741  -3657.958386  11479.426990              
VL51 -46586.666891  37935.826821   3711.888188              
*  2025  4 28 14 48   0.00000000                            
PL51  -2669.636715  -3192.529469  11505.969039              
VL51 -45298.451078  39612.068281    710.945962              
*  2025  4 28 14 50   0.00000000                            
PL51  -3204.656069  -2707.850435  11496.488455              
VL51 -43844.384430  41142.903632  -2290.308183              
*  2025  4 28 14 52   0.00000000                            
PL51  -3721.267394  -2205.710906  11451.038156              
VL51 -42231.703774  42520.974655  -5282.437259              
*  2025  4 28 14 54   0.00000000                            
PL51  -4217.613773  -1687.985150  11369.784014              
VL51 -40468.248010  43739.536894  -8256.057511              
*  2025  4 28 14 56   0.00000000                            
PL51  -4691.935779  -1156.624539  11253.004035              
VL51 -38562.420525  44792.488427 -11201.868173              
*  2025  4 28 14 58   0.00000000                            
PL51  -5142.578016   -613.649682  11101.087195              
VL51 -36523.149561  45674.395829 -14110.680673              
*  2025  4 28 15  0   0.00000000                            
PL51  -5567.995172    -61.142264  10914.531911              
VL51 -34359.846751  46380.517232 -16973.447210              
*  2025  4 28 15  2   0.00000000                            
PL51  -5966.757556    498.763382  10693.944194              
VL51 -32082.364018  46906.822432 -19781.288612              
*  2025  4 28 15  4   0.00000000                            
PL51  -6337.556122   1063.888917  10440.035454              
VL51 -29700.949029  47250.009964 -22525.521420              
*  2025  4 28 15  6   0.00000000                            
PL51  -6679.206943   1632.020828  10153.619998              
VL51 -27226.199423  47407.521120 -25197.684110              
*  2025  4 28 15  8   0.00000000                            
PL51  -6990.655129   2200.919409   9835.612213              
VL51 -24669.016008  47377.550862 -27789.562406              
*  2025  4 28 15 10   0.00000000                            
PL51  -7270.978180   2768.327858   9487.023452              
VL51 -22040.555125  47159.055619 -30293.213611              
*  2025  4 28 15 12   0.00000000                            
PL51  -7519.388766   3331.981443   9108.958633              
VL51 -19352.180395  46751.757946 -32700.989905              
*  2025  4 28 15 14   0.00000000                            
PL51  -7735.236919   3889.616708   8702.612566              
VL51 -16615.414041  46156.148065 -35005.560555              
*  2025  4 28 15 16   0.00000000                            
PL51  -7918.011647   4438.980681   8269.266024              
VL51 -13841.887987  45373.482275 -37199.932988              
*  2025  4 28 15 18   0.00000000                            
PL51  -8067.341953   4977.840038   7810.281559              
VL51 -11043.294940  44405.778283 -39277.472670              
*  2025  4 28 15 20   0.00000000                            
PL51  -8182.997273   5503.990202   7327.099097              
VL51  -8231.339642  43255.807464 -41231.921763              
*  2025  4 28 15 22   0.00000000                            
PL51  -8264.887333   6015.264318   6821.231311              
VL51  -5417.690489  41927.084126 -43057.416506              
*  2025  4 28 15 24   0.00000000                            
PL51  -8313.061417   6509.542097   6294.258792              
VL51  -2613.931712  40423.851803 -44748.503281              
*  2025  4 28 15 26   0.00000000                            
PL51  -8327.707084   6984.758465   5747.825039              
VL51    168.483696  38751.066677 -46300.153341              
*  2025  4 28 15 28   0.00000000                            
PL51  -8309.148308   7438.912001   5183.631282              
VL51   2918.280133  36914.378189 -47707.776154              
*  2025  4 28 15 30   0.00000000                            
PL51  -8257.843080   7870.073129   4603.431144              
VL51   5624.404423  34920.106943 -48967.231351              
*  2025  4 28 15 32   0.00000000                            
PL51  -8174.380475   8276.392026   4009.025182              
VL51   8276.069579  32775.219989 -50074.839236              
*  2025  4 28 15 34   0.00000000                            
PL51  -8059.477203   8656.106217   3402.255296              
VL51  10862.797122  30487.303629 -51027.389860              
*  2025  4 28 15 36   0.00000000                            
PL51  -7913.973660   9007.547829   2784.999049              
VL51  13374.457801  28064.533829 -51822.150635              
*  2025  4 28 15 38   0.00000000                            
PL51  -7738.829501   9329.150483   2159.163901              
VL51  15801.310554  25515.644416 -52456.872496              
*  2025  4 28 15 40   0.00000000                            
PL51  -7535.118761   9619.455784   1526.681373              
VL51  18134.039599  22849.893145 -52929.794588              
*  2025  4 28 15 42   0.00000000                            
PL51  -7304.024532   9877.119395    889.501172              
VL51  20363.789496  20077.025818 -53239.647493              
*  2025  4 28 15 44   0.00000000                            
PL51  -7046.833247  10100.916670    249.585279              
VL51  22482.198071  17207.238600 -53385.655005              
*  2025  4 28 15 46   0.00000000                            
PL51  -6764.928570  10289.747821   -391.097973              
VL51  24481.427092  14251.138681 -53367.534456              
*  2025  4 28 15 48   0.00000000                            
PL51  -6459.784937  10442.642612  -1030.579812              
VL51  26354.190590  11219.703466 -53185.495607              
*  2025  4 28 15 50   0.00000000                            
PL51  -6132.960772  10558.764546  -1666.896931              
VL51  28093.780732   8124.238444 -52840.238134              
*  2025  4 28 15 52   0.00000000                            
PL51  -5786.091404  10637.414543  -2298.097335              
VL51  29694.091176   4976.333940 -52332.947737              
*  2025  4 28 15 54   0.00000000                            
PL51  -5420.881727  10678.034098  -2922.246151              
VL51  31149.637829   1787.820904 -51665.290902              
*  2025  4 28 15 56   0.00000000                            
PL51  -5039.098618  10680.207894  -3537.431355              
VL51  32455.576972  -1429.274076 -50839.408366              
*  2025  4 28 15 58   0.00000000                            
PL51  -4642.563156  10643.665881  -4141.769421              
VL51  33607.720699  -4662.774353 -49857.907331              
*  2025  4 28 16  0   0.00000000                            
PL51  -4233.142677  10568.284799  -4733.410861              
VL51  34602.549655  -7900.399239 -48723.852478              
*  2025  4 28 16  2   0.00000000                            
PL51  -3812.742684  10454.089148  -5310.545660              
VL51  35437.223060 -11129.810274 -47440.755835              
*  2025  4 28 16  4   0.00000000                            
PL51  -3383.298664  10301.251607  -5871.408575              
VL51  36109.586023 -14338.657602 -46012.565550              
*  2025  4 28 16  6   0.00000000                            
PL51  -2946.767820  10110.092886  -6414.284297              
VL51  36618.174147 -17514.626302 -44443.653635              
*  2025  4 28 16  8   0.00000000                            
PL51  -2505.120773   9881.081036  -6937.512458              
VL51  36962.215463 -20645.482510 -42738.802703              
*  2025  4 28 16 10   0.00000000                            
PL51  -2060.333258   9614.830200  -7439.492476              
VL51  37141.629701 -23719.119212 -40903.191773              
*  2025  4 28 16 12   0.00000000                            
PL51  -1614.377838   9312.098815  -7918.688219              
VL51  37157.024940 -26723.601548 -38942.381169              
*  2025  4 28 16 14   0.00000000                            
PL51  -1169.215675   8973.787280  -8373.632488              
VL51  37009.691681 -29647.211517 -36862.296562              
*  2025  4 28 16 16   0.00000000                            
PL51   -726.788394   8600.935090  -8802.931300              
VL51  36701.594368 -32478.491926 -34669.212188              
*  2025  4 28 16 18   0.00000000                            
PL51   -289.010055   8194.717444  -9205.267967              
VL51  36235.360430 -35206.289479 -32369.733288              
*  2025  4 28 16 20   0.00000000                            
PL51    142.240721   7756.441347  -9579.406960              
VL51  35614.266874 -37819.796851 -29970.777798              
*  2025  4 28 16 22   0.00000000                            
PL51    565.128459   7287.541210  -9924.197545              
VL51  34842.224505 -40308.593647 -27479.557346              
*  2025  4 28 16 24   0.00000000                            
PL51    977.868326   6789.573970 -10238.577192              
VL51  33923.759835 -42662.686128 -24903.557564              
*  2025  4 28 16 26   0.00000000                            
PL51   1378.733402   6264.213734 -10521.574742              
VL51  32863.994745 -44872.545560 -22250.517782              
*  2025  4 28 16 28   0.00000000                            
PL51   1766.061689   5713.245979 -10772.313326              
VL51  31668.623987 -46929.145124 -19528.410115              
*  2025  4 28 16 30   0.00000000                            
PL51   2138.262842   5138.561316 -10990.013029              
VL51  30343.890589 -48823.995237 -16745.417981              
*  2025  4 28 16 32   0.00000000                            
PL51   2493.824590   4542.148838 -11173.993296              
VL51  28896.559261 -50549.177209 -13909.914081              
*  2025  4 28 16 34   0.00000000                            
PL51   2831.318826   3926.089075 -11323.675066              
VL51  27333.887877 -52097.375120 -11030.437869              
*  2025  4 28 16 36   0.00000000                            
PL51   3149.407348   3292.546583 -11438.582639              
VL51  25663.597115 -53461.905827  -8115.672525              
*  2025  4 28 16 38   0.00000000                            
PL51   3446.847215   2643.762177 -11518.345258              
VL51  23893.838364 -54636.746995  -5174.421470              
*  2025  4 28 16 40   0.00000000                            
PL51   3722.495725   1982.044842 -11562.698408              
VL51  22033.159970 -55616.563061  -2215.584434              
*  2025  4 28 16 42   0.00000000                            
PL51   3975.314956   1309.763353 -11571.484828              
VL51  20090.471928 -56396.729022    751.866885              
*  2025  4 28 16 44   0.00000000                            
PL51   4204.375897    629.337610 -11544.655225              
VL51  18075.009131 -56973.351961   3718.913560              
*  2025  4 28 16 46   0.00000000                            
PL51   4408.862113    -56.770261 -11482.268692              
VL51  15996.293256 -57343.290214   6676.514534              
*  2025  4 28 16 48   0.00000000                            
PL51   4588.072954   -746.065025 -11384.492820              
VL51  13864.093424 -57504.170071   9615.632054              
*  2025  4 28 16 50   0.00000000                            
PL51   4741.426284  -1436.027644 -11251.603505              
VL51  11688.385721 -57454.399927  12527.257413              
*  2025  4 28 16 52   0.00000000                            
PL51   4868.460713  -2124.124732 -11083.984443              
VL51   9479.311727 -57193.181779  15402.436965              
*  2025  4 28 16 54   0.00000000                            
PL51   4968.837332  -2807.818132 -10882.126311              
VL51   7247.136153 -56720.519972  18232.298361              
*  2025  4 28 16 56   0.00000000                            
PL51   5042.340932  -3484.574586 -10646.625637              
VL51   5002.203730 -56037.227106  21008.076976              
*  2025  4 28 16 58   0.00000000                            
PL51   5088.880703  -4151.875452 -10378.183343              
VL51   2754.895492 -55144.926995  23721.142462              
*  2025  4 28 17  0   0.00000000                            
PL51   5108.490405  -4807.226443 -10077.602978              
VL51    515.584595 -54046.054610  26363.025356              
*  2025  4 28 17  2   0.00000000                            
PL51   5101.328004  -5448.167344  -9745.788626              
VL51  -1705.408161 -52743.852903  28925.443689              
*  2025  4 28 17  4   0.00000000                            
PL51   5067.674781  -6072.281674  -9383.742496              
VL51  -3897.858952 -51242.366472  31400.329490              
*  2025  4 28 17  6   0.00000000                            
PL51   5007.933896  -6677.206248  -8992.562199              
VL51  -6051.685499 -49546.431971  33779.855123              
*  2025  4 28 17  8   0.00000000                            
PL51   4922.628428  -7260.640615  -8573.437702              
VL51  -8156.991416 -47661.665262  36056.459338              
*  2025  4 28 17 10   0.00000000                            
PL51   4812.398874  -7820.356307  -8127.647983              
VL51 -10204.110143 -45594.445235  38222.872962              
*  2025  4 28 17 12   0.00000000                            
PL51   4678.000137  -8354.205885  -7656.557370              
VL51 -12183.648272 -43351.894304  40272.144112              
*  2025  4 28 17 14   0.00000000                            
PL51   4520.297985  -8860.131730  -7161.611586              
VL51 -14086.528049 -40941.855565  42197.662818              
*  2025  4 28 17 16   0.00000000                            
PL51   4340.265021  -9336.174533  -6644.333503              
VL51 -15904.028871 -38372.866610  43993.184946              
*  2025  4 28 17 18   0.00000000                            
PL51   4138.976149  -9780.481457  -6106.318611              
VL51 -17627.827535 -35654.130060  45652.855286              
*  2025  4 28 17 20   0.00000000                            
PL51   3917.603571 -10191.313927  -5549.230219              
VL51 -19250.037047 -32795.480842  47171.229686              
*  2025  4 28 17 22   0.00000000                            
PL51   3677.411330 -10567.055000  -4974.794393              
VL51 -20763.243764 -29807.350300  48543.296090              
*  2025  4 28 17 24   0.00000000                            
PL51   3419.749416 -10906.216297  -4384.794649              
VL51 -22160.542647 -26700.727240  49764.494352              
*  2025  4 28 17 26   0.00000000                            
PL51   3146.047461 -11207.444440  -3781.066425              
VL51 -23435.570428 -23487.116040  50830.734691              
*  2025  4 28 17 28   0.00000000                            
PL51   2857.808048 -11469.526976  -3165.491326              
VL51 -24582.536469 -20178.491971  51738.414669              
*  2025  4 28 17 30   0.00000000                            
PL51   2556.599670 -11691.397743  -2539.991183              
VL51 -25596.251122 -16787.253909  52484.434544              
*  2025  4 28 17 32   0.00000000                            
PL51   2244.049361 -11872.141663  -1906.521940              
VL51 -26472.151395 -13326.174654  53066.210919              
*  2025  4 28 17 34   0.00000000                            
PL51   1921.835035 -12010.998914  -1267.067386              
VL51 -27206.323762  -9808.349049  53481.688540              
*  2025  4 28 17 36   0.00000000                            
PL51   1591.677569 -12107.368479   -623.632751              
VL51 -27795.523942  -6247.140183  53729.350180              
*  2025  4 28 17 38   0.00000000                            
PL51   1255.332675 -12160.811028     21.761797              
VL51 -28237.193501  -2656.123913  53808.224501              
*  2025  4 28 17 40   0.00000000                            
PL51    914.582580 -12171.051137    667.087737              
VL51 -28529.473177    950.968004  53717.891830              
*  2025  4 28 17 42   0.00000000                            
PL51    571.227576 -12137.978807   1310.314844              
VL51 -28671.212786   4560.305870  53458.487787              
*  2025  4 28 17 44   0.00000000                            
PL51    227.077470 -12061.650290   1949.417857              
VL51 -28661.977660   8158.020791  53030.704718              
*  2025  4 28 17 46   0.00000000                            
PL51   -116.057024 -11942.288205   2582.383164              
VL51 -28502.051524  11730.263887  52435.790905              
*  2025  4 28 17 48   0.00000000                            
PL51   -456.372908 -11780.280940   3207.215451              
VL51 -28192.435807  15263.265645  51675.547528              
*  2025  4 28 17 50   0.00000000                            
PL51   -792.083485 -11576.181345   3821.944313              
VL51 -27734.845347  18743.395071  50752.323398              
*  2025  4 28 17 52   0.00000000                            
PL51  -1121.426879 -11330.704716   4424.630779              
VL51 -27131.700518  22157.218329  49669.007470              
*  2025  4 28 17 54   0.00000000                            
PL51  -1442.674439 -11044.726085   5013.373738              
VL51 -26386.115813  25491.556527  48429.019167              
*  2025  4 28 17 56   0.00000000                            
PL51  -1754.138977 -10719.276817   5586.316240              
VL51 -25501.884953  28733.542333  47036.296593              
*  2025  4 28 17 58   0.00000000                            
PL51  -2054.182817 -10355.540536   6141.651631              
VL51 -24483.462590  31870.675121  45495.282670              
*  2025  4 28 18  0   0.00000000                            
PL51  -2341.225597  -9954.848410   6677.629529              
VL51 -23335.942738  34890.874345  43810.909303              
*  2025  4 28 18  2   0.00000000                            
PL51  -2613.751798  -9518.673791   7192.561575              
VL51 -22065.034041  37782.530865  41988.579658              
*  2025  4 28 18  4   0.00000000                            
PL51  -2870.317954  -9048.626269   7684.826984              
VL51 -20677.032034  40534.555964  40034.148646              
*  2025  4 28 18  6   0.00000000                            
PL51  -3109.559518  -8546.445141   8152.877831              
VL51 -19178.788568  43136.427811  37953.901741              
*  2025  4 28 18  8   0.00000000                            
PL51  -3330.197335  -8013.992345   8595.244090              
VL51 -17577.678572  45578.235155  35754.532233              
*  2025  4 28 18 10   0.00000000                            
PL51  -3531.043712  -7453.244886   9010.538381              
VL51 -15881.564357  47850.718027  33443.117054              
*  2025  4 28 18 12   0.00000000                            
PL51  -3711.008039  -6866.286791   9397.460420              
VL51 -14098.757659  49945.305304  31027.091305              
*  2025  4 28 18 14   0.00000000                            
PL51  -3869.101945  -6255.300633   9754.801163              
VL51 -12237.979656  51854.148943  28514.221621              
*  2025  4 28 18 16   0.00000000                            
PL51  -4004.443961  -5622.558671  10081.446616              
VL51 -10308.319166  53570.154792  25912.578510              
*  2025  4 28 18 18   0.00000000                            
PL51  -4116.263673  -4970.413628  10376.381311              
VL51  -8319.189269  55087.009845  23230.507809              
*  2025  4 28 18 20   0.00000000                            
PL51  -4203.905348  -4301.289180  10638.691439              
VL51  -6280.282587  56399.205874  20476.601380              
*  2025  4 28 18 22   0.00000000                            
PL51  -4266.831010  -3617.670169  10867.567616              
VL51  -4201.525449  57502.059374  17659.667184              
*  2025  4 28 18 24   0.00000000                            
PL51  -4304.622973  -2922.092609  11062.307301              
VL51  -2093.031177  58391.727771  14788.698869              
*  2025  4 28 18 26   0.00000000                            
PL51  -4316.985791  -2217.133515  11222.316837              
VL51     34.947258  59065.221876  11872.844980              
*  2025  4 28 18 28   0.00000000                            
PL51  -4303.747656  -1505.400605  11347.113123              
VL51   2172.064997  59520.414574   8921.377939              
*  2025  4 28 18 30   0.00000000                            
PL51  -4264.861210   -789.521927  11436.324915              
VL51   4307.933222  59756.045765   5943.662902              
*  2025  4 28 18 32   0.00000000                            
PL51  -4200.403784    -72.135436  11489.693751              
VL51   6432.167032  59771.723600   2949.126614              
*  2025  4 28 18 34   0.00000000                            
PL51  -4110.577066    644.121406  11507.074505              
VL51   8534.433056  59567.922047    -52.773617              
*  2025  4 28 18 36   0.00000000                            
PL51  -3995.706201   1356.621996  11488.435568              
VL51  10604.496570  59145.974872  -3052.580748              
*  2025  4 28 18 38   0.00000000                            
PL51  -3856.238323   2062.760844  11433.858659              
VL51  12632.267930  58508.066095  -6040.868501              
*  2025  4 28 18 40   0.00000000                            
PL51  -3692.740547   2759.963711  11343.538281              
VL51  14607.848108  57657.217030  -9008.271476              
*  2025  4 28 18 42   0.00000000                            
PL51  -3505.897407   3445.697553  11217.780805              
VL51  16521.573154  56597.269996 -11945.514770              
*  2025  4 28 18 44   0.00000000                            
PL51  -3296.507778   4117.480269  11057.003213              
VL51  18364.057385  55332.868807 -14843.443024              
*  2025  4 28 18 46   0.00000000                            
PL51  -3065.481285   4772.890177  10861.731492              
VL51  20126.235137  53869.436168 -17693.048826              
*  2025  4 28 18 48   0.00000000                            
PL51  -2813.834218   5409.575217  10632.598691              
VL51  21799.400911  52213.148103 -20485.500381              
*  2025  4 28 18 50   0.00000000                            
PL51  -2542.684979   6025.261819  10370.342653              
VL51  23375.247745  50370.905545 -23212.168386              
*  2025  4 28 18 52   0.00000000                            
PL51  -2253.249081   6617.763421  10075.803426              
VL51  24845.903686  48350.303244 -25864.652038              
*  2025  4 28 18 54   0.00000000                            
PL51  -1946.833715   7184.988592   9749.920373              
VL51  26203.966201  46159.596137 -28434.804106              
*  2025  4 28 18 56   0.00000000                            
PL51  -1624.831924   7724.948745   9393.728977              
VL51  27442.534411  43807.663350 -30914.755010              
*  2025  4 28 18 58   0.00000000                            
PL51  -1288.716402   8235.765396   9008.357380              
VL51  28555.239026  41303.969986 -33296.935849              
*  2025  4 28 19  0   0.00000000                            
PL51   -940.032946   8715.676957   8595.022632              
VL51  29536.269884  38658.526885 -35574.100319              
*  2025  4 28 19  2   0.00000000                            
PL51   -580.393591   9163.045036   8155.026702              
VL51  30380.400979  35881.848525 -37739.345487              
*  2025  4 28 19  4   0.00000000                            
PL51   -211.469469   9576.360220   7689.752232              
VL51  31083.012909  32984.909249 -39786.131358              
*  2025  4 28 19  6   0.00000000                            
PL51    165.016597   9954.247319   7200.658077              
VL51  31640.112666  29979.097994 -41708.299206              
*  2025  4 28 19  8   0.00000000                            
PL51    547.297712  10295.470067   6689.274622              
VL51  32048.350690  26876.171712 -43500.088634              
*  2025  4 28 19 10   0.00000000                            
PL51    933.570720  10598.935251   6157.198908              
VL51  32305.035146  23688.207667 -45156.153309              
*  2025  4 28 19 12   0.00000000                            
PL51   1322.004170  10863.696264   5606.089574              
VL51  32408.143370  20427.554804 -46671.575349              
*  2025  4 28 19 14   0.00000000                            
PL51   1710.746394  11088.956071   5037.661638              
VL51  32356.330454  17106.784385 -48041.878316              
*  2025  4 28 19 16   0.00000000                            
PL51   2097.933686  11274.069576   4453.681127              
VL51  32148.934942  13738.640091 -49263.038790              
*  2025  4 28 19 18   0.00000000                            
PL51   2481.698517  11418.545391   3855.959581              
VL51  31785.981650  10335.987809 -50331.496497              
*  2025  4 28 19 20   0.00000000                            
PL51   2860.177774  11522.046999   3246.348440              
VL51  31268.181593   6911.765296 -51244.162975              
*  2025  4 28 19 22   0.00000000                            
PL51   3231.520980  11584.393317   2626.733337              
VL51  30596.929068   3478.931940 -51998.428768              
*  2025  4 28 19 24   0.00000000                            
PL51   3593.898463  11605.558656   1999.028316              
VL51  29774.295906     50.418805 -52592.169154              
*  2025  4 28 19 26   0.00000000                            
PL51   3945.509437  11585.672079   1365.169986              
VL51  28803.022950  -3360.920850 -53023.748393              
*  2025  4 28 19 28   0.00000000                            
PL51   4284.589965  11525.016179    727.111639              
VL51  27686.508818  -6742.360369 -53292.022533              
*  2025  4 28 19 30   0.00000000                            
PL51   4609.420771  11424.025268     86.817333              
VL51  26428.796009 -10081.347650 -53396.340762              
*  2025  4 28 19 32   0.00000000                            
PL51   4918.334872  11283.283002   -553.744022              
VL51  25034.554435 -13365.552078 -53336.545350              
*  2025  4 28 19 34   0.00000000                            
PL51   5209.724996  11103.519446  -1192.604574              
VL51  23509.062459 -16582.910265 -53112.970184              
*  2025  4 28 19 36   0.00000000                            
PL51   5482.050753  10885.607596  -1827.803416              
VL51  21858.185530 -19721.670444 -52726.437931              
*  2025  4 28 19 38   0.00000000                            
PL51   5733.845548  10630.559390  -2457.392425              
VL51  20088.352517 -22770.435366 -52178.255861              
*  2025  4 28 19 40   0.00000000                            
PL51   5963.723182  10339.521194  -3079.442044              
VL51  18206.529848 -25718.203557 -51470.210351              
*  2025  4 28 19 42   0.00000000                            
PL51   6170.384141  10013.768822  -3692.046997              
VL51  16220.193557 -28554.408797 -50604.560118              
*  2025  4 28 19 44   0.00000000                            
PL51   6352.621530   9654.702079  -4293.331904              
VL51  14137.299388 -31268.957699 -49584.028209              
*  2025  4 28 19 46   0.00000000                            
PL51   6509.326646   9263.838877  -4881.456805              
VL51  11966.251049 -33852.265272 -48411.792800              
*  2025  4 28 19 48   0.00000000                            
PL51   6639.494152   8842.808930  -5454.622557              
VL51   9715.866771 -36295.288353 -47091.476844              
*  2025  4 28 19 50   0.00000000                            
PL51   6742.226841   8393.347059  -6011.076102              
VL51   7395.344298 -38589.556838 -45627.136624              
*  2025  4 28 19 52   0.00000000                            
PL51   6816.739975   7917.286145  -6549.115599              
VL51   5014.224441 -40727.202602 -44023.249243              
*  2025  4 28 19 54   0.00000000                            
PL51   6862.365176   7416.549737  -7067.095387              
VL51   2582.353344 -42700.986060 -42284.699127              
*  2025  4 28 19 56   0.00000000                            
PL51   6878.553858   6893.144371  -7563.430792              
VL51    109.843588 -44504.320297 -40416.763565              
*  2025  4 28 19 58   0.00000000                            
PL51   6864.880186   6349.151595  -8036.602748              
VL51  -2392.965723 -46131.292723 -38425.097350              
*  2025  4 28 20  0   0.00000000                            
PL51   6821.043549   5786.719770  -8485.162231              
VL51  -4915.549749 -47576.684192 -36315.716552              
*  2025  4 28 20  2   0.00000000                            
PL51   6746.870542   5208.055638  -8907.734492              
VL51  -7447.239455 -48835.985583 -34094.981488              
*  2025  4 28 20  4   0.00000000                            
PL51   6642.316442   4615.415721  -9303.023083              
VL51  -9977.263750 -49905.411790 -31769.578912              
*  2025  4 28 20  6   0.00000000                            
PL51   6507.466179   4011.097561  -9669.813663              
VL51 -12494.792093 -50781.913091 -29346.503490              
*  2025  4 28 20  8   0.00000000                            
PL51   6342.534792   3397.430836 -10006.977580              
VL51 -14988.977433 -51463.183935 -26833.038579              
*  2025  4 28 20 10   0.00000000                            
PL51   6147.867367   2776.768397 -10313.475214              
VL51 -17448.999355 -51947.669082 -24236.736364              
*  2025  4 28 20 12   0.00000000                            
PL51   5923.938462   2151.477235 -10588.359083              
VL51 -19864.107285 -52234.567145 -21565.397383              
*  2025  4 28 20 14   0.00000000                            
PL51   5671.351003   1523.929430 -10830.776695              
VL51 -22223.663641 -52323.831516 -18827.049466              
*  2025  4 28 20 16   0.00000000                            
PL51   5390.834677    896.493096 -11039.973151              
VL51 -24517.186787 -52216.168687 -16029.926123              
*  2025  4 28 20 18   0.00000000                            
PL51   5083.243800    271.523376 -11215.293475              
VL51 -26734.393673 -51913.033995 -13182.444411              
*  2025  4 28 20 20   0.00000000                            
PL51   4749.554683   -348.646514 -11356.184685              
VL51 -28865.242016 -51416.624783 -10293.182283              
*  2025  4 28 20 22   0.00000000                            
PL51   4390.862492   -961.714135 -11462.197583              
VL51 -30899.971910 -50729.871020  -7370.855472              
*  2025  4 28 20 24   0.00000000                            
PL51   4008.377609  -1565.416539 -11532.988272              
VL51 -32829.146720 -49856.423376  -4424.293903              
*  2025  4 28 20 26   0.00000000                            
PL51   3603.421520  -2157.538846 -11568.319377              
VL51 -34643.693126 -48800.638802  -1462.417678              
*  2025  4 28 20 28   0.00000000                            
PL51   3177.422213  -2735.922609 -11568.060983              
VL51 -36334.940194 -47567.563611   1505.787355              
*  2025  4 28 20 30   0.00000000                            
PL51   2731.909122  -3298.473979 -11532.191277              
VL51 -37894.657328 -46162.914125   4471.294422              
*  2025  4 28 20 32   0.00000000                            
PL51   2268.507623  -3843.171615 -11460.796887              
VL51 -39315.090961 -44593.054887   7425.061005              
*  2025  4 28 20 34   0.00000000                            
PL51   1788.933094  -4368.074322 -11354.072918              
VL51 -40588.999849 -42864.974500  10358.054358              
*  2025  4 28 20 36   0.00000000                            
PL51   1294.984567  -4871.328377 -11212.322679              
VL51 -41709.688820 -40986.259119  13261.277324              
*  2025  4 28 20 38   0.00000000                            
PL51    788.537976  -5351.174538 -11035.957103              
VL51 -42671.040825 -38965.063646  16125.794412              
*  2025  4 28 20 40   0.00000000                            
PL51    271.539039  -5805.954678 -10825.493848              
VL51 -43467.547142 -36810.080690  18942.758093              
*  2025  4 28 20 42   0.00000000                            
PL51   -254.004211  -6234.118041 -10581.556080              
VL51 -44094.335584 -34530.507341  21703.435255              
*  2025  4 28 20 44   0.00000000                            
PL51   -786.029228  -6634.227090 -10304.870944              
VL51 -44547.196551 -32136.009836  24399.233775              
*  2025  4 28 20 46   0.00000000                            
PL51  -1322.427045  -7004.962910  -9996.267713              
VL51 -44822.606780 -29636.686199  27021.729123              
*  2025  4 28 20 48   0.00000000                            
PL51  -1861.050642  -7345.130160  -9656.675613              
VL51 -44917.750642 -27043.026944  29562.690948              
*  2025  4 28 20 50   0.00000000                            
PL51  -2399.723551  -7653.661531  -9287.121340              
VL51 -44830.538824 -24365.873932  32014.109552              
*  2025  4 28 20 52   0.00000000                            
PL51  -2936.248674  -7929.621716  -8888.726249              
VL51 -44559.624270 -21616.377511  34368.222169              
*  2025  4 28 20 54   0.00000000                            
PL51  -3468.417265  -8172.210838  -8462.703235              
VL51 -44104.415216 -18805.952060  36617.538956              
*  2025  4 28 20 56   0.00000000                            
PL51  -3994.018063  -8380.767349  -8010.353309              
VL51 -43465.085208 -15946.230078  38754.868589              
*  2025  4 28 20 58   0.00000000                            
PL51  -4510.846516  -8554.770363  -7533.061858              
VL51 -42642.579954 -13049.014966  40773.343353              
*  2025  4 28 21  0   0.00000000                            
PL51  -5016.714073  -8693.841422  -7032.294619              
VL51 -41638.620915 -10126.232701  42666.443612              
*  2025  4 28 21  2   0.00000000                            
PL51  -5509.457498  -8797.745667  -6509.593356              
VL51 -40455.705535  -7189.882554  44428.021538              
*  2025  4 28 21  4   0.00000000                            
PL51  -5986.948166  -8866.392420  -5966.571261              
VL51 -39097.104003  -4251.987077  46052.323971              
*  2025  4 28 21  6   0.00000000                            
PL51  -6447.101300  -8899.835161  -5404.908088              
VL51 -37566.852508  -1324.541564  47534.014277              
*  2025  4 28 21  8   0.00000000                            
PL51  -6887.885101  -8898.270898  -4826.345026              
VL51 -35869.742916   1580.536788  48868.193091              
*  2025  4 28 21 10   0.00000000                            
PL51  -7307.329741  -8862.038919  -4232.679335              
VL51 -34011.308857   4451.459776  50050.417782              
*  2025  4 28 21 12   0.00000000                            
PL51  -7703.536158  -8791.618946  -3625.758753              
VL51 -31997.808203   7276.618897  51076.720548              
*  2025  4 28 21 14   0.00000000                            
PL51  -8074.684629  -8687.628670  -3007.475702              
VL51 -29836.201970  10044.635605  51943.624981              
*  2025  4 28 21 16   0.00000000                            
PL51  -8419.043057  -8550.820698  -2379.761296              
VL51 -27534.129676  12744.410859  52648.161012              
*  2025  4 28 21 18   0.00000000                            
PL51  -8734.974956  -8382.078907  -1744.579183              
VL51 -25099.881235  15365.173689  53187.878093              
*  2025  4 28 21 20   0.00000000                            
PL51  -9020.947061  -8182.414217  -1103.919247              
VL51 -22542.365470  17896.528511  53560.856532              
*  2025  4 28 21 22   0.00000000                            
PL51  -9275.536557  -7952.959814   -459.791170              
VL51 -19871.075383  20328.500931  53765.716882              
*  2025  4 28 21 24   0.00000000                            
PL51  -9497.437862  -7694.965830    185.782087              
VL51 -17096.050305  22651.581755  53801.627284              
*  2025  4 28 21 26   0.00000000                            
PL51  -9685.468941  -7409.793501    830.770898              
VL51 -14227.835123  24856.768972  53668.308717              
*  2025  4 28 21 28   0.00000000                            
PL51  -9838.577115  -7098.908849   1473.145617              
VL51 -11277.436753  26935.607430  53366.038070              
*  2025  4 28 21 30   0.00000000                            
PL51  -9955.844330  -6763.875888   2110.883267              
VL51  -8256.278103  28880.225988  52895.649018              
*  2025  4 28 21 32   0.00000000                            
PL51 -10036.491865  -6406.349407   2741.974207              
VL51  -5176.149742  30683.371914  52258.530664              
*  2025  4 28 21 34   0.00000000                            
PL51 -10079.884437  -6028.067359   3364.428781              
VL51  -2049.159553  32338.442316  51456.623935              
*  2025  4 28 21 36   0.00000000                            
PL51 -10085.533706  -5630.842892   3976.283908              
VL51   1112.319381  33839.512431  50492.415749              
*  2025  4 28 21 38   0.00000000                            
PL51 -10053.101130  -5216.556052   4575.609587              
VL51   4295.702351  35181.360596  49368.930977              
*  2025  4 28 21 40   0.00000000                            
PL51  -9982.400180  -4787.145219   5160.515292              
VL51   7488.247782  36359.489769  48089.722230              
*  2025  4 28 21 42   0.00000000                            
PL51  -9873.397892  -4344.598300   5729.156236              
VL51  10677.112858  37370.145471  46658.857530              
*  2025  4 28 21 44   0.00000000                            
PL51  -9726.215739  -3890.943723   6279.739467              
VL51  13849.409729  38210.330072  45080.905943              
*  2025  4 28 21 46   0.00000000                            
PL51  -9541.129838  -3428.241296   6810.529790              
VL51  16992.261963  38877.813334  43360.921242              
*  2025  4 28 21 48   0.00000000                            
PL51  -9318.570473  -2958.572947   7319.855472              
VL51  20092.860970  39371.139186  41504.423706              
*  2025  4 28 21 50   0.00000000                            
PL51  -9059.120942  -2484.033415   7806.113724              
VL51  23138.522072  39689.628716  39517.380168              
*  2025  4 28 21 52   0.00000000                            
PL51  -8763.515738  -2006.720928   8267.775932              
VL51  26116.739941  39833.379381  37406.182408              
*  2025  4 28 21 54   0.00000000                            
PL51  -8432.638071  -1528.727902   8703.392616              
VL51  29015.243120  39803.260484  35177.624035              
*  2025  4 28 21 56   0.00000000                            
PL51  -8067.516735  -1052.131735   9111.598110              
VL51  31822.047358  39600.904970  32838.875969              
*  2025  4 28 21 58   0.00000000                            
PL51  -7669.322353   -578.985702   9491.114935              
VL51  34525.507497  39228.697621  30397.460657              
*  2025  4 28 22  0   0.00000000                            
PL51  -7239.363003   -111.310024   9840.757853              
VL51  37114.367666  38689.759756  27861.225165              
*  2025  4 28 22  2   0.00000000                            
PL51  -6779.079256    348.916860  10159.437605              
VL51  39577.809553  37987.930547  25238.313268              
*  2025  4 28 22  4   0.00000000                            
PL51  -6290.038645    799.766780  10446.164289              
VL51  41905.498541  37127.745097  22537.136683              
*  2025  4 28 22  6   0.00000000                            
PL51  -5773.929597   1239.370040  10700.050407              
VL51  44087.627514  36114.409434  19766.345580              
*  2025  4 28 22  8   0.00000000                            
PL51  -5232.554849   1665.923304  10920.313542              
VL51  46114.958143  34953.772566  16934.798495              
*  2025  4 28 22 10   0.00000000                            
PL51  -4667.824394   2077.697129  11106.278680              
VL51  47978.859503  33652.295809  14051.531789              
*  2025  4 28 22 12   0.00000000                            
PL51  -4081.747968   2473.043117  11257.380152              
VL51  49671.343867  32217.019541  11125.728770              
*  2025  4 28 22 14   0.00000000                            
PL51  -3476.427139   2850.400651  11373.163218              
VL51  51185.099549  30655.527599   8166.688610              
*  2025  4 28 22 16   0.00000000                            
PL51  -2854.047005   3208.303196  11453.285266              
VL51  52513.520692  28975.909509   5183.795176              
*  2025  4 28 22 18   0.00000000                            
PL51  -2216.867565   3545.384124  11497.516643              
VL51  53650.733903  27186.720769   2186.485891              
*  2025  4 28 22 20   0.00000000                            
PL51  -1567.214786   3860.382064  11505.741112              
VL51  54591.621669  25296.941390   -815.779258              
*  2025  4 28 22 22   0.00000000                            
PL51   -907.471408   4152.145739  11477.955937              
VL51  55331.842480  23315.932911  -3813.548468              
*  2025  4 28 22 24   0.00000000                            
PL51   -240.067527   4419.638277  11414.271601              
VL51  55867.847643  21253.394117  -6797.408524              
*  2025  4 28 22 26   0.00000000                            
PL51    432.529004   4661.940990  11314.911167              
VL51  56196.894737  19119.315655  -9758.014762              
*  2025  4 28 22 28   0.00000000                            
PL51   1107.822310   4878.256596  11180.209272              
VL51  56317.057700  16923.933783 -12686.120525              
*  2025  4 28 22 30   0.00000000                            
PL51   1783.298339   5067.911890  11010.610783              
VL51  56227.233553  14677.683459 -15572.606011              
*  2025  4 28 22 32   0.00000000                            
PL51   2456.434759   5230.359841  10806.669098              
VL51  55927.145754  12391.150968 -18408.506455              
*  2025  4 28 22 34   0.00000000                            
PL51   3124.710881   5365.181122  10569.044130              
VL51  55417.344214  10075.026314 -21185.039569              
*  2025  4 28 22 36   0.00000000                            
PL51   3785.617556   5472.085072  10298.499948              
VL51  54699.201988   7740.055565 -23893.632173              
*  2025  4 28 22 38   0.00000000                            
PL51   4436.667024   5550.910080   9995.902113              
VL51  53774.908700   5396.993358 -26525.945941              
*  2025  4 28 22 40   0.00000000                            
PL51   5075.402648   5601.623408   9662.214717              
VL51  52647.460736   3056.555765 -29073.902219              
*  2025  4 28 22 42   0.00000000                            
PL51   5699.408527   5624.320444   9298.497116              
VL51  51320.648277    729.373701 -31529.705840              
*  2025  4 28 22 44   0.00000000                            
PL51   6306.318925   5619.223409   8905.900391              
VL51  49799.039245  -1574.052919 -33885.867881              
*  2025  4 28 22 46   0.00000000                            
PL51   6893.827497   5586.679508   8485.663547              
VL51  48087.960242  -3843.400119 -36135.227319              
*  2025  4 28 22 48   0.00000000                            
PL51   7459.696255   5527.158563   8039.109449              
VL51  46193.474572  -6068.563691 -38270.971524              
*  2025  4 28 22 50   0.00000000                            
PL51   8001.764274   5441.250111   7567.640526              
VL51  44122.357453  -8239.701764 -40286.655549              
*  2025  4 28 22 52   0.00000000                            
PL51   8517.956064   5329.660012   7072.734250              
VL51  41882.068528 -10347.275940 -42176.220161              
*  2025  4 28 22 54   0.00000000                            
PL51   9006.289609   5193.206567   6555.938405              
VL51  39480.721801 -12382.090834 -43934.008573              
*  2025  4 28 22 56   0.00000000                            
PL51   9464.884025   5032.816174   6018.866164              
VL51  36927.053131 -14335.331876 -45554.781845              
*  2025  4 28 22 58   0.00000000                            
PL51   9891.966818   4849.518541   5463.190990              
VL51  34230.385430 -16198.601220 -47033.732902              
*  2025  4 28 23  0   0.00000000                            
PL51  10285.880706   4644.441478   4890.641375              
VL51  31400.591728 -17963.951635 -48366.499156              
*  2025  4 28 23  2   0.00000000                            
PL51  10645.089992   4418.805299   4302.995439              
VL51  28448.056250 -19623.918257 -49549.173711              
*  2025  4 28 23  4   0.00000000                            
PL51  10968.186453   4173.916854   3702.075402              
VL51  25383.633683 -21171.548082 -50578.315116              
*  2025  4 28 23  6   0.00000000                            
PL51  11253.894734   3911.163220   3089.741944              
VL51  22218.606797 -22600.427105 -51450.955671              
*  2025  4 28 23  8   0.00000000                            
PL51  11501.077223   3632.005083   2467.888482              
VL51  18964.642621 -23904.705015 -52164.608264              
*  2025  4 28 23 10   0.00000000                            
PL51  11708.738394   3337.969840   1838.435366              
VL51  15633.747317 -25079.117354 -52717.271749              
*  2025  4 28 23 12   0.00000000                            
PL51  11876.028598   3030.644447   1203.324025              
VL51  12238.219972 -26119.005097 -53107.434850              
*  2025  4 28 23 14   0.00000000                            
PL51  12002.247299   2711.668048    564.511071              
VL51   8790.605486 -27020.331576 -53334.078617              
*  2025  4 28 23 16   0.00000000                            
PL51  12086.845733   2382.724422    -76.037619              
VL51   5303.646739 -27779.696707 -53396.677444              
*  2025  4 28 23 18   0.00000000                            
PL51  12129.428999   2045.534270   -716.352815              
VL51   1790.236228 -28394.348508 -53295.198655              
*  2025  4 28 23 20   0.00000000                            
PL51  12129.757561   1701.847383  -1354.467848              
VL51  -1736.632642 -28862.191860 -53030.100691              
*  2025  4 28 23 22   0.00000000                            
PL51  12087.748163   1353.434721  -1988.424480              
VL51  -5263.914417 -29181.794518 -52602.329934              
*  2025  4 28 23 24   0.00000000                            
PL51  12003.474163   1002.080436  -2616.278735              
VL51  -8778.560436 -29352.390378 -52013.316169              
*  2025  4 28 23 26   0.00000000                            
PL51  11877.165279    649.573872  -3236.106667              
VL51 -12267.567466 -29373.879997 -51264.966750              
*  2025  4 28 23 28   0.00000000                            
PL51  11709.206755    297.701576  -3846.010048              
VL51 -15718.025950 -29246.828409 -50359.659489              
*  2025  4 28 23 30   0.00000000                            
PL51  11500.137947    -51.760649  -4444.121968              
VL51 -19117.167708 -28972.460254 -49300.234318              
*  2025  4 28 23 32   0.00000000                            
PL51  11250.650346   -397.055616  -5028.612317              
VL51 -22452.412917 -28552.652283 -48089.983766              
*  2025  4 28 23 34   0.00000000                            
PL51  10961.585040   -736.452526  -5597.693163              
VL51 -25711.416216 -27989.923284 -46732.642303              
*  2025  4 28 23 36   0.00000000                            
PL51  10633.929628  -1068.254591  -6149.623978              
VL51 -28882.111784 -27287.421490 -45232.374596              
*  2025  4 28 23 38   0.00000000                            
PL51  10268.814604  -1390.806509  -6682.716729              
VL51 -31952.757260 -26448.909554 -43593.762736              
*  2025  4 28 23 40   0.00000000                            
PL51   9867.509211  -1702.501729  -7195.340804              
VL51 -34911.976356 -25478.747150 -41821.792478              
*  2025  4 28 23 42   0.00000000                            
PL51   9431.416810  -2001.789500  -7685.927770              
VL51 -37748.800063 -24381.871305 -39921.838544              
*  2025  4 28 23 44   0.00000000                            
PL51   8962.069742  -2287.181671  -8152.975946              
VL51 -40452.706312 -23163.774528 -37899.649047              
*  2025  4 28 23 46   0.00000000                            
PL51   8461.123743  -2557.259218  -8595.054787              
VL51 -43013.657999 -21830.480851 -35761.329070              
*  2025  4 28 23 48   0.00000000                            
PL51   7930.351903  -2810.678463  -9010.809066              
VL51 -45422.139272 -20388.519861 -33513.323445              
*  2025  4 28 23 50   0.00000000                            
PL51   7371.638199  -3046.176979  -9398.962841              
VL51 -47669.189970 -18844.898829 -31162.398787              
*  2025  4 28 23 52   0.00000000                            
PL51   6786.970634  -3262.579144  -9758.323209              
VL51 -49746.438136 -17207.073044 -28715.624811              
*  2025  4 28 23 54   0.00000000                            
PL51   6178.433991  -3458.801332 -10087.783825              
VL51 -51646.130539 -15482.914452 -26180.354968              
*  2025  4 28 23 56   0.00000000                            
PL51   5548.202236  -3633.856718 -10386.328188              
VL51 -53361.161096 -13680.678712 -23564.206456              
*  2025  4 28 23 58   0.00000000                            
PL51   4898.530593  -3786.859672 -10653.032685              
VL51 -54885.097154 -11808.970773 -20875.039603              
*  2025  4 29  0  0   0.00000000                            
PL51   4231.747391  -3917.029665 -10887.069376              
VL51 -56212.203362  -9876.710167 -18120.936683              
*  2025  4 29  0  2   0.00000000                            
PL51   3550.245196  -4023.695196 -11087.708535              
VL51 -57337.464371  -7893.088727 -15310.180172              
*  2025  4 29  0  4   0.00000000                            
PL51   2856.472771  -4106.296117 -11254.320914              
VL51 -58256.602450  -5867.542629 -12451.230464              
*  2025  4 29  0  6   0.00000000                            
PL51   2152.925415  -4164.387006 -11386.379745              
VL51 -58966.096263  -3809.703249  -9552.703092              
*  2025  4 29  0  8   0.00000000                            
PL51   1442.136145  -4197.638952 -11483.462460              
VL51 -59463.194556  -1729.361913  -6623.345458              
*  2025  4 29  0 10   0.00000000                            
PL51    726.666308  -4205.841292 -11545.252133              
VL51 -59745.928334    363.571923  -3672.013113              
*  2025  4 29  0 12   0.00000000                            
PL51      9.096137  -4188.902776 -11571.538633              
VL51 -59813.120297   2459.112185   -707.645599              
*  2025  4 29  0 14   0.00000000                            
PL51   -707.984791  -4146.852238 -11562.219485              
VL51 -59664.391632   4547.238228   2260.758098              
*  2025  4 29  0 16   0.00000000                            
PL51  -1421.987168  -4079.838754 -11517.300434              
VL51 -59300.166133   6617.937257   5224.164485              
*  2025  4 29  0 18   0.00000000                            
PL51  -2130.331596  -3988.131294 -11436.895707              
VL51 -58721.671587   8661.247006   8173.530839              
*  2025  4 29  0 20   0.00000000                            
PL51  -2830.458226  -3872.117858 -11321.227971              
VL51 -57930.938394  10667.298520  11099.830798              
*  2025  4 29  0 22   0.00000000                            
PL51  -3519.836373  -3732.304099 -11170.627985              
VL51 -56930.795366  12626.358904  13994.080244              
*  2025  4 29  0 24   0.00000000                            
PL51  -4195.974053  -3569.311437 -10985.533929              
VL51 -55724.862675  14528.873881  16847.363428              
*  2025  4 29  0 26   0.00000000                            
PL51  -4856.427423  -3383.874658 -10766.490434              
VL51 -54317.541912  16365.510014  19650.859293              
*  2025  4 29  0 28   0.00000000                            
PL51  -5498.810087  -3176.839018 -10514.147280              
VL51 -52714.003218  18127.196414  22395.867953              
*  2025  4 29  0 30   0.00000000                            
PL51  -6120.802222  -2949.156841 -10229.257789              
VL51 -50920.169474  19805.165788  25073.837265              
*  2025  4 29  0 32   0.00000000                            
PL51  -6720.159506  -2701.883636  -9912.676886              
VL51 -48942.697521  21390.994633  27676.389429              
*  2025  4 29  0 34   0.00000000                            
PL51  -7294.721794  -2436.173735  -9565.358853              
VL51 -46788.956413  22876.642422  30195.347535              
*  2025  4 29  0 36   0.00000000                            
PL51  -7842.421521  -2153.275467  -9188.354757              
VL51 -44467.002699  24254.489574  32622.761997              
*  2025  4 29  0 38   0.00000000                            
PL51  -8361.291790  -1854.525887  -8782.809565              
VL51 -41985.552761  25517.374040  34950.936758              
*  2025  4 29  0 40   0.00000000                            
PL51  -8849.474105  -1541.345075  -8349.958944              
VL51 -39353.952233  26658.626317  37172.455188              
*  2025  4 29  0 42   0.00000000                            
PL51  -9305.225732  -1215.230021  -7891.125760              
VL51 -36582.142545  27672.102686  39280.205562              
*  2025  4 29  0 44   0.00000000                            
PL51  -9726.926624   -877.748127  -7407.716260              
VL51 -33680.624668  28552.216497  41267.406010              
*  2025  4 29  0 46   0.00000000                            
PL51 -10113.085912   -530.530348  -6901.215978              
VL51 -30660.420136  29293.967307  43127.628826              
*  2025  4 29  0 48   0.00000000                            
PL51 -10462.347904   -175.263988  -6373.185334              
VL51 -27533.029443  29892.967680  44854.823997              
*  2025  4 29  0 50   0.00000000                            
PL51 -10773.497564    186.314796  -5825.254969              
VL51 -24310.387953  30345.467482  46443.341841              
*  2025  4 29  0 52   0.00000000                            
PL51 -11045.465461    552.428782  -5259.120810              
VL51 -21004.819456  30648.375476  47887.954618              
*  2025  4 29  0 54   0.00000000                            
PL51 -11277.332138    921.267701  -4676.538882              
VL51 -17628.987544  30799.278072  49183.876977              
*  2025  4 29  0 56   0.00000000                            
PL51 -11468.331887   1290.996465  -4079.319883              
VL51 -14195.844994  30796.455069  50326.785108              
*  2025  4 29  0 58   0.00000000                            
PL51 -11617.855908   1659.763573  -3469.323540              
VL51 -10718.581368  30638.892253  51312.834476              
*  2025  4 29  1  0   0.00000000                            
PL51 -11725.454828   2025.709633  -2848.452754              
VL51  -7210.569071  30326.290722  52138.676000              
*  2025  4 29  1  2   0.00000000                            
PL51 -11790.840562   2386.975991  -2218.647572              
VL51  -3685.308101  29859.072845  52801.470562              
*  2025  4 29  1  4   0.00000000                            
PL51 -11813.887511   2741.713406  -1581.878983              
VL51   -156.369783  29238.384762  53298.901734              
*  2025  4 29  1  6   0.00000000                            
PL51 -11794.633076   3088.090726   -940.142585              
VL51   3362.660257  28466.095362  53629.186616              
*  2025  4 29  1  8   0.00000000                            
PL51 -11733.277481   3424.303543   -295.452122              
VL51   6858.239555  27544.791706  53791.084707              
*  2025  4 29  1 10   0.00000000                            
PL51 -11630.182917   3748.582764    350.167064              
VL51  10316.926429  26477.770870  53783.904708              
*  2025  4 29  1 12   0.00000000                            
PL51 -11485.871980   4059.203063    994.684658              
VL51  13725.437427  25269.028215  53607.509214              
*  2025  4 29  1 14   0.00000000                            
PL51 -11301.025433   4354.491176   1636.072029              
VL51  17070.704300  23923.242122  53262.317226              
*  2025  4 29  1 16   0.00000000                            
PL51 -11076.479285   4632.833981   2272.308918              
VL51  20339.930168  22445.755237  52749.304446              
*  2025  4 29  1 18   0.00000000                            
PL51 -10813.221206   4892.686350   2901.390106              
VL51  23520.644578  20842.552324  52070.001344              
*  2025  4 29  1 20   0.00000000                            
PL51 -10512.386282   5132.578694   3521.332046              
VL51  26600.757124  19120.234806  51226.488983              
*  2025  4 29  1 22   0.00000000                            
PL51 -10175.252143   5351.124203   4130.179439              
VL51  29568.609344  17285.992158  50221.392607              
*  2025  4 29  1 24   0.00000000                            
PL51  -9803.233478   5547.025711   4726.011711              
VL51  32413.024582  15347.570275  49057.873043              
*  2025  4 29  1 26   0.00000000                            
PL51  -9397.875968   5719.082171   5306.949380              
VL51  35123.355566  13313.236999  47739.615935              
*  2025  4 29  1 28   0.00000000                            
PL51  -8960.849658   5866.194695   5871.160274              
VL51  37689.529411  11191.745004  46270.818890              
*  2025  4 29  1 30   0.00000000                            
PL51  -8493.941806   5987.372143   6416.865594              
VL51  40102.089835   8992.292223  44656.176593              
*  2025  4 29  1 32   0.00000000                            
PL51  -7999.049253   6081.736212   6942.345776              
VL51  42352.236352   6724.480065  42900.863989              
*  2025  4 29  1 34   0.00000000                            
PL51  -7478.170324   6148.526018   7445.946143              
VL51  44431.860260   4398.269634  41010.517620              
*  2025  4 29  1 36   0.00000000                            
PL51  -6933.396338   6187.102142   7926.082326              
VL51  46333.577234   2023.936207  38991.215229              
*  2025  4 29  1 38   0.00000000                            
PL51  -6366.902730   6196.950121   8381.245427              
VL51  48050.756397   -387.977791  36849.453732              
*  2025  4 29  1 40   0.00000000                            
PL51  -5780.939855   6177.683362   8810.006907              
VL51  49577.545723  -2826.711041  34592.125706              
*  2025  4 29  1 42   0.00000000                            
PL51  -5177.823511   6129.045473   9211.023192              
VL51  50908.893685  -5281.332563  32226.494496              
*  2025  4 29  1 44   0.00000000                            
PL51  -4559.925221   6050.912005   9583.039960              
VL51  52040.567081  -7740.791664  29760.168092              
*  2025  4 29  1 46   0.00000000                            
PL51  -3929.662321   5943.291584   9924.896116              
VL51  52969.164971 -10193.968324  27201.071916              
*  2025  4 29  1 48   0.00000000                            
PL51  -3289.487916   5806.326438  10235.527438              
VL51  53692.128732 -12629.723780  24557.420654              
*  2025  4 29  1 50   0.00000000                            
PL51  -2641.880727   5640.292321  10513.969869              
VL51  54207.748216 -15036.951035  21837.689283              
*  2025  4 29  1 52   0.00000000                            
PL51  -1989.334893   5445.597827  10759.362464              
VL51  54515.164059 -17404.625065  19050.583419              
*  2025  4 29  1 54   0.00000000                            
PL51  -1334.349764   5222.783112  10970.949982              
VL51  54614.366177 -19721.852471  16205.009142              
*  2025  4 29  1 56   0.00000000                            
PL51   -679.419741   4972.518019  11148.085103              
VL51  54506.188533 -21977.920358  13310.042397              
*  2025  4 29  1 58   0.00000000                            
PL51    -27.024197   4695.599619  11290.230282              
VL51  54192.300252 -24162.344230  10374.898118              
*  2025  4 29  2  0   0.00000000                            
PL51    620.382476   4392.949196  11396.959236              
VL51  53675.193180 -26264.914678   7408.899178              
*  2025  4 29  2  2   0.00000000                            
PL51   1260.380647   4065.608667  11467.958044              
VL51  52958.166010 -28275.742676   4421.445285              
*  2025  4 29  2  4   0.00000000                            
PL51   1890.595016   3714.736478  11503.025890              
VL51  52045.305084 -30185.303304   1421.981926              
*  2025  4 29  2  6   0.00000000                            
PL51   2508.703935   3341.602975  11502.075423              
VL51  50941.462019 -31984.477697  -1580.030532              
*  2025  4 29  2  8   0.00000000                            
PL51   3112.448440   2947.585296  11465.132752              
VL51  49652.228290 -33664.593084  -4575.147490              
*  2025  4 29  2 10   0.00000000                            
PL51   3699.640965   2534.161784  11392.337076              
VL51  48183.906927 -35217.460739  -7553.970410              
*  2025  4 29  2 12   0.00000000                            
PL51   4268.173696   2102.905961  11283.939949              
VL51  46543.481493 -36635.411717 -10507.176677              
*  2025  4 29  2 14   0.00000000                            
PL51   4816.026538   1655.480093  11140.304195              
VL51  44738.582501 -37911.330225 -13425.548926              
*  2025  4 29  2 16   0.00000000                            
PL51   5341.274664   1193.628358  10961.902472              
VL51  42777.451452 -39038.684532 -16300.003768              
*  2025  4 29  2 18   0.00000000                            
PL51   5842.095623    719.169668  10749.315491              
VL51  40668.902673 -40011.555283 -19121.619828              
*  2025  4 29  2 20   0.00000000                            
PL51   6316.775973    233.990163  10503.229913              
VL51  38422.283139 -40824.661137 -21881.665026              
*  2025  4 29  2 22   0.00000000                            
PL51   6763.717419   -259.964583  10224.435916              
VL51  36047.430464 -41473.381636 -24571.623023              
*  2025  4 29  2 24   0.00000000                            
PL51   7181.442449   -760.697618   9913.824449              
VL51  33554.629262 -41953.777229 -27183.218783              
*  2025  4 29  2 26   0.00000000                            
PL51   7568.599419  -1266.168890   9572.384193              
VL51  30954.566066 -42262.606388 -29708.443159              
*  2025  4 29  2 28   0.00000000                            
PL51   7923.967107  -1774.303706   9201.198223              
VL51  28258.283000 -42397.339774 -32139.576476              
*  2025  4 29  2 30   0.00000000                            
PL51   8246.458692  -2283.001353   8801.440400              
VL51  25477.130414 -42356.171393 -34469.211026              
*  2025  4 29  2 32   0.00000000                            
PL51   8535.125166  -2790.143828   8374.371500              
VL51  22622.718673 -42138.026739 -36690.272438              
*  2025  4 29  2 34   0.00000000                            
PL51   8789.158162  -3293.604651   7921.335089              
VL51  19706.869305 -41742.567886 -38796.039868              
*  2025  4 29  2 36   0.00000000                            
PL51   9007.892192  -3791.257716   7443.753167              
VL51  16741.565711 -41170.195543 -40780.164958              
*  2025  4 29  2 38   0.00000000                            
PL51   9190.806291  -4280.986156   6943.121588              
VL51  13738.903634 -40422.048063 -42636.689536              
*  2025  4 29  2 40   0.00000000                            
PL51   9337.525072  -4760.691170   6421.005284              
VL51  10711.041589 -39499.997439 -44360.061985              
*  2025  4 29  2 42   0.00000000                            
PL51   9447.819177  -5228.300790   5879.033288              
VL51   7670.151458 -38406.642312 -45945.152288              
*  2025  4 29  2 44   0.00000000                            
PL51   9521.605146  -5681.778543   5318.893596              
VL51   4628.369438 -37145.298044 -47387.265672              
*  2025  4 29  2 46   0.00000000                            
PL51   9558.944698  -6119.131978   4742.327869              
VL51   1597.747555 -35719.983896 -48682.154863              
*  2025  4 29  2 48   0.00000000                            
PL51   9560.043429  -6538.421024   4151.125994              
VL51  -1409.794099 -34135.407405 -49826.030899              
*  2025  4 29  2 50   0.00000000                            
PL51   9525.248952  -6937.766135   3547.120528              
VL51  -4382.514182 -32396.946018 -50815.572508              
*  2025  4 29  2 52   0.00000000                            
PL51   9455.048475  -7315.356215   2932.181037              
VL51  -7308.895825 -30510.626085 -51647.934021              
*  2025  4 29  2 54   0.00000000                            
PL51   9350.065838  -7669.456258   2308.208349              
VL51 -10177.691066 -28483.099316 -52320.751825              
*  2025  4 29  2 56   0.00000000                            
PL51   9211.058025  -7998.414702   1677.128737              
VL51 -12977.963843 -26321.616805 -52832.149358              
*  2025  4 29  2 58   0.00000000                            
PL51   9038.911178  -8300.670457   1040.888052              
VL51 -15699.131397 -24034.000744 -53180.740634              
*  2025  4 29  3  0   0.00000000                            
PL51   8834.636109  -8574.759571    401.445822              
VL51 -18331.003920 -21628.613958 -53365.632327              
*  2025  4 29  3  2   0.00000000                            
PL51   8599.363362  -8819.321530   -239.230663              
VL51 -20863.822329 -19114.327394 -53386.424424              
*  2025  4 29  3  4   0.00000000                            
PL51   8334.337827  -9033.105149   -879.172274              
VL51 -23288.294025 -16500.485703 -53243.209458              
*  2025  4 29  3  6   0.00000000                            
PL51   8040.912934  -9214.974040  -1516.413933              
VL51 -25595.626542 -13796.871059 -52936.570357              
*  2025  4 29  3  8   0.00000000                            
PL51   7720.544467  -9363.911639  -2149.000486              
VL51 -27777.558952 -11013.665368 -52467.576923              
*  2025  4 29  3 10   0.00000000                            
PL51   7374.784002  -9479.025768  -2774.992511              
VL51 -29826.390962  -8161.411020 -51837.780986              
*  2025  4 29  3 12   0.00000000                            
PL51   7005.272022  -9559.552718  -3392.472073              
VL51 -31735.009588  -5250.970339 -51049.210254              
*  2025  4 29  3 14   0.00000000                            
PL51   6613.730719  -9604.860837  -3999.548387              
VL51 -33496.913357  -2293.483889 -50104.360909              
*  2025  4 29  3 16   0.00000000                            
PL51   6201.956525  -9614.453621  -4594.363391              
VL51 -35106.233959    699.672204 -49006.188980              
*  2025  4 29  3 18   0.00000000                            
PL51   5771.812395  -9587.972273  -5175.097205              
VL51 -36557.755304   3716.929745 -47758.100541              
*  2025  4 29  3 20   0.00000000                            
PL51   5325.219881  -9525.197746  -5739.973468              
VL51 -37846.929935   6746.572632 -46363.940780              
*  2025  4 29  3 22   0.00000000                            
PL51   4864.151022  -9426.052251  -6287.264539              
VL51 -38969.892776   9776.781511 -44827.981992              
*  2025  4 29  3 24   0.00000000                            
PL51   4390.620088  -9290.600226  -6815.296539              
VL51 -39923.472196  12795.678773 -43154.910538              
*  2025  4 29  3 26   0.00000000                            
PL51   3906.675204  -9119.048765  -7322.454242              
VL51 -40705.198370  15791.373740 -41349.812829              
*  2025  4 29  3 28   0.00000000                            
PL51   3414.389892  -8911.747501  -7807.185786              
VL51 -41313.308962  18752.007883 -39418.160394              
*  2025  4 29  3 30   0.00000000                            
PL51   2915.854561  -8669.187951  -8268.007197              
VL51 -41746.752123  21665.799936 -37365.794063              
*  2025  4 29  3 32   0.00000000                            
PL51   2413.167978  -8392.002319  -8703.506725              
VL51 -42005.186841  24521.090762 -35198.907327              
*  2025  4 29  3 34   0.00000000                            
PL51   1908.428744  -8080.961765  -9112.348971              
VL51 -42088.980663  27306.387835 -32924.028918              
*  2025  4 29  3 36   0.00000000                            
PL51   1403.726823  -7736.974137  -9493.278803              
VL51 -41999.204826  30010.409201 -30548.004649              
*  2025  4 29  3 38   0.00000000                            
PL51    901.135138  -7361.081187  -9845.125046              
VL51 -41737.626831  32622.126804 -28077.978540              
*  2025  4 29  3 40   0.00000000                            
PL51    402.701273  -6954.455269 -10166.803945              
VL51 -41306.700517  35130.809034 -25521.373285              
*  2025  4 29  3 42   0.00000000                            
PL51    -89.560693  -6518.395525 -10457.322389              
VL51 -40709.553664  37526.062391 -22885.870088              
*  2025  4 29  3 44   0.00000000                            
PL51   -573.678183  -6054.323589 -10715.780890              
VL51 -39949.973196  39797.872126 -20179.387888              
*  2025  4 29  3 46   0.00000000                            
PL51  -1047.727936  -5563.778803 -10941.376305              
VL51 -39032.388033  41936.641758 -17410.062021              
*  2025  4 29  3 48   0.00000000                            
PL51  -1509.843591  -5048.412961 -11133.404308              
VL51 -37961.849643  43933.231336 -14586.222333              
*  2025  4 29  3 50   0.00000000                            
PL51  -1958.223034  -4509.984615 -11291.261582              
VL51 -36744.010381  45778.994343 -11716.370776              
*  2025  4 29  3 52   0.00000000                            
PL51  -2391.135468  -3950.352936 -11414.447754              
VL51 -35385.099654  47465.813120  -8809.158514              
*  2025  4 29  3 54   0.00000000                            
PL51  -2806.928179  -3371.471163 -11502.567045              
VL51 -33891.898007  48986.132703  -5873.362552              
*  2025  4 29  3 56   0.00000000                            
PL51  -3204.032992  -2775.379659 -11555.329633              
VL51 -32271.709178  50332.992951  -2917.861927              
*  2025  4 29  3 58   0.00000000                            
PL51  -3580.972364  -2164.198584 -11572.552739              
VL51 -30532.330219  51500.058866     48.386530              
*  2025  4 29  4  0   0.00000000                            
PL51  -3936.365121  -1540.120227 -11554.161408              
VL51 -28682.019756  52481.648970   3016.372825              
*  2025  4 29  4  2   0.00000000                            
PL51  -4268.931793   -905.401000 -11500.188999              
VL51 -26729.464459  53272.761652   5977.058807              
*  2025  4 29  4  4   0.00000000                            
PL51  -4577.499545   -262.353132 -11410.777371              
VL51 -24683.743833  53869.099340   8921.403517              
*  2025  4 29  4  6   0.00000000                            
PL51  -4861.006670    386.663910 -11286.176764              
VL51 -22554.293407  54267.090412  11840.388848              
*  2025  4 29  4  8   0.00000000                            
PL51  -5118.506630   1039.252257 -11126.745369              
VL51 -20350.866417  54463.908703  14725.045492              
*  2025  4 29  4 10   0.00000000                            
PL51  -5349.171637   1692.984681 -10932.948583              
VL51 -18083.494100  54457.490516  17566.479121              
*  2025  4 29  4 12   0.00000000                            
PL51  -5552.295741   2345.413842 -10705.357955              
VL51 -15762.444694  54246.548994  20355.896770              
*  2025  4 29  4 14   0.00000000                            
PL51  -5727.297420   2994.081675 -10444.649810              
VL51 -13398.181276  53830.585749  23084.633364              
*  2025  4 29  4 16   0.00000000                            
PL51  -5873.721667   3636.528912 -10151.603549              
VL51 -11001.318550  53209.899639  25744.178326              
*  2025  4 29  4 18   0.00000000                            
PL51  -5991.241536   4270.304685  -9827.099646              
VL51  -8582.578735  52385.592561  28326.202208              
*  2025  4 29  4 20   0.00000000                            
PL51  -6079.659173   4892.976183  -9472.117302              
VL51  -6152.746695  51359.572173  30822.583247              
*  2025  4 29  4 22   0.00000000                            
PL51  -6138.906288   5502.138318  -9087.731807              
VL51  -3722.624472  50134.551442  33225.433779              
*  2025  4 29  4 24   0.00000000                            
PL51  -6169.044091   6095.423377  -8675.111564              
VL51  -1302.985383  48714.044936  35527.126402              
*  2025  4 29  4 26   0.00000000                            
PL51  -6170.262668   6670.510594  -8235.514814              
VL51   1095.472121  47102.361780  37720.319792              
*  2025  4 29  4 28   0.00000000                            
PL51  -6142.879807   7225.135631  -7770.286052              
VL51   3462.170662  45304.595230  39797.984061              
*  2025  4 29  4 30   0.00000000                            
PL51  -6087.339267   7757.099907  -7280.852137              
VL51   5786.699999  43326.608807  41753.425546              
*  2025  4 29  4 32   0.00000000                            
PL51  -6004.208498   8264.279738  -6768.718115              
VL51   8058.862741  41175.018981  43580.310913              
*  2025  4 29  4 34   0.00000000                            
PL51  -5894.175817   8744.635255  -6235.462753              
VL51  10268.719506  38857.174385  45272.690450              
*  2025  4 29  4 36   0.00000000                            
PL51  -5758.047040   9196.219046  -5682.733800              
VL51  12406.633290  36381.131574  46825.020423              
*  2025  4 29  4 38   0.00000000                            
PL51  -5596.741598   9617.184486  -5112.242986              
VL51  14463.312835  33755.627365  48232.184374              
*  2025  4 29  4 40   0.00000000                            
PL51  -5411.288132  10005.793724  -4525.760776              
VL51  16429.854762  30990.047809  49489.513227              
*  2025  4 29  4 42   0.00000000                            
PL51  -5202.819590  10360.425263  -3925.110884              
VL51  18297.784239  28094.393874  50592.804077              
*  2025  4 29  4 44   0.00000000                            
PL51  -4972.567851  10679.581125  -3312.164573              
VL51  20059.093960  25079.243935  51538.337523              
*  2025  4 29  4 46   0.00000000                            
PL51  -4721.857892  10961.893532  -2688.834760              
VL51  21706.281195  21955.713214  52322.893442              
*  2025  4 29  4 48   0.00000000                            
PL51  -4452.101517  11206.131096  -2057.069935              
VL51  23232.382701  18735.410311  52943.765057              
*  2025  4 29  4 50   0.00000000                            
PL51  -4164.790692  11411.204462  -1418.847929              
VL51  24631.007268  15430.391004  53398.771216              
*  2025  4 29  4 52   0.00000000                            
PL51  -3861.490489  11576.171386   -776.169538              
VL51  25896.365700  12053.109533  53686.266757              
*  2025  4 29  4 54   0.00000000                            
PL51  -3543.831705  11700.241211   -131.052042              
VL51  27023.298026   8616.367580  53805.150867              
*  2025  4 29  4 56   0.00000000                            
PL51  -3213.503156  11782.778719    514.477367              
VL51  28007.297761   5133.261202  53754.873363              
*  2025  4 29  4 58   0.00000000                            
PL51  -2872.243709  11823.307340   1158.388221              
VL51  28844.533055   1617.126006  53535.438815              
*  2025  4 29  5  0   0.00000000                            
PL51  -2521.834073  11821.511686   1798.653446              
VL51  29531.864573  -1918.519165  53147.408468              
*  2025  4 29  5  2   0.00000000                            
PL51  -2164.088401  11777.239408   2433.256042              
VL51  30066.859993  -5460.029696  52591.899931              
*  2025  4 29  5  4   0.00000000                            
PL51  -1800.845734  11690.502357   3060.195749              
VL51  30447.805021  -8993.693525  51870.584627              
*  2025  4 29  5  6   0.00000000                            
PL51  -1433.961338  11561.477038   3677.495662              
VL51  30673.710843 -12505.789983  50985.683010              
*  2025  4 29  5  8   0.00000000                            
PL51  -1065.297970  11390.504360   4283.208781              
VL51  30744.317978 -15982.648846  49939.957569              
*  2025  4 29  5 10   0.00000000                            
PL51   -696.717123  11178.088679   4875.424466              
VL51  30660.096499 -19410.709264  48736.703663              
*  2025  4 29  5 12   0.00000000                            
PL51   -330.070286  10924.896130   5452.274762              
VL51  30422.242631 -22776.578273  47379.738227              
*  2025  4 29  5 14   0.00000000                            
PL51     32.809730  10631.752269   6011.940579              
VL51  30032.671734 -26067.088545  45873.386407              
*  2025  4 29  5 16   0.00000000                            
PL51    390.117363  10299.639021   6552.657705              
VL51  29494.007735 -29269.355099  44222.466207              
*  2025  4 29  5 18   0.00000000                            
PL51    740.082718   9929.690959   7072.722615              
VL51  28809.569060 -32370.830655  42432.271208              
*  2025  4 29  5 20   0.00000000                            
PL51   1080.979806   9523.190927   7570.498065              
VL51  27983.351161 -35359.359341  40508.551482              
*  2025  4 29  5 22   0.00000000                            
PL51   1411.134542   9081.565034   8044.418447              
VL51  27020.005756 -38223.228472  38457.492786              
*  2025  4 29  5 24   0.00000000                            
PL51   1728.932479   8606.377029   8492.994887              
VL51  25924.816905 -40951.218150  36285.694171              
*  2025  4 29  5 26   0.00000000                            
PL51   2032.826243   8099.322109   8914.820060              
VL51  24703.674085 -43532.648434  34000.144128              
*  2025  4 29  5 28   0.00000000                            
PL51   2321.342617   7562.220164   9308.572714              
VL51  23363.042424 -45957.423871  31608.195411              
*  2025  4 29  5 30   0.00000000                            
PL51   2593.089258   6997.008516   9673.021884              
VL51  21909.930282 -48216.075188  29117.538657              
*  2025  4 29  5 32   0.00000000                            
PL51   2846.761012   6405.734162  10007.030784              
VL51  20351.854372 -50299.797974  26536.174963              
*  2025  4 29  5 34   0.00000000                            
PL51   3081.145788   5790.545587  10309.560362              
VL51  18696.802634 -52200.488202  23872.387533              
*  2025  4 29  5 36   0.00000000                            
PL51   3295.129985   5153.684157  10579.672512              
VL51  16953.195057 -53910.774456  21134.712542              
*  2025  4 29  5 38   0.00000000                            
PL51   3487.703429   4497.475155  10816.532932              
VL51  15129.842684 -55424.046760  18331.909349              
*  2025  4 29  5 40   0.00000000                            
PL51   3657.963812   3824.318486  11019.413619              
VL51  13235.905025 -56734.481910  15472.930187              
*  2025  4 29  5 42   0.00000000                            
PL51   3805.120614   3136.679101  11187.695000              
VL51  11280.846087 -57837.065247  12566.889472              
*  2025  4 29  5 44   0.00000000                            
PL51   3928.498482   2437.077185  11320.867696              
VL51   9274.389279 -58727.608817   9623.032831              
*  2025  4 29  5 46   0.00000000                            
PL51   4027.540073   1728.078144  11418.533905              
VL51   7226.471388 -59402.765900   6650.706006              
*  2025  4 29  5 48   0.00000000                            
PL51   4101.808332   1012.282437  11480.408420              
VL51   5147.195887 -59860.041882   3659.323713              
*  2025  4 29  5 50   0.00000000                            
PL51   4150.988209    292.315314  11506.319269              
VL51   3046.785772 -60097.801491    658.338586              
*  2025  4 29  5 52   0.00000000                            
PL51   4174.887812   -429.183534  11496.207983              
VL51    935.536164 -60115.272400  -2342.789698              
*  2025  4 29  5 54   0.00000000                            
PL51   4173.438984  -1149.570322  11450.129501              
VL51  -1176.233109 -59912.545245  -5334.625020              
*  2025  4 29  5 56   0.00000000                            
PL51   4146.697320  -1866.207519  11368.251701              
VL51  -3278.224737 -59490.570089  -8307.785048              
*  2025  4 29  5 58   0.00000000                            
PL51   4094.841611  -2576.474114  11250.854577              
VL51  -5360.210760 -58851.149393 -11252.971007              
*  2025  4 29  6  0   0.00000000                            
PL51   4018.172738  -3277.775793  11098.329061              
VL51  -7412.078783 -57996.927563 -14160.996894              
*  2025  4 29  6  2   0.00000000                            
PL51   3917.112008  -3967.554958  10911.175498              
VL51  -9423.877397 -56931.377149 -17022.818070              
*  2025  4 29  6  4   0.00000000                            
PL51   3792.198958  -4643.300564  10690.001779              
VL51 -11385.860599 -55658.781808 -19829.559122              
*  2025  4 29  6  6   0.00000000                            
PL51   3644.088627  -5302.557741  10435.521150              
VL51 -13288.531035 -54184.216107 -22572.540950              
*  2025  4 29  6  8   0.00000000                            
PL51   3473.548319  -5942.937143  10148.549696              
VL51 -15122.681892 -52513.522318 -25243.306975              
*  2025  4 29  6 10   0.00000000                            
PL51   3281.453876  -6562.124008   9830.003520              
VL51 -16879.437264 -50653.284315 -27833.648429              
*  2025  4 29  6 12   0.00000000                            
PL51   3068.785471  -7157.886888   9480.895621              
VL51 -18550.290844 -48610.798703 -30335.628642              
*  2025  4 29  6 14   0.00000000                            
PL51   2836.622946  -7728.086014   9102.332488              
VL51 -20127.142798 -46394.043349 -32741.606295              
*  2025  4 29  6 16   0.00000000                            
PL51   2586.140732  -8270.681271   8695.510423              
VL51 -21602.334679 -44011.643438 -35044.257573              
*  2025  4 29  6 18   0.00000000                            
PL51   2318.602344  -8783.739750   8261.711603              
VL51 -22968.682250 -41472.835219 -37236.597168              
*  2025  4 29  6 20   0.00000000                            
PL51   2035.354511  -9265.442850   7802.299898              
VL51 -24219.506116 -38787.427598 -39311.998110              
*  2025  4 29  6 22   0.00000000                            
PL51   1737.820939  -9714.092916   7318.716457              
VL51 -25348.660028 -35965.761740 -41264.210353              
*  2025  4 29  6 24   0.00000000                            
PL51   1427.495764 -10128.119366   6812.475082              
VL51 -26350.556786 -33018.668855 -43087.378106              
*  2025  4 29  6 26   0.00000000                            
PL51   1105.936693 -10506.084317   6285.157399              
VL51 -27220.191628 -29957.426331 -44776.055850              
*  2025  4 29  6 28   0.00000000                            
PL51    774.757891 -10846.687666   5738.407843              
VL51 -27953.163037 -26793.712411 -46325.223021              
*  2025  4 29  6 30   0.00000000                            
PL51    435.622629 -11148.771620   5173.928478              
VL51 -28545.690900 -23539.559576 -47730.297320              
*  2025  4 29  6 32   0.00000000                            
PL51     90.235734 -11411.324663   4593.473667              
VL51 -28994.631940 -20207.306850 -48987.146634              
*  2025  4 29  6 34   0.00000000                            
PL51   -259.664135 -11633.484945   3998.844605              
VL51 -29297.492400 -16809.551189 -50092.099533              
*  2025  4 29  6 36   0.00000000                            
PL51   -612.312342 -11814.543081   3391.883733              
VL51 -29452.437918 -13359.098171 -51041.954327              
*  2025  4 29  6 38   0.00000000                            
PL51   -965.926231 -11953.944355   2774.469054              
VL51 -29458.300586  -9868.912170 -51833.986663              
*  2025  4 29  6 40   0.00000000                            
PL51  -1318.713152 -12051.290326   2148.508369              
VL51 -29314.583180  -6352.066239 -52465.955665              
*  2025  4 29  6 42   0.00000000                            
PL51  -1668.878521 -12106.339830   1515.933444              
VL51 -29021.460550  -2821.691878 -52936.108582              
*  2025  4 29  6 44   0.00000000                            
PL51  -2014.633881 -12119.009382    878.694135              
VL51 -28579.778208    709.071109 -53243.183982              
*  2025  4 29  6 46   0.00000000                            
PL51  -2354.204922 -12089.372974    238.752474              
VL51 -27991.048130   4227.124429 -53386.413475              
*  2025  4 29  6 48   0.00000000                            
PL51  -2685.839446 -12017.661283   -401.923243              
VL51 -27257.441813   7719.460654 -53365.522000              
*  2025  4 29  6 50   0.00000000                            
PL51  -3007.815221 -11904.260283  -1041.364378              
VL51 -26381.780653  11173.211882 -53180.726698              
*  2025  4 29  6 52   0.00000000                            
PL51  -3318.447714 -11749.709291  -1677.607836              
VL51 -25367.523689  14575.697561 -52832.734396              
*  2025  4 29  6 54   0.00000000                            
PL51  -3616.097652 -11554.698427  -2308.701927              
VL51 -24218.752795  17914.471282 -52322.737724              
*  2025  4 29  6 56   0.00000000                            
PL51  -3899.178395 -11320.065537  -2932.712159              
VL51 -22940.155390  21177.366403 -51652.409925              
*  2025  4 29  6 58   0.00000000                            
PL51  -4166.163090 -11046.792566  -3547.726974              
VL51 -21537.004761  24352.540338 -50823.898365              
*  2025  4 29  7  0   0.00000000                            
PL51  -4415.591568 -10736.001411  -4151.863385              
VL51 -20015.138087  27428.517356 -49839.816796              
*  2025  4 29  7  2   0.00000000                            
PL51  -4646.076973 -10388.949268  -4743.272528              
VL51 -18380.932261  30394.229779 -48703.236420              
*  2025  4 29  7  4   0.00000000                            
PL51  -4856.312076 -10007.023500  -5320.145087              
VL51 -16641.277630  33239.057413 -47417.675782              
*  2025  4 29  7  6   0.00000000                            
PL51  -5045.075275  -9591.736039  -5880.716595              
VL51 -14803.549758  35952.865123 -45987.089559              
*  2025  4 29  7  8   0.00000000                            
PL51  -5211.236235  -9144.717349  -6423.272600              
VL51 -12875.579333  38526.038428 -44415.856284              
*  2025  4 29  7 10   0.00000000                            
PL51  -5353.761164  -8667.709974  -6946.153669              
VL51 -10865.620338  40949.517021 -42708.765064              
*  2025  4 29  7 12   0.00000000                            
PL51  -5471.717687  -8162.561700  -7447.760228              
VL51  -8782.316623  43214.826133 -40871.001336              
*  2025  4 29  7 14   0.00000000                            
PL51  -5564.279325  -7631.218351  -7926.557236              
VL51  -6634.666980  45314.105664 -38908.131713              
*  2025  4 29  7 16   0.00000000                            
PL51  -5630.729532  -7075.716247  -8381.078654              
VL51  -4431.988869  47240.137009 -36826.087973              
*  2025  4 29  7 18   0.00000000                            
PL51  -5670.465294  -6498.174359  -8809.931735              
VL51  -2183.880922  48986.367526 -34631.150225              
*  2025  4 29  7 20   0.00000000                            
PL51  -5683.000279  -5900.786183  -9211.801093              
VL51     99.815669  50546.932604 -32329.929299              
*  2025  4 29  7 22   0.00000000                            
PL51  -5667.967504  -5285.811364  -9585.452567              
VL51   2409.056722  51916.675265 -29929.348401              
*  2025  4 29  7 24   0.00000000                            
PL51  -5625.121536  -4655.567095  -9929.736852              
VL51   4733.635478  53091.163264 -27436.624077              
*  2025  4 29  7 26   0.00000000                            
PL51  -5554.340189  -4012.419337 -10243.592906              
VL51   7063.223728  54066.703689 -24859.246505              
*  2025  4 29  7 28   0.00000000                            
PL51  -5455.625739  -3358.773866 -10526.051106              
VL51   9387.413525  54840.354982 -22204.959167              
*  2025  4 29  7 30   0.00000000                            
PL51  -5329.105625  -2697.067202 -10776.236170              
VL51  11695.759332  55409.936400 -19481.737927              
*  2025  4 29  7 32   0.00000000                            
PL51  -5175.032644  -2029.757430 -10993.369810              
VL51  13977.820509  55774.034877 -16697.769543              
*  2025  4 29  7 34   0.00000000                            
PL51  -4993.784639  -1359.314966 -11176.773138              
VL51  16223.203970  55932.009288 -13861.429650              
*  2025  4 29  7 36   0.00000000                            
PL51  -4785.863671   -688.213279 -11325.868792              
VL51  18421.606916  55883.992097 -10981.260230              
*  2025  4 29  7 38   0.00000000                            
PL51  -4551.894680    -18.919607 -11440.182798              
VL51  20562.859479  55630.888392  -8065.946608              
*  2025  4 29  7 40   0.00000000                            
PL51  -4292.623634    646.114288 -11519.346149              
VL51  22636.967180  55174.372305  -5124.293980              
*  2025  4 29  7 42   0.00000000                            
PL51  -4008.915172   1304.461322 -11563.096100              
VL51  24634.153034  54516.880813  -2165.203507              
*  2025  4 29  7 44   0.00000000                            
PL51  -3701.749742   1953.728188 -11571.277173              
VL51  26544.899193  53661.604924    802.352012              
*  2025  4 29  7 46   0.00000000                            
PL51  -3372.220248   2591.564337 -11543.841874              
VL51  28359.987974  52612.478247   3769.352863              
*  2025  4 29  7 48   0.00000000                            
PL51  -3021.528201   3215.670812 -11480.851096              
VL51  30070.542137  51374.162958   6726.757512              
*  2025  4 29  7 50   0.00000000                            
PL51  -2650.979402   3823.808893 -11382.474240              
VL51  31668.064257  49952.033162   9665.528041              
*  2025  4 29  7 52   0.00000000                            
PL51  -2261.979147   4413.808524 -11248.989007              
VL51  33144.475054  48352.155659  12576.655907              
*  2025  4 29  7 54   0.00000000                            
PL51  -1856.026990   4983.576499 -11080.780897              
VL51  34492.150512  46581.268145  15451.187960              
*  2025  4 29  7 56   0.00000000                            
PL51  -1434.711061   5531.104369 -10878.342384              
VL51  35703.957643  44646.754856  18280.252708              
*  2025  4 29  7 58   0.00000000                            
PL51   -999.701968   6054.476045 -10642.271777              
VL51  36773.288719  42556.619684  21055.086755              
*  2025  4 29  8  0   0.00000000                            
PL51   -552.746297   6551.875052 -10373.271765              
VL51  37694.093823  40319.456817  23767.061371              
*  2025  4 29  8  2   0.00000000                            
PL51    -95.659732   7021.591434 -10072.147641              
VL51  38460.911541  37944.418937  26407.709119              
*  2025  4 29  8  4   0.00000000                            
PL51    369.680183   7462.028245  -9739.805204              
VL51  39068.897635  35441.183037  28968.750481              
*  2025  4 29  8  6   0.00000000                            
PL51    841.341609   7871.707629  -9377.248350              
VL51  39513.851522  32819.913933  31442.120387              
*  2025  4 29  8  8   0.00000000                            
PL51   1317.346283   8249.276443  -8985.576336              
VL51  39792.240402  30091.225549  33819.994579              
*  2025  4 29  8 10   0.00000000                            
PL51   1795.677665   8593.511401  -8565.980734              
VL51  39901.220868  27266.140067  36094.815703              
*  2025  4 29  8 12   0.00000000                            
PL51   2274.289327   8903.323719  -8119.742074              
VL51  39838.657829  24356.045068  38259.319029              
*  2025  4 29  8 14   0.00000000                            
PL51   2751.113551   9177.763236  -7648.226182              
VL51  39603.140606  21372.648778  40306.557690              
*  2025  4 29  8 16   0.00000000                            
PL51   3224.070105   9416.021980  -7152.880215              
VL51  39193.996053  18327.933570  42229.927330              
*  2025  4 29  8 18   0.00000000                            
PL51   3691.075155   9617.437172  -6635.228406              
VL51  38611.298559  15234.107879  44023.190026              
*  2025  4 29  8 20   0.00000000                            
PL51   4150.050283   9781.493646  -6096.867531              
VL51  37855.876816  12103.556720  45680.497371              
*  2025  4 29  8 22   0.00000000                            
PL51   4598.931556   9907.825662  -5539.462095              
VL51  36929.317237   8948.790986  47196.412585              
*  2025  4 29  8 24   0.00000000                            
PL51   5035.678630   9996.218106  -4964.739273              
VL51  35833.963945   5782.395758  48565.931515              
*  2025  4 29  8 26   0.00000000                            
PL51   5458.283818  10046.607070  -4374.483592              
VL51  34572.915236   2616.977833  49784.502402              
*  2025  4 29  8 28   0.00000000                            
PL51   5864.781104  10059.079793  -3770.531394              
VL51  33150.016486   -534.887257  50848.044279              
*  2025  4 29  8 30   0.00000000                            
PL51   6253.255050  10033.873967  -3154.765083              
VL51  31569.849454  -3660.708512  51752.963877              
*  2025  4 29  8 32   0.00000000                            
PL51   6621.849545   9971.376400  -2529.107177              
VL51  29837.717980  -6748.132723  52496.170915              
*  2025  4 29  8 34   0.00000000                            
PL51   6968.776369   9872.121050  -1895.514193              
VL51  27959.630097  -9784.997466  53075.091667              
*  2025  4 29  8 36   0.00000000                            
PL51   7292.323520   9736.786413  -1255.970372              
VL51  25942.276590 -12759.383536  53487.680696              
*  2025  4 29  8 38   0.00000000                            
PL51   7590.863258   9566.192302   -612.481281              
VL51  23793.006070 -15659.666551  53732.430664              
*  2025  4 29  8 40   0.00000000                            
PL51   7862.859832   9361.295996     32.932693              
VL51  21519.796661 -18474.567429  53808.380134              
*  2025  4 29  8 42   0.00000000                            
PL51   8106.876852   9123.187809    678.242932              
VL51  19131.224399 -21193.201460  53715.119301              
*  2025  4 29  8 44   0.00000000                            
PL51   8321.584253   8853.086065   1321.419228              
VL51  16636.428491 -23805.125702  53452.793579              
*  2025  4 29  8 46   0.00000000                            
PL51   8505.764834   8552.331526   1960.436458              
VL51  14045.073592 -26300.384418  53022.105011              
*  2025  4 29  8 48   0.00000000                            
PL51   8658.320320   8222.381280   2593.281261              
VL51  11367.309283 -28669.552303  52424.311463              
*  2025  4 29  8 50   0.00000000                            
PL51   8778.276928   7864.802133   3217.958689              
VL51   8613.726947 -30903.775240  51661.223585              
*  2025  4 29  8 52   0.00000000                            
PL51   8864.790395   7481.263521   3832.498817              
VL51   5795.314286 -32994.808343  50735.199535              
*  2025  4 29  8 54   0.00000000                            
PL51   8917.150450   7073.529987   4434.963262              
VL51   2923.407707 -34935.051085  49649.137488              
*  2025  4 29  8 56   0.00000000                            
PL51   8934.784707   6643.453251   5023.451617              
VL51      9.642853 -36717.579279  48406.465959              
*  2025  4 29  8 58   0.00000000                            
PL51   8917.261948   6192.963920   5596.107736              
VL51  -2934.096462 -38336.173754  47011.131988              
*  2025  4 29  9  0   0.00000000                            
PL51   8864.294786   5724.062875   6151.125884              
VL51  -5895.730613 -39785.345567  45467.587258              
*  2025  4 29  9  2   0.00000000                            
PL51   8775.741702   5238.812373   6686.756694              
VL51  -8863.037545 -41060.357615  43780.772227              
*  2025  4 29  9  4   0.00000000                            
PL51   8651.608422   4739.326911   7201.312930              
VL51 -11823.706867 -42157.242552  41956.098362              
*  2025  4 29  9  6   0.00000000                            
PL51   8492.048657   4227.763905   7693.175022              
VL51 -14765.394385 -43072.816932  39999.428587              
*  2025  4 29  9  8   0.00000000                            
PL51   8297.364177   3706.314216   8160.796359              
VL51 -17675.776758 -43804.691530  37917.056049              
*  2025  4 29  9 10   0.00000000                            
PL51   8068.004233   3177.192576   8602.708316              
VL51 -20542.606009 -44351.277814  35715.681331              
*  2025  4 29  9 12   0.00000000                            
PL51   7804.564332   2642.627957   9017.524998              
VL51 -23353.763608 -44711.790576  33402.388243              
*  2025  4 29  9 14   0.00000000                            
PL51   7507.784355   2104.853942   9403.947691              
VL51 -26097.313837 -44886.246748  30984.618306              
*  2025  4 29  9 16   0.00000000                            
PL51   7178.546056   1566.099118   9760.768989              
VL51 -28761.556204 -44875.460449  28470.144088              
*  2025  4 29  9 18   0.00000000                            
PL51   6817.869926   1028.577563  10086.876607              
VL51 -31335.076626 -44681.034337  25867.041510              
*  2025  4 29  9 20   0.00000000                            
PL51   6426.911454    494.479448  10381.256850              
VL51 -33806.797170 -44305.347362  23183.661278              
*  2025  4 29  9 22   0.00000000                            
PL51   6006.956811    -34.038180  10642.997731              
VL51 -36166.024116 -43751.539030  20428.599553              
*  2025  4 29  9 24   0.00000000                            
PL51   5559.417952   -554.860421  10871.291743              
VL51 -38402.494140 -43023.490306  17610.668014              
*  2025  4 29  9 26   0.00000000                            
PL51   5085.827189  -1065.923284  11065.438259              
VL51 -40506.418423 -42125.801289  14738.863420              
*  2025  4 29  9 28   0.00000000                            
PL51   4587.831242  -1565.222167  11224.845569              
VL51 -42468.524512 -41063.765824  11822.336817              
*  2025  4 29  9 30   0.00000000                            
PL51   4067.184804  -2050.820020  11349.032547              
VL51 -44280.095746 -39843.343202   8870.362488              
*  2025  4 29  9 32   0.00000000                            
PL51   3525.743648  -2520.855139  11437.629942              
VL51 -45933.008123 -38471.127124   5892.306789              
*  2025  4 29  9 34   0.00000000                            
PL51   2965.457306  -2973.548588  11490.381297              
VL51 -47419.764446 -36954.312121   2897.596979              
*  2025  4 29  9 36   0.00000000                            
PL51   2388.361358  -3407.211190  11507.143489              
VL51 -48733.525633 -35300.657610   -104.309841              
*  2025  4 29  9 38   0.00000000                            
PL51   1796.569361  -3820.250081  11487.886908              
VL51 -49868.139099 -33518.449803  -3103.957559              
*  2025  4 29  9 40   0.00000000                            
PL51   1192.264456  -4211.174793  11432.695257              
VL51 -50818.164112 -31616.461662  -6091.921556              
*  2025  4 29  9 42   0.00000000                            
PL51    577.690688  -4578.602846  11341.764996              
VL51 -51578.894057 -29603.911127  -9058.838779              
*  2025  4 29  9 44   0.00000000                            
PL51    -44.855920  -4921.264830  11215.404422              
VL51 -52146.375572 -27490.417823 -11995.437311              
*  2025  4 29  9 46   0.00000000                            
PL51   -673.036505  -5238.008956  11054.032407              
VL51 -52517.424497 -25285.958458 -14892.565336              
*  2025  4 29  9 48   0.00000000                            
PL51  -1304.478677  -5527.805074  10858.176778              
VL51 -52689.638619 -23000.821122 -17741.219453              
*  2025  4 29  9 50   0.00000000                            
PL51  -1936.785957  -5789.748122  10628.472377              
VL51 -52661.407198 -20645.558691 -20532.572264              
*  2025  4 29  9 52   0.00000000                            
PL51  -2567.547322  -6023.061029  10365.658782              
VL51 -52431.917254 -18230.941540 -23257.999179              
*  2025  4 29  9 54   0.00000000                            
PL51  -3194.346795  -6227.097033  10070.577721              
VL51 -52001.156607 -15767.909754 -25909.104373              
*  2025  4 29  9 56   0.00000000                            
PL51  -3814.773058  -6401.341431   9744.170172              
VL51 -51369.913682 -13267.525046 -28477.745836              
*  2025  4 29  9 58   0.00000000                            
PL51  -4426.429043  -6545.412749   9387.473174              
VL51 -50539.774089 -10740.922582 -30956.059452              
*  2025  4 29 10  0   0.00000000                            
PL51  -5026.941462  -6659.063336   9001.616354              
VL51 -49513.114003  -8199.262892 -33336.482032              
*  2025  4 29 10  2   0.00000000                            
PL51  -5613.970234  -6742.179381   8587.818178              
VL51 -48293.090394  -5653.684104 -35611.773253              
*  2025  4 29 10  4   0.00000000                            
PL51  -6185.217787  -6794.780358   8147.381958              
VL51 -46883.628173  -3115.254661 -37775.036426              
*  2025  4 29 10  6   0.00000000                            
PL51  -6738.438176  -6817.017911   7681.691602              
VL51 -45289.404310   -594.926740 -39819.738058              
*  2025  4 29 10  8   0.00000000                            
PL51  -7271.445999  -6809.174185   7192.207151              
VL51 -43515.829038   1896.509449 -41739.726157              
*  2025  4 29 10 10   0.00000000                            
PL51  -7782.125071  -6771.659610   6680.460097              
VL51 -41569.024213   4348.470305 -43529.247241              
*  2025  4 29 10 12   0.00000000                            
PL51  -8268.436818  -6705.010164   6148.048499              
VL51 -39455.798954   6750.622249 -45182.962022              
*  2025  4 29 10 14   0.00000000                            
PL51  -8728.428365  -6609.884115   5596.631934              
VL51 -37183.622669   9092.923737 -46695.959729              
*  2025  4 29 10 16   0.00000000                            
PL51  -9160.240286  -6487.058275   5027.926269              
VL51 -34760.595575  11365.665726 -48063.771063              
*  2025  4 29 10 18   0.00000000                            
PL51  -9562.113983  -6337.423775   4443.698298              
VL51 -32195.416862  13559.510437 -49282.379736              
*  2025  4 29 10 20   0.00000000                            
PL51  -9932.398675  -6161.981386   3845.760238              
VL51 -29497.350618  15665.528282 -50348.232588              
*  2025  4 29 10 22   0.00000000                            
PL51 -10269.557958  -5961.836408   3235.964124              
VL51 -26676.189663  17675.232810 -51258.248267              
*  2025  4 29 10 24   0.00000000                            
PL51 -10572.175926  -5738.193157   2616.196098              
VL51 -23742.217455  19580.613557 -52009.824445              
*  2025  4 29 10 26   0.00000000                            
PL51 -10838.962817  -5492.349061   1988.370627              
VL51 -20706.168228  21374.166671 -52600.843580              
*  2025  4 29 10 28   0.00000000                            
PL51 -11068.760182  -5225.688415   1354.424655              
VL51 -17579.185502  23048.923233 -53029.677203              
*  2025  4 29 10 30   0.00000000                            
PL51 -11260.545534  -4939.675799    716.311722              
VL51 -14372.779186  24598.475139 -53295.188747              
*  2025  4 29 10 32   0.00000000                            
PL51 -11413.436481  -4635.849206     75.996046              
VL51 -11098.781426  26016.998502 -53396.734919              
*  2025  4 29 10 34   0.00000000                            
PL51 -11526.694328  -4315.812907   -564.553395              
VL51  -7769.301374  27299.274469 -53334.165641              
*  2025  4 29 10 36   0.00000000                            
PL51 -11599.727120  -3981.230077  -1203.368775              
VL51  -4396.679091  28440.707414 -53107.822567              
*  2025  4 29 10 38   0.00000000                            
PL51 -11632.092134  -3633.815217  -1838.489306              
VL51   -993.438743  29437.340464 -52718.536223              
*  2025  4 29 10 40   0.00000000                            
PL51 -11623.497807  -3275.326417  -2467.967076              
VL51   2427.758718  30285.868309 -52167.621787              
*  2025  4 29 10 42   0.00000000                            
PL51 -11573.805089  -2907.557466  -3089.872838              
VL51   5854.163200  30983.647297 -51456.873559              
*  2025  4 29 10 44   0.00000000                            
PL51 -11483.028226  -2532.329870  -3702.301719              
VL51   9272.983289  31528.702790 -50588.558160              
*  2025  4 29 10 46   0.00000000                            
PL51 -11351.334971  -2151.484792  -4303.378837              
VL51  12671.434048  31919.733799 -49565.406488              
*  2025  4 29 10 48   0.00000000                            
PL51 -11179.046218  -1766.874954  -4891.264823              
VL51  16036.784644  32156.114890 -48390.604496              
*  2025  4 29 10 50   0.00000000                            
PL51 -10966.635072  -1380.356533  -5464.161217              
VL51  19356.405637  32237.895410 -47067.782815              
*  2025  4 29 10 52   0.00000000                            
PL51 -10714.725347   -993.781080  -6020.315740              
VL51  22617.815772  32165.796030 -45601.005284              
*  2025  4 29 10 54   0.00000000                            
PL51 -10424.089511   -608.987500  -6558.027413              
VL51  25808.728118  31941.202677 -43994.756410              
*  2025  4 29 10 56   0.00000000                            
PL51 -10095.646084   -227.794117  -7075.651532              
VL51  28917.095410  31566.157871 -42253.927836              
*  2025  4 29 10 58   0.00000000                            
PL51  -9730.456491    148.009140  -7571.604459              
VL51  31931.154441  31043.349551 -40383.803837              
*  2025  4 29 11  0   0.00000000                            
PL51  -9329.721396    516.668404  -8044.368250              
VL51  34839.469376  30376.097424 -38390.045918              
*  2025  4 29 11  2   0.00000000                            
PL51  -8894.776515    876.473354  -8492.495079              
VL51  37630.973851  29568.336937 -36278.676545              
*  2025  4 29 11  4   0.00000000                            
PL51  -8427.087942   1225.764499  -8914.611472              
VL51  40295.011744  28624.600928 -34056.062071              
*  2025  4 29 11  6   0.00000000                            
PL51  -7928.246982   1562.940226  -9309.422326              
VL51  42821.376505  27549.999049 -31728.894902              
*  2025  4 29 11  8   0.00000000                            
PL51  -7399.964536   1886.463584  -9675.714710              
VL51  45200.348919  26350.195046 -29304.174946              
*  2025  4 29 11 10   0.00000000                            
PL51  -6844.065027   2194.868790 -10012.361440              
VL51  47422.733233  25031.381983 -26789.190381              
*  2025  4 29 11 12   0.00000000                            
PL51  -6262.479913   2486.767420 -10318.324423              
VL51  49479.891541  23600.255515 -24191.497794              
*  2025  4 29 11 14   0.00000000                            
PL51  -5657.240797   2760.854273 -10592.657752              
VL51  51363.776329  22063.985291 -21518.901704              
*  2025  4 29 11 16   0.00000000                            
PL51  -5030.472158   3015.912875 -10834.510557              
VL51  53066.961118  20430.184592 -18779.433519              
*  2025  4 29 11 18   0.00000000                            
PL51  -4384.383719   3250.820614 -11043.129599              
VL51  54582.669103  18706.878309 -15981.329941              
*  2025  4 29 11 20   0.00000000                            
PL51  -3721.262493   3464.553481 -11217.861601              
VL51  55904.799717  16902.469349 -13133.010849              
*  2025  4 29 11 22   0.00000000                            
PL51  -3043.464522   3656.190394 -11358.155309              
VL51  57027.953052  15025.703582 -10243.056689              
*  2025  4 29 11 24   0.00000000                            
PL51  -2353.406327   3824.917097 -11463.563285              
VL51  57947.452044  13085.633435  -7320.185374              
*  2025  4 29 11 26   0.00000000                            
PL51  -1653.556120   3970.029616 -11533.743412              
VL51  58659.362362  11091.580233  -4373.228731              
*  2025  4 29 11 28   0.00000000                            
PL51   -946.424776   4090.937253 -11568.460119              
VL51  59160.509918   9053.095398  -1411.108506              
*  2025  4 29 11 30   0.00000000                            
PL51   -234.556624   4187.165109 -11567.585313              
VL51  59448.495925   6979.920632   1557.188062              
*  2025  4 29 11 32   0.00000000                            
PL51    479.479939   4258.356122 -11531.099016              
VL51  59521.709414   4881.947173   4522.633056              
*  2025  4 29 11 34   0.00000000                            
PL51   1193.101960   4304.272617 -11459.089707              
VL51  59379.337145   2769.174279   7476.183092              
*  2025  4 29 11 36   0.00000000                            
PL51   1903.721555   4324.797347 -11351.754346              
VL51  59021.370817    651.667042  10408.804857              
*  2025  4 29 11 38   0.00000000                            
PL51   2608.755588   4319.934027 -11209.398106              
VL51  58448.611518  -1460.486317  13311.500968              
*  2025  4 29 11 40   0.00000000                            
PL51   3305.635407   4289.807355 -11032.433783              
VL51  57662.671325  -3557.217539  16175.336092              
*  2025  4 29 11 42   0.00000000                            
PL51   3991.816564   4234.662512 -10821.380891              
VL51  56665.971997  -5628.521655  18991.463284              
*  2025  4 29 11 44   0.00000000                            
PL51   4664.788509   4154.864140 -10576.864447              
VL51  55461.740706  -7664.500386  21751.150489              
*  2025  4 29 11 46   0.00000000                            
PL51   5322.084216   4050.894807 -10299.613427              
VL51  54054.002736  -9655.405474  24445.807149              
*  2025  4 29 11 48   0.00000000                            
PL51   5961.289703   3923.352940  -9990.458915              
VL51  52447.571112 -11591.681757  27067.010847              
*  2025  4 29 11 50   0.00000000                            
PL51   6580.053403   3772.950259  -9650.331921              
VL51  50648.033125 -13464.009826  29606.533913              
*  2025  4 29 11 52   0.00000000                            
PL51   7176.095360   3600.508691  -9280.260884              
VL51  48661.733711 -15263.348083  32056.369924              
*  2025  4 29 11 54   0.00000000                            
PL51   7747.216208   3406.956788  -8881.368864              
VL51  46495.755675 -16980.974014  34408.759993              
*  2025  4 29 11 56   0.00000000                            
PL51   8291.305887   3193.325656  -8454.870410              
VL51  44157.896751 -18608.524484  36656.218757              
*  2025  4 29 11 58   0.00000000                            
PL51   8806.352070   2960.744406  -8002.068127              
VL51  41656.643515 -20138.034862  38791.559971              
*  2025  4 29 12  0   0.00000000                            
PL51   9290.448260   2710.435144  -7524.348935              
VL51  39001.142173 -21561.976779  40807.921580              
*  2025  4 29 12  2   0.00000000                            
PL51   9741.801509   2443.707517  -7023.180030              
VL51  36201.166270 -22873.294318  42698.790172              
*  2025  4 29 12  4   0.00000000                            
PL51  10158.739744   2161.952835  -6500.104558              
VL51  33267.081390 -24065.438429  44458.024679              
*  2025  4 29 12  6   0.00000000                            
PL51  10539.718639   1866.637793  -5956.737011              
VL51  30209.806922 -25132.399382  46079.879213              
*  2025  4 29 12  8   0.00000000                            
PL51  10883.328021   1559.297813  -5394.758348              
VL51  27040.775009 -26068.737050  47559.024894              
*  2025  4 29 12 10   0.00000000                            
PL51  11188.297761   1241.530042  -4815.910871              
VL51  23771.886794 -26869.608830  48890.570554              
*  2025  4 29 12 12   0.00000000                            
PL51  11453.503127    914.986023  -4221.992850              
VL51  20415.466134 -27530.795019  50070.082172              
*  2025  4 29 12 14   0.00000000                            
PL51  11677.969569    581.364083  -3614.852931              
VL51  16984.210947 -28048.721473  51093.600918              
*  2025  4 29 12 16   0.00000000                            
PL51  11860.876902    242.401467  -2996.384331              
VL51  13491.142392 -28420.479367  51957.659683              
*  2025  4 29 12 18   0.00000000                            
PL51  12001.562872   -100.133752  -2368.518845              
VL51   9949.552106 -28643.841926  52659.297966              
*  2025  4 29 12 20   0.00000000                            
PL51  12099.526076   -444.450942  -1733.220689              
VL51   6372.947752 -28717.277972  53196.075013              
*  2025  4 29 12 22   0.00000000                            
PL51  12154.428220   -788.745323  -1092.480194              
VL51   2774.997104 -28639.962190  53566.081102              
*  2025  4 29 12 24   0.00000000                            
PL51  12166.095699  -1131.206483   -448.307370              
VL51   -830.529013 -28411.781989  53767.946884              
*  2025  4 29 12 26   0.00000000                            
PL51  12134.520488  -1470.026952    197.274617              
VL51  -4429.814674 -28033.340902  53800.850691              
*  2025  4 29 12 28   0.00000000                            
PL51  12059.860329  -1803.410803    842.236057              
VL51  -8009.057375 -27505.958447  53664.523741              
*  2025  4 29 12 30   0.00000000                            
PL51  11942.438221  -2129.582221   1484.547346              
VL51 -11554.526803 -26831.666436  53359.253178              
*  2025  4 29 12 32   0.00000000                            
PL51  11782.741201  -2446.794011   2122.185668              
VL51 -15052.623556 -26013.201704  52885.882915              
*  2025  4 29 12 34   0.00000000                            
PL51  11581.418419  -2753.336000   2753.141669              
VL51 -18489.937460 -25053.995279  52245.812236              
*  2025  4 29 12 36   0.00000000                            
PL51  11339.278526  -3047.543281   3375.426100              
VL51 -21853.305175 -23958.158045  51440.992159              
*  2025  4 29 12 38   0.00000000                            
PL51  11057.286366  -3327.804270   3987.076408              
VL51 -25129.866746 -22730.462941  50473.919568              
*  2025  4 29 12 40   0.00000000                            
PL51  10736.559008  -3592.568527   4586.163238              
VL51 -28307.120804 -21376.323813  49347.629131              
*  2025  4 29 12 42   0.00000000                            
PL51  10378.361115  -3840.354301   5170.796826              
VL51 -31372.978091 -19901.771011  48065.683047              
*  2025  4 29 12 44   0.00000000                            
PL51   9984.099690  -4069.755770   5739.133261              
VL51 -34315.813020 -18313.423878  46632.158694              
*  2025  4 29 12 46   0.00000000                            
PL51   9555.318215  -4279.449928   6289.380579              
VL51 -37124.513007 -16618.460283  45051.634221              
*  2025  4 29 12 48   0.00000000                            
PL51   9093.690208  -4468.203087   6819.804679              
VL51 -39788.525290 -14824.583370  43329.172195              
*  2025  4 29 12 50   0.00000000                            
PL51   8601.012239  -4634.876974   7328.735027              
VL51 -42297.901027 -12939.985718  41470.301372              
*  2025  4 29 12 52   0.00000000                            
PL51   8079.196434  -4778.434369   7814.570130              
VL51 -44643.336427 -10973.311108  39480.996716              
*  2025  4 29 12 54   0.00000000                            
PL51   7530.262503  -4897.944288   8275.782767              
VL51 -46816.210734  -8933.614125  37367.657757              
*  2025  4 29 12 56   0.00000000                            
PL51   6956.329331  -4992.586654   8710.924943              
VL51 -48808.620880  -6830.317812  35137.085431              
*  2025  4 29 12 58   0.00000000                            
PL51   6359.606177  -5061.656456   9118.632558              
VL51 -50613.412662  -4673.169619  32796.457510              
*  2025  4 29 13  0   0.00000000                            
PL51   5742.383517  -5104.567376   9497.629782              
VL51 -52224.208314  -2472.195894  30353.302766              
*  2025  4 29 13  2   0.00000000                            
PL51   5107.023580  -5120.854849   9846.733099              
VL51 -53635.430375   -237.655156  27815.474009              
*  2025  4 29 13  4   0.00000000                            
PL51   4455.950620  -5110.178568  10164.855032              
VL51 -54842.321781   2020.009592  25191.120128              
*  2025  4 29 13  6   0.00000000                            
PL51   3791.640973  -5072.324410  10451.007524              
VL51 -55840.962137   4290.219266  22488.657285              
*  2025  4 29 13  8   0.00000000                            
PL51   3116.612932  -5007.205769  10704.304968              
VL51 -56628.280123   6562.307566  19716.739391              
*  2025  4 29 13 10   0.00000000                            
PL51   2433.416508  -4914.864315  10923.966880              
VL51 -57202.062062   8825.570063  16884.228009              
*  2025  4 29 13 12   0.00000000                            
PL51   1744.623106  -4795.470154  11109.320210              
VL51 -57560.956640  11069.313265  14000.161814              
*  2025  4 29 13 14   0.00000000                            
PL51   1052.815164  -4649.321404  11259.801277              
VL51 -57704.475836  13282.903426  11073.725733              
*  2025  4 29 13 16   0.00000000                            
PL51    360.575810  -4476.843188  11374.957345              
VL51 -57632.992112  15455.814876   8114.219909              
*  2025  4 29 13 18   0.00000000                            
PL51   -329.521429  -4278.586050  11454.447814              
VL51 -57347.731946  17577.677662   5131.028576              
*  2025  4 29 13 20   0.00000000                            
PL51  -1014.922822  -4055.223803  11498.045042              
VL51 -56850.765783  19638.324273   2133.588982              
*  2025  4 29 13 22   0.00000000                            
PL51  -1693.104479  -3807.550829  11505.634801              
VL51 -56144.994526  21627.835271   -868.639554              
*  2025  4 29 13 24   0.00000000                            
PL51  -2361.582223  -3536.478832  11477.216352              
VL51 -55234.132655  23536.583627  -3866.206342              
*  2025  4 29 13 26   0.00000000                            
PL51  -3017.921230  -3243.033071  11412.902158              
VL51 -54122.688117  25355.277585  -6849.699704              
*  2025  4 29 13 28   0.00000000                            
PL51  -3659.745420  -2928.348085  11312.917242              
VL51 -52815.939091  27075.001885  -9809.776926              
*  2025  4 29 13 30   0.00000000                            
PL51  -4284.746543  -2593.662943  11177.598176              
VL51 -51319.907784  28687.257171 -12737.193712              
*  2025  4 29 13 32   0.00000000                            
PL51  -4890.692935  -2240.316020  11007.391728              
VL51 -49641.331397  30183.997445 -15622.833049              
*  2025  4 29 13 34   0.00000000                            
PL51  -5475.437911  -1869.739345  10802.853167              
VL51 -47787.630412  31557.665417 -18457.733407              
*  2025  4 29 13 36   0.00000000                            
PL51  -6036.927763  -1483.452536  10564.644228              
VL51 -45766.874372  32801.225611 -21233.116189              
*  2025  4 29 13 38   0.00000000                            
PL51  -6573.209327  -1083.056353  10293.530759              
VL51 -43587.745304  33908.195118 -23940.412372              
*  2025  4 29 13 40   0.00000000                            
PL51  -7082.437109   -670.225888   9990.380049              
VL51 -41259.498992  34872.671877 -26571.288258              
*  2025  4 29 13 42   0.00000000                            
PL51  -7562.879923   -246.703448   9656.157856              
VL51 -38791.924247  35689.360382 -29117.670283              
*  2025  4 29 13 44   0.00000000                            
PL51  -8012.927034    185.708874   9291.925138              
VL51 -36195.300378  36353.594736 -31571.768811              
*  2025  4 29 13 46   0.00000000                            
PL51  -8431.093783    625.156871   8898.834515              
VL51 -33480.353050  36861.358964 -33926.100865              
*  2025  4 29 13 48   0.00000000                            
PL51  -8816.026671   1069.742138   8478.126449              
VL51 -30658.208720  37209.304525 -36173.511744              
*  2025  4 29 13 50   0.00000000                            
PL51  -9166.507884   1517.530161   8031.125190              
VL51 -27740.347841  37394.764967 -38307.195461              
*  2025  4 29 13 52   0.00000000                            
PL51  -9481.459263   1966.558585   7559.234469              
VL51 -24738.557036  37415.767689 -40320.713979              
*  2025  4 29 13 54   0.00000000                            
PL51  -9759.945681   2414.845593   7063.932976              
VL51 -21664.880447  37271.042763 -42208.015181              
*  2025  4 29 13 56   0.00000000                            
PL51 -10001.177838   2860.398372   6546.769626              
VL51 -18531.570433  36960.028819 -43963.449552              
*  2025  4 29 13 58   0.00000000                            
PL51 -10204.514465   3301.221644   6009.358635              
VL51 -15351.037850  36482.875965 -45581.785526              
*  2025  4 29 14  0   0.00000000                            
PL51 -10369.463925   3735.326201   5453.374421              
VL51 -12135.802085  35840.445764 -47058.223473              
*  2025  4 29 14  2   0.00000000                            
PL51 -10495.685212   4160.737429   4880.546341              
VL51  -8898.441054  35034.308270 -48388.408303              
*  2025  4 29 14  4   0.00000000                            
PL51 -10582.988360   4575.503776   4292.653290              
VL51  -5651.541355  34066.736162 -49568.440646              
*  2025  4 29 14  6   0.00000000                            
PL51 -10631.334244   4977.705140   3691.518170              
VL51  -2407.648775  32940.696003 -50594.886611              
*  2025  4 29 14  8   0.00000000                            
PL51 -10640.833800   5365.461121   3079.002256              
VL51    820.780663  31659.836692 -51464.786091              
*  2025  4 29 14 10   0.00000000                            
PL51 -10611.746657   5736.939130   2456.999467              
VL51   4021.428909  30228.475157 -52175.659614              
*  2025  4 29 14 12   0.00000000                            
PL51 -10544.479193   6090.362307   1827.430562              
VL51   7182.163194  28651.579373 -52725.513734              
*  2025  4 29 14 14   0.00000000                            
PL51 -10439.582037   6424.017217   1192.237288              
VL51  10291.082240  26934.748775 -53112.844952              
*  2025  4 29 14 16   0.00000000                            
PL51 -10297.747022   6736.261297    553.376478              
VL51  13336.561203  25084.192183 -53336.642197              
*  2025  4 29 14 18   0.00000000                            
PL51 -10119.803597   7025.530026    -87.185860              
VL51  16307.295198  23106.703326 -53396.387850              
*  2025  4 29 14 20   0.00000000                            
PL51  -9906.714743   7290.343784   -727.480468              
VL51  19192.341230  21009.634075 -53292.057348              
*  2025  4 29 14 22   0.00000000                            
PL51  -9659.572382   7529.314379  -1365.540742              
VL51  21981.158410  18800.865521 -53024.117371              
*  2025  4 29 14 24   0.00000000                            
PL51  -9379.592322   7741.151212  -1999.408610              
VL51  24663.646299  16488.777002 -52593.522643              
*  2025  4 29 14 26   0.00000000                            
PL51  -9068.108752   7924.667065  -2627.140364              
VL51  27230.181245  14082.213239 -52001.711371              
*  2025  4 29 14 28   0.00000000                            
PL51  -8726.568309   8078.783474  -3246.812426              
VL51  29671.650611  11590.449709 -51250.599368              
*  2025  4 29 14 30   0.00000000                            
PL51  -8356.523756   8202.535686  -3856.527039              
VL51  31979.484768   9023.156409 -50342.572878              
*  2025  4 29 14 32   0.00000000                            
PL51  -7959.627285   8295.077167  -4454.417860              
VL51  34145.686769   6390.360158 -49280.480180              
*  2025  4 29 14 34   0.00000000                            
PL51  -7537.623476   8355.683652  -5038.655452              
VL51  36162.859613   3702.405595 -48067.621992              
*  2025  4 29 14 36   0.00000000                            
PL51  -7092.341949   8383.756717  -5607.452648              
VL51  38024.231031    969.915028 -46707.740745              
*  2025  4 29 14 38   0.00000000                            
PL51  -6625.689730   8378.826869  -6159.069781              
VL51  39723.675753  -1796.252721 -45205.008781              
*  2025  4 29 14 40   0.00000000                            
PL51  -6139.643366   8340.556126  -6691.819769              
VL51  41255.735185  -4585.044314 -43564.015523              
*  2025  4 29 14 42   0.00000000                            
PL51  -5636.240823   8268.740105  -7204.073037              
VL51  42615.634496  -7385.254600 -41789.753675              
*  2025  4 29 14 44   0.00000000                            
PL51  -5117.573184   8163.309576  -7694.262269              
VL51  43799.297069 -10185.569870 -39887.604507              
*  2025  4 29 14 46   0.00000000                            
PL51  -4585.776207   8024.331508  -8160.886976              
VL51  44803.356324 -12974.611530 -37863.322267              
*  2025  4 29 14 48   0.00000000                            
PL51  -4043.021737   7852.009582  -8602.517879              
VL51  45625.164894 -15740.980044 -35723.017769              
*  2025  4 29 14 50   0.00000000                            
PL51  -3491.509041   7646.684180  -9017.801081              
VL51  46262.801170 -18473.299033 -33473.141198              
*  2025  4 29 14 52   0.00000000                            
PL51  -2933.456069   7408.831840  -9405.462035              
VL51  46715.073213 -21160.259370 -31120.464167              
*  2025  4 29 14 54   0.00000000                            
PL51  -2371.090688   7139.064187  -9764.309289              
VL51  46981.520041 -23790.663154 -28672.061061              
*  2025  4 29 14 56   0.00000000                            
PL51  -1806.641917   6838.126334 -10093.238002              
VL51  47062.410326 -26353.467429 -26135.289699              
*  2025  4 29 14 58   0.00000000                            
PL51  -1242.331191   6506.894762 -10391.233231              
VL51  46958.738504 -28837.827517 -23517.771361              
*  2025  4 29 15  0   0.00000000                            
PL51   -680.363688   6146.374686 -10657.372963              
VL51  46672.218327 -31233.139839 -20827.370180              
*  2025  4 29 15  2   0.00000000                            
PL51   -122.919749   5757.696905 -10890.830909              
VL51  46205.273896 -33529.084084 -18072.171961              
*  2025  4 29 15  4   0.00000000                            
PL51    427.853581   5342.114155 -11090.879030              
VL51  45561.028203 -35715.664619 -15260.462440              
*  2025  4 29 15  6   0.00000000                            
PL51    969.850858   4900.996968 -11256.889804              
VL51  44743.289217 -37783.250993 -12400.704999              
*  2025  4 29 15  8   0.00000000                            
PL51   1501.016361   4435.829052 -11388.338222              
VL51  43756.533565 -39722.617433  -9501.517892              
*  2025  4 29 15 10   0.00000000                            
PL51   2019.352011   3948.202207 -11484.803508              
VL51  42605.887845 -41524.981179  -6571.650968              
*  2025  4 29 15 12   0.00000000                            
PL51   2522.925042   3439.810777 -11545.970553              
VL51  41297.107625 -43182.039561  -3619.961949              
*  2025  4 29 15 14   0.00000000                            
PL51   3009.875415   2912.445682 -11571.631071              
VL51  39836.554179 -44686.005667   -655.392262              
*  2025  4 29 15 16   0.00000000                            
PL51   3478.422932   2367.988018 -11561.684449              
VL51  38231.169006 -46029.642483   2313.057529              
*  2025  4 29 15 18   0.00000000                            
PL51   3926.874041   1808.402263 -11516.138314              
VL51  36488.446211 -47206.295380   5276.352679              
*  2025  4 29 15 20   0.00000000                            
PL51   4353.628284   1235.729100 -11435.108786              
VL51  34616.402803 -48209.922804   8225.449573              
*  2025  4 29 15 22   0.00000000                            
PL51   4757.184388    652.077888 -11318.820436              
VL51  32623.546968 -49035.125055  11151.321344              
*  2025  4 29 15 24   0.00000000                            
PL51   5136.145959     59.618799 -11167.605925              
VL51  30518.844423 -49677.171006  14044.983792              
*  2025  4 29 15 26   0.00000000                            
PL51   5489.226758   -539.425359 -10981.905341              
VL51  28311.682897 -50132.022641  16897.521533              
*  2025  4 29 15 28   0.00000000                            
PL51   5815.255547  -1142.787594 -10762.265208              
VL51  26011.834859 -50396.357277  19700.114357              
*  2025  4 29 15 30   0.00000000                            
PL51   6113.180471  -1748.165431 -10509.337193              
VL51  23629.418558 -50467.587319  22444.063737              
*  2025  4 29 15 32   0.00000000                            
PL51   6382.072969  -2353.229843 -10223.876480              
VL51  21174.857499 -50343.877444  25120.819434              
*  2025  4 29 15 34   0.00000000                            
PL51   6621.131181  -2955.634366  -9906.739832              
VL51  18658.838453 -50024.159045  27722.006121              
*  2025  4 29 15 36   0.00000000                            
PL51   6829.682854  -3553.024374  -9558.883336              
VL51  16092.268138 -49508.141823  30239.449969              
*  2025  4 29 15 38   0.00000000                            
PL51   7007.187714  -4143.046469  -9181.359823              
VL51  13486.228685 -48796.322408  32665.205098              
*  2025  4 29 15 40   0.00000000                            
PL51   7153.239294  -4723.357966  -8775.315974              
VL51  10851.932064 -47889.989868  34991.579800              
*  2025  4 29 15 42   0.00000000                            
PL51   7267.566223  -5291.636415  -8341.989117              
VL51   8200.673612 -46791.228026  37211.162442              
*  2025  4 29 15 44   0.00000000                            
PL51   7350.032933  -5845.589138  -7882.703711              
VL51   5543.784840 -45502.914472  39316.846930              
*  2025  4 29 15 46   0.00000000                            
PL51   7400.639818  -6382.962730  -7398.867532              
VL51   2892.585713 -44028.716198  41301.857640              
*  2025  4 29 15 48   0.00000000                            
PL51   7419.522797  -6901.552490  -6891.967556              
VL51    258.336583 -42373.081789  43159.773685              
*  2025  4 29 15 50   0.00000000                            
PL51   7406.952320  -7399.211733  -6363.565564              
VL51  -2347.810005 -40541.230115  44884.552410              
*  2025  4 29 15 52   0.00000000                            
PL51   7363.331775  -7873.860951  -5815.293468              
VL51  -4914.857436 -38539.135489  46470.551980              
*  2025  4 29 15 54   0.00000000                            
PL51   7289.195337  -8323.496771  -5248.848367              
VL51  -7432.012834 -36373.509274  47912.552947              
*  2025  4 29 15 56   0.00000000                            
PL51   7185.205236  -8746.200669  -4665.987356              
VL51  -9888.734347 -34051.777951  49205.778646              
*  2025  4 29 15 58   0.00000000                            
PL51   7052.148466  -9140.147404  -4068.522099              
VL51 -12274.777648 -31582.057669  50345.914315              
*  2025  4 29 16  0   0.00000000                            
PL51   6890.932938  -9503.613126  -3458.313175              
VL51 -14580.241414 -28973.125325  51329.124781              
*  2025  4 29 16  2   0.00000000                            
PL51   6702.583100  -9834.983110  -2837.264226              
VL51 -16795.611543 -26234.386269  52152.070603              
*  2025  4 29 16  4   0.00000000                            
PL51   6488.235032 -10132.759092  -2207.315920              
VL51 -18911.803838 -23375.838728  52811.922544              
*  2025  4 29 16  6   0.00000000                            
PL51   6249.131039 -10395.566150  -1570.439751              
VL51 -20920.204935 -20408.035085  53306.374264              
*  2025  4 29 16  8   0.00000000                            
PL51   5986.613764 -10622.159109   -928.631695              
VL51 -22812.711209 -17342.040171  53633.653122              
*  2025  4 29 16 10   0.00000000                            
PL51   5702.119854 -10811.428425   -283.905755              
VL51 -24581.765444 -14189.386761  53792.528999              
*  2025  4 29 16 12   0.00000000                            
PL51   5397.173189 -10962.405522    361.712599              
VL51 -26220.391019 -10962.028477  53782.321064              
*  2025  4 29 16 14   0.00000000                            
PL51   5073.377728 -11074.267546   1006.193042              
VL51 -27722.223420  -7672.290322  53602.902414              
*  2025  4 29 16 16   0.00000000                            
PL51   4732.409985 -11146.341513   1647.507065              
VL51 -29081.538860  -4332.817115  53254.702533              
*  2025  4 29 16 18   0.00000000                            
PL51   4376.011187 -11178.107831   2283.634656              
VL51 -30293.279845   -956.520071  52738.707546              
*  2025  4 29 16 20   0.00000000                            
PL51   4005.979139 -11169.203167   2912.570964              
VL51 -31353.077512   2443.478164  52056.458227              
*  2025  4 29 16 22   0.00000000                            
PL51   3624.159845 -11119.422645   3532.332937              
VL51 -32257.270604   5853.899752  51210.045775              
*  2025  4 29 16 24   0.00000000                            
PL51   3232.438918 -11028.721373   4140.965889              
VL51 -33002.920966   9261.368839  50202.105363              
*  2025  4 29 16 26   0.00000000                            
PL51   2832.732829 -10897.215265   4736.549976              
VL51 -33587.825466  12652.469382  49035.807486              
*  2025  4 29 16 28   0.00000000                            
PL51   2426.980035 -10725.181179   5317.206560              
VL51 -34010.524276  16013.803285  47714.847164              
*  2025  4 29 16 30   0.00000000                            
PL51   2017.132024 -10513.056352   5881.104428              
VL51 -34270.305465  19332.048545  46243.431039              
*  2025  4 29 16 32   0.00000000                            
PL51   1605.144334 -10261.437139   6426.465841              
VL51 -34367.205896  22594.017079  44626.262462              
*  2025  4 29 16 34   0.00000000                            
PL51   1192.967580  -9971.077063   6951.572398              
VL51 -34302.008415  25786.711927  42868.524636              
*  2025  4 29 16 36   0.00000000                            
PL51    782.538540  -9642.884179   7454.770684              
VL51 -34076.235389  28897.383523  40975.861926              
*  2025  4 29 16 38   0.00000000                            
PL51    375.771331  -9277.917779   7934.477679              
VL51 -33692.138629  31913.584747  38954.359432              
*  2025  4 29 16 40   0.00000000                            
PL51    -25.451259  -8877.384436   8389.185923              
VL51 -33152.685783  34823.224465  36810.520950              
*  2025  4 29 16 42   0.00000000                            
PL51   -419.286268  -8442.633423   8817.468395              
VL51 -32461.543307  37614.619308  34551.245441              
*  2025  4 29 16 44   0.00000000                            
PL51   -803.938821  -7975.151513   9217.983107              
VL51 -31623.056125  40276.543416  32183.802143              
*  2025  4 29 16 46   0.00000000                            
PL51  -1177.670140  -7476.557210   9589.477396              
VL51 -30642.224124  42798.275934  29715.804447              
*  2025  4 29 16 48   0.00000000                            
PL51  -1538.805241  -6948.594409   9930.791889              
VL51 -29524.675645  45169.646047  27155.182699              
*  2025  4 29 16 50   0.00000000                            
PL51  -1885.740310  -6393.125542  10240.864136              
VL51 -28276.638130  47381.075345  24510.156041              
*  2025  4 29 16 52   0.00000000                            
PL51  -2216.949694  -5812.124228  10518.731908              
VL51 -26904.906120  49423.617370  21789.203445              
*  2025  4 29 16 54   0.00000000                            
PL51  -2530.992507  -5207.667469  10763.536134              
VL51 -25416.806794  51288.994182  19001.034071              
*  2025  4 29 16 56   0.00000000                            
PL51  -2826.518804  -4581.927419  10974.523482              
VL51 -23820.163250  52969.629812  16154.557081              
*  2025  4 29 16 58   0.00000000                            
PL51  -3102.275298  -3937.162783  11151.048578              
VL51 -22123.255743  54458.680503  13258.851029              
*  2025  4 29 17  0   0.00000000                            
PL51  -3357.110608  -3275.709858  11292.575853              
VL51 -20334.781085  55750.061640  10323.132957              
*  2025  4 29 17  2   0.00000000                            
PL51  -3589.980000  -2599.973285  11398.681017              
VL51 -18463.810426  56838.471276   7356.727314              
*  2025  4 29 17  4   0.00000000                            
PL51  -3799.949627  -1912.416528  11469.052162              
VL51 -16519.745645  57719.410212   4369.034809              
*  2025  4 29 17  6   0.00000000                            
PL51  -3986.200222  -1215.552142  11503.490493              
VL51 -14512.274564  58389.198581   1369.501315              
*  2025  4 29 17  8   0.00000000                            
PL51  -4148.030261   -511.931856  11501.910680              
VL51 -12451.325202  58844.988895  -1632.413059              
*  2025  4 29 17 10   0.00000000                            
PL51  -4284.858565    195.863475  11464.340844              
VL51 -10347.019319  59084.775566  -4627.264640              
*  2025  4 29 17 12   0.00000000                            
PL51  -4396.226343    905.234010  11390.922183              
VL51  -8209.625432  59107.400897  -7605.656494              
*  2025  4 29 17 14   0.00000000                            
PL51  -4481.798671   1613.571119  11281.908228              
VL51  -6049.511555  58912.557565 -10558.268268              
*  2025  4 29 17 16   0.00000000                            
PL51  -4541.365403   2318.267583  11137.663746              
VL51  -3877.097858  58500.787633 -13475.885507              
*  2025  4 29 17 18   0.00000000                            
PL51  -4574.841510   3016.727762  10958.663300              
VL51  -1702.809452  57873.478139 -16349.428337              
*  2025  4 29 17 20   0.00000000                            
PL51  -4582.266859   3706.377696  10745.489462              
VL51    462.970489  57032.853316 -19169.979463              
*  2025  4 29 17 22   0.00000000                            
PL51  -4563.805433   4384.675083  10498.830702              
VL51   2609.947072  55981.963497 -21928.811404              
*  2025  4 29 17 24   0.00000000                            
PL51  -4519.743995   5049.119112  10219.478946              
VL51   4727.959313  54724.670811 -24617.412888              
*  2025  4 29 17 26   0.00000000                            
PL51  -4450.490211   5697.260102   9908.326831              
VL51   6807.024852  53265.631715 -27227.514365              
*  2025  4 29 17 28   0.00000000                            
PL51  -4356.570245   6326.708917   9566.364655              
VL51   8837.383581  51610.276494 -29751.112547              
*  2025  4 29 17 30   0.00000000                            
PL51  -4238.625840   6935.146108   9194.677040              
VL51  10809.540003  49764.785810 -32180.493945              
*  2025  4 29 17 32   0.00000000                            
PL51  -4097.410886   7520.330768   8794.439318              
VL51  12714.304173  47736.064425 -34508.257320              
*  2025  4 29 17 34   0.00000000                            
PL51  -3933.787526   8080.109049   8366.913655              
VL51  14542.831039  45531.712217 -36727.335015              
*  2025  4 29 17 36   0.00000000                            
PL51  -3748.721783   8612.422315   7913.444926              
VL51  16286.658052  43159.992632 -38831.013105              
*  2025  4 29 17 38   0.00000000                            
PL51  -3543.278757   9115.314902   7435.456355              
VL51  17937.740888  40629.798699 -40812.950321              
*  2025  4 29 17 40   0.00000000                            
PL51  -3318.617400   9586.941463   6934.444938              
VL51  19488.487159  37950.616779 -42667.195709              
*  2025  4 29 17 42   0.00000000                            
PL51  -3075.984904  10025.573855   6411.976657              
VL51  20931.787986  35132.488191 -44388.204979              
*  2025  4 29 17 44   0.00000000                            
PL51  -2816.710716  10429.607559   5869.681509              
VL51  22261.047318  32185.968878 -45970.855526              
*  2025  4 29 17 46   0.00000000                            
PL51  -2542.200225  10797.567606   5309.248365              
VL51  23470.208904  29122.087295 -47410.460068              
*  2025  4 29 17 48   0.00000000                            
PL51  -2253.928131  11128.113986   4732.419668              
VL51  24553.780812  25952.300679 -48702.778902              
*  2025  4 29 17 50   0.00000000                            
PL51  -1953.431540  11420.046524   4140.985998              
VL51  25506.857416  22688.449880 -49844.030729              
*  2025  4 29 17 52   0.00000000                            
PL51  -1642.302810  11672.309203   3536.780512              
VL51  26325.138778  19342.712950 -50830.902036              
*  2025  4 29 17 54   0.00000000                            
PL51  -1322.182179  11883.993931   2921.673282              
VL51  27004.947363  15927.557667 -51660.555027              
*  2025  4 29 17 56   0.00000000                            
PL51   -994.750210  12054.343727   2297.565546              
VL51  27543.242030  12455.693214 -52330.634076              
*  2025  4 29 17 58   0.00000000                            
PL51   -661.720083  12182.755321   1666.383893              
VL51  27937.629273   8940.021174 -52839.270713              
*  2025  4 29 18  0   0.00000000                            
PL51   -324.829772  12268.781171   1030.074389              
VL51  28186.371681   5393.586074 -53185.087130              
*  2025  4 29 18  2   0.00000000                            
PL51     14.165868  12312.130880    390.596682              
VL51  28288.393600   1829.525671 -53367.198230              
*  2025  4 29 18  4   0.00000000                            
PL51    353.503061  12312.672012   -250.081922              
VL51  28243.284017  -1738.978830 -53385.212230              
*  2025  4 29 18  6   0.00000000                            
PL51    691.417085  12270.430319   -889.992368              
VL51  28051.296670  -5298.752422 -53239.229831              
*  2025  4 29 18  8   0.00000000                            
PL51   1026.150244  12185.589369  -1527.169759              
VL51  27713.347404  -8836.675621 -52929.842005              
*  2025  4 29 18 10   0.00000000                            
PL51   1355.959777  12058.489586  -2159.659210              
VL51  27231.008837 -12339.733285 -52458.126414              
*  2025  4 29 18 12   0.00000000                            
PL51   1679.125696  11889.626708  -2785.521665              
VL51  26606.502361 -15795.062763 -51825.642514              
*  2025  4 29 18 14   0.00000000                            
PL51   1993.958512  11679.649675  -3402.839643              
VL51  25842.687541 -19190.001208 -51034.425371              
*  2025  4 29 18 16   0.00000000                            
PL51   2298.806815  11429.357947  -4009.722902              
VL51  24943.048985 -22512.131890 -50086.978241              
*  2025  4 29 18 18   0.00000000                            
PL51   2592.064684  11139.698285  -4604.314002              
VL51  23911.680742 -25749.329376 -48986.263939              
*  2025  4 29 18 20   0.00000000                            
PL51   2872.178892  10811.760984  -5184.793769              
VL51  22753.268317 -28889.803419 -47735.695058              
*  2025  4 29 18 22   0.00000000                            
PL51   3137.655891  10446.775600  -5749.386624              
VL51  21473.068377 -31922.141425 -46339.123054              
*  2025  4 29 18 24   0.00000000                            
PL51   3387.068525  10046.106169  -6296.365778              
VL51  20076.886248 -34835.349367 -44800.826272              
*  2025  4 29 18 26   0.00000000                            
PL51   3619.062473   9611.245944  -6824.058281              
VL51  18571.051297 -37618.891021 -43125.496933              
*  2025  4 29 18 28   0.00000000                            
PL51   3832.362378   9143.811681  -7330.849902              
VL51  16962.390301 -40262.725408 -41318.227145              
*  2025  4 29 18 30   0.00000000                            
PL51   4025.777648   8645.537476  -7815.189840              
VL51  15258.198920 -42757.342341 -39384.493983              
*  2025  4 29 18 32   0.00000000                            
PL51   4198.207900   8118.268195  -8275.595252              
VL51  13466.211377 -45093.795979 -37330.143688              
*  2025  4 29 18 34   0.00000000                            
PL51   4348.648035   7563.952506  -8710.655581              
VL51  11594.568465 -47263.736308 -35161.375025              
*  2025  4 29 18 36   0.00000000                            
PL51   4476.192917   6984.635560  -9119.036683              
VL51   9651.783997 -49259.438471 -32884.721857              
*  2025  4 29 18 38   0.00000000                            
PL51   4580.041636   6382.451313  -9499.484741              
VL51   7646.709826 -51073.829854 -30507.034964              
*  2025  4 29 18 40   0.00000000                            
PL51   4659.501356   5759.614559  -9850.829955              
VL51   5588.499544 -52700.514913 -28035.463157              
*  2025  4 29 18 42   0.00000000                            
PL51   4713.990705   5118.412658 -10171.990002              
VL51   3486.570989 -54133.797634 -25477.433717              
*  2025  4 29 18 44   0.00000000                            
PL51   4743.042718   4461.197026 -10461.973254              
VL51   1350.567683 -55368.701611 -22840.632208              
*  2025  4 29 18 46   0.00000000                            
PL51   4746.307311   3790.374388 -10719.881759              
VL51   -809.680675 -56400.987683 -20132.981676              
*  2025  4 29 18 48   0.00000000                            
PL51   4723.553271   3108.397839 -10944.913959              
VL51  -2984.198539 -57227.169077 -17362.621290              
*  2025  4 29 18 50   0.00000000                            
PL51   4674.669762   2417.757736 -11136.367151              
VL51  -5162.905542 -57844.524055 -14537.884434              
*  2025  4 29 18 52   0.00000000                            
PL51   4599.667334   1720.972455 -11293.639689              
VL51  -7335.658088 -58251.105991 -11667.276286              
*  2025  4 29 18 54   0.00000000                            
PL51   4498.678428   1020.579043 -11416.232905              
VL51  -9492.291393 -58445.750878  -8759.450912              
*  2025  4 29 18 56   0.00000000                            
PL51   4371.957380    319.123791 -11503.752755              
VL51 -11622.661824 -58428.082228  -5823.187880              
*  2025  4 29 18 58   0.00000000                            
PL51   4219.879909   -380.847226 -11555.911186              
VL51 -13716.689434 -58198.513330  -2867.368440              
*  2025  4 29 19  0   0.00000000                            
PL51   4042.942099  -1076.797635 -11572.527207              
VL51 -15764.400528 -57758.246860     99.048726              
*  2025  4 29 19  2   0.00000000                            
PL51   3841.758867  -1766.210215 -11553.527674              
VL51 -17755.970150 -57109.271798   3067.052152              
*  2025  4 29 19  4   0.00000000                            
PL51   3617.061927  -2446.596301 -11498.947773              
VL51 -19681.764330 -56254.357652   6027.602611              
*  2025  4 29 19  6   0.00000000                            
PL51   3369.697245  -3115.505108 -11408.931199              
VL51 -21532.381958 -55197.045961   8971.658486              
*  2025  4 29 19  8   0.00000000                            
PL51   3100.621996  -3770.532925 -11283.730033              
VL51 -23298.696134 -53941.639055  11890.201455              
*  2025  4 29 19 10   0.00000000                            
PL51   2810.901027  -4409.332165 -11123.704307              
VL51 -24971.894843 -52493.186077  14774.262462              
*  2025  4 29 19 12   0.00000000                            
PL51   2501.702843  -5029.620230 -10929.321255              
VL51 -26543.520793 -50857.466238  17614.947917              
*  2025  4 29 19 14   0.00000000                            
PL51   2174.295112  -5629.188155 -10701.154248              
VL51 -28005.510255 -49040.969322  20403.466102              
*  2025  4 29 19 16   0.00000000                            
PL51   1830.039716  -6205.909010 -10439.881415              
VL51 -29350.230746 -47050.873435  23131.153700              
*  2025  4 29 19 18   0.00000000                            
PL51   1470.387358  -6757.746003 -10146.283942              
VL51 -30570.517367 -44895.020016  25789.502410              
*  2025  4 29 19 20   0.00000000                            
PL51   1096.871738  -7282.760288  -9821.244050              
VL51 -31659.707641 -42581.886136  28370.185559              
*  2025  4 29 19 22   0.00000000                            
PL51    711.103325  -7779.118402  -9465.742658              
VL51 -32611.674659 -40120.554124  30865.084661              
*  2025  4 29 19 24   0.00000000                            
PL51    314.762742  -8245.099341  -9080.856726              
VL51 -33420.858365 -37520.678555  33266.315808              
*  2025  4 29 19 26   0.00000000                            
PL51    -90.406220  -8679.101211  -8667.756282              
VL51 -34082.294807 -34792.450674  35566.255825              
*  2025  4 29 19 28   0.00000000                            
PL51   -502.603911  -9079.647446  -8227.701139              
VL51 -34591.643151 -31946.560327  37757.568087              
*  2025  4 29 19 30   0.00000000                            
PL51   -919.982456  -9445.392545  -7762.037302              
VL51 -34945.210320 -28994.155484  39833.227865              
*  2025  4 29 19 32   0.00000000                            
PL51  -1340.653662  -9775.127323  -7272.193079              
VL51 -35139.973053 -25946.799486  41786.547125              
*  2025  4 29 19 34   0.00000000                            
PL51  -1762.697174 -10067.783620  -6759.674892              
VL51 -35173.597245 -22816.426116  43611.198626              
*  2025  4 29 19 36   0.00000000                            
PL51  -2184.168844 -10322.438472  -6226.062808              
VL51 -35044.454396 -19615.292674  45301.239212              
*  2025  4 29 19 38   0.00000000                            
PL51  -2603.109287 -10538.317701  -5673.005795              
VL51 -34751.635039 -16355.931195  46851.132167              
*  2025  4 29 19 40   0.00000000                            
PL51  -3017.552571 -10714.798910  -5102.216719              
VL51 -34294.958992 -13051.098018  48255.768497              
*  2025  4 29 19 42   0.00000000                            
PL51  -3425.535011 -10851.413865  -4515.467081              
VL51 -33674.982341  -9713.721890  49510.487021              
*  2025  4 29 19 44   0.00000000                            
PL51  -3825.104037 -10947.850246  -3914.581540              
VL51 -32893.001030  -6356.850841  50611.093129              
*  2025  4 29 19 46   0.00000000                            
PL51  -4214.327070 -11003.952756  -3301.432200              
VL51 -31951.050980  -2993.598065  51553.876087              
*  2025  4 29 19 48   0.00000000                            
PL51  -4591.300384 -11019.723572  -2677.932714              
VL51 -30851.904676    362.912944  52335.624762              
*  2025  4 29 19 50   0.00000000                            
PL51  -4954.157914 -10995.322139  -2046.032197              
VL51 -29599.064170   3699.603722  52953.641643              
*  2025  4 29 19 52   0.00000000                            
PL51  -5301.079941 -10931.064296  -1407.708994              
VL51 -28196.750485   7003.496355  53405.755062              
*  2025  4 29 19 54   0.00000000                            
PL51  -5630.301647 -10827.420735   -764.964298              
VL51 -26649.889427  10261.768898  53690.329500              
*  2025  4 29 19 56   0.00000000                            
PL51  -5940.121462 -10685.014802   -119.815672              
VL51 -24964.093830  13461.810385  53806.273891              
*  2025  4 29 19 58   0.00000000                            
PL51  -6228.909190 -10504.619635    525.709528              
VL51 -23145.642285  16591.275134  53753.047854              
*  2025  4 29 20  0   0.00000000                            
PL51  -6495.113849 -10287.154664   1169.580786              
VL51 -21201.454452  19638.136050  53530.665780              
*  2025  4 29 20  2   0.00000000                            
PL51  -6737.271202 -10033.681468   1809.771101              
VL51 -19139.063042  22590.736600  53139.698734              
*  2025  4 29 20  4   0.00000000                            
PL51  -6954.010929  -9745.399032   2444.263661              
VL51 -16966.582609  25437.841188  52581.274134              
*  2025  4 29 20  6   0.00000000                            
PL51  -7144.063405  -9423.638398   3071.058511              
VL51 -14692.675306  28168.683623  51857.073192              
*  2025  4 29 20  8   0.00000000                            
PL51  -7306.266051  -9069.856752   3688.179170              
VL51 -12326.513786  30773.013417  50969.326124              
*  2025  4 29 20 10   0.00000000                            
PL51  -7439.569229  -8685.630972   4293.679181              
VL51  -9877.741431  33241.139634  49920.805132              
*  2025  4 29 20 12   0.00000000                            
PL51  -7543.041631  -8272.650663   4885.648558              
VL51  -7356.430139  35563.972061  48714.815211              
*  2025  4 29 20 14   0.00000000                            
PL51  -7615.875166  -7832.710714   5462.220118              
VL51  -4773.035891  37733.059458  47355.182801              
*  2025  4 29 20 16   0.00000000                            
PL51  -7657.389287  -7367.703421   6021.575658              
VL51  -2138.352339  39740.624693  45846.242381              
*  2025  4 29 20 18   0.00000000                            
PL51  -7667.034755  -6879.610196   6561.951958              
VL51    536.537312  41579.596569  44192.821041              
*  2025  4 29 20 20   0.00000000                            
PL51  -7644.396823  -6370.492928   7081.646598              
VL51   3240.309882  43243.638190  42400.221157              
*  2025  4 29 20 22   0.00000000                            
PL51  -7589.197805  -5842.485019   7579.023539              
VL51   5961.452967  44727.171719  40474.201247              
*  2025  4 29 20 24   0.00000000                            
PL51  -7501.299045  -5297.782140   8052.518479              
VL51   8688.316592  46025.399438  38420.955125              
*  2025  4 29 20 26   0.00000000                            
PL51  -7380.702248  -4738.632769   8500.643942              
VL51  11409.165486  47134.321007  36247.089477              
*  2025  4 29 20 28   0.00000000                            
PL51  -7227.550192  -4167.328533   8921.994093              
VL51  14112.231710  48050.746893  33959.599980              
*  2025  4 29 20 30   0.00000000                            
PL51  -7042.126803  -3586.194418   9315.249250              
VL51  16785.767347  48772.307910  31565.846094              
*  2025  4 29 20 32   0.00000000                            
PL51  -6824.856600  -2997.578890   9679.180098              
VL51  19418.097018  49297.460891  29073.524661              
*  2025  4 29 20 34   0.00000000                            
PL51  -6576.303508  -2403.843966  10012.651571              
VL51  21997.669930  49625.490491  26490.642444              
*  2025  4 29 20 36   0.00000000                            
PL51  -6297.169061  -1807.355285  10314.626403              
VL51  24513.111225  49756.507166  23825.487746              
*  2025  4 29 20 38   0.00000000                            
PL51  -5988.289979  -1210.472238  10584.168330              
VL51  26953.272370  49691.441400  21086.601245              
*  2025  4 29 20 40   0.00000000                            
PL51  -5650.635161   -615.538170  10820.444942              
VL51  29307.280370  49432.034238  18282.746177              
*  2025  4 29 20 42   0.00000000                            
PL51  -5285.302092    -24.870738  11022.730173              
VL51  31564.585568  48980.824252  15422.878012              
*  2025  4 29 20 44   0.00000000                            
PL51  -4893.512676    559.247571  11190.406422              
VL51  33715.007841  48341.131046  12516.113743              
*  2025  4 29 20 46   0.00000000                            
PL51  -4476.608542   1134.578692  11322.966304              
VL51  35748.780988  47517.035436   9571.700917              
*  2025  4 29 20 48   0.00000000                            
PL51  -4036.045815   1698.937985  11420.014036              
VL51  37656.595136  46513.356444   6598.986520              
*  2025  4 29 20 50   0.00000000                            
PL51  -3573.389400   2250.202939  11481.266438              
VL51  39429.636998  45335.625270   3607.385832              
*  2025  4 29 20 52   0.00000000                            
PL51  -3090.306788   2786.321546  11506.553568              
VL51  41059.627825  43990.056397    606.351364              
*  2025  4 29 20 54   0.00000000                            
PL51  -2588.561432   3305.320316  11495.818982              
VL51  42538.858910  42483.516000  -2394.658019              
*  2025  4 29 20 56   0.00000000                            
PL51  -2070.005702   3805.311894  11449.119628              
VL51  43860.224513  40823.487844  -5386.207695              
*  2025  4 29 20 58   0.00000000                            
PL51  -1536.573465   4284.502253  11366.625374              
VL51  45017.252104  39018.036856  -8358.917489              
*  2025  4 29 21  0   0.00000000                            
PL51   -990.272324   4741.197442  11248.618173              
VL51  46004.129804  37075.770561 -11303.491397              
*  2025  4 29 21  2   0.00000000                            
PL51   -433.175532   5173.809854  11095.490879              
VL51  46815.730959  35005.798594 -14210.746754              
*  2025  4 29 21  4   0.00000000                            
PL51    132.586355   5580.863999  10907.745715              
VL51  47447.635756  32817.690467 -17071.642747              
*  2025  4 29 21  6   0.00000000                            
PL51    704.834082   5961.001765  10685.992405              
VL51  47896.149842  30521.431819 -19877.308213              
*  2025  4 29 21  8   0.00000000                            
PL51   1281.348492   6312.987136  10430.945972              
VL51  48158.319870  28127.379331 -22619.068652              
*  2025  4 29 21 10   0.00000000                            
PL51   1859.879498   6635.710374  10143.424220              
VL51  48231.945963  25646.214524 -25288.472379              
*  2025  4 29 21 12   0.00000000                            
PL51   2438.155184   6928.191634   9824.344914              
VL51  48115.591051  23088.896635 -27877.315770              
*  2025  4 29 21 14   0.00000000                            
PL51   3013.890999   7189.584006   9474.722650              
VL51  47808.587066  20466.614767 -30377.667528              
*  2025  4 29 21 16   0.00000000                            
PL51   3584.799005   7419.175989   9095.665447              
VL51  47311.037998  17790.739535 -32781.891926              
*  2025  4 29 21 18   0.00000000                            
PL51   4148.597146   7616.393376   8688.371071              
VL51  46623.819816  15072.774377 -35082.670966              
*  2025  4 29 21 20   0.00000000                            
PL51   4703.018495   7780.800553   8254.123090              
VL51  45748.577259  12324.306766 -37273.025405              
*  2025  4 29 21 22   0.00000000                            
PL51   5245.820444   7912.101215   7794.286692              
VL51  44687.717545   9556.959475 -39346.334595              
*  2025  4 29 21 24   0.00000000                            
PL51   5774.793802   8010.138501   7310.304266              
VL51  43444.401021   6782.342136 -41296.355103              
*  2025  4 29 21 26   0.00000000                            
PL51   6287.771760   8074.894548   6803.690772              
VL51  42022.528813   4012.003247 -43117.238046              
*  2025  4 29 21 28   0.00000000                            
PL51   6782.638693   8106.489468   6276.028910              
VL51  40426.727547   1257.382838 -44803.545124              
*  2025  4 29 21 30   0.00000000                            
PL51   7257.338758   8105.179772   5728.964100              
VL51  38662.331200  -1470.234026 -46350.263287              
*  2025  4 29 21 32   0.00000000                            
PL51   7709.884263   8071.356232   5164.199302              
VL51  36735.360181  -4159.762714 -47752.818027              
*  2025  4 29 21 34   0.00000000                            
PL51   8138.363760   8005.541213   4583.489675              
VL51  34652.497748  -6800.363309 -49007.085256              
*  2025  4 29 21 36   0.00000000                            
PL51   8540.949848   7908.385474   3988.637116              
VL51  32421.063857  -9381.483511 -50109.401748              
*  2025  4 29 21 38   0.00000000                            
PL51   8915.906647   7780.664469   3381.484668              
VL51  30048.986573 -11892.900013 -51056.574142              
*  2025  4 29 21 40   0.00000000                            
PL51   9261.596906   7623.274158   2763.910836              
VL51  27544.771167 -14324.758201 -51845.886474              
*  2025  4 29 21 42   0.00000000                            
PL51   9576.488736   7437.226355   2137.823822              
VL51  24917.467043 -16667.610018 -52475.106260              
*  2025  4 29 21 44   0.00000000                            
PL51   9859.161933   7223.643628   1505.155692              
VL51  22176.632634 -18912.449870 -52942.489103              
*  2025  4 29 21 46   0.00000000                            
PL51  10108.313864   6983.753790    867.856502              
VL51  19332.298409 -21050.748448 -53246.781839              
*  2025  4 29 21 48   0.00000000                            
PL51  10322.764899   6718.883987    227.888388              
VL51  16394.928176 -23074.484339 -53387.224237              
*  2025  4 29 21 50   0.00000000                            
PL51  10501.463377   6430.454429   -412.780352              
VL51  13375.378830 -24976.173341 -53363.549264              
*  2025  4 29 21 52   0.00000000                            
PL51  10643.490066   6119.971774  -1052.181168              
VL51  10284.858706 -26748.895369 -53175.981937              
*  2025  4 29 21 54   0.00000000                            
PL51  10748.062133   5789.022217  -1688.351151              
VL51   7134.884728 -28386.318894 -52825.236795              
*  2025  4 29 21 56   0.00000000                            
PL51  10814.536578   5439.264286  -2319.338886              
VL51   3937.238501 -29882.722833 -52312.514014              
*  2025  4 29 21 58   0.00000000                            
PL51  10842.413147   5072.421402  -2943.210246              
VL51    703.921531 -31233.015847 -51639.494205              
*  2025  4 29 22  0   0.00000000                            
PL51  10831.336694   4690.274221  -3558.054124              
VL51  -2552.890266 -32432.752991 -50808.331930              
*  2025  4 29 22  2   0.00000000                            
PL51  10781.099002   4294.652787  -4161.988074              
VL51  -5820.892584 -33478.149690 -49821.647965              
*  2025  4 29 22  4   0.00000000                            
PL51  10691.640044   3887.428538  -4753.163852              
VL51  -9087.699133 -34366.093014 -48682.520375              
*  2025  4 29 22  6   0.00000000                            
PL51  10563.048688   3470.506197  -5329.772842              
VL51 -12340.888228 -35094.150245 -47394.474409              
*  2025  4 29 22  8   0.00000000                            
PL51  10395.562839   3045.815562  -5890.051363              
VL51 -15568.049437 -35660.574719 -45961.471297              
*  2025  4 29 22 10   0.00000000                            
PL51  10189.569029   2615.303264  -6432.285820              
VL51 -18756.830086 -36064.308969 -44387.895968              
*  2025  4 29 22 12   0.00000000                            
PL51   9945.601445   2180.924480  -6954.817716              
VL51 -21894.981494 -36304.985168 -42678.543759              
*  2025  4 29 22 14   0.00000000                            
PL51   9664.340402   1744.634674  -7456.048489              
VL51 -24970.404771 -36382.922922 -40838.606161              
*  2025  4 29 22 16   0.00000000                            
PL51   9346.610280   1308.381374  -7934.444175              
VL51 -27971.196042 -36299.124431 -38873.655646              
*  2025  4 29 22 18   0.00000000                            
PL51   8993.376910    874.096022  -8388.539887              
VL51 -30885.690947 -36055.267074 -36789.629641              
*  2025  4 29 22 20   0.00000000                            
PL51   8605.744440    443.685927  -8816.944093              
VL51 -33702.508317 -35653.693478 -34592.813675              
*  2025  4 29 22 22   0.00000000                            
PL51   8184.951679     19.026358  -9218.342688              
VL51 -36410.592855 -35097.399106 -32289.823762              
*  2025  4 29 22 24   0.00000000                            
PL51   7732.367936   -398.047207  -9591.502851              
VL51 -38999.256739 -34390.017452 -29887.588048              
*  2025  4 29 22 26   0.00000000                            
PL51   7249.488367   -805.746636  -9935.276677              
VL51 -41458.220019 -33535.802896 -27393.327768              
*  2025  4 29 22 28   0.00000000                            
PL51   6737.928843  -1202.338478 -10248.604574              
VL51 -43777.649695 -32539.611292 -24814.537544              
*  2025  4 29 22 30   0.00000000                            
PL51   6199.420359  -1586.151054 -10530.518428              
VL51 -45948.197364 -31406.878366 -22158.965054              
*  2025  4 29 22 32   0.00000000                            
PL51   5635.803006  -1955.581276 -10780.144507              
VL51 -47961.035341 -30143.596000 -19434.590117              
*  2025  4 29 22 34   0.00000000                            
PL51   5049.019505  -2309.101168 -10996.706127              
VL51 -49807.891144 -28756.286486 -16649.603210              
*  2025  4 29 22 36   0.00000000                            
PL51   4441.108354  -2645.264065 -11179.526040              
VL51 -51481.080248 -27251.974830 -13812.383445              
*  2025  4 29 22 38   0.00000000                            
PL51   3814.196582  -2962.710474 -11328.028569              
VL51 -52973.537011 -25638.159196 -10931.476038              
*  2025  4 29 22 40   0.00000000                            
PL51   3170.492143  -3260.173560 -11441.741460              
VL51 -54278.843673 -23922.779581  -8015.569277              
*  2025  4 29 22 42   0.00000000                            
PL51   2512.275985  -3536.484257 -11520.297461              
VL51 -55391.257325 -22114.184806  -5073.471021              
*  2025  4 29 22 44   0.00000000                            
PL51   1841.893795  -3790.575966 -11563.435611              
VL51 -56305.734768 -20221.097924  -2114.084760              
*  2025  4 29 22 46   0.00000000                            
PL51   1161.747465  -4021.488828 -11571.002243              
VL51 -57017.955137 -18252.580140    853.614768              
*  2025  4 29 22 48   0.00000000                            
PL51    474.286302  -4228.373562 -11542.951692              
VL51 -57524.340214 -16217.993351   3820.606341              
*  2025  4 29 22 50   0.00000000                            
PL51   -218.001997  -4410.494842 -11479.346700              
VL51 -57822.072323 -14126.961403   6777.847390              
*  2025  4 29 22 52   0.00000000                            
PL51   -912.600563  -4567.234199 -11380.358521              
VL51 -57909.109721 -11989.330200   9716.299472              
*  2025  4 29 22 54   0.00000000                            
PL51  -1606.972745  -4698.092444 -11246.266716              
VL51 -57784.199386  -9815.126759  12626.954041              
*  2025  4 29 22 56   0.00000000                            
PL51  -2298.571644  -4802.691589 -11077.458640              
VL51 -57446.887111  -7614.517352  15500.858479              
*  2025  4 29 22 58   0.00000000                            
PL51  -2984.849739  -4880.776265 -10874.428613              
VL51 -56897.524824  -5397.764861  18329.142351              
*  2025  4 29 23  0   0.00000000                            
PL51  -3663.268593  -4932.214621 -10637.776775              
VL51 -56137.275038  -3175.185478  21103.043836              
*  2025  4 29 23  2   0.00000000                            
PL51  -4331.308591  -4956.998702 -10368.207622              
VL51 -55168.112350   -957.104896  23813.936273              
*  2025  4 29 23  4   0.00000000                            
PL51  -4986.478681  -4955.244294 -10066.528228              
VL51 -53992.821898   1246.185855  26453.354776              
*  2025  4 29 23  6   0.00000000                            
PL51  -5626.326074  -4927.190251  -9733.646140              
VL51 -52614.994721   3424.474777  29013.022833              
*  2025  4 29 23  8   0.00000000                            
PL51  -6248.445869  -4873.197270  -9370.566962              
VL51 -51039.019931   5567.673299  31484.878826              
*  2025  4 29 23 10   0.00000000                            
PL51  -6850.490572  -4793.746152  -8978.391614              
VL51 -49270.073659   7665.860531  33861.102366              
*  2025  4 29 23 12   0.00000000                            
PL51  -7430.179454  -4689.435521  -8558.313286              
VL51 -47314.104712   9709.327188  36134.140372              
*  2025  4 29 23 14   0.00000000                            
PL51  -7985.307720  -4560.979027  -8111.614070              
VL51 -45177.816937  11688.618991  38296.732769              
*  2025  4 29 23 16   0.00000000                            
PL51  -8513.755449  -4409.202025  -7639.661294              
VL51 -42868.648244  13594.579352  40341.937712              
*  2025  4 29 23 18   0.00000000                            
PL51  -9013.496261  -4235.037757  -7143.903558              
VL51 -40394.746326  15418.391125  42263.156213              
*  2025  4 29 23 20   0.00000000                            
PL51  -9482.605667  -4039.523027  -6625.866470              
VL51 -37764.941065  17151.617242  44054.156058              
*  2025  4 29 23 22   0.00000000                            
PL51  -9919.269081  -3823.793408  -6087.148109              
VL51 -34988.713688  18786.239982  45709.094878              
*  2025  4 29 23 24   0.00000000                            
PL51 -10321.789429  -3589.077981  -5529.414213              
VL51 -32076.162723  20314.698701  47222.542254              
*  2025  4 29 23 26   0.00000000                            
PL51 -10688.594340  -3336.693629  -4954.393107              
VL51 -29037.966850  21729.925775  48589.500726              
*  2025  4 29 23 28   0.00000000                            
PL51 -11018.242867  -3068.038919  -4363.870388              
VL51 -25885.344749  23025.380572  49805.425568              
*  2025  4 29 23 30   0.00000000                            
PL51 -11309.431715  -2784.587585  -3759.683382              
VL51 -22630.012081  24195.081215  50866.243208              
*  2025  4 29 23 32   0.00000000                            
PL51 -11561.000931  -2487.881639  -3143.715383              
VL51 -19284.135762  25233.633971  51768.368155              
*  2025  4 29 23 34   0.00000000                            
PL51 -11771.939034  -2179.524158  -2517.889708              
VL51 -15860.285711  26136.260035  52508.718315              
*  2025  4 29 23 36   0.00000000                            
PL51 -11941.387545  -1861.171750  -1884.163567              
VL51 -12371.384275  26898.819554  53084.728582              
*  2025  4 29 23 38   0.00000000                            
PL51 -12068.644908  -1534.526762  -1244.521792              
VL51  -8830.653574  27517.832707  53494.362583              
*  2025  4 29 23 40   0.00000000                            
PL51 -12153.169759  -1201.329249   -600.970427              
VL51  -5251.561001  27990.497691  53736.122491              
*  2025  4 29 23 42   0.00000000                            
PL51 -12194.583534   -863.348741     44.469780              
VL51  -1647.763168  28314.705475  53809.056806              
*  2025  4 29 23 44   0.00000000                            
PL51 -12192.672398   -522.375862    689.769970              
VL51   1966.951426  28489.051210  53712.766048              
*  2025  4 29 23 46   0.00000000                            
PL51 -12147.388478   -180.213829   1332.899823              
VL51   5578.720698  28512.842198  53447.406287              
*  2025  4 29 23 48   0.00000000                            
PL51 -12058.850394    161.330128   1971.834232              
VL51   9173.667937  28386.102347  53013.690484              
*  2025  4 29 23 50   0.00000000                            
PL51 -11927.343076    500.453370   2604.559982              
VL51  12737.961107  28109.573065  52412.887593              
*  2025  4 29 23 52   0.00000000                            
PL51 -11753.316876    835.366449   3229.082409              
VL51  16257.872151  27684.710571  51646.819438              
*  2025  4 29 23 54   0.00000000                            
PL51 -11537.385961   1164.301650   3843.432003              
VL51  19719.835985  27113.679612  50717.855341              
*  2025  4 29 23 56   0.00000000                            
PL51 -11280.326011   1485.521441   4445.670930              
VL51  23110.508836  26399.343624  49628.904538              
*  2025  4 29 23 58   0.00000000                            
PL51 -10983.071215   1797.326775   5033.899463              
VL51  26416.825616  25545.251380  48383.406420              
*  2025  4 30  0  0   0.00000000                            
PL51 -10646.710629   2098.065023   5606.262269              
VL51  29626.055539  24555.620748  46985.318639              
*  2025  4 30  0  2   0.00000000                            
PL51 -10272.483635   2386.138875   6160.954545              
VL51  32725.858912  23435.315785  45439.103162              
*  2025  4 30  0  4   0.00000000                            
PL51  -9861.775344   2660.011982   6696.227983              
VL51  35704.335119  22189.828942  43749.710345              
*  2025  4 30  0  6   0.00000000                            
PL51  -9416.110595   2918.218309   7210.396519              
VL51  38550.077689  20825.249053  41922.561127              
*  2025  4 30  0  8   0.00000000                            
PL51  -8937.147955   3159.368138   7701.841866              
VL51  41252.220013  19348.234764  39963.527445              
*  2025  4 30  0 10   0.00000000                            
PL51  -8426.672919   3382.154909   8169.018803              
VL51  43800.481191  17765.981860  37878.910977              
*  2025  4 30  0 12   0.00000000                            
PL51  -7886.590626   3585.361464   8610.460192              
VL51  46185.208560  16086.188586  35675.420335              
*  2025  4 30  0 14   0.00000000                            
PL51  -7318.918078   3767.865856   9024.781722              
VL51  48397.417164  14317.018610  33360.146828              
*  2025  4 30  0 16   0.00000000                            
PL51  -6725.775907   3928.646696   9410.686345              
VL51  50428.826003  12467.061827  30940.538926              
*  2025  4 30  0 18   0.00000000                            
PL51  -6109.379727   4066.788030   9766.968404              
VL51  52271.890895  10545.293244  28424.375548              
*  2025  4 30  0 20   0.00000000                            
PL51  -5472.031114   4181.483699  10092.517436              
VL51  53919.833837   8561.030155  25819.738327              
*  2025  4 30  0 22   0.00000000                            
PL51  -4816.108250   4272.041186  10386.321629              
VL51  55366.668743   6523.887861  23134.982972              
*  2025  4 30  0 24   0.00000000                            
PL51  -4144.056290   4337.884917  10647.470938              
VL51  56607.223499   4443.734165  20378.709892              
*  2025  4 30  0 26   0.00000000                            
PL51  -3458.377475   4378.559016  10875.159841              
VL51  57637.158261   2330.642888  17559.734208              
*  2025  4 30  0 28   0.00000000                            
PL51  -2761.621054   4393.729493  11068.689735              
VL51  58452.979978    194.846647  14687.055295              
*  2025  4 30  0 30   0.00000000                            
PL51  -2056.373060   4383.185863  11227.470959              
VL51  59052.053142  -1953.310870  11769.825990              
*  2025  4 30  0 32   0.00000000                            
PL51  -1345.245968   4346.842193  11351.024454              
VL51  59432.606758  -4103.422887   8817.321587              
*  2025  4 30  0 34   0.00000000                            
PL51   -630.868300   4284.737568  11438.983043              
VL51  59593.737593  -6245.067570   5838.908742              
*  2025  4 30  0 36   0.00000000                            
PL51     84.125789   4197.035988  11491.092342              
VL51  59535.409733  -8367.855874   2844.014388              
*  2025  4 30  0 38   0.00000000                            
PL51    797.106899   4084.025685  11507.211295              
VL51  59258.450514 -10461.478988   -157.905234              
*  2025  4 30  0 40   0.00000000                            
PL51   1505.460699   3946.117883  11487.312345              
VL51  58764.542897 -12515.755184  -3157.395324              
*  2025  4 30  0 42   0.00000000                            
PL51   2206.598138   3783.844992  11431.481231              
VL51  58056.214371 -14520.675848  -6145.032962              
*  2025  4 30  0 44   0.00000000                            
PL51   2897.965486   3597.858262  11339.916426              
VL51  57136.822468 -16466.450526  -9111.457154              
*  2025  4 30  0 46   0.00000000                            
PL51   3577.054201   3388.924899  11212.928213              
VL51  56010.537014 -18343.550770 -12047.398386              
*  2025  4 30  0 48   0.00000000                            
PL51   4241.410546   3157.924664  11050.937417              
VL51  54682.319199 -20142.752629 -14943.707615              
*  2025  4 30  0 50   0.00000000                            
PL51   4888.644951   2905.845976  10854.473786              
VL51  53157.897620 -21855.177597 -17791.384612              
*  2025  4 30  0 52   0.00000000                            
PL51   5516.441059   2633.781522  10624.174041              
VL51  51443.741407 -23472.331867 -20581.605578              
*  2025  4 30  0 54   0.00000000                            
PL51   6122.564439   2342.923423  10360.779592              
VL51  49547.030584 -24986.143733 -23305.749976              
*  2025  4 30  0 56   0.00000000                            
PL51   6704.870926   2034.557947  10065.133949              
VL51  47475.623806 -26388.998997 -25955.426493              
*  2025  4 30  0 58   0.00000000                            
PL51   7261.314559   1710.059820   9738.179815              
VL51  45238.023635 -27673.774252 -28522.498081              
*  2025  4 30  1  0   0.00000000                            
PL51   7789.955084   1370.886149   9380.955891              
VL51  42843.339507 -28833.867909 -30999.106012              
*  2025  4 30  1  2   0.00000000                            
PL51   8288.965011   1018.569983   8994.593399              
VL51  40301.248566 -29863.228852 -33377.692879              
*  2025  4 30  1  4   0.00000000                            
PL51   8756.636175    654.713550   8580.312329              
VL51  37621.954529 -30756.382638 -35651.024510              
*  2025  4 30  1  6   0.00000000                            
PL51   9191.385800    280.981193   8139.417440              
VL51  34816.144773 -31508.455117 -37812.210707              
*  2025  4 30  1  8   0.00000000                            
PL51   9591.762042   -100.907964   7673.294010              
VL51  31894.945818 -32115.193416 -39854.724799              
*  2025  4 30  1 10   0.00000000                            
PL51   9956.448977   -489.187584   7183.403364              
VL51  28869.877408 -32572.984206 -41772.421928              
*  2025  4 30  1 12   0.00000000                            
PL51  10284.271047   -882.051885   6671.278188              
VL51  25752.805367 -32878.869196 -43559.556056              
*  2025  4 30  1 14   0.00000000                            
PL51  10574.196915  -1277.663580   6138.517651              
VL51  22555.893447 -33030.557805 -45210.795637              
*  2025  4 30  1 16   0.00000000                            
PL51  10825.342755  -1674.161953   5586.782337              
VL51  19291.554343 -33026.436980 -46721.237930              
*  2025  4 30  1 18   0.00000000                            
PL51  11036.974939  -2069.671032   5017.789030              
VL51  15972.400092 -32865.578137 -48086.421922              
*  2025  4 30  1 20   0.00000000                            
PL51  11208.512130  -2462.307832   4433.305332              
VL51  12611.192051 -32547.741209 -49302.339838              
*  2025  4 30  1 22   0.00000000                            
PL51  11339.526769  -2850.190622   3835.144173              
VL51   9220.790647 -32073.375811 -50365.447216              
*  2025  4 30  1 24   0.00000000                            
PL51  11429.745969  -3231.447202   3225.158190              
VL51   5814.105112 -31443.619528 -51272.671534              
*  2025  4 30  1 26   0.00000000                            
PL51  11479.051794  -3604.223126   2605.234021              
VL51   2404.043380 -30660.293351 -52021.419380              
*  2025  4 30  1 28   0.00000000                            
PL51  11487.480947  -3966.689866   1977.286523              
VL51   -996.537627 -29725.894311 -52609.582159              
*  2025  4 30  1 30   0.00000000                            
PL51  11455.223861  -4317.052865   1343.252925              
VL51  -4374.881174 -28643.585335 -53035.540331              
*  2025  4 30  1 32   0.00000000                            
PL51  11382.623208  -4653.559455    705.086942              
VL51  -7718.379128 -27417.182408 -53298.166191              
*  2025  4 30  1 34   0.00000000                            
PL51  11270.171826  -4974.506599     64.752862              
VL51 -11014.619435 -26051.139107 -53396.825200              
*  2025  4 30  1 36   0.00000000                            
PL51  11118.510089  -5278.248444   -575.780373              
VL51 -14251.432504 -24550.528576 -53331.375890              
*  2025  4 30  1 38   0.00000000                            
PL51  10928.422727  -5563.203626  -1214.545071              
VL51 -17416.936300 -22921.023049 -53102.168355              
*  2025  4 30  1 40   0.00000000                            
PL51  10700.835108  -5827.862334  -1849.580680              
VL51 -20499.580015 -21168.871024 -52710.041359              
*  2025  4 30  1 42   0.00000000                            
PL51  10436.809013  -6070.793070  -2478.939624              
VL51 -23488.186149 -19300.872172 -52156.318105              
*  2025  4 30  1 44   0.00000000                            
PL51  10137.537907  -6290.649103  -3100.693085              
VL51 -26371.990870 -17324.350126 -51442.800679              
*  2025  4 30  1 46   0.00000000                            
PL51   9804.341750  -6486.174586  -3712.936709              
VL51 -29140.682520 -15247.123246 -50571.763235              
*  2025  4 30  1 48   0.00000000                            
PL51   9438.661342  -6656.210305  -4313.796225              
VL51 -31784.438159 -13077.473508 -49545.943938              
*  2025  4 30  1 50   0.00000000                            
PL51   9042.052252  -6799.699048  -4901.432959              
VL51 -34293.958028 -10824.113614 -48368.535730              
*  2025  4 30  1 52   0.00000000                            
PL51   8616.178348  -6915.690569  -5474.049229              
VL51 -36660.497841  -8496.152493 -47043.175945              
*  2025  4 30  1 54   0.00000000                            
PL51   8162.804942  -7003.346127  -6029.893611              
VL51 -38875.898813  -6103.059297 -45573.934836              
*  2025  4 30  1 56   0.00000000                            
PL51   7683.791601  -7061.942583  -6567.266059              
VL51 -40932.615357  -3654.626047 -43965.303052              
*  2025  4 30  1 58   0.00000000                            
PL51   7181.084630  -7090.876052  -7084.522870              
VL51 -42823.740369  -1160.929061 -42222.178112              
*  2025  4 30  2  0   0.00000000                            
PL51   6656.709274  -7089.665070  -7580.081482              
VL51 -44543.028058   1367.710696 -40349.849933              
*  2025  4 30  2  2   0.00000000                            
PL51   6112.761657  -7057.953289  -8052.425087              
VL51 -46084.914256   3920.768191 -38353.985449              
*  2025  4 30  2  4   0.00000000                            
PL51   5551.400494  -6995.511683  -8500.107063              
VL51 -47444.534194   6487.555707 -36240.612381              
*  2025  4 30  2  6   0.00000000                            
PL51   4974.838602  -6902.240241  -8921.755203              
VL51 -48617.737688   9057.264883 -34016.102196              
*  2025  4 30  2  8   0.00000000                            
PL51   4385.334248  -6778.169165  -9316.075727              
VL51 -49601.101745  11619.009282 -31687.152292              
*  2025  4 30  2 10   0.00000000                            
PL51   3785.182363  -6623.459548  -9681.857090              
VL51 -50391.940542  14161.867339 -29260.767472              
*  2025  4 30  2 12   0.00000000                            
PL51   3176.705644  -6438.403538 -10017.973553              
VL51 -50988.312794  16674.925566 -26744.240719              
*  2025  4 30  2 14   0.00000000                            
PL51   2562.245593  -6223.423977 -10323.388522              
VL51 -51389.026503  19147.321884 -24145.133322              
*  2025  4 30  2 16   0.00000000                            
PL51   1944.153508  -5979.073530 -10597.157646              
VL51 -51593.641090  21568.288937 -21471.254382              
*  2025  4 30  2 18   0.00000000                            
PL51   1324.781465  -5706.033284 -10838.431667              
VL51 -51602.466912  23927.197267 -18730.639725              
*  2025  4 30  2 20   0.00000000                            
PL51    706.473326  -5405.110837 -11046.459005              
VL51 -51416.562182  26213.598212 -15931.530264              
*  2025  4 30  2 22   0.00000000                            
PL51     91.555795  -5077.237874 -11220.588097              
VL51 -51037.727308  28417.266396 -13082.349825              
*  2025  4 30  2 24   0.00000000                            
PL51   -517.670445  -4723.467237 -11360.269444              
VL51 -50468.496669  30528.241686 -10191.682465              
*  2025  4 30  2 26   0.00000000                            
PL51  -1118.939474  -4344.969487 -11465.057406              
VL51 -49712.127853  32536.870480  -7268.249318              
*  2025  4 30  2 28   0.00000000                            
PL51  -1710.028734  -3943.028990 -11534.611698              
VL51 -48772.588385  34433.846199  -4320.884977              
*  2025  4 30  2 30   0.00000000                            
PL51  -2288.767464  -3519.039508 -11568.698615              
VL51 -47654.539967  36210.248849  -1358.513441              
*  2025  4 30  2 32   0.00000000                            
PL51  -2853.044916  -3074.499331 -11567.191950              
VL51 -46363.320270  37857.583513   1609.876344              
*  2025  4 30  2 34   0.00000000                            
PL51  -3400.818349  -2611.005953 -11530.073630              
VL51 -44904.922306  39367.817651   4575.255341              
*  2025  4 30  2 36   0.00000000                            
PL51  -3930.120754  -2130.250299 -11457.434047              
VL51 -43285.971418  40733.417051   7528.579621              
*  2025  4 30  2 38   0.00000000                            
PL51  -4439.068298  -1634.010545 -11349.472081              
VL51 -41513.699938  41947.380304  10460.815903              
*  2025  4 30  2 40   0.00000000                            
PL51  -4925.867439  -1124.145520 -11206.494818              
VL51 -39595.919551  43003.271652  13362.967384              
*  2025  4 30  2 42   0.00000000                            
PL51  -5388.821702   -602.587734 -11028.916956              
VL51 -37540.991427  43895.252068  16226.099824              
*  2025  4 30  2 44   0.00000000                            
PL51  -5826.338087    -71.336036 -10817.259899              
VL51 -35357.794169  44618.108418  19041.367845              
*  2025  4 30  2 46   0.00000000                            
PL51  -6236.933069    467.552059 -10572.150528              
VL51 -33055.689657  45167.280556  21800.041397              
*  2025  4 30  2 48   0.00000000                            
PL51  -6619.238186   1011.968356 -10294.319660              
VL51 -30644.486849  45538.886204  24493.532332              
*  2025  4 30  2 50   0.00000000                            
PL51  -6972.005177   1559.762255  -9984.600188              
VL51 -28134.403630  45729.743462  27113.421026              
*  2025  4 30  2 52   0.00000000                            
PL51  -7294.110650   2108.749277  -9643.924893              
VL51 -25536.026797  45737.390796  29651.482978              
*  2025  4 30  2 54   0.00000000                            
PL51  -7584.560258   2656.719814  -9273.323949              
VL51 -22860.270284  45560.104360  32099.715306              
*  2025  4 30  2 56   0.00000000                            
PL51  -7842.492372   3201.448073  -8873.922101              
VL51 -20118.331754  45196.912496  34450.363041              
*  2025  4 30  2 58   0.00000000                            
PL51  -8067.181208   3740.701172  -8446.935537              
VL51 -17321.647679  44647.607289  36695.945143              
*  2025  4 30  3  0   0.00000000                            
PL51  -8258.039426   4272.248361  -7993.668448              
VL51 -14481.847063  43912.753023  38829.280097              
*  2025  4 30  3  2   0.00000000                            
PL51  -8414.620150   4793.870324  -7515.509276              
VL51 -11610.703978  42993.691445  40843.511013              
*  2025  4 30  3  4   0.00000000                            
PL51  -8536.618423   5303.368519  -7013.926678              
VL51  -8720.089072  41892.543716  42732.130087              
*  2025  4 30  3  6   0.00000000                            
PL51  -8623.872068   5798.574533  -6490.465191              
VL51  -5821.920261  40612.208954  44489.002307              
*  2025  4 30  3  8   0.00000000                            
PL51  -8676.361958   6277.359383  -5946.740619              
VL51  -2928.112801  39156.359309  46108.388290              
*  2025  4 30  3 10   0.00000000                            
PL51  -8694.211680   6737.642752  -5384.435158              
VL51    -50.528949  37529.431493  47584.966106              
*  2025  4 30  3 12   0.00000000                            
PL51  -8677.686599   7177.402093  -4805.292257              
VL51   2799.072541  35736.614736  48913.851972              
*  2025  4 30  3 14   0.00000000                            
PL51  -8627.192312   7594.681567  -4211.111241              
VL51   5609.086867  33783.835151  50090.619684              
*  2025  4 30  3 16   0.00000000                            
PL51  -8543.272497   7987.600774  -3603.741719              
VL51   8368.113306  31677.736498  51111.318653              
*  2025  4 30  3 18   0.00000000                            
PL51  -8426.606170   8354.363237  -2985.077764              
VL51  11065.004782  29425.657388  51972.490431              
*  2025  4 30  3 20   0.00000000                            
PL51  -8278.004346   8693.264578  -2357.051925              
VL51  13688.916599  27035.604971  52671.183590              
*  2025  4 30  3 22   0.00000000                            
PL51  -8098.406120   9002.700370  -1721.629060              
VL51  16229.354083  24516.225184  53204.966859              
*  2025  4 30  3 24   0.00000000                            
PL51  -7888.874196   9281.173606  -1080.800023              
VL51  18676.218855  21876.769670  53571.940397              
*  2025  4 30  3 26   0.00000000                            
PL51  -7650.589852   9527.301754   -436.575231              
VL51  21019.853488  19127.059489  53770.745103              
*  2025  4 30  3 28   0.00000000                            
PL51  -7384.847397   9739.823355    209.021874              
VL51  23251.084265  16277.445781  53800.569901              
*  2025  4 30  3 30   0.00000000                            
PL51  -7093.048118   9917.604135    853.961431              
VL51  25361.261803  13338.767561  53661.156892              
*  2025  4 30  3 32   0.00000000                            
PL51  -6776.693755  10059.642593   1496.213817              
VL51  27342.299289  10322.306847  53352.804349              
*  2025  4 30  3 34   0.00000000                            
PL51  -6437.379535  10165.075032   2133.756334              
VL51  29186.708093   7239.741349  52876.367484              
*  2025  4 30  3 36   0.00000000                            
PL51  -6076.786795  10233.180019   2764.579879              
VL51  30887.630539   4103.094973  52233.256971              
*  2025  4 30  3 38   0.00000000                            
PL51  -5696.675229  10263.382227   3386.695594              
VL51  32438.869643    924.686399  51425.435228              
*  2025  4 30  3 40   0.00000000                            
PL51  -5298.874794  10255.255656   3998.141451              
VL51  33834.915623  -2282.923976  50455.410442              
*  2025  4 30  3 42   0.00000000                            
PL51  -4885.277325  10208.526211   4596.988755              
VL51  35070.969033  -5506.988441  49326.228397              
*  2025  4 30  3 44   0.00000000                            
PL51  -4457.827888  10123.073618   5181.348538              
VL51  36142.960397  -8734.627414  48041.462131              
*  2025  4 30  3 46   0.00000000                            
PL51  -4018.515923   9998.932666   5749.377805              
VL51  37047.566228 -11952.885629  46605.199486              
*  2025  4 30  3 48   0.00000000                            
PL51  -3569.366209   9836.293780   6299.285639              
VL51  37782.221368 -15148.788746  45022.028638              
*  2025  4 30  3 50   0.00000000                            
PL51  -3112.429714   9635.502907   6829.339097              
VL51  38345.127583 -18309.400098  43297.021664              
*  2025  4 30  3 52   0.00000000                            
PL51  -2649.774357   9397.060725   7337.868917              
VL51  38735.258399 -21421.877255  41435.716267              
*  2025  4 30  3 54   0.00000000                            
PL51  -2183.475737   9121.621175   7823.274981              
VL51  38952.360166 -24473.528119  39444.095740              
*  2025  4 30  3 56   0.00000000                            
PL51  -1715.607872   8809.989325   8284.031540              
VL51  38996.949377 -27451.866251  37328.567300              
*  2025  4 30  3 58   0.00000000                            
PL51  -1248.233989   8463.118572   8718.692157              
VL51  38870.306277 -30344.665155  35095.938902              
*  2025  4 30  4  0   0.00000000                            
PL51   -783.397421   8082.107209   9125.894375              
VL51  38574.464851 -33140.011233  32753.394660              
*  2025  4 30  4  2   0.00000000                            
PL51   -323.112634   7668.194354   9504.364071              
VL51  38112.199248 -35826.355178  30308.469026              
*  2025  4 30  4  4   0.00000000                            
PL51    130.643551   7222.755283   9852.919508              
VL51  37487.006785 -38392.561544  27769.019833              
*  2025  4 30  4  6   0.00000000                            
PL51    575.940522   6747.296177  10170.475041              
VL51  36703.087639 -40827.956280  25143.200378              
*  2025  4 30  4  8   0.00000000                            
PL51   1010.902169   6243.448308  10456.044494              
VL51  35765.321377 -43122.372029  22439.430639              
*  2025  4 30  4 10   0.00000000                            
PL51   1433.714883   5712.961700  10708.744185              
VL51  34679.240486 -45266.190983  19666.367799              
*  2025  4 30  4 12   0.00000000                            
PL51   1842.635218   5157.698293  10927.795591              
VL51  33451.001072 -47250.385149  16832.876179              
*  2025  4 30  4 14   0.00000000                            
PL51   2235.997181   4579.624632  11112.527651              
VL51  32087.350911 -49066.553851  13947.996727              
*  2025  4 30  4 16   0.00000000                            
PL51   2612.219136   3980.804135  11262.378702              
VL51  30595.595042 -50706.958341  11020.916183              
*  2025  4 30  4 18   0.00000000                            
PL51   2969.810266   3363.388951  11376.898038              
VL51  28983.559099 -52164.553404   8060.936037              
*  2025  4 30  4 20   0.00000000                            
PL51   3307.376594   2729.611469  11455.747109              
VL51  27259.550598 -53433.015837   5077.441411              
*  2025  4 30  4 22   0.00000000                            
PL51   3623.626521   2081.775493  11498.700329              
VL51  25432.318371 -54506.769744   2079.869956              
*  2025  4 30  4 24   0.00000000                            
PL51   3917.375872   1422.247145  11505.645525              
VL51  23511.010375 -55381.008551   -922.319099              
*  2025  4 30  4 26   0.00000000                            
PL51   4187.552427    753.445514  11476.584012              
VL51  21505.130083 -56051.713705  -3919.675677              
*  2025  4 30  4 28   0.00000000                            
PL51   4433.199914     77.833106  11411.630296              
VL51  19424.491677 -56515.670016  -6902.789238              
*  2025  4 30  4 30   0.00000000                            
PL51   4653.481470   -602.093876  11311.011424              
VL51  17279.174256 -56770.477607  -9862.318748              
*  2025  4 30  4 32   0.00000000                            
PL51   4847.682535  -1283.815362  11175.065972              
VL51  15079.475266 -56814.560468 -12789.022141              
*  2025  4 30  4 34   0.00000000                            
PL51   5015.213196  -1964.797343  11004.242679              
VL51  12835.863384 -56647.171614 -15673.785179              
*  2025  4 30  4 36   0.00000000                            
PL51   5155.609952  -2642.501832  10799.098749              
VL51  10558.931045 -56268.394842 -18507.649656              
*  2025  4 30  4 38   0.00000000                            
PL51   5268.536918  -3314.396823  10560.297811              
VL51   8259.346836 -55679.143138 -21281.840842              
*  2025  4 30  4 40   0.00000000                            
PL51   5353.786448  -3977.966221  10288.607554              
VL51   5947.807959 -54881.153744 -23987.794120              
*  2025  4 30  4 42   0.00000000                            
PL51   5411.279201  -4630.719681   9984.897055              
VL51   3634.992956 -53876.979955 -26617.180730              
*  2025  4 30  4 44   0.00000000                            
PL51   5441.063630  -5270.202341   9650.133794              
VL51   1331.514917 -52669.979683 -29161.932562              
*  2025  4 30  4 46   0.00000000                            
PL51   5443.314922  -5894.004388   9285.380388              
VL51   -952.124664 -51264.300890 -31614.265940              
*  2025  4 30  4 48   0.00000000                            
PL51   5418.333386  -6499.770440   8891.791035              
VL51  -3205.581182 -49664.863941 -33966.704333              
*  2025  4 30  4 50   0.00000000                            
PL51   5366.542302  -7085.208692   8470.607700              
VL51  -5418.711180 -47877.340993 -36212.099940              
*  2025  4 30  4 52   0.00000000                            
PL51   5288.485248  -7648.099799   8023.156049              
VL51  -7581.615409 -45908.132515 -38343.654104              
*  2025  4 30  4 54   0.00000000                            
PL51   5184.822922  -8186.305460   7550.841138              
VL51  -9684.680518 -43764.341052 -40354.936503              
*  2025  4 30  4 56   0.00000000                            
PL51   5056.329461  -8697.776678   7055.142887              
VL51 -11718.619208 -41453.742358 -42239.903069              
*  2025  4 30  4 58   0.00000000                            
PL51   4903.888302  -9180.561646   6537.611345              
VL51 -13674.508712 -38984.754034 -43992.912621              
*  2025  4 30  5  0   0.00000000                            
PL51   4728.487584  -9632.813251   5999.861758              
VL51 -15543.827439 -36366.401808 -45608.742142              
*  2025  4 30  5  2   0.00000000                            
PL51   4531.215124 -10052.796161   5443.569472              
VL51 -17318.489672 -33608.283601 -47082.600708              
*  2025  4 30  5  4   0.00000000                            
PL51   4313.252986 -10438.893462   4870.464665              
VL51 -18990.878167 -30720.531546 -48410.142016              
*  2025  4 30  5  6   0.00000000                            
PL51   4075.871680 -10789.612833   4282.326951              
VL51 -20553.874569 -27713.772112 -49587.475513              
*  2025  4 30  5  8   0.00000000                            
PL51   3820.423998 -11103.592230   3680.979842              
VL51 -22000.887515 -24599.084501 -50611.176093              
*  2025  4 30  5 10   0.00000000                            
PL51   3548.338539 -11379.605059   3068.285119              
VL51 -23325.878355 -21387.957482 -51478.292372              
*  2025  4 30  5 12   0.00000000                            
PL51   3261.112931 -11616.564828   2446.137103              
VL51 -24523.384379 -18092.244837 -52186.353508              
*  2025  4 30  5 14   0.00000000                            
PL51   2960.306795 -11813.529252   1816.456852              
VL51 -25588.539507 -14724.119607 -52733.374577              
*  2025  4 30  5 16   0.00000000                            
PL51   2647.534473 -11969.703803   1181.186311              
VL51 -26517.092344 -11296.027286 -53117.860487              
*  2025  4 30  5 18   0.00000000                            
PL51   2324.457557 -12084.444697    542.282410              
VL51 -27305.421572  -7820.638191 -53338.808442              
*  2025  4 30  5 20   0.00000000                            
PL51   1992.777249 -12157.261303    -98.288845              
VL51 -27950.548624  -4310.799176 -53395.708953              
*  2025  4 30  5 22   0.00000000                            
PL51   1654.226589 -12187.817966   -738.558293              
VL51 -28450.147599   -779.484901 -53288.545408              
*  2025  4 30  5 24   0.00000000                            
PL51   1310.562572 -12175.935249  -1376.559521              
VL51 -28802.552434   2760.251158 -53017.792231              
*  2025  4 30  5 26   0.00000000                            
PL51    963.558204 -12121.590585  -2010.334742              
VL51 -29006.761292   6295.325761 -52584.411659              
*  2025  4 30  5 28   0.00000000                            
PL51    614.994519 -12024.918340  -2637.940620              
VL51 -29062.438207   9812.674826 -51989.849158              
*  2025  4 30  5 30   0.00000000                            
PL51    266.652590 -11886.209290  -3257.454033              
VL51 -28969.911995  13299.302041 -51236.027542              
*  2025  4 30  5 32   0.00000000                            
PL51    -79.694425 -11705.909519  -3866.977765              
VL51 -28730.172469  16742.327003 -50325.339820              
*  2025  4 30  5 34   0.00000000                            
PL51   -422.289183 -11484.618744  -4464.646094              
VL51 -28344.864001  20129.032703 -49260.640819              
*  2025  4 30  5 36   0.00000000                            
PL51   -759.397956 -11223.088069  -5048.630280              
VL51 -27816.276483  23446.912208 -48045.237637              
*  2025  4 30  5 38   0.00000000                            
PL51  -1089.318310 -10922.217195  -5617.143929              
VL51 -27147.333742  26683.714395 -46682.878960              
*  2025  4 30  5 40   0.00000000                            
PL51  -1410.386633 -10583.051077  -6168.448223              
VL51 -26341.579489  29827.488571 -45177.743298              
*  2025  4 30  5 42   0.00000000                            
PL51  -1720.985475 -10206.776055  -6700.857000              
VL51 -25403.160852  32866.627862 -43534.426189              
*  2025  4 30  5 44   0.00000000                            
PL51  -2019.550679  -9794.715483  -7212.741680              
VL51 -24336.809604  35789.911231 -41757.926414              
*  2025  4 30  5 46   0.00000000                            
PL51  -2304.578275  -9348.324844  -7702.536014              
VL51 -23147.821148  38586.544003 -39853.631282              
*  2025  4 30  5 48   0.00000000                            
PL51  -2574.631103  -8869.186407  -8168.740653              
VL51 -21842.031358  41246.196782 -37827.301020              
*  2025  4 30  5 50   0.00000000                            
PL51  -2828.345152  -8359.003414  -8609.927530              
VL51 -20425.791387  43759.042662 -35685.052336              
*  2025  4 30  5 52   0.00000000                            
PL51  -3064.435580  -7819.593836  -9024.744027              
VL51 -18905.940516  46115.792630 -33433.341172              
*  2025  4 30  5 54   0.00000000                            
PL51  -3281.702405  -7252.883717  -9411.916947              
VL51 -17289.777168  48307.729079 -31078.944711              
*  2025  4 30  5 56   0.00000000                            
PL51  -3479.035825  -6660.900127  -9770.256251              
VL51 -15585.028189  50326.737313 -28628.942676              
*  2025  4 30  5 58   0.00000000                            
PL51  -3655.421169  -6045.763744 -10098.658575              
VL51 -13799.816494  52165.335025 -26090.697940              
*  2025  4 30  6  0   0.00000000                            
PL51  -3809.943453  -5409.681103 -10396.110512              
VL51 -11942.627198  53816.699617 -23471.836497              
*  2025  4 30  6  2   0.00000000                            
PL51  -3941.791507  -4754.936523 -10661.691638              
VL51 -10022.272345  55274.693326 -20780.226829              
*  2025  4 30  6  4   0.00000000                            
PL51  -4050.261688  -4083.883756 -10894.577304              
VL51  -8047.854340  56533.886073 -18023.958682              
*  2025  4 30  6  6   0.00000000                            
PL51  -4134.761135  -3398.937360 -11094.041155              
VL51  -6028.728212  57589.575994 -15211.321303              
*  2025  4 30  6  8   0.00000000                            
PL51  -4194.810569  -2702.563858 -11259.457392              
VL51  -3974.462816  58437.807564 -12350.781140              
*  2025  4 30  6 10   0.00000000                            
PL51  -4230.046623  -1997.272681 -11390.302765              
VL51  -1894.801099  59075.387296  -9450.959056              
*  2025  4 30  6 12   0.00000000                            
PL51  -4240.223687  -1285.606940 -11486.158283              
VL51    200.380444  59499.896932  -6520.607061              
*  2025  4 30  6 14   0.00000000                            
PL51  -4225.215265   -570.134062 -11546.710648              
VL51   2301.113011  59709.704097  -3568.584602              
*  2025  4 30  6 16   0.00000000                            
PL51  -4185.014830    146.563696 -11571.753401              
VL51   4397.377296  59703.970361   -603.834414              
*  2025  4 30  6 18   0.00000000                            
PL51  -4119.736181    861.898807 -11561.187771              
VL51   6479.145723  59482.656660   2364.642021              
*  2025  4 30  6 20   0.00000000                            
PL51  -4029.613283   1573.288089 -11515.023233              
VL51   8536.424988  59046.526037   5327.809412              
*  2025  4 30  6 22   0.00000000                            
PL51  -3914.999602   2278.162326 -11433.377764              
VL51  10559.298769  58397.143656   8276.623941              
*  2025  4 30  6 24   0.00000000                            
PL51  -3776.366925   2973.975889 -11316.477787              
VL51  12537.970452  57536.874031  11202.058888              
*  2025  4 30  6 26   0.00000000                            
PL51  -3614.303667   3658.216289 -11164.657817              
VL51  14462.805745  56468.875448  14095.130540              
*  2025  4 30  6 28   0.00000000                            
PL51  -3429.512667   4328.413662 -10978.359782              
VL51  16324.375012  55197.091529  16946.924361              
*  2025  4 30  6 30   0.00000000                            
PL51  -3222.808484   4982.150120 -10758.132038              
VL51  18113.495176  53726.239895  19748.621367              
*  2025  4 30  6 32   0.00000000                            
PL51  -2995.114187   5617.068965 -10504.628066              
VL51  19821.271019  52061.797923  22491.524658              
*  2025  4 30  6 34   0.00000000                            
PL51  -2747.457657   6230.883699 -10218.604839              
VL51  21439.135722  50209.985551  25167.086041              
*  2025  4 30  6 36   0.00000000                            
PL51  -2480.967407   6821.386819  -9900.920888              
VL51  22958.890455  48177.745142  27766.932677              
*  2025  4 30  6 38   0.00000000                            
PL51  -2196.867938   7386.458352  -9552.534028              
VL51  24372.742848  45972.718396  30282.893681              
*  2025  4 30  6 40   0.00000000                            
PL51  -1896.474632   7924.074094  -9174.498785              
VL51  25673.344154  43603.220322  32707.026580              
*  2025  4 30  6 42   0.00000000                            
PL51  -1581.188214   8432.313515  -8767.963491              
VL51  26853.824918  41078.210304  35031.643553              
*  2025  4 30  6 44   0.00000000                            
PL51  -1252.488799   8909.367308  -8334.167072              
VL51  27907.828973  38407.260289  37249.337339              
*  2025  4 30  6 46   0.00000000                            
PL51   -911.929531   9353.544533  -7874.435534              
VL51  28829.545556  35600.520167  39353.006727              
*  2025  4 30  6 48   0.00000000                            
PL51   -561.129864   9763.279330  -7390.178134              
VL51  29613.739375  32668.680402  41335.881497              
*  2025  4 30  6 50   0.00000000                            
PL51   -201.768477  10137.137171  -6882.883264              
VL51  30255.778429  29622.932016  43191.546702              
*  2025  4 30  6 52   0.00000000                            
PL51    164.424112  10473.820608  -6354.114046              
VL51  30751.659398  26474.924037  44913.966180              
*  2025  4 30  6 54   0.00000000                            
PL51    535.673231  10772.174511  -5805.503649              
VL51  31098.030440  23236.718531  46497.505141              
*  2025  4 30  6 56   0.00000000                            
PL51    910.168000  11031.190734  -5238.750346              
VL51  31292.211206  19920.743390  47936.951730              
*  2025  4 30  6 58   0.00000000                            
PL51   1286.069488  11250.012218  -4655.612308              
VL51  31332.209937  16539.743029  49227.537412              
*  2025  4 30  7  0   0.00000000                            
PL51   1661.519067  11427.936478  -4057.902174              
VL51  31216.737473  13106.727201  50364.956052              
*  2025  4 30  7  2   0.00000000                            
PL51   2034.646911  11564.418478  -3447.481395              
VL51  30945.218070   9634.918148  51345.381564              
*  2025  4 30  7  4   0.00000000                            
PL51   2403.580604  11659.072850  -2826.254370              
VL51  30517.796878   6137.696311  52165.484001              
*  2025  4 30  7  6   0.00000000                            
PL51   2766.453819  11711.675465  -2196.162411              
VL51  29935.344020   2628.544875  52822.443961              
*  2025  4 30  7  8   0.00000000                            
PL51   3121.415025  11722.164329  -1559.177533              
VL51  29199.455165   -879.006588  53313.965199              
*  2025  4 30  7 10   0.00000000                            
PL51   3466.636180  11690.639792   -917.296114              
VL51  28312.448571  -4371.439094  53638.285346              
*  2025  4 30  7 12   0.00000000                            
PL51   3800.321366  11617.364087   -272.532433              
VL51  27277.358550  -7835.301523  53794.184655              
*  2025  4 30  7 14   0.00000000                            
PL51   4120.715322  11502.760164    373.087887              
VL51  26097.925372 -11257.267918  53780.992680              
*  2025  4 30  7 16   0.00000000                            
PL51   4426.111843  11347.409848   1017.534495              
VL51  24778.581604 -14624.194466  53598.592849              
*  2025  4 30  7 18   0.00000000                            
PL51   4714.861982  11152.051315   1658.778979              
VL51  23324.434947 -17923.175882  53247.424865              
*  2025  4 30  7 20   0.00000000                            
PL51   4985.382034  10917.575898   2294.801540              
VL51  21741.247633 -21141.600865  52728.484918              
*  2025  4 30  7 22   0.00000000                            
PL51   5236.161251  10645.024225   2923.597668              
VL51  20035.412460 -24267.206324  52043.323675              
*  2025  4 30  7 24   0.00000000                            
PL51   5465.769247  10335.581732   3543.184765              
VL51  18213.925593 -27288.130085  51194.042040              
*  2025  4 30  7 26   0.00000000                            
PL51   5672.863059   9990.573537   4151.608714              
VL51  16284.356258 -30192.961758  50183.284704              
*  2025  4 30  7 28   0.00000000                            
PL51   5856.193831   9611.458729   4746.950355              
VL51  14254.813489 -32970.791512  49014.231488              
*  2025  4 30  7 30   0.00000000                            
PL51   6014.613072   9199.824077   5327.331845              
VL51  12133.910098 -35611.256450  47690.586539              
*  2025  4 30  7 32   0.00000000                            
PL51   6147.078479   8757.377205   5890.922872              
VL51   9930.724089 -38104.584350  46216.565413              
*  2025  4 30  7 34   0.00000000                            
PL51   6252.659270   8285.939251   6435.946705              
VL51   7654.757704 -40441.634522  44596.880131              
*  2025  4 30  7 36   0.00000000                            
PL51   6330.541022   7787.437065   6960.686054              
VL51   5315.894361 -42613.935573  42836.722294              
*  2025  4 30  7 38   0.00000000                            
PL51   6380.029976   7263.894961   7463.488712              
VL51   2924.353701 -44613.719879  40941.744350              
*  2025  4 30  7 40   0.00000000                            
PL51   6400.556795   6717.426086   7942.772965              
VL51    490.645022 -46433.954610  38918.039127              
*  2025  4 30  7 42   0.00000000                            
PL51   6391.679751   6150.223434   8397.032745              
VL51  -1974.480664 -48068.369168  36772.117758              
*  2025  4 30  7 44   0.00000000                            
PL51   6353.087334   5564.550552   8824.842511              
VL51  -4460.079674 -49511.478920  34510.886112              
*  2025  4 30  7 46   0.00000000                            
PL51   6284.600266   4962.731983   9224.861838              
VL51  -6955.065546 -50758.605153  32141.619879              
*  2025  4 30  7 48   0.00000000                            
PL51   6186.172909   4347.143499   9595.839695              
VL51  -9448.259504 -51805.891187  29671.938423              
*  2025  4 30  7 50   0.00000000                            
PL51   6057.894073   3720.202156   9936.618414              
VL51 -11928.441250 -52650.314605  27109.777558              
*  2025  4 30  7 52   0.00000000                            
PL51   5899.987204   3084.356230  10246.137311              
VL51 -14384.399813 -53289.695606  24463.361371              
*  2025  4 30  7 54   0.00000000                            
PL51   5712.809973   2442.075074  10523.435978              
VL51 -16804.984213 -53722.701470  21741.173240              
*  2025  4 30  7 56   0.00000000                            
PL51   5496.853248   1795.838947  10767.657215              
VL51 -19179.153695 -53948.847202  18951.926175              
*  2025  4 30  7 58   0.00000000                            
PL51   5252.739478   1148.128855  10978.049606              
VL51 -21496.027293 -53968.492373  16104.532615              
*  2025  4 30  8  0   0.00000000                            
PL51   4981.220483    501.416454  11153.969727              
VL51 -23744.932505 -53782.834271  13208.073813              
*  2025  4 30  8  2   0.00000000                            
PL51   4683.174660   -141.845944  11294.883987              
VL51 -25915.452859 -53393.897419  10271.768924              
*  2025  4 30  8  4   0.00000000                            
PL51   4359.603638   -779.235214  11400.370098              
VL51 -27997.474175 -52804.519579   7304.943918              
*  2025  4 30  8  6   0.00000000                            
PL51   4011.628378  -1408.367080  11470.118168              
VL51 -29981.229303 -52018.334354   4317.000427              
*  2025  4 30  8  8   0.00000000                            
PL51   3640.484747  -2026.905543  11503.931424              
VL51 -31857.341183 -51039.750514   1317.384636              
*  2025  4 30  8 10   0.00000000                            
PL51   3247.518590  -2632.572041  11501.726558              
VL51 -33616.864011 -49873.928176  -1684.443661              
*  2025  4 30  8 12   0.00000000                            
PL51   2834.180317  -3223.154310  11463.533709              
VL51 -35251.322384 -48526.751996  -4679.041759              
*  2025  4 30  8 14   0.00000000                            
PL51   2402.019036  -3796.514902  11389.496073              
VL51 -36752.748239 -47004.801537  -7657.014361              
*  2025  4 30  8 16   0.00000000                            
PL51   1952.676252  -4350.599333  11279.869157              
VL51 -38113.715470 -45315.318976 -10609.043438              
*  2025  4 30  8 18   0.00000000                            
PL51   1487.879169  -4883.443829  11135.019673              
VL51 -39327.372084 -43466.174338 -13525.917534              
*  2025  4 30  8 20   0.00000000                            
PL51   1009.433623  -5393.182637  10955.424086              
VL51 -40387.469801 -41465.828452 -16398.560424              
*  2025  4 30  8 22   0.00000000                            
PL51    519.216669  -5878.054887  10741.666828              
VL51 -41288.390993 -39323.293813 -19218.059056              
*  2025  4 30  8 24   0.00000000                            
PL51     19.168868  -6336.410961  10494.438168              
VL51 -42025.172891 -37048.093547 -21975.690722              
*  2025  4 30  8 26   0.00000000                            
PL51   -488.713702  -6766.718374  10214.531776              
VL51 -42593.528975 -34650.218678 -24662.949369              
*  2025  4 30  8 28   0.00000000                            
PL51  -1002.387679  -7167.567117   9902.841967              
VL51 -42989.867497 -32140.083879 -27271.571037              
*  2025  4 30  8 30   0.00000000                            
PL51  -1519.770847  -7537.674472   9560.360648              
VL51 -43211.307074 -29528.481896 -29793.558331              
*  2025  4 30  8 32   0.00000000                            
PL51  -2038.750738  -7875.889270   9188.173975              
VL51 -43255.689304 -26826.536843 -32221.203904              
*  2025  4 30  8 34   0.00000000                            
PL51  -2557.193374  -8181.195581   8787.458744              
VL51 -43121.588364 -24045.656548 -34547.112880              
*  2025  4 30  8 36   0.00000000                            
PL51  -3072.952096  -8452.715831   8359.478503              
VL51 -42808.317563 -21197.484153 -36764.224165              
*  2025  4 30  8 38   0.00000000                            
PL51  -3583.876456  -8689.713329   7905.579431              
VL51 -42315.932833 -18293.849162 -38865.830589              
*  2025  4 30  8 40   0.00000000                            
PL51  -4087.821139  -8891.594212   7427.185974              
VL51 -41645.233164 -15346.718144 -40845.597828              
*  2025  4 30  8 42   0.00000000                            
PL51  -4582.654864  -9057.908789   6925.796266              
VL51 -40797.757986 -12368.145293 -42697.582056              
*  2025  4 30  8 44   0.00000000                            
PL51  -5066.269241  -9188.352300   6402.977337              
VL51 -39775.781537  -9370.223049 -44416.246278              
*  2025  4 30  8 46   0.00000000                            
PL51  -5536.587534  -9282.765076   5860.360149              
VL51 -38582.304249  -6365.032978 -45996.475319              
*  2025  4 30  8 48   0.00000000                            
PL51  -5991.573317  -9341.132119   5299.634443              
VL51 -37221.041222  -3364.597117 -47433.589435              
*  2025  4 30  8 50   0.00000000                            
PL51  -6429.238960  -9363.582099   4722.543446              
VL51 -35696.407830   -380.829963 -48723.356511              
*  2025  4 30  8 52   0.00000000                            
PL51  -6847.653937  -9350.385777   4130.878426              
VL51 -34013.502561   2574.508702 -49862.002843              
*  2025  4 30  8 54   0.00000000                            
PL51  -7244.952903  -9301.953870   3526.473141              
VL51 -32178.087152   5489.859974 -50846.222484              
*  2025  4 30  8 56   0.00000000                            
PL51  -7619.343523  -9218.834375   2911.198171              
VL51 -30196.564128   8353.910804 -51673.185132              
*  2025  4 30  8 58   0.00000000                            
PL51  -7969.114013  -9101.709349   2286.955176              
VL51 -28075.951855  11155.637615 -52340.542579              
*  2025  4 30  9  0   0.00000000                            
PL51  -8292.640368  -8951.391184   1655.671072              
VL51 -25823.857191  13884.348429 -52846.433686              
*  2025  4 30  9  2   0.00000000                            
PL51  -8588.393252  -8768.818383   1019.292171              
VL51 -23448.445880  16529.723322 -53189.487919              
*  2025  4 30  9  4   0.00000000                            
PL51  -8854.944511  -8555.050863    379.778277              
VL51 -20958.410824  19081.853063 -53368.827420              
*  2025  4 30  9  6   0.00000000                            
PL51  -9090.973303  -8311.264801   -260.903234              
VL51 -18362.938341  21531.275834 -53384.067650              
*  2025  4 30  9  8   0.00000000                            
PL51  -9295.271803  -8038.747058   -900.783326              
VL51 -15671.672581  23869.011868 -53235.316603              
*  2025  4 30  9 10   0.00000000                            
PL51  -9466.750479  -7738.889196  -1537.897206              
VL51 -12894.678246  26086.595902 -52923.172616              
*  2025  4 30  9 12   0.00000000                            
PL51  -9604.442905  -7413.181122  -2170.290184              
VL51 -10042.401762  28176.107347 -52448.720813              
*  2025  4 30  9 14   0.00000000                            
PL51  -9707.510102  -7063.204382  -2796.023489              
VL51  -7125.631076  30130.198075 -51813.528193              
*  2025  4 30  9 16   0.00000000                            
PL51  -9775.244388  -6690.625136  -3413.180016              
VL51  -4155.454243  31942.117738 -51019.637434              
*  2025  4 30  9 18   0.00000000                            
PL51  -9807.072729  -6297.186846  -4019.869989              
VL51  -1143.216954  33605.736561 -50069.559427              
*  2025  4 30  9 20   0.00000000                            
PL51  -9802.559565  -5884.702707  -4614.236527              
VL51   1899.520817  35115.565550 -48966.264602              
*  2025  4 30  9 22   0.00000000                            
PL51  -9761.409125  -5455.047846  -5194.461106              
VL51   4961.028889  36466.774081 -47713.173092              
*  2025  4 30  9 24   0.00000000                            
PL51  -9683.467196  -5010.151334  -5758.768885              
VL51   8029.451527  37655.204823 -46314.143779              
*  2025  4 30  9 26   0.00000000                            
PL51  -9568.722362  -4551.988024  -6305.433904              
VL51  11092.852494  38677.386000 -44773.462269              
*  2025  4 30  9 28   0.00000000                            
PL51  -9417.306700  -4082.570271  -6832.784126              
VL51  14139.260367  39530.540953 -43095.827855              
*  2025  4 30  9 30   0.00000000                            
PL51  -9229.495928  -3603.939542  -7339.206317              
VL51  17156.713960  40212.595029 -41286.339501              
*  2025  4 30  9 32   0.00000000                            
PL51  -9005.709007  -3118.157966  -7823.150755              
VL51  20133.307703  40722.179774 -39350.480893              
*  2025  4 30  9 34   0.00000000                            
PL51  -8746.507209  -2627.299847  -8283.135752              
VL51  23057.236829  41058.634473 -37294.104618              
*  2025  4 30  9 36   0.00000000                            
PL51  -8452.592631  -2133.443174  -8717.751982              
VL51  25916.842247  41222.005028 -35123.415499              
*  2025  4 30  9 38   0.00000000                            
PL51  -8124.806185  -1638.661165  -9125.666601              
VL51  28700.654930  41213.040241 -32844.953134              
*  2025  4 30  9 40   0.00000000                            
PL51  -7764.125048  -1145.013865  -9505.627160              
VL51  31397.439710  41033.185488 -30465.573697              
*  2025  4 30  9 42   0.00000000                            
PL51  -7371.659605   -654.539837  -9856.465290              
VL51  33996.238327  40684.573877 -27992.431026              
*  2025  4 30  9 44   0.00000000                            
PL51  -6948.649863   -169.247977 -10177.100155              
VL51  36486.411634  40170.014911 -25432.957041              
*  2025  4 30  9 46   0.00000000                            
PL51  -6496.461380    308.890526 -10466.541672              
VL51  38857.680806  39492.980713 -22794.841547              
*  2025  4 30  9 48   0.00000000                            
PL51  -6016.580697    777.950043 -10723.893475              
VL51  41100.167459  38657.589884 -20086.011434              
*  2025  4 30  9 50   0.00000000                            
PL51  -5510.610295   1236.058155 -10948.355642              
VL51  43204.432556  37668.589049 -17314.609317              
*  2025  4 30  9 52   0.00000000                            
PL51  -4980.263102   1681.403070 -11139.227143              
VL51  45161.513987  36531.332159 -14488.971645              
*  2025  4 30  9 54   0.00000000                            
PL51  -4427.356547   2112.240773 -11295.908039              
VL51  46962.962722  35251.757613 -11617.606296              
*  2025  4 30  9 56   0.00000000                            
PL51  -3853.806194   2526.901894 -11417.901400              
VL51  48600.877421  33836.363282  -8709.169685              
*  2025  4 30  9 58   0.00000000                            
PL51  -3261.618972   2923.798258 -11504.814947              
VL51  50067.937395  32292.179495  -5772.443406              
*  2025  4 30 10  0   0.00000000                            
PL51  -2652.886019   3301.429107 -11556.362412              
VL51  51357.433809  30626.740064  -2816.310427              
*  2025  4 30 10  2   0.00000000                            
PL51  -2029.775158   3658.386955 -11572.364611              
VL51  52463.299013  28848.051436    150.269142              
*  2025  4 30 10  4   0.00000000                            
PL51  -1394.523040   3993.363066 -11552.750219              
VL51  53380.133899  26964.560039   3118.282688              
*  2025  4 30 10  6   0.00000000                            
PL51   -749.426965   4305.152533 -11497.556256              
VL51  54103.233157  24985.117915   6078.690110              
*  2025  4 30 10  8   0.00000000                            
PL51    -96.836422   4592.658926 -11406.928258              
VL51  54628.608323  22918.946724   9022.449204              
*  2025  4 30 10 10   0.00000000                            
PL51    560.855650   4854.898504 -11281.120153              
VL51  54953.008499  20775.600216  11940.541366              
*  2025  4 30 10 12   0.00000000                            
PL51   1221.221816   5091.003973 -11120.493823              
VL51  55073.938617  18564.925264  14823.997585              
*  2025  4 30 10 14   0.00000000                            
PL51   1881.809314   5300.227757 -10925.518344              
VL51  54989.675143  16297.021582  17663.924690              
*  2025  4 30 10 16   0.00000000                            
PL51   2540.149398   5481.944788 -10696.768929              
VL51  54699.279088  13982.200227  20451.531782              
*  2025  4 30 10 18   0.00000000                            
PL51   3193.766813   5635.654784 -10434.925532              
VL51  54202.606224  11630.941018  23178.156817              
*  2025  4 30 10 20   0.00000000                            
PL51   3840.189379   5760.984020 -10140.771145              
VL51  53500.314393   9253.849013  25835.293253              
*  2025  4 30 10 22   0.00000000                            
PL51   4476.957647   5857.686558  -9815.189774              
VL51  52593.867809   6861.610175  28414.616706              
*  2025  4 30 10 24   0.00000000                            
PL51   5101.634581   5925.644956  -9459.164090              
VL51  51485.538245   4464.946392  30908.011532              
*  2025  4 30 10 26   0.00000000                            
PL51   5711.815249   5964.870419  -9073.772768              
VL51  50178.403037   2074.570001  33307.597251              
*  2025  4 30 10 28   0.00000000                            
PL51   6305.136449   5975.502417  -8660.187505              
VL51  48676.339803   -298.861999  35605.754712              
*  2025  4 30 10 30   0.00000000                            
PL51   6879.286277   5957.807742  -8219.669735              
VL51  46984.017833  -2644.793878  37795.151918              
*  2025  4 30 10 32   0.00000000                            
PL51   7432.013548   5912.179016  -7753.567020              
VL51  45106.886074  -4952.817043  39868.769377              
*  2025  4 30 10 34   0.00000000                            
PL51   7961.137068   5839.132654  -7263.309162              
VL51  43051.157692  -7212.715655  41819.924887              
*  2025  4 30 10 36   0.00000000                            
PL51   8464.554694   5739.306279  -6750.404001              
VL51  40823.791175  -9414.511781  43642.297615              
*  2025  4 30 10 38   0.00000000                            
PL51   8940.252146   5613.455599  -6216.432944              
VL51  38432.467993 -11548.509863  45329.951371              
*  2025  4 30 10 40   0.00000000                            
PL51   9386.311533   5462.450755  -5663.046212              
VL51  35885.566827 -13605.340291  46877.356919              
*  2025  4 30 10 42   0.00000000                            
PL51   9800.919548   5287.272156  -5091.957828              
VL51  33192.134406 -15576.001848  48279.413229              
*  2025  4 30 10 44   0.00000000                            
PL51  10182.375290   5089.005807  -4504.940358              
VL51  30361.853027 -17451.902809  49531.467517              
*  2025  4 30 10 46   0.00000000                            
PL51  10529.097684   4868.838161  -3903.819416              
VL51  27405.004834 -19224.900455  50629.333959              
*  2025  4 30 10 48   0.00000000                            
PL51  10839.632448   4628.050498  -3290.467959              
VL51  24332.432981 -20887.338786  51569.310938              
*  2025  4 30 10 50   0.00000000                            
PL51  11112.658572   4368.012871  -2666.800378              
VL51  21155.499803 -22432.084202  52348.196719              
*  2025  4 30 10 52   0.00000000                            
PL51  11346.994292   4090.177634  -2034.766415              
VL51  17886.042176 -23852.558937  52963.303421              
*  2025  4 30 10 54   0.00000000                            
PL51  11541.602495   3796.072582  -1396.344922              
VL51  14536.324240 -25142.772035  53412.469175              
*  2025  4 30 10 56   0.00000000                            
PL51  11695.595558   3487.293738   -753.537483              
VL51  11118.987710 -26297.347670  53694.068388              
*  2025  4 30 10 58   0.00000000                            
PL51  11808.239561   3165.497816   -108.361934              
VL51   7646.999997 -27311.550623  53807.020002              
*  2025  4 30 11  0   0.00000000                            
PL51  11878.957882   2832.394393    537.154222              
VL51   4133.600405 -28181.308749  53750.793686              
*  2025  4 30 11  2   0.00000000                            
PL51  11907.334124   2489.737837   1180.980438              
VL51    592.244671 -28903.232283  53525.413899              
*  2025  4 30 11  4   0.00000000                            
PL51  11893.114376   2139.319017   1821.089803              
VL51  -2963.451868 -29474.629840  53131.461766              
*  2025  4 30 11  6   0.00000000                            
PL51  11836.208776   1782.956844   2455.465719              
VL51  -6519.772173 -29893.521019  52570.074738              
*  2025  4 30 11  8   0.00000000                            
PL51  11736.692388   1422.489679   3082.108561              
VL51 -10062.956155 -30158.645488  51842.944014              
*  2025  4 30 11 10   0.00000000                            
PL51  11594.805357   1059.766658   3699.042301              
VL51 -13579.259758 -30269.468512  50952.309725              
*  2025  4 30 11 12   0.00000000                            
PL51  11410.952364    696.638970   4304.321050              
VL51 -17055.014144 -30226.182857  49900.953889              
*  2025  4 30 11 14   0.00000000                            
PL51  11185.701373    334.951131   4896.035510              
VL51 -20476.684641 -30029.707067  48692.191175              
*  2025  4 30 11 16   0.00000000                            
PL51  10919.781665    -23.467695   5472.319299              
VL51 -23830.929144 -29681.680117  47329.857527              
*  2025  4 30 11 18   0.00000000                            
PL51  10614.081180   -376.812290   6031.355129              
VL51 -27104.655641 -29184.452473  45818.296704              
*  2025  4 30 11 20   0.00000000                            
PL51  10269.643185   -723.309851   6571.380805              
VL51 -30285.078538 -28541.073622  44162.344825              
*  2025  4 30 11 22   0.00000000                            
PL51   9887.662255  -1061.228286   7090.695037              
VL51 -33359.773519 -27755.276146  42367.312997              
*  2025  4 30 11 24   0.00000000                            
PL51   9469.479626  -1388.884296   7587.663019              
VL51 -36316.730620 -26831.456450  40438.968137              
*  2025  4 30 11 26   0.00000000                            
PL51   9016.577910  -1704.651212   8060.721785              
VL51 -39144.405269 -25774.652264  38383.512096              
*  2025  4 30 11 28   0.00000000                            
PL51   8530.575217  -2006.966538   8508.385283              
VL51 -41831.767036 -24590.517062  36207.559195              
*  2025  4 30 11 30   0.00000000                            
PL51   8013.218704  -2294.339175   8929.249193              
VL51 -44368.345858 -23285.291554  33918.112307              
*  2025  4 30 11 32   0.00000000                            
PL51   7466.377589  -2565.356280   9321.995434              
VL51 -46744.275527 -21865.772439  31522.537612              
*  2025  4 30 11 34   0.00000000                            
PL51   6892.035656  -2818.689738   9685.396367              
VL51 -48950.334257 -20339.278592  29028.538159              
*  2025  4 30 11 36   0.00000000                            
PL51   6292.283295  -3053.102214  10018.318674              
VL51 -50977.982147 -18713.614894  26444.126366              
*  2025  4 30 11 38   0.00000000                            
PL51   5669.309112  -3267.452759  10319.726901              
VL51 -52819.395414 -16997.033913  23777.595599              
*  2025  4 30 11 40   0.00000000                            
PL51   5025.391143  -3460.701937  10588.686654              
VL51 -54467.497239 -15198.195655  21037.490967              
*  2025  4 30 11 42   0.00000000                            
PL51   4362.887729  -3631.916470  10824.367441              
VL51 -55915.985153 -13326.125603  18232.579477              
*  2025  4 30 11 44   0.00000000                            
PL51   3684.228070  -3780.273363  11026.045156              
VL51 -57159.354854 -11390.171277  15371.819661              
*  2025  4 30 11 46   0.00000000                            
PL51   2991.902529  -3905.063497  11193.104188              
VL51 -58192.920416  -9399.957555  12464.330845              
*  2025  4 30 11 48   0.00000000                            
PL51   2288.452702  -4005.694693  11325.039172              
VL51 -59012.830833  -7365.340968   9519.362153              
*  2025  4 30 11 50   0.00000000                            
PL51   1576.461325  -4081.694202  11421.456351              
VL51 -59616.082887  -5296.363227   6546.261394              
*  2025  4 30 11 52   0.00000000                            
PL51    858.542035  -4132.710657  11482.074581              
VL51 -60000.530348  -3203.204195   3554.443940              
*  2025  4 30 11 54   0.00000000                            
PL51    137.329054  -4158.515438  11506.725952              
VL51 -60164.889512  -1096.134530    553.361709              
*  2025  4 30 11 56   0.00000000                            
PL51   -584.533179  -4159.003483  11495.356043              
VL51 -60108.741131   1014.531766  -2447.527648              
*  2025  4 30 11 58   0.00000000                            
PL51  -1304.400374  -4134.193520  11448.023804              
VL51 -59832.528757   3118.484691  -5438.791262              
*  2025  4 30 12  0   0.00000000                            
PL51  -2019.638716  -4084.227737  11364.901083              
VL51 -59337.553589   5205.465271  -8411.051173              
*  2025  4 30 12  2   0.00000000                            
PL51  -2727.635109  -4009.370891  11246.271784              
VL51 -58625.965861   7265.312065 -11355.013995              
*  2025  4 30 12  4   0.00000000                            
PL51  -3425.807297  -3910.008864  11092.530677              
VL51 -57700.752864   9288.006953 -14261.500030              
*  2025  4 30 12  6   0.00000000                            
PL51  -4111.613816  -3786.646666  10904.181865              
VL51 -56565.723680  11263.720023 -17121.471766              
*  2025  4 30 12  8   0.00000000                            
PL51  -4782.563756  -3639.905922  10681.836910              
VL51 -55225.490713  13182.853362 -19926.061668              
*  2025  4 30 12 10   0.00000000                            
PL51  -5436.226264  -3470.521824  10426.212625              
VL51 -53685.448133  15036.083584 -22666.599208              
*  2025  4 30 12 12   0.00000000                            
PL51  -6070.239790  -3279.339592  10138.128561              
VL51 -51951.747341  16814.402919 -25334.637030              
*  2025  4 30 12 14   0.00000000                            
PL51  -6682.321008  -3067.310446   9818.504167              
VL51 -50031.269587  18509.158694 -27921.976219              
*  2025  4 30 12 16   0.00000000                            
PL51  -7270.273396  -2835.487119   9468.355669              
VL51 -47931.595870  20112.091062 -30420.690575              
*  2025  4 30 12 18   0.00000000                            
PL51  -7831.995441  -2585.018926   9088.792654              
VL51 -45660.974281  21615.368828 -32823.149849              
*  2025  4 30 12 20   0.00000000                            
PL51  -8365.488436  -2317.146413   8681.014385              
VL51 -43228.284921  23011.623232 -35122.041895              
*  2025  4 30 12 22   0.00000000                            
PL51  -8868.863840  -2033.195617   8246.305854              
VL51 -40643.002580  24293.979576 -37310.393660              
*  2025  4 30 12 24   0.00000000                            
PL51  -9340.350184  -1734.571961   7786.033601              
VL51 -37915.157315  25456.086564 -39381.590996              
*  2025  4 30 12 26   0.00000000                            
PL51  -9778.299483  -1422.753805   7301.641283              
VL51 -35055.293121  26492.143262 -41329.397227              
*  2025  4 30 12 28   0.00000000                            
PL51 -10181.193152  -1099.285696   6794.645049              
VL51 -32074.424855  27396.923576 -43147.970445              
*  2025  4 30 12 30   0.00000000                            
PL51 -10547.647383   -765.771334   6266.628699              
VL51 -28983.993604  28165.798167 -44831.879494              
*  2025  4 30 12 32   0.00000000                            
PL51 -10876.417992   -423.866291   5719.238672              
VL51 -25795.820674  28794.753732 -46376.118605              
*  2025  4 30 12 34   0.00000000                            
PL51 -11166.404696    -75.270520   5154.178854              
VL51 -22522.060392  29280.409577 -47776.120658              
*  2025  4 30 12 36   0.00000000                            
PL51 -11416.654821    278.279324   4573.205244              
VL51 -19175.151912  29620.031454 -49027.769040              
*  2025  4 30 12 38   0.00000000                            
PL51 -11626.366427    635.017711   3978.120488              
VL51 -15767.770224  29811.542597 -50127.408074              
*  2025  4 30 12 40   0.00000000                            
PL51 -11794.890843    993.158176   3370.768285              
VL51 -12312.776565  29853.531953 -51071.852009              
*  2025  4 30 12 42   0.00000000                            
PL51 -11921.734598   1350.901346   2753.027708              
VL51  -8823.168419  29745.259581 -51858.392550              
*  2025  4 30 12 44   0.00000000                            
PL51 -12006.560758   1706.443009   2126.807432              
VL51  -5312.029327  29486.659222 -52484.804934              
*  2025  4 30 12 46   0.00000000                            
PL51 -12049.189659   2057.982199   1494.039904              
VL51  -1792.478686  29078.338049 -52949.352539              
*  2025  4 30 12 48   0.00000000                            
PL51 -12049.599031   2403.729263    856.675466              
VL51   1722.378268  28521.573622 -53250.790035              
*  2025  4 30 12 50   0.00000000                            
PL51 -12007.923536   2741.913875    216.676447              
VL51   5219.500085  27818.308074 -53388.365094              
*  2025  4 30 12 52   0.00000000                            
PL51 -11924.453705   3070.792960   -423.988757              
VL51   8685.958168  26971.139586 -53361.818666              
*  2025  4 30 12 54   0.00000000                            
PL51 -11799.634292   3388.658501  -1063.351595              
VL51  12108.985090  25983.311184 -53171.383846              
*  2025  4 30 12 56   0.00000000                            
PL51 -11634.062056   3693.845202  -1699.449254              
VL51  15476.021991  24858.696946 -52817.783351              
*  2025  4 30 12 58   0.00000000                            
PL51 -11428.482979   3984.737958  -2330.330515              
VL51  18774.764883  23601.785670 -52302.225639              
*  2025  4 30 13  0   0.00000000                            
PL51 -11183.788936   4259.779129  -2954.061547              
VL51  21993.209712  22217.662107 -51626.399691              
*  2025  4 30 13  2   0.00000000                            
PL51 -10901.013830   4517.475560  -3568.731638              
VL51  25119.696004  20711.985826 -50792.468500              
*  2025  4 30 13  4   0.00000000                            
PL51 -10581.329220   4756.405346  -4172.458839              
VL51  28142.948959  19090.967829 -49803.061297              
*  2025  4 30 13  6   0.00000000                            
PL51 -10226.039443   4975.224296  -4763.395505              
VL51  31052.119846  17361.345018 -48661.264560              
*  2025  4 30 13  8   0.00000000                            
PL51  -9836.576272   5172.672078  -5339.733720              
VL51  33836.824581  15530.352630 -47370.611850              
*  2025  4 30 13 10   0.00000000                            
PL51  -9414.493117   5347.578030  -5899.710600              
VL51  36487.180347  13605.694751 -45935.072540              
*  2025  4 30 13 12   0.00000000                            
PL51  -8961.458800   5498.866594  -6441.613445              
VL51  38993.840178  11595.513055 -44359.039468              
*  2025  4 30 13 14   0.00000000                            
PL51  -8479.250928   5625.562374  -6963.784744              
VL51  41348.025396   9508.353865 -42647.315586              
*  2025  4 30 13 16   0.00000000                            
PL51  -7969.748890   5726.794787  -7464.627013              
VL51  43541.555823   7353.133702 -40805.099650              
*  2025  4 30 13 18   0.00000000                            
PL51  -7434.926506   5801.802290  -7942.607449              
VL51  45566.877699   5139.103409 -38837.971013              
*  2025  4 30 13 20   0.00000000                            
PL51  -6876.844353   5849.936173  -8396.262409              
VL51  47417.089252   2875.811026 -36751.873562              
*  2025  4 30 13 22   0.00000000                            
PL51  -6297.641801   5870.663891  -8824.201675              
VL51  49085.963864    573.063508 -34553.098853              
*  2025  4 30 13 24   0.00000000                            
PL51  -5699.528782   5863.571944  -9225.112529              
VL51  50567.970794  -1759.112566 -32248.268480              
*  2025  4 30 13 26   0.00000000                            
PL51  -5084.777332   5828.368266  -9597.763602              
VL51  51858.293406  -4110.511161 -29844.315738              
*  2025  4 30 13 28   0.00000000                            
PL51  -4455.712920   5764.884136  -9941.008497              
VL51  52952.844914  -6470.787717 -27348.466587              
*  2025  4 30 13 30   0.00000000                            
PL51  -3814.705610   5673.075591 -10253.789187              
VL51  53848.281570  -8829.500707 -24768.219975              
*  2025  4 30 13 32   0.00000000                            
PL51  -3164.161080   5553.024340 -10535.139173              
VL51  54542.013308 -11176.153687 -22111.327538              
*  2025  4 30 13 34   0.00000000                            
PL51  -2506.511522   5404.938165 -10784.186381              
VL51  55032.211816 -13500.237729 -19385.772708              
*  2025  4 30 13 36   0.00000000                            
PL51  -1844.206472   5229.150817 -11000.155828              
VL51  55317.816018 -15791.274084 -16599.749256              
*  2025  4 30 13 38   0.00000000                            
PL51  -1179.703578   5026.121398 -11182.372005              
VL51  55398.534967 -18038.856967 -13761.639293              
*  2025  4 30 13 40   0.00000000                            
PL51   -515.459355   4796.433227 -11330.261006              
VL51  55274.848133 -20232.696327 -10879.990751              
*  2025  4 30 13 42   0.00000000                            
PL51    146.080046   4540.792195 -11443.352383              
VL51  54948.003081 -22362.660465  -7963.494370              
*  2025  4 30 13 44   0.00000000                            
PL51    802.488031   4260.024613 -11521.280715              
VL51  54420.010535 -24418.818376  -5020.960194              
*  2025  4 30 13 46   0.00000000                            
PL51   1451.366678   3955.074551 -11563.786896              
VL51  53693.636834 -26391.481674  -2061.293629              
*  2025  4 30 13 48   0.00000000                            
PL51   2090.355743   3627.000673 -11570.719138              
VL51  52772.393765 -28271.245959    906.528942              
*  2025  4 30 13 50   0.00000000                            
PL51   2717.141536   3276.972592 -11542.033671              
VL51  51660.525788 -30049.031490   3873.484948              
*  2025  4 30 13 52   0.00000000                            
PL51   3329.465619   2906.266728 -11477.795145              
VL51  50362.994664 -31716.123009   6830.530788              
*  2025  4 30 13 54   0.00000000                            
PL51   3925.133312   2516.261703 -11378.176737              
VL51  48885.461490 -33264.208571   9768.627338              
*  2025  4 30 13 56   0.00000000                            
PL51   4502.021961   2108.433274 -11243.459933              
VL51  47234.266171 -34685.417233  12678.765755              
*  2025  4 30 13 58   0.00000000                            
PL51   5058.088952   1684.348820 -11074.034015              
VL51  45416.404345 -35972.355442  15551.993559              
*  2025  4 30 14  0   0.00000000                            
PL51   5591.379424   1245.661404 -10870.395226              
VL51  43439.501805 -37118.141971  18379.440923              
*  2025  4 30 14  2   0.00000000                            
PL51   6100.033669    794.103420 -10633.145617              
VL51  41311.786436 -38116.441234  21152.347139              
*  2025  4 30 14  4   0.00000000                            
PL51   6582.294175    331.479860 -10362.991581              
VL51  39042.057745 -38961.494838  23862.087208              
*  2025  4 30 14  6   0.00000000                            
PL51   7036.512289   -140.338800 -10060.742064              
VL51  36639.653996 -39648.151187  26500.198467              
*  2025  4 30 14  8   0.00000000                            
PL51   7461.154477   -619.424040  -9727.306456              
VL51  34114.417056 -40171.892994  29058.407222              
*  2025  4 30 14 10   0.00000000                            
PL51   7854.808142  -1103.797068  -9363.692164              
VL51  31476.654996 -40528.862519  31528.655270              
*  2025  4 30 14 12   0.00000000                            
PL51   8216.186985  -1591.436872  -8971.001871              
VL51  28737.102550 -40715.884385  33903.126256              
*  2025  4 30 14 14   0.00000000                            
PL51   8544.135876  -2080.288531  -8550.430472              
VL51  25906.879526 -40730.485798  36174.271750              
*  2025  4 30 14 16   0.00000000                            
PL51   8837.635218  -2568.271755  -8103.261708              
VL51  22997.447300 -40570.914024  38334.836948              
*  2025  4 30 14 18   0.00000000                            
PL51   9095.804772  -3053.289617  -7630.864491              
VL51  20020.563500 -40236.150970  40377.885891              
*  2025  4 30 14 20   0.00000000                            
PL51   9317.906936  -3533.237438  -7134.688926              
VL51  16988.235069 -39725.924725  42296.826075              
*  2025  4 30 14 22   0.00000000                            
PL51   9503.349446  -4006.011799  -6616.262047              
VL51  13912.669831 -39040.717949  44085.432349              
*  2025  4 30 14 24   0.00000000                            
PL51   9651.687487  -4469.519626  -6077.183272              
VL51  10806.226779 -38181.772966  45737.869953              
*  2025  4 30 14 26   0.00000000                            
PL51   9762.625208  -4921.687322  -5519.119582              
VL51   7681.365263 -37151.093486  47248.716588              
*  2025  4 30 14 28   0.00000000                            
PL51   9836.016612  -5360.469894  -4943.800446              
VL51   4550.593298 -35951.442859  48612.983379              
*  2025  4 30 14 30   0.00000000                            
PL51   9871.865830  -5783.860046  -4353.012498              
VL51   1426.415221 -34586.338797  49826.134598              
*  2025  4 30 14 32   0.00000000                            
PL51   9870.326759  -6189.897174  -3748.593990              
VL51  -1678.721059 -33060.044508  50884.106038              
*  2025  4 30 14 34   0.00000000                            
PL51   9831.702067  -6576.676249  -3132.429033              
VL51  -4752.476969 -31377.556239  51783.321880              
*  2025  4 30 14 36   0.00000000                            
PL51   9756.441567  -6942.356514  -2506.441635              
VL51  -7782.676070 -29544.587196  52520.709966              
*  2025  4 30 14 38   0.00000000                            
PL51   9645.139951  -7285.169975  -1872.589584              
VL51 -10757.356477 -27567.547891  53093.715335              
*  2025  4 30 14 40   0.00000000                            
PL51   9498.533910  -7603.429637  -1232.858163              
VL51 -13664.822613 -25453.522932  53500.311931              
*  2025  4 30 14 42   0.00000000                            
PL51   9317.498628  -7895.537431   -589.253744              
VL51 -16493.696016 -23210.244357  53739.012370              
*  2025  4 30 14 44   0.00000000                            
PL51   9103.043679  -8159.991809     56.202724              
VL51 -19232.964915 -20846.061595  53808.875689              
*  2025  4 30 14 46   0.00000000                            
PL51   8856.308338  -8395.394954    701.482307              
VL51 -21872.032290 -18369.908182  53709.512991              
*  2025  4 30 14 48   0.00000000                            
PL51   8578.556321  -8600.459579   1344.554736              
VL51 -24400.762126 -15791.265392  53441.090941              
*  2025  4 30 14 50   0.00000000                            
PL51   8271.169993  -8774.015261   1983.395085              
VL51 -26809.523609 -13120.122947  53004.333054              
*  2025  4 30 14 52   0.00000000                            
PL51   7935.644042  -8915.014296   2615.990443              
VL51 -29089.232979 -10366.937019  52400.518755              
*  2025  4 30 14 54   0.00000000                            
PL51   7573.578683  -9022.537033   3240.346578              
VL51 -31231.392829  -7542.585730  51631.480207              
*  2025  4 30 14 56   0.00000000                            
PL51   7186.672398  -9095.796657   3854.494531              
VL51 -33228.128580  -4658.322390  50699.596896              
*  2025  4 30 14 58   0.00000000                            
PL51   6776.714259  -9134.143399   4456.497144              
VL51 -35072.221967  -1725.726733  49607.788012              
*  2025  4 30 15  0   0.00000000                            
PL51   6345.575863  -9137.068155   5044.455481              
VL51 -36757.141305   1243.345597  48359.502650              
*  2025  4 30 15  2   0.00000000                            
PL51   5895.202936  -9104.205485   5616.515116              
VL51 -38277.068408   4236.815021  46958.707886              
*  2025  4 30 15  4   0.00000000                            
PL51   5427.606618  -9035.335982   6170.872266              
VL51 -39626.921982   7242.431181  45409.874802              
*  2025  4 30 15  6   0.00000000                            
PL51   4944.854505  -8930.388000   6705.779745              
VL51 -40802.377405  10247.826988  43717.962527              
*  2025  4 30 15  8   0.00000000                            
PL51   4449.061467  -8789.438721   7219.552720              
VL51 -41799.882781  13240.573258  41888.400394              
*  2025  4 30 15 10   0.00000000                            
PL51   3942.380294  -8612.714580   7710.574231              
VL51 -42616.671215  16208.233654  39927.068311              
*  2025  4 30 15 12   0.00000000                            
PL51   3426.992228  -8400.591012   8177.300475              
VL51 -43250.769261  19138.419633  37840.275465              
*  2025  4 30 15 14   0.00000000                            
PL51   2905.097404  -8153.591558   8618.265823              
VL51 -43701.001533  22018.845107  35634.737463              
*  2025  4 30 15 16   0.00000000                            
PL51   2378.905270  -7872.386304   9032.087549              
VL51 -43966.991487  24837.380549  33317.552062              
*  2025  4 30 15 18   0.00000000                            
PL51   1850.625010  -7557.789684   9417.470268              
VL51 -44049.158410  27582.106260  30896.173591              
*  2025  4 30 15 20   0.00000000                            
PL51   1322.456034  -7210.757650   9773.210051              
VL51 -43948.710671  30241.364532  28378.386231              
*  2025  4 30 15 22   0.00000000                            
PL51    796.578570  -6832.384217  10098.198222              
VL51 -43667.635321  32803.810473  25772.276273              
*  2025  4 30 15 24   0.00000000                            
PL51    275.144394  -6423.897417  10391.424809              
VL51 -43208.684136  35258.461249  23086.203500              
*  2025  4 30 15 26   0.00000000                            
PL51   -239.732241  -5986.654665  10651.981652              
VL51 -42575.356235  37594.743518  20328.771841              
*  2025  4 30 15 28   0.00000000                            
PL51   -745.983454  -5522.137569  10879.065155              
VL51 -41771.877395  39802.538880  17508.799409              
*  2025  4 30 15 30   0.00000000                            
PL51  -1241.596314  -5031.946214  11071.978671              
VL51 -40803.176227  41872.227127  14635.288081              
*  2025  4 30 15 32   0.00000000                            
PL51  -1724.621121  -4517.792930  11230.134525              
VL51 -39674.857371  43794.727145  11717.392727              
*  2025  4 30 15 34   0.00000000                            
PL51  -2193.179337  -3981.495594  11353.055664              
VL51 -38393.171874  45561.535307   8764.390211              
*  2025  4 30 15 36   0.00000000                            
PL51  -2645.471157  -3424.970480  11440.376932              
VL51 -36964.984948  47164.761208   5785.648284              
*  2025  4 30 15 38   0.00000000                            
PL51  -3079.782670  -2850.224703  11491.845978              
VL51 -35397.741279  48597.160634   2790.594483              
*  2025  4 30 15 40   0.00000000                            
PL51  -3494.492596  -2259.348278  11507.323784              
VL51 -33699.428091  49852.165637   -211.314872              
*  2025  4 30 15 42   0.00000000                            
PL51  -3888.078561  -1654.505842  11486.784826              
VL51 -31878.536157  50923.911617  -3210.625461              
*  2025  4 30 15 44   0.00000000                            
PL51  -4259.122900  -1037.928066  11430.316869              
VL51 -29944.018974  51807.261344  -6197.915443              
*  2025  4 30 15 46   0.00000000                            
PL51  -4606.317954   -411.902795  11338.120392              
VL51 -27905.250289  52497.825835  -9163.825519              
*  2025  4 30 15 48   0.00000000                            
PL51  -4928.470850    221.234035  11210.507664              
VL51 -25771.980203  52991.982032 -12099.088510              
*  2025  4 30 15 50   0.00000000                            
PL51  -5224.507753    859.107682  11047.901463              
VL51 -23554.290067  53286.887262 -14994.558341              
*  2025  4 30 15 52   0.00000000                            
PL51  -5493.477559   1499.314032  10850.833449              
VL51 -21262.546359  53380.490425 -17841.238369              
*  2025  4 30 15 54   0.00000000                            
PL51  -5734.555038   2139.429147  10619.942208              
VL51 -18907.353775  53271.539922 -20630.308972              
*  2025  4 30 15 56   0.00000000                            
PL51  -5947.043409   2777.018895  10355.970966              
VL51 -16499.507736  52959.588306 -23353.154338              
*  2025  4 30 15 58   0.00000000                            
PL51  -6130.376343   3409.648604  10059.764983              
VL51 -14049.946512  52444.993673 -26001.388378              
*  2025  4 30 16  0   0.00000000                            
PL51  -6284.119384   4034.892727   9732.268652              
VL51 -11569.703164  51728.917809 -28566.879710              
*  2025  4 30 16  2   0.00000000                            
PL51  -6407.970803   4650.344458   9374.522290              
VL51  -9069.857513  50813.321129 -31041.775655              
*  2025  4 30 16  4   0.00000000                            
PL51  -6501.761869   5253.625265   8987.658662              
VL51  -6561.488337  49700.954443 -33418.525181              
*  2025  4 30 16  6   0.00000000                            
PL51  -6565.456556   5842.394316   8572.899224              
VL51  -4055.625962  48395.347606 -35689.900757              
*  2025  4 30 16  8   0.00000000                            
PL51  -6599.150672   6414.357738   8131.550118              
VL51  -1563.205478  46900.795118 -37849.019047              
*  2025  4 30 16 10   0.00000000                            
PL51  -6603.070448   6967.277698   7664.997921              
VL51    904.979273  45222.338737 -39889.360421              
*  2025  4 30 16 12   0.00000000                            
PL51  -6577.570567   7498.981245   7174.705174              
VL51   3338.320728  43365.747197 -41804.787208              
*  2025  4 30 16 14   0.00000000                            
PL51  -6523.131664   8007.368902   6662.205691              
VL51   5726.441501  41337.493133 -43589.560684              
*  2025  4 30 16 16   0.00000000                            
PL51  -6440.357308   8490.422957   6129.099678              
VL51   8059.236955  39144.727298 -45238.356716              
*  2025  4 30 16 18   0.00000000                            
PL51  -6329.970483   8946.215439   5577.048672              
VL51  10326.916302  36795.250219 -46746.280070              
*  2025  4 30 16 20   0.00000000                            
PL51  -6192.809579   9372.915726   5007.770314              
VL51  12520.042070  34297.481389 -48108.877318              
*  2025  4 30 16 22   0.00000000                            
PL51  -6029.823926   9768.797781   4423.032975              
VL51  14629.567791  31660.426163 -49322.148339              
*  2025  4 30 16 24   0.00000000                            
PL51  -5842.068888  10132.246970   3824.650259              
VL51  16646.873770  28893.640468 -50382.556395              
*  2025  4 30 16 26   0.00000000                            
PL51  -5630.700533  10461.766449   3214.475387              
VL51  18563.800809  26007.193514 -51287.036757              
*  2025  4 30 16 28   0.00000000                            
PL51  -5396.969919  10755.983090   2594.395485              
VL51  20372.681778  23011.628623 -52033.003882              
*  2025  4 30 16 30   0.00000000                            
PL51  -5142.217008  11013.652923   1966.325804              
VL51  22066.370893  19917.922386 -52618.357122              
*  2025  4 30 16 32   0.00000000                            
PL51  -4867.864249  11233.666088   1332.203870              
VL51  23638.270640  16737.442271 -53041.484977              
*  2025  4 30 16 34   0.00000000                            
PL51  -4575.409847  11415.051262    693.983598              
VL51  25082.356238  13481.902878 -53301.267874              
*  2025  4 30 16 36   0.00000000                            
PL51  -4266.420757  11556.979555     53.629380              
VL51  26393.197547  10163.321037 -53397.079500              
*  2025  4 30 16 38   0.00000000                            
PL51  -3942.525431  11658.767862   -586.889838              
VL51  27565.978386   6793.969911 -53328.786685              
*  2025  4 30 16 40   0.00000000                            
PL51  -3605.406346  11719.881664  -1225.606463              
VL51  28596.513186   3386.332301 -53096.747862              
*  2025  4 30 16 42   0.00000000                            
PL51  -3256.792350  11739.937255  -1860.560139              
VL51  29481.260934    -46.946647 -52701.810132              
*  2025  4 30 16 44   0.00000000                            
PL51  -2898.450862  11718.703407  -2489.803586              
VL51  30217.336404  -3493.107154 -52145.304970              
*  2025  4 30 16 46   0.00000000                            
PL51  -2532.179941  11656.102457  -3111.408380              
VL51  30802.518626  -6939.322751 -51429.042609              
*  2025  4 30 16 48   0.00000000                            
PL51  -2159.800284  11552.210821  -3723.470659              
VL51  31235.256633 -10372.748264 -50555.305150              
*  2025  4 30 16 50   0.00000000                            
PL51  -1783.147163  11407.258929  -4324.116739              
VL51  31514.672463 -13780.567685 -49526.838457              
*  2025  4 30 16 52   0.00000000                            
PL51  -1404.062346  11221.630589  -4911.508621              
VL51  31640.561466 -17150.041750 -48346.842874              
*  2025  4 30 16 54   0.00000000                            
PL51  -1024.386024  10995.861786  -5483.849386              
VL51  31613.389935 -20468.555082 -47018.962818              
*  2025  4 30 16 56   0.00000000                            
PL51   -645.948793  10730.638912  -6039.388456              
VL51  31434.290102 -23723.662745 -45547.275304              
*  2025  4 30 16 58   0.00000000                            
PL51   -270.563705  10426.796445  -6576.426711              
VL51  31105.052544 -26903.136062 -43936.277425              
*  2025  4 30 17  0   0.00000000                            
PL51     99.981581  10085.314086  -7093.321449              
VL51  30628.116066 -29995.007566 -42190.872855              
*  2025  4 30 17  2   0.00000000                            
PL51    463.932493   9707.313357  -7588.491179              
VL51  30006.555087 -32987.614946 -40316.357402              
*  2025  4 30 17  4   0.00000000                            
PL51    819.575096   9294.053683  -8060.420238              
VL51  29244.064633 -35869.643855 -38318.403657              
*  2025  4 30 17  6   0.00000000                            
PL51   1165.243433   8846.927965  -8507.663213              
VL51  28344.942969 -38630.169458 -36203.044780              
*  2025  4 30 17  8   0.00000000                            
PL51   1499.326646   8367.457662  -8928.849168              
VL51  27314.071976 -41258.696601 -33976.657477              
*  2025  4 30 17 10   0.00000000                            
PL51   1820.275856   7857.287403  -9322.685660              
VL51  26156.895335 -43745.198476 -31645.944194              
*  2025  4 30 17 12   0.00000000                            
PL51   2126.610759   7318.179145  -9687.962537              
VL51  24879.394614 -46080.153682 -29217.914579              
*  2025  4 30 17 14   0.00000000                            
PL51   2416.925929   6752.005889 -10023.555510              
VL51  23488.063349 -48254.581591 -26699.866255              
*  2025  4 30 17 16   0.00000000                            
PL51   2689.896796   6160.744990 -10328.429493              
VL51  21989.879214 -50260.075896 -24099.364929              
*  2025  4 30 17 18   0.00000000                            
PL51   2944.285279   5546.471075 -10601.641690              
VL51  20392.274372 -52088.836281 -21424.223888              
*  2025  4 30 17 20   0.00000000                            
PL51   3178.945055   4911.348589 -10842.344449              
VL51  18703.104122 -53733.698103 -18682.482898              
*  2025  4 30 17 22   0.00000000                            
PL51   3392.826438   4257.623999 -11049.787844              
VL51  16930.613921 -55188.160023 -15882.386548              
*  2025  4 30 17 24   0.00000000                            
PL51   3584.980858   3587.617680 -11223.322002              
VL51  15083.404917 -56446.409493 -13032.362064              
*  2025  4 30 17 26   0.00000000                            
PL51   3754.564913   2903.715507 -11362.399160              
VL51  13170.398074 -57503.346031 -10140.996606              
*  2025  4 30 17 28   0.00000000                            
PL51   3900.843988   2208.360184 -11466.575445              
VL51  11200.797007 -58354.602204  -7217.014099              
*  2025  4 30 17 30   0.00000000                            
PL51   4023.195415   1504.042328 -11535.512374              
VL51   9184.049651 -58996.562248  -4269.251594              
*  2025  4 30 17 32   0.00000000                            
PL51   4121.111170    793.291357 -11568.978066              
VL51   7129.808859 -59426.378262  -1306.635200              
*  2025  4 30 17 34   0.00000000                            
PL51   4194.200092     78.666184 -11566.848167              
VL51   5047.892070 -59641.983884   1661.844396              
*  2025  4 30 17 36   0.00000000                            
PL51   4242.189613   -637.254226 -11529.106473              
VL51   2948.240146 -59642.105408   4627.156790              
*  2025  4 30 17 38   0.00000000                            
PL51   4264.926984  -1351.880425 -11455.845258              
VL51    840.875531 -59426.270253   7580.257087              
*  2025  4 30 17 40   0.00000000                            
PL51   4262.380007  -2062.622128 -11347.265295              
VL51  -1264.140166 -58994.812721  10512.111455              
*  2025  4 30 17 42   0.00000000                            
PL51   4234.637239  -2766.897921 -11203.675567              
VL51  -3356.749006 -58348.876984  13413.722982              
*  2025  4 30 17 44   0.00000000                            
PL51   4181.907699  -3462.144984 -11025.492665              
VL51  -5426.939843 -57490.417220  16276.157788              
*  2025  4 30 17 46   0.00000000                            
PL51   4104.520042  -4145.828789 -10813.239882              
VL51  -7464.791588 -56422.194853  19090.571358              
*  2025  4 30 17 48   0.00000000                            
PL51   4002.921217  -4815.452767 -10567.545973              
VL51  -9460.516453 -55147.772816  21848.235039              
*  2025  4 30 17 50   0.00000000                            
PL51   3877.674615  -5468.567868 -10289.143609              
VL51 -11404.503018 -53671.506802  24540.562645              
*  2025  4 30 17 52   0.00000000                            
PL51   3729.457688  -6102.782010  -9978.867508              
VL51 -13287.358955 -51998.533451  27159.137095              
*  2025  4 30 17 54   0.00000000                            
PL51   3559.059073  -6715.769363  -9637.652245              
VL51 -15099.953223 -50134.755446  29695.737014              
*  2025  4 30 17 56   0.00000000                            
PL51   3367.375202  -7305.279437  -9266.529746              
VL51 -16833.457571 -48086.823483  32142.363221              
*  2025  4 30 17 58   0.00000000                            
PL51   3155.406427  -7869.145936  -8866.626460              
VL51 -18479.387142 -45862.115123  34491.265014              
*  2025  4 30 18  0   0.00000000                            
PL51   2924.252660  -8405.295334  -8439.160225              
VL51 -20029.640008 -43468.710510  36734.966149              
*  2025  4 30 18  2   0.00000000                            
PL51   2675.108546  -8911.755147  -7985.436819              
VL51 -21476.535426 -40915.364974  38866.290433              
*  2025  4 30 18  4   0.00000000                            
PL51   2409.258185  -9386.661856  -7506.846208              
VL51 -22812.850631 -38211.478561  40878.386800              
*  2025  4 30 18  6   0.00000000                            
PL51   2128.069429  -9828.268445  -7004.858498              
VL51 -24031.855951 -35367.062519  42764.753762              
*  2025  4 30 18  8   0.00000000                            
PL51   1832.987758 -10234.951517  -6481.019595              
VL51 -25127.348056 -32392.702828  44519.263119              
*  2025  4 30 18 10   0.00000000                            
PL51   1525.529780 -10605.217963  -5936.946591              
VL51 -26093.681133 -29299.520853  46136.182781              
*  2025  4 30 18 12   0.00000000                            
PL51   1207.276357 -10937.711133  -5374.322875              
VL51 -26925.795801 -26099.131247  47610.198585              
*  2025  4 30 18 14   0.00000000                            
PL51    879.865416 -11231.216487  -4794.892996              
VL51 -27619.245573 -22803.597232  48936.434980              
*  2025  4 30 18 16   0.00000000                            
PL51    544.984442 -11484.666704  -4200.457278              
VL51 -28170.220679 -19425.383422  50110.474426              
*  2025  4 30 18 18   0.00000000                            
PL51    204.362710 -11697.146200  -3592.866220              
VL51 -28575.569090 -15977.306378  51128.375405              
*  2025  4 30 18 20   0.00000000                            
PL51   -140.236718 -11867.895042  -2974.014677              
VL51 -28832.814581 -12472.483089  51986.688897              
*  2025  4 30 18 22   0.00000000                            
PL51   -487.025198 -11996.312242  -2345.835862              
VL51 -28940.171679  -8924.277618  52682.473215              
*  2025  4 30 18 24   0.00000000                            
PL51   -834.196863 -12081.958385  -1710.295182              
VL51 -28896.557389  -5346.246151  53213.307079              
*  2025  4 30 18 26   0.00000000                            
PL51  -1179.937109 -12124.557605  -1069.383914              
VL51 -28701.599565  -1752.080716  53577.300823              
*  2025  4 30 18 28   0.00000000                            
PL51  -1522.431160 -12123.998867   -425.112779              
VL51 -28355.641852   1844.448143  53773.105653              
*  2025  4 30 18 30   0.00000000                            
PL51  -1859.872664 -12080.336565    220.494601              
VL51 -27859.745129   5429.549448  53799.920859              
*  2025  4 30 18 32   0.00000000                            
PL51  -2190.472296 -11993.790414    865.408311              
VL51 -27215.685391   8989.470312  53657.498912              
*  2025  4 30 18 34   0.00000000                            
PL51  -2512.466309 -11864.744643   1507.598799              
VL51 -26425.948071  12510.554596  53346.148400              
*  2025  4 30 18 36   0.00000000                            
PL51  -2824.124989 -11693.746481   2145.043558              
VL51 -25493.718782  15979.301367  52866.734749              
*  2025  4 30 18 38   0.00000000                            
PL51  -3123.760992 -11481.503946   2775.733802              
VL51 -24422.870523  19382.422833  52220.678710              
*  2025  4 30 18 40   0.00000000                            
PL51  -3409.737492 -11228.882946   3397.681107              
VL51 -23217.947390  22706.901435  51409.952602              
*  2025  4 30 18 42   0.00000000                            
PL51  -3680.476123 -10936.903697   4008.923998              
VL51 -21884.144884  25940.045755  50437.074325              
*  2025  4 30 18 44   0.00000000                            
PL51  -3934.464661 -10606.736483   4607.534447              
VL51 -20427.286900  29069.544953  49305.099163              
*  2025  4 30 18 46   0.00000000                            
PL51  -4170.264408 -10239.696770   5191.624264              
VL51 -18853.799537  32083.521403  48017.609429              
*  2025  4 30 18 48   0.00000000                            
PL51  -4386.517249  -9837.239703   5759.351349              
VL51 -17170.681873  34970.581272  46578.701999              
*  2025  4 30 18 50   0.00000000                            
PL51  -4581.952335  -9400.954006   6308.925778              
VL51 -15385.473857  37719.862741  44992.973815              
*  2025  4 30 18 52   0.00000000                            
PL51  -4755.392372  -8932.555326   6838.615711              
VL51 -13506.221515  40321.081636  43265.505438              
*  2025  4 30 18 54   0.00000000                            
PL51  -4905.759466  -8433.879036   7346.753085              
VL51 -11541.439665  42764.574238  41401.842740              
*  2025  4 30 18 56   0.00000000                            
PL51  -5032.080519  -7906.872552   7831.739080              
VL51  -9500.072341  45041.337040  39407.976846              
*  2025  4 30 18 58   0.00000000                            
PL51  -5133.492129  -7353.587186   8292.049335              
VL51  -7391.451170  47143.063292  37290.322434              
*  2025  4 30 19  0   0.00000000                            
PL51  -5209.244982  -6776.169583   8726.238887              
VL51  -5225.251912  49062.176137  35055.694522              
*  2025  4 30 19  2   0.00000000                            
PL51  -5258.707714  -6176.852781   9132.946838              
VL51  -3011.449439  50791.858231  32711.283866              
*  2025  4 30 19  4   0.00000000                            
PL51  -5281.370224  -5557.946938   9510.900701              
VL51   -760.271357  52326.077709  30264.631106              
*  2025  4 30 19  6   0.00000000                            
PL51  -5276.846419  -4921.829768   9858.920443              
VL51   1517.849438  53659.610423  27723.599792              
*  2025  4 30 19  8   0.00000000                            
PL51  -5244.876395  -4270.936734  10175.922191              
VL51   3812.323056  54788.058391  25096.348430              
*  2025  4 30 19 10   0.00000000                            
PL51  -5185.328022  -3607.751042  10460.921603              
VL51   6112.451481  55707.864408  22391.301679              
*  2025  4 30 19 12   0.00000000                            
PL51  -5098.197950  -2934.793487  10713.036878              
VL51   8407.477793  56416.322804  19617.120832              
*  2025  4 30 19 14   0.00000000                            
PL51  -4983.612017  -2254.612184  10931.491424              
VL51  10686.635479  56911.586354  16782.673726              
*  2025  4 30 19 16   0.00000000                            
PL51  -4841.825074  -1569.772247  11115.616148              
VL51  12939.197604  57192.669356  13897.004189              
*  2025  4 30 19 18   0.00000000                            
PL51  -4673.220211   -882.845450  11264.851384              
VL51  15154.525613  57259.446928  10969.301186              
*  2025  4 30 19 20   0.00000000                            
PL51  -4478.307409   -196.399924  11378.748452              
VL51  17322.117521  57112.650574   8008.867764              
*  2025  4 30 19 22   0.00000000                            
PL51  -4257.721618    487.010081  11456.970834              
VL51  19431.655304  56753.860123   5025.089918              
*  2025  4 30 19 24   0.00000000                            
PL51  -4012.220267   1164.854304  11499.294988              
VL51  21473.051259  56185.492107   2027.405503              
*  2025  4 30 19 26   0.00000000                            
PL51  -3742.680227   1834.636431  11505.610782              
VL51  23436.493147  55410.784709   -974.726717              
*  2025  4 30 19 28   0.00000000                            
PL51  -3450.094248   2493.903846  11475.921562              
VL51  25312.487937  54433.779384  -3971.857790              
*  2025  4 30 19 30   0.00000000                            
PL51  -3135.566866   3140.257141  11410.343849              
VL51  27091.903963  53259.299285  -6954.578943              
*  2025  4 30 19 32   0.00000000                            
PL51  -2800.309827   3771.359357  11309.106679              
VL51  28766.011322  51892.924625  -9913.551546              
*  2025  4 30 19 34   0.00000000                            
PL51  -2445.637031   4384.944903  11172.550583              
VL51  30326.520371  50340.965122 -12839.536541              
*  2025  4 30 19 36   0.00000000                            
PL51  -2072.959032   4978.828131  11001.126219              
VL51  31765.618151  48610.429691 -15723.423282              
*  2025  4 30 19 38   0.00000000                            
PL51  -1683.777102   5550.911532  10795.392661              
VL51  33076.002622  46708.993525 -18556.257697              
*  2025  4 30 19 40   0.00000000                            
PL51  -1279.676916   6099.193521  10556.015354              
VL51  34250.914573  44644.962757 -21329.269686              
*  2025  4 30 19 42   0.00000000                            
PL51   -862.321852   6621.775787  10283.763748              
VL51  35284.167093  42427.236863 -24033.899702              
*  2025  4 30 19 44   0.00000000                            
PL51   -433.445959   7116.870172   9979.508616              
VL51  36170.172508  40065.268993 -26661.824433              
*  2025  4 30 19 46   0.00000000                            
PL51      5.153375   7582.805075   9644.219069              
VL51  36903.966684  37569.024411 -29204.981538              
*  2025  4 30 19 48   0.00000000                            
PL51    451.623049   8018.031333   9278.959280              
VL51  37481.230623  34948.937238 -31655.593366              
*  2025  4 30 19 50   0.00000000                            
PL51    904.062095   8421.127583   8884.884932              
VL51  37898.309277  32215.865674 -34006.189618              
*  2025  4 30 19 52   0.00000000                            
PL51   1360.529753   8790.805074   8463.239400              
VL51  38152.227531  29381.045906 -36249.628890              
*  2025  4 30 19 54   0.00000000                            
PL51   1819.053707   9125.911924   8015.349680              
VL51  38240.703289  26456.044885 -38379.119066              
*  2025  4 30 19 56   0.00000000                            
PL51   2277.638466   9425.436795   7542.622081              
VL51  38162.157641  23452.712159 -40388.236500              
*  2025  4 30 19 58   0.00000000                            
PL51   2734.273849   9688.511998   7046.537693              
VL51  37915.722077  20383.130975 -42270.943958              
*  2025  4 30 20  0   0.00000000                            
PL51   3186.943538   9914.415997   6528.647652              
VL51  37501.242727  17259.568819 -44021.607266              
*  2025  4 30 20  2   0.00000000                            
PL51   3633.633664  10102.575323   5990.568209              
VL51  36919.281629  14094.427627 -45635.010627              
*  2025  4 30 20  4   0.00000000                            
PL51   4072.341391  10252.565886   5433.975622              
VL51  36171.115035  10900.193830 -47106.370570              
*  2025  4 30 20  6   0.00000000                            
PL51   4501.083463  10364.113691   4860.600896              
VL51  35258.728766   7689.388470 -48431.348500              
*  2025  4 30 20  8   0.00000000                            
PL51   4917.904671  10437.094956   4272.224370              
VL51  34184.810677   4474.517570 -49606.061814              
*  2025  4 30 20 10   0.00000000                            
PL51   5320.886227  10471.535633   3670.670193              
VL51  32952.740262   1268.022955 -50627.093583              
*  2025  4 30 20 12   0.00000000                            
PL51   5708.153978  10467.610350   3057.800677              
VL51  31566.575462  -1917.766267 -51491.500762              
*  2025  4 30 20 14   0.00000000                            
PL51   6077.886462  10425.640766   2435.510577              
VL51  30031.036768  -5070.681400 -52196.820955              
*  2025  4 30 20 16   0.00000000                            
PL51   6428.322745  10346.093372   1805.721282              
VL51  28351.488682  -8178.760821 -52741.077708              
*  2025  4 30 20 18   0.00000000                            
PL51   6757.770026  10229.576725   1170.374966              
VL51  26533.918625 -11230.295480 -53122.784349              
*  2025  4 30 20 20   0.00000000                            
PL51   7064.610977  10076.838154    531.428690              
VL51  24584.913411 -14213.873022 -53340.946377              
*  2025  4 30 20 22   0.00000000                            
PL51   7347.310778   9888.759943   -109.151509              
VL51  22511.633377 -17118.420416 -53395.062419              
*  2025  4 30 20 24   0.00000000                            
PL51   7604.423834   9666.355011   -749.396536              
VL51  20321.784302 -19933.244909 -53285.123766              
*  2025  4 30 20 26   0.00000000                            
PL51   7834.600143   9410.762111  -1387.340137              
VL51  18023.587216 -22648.073192 -53011.612514              
*  2025  4 30 20 28   0.00000000                            
PL51   8036.591289   9123.240572  -2021.024773              
VL51  15625.746263 -25253.088627 -52575.498336              
*  2025  4 30 20 30   0.00000000                            
PL51   8209.256033   8805.164605  -2648.507446              
VL51  13137.414726 -27738.966417 -51978.233915              
*  2025  4 30 20 32   0.00000000                            
PL51   8351.565493   8458.017202  -3267.865456              
VL51  10568.159372 -30096.906622 -51221.749072              
*  2025  4 30 20 34   0.00000000                            
PL51   8462.607884   8083.383651  -3877.202093              
VL51   7927.923260 -32318.664907 -50308.443636              
*  2025  4 30 20 36   0.00000000                            
PL51   8541.592805   7682.944695  -4474.652220              
VL51   5226.987164 -34396.580943 -49241.179084              
*  2025  4 30 20 38   0.00000000                            
PL51   8587.855049   7258.469364  -5058.387764              
VL51   2475.929751 -36323.604391 -48023.269009              
*  2025  4 30 20 40   0.00000000                            
PL51   8600.857939   6811.807515  -5626.623071              
VL51   -314.413322 -38093.318384 -46658.468453              
*  2025  4 30 20 42   0.00000000                            
PL51   8580.196158   6344.882101  -6177.620142              
VL51  -3132.991247 -39699.960485 -45150.962155              
*  2025  4 30 20 44   0.00000000                            
PL51   8525.598075   5859.681202  -6709.693707              
VL51  -5968.580694 -41138.441051 -43505.351763              
*  2025  4 30 20 46   0.00000000                            
PL51   8436.927562   5358.249861  -7221.216149              
VL51  -8809.829073 -42404.358978 -41726.642050              
*  2025  4 30 20 48   0.00000000                            
PL51   8314.185276   4842.681732  -7710.622255              
VL51 -11645.298278 -43494.014807 -39820.226194              
*  2025  4 30 20 50   0.00000000                            
PL51   8157.509425   4315.110601  -8176.413783              
VL51 -14463.508777 -44404.421167 -37791.870159              
*  2025  4 30 20 52   0.00000000                            
PL51   7967.175999   3777.701790  -8617.163835              
VL51 -17252.983893 -45133.310558 -35647.696226              
*  2025  4 30 20 54   0.00000000                            
PL51   7743.598469   3232.643485  -9031.521036              
VL51 -20002.294132 -45679.140468 -33394.165737              
*  2025  4 30 20 56   0.00000000                            
PL51   7487.326954   2682.138016  -9418.213488              
VL51 -22700.101438 -46041.095845 -31038.061071              
*  2025  4 30 20 58   0.00000000                            
PL51   7199.046864   2128.393133  -9776.052518              
VL51 -25335.203209 -46219.088931 -28586.466914              
*  2025  4 30 21  0   0.00000000                            
PL51   6879.577006   1573.613283 -10103.936183              
VL51 -27896.575971 -46213.756497 -26046.750861              
*  2025  4 30 21  2   0.00000000                            
PL51   6529.867179   1019.990953 -10400.852552              
VL51 -30373.418570 -46026.454501 -23426.543369              
*  2025  4 30 21  4   0.00000000                            
PL51   6150.995249    469.698081 -10665.882731              
VL51 -32755.194754 -45659.250202 -20733.717112              
*  2025  4 30 21  6   0.00000000                            
PL51   5744.163717    -75.122420 -10898.203646              
VL51 -35031.675026 -45114.911775 -17976.365754              
*  2025  4 30 21  8   0.00000000                            
PL51   5310.695792   -612.364997 -11097.090566              
VL51 -37192.977641 -44396.895461 -15162.782175              
*  2025  4 30 21 10   0.00000000                            
PL51   4852.030978  -1139.969624 -11261.919357              
VL51 -39229.608625 -43509.330293 -12301.436169              
*  2025  4 30 21 12   0.00000000                            
PL51   4369.720184  -1655.929776 -11392.168471              
VL51 -41132.500694 -42457.000461  -9400.951647              
*  2025  4 30 21 14   0.00000000                            
PL51   3865.420376  -2158.300168 -11487.420656              
VL51 -42893.050949 -41245.325341  -6470.083355              
*  2025  4 30 21 16   0.00000000                            
PL51   3340.888789  -2645.204249 -11547.364381              
VL51 -44503.157225 -39880.337267  -3517.693141              
*  2025  4 30 21 18   0.00000000                            
PL51   2797.976701  -3114.841414 -11571.794982              
VL51 -45955.252973 -38368.657085   -552.725788              
*  2025  4 30 21 20   0.00000000                            
PL51   2238.622810  -3565.493905 -11560.615505              
VL51 -47242.340536 -36717.467553   2415.815564              
*  2025  4 30 21 22   0.00000000                            
PL51   1664.846214  -3995.533389 -11513.837262              
VL51 -48358.022712 -34934.484656   5378.894385              
*  2025  4 30 21 24   0.00000000                            
PL51   1078.739023  -4403.427169 -11431.580076              
VL51 -49296.532454 -33027.926889   8327.466072              
*  2025  4 30 21 26   0.00000000                            
PL51    482.458634  -4787.744025 -11314.072223              
VL51 -50052.760585 -31006.482600  11252.503598              
*  2025  4 30 21 28   0.00000000                            
PL51   -121.780326  -5147.159641 -11161.650073              
VL51 -50622.281395 -28879.275449  14145.023445              
*  2025  4 30 21 30   0.00000000                            
PL51   -731.714337  -5480.461621 -10974.757402              
VL51 -51001.375989 -26655.828088  16996.111784              
*  2025  4 30 21 32   0.00000000                            
PL51  -1345.039599  -5786.554040 -10753.944405              
VL51 -51187.053245 -24346.024143  19796.950850              
*  2025  4 30 21 34   0.00000000                            
PL51  -1959.420882  -6064.461550 -10499.866380              
VL51 -51177.068270 -21960.068604  22538.845467              
*  2025  4 30 21 36   0.00000000                            
PL51  -2572.500572  -6313.332984 -10213.282099              
VL51 -50969.938204 -19508.446732  25213.249655              
*  2025  4 30 21 38   0.00000000                            
PL51  -3181.907900  -6532.444467  -9895.051857              
VL51 -50564.955257 -17001.881591  27811.793268              
*  2025  4 30 21 40   0.00000000                            
PL51  -3785.268307  -6721.202012  -9546.135203              
VL51 -49962.196856 -14451.290345  30326.308572              
*  2025  4 30 21 42   0.00000000                            
PL51  -4380.212911  -6879.143577  -9167.588352              
VL51 -49162.532766 -11867.739454  32748.856699              
*  2025  4 30 21 44   0.00000000                            
PL51  -4964.388043  -7005.940587  -8760.561281              
VL51 -48167.629091  -9262.398907  35071.753876              
*  2025  4 30 21 46   0.00000000                            
PL51  -5535.464812  -7101.398893  -8326.294511              
VL51 -46979.949039  -6646.495676  37287.597325              
*  2025  4 30 21 48   0.00000000                            
PL51  -6091.148654  -7165.459179  -7866.115585              
VL51 -45602.750367  -4031.266548  39389.290747              
*  2025  4 30 21 50   0.00000000                            
PL51  -6629.188840  -7198.196789  -7381.435235              
VL51 -44040.079412  -1427.910530  41370.069248              
*  2025  4 30 21 52   0.00000000                            
PL51  -7147.387883  -7199.820991  -6873.743264              
VL51 -42296.761672   1152.458974  43223.523624              
*  2025  4 30 21 54   0.00000000                            
PL51  -7643.610811  -7170.673659  -6344.604132              
VL51 -40378.388865   3698.862012  44943.623843              
*  2025  4 30 21 56   0.00000000                            
PL51  -8115.794274  -7111.227390  -5795.652271              
VL51 -38291.302452   6200.499731  46524.741630              
*  2025  4 30 21 58   0.00000000                            
PL51  -8561.955415  -7022.083041  -5228.587134              
VL51 -36042.573616   8646.801604  47961.672000              
*  2025  4 30 22  0   0.00000000                            
PL51  -8980.200498  -6903.966716  -4645.167991              
VL51 -33639.979714  11027.471995  49249.653631              
*  2025  4 30 22  2   0.00000000                            
PL51  -9368.733215  -6757.726185  -4047.208491              
VL51 -31091.977242  13332.535829  50384.387924              
*  2025  4 30 22  4   0.00000000                            
PL51  -9725.862662  -6584.326774  -3436.571000              
VL51 -28407.671368  15552.383111  51362.056637              
*  2025  4 30 22  6   0.00000000                            
PL51 -10050.010923  -6384.846721  -2815.160739              
VL51 -25596.782139  17677.812069  52179.337970              
*  2025  4 30 22  8   0.00000000                            
PL51 -10339.720225  -6160.472029  -2184.919741              
VL51 -22669.607463  19700.070658  52833.420967              
*  2025  4 30 22 10   0.00000000                            
PL51 -10593.659640  -5912.490826  -1547.820639              
VL51 -19636.983009  21610.896185  53322.018146              
*  2025  4 30 22 12   0.00000000                            
PL51 -10810.631282  -5642.287270   -905.860322              
VL51 -16510.239194  23402.552836  53643.376230              
*  2025  4 30 22 14   0.00000000                            
PL51 -10989.575969  -5351.335007   -261.053468              
VL51 -13301.155443  25067.866852  53796.284900              
*  2025  4 30 22 16   0.00000000                            
PL51 -11129.578327  -5041.190235    384.574013              
VL51 -10021.911942  26600.259146  53780.083489              
*  2025  4 30 22 18   0.00000000                            
PL51 -11229.871298  -4713.484380   1028.991608              
VL51  -6685.039115  27993.775164  53594.665535              
*  2025  4 30 22 20   0.00000000                            
PL51 -11289.840027  -4369.916440   1670.170859              
VL51  -3303.365097  29243.111776  53240.481161              
*  2025  4 30 22 22   0.00000000                            
PL51 -11309.025114  -4012.245022   2306.092057              
VL51    110.038541  30343.641052  52718.537229              
*  2025  4 30 22 24   0.00000000                            
PL51 -11287.125200  -3642.280111   2934.750901              
VL51   3541.912497  31291.430754  52030.395262              
*  2025  4 30 22 26   0.00000000                            
PL51 -11223.998879  -3261.874619   3554.165139              
VL51   6978.866602  32083.261416  51178.167121              
*  2025  4 30 22 28   0.00000000                            
PL51 -11119.665927  -2872.915747   4162.381132              
VL51  10407.437499  32716.639914  50164.508449              
*  2025  4 30 22 30   0.00000000                            
PL51 -10974.307825  -2477.316200   4757.480327              
VL51  13814.146843  33189.809436  48992.609928              
*  2025  4 30 22 32   0.00000000                            
PL51 -10788.267595  -2077.005317   5337.585616              
VL51  17185.559691  33501.755801  47666.186372              
*  2025  4 30 22 34   0.00000000                            
PL51 -10562.048925  -1673.920134   5900.867551              
VL51  20508.342759  33652.210078  46189.463725              
*  2025  4 30 22 36   0.00000000                            
PL51 -10296.314603  -1269.996447   6445.550387              
VL51  23769.322226  33641.647529  44567.164045              
*  2025  4 30 22 38   0.00000000                            
PL51  -9991.884262   -867.159906   6969.917937              
VL51  26955.540783  33471.282863  42804.488558              
*  2025  4 30 22 40   0.00000000                            
PL51  -9649.731441   -467.317187   7472.319210              
VL51  30054.313616  33143.061865  40907.098878              
*  2025  4 30 22 42   0.00000000                            
PL51  -9270.979989    -72.347288   7951.173817              
VL51  33053.283040  32659.649468  38881.096514              
*  2025  4 30 22 44   0.00000000                            
PL51  -8856.899818    315.907010   8404.977114              
VL51  35940.471505  32024.414345  36733.000769              
*  2025  4 30 22 46   0.00000000                            
PL51  -8408.902034    695.647482   8832.305079              
VL51  38704.332723  31241.410147  34469.725167              
*  2025  4 30 22 48   0.00000000                            
PL51  -7928.533464   1065.128549   9231.818896              
VL51  41333.800674  30315.353503  32098.552523              
*  2025  4 30 22 50   0.00000000                            
PL51  -7417.470611   1422.665084   9602.269226              
VL51  43818.336251  29251.598940  29627.108785              
*  2025  4 30 22 52   0.00000000                            
PL51  -6877.513064   1766.639902   9942.500164              
VL51  46147.971358  28056.110874  27063.335798              
*  2025  4 30 22 54   0.00000000                            
PL51  -6310.576396   2095.510901  10251.452863              
VL51  48313.350260  26735.432855  24415.463100              
*  2025  4 30 22 56   0.00000000                            
PL51  -5718.684580   2407.817809  10528.168812              
VL51  50305.768010  25296.654251  21691.978907              
*  2025  4 30 22 58   0.00000000                            
PL51  -5103.961965   2702.188524  10771.792763              
VL51  52117.205815  23747.374567  18901.600405              
*  2025  4 30 23  0   0.00000000                            
PL51  -4468.624847   2977.345012  10981.575296              
VL51  53740.363207  22095.665608  16053.243500              
*  2025  4 30 23  2   0.00000000                            
PL51  -3814.972672   3232.108734  11156.875021              
VL51  55168.686897  20350.031698  13155.992148              
*  2025  4 30 23  4   0.00000000                            
PL51  -3145.378911   3465.405595  11297.160408              
VL51  56396.396245  18519.368186  10219.067408              
*  2025  4 30 23  6   0.00000000                            
PL51  -2462.281657   3676.270373  11402.011251              
VL51  57418.505270  16612.918444   7251.796341              
*  2025  4 30 23  8   0.00000000                            
PL51  -1768.173972   3863.850634  11471.119745              
VL51  58230.841151  14640.229603   4263.580866              
*  2025  4 30 23 10   0.00000000                            
PL51  -1065.594038   4027.410107  11504.291202              
VL51  58830.059198  12611.107240   1263.866705              
*  2025  4 30 23 12   0.00000000                            
PL51   -357.115142   4166.331509  11501.444394              
VL51  59213.654293  10535.569241  -1737.887500              
*  2025  4 30 23 14   0.00000000                            
PL51    354.664444   4280.118811  11462.611518              
VL51  59379.968777   8423.799072  -4732.240781              
*  2025  4 30 23 16   0.00000000                            
PL51   1067.131664   4368.398943  11387.937806              
VL51  59328.196825   6286.098656  -7709.800079              
*  2025  4 30 23 18   0.00000000                            
PL51   1777.668910   4430.922933  11277.680771              
VL51  59058.385329   4132.841087 -10661.250020              
*  2025  4 30 23 20   0.00000000                            
PL51   2483.664243   4467.566478  11132.209098              
VL51  58571.431310   1974.423375 -13577.382150              
*  2025  4 30 23 22   0.00000000                            
PL51   3182.521559   4478.329945  10952.001187              
VL51  57869.075936   -178.780554 -16449.123570              
*  2025  4 30 23 24   0.00000000                            
PL51   3871.670667   4463.337819  10737.643360              
VL51  56953.895179  -2316.466429 -19267.564868              
*  2025  4 30 23 26   0.00000000                            
PL51   4548.577239   4422.837586  10489.827735              
VL51  55829.287196  -4428.445560 -22023.987298              
*  2025  4 30 23 28   0.00000000                            
PL51   5210.752577   4357.198079  10209.349779              
VL51  54499.456516  -6504.689937 -24709.889133              
*  2025  4 30 23 30   0.00000000                            
PL51   5855.763183   4266.907280   9897.105550              
VL51  52969.395108  -8535.376320 -27317.011116              
*  2025  4 30 23 32   0.00000000                            
PL51   6481.240079   4152.569608   9554.088638              
VL51  51244.860456 -10510.929145 -29837.360960              
*  2025  4 30 23 34   0.00000000                            
PL51   7084.887849   4014.902693   9181.386822              
VL51  49332.350731 -12422.062073 -32263.236832              
*  2025  4 30 23 36   0.00000000                            
PL51   7664.493361   3854.733664   8780.178448              
VL51  47239.077183 -14259.818017 -34587.249770              
*  2025  4 30 23 38   0.00000000                            
PL51   8217.934146   3672.994969   8351.728542              
VL51  44972.933891 -16015.607502 -36802.344975              
*  2025  4 30 23 40   0.00000000                            
PL51   8743.186399   3470.719739   7897.384686              
VL51  42542.464985 -17681.245204 -38901.821931              
*  2025  4 30 23 42   0.00000000                            
PL51   9238.332571   3249.036730   7418.572645              
VL51  39956.829504 -19248.984527 -40879.353292              
*  2025  4 30 23 44   0.00000000                            
PL51   9701.568524   3009.164863   6916.791784              
VL51  37225.764041 -20711.550095 -42729.002508              
*  2025  4 30 23 46   0.00000000                            
PL51  10131.210228   2752.407381   6393.610281              
VL51  34359.543329 -22062.168033 -44445.240132              
*  2025  4 30 23 48   0.00000000                            
PL51  10525.699975   2480.145664   5850.660148              
VL51  31368.938959 -23294.593930 -46022.958781              
*  2025  4 30 23 50   0.00000000                            
PL51  10883.612082   2193.832722   5289.632085              
VL51  28265.176381 -24403.138385 -47457.486722              
*  2025  4 30 23 52   0.00000000                            
PL51  11203.658072   1894.986387   4712.270177              
VL51  25059.890396 -25382.690052 -48744.600052              
*  2025  4 30 23 54   0.00000000                            
PL51  11484.691314   1585.182259   4120.366456              
VL51  21765.079303 -26228.736108 -49880.533456              
*  2025  4 30 23 56   0.00000000                            
PL51  11725.711102   1266.046408   3515.755337              
VL51  18393.057901 -26937.380067 -50861.989519              
*  2025  4 30 23 58   0.00000000                            
PL51  11925.866170    939.247888   2900.307958              
VL51  14956.409532 -27505.356913 -51686.146593              
*  2025  5  1  0  0   0.00000000                            
PL51  12084.457608    606.491239   2275.926427              
VL51  11467.937739 -27930.045333 -52350.665201              
*  2025  5  1  0  2   0.00000000                            
PL51  12200.941253    269.507872   1644.538010              
VL51   7940.615059 -28209.478123 -52853.692977              
*  2025  5  1  0  4   0.00000000                            
PL51  12274.929349    -69.950088   1008.089260              
VL51   4387.537360 -28342.347415 -53193.868152              
*  2025  5  1  0  6   0.00000000                            
PL51  12306.191789   -410.119553    368.540115              
VL51    821.869859 -28328.010399 -53370.321588              
*  2025  5  1  0  8   0.00000000                            
PL51  12294.656618   -749.233515   -272.142015              
VL51  -2743.200552 -28166.489726 -53382.677373              
*  2025  5  1  0 10   0.00000000                            
PL51  12240.410008  -1085.529230   -911.988165              
VL51  -6294.515358 -27858.472190 -53231.052004              
*  2025  5  1  0 12   0.00000000                            
PL51  12143.695612  -1417.256158  -1549.033713              
VL51  -9818.993647 -27405.304495 -52916.052162              
*  2025  5  1  0 14   0.00000000                            
PL51  12004.913347  -1742.683847  -2181.324241              
VL51 -13303.680755 -26808.986332 -52438.771129              
*  2025  5  1  0 16   0.00000000                            
PL51  11824.617588  -2060.109712  -2806.921346              
VL51 -16735.796160 -26072.160804 -51800.783868              
*  2025  5  1  0 18   0.00000000                            
PL51  11603.514797  -2367.866687  -3423.908382              
VL51 -20102.780448 -25198.102277 -51004.140806              
*  2025  5  1  0 20   0.00000000                            
PL51  11342.460590  -2664.330713  -4030.396128              
VL51 -23392.341209 -24190.701710 -50051.360361              
*  2025  5  1  0 22   0.00000000                            
PL51  11042.456269  -2947.928038  -4624.528346              
VL51 -26592.497683 -23054.449557 -48945.420262              
*  2025  5  1  0 24   0.00000000                            
PL51  10704.644815  -3217.142296  -5204.487240              
VL51 -29691.624031 -21794.416326 -47689.747698              
*  2025  5  1  0 26   0.00000000                            
PL51  10330.306383  -3470.521342  -5768.498781              
VL51 -32678.491100 -20416.230875 -46288.208357              
*  2025  5  1  0 28   0.00000000                            
PL51   9920.853294  -3706.683805  -6314.837901              
VL51 -35542.306537 -18926.056567 -44745.094399              
*  2025  5  1  0 30   0.00000000                            
PL51   9477.824565  -3924.325357  -6841.833531              
VL51 -38272.753163 -17330.565356 -43065.111401              
*  2025  5  1  0 32   0.00000000                            
PL51   9002.879983  -4122.224646  -7347.873481              
VL51 -40860.025482 -15636.909948 -41253.364342              
*  2025  5  1  0 34   0.00000000                            
PL51   8497.793759  -4299.248887  -7831.409141              
VL51 -43294.864234 -13852.694117 -39315.342659              
*  2025  5  1  0 36   0.00000000                            
PL51   7964.447773  -4454.359093  -8290.960005              
VL51 -45568.588907 -11985.941306 -37256.904427              
*  2025  5  1  0 38   0.00000000                            
PL51   7404.824446  -4586.614911  -8725.117990              
VL51 -47673.128111 -10045.061630 -35084.259714              
*  2025  5  1  0 40   0.00000000                            
PL51   6820.999258  -4695.179058  -9132.551561              
VL51 -49601.047774  -8038.817394 -32803.953141              
*  2025  5  1  0 42   0.00000000                            
PL51   6215.132945  -4779.321333  -9512.009635              
VL51 -51345.577052  -5976.287252 -30422.845708              
*  2025  5  1  0 44   0.00000000                            
PL51   5589.463394  -4838.422193  -9862.325264              
VL51 -52900.631930  -3866.829128 -27948.095914              
*  2025  5  1  0 46   0.00000000                            
PL51   4946.297270  -4871.975874 -10182.419090              
VL51 -54260.836454  -1720.042015 -25387.140200              
*  2025  5  1  0 48   0.00000000                            
PL51   4288.001409  -4879.593051 -10471.302561              
VL51 -55421.541539    454.273216 -22747.672762              
*  2025  5  1  0 50   0.00000000                            
PL51   3616.993988  -4861.003022 -10728.080896              
VL51 -56378.841319   2646.153881 -20037.624752              
*  2025  5  1  0 52   0.00000000                            
PL51   2935.735529  -4816.055403 -10951.955804              
VL51 -57129.586994   4845.516296 -17265.142903              
*  2025  5  1  0 54   0.00000000                            
PL51   2246.719735  -4744.721335 -11142.227939              
VL51 -57671.398136   7042.197207 -14438.567595              
*  2025  5  1  0 56   0.00000000                            
PL51   1552.464222  -4647.094183 -11298.299088              
VL51 -58002.671420   9225.995709 -11566.410406              
*  2025  5  1  0 58   0.00000000                            
PL51    855.501151  -4523.389741 -11419.674092              
VL51 -58122.586758  11386.715532  -8657.331157              
*  2025  5  1  1  0   0.00000000                            
PL51    158.367803  -4373.945915 -11505.962480              
VL51 -58031.110799  13514.207541  -5720.114492              
*  2025  5  1  1  2   0.00000000                            
PL51   -536.402863  -4199.221908 -11556.879829              
VL51 -57728.997786  15598.412344  -2763.646010              
*  2025  5  1  1  4   0.00000000                            
PL51  -1226.291658  -3999.796881 -11572.248826              
VL51 -57217.787743  17629.402846    203.112023              
*  2025  5  1  1  6   0.00000000                            
PL51  -1908.802569  -3776.368117 -11552.000042              
VL51 -56499.801977  19597.426630   3171.145361              
*  2025  5  1  1  8   0.00000000                            
PL51  -2581.472089  -3529.748668 -11496.172405              
VL51 -55578.135884  21492.948005   6131.412836              
*  2025  5  1  1 10   0.00000000                            
PL51  -3241.878453  -3260.864505 -11404.913375              
VL51 -54456.649042  23306.689598   9074.871754              
*  2025  5  1  1 12   0.00000000                            
PL51  -3887.650736  -2970.751176 -11278.478802              
VL51 -53139.952582  25029.673315  11992.503608              
*  2025  5  1  1 14   0.00000000                            
PL51  -4516.477777  -2660.549964 -11117.232483              
VL51 -51633.393838  26653.260542  14875.340063              
*  2025  5  1  1 16   0.00000000                            
PL51  -5126.116913  -2331.503586 -10921.645405              
VL51 -49943.038262  28169.191408  17714.489176              
*  2025  5  1  1 18   0.00000000                            
PL51  -5714.402474  -1984.951411 -10692.294667              
VL51 -48075.648625  29569.622968  20501.161802              
*  2025  5  1  1 20   0.00000000                            
PL51  -6279.254009  -1622.324237 -10429.862088              
VL51 -46038.661503  30847.166123  23226.698137              
*  2025  5  1  1 22   0.00000000                            
PL51  -6818.684220  -1245.138630 -10135.132496              
VL51 -43840.161073  31994.921117  25882.594330              
*  2025  5  1  1 24   0.00000000                            
PL51  -7330.806560   -854.990846  -9808.991697              
VL51 -41488.850248  33006.511443  28460.529109              
*  2025  5  1  1 26   0.00000000                            
PL51  -7813.842476   -453.550360  -9452.424121              
VL51 -38994.019193  33876.115968  30952.390328              
*  2025  5  1  1 28   0.00000000                            
PL51  -8266.128248    -42.553015  -9066.510161              
VL51 -36365.511266  34598.499116  33350.301370              
*  2025  5  1  1 30   0.00000000                            
PL51  -8686.121419    376.206174  -8652.423184              
VL51 -33613.686465  35169.038929  35646.647299              
*  2025  5  1  1 32   0.00000000                            
PL51  -9072.406752    800.880541  -8211.426234              
VL51 -30749.382444  35583.752823  37834.100677              
*  2025  5  1  1 34   0.00000000                            
PL51  -9423.701727   1229.579581  -7744.868436              
VL51 -27783.873207  35839.320871  39905.646913              
*  2025  5  1  1 36   0.00000000                            
PL51  -9738.861513   1660.377031  -7254.181087              
VL51 -24728.825598  35933.106447  41854.609062              
*  2025  5  1  1 38   0.00000000                            
PL51 -10016.883408   2091.319180  -6740.873460              
VL51 -21596.253707  35863.174063  43674.671926              
*  2025  5  1  1 40   0.00000000                            
PL51 -10256.910729   2520.433372  -6206.528325              
VL51 -18398.471359  35628.304252  45359.905337              
*  2025  5  1  1 42   0.00000000                            
PL51 -10458.236111   2945.736677  -5652.797191              
VL51 -15148.042860  35228.005357  46904.786502              
*  2025  5  1  1 44   0.00000000                            
PL51 -10620.304211   3365.244673  -5081.395286              
VL51 -11857.732179  34662.522090  48304.221270              
*  2025  5  1  1 46   0.00000000                            
PL51 -10742.713790   3776.980324  -4494.096301              
VL51  -8540.450789  33932.840762  49553.564191              
*  2025  5  1  1 48   0.00000000                            
PL51 -10825.219166   4178.982886  -3892.726880              
VL51  -5209.204383  33040.691078  50648.637238              
*  2025  5  1  1 50   0.00000000                            
PL51 -10867.731021   4569.316829  -3279.160916              
VL51  -1877.038723  31988.544432  51585.747063              
*  2025  5  1  1 52   0.00000000                            
PL51 -10870.316553   4946.080704  -2655.313633              
VL51   1443.015137  30779.608633  52361.700665              
*  2025  5  1  1 54   0.00000000                            
PL51 -10833.198968   5307.415930  -2023.135499              
VL51   4737.995967  29417.819048  52973.819353              
*  2025  5  1  1 56   0.00000000                            
PL51 -10756.756312   5651.515457  -1384.605977              
VL51   7995.067549  27907.826129  53419.950894              
*  2025  5  1  1 58   0.00000000                            
PL51 -10641.519641   5976.632253   -741.727149              
VL51  11201.573626  26254.979359  53698.479747              
*  2025  5  1  2  0   0.00000000                            
PL51 -10488.170533   6281.087576    -96.517218              
VL51  14345.092341  24465.307650  53808.335291              
*  2025  5  1  2  2   0.00000000                            
PL51 -10297.537955   6563.278994    548.996066              
VL51  17413.489836  22545.496246  53748.997976              
*  2025  5  1  2  4   0.00000000                            
PL51 -10070.594488   6821.688106   1192.782043              
VL51  20394.972732  20502.860243  53520.503321              
*  2025  5  1  2  6   0.00000000                            
PL51  -9808.451934   7054.887924   1832.813825              
VL51  23278.139176  18345.314823  53123.443733              
*  2025  5  1  2  8   0.00000000                            
PL51  -9512.356322   7261.549879   2467.074968              
VL51  26052.028171  16081.342359  52558.968084              
*  2025  5  1  2 10   0.00000000                            
PL51  -9183.682330   7440.450417   3093.566146              
VL51  28706.166898  13719.956543  51828.779060              
*  2025  5  1  2 12   0.00000000                            
PL51  -8823.927153   7590.477142   3710.311760              
VL51  31230.615759  11270.663731  50935.128259              
*  2025  5  1  2 14   0.00000000                            
PL51  -8434.703849   7710.634489   4315.366493              
VL51  33616.010887   8743.421707  49880.809076              
*  2025  5  1  2 16   0.00000000                            
PL51  -8017.734187   7800.048873   4906.821753              
VL51  35853.603879   6148.596090  48669.147384              
*  2025  5  1  2 18   0.00000000                            
PL51  -7574.841040   7857.973321   5482.811995              
VL51  37935.298534   3496.914629  47303.990083              
*  2025  5  1  2 20   0.00000000                            
PL51  -7107.940352   7883.791525   6041.520898              
VL51  39853.684389    799.419629  45789.691571              
*  2025  5  1  2 22   0.00000000                            
PL51  -6619.032727   7877.021330   6581.187363              
VL51  41602.066895  -1932.581221  44131.098209              
*  2025  5  1  2 24   0.00000000                            
PL51  -6110.194670   7837.317610   7100.111312              
VL51  43174.494062  -4687.565343  42333.530885              
*  2025  5  1  2 26   0.00000000                            
PL51  -5583.569541   7764.474545   7596.659269              
VL51  44565.779466  -7453.846827  40402.765765              
*  2025  5  1  2 28   0.00000000                            
PL51  -5041.358243   7658.427264   8069.269700              
VL51  45771.521506 -10219.628747  38345.013353              
*  2025  5  1  2 30   0.00000000                            
PL51  -4485.809712   7519.252859   8516.458091              
VL51  46788.118854 -12973.055974  36166.895971              
*  2025  5  1  2 32   0.00000000                            
PL51  -3919.211237   7347.170772   8936.821748              
VL51  47612.782028 -15702.268196  33875.423791              
*  2025  5  1  2 34   0.00000000                            
PL51  -3343.878669   7142.542531   9329.044301              
VL51  48243.541101 -18395.452869  31477.969548              
*  2025  5  1  2 36   0.00000000                            
PL51  -2762.146563   6905.870867   9691.899895              
VL51  48679.249515 -21040.897834  28982.242081              
*  2025  5  1  2 38   0.00000000                            
PL51  -2176.358286   6637.798192  10024.257062              
VL51  48919.584068 -23627.043337  26396.258824              
*  2025  5  1  2 40   0.00000000                            
PL51  -1588.856164   6339.104466  10325.082252              
VL51  48965.041098 -26142.533208  23728.317405              
*  2025  5  1  2 42   0.00000000                            
PL51  -1001.971684   6010.704450  10593.443023              
VL51  48816.928952 -28576.264948  20986.966470              
*  2025  5  1  2 44   0.00000000                            
PL51   -418.015815   5653.644369  10828.510873              
VL51  48477.356839 -30917.438517  18180.975888              
*  2025  5  1  2 46   0.00000000                            
PL51    160.730518   5269.097995  11029.563717              
VL51  47949.220159 -33155.603600  15319.306441              
*  2025  5  1  2 48   0.00000000                            
PL51    732.025764   4858.362177  11195.987988              
VL51  47236.182452 -35280.705149  12411.079148              
*  2025  5  1  2 50   0.00000000                            
PL51   1293.676837   4422.851835  11327.280381              
VL51  46342.654083 -37283.127024   9465.544333              
*  2025  5  1  2 52   0.00000000                            
PL51   1843.547936   3964.094440  11423.049215              
VL51  45273.767827 -39153.733548   6492.050547              
*  2025  5  1  2 54   0.00000000                            
PL51   2379.569054   3483.724010  11483.015423              
VL51  44035.351511 -40883.908820   3500.013476              
*  2025  5  1  2 56   0.00000000                            
PL51   2899.744137   2983.474650  11507.013178              
VL51  42633.897867 -42465.593642    498.884929              
*  2025  5  1  2 58   0.00000000                            
PL51   3402.158872   2465.173661  11494.990133              
VL51  41076.531798 -43891.319912  -2501.877987              
*  2025  5  1  3  0   0.00000000                            
PL51   3884.988062   1930.734255  11447.007308              
VL51  39370.975212 -45154.242377  -5492.843407              
*  2025  5  1  3  2   0.00000000                            
PL51   4346.502570   1382.147904  11363.238602              
VL51  37525.509635 -46248.167634  -8464.634859              
*  2025  5  1  3  4   0.00000000                            
PL51   4785.075798    821.476357  11243.969951              
VL51  35548.936786 -47167.580273 -11407.960959              
*  2025  5  1  3  6   0.00000000                            
PL51   5199.189685    250.843363  11089.598131              
VL51  33450.537314 -47907.666101 -14313.644537              
*  2025  5  1  3  8   0.00000000                            
PL51   5587.440199   -327.573870  10900.629215              
VL51  31240.027893 -48464.332354 -17172.651139              
*  2025  5  1  3 10   0.00000000                            
PL51   5948.542300   -911.553436  10677.676694              
VL51  28927.516886 -48834.224861 -19976.116819              
*  2025  5  1  3 12   0.00000000                            
PL51   6281.334373  -1498.837682  10421.459270              
VL51  26523.458772 -49014.742093 -22715.375142              
*  2025  5  1  3 14   0.00000000                            
PL51   6584.782102  -2087.142308  10132.798324              
VL51  24038.607541 -49004.046085 -25381.983344              
*  2025  5  1  3 16   0.00000000                            
PL51   6857.981776  -2674.165581   9812.615081              
VL51  21483.969272 -48801.070189 -27967.747570              
*  2025  5  1  3 18   0.00000000                            
PL51   7100.163033  -3257.597622   9461.927478              
VL51  18870.754083 -48405.523664 -30464.747138              
*  2025  5  1  3 20   0.00000000                            
PL51   7310.691012  -3835.129725   9081.846744              
VL51  16210.327669 -47817.893095 -32865.357761              
*  2025  5  1  3 22   0.00000000                            
PL51   7489.067932  -4404.463681   8673.573712              
VL51  13514.162628 -47039.440664 -35162.273685              
*  2025  5  1  3 24   0.00000000                            
PL51   7634.934080  -4963.321057   8238.394863              
VL51  10793.789763 -46072.199289 -37348.528675              
*  2025  5  1  3 26   0.00000000                            
PL51   7748.068219  -5509.452404   7777.678140              
VL51   8060.749582 -44918.964670 -39417.515814              
*  2025  5  1  3 28   0.00000000                            
PL51   7828.387417  -6040.646341   7292.868518              
VL51   5326.544163 -43583.284300 -41363.006053              
*  2025  5  1  3 30   0.00000000                            
PL51   7875.946298  -6554.738501   6785.483366              
VL51   2602.589602 -42069.443487 -43179.165485              
*  2025  5  1  3 32   0.00000000                            
PL51   7890.935726  -7049.620285   6257.107610              
VL51    -99.830784 -40382.448475 -44860.571291              
*  2025  5  1  3 34   0.00000000                            
PL51   7873.680941  -7523.247397   5709.388708              
VL51  -2769.612303 -38528.006737 -46402.226331              
*  2025  5  1  3 36   0.00000000                            
PL51   7824.639144  -7973.648127   5144.031465              
VL51  -5395.873618 -36512.504547 -47799.572345              
*  2025  5  1  3 38   0.00000000                            
PL51   7744.396553  -8398.931349   4562.792690              
VL51  -7968.000179 -34342.981934 -49048.501749              
*  2025  5  1  3 40   0.00000000                            
PL51   7633.664947  -8797.294204   3967.475728              
VL51 -10475.686193 -32027.105127 -50145.367995              
*  2025  5  1  3 42   0.00000000                            
PL51   7493.277723  -9167.029436   3359.924871              
VL51 -12908.974986 -29573.136635 -51086.994491              
*  2025  5  1  3 44   0.00000000                            
PL51   7324.185467  -9506.532358   2742.019670              
VL51 -15258.297608 -26989.903081 -51870.682076              
*  2025  5  1  3 46   0.00000000                            
PL51   7127.451083  -9814.307415   2115.669173              
VL51 -17514.509527 -24286.760940 -52494.215033              
*  2025  5  1  3 48   0.00000000                            
PL51   6904.244487 -10088.974329   1482.806092              
VL51 -19668.925327 -21473.560312 -52955.865659              
*  2025  5  1  3 50   0.00000000                            
PL51   6655.836903 -10329.273798    845.380926              
VL51 -21713.351250 -18560.606909 -53254.397386              
*  2025  5  1  3 52   0.00000000                            
PL51   6383.594777 -10534.072722    205.356058              
VL51 -23640.115501 -15558.622380 -53389.066468              
*  2025  5  1  3 54   0.00000000                            
PL51   6088.973342 -10702.368953   -435.300164              
VL51 -25442.096214 -12478.703161 -53359.622241              
*  2025  5  1  3 56   0.00000000                            
PL51   5773.509867 -10833.295535  -1074.619336              
VL51 -27112.746989  -9332.278000 -53166.305980              
*  2025  5  1  3 58   0.00000000                            
PL51   5438.816608 -10926.124436  -1710.638891              
VL51 -28646.119922  -6131.064335 -52809.848361              
*  2025  5  1  4  0   0.00000000                            
PL51   5086.573502 -10980.269742  -2341.407946              
VL51 -30036.886070  -2887.023690 -52291.465569              
*  2025  5  1  4  2   0.00000000                            
PL51   4718.520626 -10995.290314  -2964.993100              
VL51 -31280.353275    387.683725 -51612.854069              
*  2025  5  1  4  4   0.00000000                            
PL51   4336.450470 -10970.891899  -3579.484161              
VL51 -32372.481331   3680.745041 -50776.184084              
*  2025  5  1  4  6   0.00000000                            
PL51   3942.200026 -10906.928680  -4182.999782              
VL51 -33309.894439   6979.741206 -49784.091821              
*  2025  5  1  4  8   0.00000000                            
PL51   3537.642762 -10803.404276  -4773.693003              
VL51 -34089.890948  10272.193734 -48639.670482              
*  2025  5  1  4 10   0.00000000                            
PL51   3124.680485 -10660.472167  -5349.756674              
VL51 -34710.450364  13545.611559 -47346.460120              
*  2025  5  1  4 12   0.00000000                            
PL51   2705.235137 -10478.435568  -5909.428750              
VL51 -35170.237641  16787.537828 -45908.436378              
*  2025  5  1  4 14   0.00000000                            
PL51   2281.240558 -10257.746738  -6450.997448              
VL51 -35468.604771  19985.596465 -44329.998181              
*  2025  5  1  4 16   0.00000000                            
PL51   1854.634246  -9999.005733  -6972.806245              
VL51 -35605.589697  23127.538376 -42615.954407              
*  2025  5  1  4 18   0.00000000                            
PL51   1427.349147  -9702.958608  -7473.258713              
VL51 -35581.912587  26201.287120 -40771.509619              
*  2025  5  1  4 20   0.00000000                            
PL51   1001.305501  -9370.495074  -7950.823177              
VL51 -35398.969504  29194.983928 -38802.248873              
*  2025  5  1  4 22   0.00000000                            
PL51    578.402783  -9002.645618  -8404.037187              
VL51 -35058.823542  32097.031929 -36714.121677              
*  2025  5  1  4 24   0.00000000                            
PL51    160.511764  -8600.578104  -8831.511789              
VL51 -34564.193450  34896.139450 -34513.425128              
*  2025  5  1  4 26   0.00000000                            
PL51   -250.533276  -8165.593849  -9231.935592              
VL51 -33918.439843  37581.362281 -32206.786277              
*  2025  5  1  4 28   0.00000000                            
PL51   -652.942156  -7699.123214  -9604.078618              
VL51 -33125.549028  40142.144756 -29801.143761              
*  2025  5  1  4 30   0.00000000                            
PL51  -1044.976193  -7202.720694  -9946.795927              
VL51 -32190.114539  42568.359564 -27303.728735              
*  2025  5  1  4 32   0.00000000                            
PL51  -1424.955369  -6678.059550 -10259.031010              
VL51 -31117.316454  44850.346175 -24722.045156              
*  2025  5  1  4 34   0.00000000                            
PL51  -1791.265230  -6126.925983 -10539.818942              
VL51 -29912.898558  46978.947759 -22063.849424              
*  2025  5  1  4 36   0.00000000                            
PL51  -2142.363509  -5551.212877 -10788.289282              
VL51 -28583.143448  48945.546505 -19337.129444              
*  2025  5  1  4 38   0.00000000                            
PL51  -2476.786429  -4952.913125 -11003.668727              
VL51 -27134.845656  50742.097248 -16550.083107              
*  2025  5  1  4 40   0.00000000                            
PL51  -2793.154676  -4334.112567 -11185.283501              
VL51 -25575.282883  52361.159285 -13711.096244              
*  2025  5  1  4 42   0.00000000                            
PL51  -3090.179015  -3696.982554 -11332.561469              
VL51 -23912.185424  53795.926302 -10828.720060              
*  2025  5  1  4 44   0.00000000                            
PL51  -3366.665530  -3043.772167 -11445.033991              
VL51 -22153.703897  55040.254309  -7911.648082              
*  2025  5  1  4 46   0.00000000                            
PL51  -3621.520465  -2376.800109 -11522.337484              
VL51 -20308.375346  56088.687495  -4968.692640              
*  2025  5  1  4 48   0.00000000                            
PL51  -3853.754651  -1698.446304 -11564.214706              
VL51 -18385.087846  56936.481910  -2008.760911              
*  2025  5  1  4 50   0.00000000                            
PL51  -4062.487500  -1011.143225 -11570.515750              
VL51 -16393.043683  57579.626873    959.169454              
*  2025  5  1  4 52   0.00000000                            
PL51  -4246.950545   -317.366977 -11541.198740              
VL51 -14341.721245  58014.864039   3926.075097              
*  2025  5  1  4 54   0.00000000                            
PL51  -4406.490521    380.371834 -11476.330227              
VL51 -12240.835711  58239.704012   6882.912087              
*  2025  5  1  4 56   0.00000000                            
PL51  -4540.571965   1079.537415 -11376.085288              
VL51 -10100.298663  58252.440423   9820.641389              
*  2025  5  1  4 58   0.00000000                            
PL51  -4648.779325   1777.578251 -11240.747308              
VL51  -7930.176739  58052.161389  12730.254653              
*  2025  5  1  5  0   0.00000000                            
PL51  -4730.818566   2471.936699 -11070.707460              
VL51  -5740.649447  57638.758240  15602.800264              
*  2025  5  1  5  2   0.00000000                            
PL51  -4786.518274   3160.058661 -10866.463863              
VL51  -3541.966281  57012.931452  18429.409632              
*  2025  5  1  5  4   0.00000000                            
PL51  -4815.830230   3839.403316 -10628.620428              
VL51  -1344.403265  56176.193675  21201.323666              
*  2025  5  1  5  6   0.00000000                            
PL51  -4818.829466   4507.452871 -10357.885389              
VL51    841.780919  55130.869780  23909.919375              
*  2025  5  1  5  8   0.00000000                            
PL51  -4795.713796   5161.722289 -10055.069502              
VL51   3006.389063  53880.093842  26546.736520              
*  2025  5  1  5 10   0.00000000                            
PL51  -4746.802809   5799.768971  -9721.083937              
VL51   5139.329673  52427.803002  29103.504274              
*  2025  5  1  5 12   0.00000000                            
PL51  -4672.536337   6419.202334  -9356.937845              
VL51   7230.661124  50778.728129  31572.167765              
*  2025  5  1  5 14   0.00000000                            
PL51  -4573.472392   7017.693268  -8963.735610              
VL51   9270.635574  48938.381243  33944.914454              
*  2025  5  1  5 16   0.00000000                            
PL51  -4450.284582   7592.983417  -8542.673777              
VL51  11249.742424  46913.039667  36214.200219              
*  2025  5  1  5 18   0.00000000                            
PL51  -4303.759001   8142.894250  -8095.037685              
VL51  13158.751156  44709.726876  38372.775071              
*  2025  5  1  5 20   0.00000000                            
PL51  -4134.790620   8665.335883  -7622.197782              
VL51  14988.753324  42336.190050  40413.708359              
*  2025  5  1  5 22   0.00000000                            
PL51  -3944.379174   9158.315616  -7125.605640              
VL51  16731.203510  39800.874329  42330.413391              
*  2025  5  1  5 24   0.00000000                            
PL51  -3733.624565   9619.946132  -6606.789694              
VL51  18377.959036  37112.893818  44116.671308              
*  2025  5  1  5 26   0.00000000                            
PL51  -3503.721799  10048.453340  -6067.350677              
VL51  19921.318207  34281.999377  45766.654127              
*  2025  5  1  5 28   0.00000000                            
PL51  -3255.955472  10442.183803  -5508.956804              
VL51  21354.056900  31318.543268  47274.946800              
*  2025  5  1  5 30   0.00000000                            
PL51  -2991.693829  10799.611730  -4933.338690              
VL51  22669.463257  28233.440761  48636.568171              
*  2025  5  1  5 32   0.00000000                            
PL51  -2712.382421  11119.345486  -4342.284017              
VL51  23861.370304  25038.128807  49846.990693              
*  2025  5  1  5 34   0.00000000                            
PL51  -2419.537381  11400.133589  -3737.631986              
VL51  24924.186271  21744.521925  50902.158789              
*  2025  5  1  5 36   0.00000000                            
PL51  -2114.738349  11640.870167  -3121.267547              
VL51  25852.922431  18364.965454  51798.505708              
*  2025  5  1  5 38   0.00000000                            
PL51  -1799.621086  11840.599829  -2495.115442              
VL51  26643.218260  14912.186376  52532.968775              
*  2025  5  1  5 40   0.00000000                            
PL51  -1475.869798  11998.521945  -1861.134071              
VL51  27291.363750  11399.241914  53103.002897              
*  2025  5  1  5 42   0.00000000                            
PL51  -1145.209207  12113.994283  -1221.309212              
VL51  27794.318701   7839.466139  53506.592226              
*  2025  5  1  5 44   0.00000000                            
PL51   -809.396419  12186.536009   -577.647605              
VL51  28149.728867   4246.414849  53742.259878              
*  2025  5  1  5 46   0.00000000                            
PL51   -470.212608  12215.830007     67.829557              
VL51  28355.938794    633.809000  53809.075603              
*  2025  5  1  5 48   0.00000000                            
PL51   -129.454571  12201.724514    713.093228              
VL51  28412.001284  -2984.523004  53706.661363              
*  2025  5  1  5 50   0.00000000                            
PL51    211.073806  12144.234060   1356.113159              
VL51  28317.683366  -6594.703870  53435.194727              
*  2025  5  1  5 52   0.00000000                            
PL51    549.570147  12043.539702   1994.864569              
VL51  28073.468749 -10182.866478  52995.410084              
*  2025  5  1  5 54   0.00000000                            
PL51    884.242171  11899.988544   2627.334829              
VL51  27680.556694 -13735.213150  52388.597618              
*  2025  5  1  5 56   0.00000000                            
PL51   1213.316263  11714.092549   3251.530112              
VL51  27140.857319 -17238.074776  51616.600067              
*  2025  5  1  5 58   0.00000000                            
PL51   1535.045953  11486.526646   3865.481992              
VL51  26456.983334 -20677.969498  50681.807257              
*  2025  5  1  6  0   0.00000000                            
PL51   1847.720285  11218.126131   4467.253965              
VL51  25632.238257 -24041.660629  49587.148451              
*  2025  5  1  6  2   0.00000000                            
PL51   2149.672012  10909.883387   5054.947871              
VL51  24670.601155 -27316.213480  48336.082515              
*  2025  5  1  6  4   0.00000000                            
PL51   2439.285599  10562.943919   5626.710170              
VL51  23576.707997 -30489.050810  46932.585988              
*  2025  5  1  6  6   0.00000000                            
PL51   2715.004976  10178.601749   6180.738081              
VL51  22355.829724 -33548.006577  45381.139079              
*  2025  5  1  6  8   0.00000000                            
PL51   2975.341011   9758.294162   6715.285528              
VL51  21013.847159 -36481.377712  43686.709685              
*  2025  5  1  6 10   0.00000000                            
PL51   3218.878661   9303.595853   7228.668888              
VL51  19557.222897 -39277.973633  41854.735519              
*  2025  5  1  6 12   0.00000000                            
PL51   3444.283771   8816.212493   7719.272509              
VL51  17992.970360 -41927.163241  39891.104447              
*  2025  5  1  6 14   0.00000000                            
PL51   3650.309486   8297.973748   8185.553992              
VL51  16328.620177 -44418.919174  37802.133154              
*  2025  5  1  6 16   0.00000000                            
PL51   3835.802243   7750.825780   8626.049196              
VL51  14572.184107 -46743.859085  35594.544258              
*  2025  5  1  6 18   0.00000000                            
PL51   3999.707316   7176.823278   9039.376966              
VL51  12732.116713 -48893.283787  33275.442019              
*  2025  5  1  6 20   0.00000000                            
PL51   4141.073889   6578.121046   9424.243560              
VL51  10817.274994 -50859.212085  30852.286754              
*  2025  5  1  6 22   0.00000000                            
PL51   4259.059635   5956.965195   9779.446765              
VL51   8836.876214 -52634.412170  28332.868109              
*  2025  5  1  6 24   0.00000000                            
PL51   4352.934777   5315.683982  10103.879680              
VL51   6800.454167 -54212.429459  25725.277323              
*  2025  5  1  6 26   0.00000000                            
PL51   4422.085620   4656.678332  10396.534167              
VL51   4717.814093 -55587.610789  23037.878610              
*  2025  5  1  6 28   0.00000000                            
PL51   4466.017529   3982.412094  10656.503948              
VL51   2598.986502 -56755.124900  20279.279802              
*  2025  5  1  6 30   0.00000000                            
PL51   4484.357351   3295.402077  10882.987352              
VL51    454.180144 -57710.979161  17458.302388              
*  2025  5  1  6 32   0.00000000                            
PL51   4476.855270   2598.207903  11075.289698              
VL51  -1706.265642 -58452.032509  14583.951082              
*  2025  5  1  6 34   0.00000000                            
PL51   4443.386087   1893.421728  11232.825303              
VL51  -3871.928959 -58976.004608  11665.383039              
*  2025  5  1  6 36   0.00000000                            
PL51   4383.949918   1183.657880  11355.119134              
VL51  -6032.353535 -59281.481246   8711.876854              
*  2025  5  1  6 38   0.00000000                            
PL51   4298.672321    471.542451  11441.808070              
VL51  -8177.096826 -59367.915988   5732.801452              
*  2025  5  1  6 40   0.00000000                            
PL51   4187.803843   -240.297109  11492.641806              
VL51 -10295.777827 -59235.628158   2737.584979              
*  2025  5  1  6 42   0.00000000                            
PL51   4051.718996   -949.242349  11507.483376              
VL51 -12378.124367 -58885.797192   -264.316198              
*  2025  5  1  6 44   0.00000000                            
PL51   3890.914674  -1652.694088  11486.309303              
VL51 -14414.019686 -58320.453438  -3263.448284              
*  2025  5  1  6 46   0.00000000                            
PL51   3706.008009  -2348.082554  11429.209389              
VL51 -16393.548095 -57542.465502  -6250.390544              
*  2025  5  1  6 48   0.00000000                            
PL51   3497.733691  -3032.877349  11336.386135              
VL51 -18307.039507 -56555.524213  -9215.785389              
*  2025  5  1  6 50   0.00000000                            
PL51   3266.940762  -3704.597202  11208.153807              
VL51 -20145.112673 -55364.123348 -12150.367965              
*  2025  5  1  6 52   0.00000000                            
PL51   3014.588897  -4360.819476  11044.937147              
VL51 -21898.716930 -53973.537206 -15044.995157              
*  2025  5  1  6 54   0.00000000                            
PL51   2741.744191  -4999.189383  10847.269742              
VL51 -23559.172296 -52389.795201 -17890.673924              
*  2025  5  1  6 56   0.00000000                            
PL51   2449.574485  -5617.428878  10615.792055              
VL51 -25118.207758 -50619.653591 -20678.588882              
*  2025  5  1  6 58   0.00000000                            
PL51   2139.344236  -6213.345199  10351.249138              
VL51 -26567.997602 -48670.564524 -23400.129062              
*  2025  5  1  7  0   0.00000000                            
PL51   1812.408963  -6784.839019  10054.488012              
VL51 -27901.195662 -46550.642543 -26046.913781              
*  2025  5  1  7  2   0.00000000                            
PL51   1470.209303  -7329.912181   9726.454766              
VL51 -29110.967357 -44268.628735 -28610.817567              
*  2025  5  1  7  4   0.00000000                            
PL51   1114.264687  -7846.674993   9368.191337              
VL51 -30191.019402 -41833.852677 -31083.994084              
*  2025  5  1  7  6   0.00000000                            
PL51    746.166680  -8333.353047   8980.832033              
VL51 -31135.627108 -39256.192356 -33458.899012              
*  2025  5  1  7  8   0.00000000                            
PL51    367.572007  -8788.293555   8565.599771              
VL51 -31939.659152 -36546.032237 -35728.311831              
*  2025  5  1  7 10   0.00000000                            
PL51    -19.804702  -9209.971161   8123.802066              
VL51 -32598.599748 -33714.219649 -37885.356462              
*  2025  5  1  7 12   0.00000000                            
PL51   -414.198424  -9596.993232   7656.826782              
VL51 -33108.568136 -30772.019662 -39923.520729              
*  2025  5  1  7 14   0.00000000                            
PL51   -813.801456  -9948.104590   7166.137657              
VL51 -33466.335326 -27731.068656 -41836.674578              
*  2025  5  1  7 16   0.00000000                            
PL51  -1216.771335 -10262.191684   6653.269606              
VL51 -33669.338034 -24603.326759 -43619.087032              
*  2025  5  1  7 18   0.00000000                            
PL51  -1621.238885 -10538.286184   6119.823848              
VL51 -33715.689771 -21401.029344 -45265.441818              
*  2025  5  1  7 20   0.00000000                            
PL51  -2025.316397 -10775.567992   5567.462833              
VL51 -33604.189052 -18136.637801 -46770.851653              
*  2025  5  1  7 22   0.00000000                            
PL51  -2427.105884 -10973.367651   4997.905021              
VL51 -33334.324708 -14822.789762 -48130.871138              
*  2025  5  1  7 24   0.00000000                            
PL51  -2824.707378 -11131.168167   4412.919507              
VL51 -32906.278293 -11472.249001 -49341.508240              
*  2025  5  1  7 26   0.00000000                            
PL51  -3216.227246 -11248.606214   3814.320520              
VL51 -32320.923594  -8097.855197 -50399.234348              
*  2025  5  1  7 28   0.00000000                            
PL51  -3599.786478 -11325.472746   3203.961807              
VL51 -31579.823265  -4712.473764 -51300.992864              
*  2025  5  1  7 30   0.00000000                            
PL51  -3973.528920 -11361.713010   2583.730925              
VL51 -30685.222620  -1328.945958 -52044.206337              
*  2025  5  1  7 32   0.00000000                            
PL51  -4335.629413 -11357.425951   1955.543459              
VL51 -29640.040630   2039.960555 -52626.782138              
*  2025  5  1  7 34   0.00000000                            
PL51  -4684.301811 -11312.863046   1321.337173              
VL51 -28447.858187   5381.600471 -53047.116658              
*  2025  5  1  7 36   0.00000000                            
PL51  -5017.806840 -11228.426535    683.066125              
VL51 -27112.903686   8683.498795 -53304.098059              
*  2025  5  1  7 38   0.00000000                            
PL51  -5334.459768 -11104.667107     42.694760              
VL51 -25640.036030  11933.397752 -53397.107586              
*  2025  5  1  7 40   0.00000000                            
PL51  -5632.637855 -10942.281006   -597.808013              
VL51 -24034.725117  15119.302531 -53326.019446              
*  2025  5  1  7 42   0.00000000                            
PL51  -5910.787559 -10742.106618  -1236.474726              
VL51 -22303.029914  18229.525677 -53091.199292              
*  2025  5  1  7 44   0.00000000                            
PL51  -6167.431459 -10505.120516  -1871.345234              
VL51 -20451.574231  21252.729980 -52693.501322              
*  2025  5  1  7 46   0.00000000                            
PL51  -6401.174878 -10232.433013  -2500.472550              
VL51 -18487.520275  24177.969725 -52134.264033              
*  2025  5  1  7 48   0.00000000                            
PL51  -6610.712175  -9925.283221  -3121.928633              
VL51 -16418.540138  26994.730149 -51415.304651              
*  2025  5  1  7 50   0.00000000                            
PL51  -6794.832680  -9585.033657  -3733.810082              
VL51 -14252.785313  29692.964991 -50538.912282              
*  2025  5  1  7 52   0.00000000                            
PL51  -6952.426259  -9213.164402  -4334.243760              
VL51 -11998.854386  32263.132002 -49507.839823              
*  2025  5  1  7 54   0.00000000                            
PL51  -7082.488472  -8811.266853  -4921.392301              
VL51  -9665.759040  34696.226318 -48325.294686              
*  2025  5  1  7 56   0.00000000                            
PL51  -7184.125323  -8381.037083  -5493.459504              
VL51  -7262.888496  36983.811598 -46994.928366              
*  2025  5  1  7 58   0.00000000                            
PL51  -7256.557567  -7924.268847  -6048.695591              
VL51  -4799.972540  39118.048845 -45520.824926              
*  2025  5  1  8  0   0.00000000                            
PL51  -7299.124568  -7442.846247  -6585.402329              
VL51  -2287.043287  41091.722842 -43907.488433              
*  2025  5  1  8  2   0.00000000                            
PL51  -7311.287694  -6938.736107  -7101.937984              
VL51    265.604207  42898.266137 -42159.829405              
*  2025  5  1  8  4   0.00000000                            
PL51  -7292.633231  -6413.980064  -7596.722117              
VL51   2847.452308  44531.780539 -40283.150307              
*  2025  5  1  8  6   0.00000000                            
PL51  -7242.874803  -5870.686421  -8068.240192              
VL51   5447.802033  45987.056072 -38283.130156              
*  2025  5  1  8  8   0.00000000                            
PL51  -7161.855305  -5311.021788  -8515.048001              
VL51   8055.814988  47259.587366 -36165.808270              
*  2025  5  1  8 10   0.00000000                            
PL51  -7049.548313  -4737.202543  -8935.775883              
VL51  10660.555888  48345.587453 -33937.567206              
*  2025  5  1  8 12   0.00000000                            
PL51  -6906.058995  -4151.486139  -9329.132740              
VL51  13251.035508  49241.998954 -31605.114928              
*  2025  5  1  8 14   0.00000000                            
PL51  -6731.624496  -3556.162295  -9693.909828              
VL51  15816.253944  49946.502633 -29175.466255              
*  2025  5  1  8 16   0.00000000                            
PL51  -6526.613809  -2953.544104 -10028.984329              
VL51  18345.244033  50457.523340 -26655.923607              
*  2025  5  1  8 18   0.00000000                            
PL51  -6291.527118  -2345.959075 -10333.322677              
VL51  20827.114812  50774.233315 -24054.057106              
*  2025  5  1  8 20   0.00000000                            
PL51  -6026.994623  -1735.740163 -10605.983653              
VL51  23251.094871  50896.552879 -21377.684059              
*  2025  5  1  8 22   0.00000000                            
PL51  -5733.774850  -1125.216798 -10846.121224              
VL51  25606.575474  50825.148522 -18634.847851              
*  2025  5  1  8 24   0.00000000                            
PL51  -5412.752439   -516.705956 -11052.987125              
VL51  27883.153318  50561.428400 -15833.796293              
*  2025  5  1  8 26   0.00000000                            
PL51  -5064.935426     87.496698 -11225.933181              
VL51  30070.672802  50107.535269 -12982.959438              
*  2025  5  1  8 28   0.00000000                            
PL51  -4691.452018    685.125576 -11364.413358              
VL51  32159.267672  49466.336884 -10090.926900              
*  2025  5  1  8 30   0.00000000                            
PL51  -4293.546876   1273.953794 -11467.985540              
VL51  34139.401931  48641.413886  -7166.424696              
*  2025  5  1  8 32   0.00000000                            
PL51  -3872.576914   1851.801638 -11536.313022              
VL51  36001.909865  47637.045208  -4218.291630              
*  2025  5  1  8 34   0.00000000                            
PL51  -3430.006612   2416.544850 -11569.165723              
VL51  37738.035066  46458.191038  -1255.455240              
*  2025  5  1  8 36   0.00000000                            
PL51  -2967.402886   2966.122685 -11566.421101              
VL51  39339.468323  45110.473365   1713.092667              
*  2025  5  1  8 38   0.00000000                            
PL51  -2486.429493   3498.545724 -11528.064780              
VL51  40798.384235  43600.154145   4678.320877              
*  2025  5  1  8 40   0.00000000                            
PL51  -1988.841015   4011.903412 -11454.190866              
VL51  42107.476415  41934.111144   7631.183987              
*  2025  5  1  8 42   0.00000000                            
PL51  -1476.476429   4504.371291 -11345.001969              
VL51  43259.991142  40119.811467  10562.647975              
*  2025  5  1  8 44   0.00000000                            
PL51   -951.252278   4974.217901 -11200.808909              
VL51  44249.759320  38165.282863  13463.716061              
*  2025  5  1  8 46   0.00000000                            
PL51   -415.155477   5419.811328 -11022.030114              
VL51  45071.226585  36079.082833  16325.454841              
*  2025  5  1  8 48   0.00000000                            
PL51    129.764239   5839.625359 -10809.190700              
VL51  45719.481431  33870.265609  19139.020637              
*  2025  5  1  8 50   0.00000000                            
PL51    681.402182   6232.245241 -10562.921239              
VL51  46190.281178  31548.347080  21895.686022              
*  2025  5  1  8 52   0.00000000                            
PL51   1237.606888   6596.372994 -10283.956197              
VL51  46480.075658  29123.267746  24586.866441              
*  2025  5  1  8 54   0.00000000                            
PL51   1796.188551   6930.832282  -9973.132069              
VL51  46586.028443  26605.353781  27204.146888              
*  2025  5  1  8 56   0.00000000                            
PL51   2354.927704   7234.572790  -9631.385175              
VL51  46506.035491  24005.276312  29739.308543              
*  2025  5  1  8 58   0.00000000                            
PL51   2911.584111   7506.674118  -9259.749153              
VL51  46238.741048  21334.009036  32184.355291              
*  2025  5  1  9  0   0.00000000                            
PL51   3463.905818   7746.349147  -8859.352128              
VL51  45783.550674  18602.784277  34531.540045              
*  2025  5  1  9  2   0.00000000                            
PL51   4009.638362   7952.946870  -8431.413564              
VL51  45140.641267  15823.047653  36773.390758              
*  2025  5  1  9  4   0.00000000                            
PL51   4546.534063   8125.954676  -7977.240810              
VL51  44310.967940  13006.411478  38902.736034              
*  2025  5  1  9  6   0.00000000                            
PL51   5072.361393   8265.000062  -7498.225344              
VL51  43296.267668  10164.607085  40912.730216              
*  2025  5  1  9  8   0.00000000                            
PL51   5584.914364   8369.851775  -6995.838714              
VL51  42099.059573   7309.436231  42796.877834              
*  2025  5  1  9 10   0.00000000                            
PL51   6082.021893   8440.420359  -6471.628194              
VL51  40722.641783   4452.721806  44549.057301              
*  2025  5  1  9 12   0.00000000                            
PL51   6561.557120   8476.758110  -5927.212159              
VL51  39171.084782   1606.258026  46163.543706              
*  2025  5  1  9 14   0.00000000                            
PL51   7021.446612   8479.058432  -5364.275193              
VL51  37449.221206  -1218.239653  47635.030605              
*  2025  5  1  9 16   0.00000000                            
PL51   7459.679438   8447.654591  -4784.562943              
VL51  35562.632053  -4009.184667  48958.650650              
*  2025  5  1  9 18   0.00000000                            
PL51   7874.316041   8383.017870  -4189.876734              
VL51  33517.629300  -6755.169288  50129.994942              
*  2025  5  1  9 20   0.00000000                            
PL51   8263.496891   8285.755122  -3582.067953              
VL51  31321.234942  -9445.014121  51145.130980              
*  2025  5  1  9 22   0.00000000                            
PL51   8625.450862   8156.605740  -2963.032239              
VL51  28981.156491 -12067.816903  52000.619073              
*  2025  5  1  9 24   0.00000000                            
PL51   8958.503293   7996.438041  -2334.703474              
VL51  26505.759004 -14613.000343  52693.527111              
*  2025  5  1  9 26   0.00000000                            
PL51   9261.083693   7806.245086  -1699.047614              
VL51  23904.033723 -17070.358732  53221.443574              
*  2025  5  1  9 28   0.00000000                            
PL51   9531.733052   7587.139948  -1058.056373              
VL51  21185.563452 -19430.103080  53582.488679              
*  2025  5  1  9 30   0.00000000                            
PL51   9769.110716   7340.350449   -413.740787              
VL51  18360.484788 -21682.904502  53775.323584              
*  2025  5  1  9 32   0.00000000                            
PL51   9972.000791   7067.213392    231.875328              
VL51  15439.447403 -23819.935611  53799.157546              
*  2025  5  1  9 34   0.00000000                            
PL51  10139.318040   6769.168298    876.761979              
VL51  12433.570522 -25832.909681  53653.752991              
*  2025  5  1  9 36   0.00000000                            
PL51  10270.113246   6447.750705   1518.889659              
VL51   9354.396842 -27714.117320  53339.428416              
*  2025  5  1  9 38   0.00000000                            
PL51  10363.578003   6104.585025   2156.236022              
VL51   6213.844101 -29456.460462  52857.059093              
*  2025  5  1  9 40   0.00000000                            
PL51  10419.048918   5741.377024   2786.792560              
VL51   3024.154556 -31053.483445  52208.075542              
*  2025  5  1  9 42   0.00000000                            
PL51  10436.011191   5359.905937   3408.571247              
VL51   -202.157359 -32499.401004  51394.459766              
*  2025  5  1  9 44   0.00000000                            
PL51  10414.101557   4962.016277   4019.611118              
VL51  -3452.358916 -33789.122998  50418.739255              
*  2025  5  1  9 46   0.00000000                            
PL51  10353.110582   4549.609360   4617.984773              
VL51  -6713.554216 -34918.275732  49283.978774              
*  2025  5  1  9 48   0.00000000                            
PL51  10252.984280   4124.634595   5201.804760              
VL51  -9972.740252 -35883.219748  47993.769987              
*  2025  5  1  9 50   0.00000000                            
PL51  10113.825060   3689.080587   5769.229831              
VL51 -13216.863593 -36681.063985  46552.218966              
*  2025  5  1  9 52   0.00000000                            
PL51   9935.891992   3244.966090   6318.471020              
VL51 -16432.877390 -37309.676247  44963.931653              
*  2025  5  1  9 54   0.00000000                            
PL51   9719.600381   2794.330855   6847.797554              
VL51 -19607.798375 -37767.689911  43233.997374              
*  2025  5  1  9 56   0.00000000                            
PL51   9465.520668   2339.226423   7355.542540              
VL51 -22728.763570 -38054.506884  41367.970484              
*  2025  5  1  9 58   0.00000000                            
PL51   9174.376645   1881.706902   7840.108429              
VL51 -25783.086377 -38170.296797  39371.850268              
*  2025  5  1 10  0   0.00000000                            
PL51   8847.043011   1423.819780   8299.972223              
VL51 -28758.311792 -38115.992471  37252.059196              
*  2025  5  1 10  2   0.00000000                            
PL51   8484.542262    967.596810   8733.690418              
VL51 -31642.270427 -37893.281715  35015.419672              
*  2025  5  1 10  4   0.00000000                            
PL51   8088.040952    515.045021   9139.903657              
VL51 -34423.131099 -37504.595528  32669.129389              
*  2025  5  1 10  6   0.00000000                            
PL51   7658.845321     68.137882   9517.341078              
VL51 -37089.451725 -36953.092811  30220.735442              
*  2025  5  1 10  8   0.00000000                            
PL51   7198.396337   -371.193318   9864.824343              
VL51 -39630.228280 -36242.641702  27678.107318              
*  2025  5  1 10 10   0.00000000                            
PL51   6708.264151   -801.067855  10181.271348              
VL51 -42034.941609 -35377.797672  25049.408910              
*  2025  5  1 10 12   0.00000000                            
PL51   6190.142012  -1219.663672  10465.699573              
VL51 -44293.601893 -34363.778534  22343.069693              
*  2025  5  1 10 14   0.00000000                            
PL51   5645.839658  -1625.225163  10717.229101              
VL51 -46396.790579 -33206.436541  19567.755179              
*  2025  5  1 10 16   0.00000000                            
PL51   5077.276227  -2016.070601  10935.085267              
VL51 -48335.699611 -31912.227718  16732.336801              
*  2025  5  1 10 18   0.00000000                            
PL51   4486.472705  -2390.599190  11118.600945              
VL51 -50102.167809 -30488.178652  13845.861342              
*  2025  5  1 10 20   0.00000000                            
PL51   3875.543965  -2747.297702  11267.218469              
VL51 -51688.714270 -28941.850907  10917.520042              
*  2025  5  1 10 22   0.00000000                            
PL51   3246.690413  -3084.746665  11380.491178              
VL51 -53088.568656 -27281.303277   7956.617511              
*  2025  5  1 10 24   0.00000000                            
PL51   2602.189301  -3401.626104  11458.084591              
VL51 -54295.698291 -25515.052091   4972.540573              
*  2025  5  1 10 26   0.00000000                            
PL51   1944.385725  -3696.720775  11499.777209              
VL51 -55304.831985 -23652.029783   1974.727151              
*  2025  5  1 10 28   0.00000000                            
PL51   1275.683363  -3968.924906  11505.460936              
VL51 -56111.480516 -21701.541952  -1027.364681              
*  2025  5  1 10 30   0.00000000                            
PL51    598.534985  -4217.246413  11475.141143              
VL51 -56711.953751 -19673.223126  -4024.287382              
*  2025  5  1 10 32   0.00000000                            
PL51    -84.567223  -4440.810571  11408.936355              
VL51 -57103.374367 -17576.991463  -7006.634267              
*  2025  5  1 10 34   0.00000000                            
PL51   -771.101479  -4638.863146  11307.077584              
VL51 -57283.688173 -15423.002593  -9965.069383              
*  2025  5  1 10 36   0.00000000                            
PL51  -1458.526321  -4810.772963  11169.907300              
VL51 -57251.671034 -13221.602831 -12890.356850              
*  2025  5  1 10 38   0.00000000                            
PL51  -2144.290603  -4956.033909  10997.878060              
VL51 -57006.932411 -10983.281954 -15773.389623              
*  2025  5  1 10 40   0.00000000                            
PL51  -2825.843491  -5074.266374  10791.550793              
VL51 -56549.915532  -8718.625758 -18605.217570              
*  2025  5  1 10 42   0.00000000                            
PL51  -3500.644464  -5165.218115  10551.592749              
VL51 -55881.894221  -6438.268584 -21377.074829              
*  2025  5  1 10 44   0.00000000                            
PL51  -4166.173234  -5228.764556  10278.775130              
VL51 -55004.966425  -4152.846024 -24080.406364              
*  2025  5  1 10 46   0.00000000                            
PL51  -4819.939589  -5264.908522   9973.970406              
VL51 -53922.044469  -1872.947993 -26706.893653              
*  2025  5  1 10 48   0.00000000                            
PL51  -5459.493089  -5273.779408   9638.149324              
VL51 -52636.842124    390.927636 -29248.479430              
*  2025  5  1 10 50   0.00000000                            
PL51  -6082.432587  -5255.631806   9272.377632              
VL51 -51153.858534   2628.420636 -31697.391432              
*  2025  5  1 10 52   0.00000000                            
PL51  -6686.415545  -5210.843577   8877.812523              
VL51 -49478.359114   4829.353099 -34046.165064              
*  2025  5  1 10 54   0.00000000                            
PL51  -7269.167098  -5139.913410   8455.698807              
VL51 -47616.353501   6983.772978 -36287.664950              
*  2025  5  1 10 56   0.00000000                            
PL51  -7828.488840  -5043.457846   8007.364845              
VL51 -45574.570693   9081.996338 -38415.105299              
*  2025  5  1 10 58   0.00000000                            
PL51  -8362.267292  -4922.207823   7534.218231              
VL51 -43360.431476  11114.648149 -40422.069056              
*  2025  5  1 11  0   0.00000000                            
PL51  -8868.482026  -4777.004729   7037.741262              
VL51 -40982.018277  13072.701468 -42302.525788              
*  2025  5  1 11  2   0.00000000                            
PL51  -9345.213412  -4608.795997   6519.486197              
VL51 -38448.042580  14947.514858 -44050.848287              
*  2025  5  1 11  4   0.00000000                            
PL51  -9790.649956  -4418.630267   5981.070324              
VL51 -35767.810036  16730.867911 -45661.827830              
*  2025  5  1 11  6   0.00000000                            
PL51 -10203.095216  -4207.652131   5424.170856              
VL51 -32951.183430  18414.994745 -47130.688099              
*  2025  5  1 11  8   0.00000000                            
PL51 -10580.974249  -3977.096481   4850.519663              
VL51 -30008.543637  19992.615354 -48453.097703              
*  2025  5  1 11 10   0.00000000                            
PL51 -10922.839591  -3728.282514   4261.897867              
VL51 -26950.748757  21456.964697 -49625.181297              
*  2025  5  1 11 12   0.00000000                            
PL51 -11227.376724  -3462.607378   3660.130307              
VL51 -23789.091578  22801.819430 -50643.529265              
*  2025  5  1 11 14   0.00000000                            
PL51 -11493.409033  -3181.539530   3047.079902              
VL51 -20535.255545  24021.522185 -51505.205957              
*  2025  5  1 11 16   0.00000000                            
PL51 -11719.902222  -2886.611809   2424.641921              
VL51 -17201.269439  25111.003307 -52207.756466              
*  2025  5  1 11 18   0.00000000                            
PL51 -11905.968180  -2579.414268   1794.738179              
VL51 -13799.460930  26065.800007 -52749.211934              
*  2025  5  1 11 20   0.00000000                            
PL51 -12050.868287  -2261.586786   1159.311183              
VL51 -10342.409207  26882.072835 -53128.093402              
*  2025  5  1 11 22   0.00000000                            
PL51 -12154.016139  -1934.811508    520.318233              
VL51  -6842.896872  27556.619471 -53343.414192              
*  2025  5  1 11 24   0.00000000                            
PL51 -12214.979705  -1600.805126   -120.274489              
VL51  -3313.861307  28086.885765 -53394.680857              
*  2025  5  1 11 26   0.00000000                            
PL51 -12233.482883  -1261.311049   -760.497837              
VL51    231.654311  28470.974039 -53281.892697              
*  2025  5  1 11 28   0.00000000                            
PL51 -12209.406479   -918.091492  -1398.385605              
VL51   3780.550156  28707.648623 -53005.539884              
*  2025  5  1 11 30   0.00000000                            
PL51 -12142.788592   -572.919509  -2031.980397              
VL51   7319.718859  28796.338640 -52566.600219              
*  2025  5  1 11 32   0.00000000                            
PL51 -12033.824409   -227.571016  -2659.339457              
VL51  10836.094427  28737.138056 -51966.534544              
*  2025  5  1 11 34   0.00000000                            
PL51 -11882.865418    116.183177  -3278.540426              
VL51  14316.700763  28530.803019 -51207.280865              
*  2025  5  1 11 36   0.00000000                            
PL51 -11690.418041    456.585282  -3887.687031              
VL51  17748.699650  28178.746518 -50291.247199              
*  2025  5  1 11 38   0.00000000                            
PL51 -11457.141694    791.898367  -4484.914672              
VL51  21119.438016  27683.030413 -49221.303202              
*  2025  5  1 11 40   0.00000000                            
PL51 -11183.846288   1120.414087  -5068.395909              
VL51  24416.494320  27046.354887 -48000.770599              
*  2025  5  1 11 42   0.00000000                            
PL51 -10871.489174   1440.460263  -5636.345822              
VL51  27627.723909  26272.045379 -46633.412487              
*  2025  5  1 11 44   0.00000000                            
PL51 -10521.171557   1750.408297  -6187.027237              
VL51  30741.303195  25364.037064 -45123.421526              
*  2025  5  1 11 46   0.00000000                            
PL51 -10134.134383   2048.680384  -6718.755806              
VL51  33745.772504  24326.856975 -43475.407099              
*  2025  5  1 11 48   0.00000000                            
PL51  -9711.753725   2333.756493  -7229.904925              
VL51  36630.077476  23165.603841 -41694.381470              
*  2025  5  1 11 50   0.00000000                            
PL51  -9255.535674   2604.181099  -7718.910482              
VL51  39383.608883  21885.925727 -39785.745008              
*  2025  5  1 11 52   0.00000000                            
PL51  -8767.110770   2858.569628  -8184.275419              
VL51  41996.240764  20493.995601 -37755.270518              
*  2025  5  1 11 54   0.00000000                            
PL51  -8248.227983   3095.614600  -8624.574106              
VL51  44458.366767  18996.484895 -35609.086742              
*  2025  5  1 11 56   0.00000000                            
PL51  -7700.748268   3314.091442  -9038.456504              
VL51  46760.934617  17400.535198 -33353.661058              
*  2025  5  1 11 58   0.00000000                            
PL51  -7126.637719   3512.863952  -9424.652128              
VL51  48895.478601  15713.728166 -30995.781454              
*  2025  5  1 12  0   0.00000000                            
PL51  -6527.960347   3690.889389  -9781.973777              
VL51  50854.150019  13944.053771 -28542.537782              
*  2025  5  1 12  2   0.00000000                            
PL51  -5906.870501   3847.223177 -10109.321044              
VL51  52629.745527  12099.876995 -26001.302355              
*  2025  5  1 12  4   0.00000000                            
PL51  -5265.604966   3981.023197 -10405.683584              
VL51  54215.733278  10189.903085 -23379.709918              
*  2025  5  1 12  6   0.00000000                            
PL51  -4606.474762   4091.553653 -10670.144141              
VL51  55606.276847   8223.141480 -20685.637010              
*  2025  5  1 12  8   0.00000000                            
PL51  -3931.856662   4178.188505 -10901.881322              
VL51  56796.256833   6208.868525 -17927.180765              
*  2025  5  1 12 10   0.00000000                            
PL51  -3244.184473   4240.414434 -11100.172116              
VL51  57781.290117   4156.589092 -15112.637164              
*  2025  5  1 12 12   0.00000000                            
PL51  -2545.940096   4277.833360 -11264.394143              
VL51  58557.746716   2075.997219 -12250.478765              
*  2025  5  1 12 14   0.00000000                            
PL51  -1839.644400   4290.164462 -11394.027643              
VL51  59122.764173    -23.064101  -9349.331933              
*  2025  5  1 12 16   0.00000000                            
PL51  -1127.847937   4277.245726 -11488.657176              
VL51  59474.259447  -2130.643886  -6417.953592              
*  2025  5  1 12 18   0.00000000                            
PL51   -413.121532   4239.034988 -11547.973053              
VL51  59610.938245  -4236.724728  -3465.207506              
*  2025  5  1 12 20   0.00000000                            
PL51    301.953226   4175.610484 -11571.772469              
VL51  59532.301753  -6331.264858   -500.040117              
*  2025  5  1 12 22   0.00000000                            
PL51   1014.793557   4087.170883 -11559.960349              
VL51  59238.650703  -8404.240568   2468.544036              
*  2025  5  1 12 24   0.00000000                            
PL51   1722.825097   3974.034819 -11512.549899              
VL51  58731.086745 -10445.688846   5431.507301              
*  2025  5  1 12 26   0.00000000                            
PL51   2423.491498   3836.639904 -11429.662845              
VL51  58011.511055 -12445.750105   8379.804264              
*  2025  5  1 12 28   0.00000000                            
PL51   3114.264008   3675.541230 -11311.529380              
VL51  57082.620164 -14394.710836  11304.407429              
*  2025  5  1 12 30   0.00000000                            
PL51   3792.650969   3491.409362 -11158.487787              
VL51  55947.898942 -16283.046051  14196.333196              
*  2025  5  1 12 32   0.00000000                            
PL51   4456.207224   3285.027826 -10970.983760              
VL51  54611.610726 -18101.461348  17046.668078              
*  2025  5  1 12 34   0.00000000                            
PL51   5102.543385   3057.290086 -10749.569401              
VL51  53078.784565 -19840.934441  19846.595129              
*  2025  5  1 12 36   0.00000000                            
PL51   5729.334931   2809.196039 -10494.901902              
VL51  51355.199551 -21492.755992  22587.420501              
*  2025  5  1 12 38   0.00000000                            
PL51   6334.331097   2541.848013 -10207.741913              
VL51  49447.366238 -23048.569568  25260.600098              
*  2025  5  1 12 40   0.00000000                            
PL51   6915.363528   2256.446303  -9888.951578              
VL51  47362.505147 -24500.410556  27857.766233              
*  2025  5  1 12 42   0.00000000                            
PL51   7470.354656   1954.284239  -9539.492263              
VL51  45108.522353 -25840.743852  30370.754234              
*  2025  5  1 12 44   0.00000000                            
PL51   7997.325761   1636.742812  -9160.421959              
VL51  42693.982184 -27062.500140  32791.628905              
*  2025  5  1 12 46   0.00000000                            
PL51   8494.404698   1305.284877  -8752.892373              
VL51  40128.077062 -28159.110591  35112.710753              
*  2025  5  1 12 48   0.00000000                            
PL51   8959.833234    961.448946  -8318.145699              
VL51  37420.594525 -29124.539768  37326.601892              
*  2025  5  1 12 50   0.00000000                            
PL51   9391.973982    606.842600  -7857.511091              
VL51  34581.881502 -29953.316585  39426.211507              
*  2025  5  1 12 52   0.00000000                            
PL51   9789.316883    243.135541  -7372.400824              
VL51  31622.805920 -30640.563101  41404.780771              
*  2025  5  1 12 54   0.00000000                            
PL51  10150.485214   -127.947685  -6864.306166              
VL51  28554.715729 -31182.020991  43255.907106              
*  2025  5  1 12 56   0.00000000                            
PL51  10474.241094   -504.635271  -6334.792961              
VL51  25389.395479 -31574.075499  44973.567648              
*  2025  5  1 12 58   0.00000000                            
PL51  10759.490447   -885.116002  -5785.496935              
VL51  22139.020574 -31813.776713  46552.141801              
*  2025  5  1 13  0   0.00000000                            
PL51  11005.287409  -1267.547347  -5218.118740              
VL51  18816.109377 -31898.857994  47986.432746              
*  2025  5  1 13  2   0.00000000                            
PL51  11210.838145  -1650.063755  -4634.418744              
VL51  15433.473325 -31827.751405  49271.687773              
*  2025  5  1 13  4   0.00000000                            
PL51  11375.504059  -2030.785113  -4036.211588              
VL51  12004.165283 -31599.600010  50403.617300              
*  2025  5  1 13  6   0.00000000                            
PL51  11498.804373  -2407.825338  -3425.360520              
VL51   8541.426333 -31214.266914  51378.412467              
*  2025  5  1 13  8   0.00000000                            
PL51  11580.418059  -2779.301056  -2803.771530              
VL51   5058.631256 -30672.340942  52192.761166              
*  2025  5  1 13 10   0.00000000                            
PL51  11620.185110  -3143.340324  -2173.387298              
VL51   1569.232946 -29975.138869  52843.862398              
*  2025  5  1 13 12   0.00000000                            
PL51  11618.107141  -3498.091366  -1536.180989              
VL51  -1913.293951 -29124.704131  53329.438847              
*  2025  5  1 13 14   0.00000000                            
PL51  11574.347312  -3841.731262   -894.149896              
VL51  -5375.509916 -28123.801985  53647.747560              
*  2025  5  1 13 16   0.00000000                            
PL51  11489.229557  -4172.474567   -249.308977              
VL51  -8804.067635 -26975.911073  53797.588662              
*  2025  5  1 13 18   0.00000000                            
PL51  11363.237141  -4488.581802    396.315702              
VL51 -12185.768982 -25685.211420  53778.311997              
*  2025  5  1 13 20   0.00000000                            
PL51  11197.010530  -4788.367781   1040.693597              
VL51 -15507.621598 -24256.568864  53589.821646              
*  2025  5  1 13 22   0.00000000                            
PL51  10991.344582  -5070.209727   1681.796350              
VL51 -18756.894742 -22695.516000  53232.578265              
*  2025  5  1 13 24   0.00000000                            
PL51  10747.185079  -5332.555147   2317.604474              
VL51 -21921.174098 -21008.229691  52707.599199              
*  2025  5  1 13 26   0.00000000                            
PL51  10465.624611  -5573.929406   2946.114018              
VL51 -24988.415234 -19201.505266  52016.456364              
*  2025  5  1 13 28   0.00000000                            
PL51  10147.897818  -5792.942982   3565.343203              
VL51 -27946.995400 -17282.727530  51161.271878              
*  2025  5  1 13 30   0.00000000                            
PL51   9795.376036  -5988.298348   4173.338983              
VL51 -30785.763374 -15259.838732  50144.711473              
*  2025  5  1 13 32   0.00000000                            
PL51   9409.561346  -6158.796456   4768.183522              
VL51 -33494.087071 -13141.303666  48969.975705              
*  2025  5  1 13 34   0.00000000                            
PL51   8992.080072  -6303.342784   5348.000544              
VL51 -36061.898663 -10936.072104  47640.789022              
*  2025  5  1 13 36   0.00000000                            
PL51   8544.675754  -6420.952918   5910.961545              
VL51 -38479.736959  -8653.538751  46161.386735              
*  2025  5  1 13 38   0.00000000                            
PL51   8069.201626  -6510.757641   6455.291839              
VL51 -40738.786822  -6303.500960  44536.499982              
*  2025  5  1 13 40   0.00000000                            
PL51   7567.612646  -6572.007496   6979.276400              
VL51 -42830.915423  -3896.114428  42771.338752              
*  2025  5  1 13 42   0.00000000                            
PL51   7041.957106  -6604.076819   7481.265507              
VL51 -44748.705152  -1441.847138  40871.573082              
*  2025  5  1 13 44   0.00000000                            
PL51   6494.367868  -6606.467195   7959.680133              
VL51 -46485.483025   1048.568224  38843.312522              
*  2025  5  1 13 46   0.00000000                            
PL51   5927.053271  -6578.810350   8413.017096              
VL51 -48035.346465   3564.183088  36693.083985              
*  2025  5  1 13 48   0.00000000                            
PL51   5342.287754  -6520.870434   8839.853924              
VL51 -49393.185342   6093.882804  34427.808125              
*  2025  5  1 13 50   0.00000000                            
PL51   4742.402224  -6432.545722   9238.853427              
VL51 -50554.700202   8626.437168  32054.774344              
*  2025  5  1 13 52   0.00000000                            
PL51   4129.774248  -6313.869688   9608.767974              
VL51 -51516.416636  11150.551385  29581.614591              
*  2025  5  1 13 54   0.00000000                            
PL51   3506.818081  -6165.011473   9948.443436              
VL51 -52275.695753  13654.917226  27016.276070              
*  2025  5  1 13 56   0.00000000                            
PL51   2875.974594  -5986.275747  10256.822798              
VL51 -52830.740757  16128.264110  24366.993013              
*  2025  5  1 13 58   0.00000000                            
PL51   2239.701154  -5778.101942  10532.949439              
VL51 -53180.599664  18559.409857  21642.257640              
*  2025  5  1 14  0   0.00000000                            
PL51   1600.461486  -5541.062898  10775.970038              
VL51 -53325.164176  20937.310878  18850.790458              
*  2025  5  1 14  2   0.00000000                            
PL51    960.715574  -5275.862898  10985.137144              
VL51 -53265.164802  23251.111562  16001.510037              
*  2025  5  1 14  4   0.00000000                            
PL51    322.909646  -4983.335121  11159.811360              
VL51 -53002.162297  25490.192632  13103.502371              
*  2025  5  1 14  6   0.00000000                            
PL51   -310.533722  -4664.438523  11299.463175              
VL51 -52538.535520  27644.218269  10165.989982              
*  2025  5  1 14  8   0.00000000                            
PL51   -937.225335  -4320.254163  11403.674410              
VL51 -51877.465833  29703.181803   7198.300858              
*  2025  5  1 14 10   0.00000000                            
PL51  -1554.818894  -3951.980980  11472.139299              
VL51 -51022.918168  31657.449772   4209.837354              
*  2025  5  1 14 12   0.00000000                            
PL51  -2161.020272  -3560.931066  11504.665196              
VL51 -49979.618883  33497.804188   1210.045157              
*  2025  5  1 14 14   0.00000000                            
PL51  -2753.596502  -3148.524431  11501.172907              
VL51 -48753.030584  35215.482826  -1791.617585              
*  2025  5  1 14 16   0.00000000                            
PL51  -3330.384448  -2716.283307  11461.696662              
VL51 -47349.324036  36802.217408  -4785.710863              
*  2025  5  1 14 18   0.00000000                            
PL51  -3889.299117  -2265.826000  11386.383704              
VL51 -45775.347345  38250.269503  -7762.843055              
*  2025  5  1 14 20   0.00000000                            
PL51  -4428.341595  -1798.860330  11275.493543              
VL51 -44038.592579  39552.464040 -10713.700723              
*  2025  5  1 14 22   0.00000000                            
PL51  -4945.606556  -1317.176681  11129.396829              
VL51 -42147.159998  40702.220301 -13629.077872              
*  2025  5  1 14 24   0.00000000                            
PL51  -5439.289339   -822.640697  10948.573898              
VL51 -40109.720082  41693.580284 -16499.904593              
*  2025  5  1 14 26   0.00000000                            
PL51  -5907.692550   -317.185650  10733.612968              
VL51 -37935.473542  42521.234341 -19317.275013              
*  2025  5  1 14 28   0.00000000                            
PL51  -6349.232178    197.195475  10485.208009              
VL51 -35634.109507  43180.544018 -22072.474467              
*  2025  5  1 14 30   0.00000000                            
PL51  -6762.443195    718.458162  10204.156284              
VL51 -33215.762087  43667.562005 -24757.005838              
*  2025  5  1 14 32   0.00000000                            
PL51  -7145.984627   1244.514759   9891.355590              
VL51 -30690.965501  43979.049153 -27362.614987              
*  2025  5  1 14 34   0.00000000                            
PL51  -7498.644085   1773.243068   9547.801194              
VL51 -28070.607972  44112.488508 -29881.315221              
*  2025  5  1 14 36   0.00000000                            
PL51  -7819.341723   2302.495074   9174.582481              
VL51 -25365.884597  44066.096315 -32305.410732              
*  2025  5  1 14 38   0.00000000                            
PL51  -8107.133642   2830.105799   8772.879325              
VL51 -22588.249375  43838.829981 -34627.518960              
*  2025  5  1 14 40   0.00000000                            
PL51  -8361.214699   3353.902225   8343.958208              
VL51 -19749.366619  43430.392972 -36840.591827              
*  2025  5  1 14 42   0.00000000                            
PL51  -8580.920740   3871.712267   7889.168079              
VL51 -16861.061921  42841.236653 -38937.935788              
*  2025  5  1 14 44   0.00000000                            
PL51  -8765.730241   4381.373734   7409.935989              
VL51 -13935.272905  42072.559067 -40913.230668              
*  2025  5  1 14 46   0.00000000                            
PL51  -8915.265353   4880.743275   6907.762502              
VL51 -10983.999928  41126.300695 -42760.547227              
*  2025  5  1 14 48   0.00000000                            
PL51  -9029.292365   5367.705245   6384.216904              
VL51  -8019.256961  40005.137202 -44474.363433              
*  2025  5  1 14 50   0.00000000                            
PL51  -9107.721567   5840.180466   5840.932229              
VL51  -5053.022812  38712.469241 -46049.579393              
*  2025  5  1 14 52   0.00000000                            
PL51  -9150.606547   6296.134856   5279.600106              
VL51  -2097.192906  37252.409346 -47481.530922              
*  2025  5  1 14 54   0.00000000                            
PL51  -9158.142896   6733.587875   4701.965459              
VL51    836.468209  35629.766000 -48766.001717              
*  2025  5  1 14 56   0.00000000                            
PL51  -9130.666364   7150.620769   4109.821068              
VL51   3736.373440  33850.024937 -49899.234114              
*  2025  5  1 14 58   0.00000000                            
PL51  -9068.650450   7545.384572   3505.002004              
VL51   6591.158627  31919.327786 -50877.938403              
*  2025  5  1 15  0   0.00000000                            
PL51  -8972.703466   7916.107832   2889.379966              
VL51   9389.726758  29844.448146 -51699.300707              
*  2025  5  1 15  2   0.00000000                            
PL51  -8843.565071   8261.104042   2264.857533              
VL51  12121.290756  27632.765203 -52360.989391              
*  2025  5  1 15  4   0.00000000                            
PL51  -8682.102300   8578.778739   1633.362344              
VL51  14775.414668  25292.235021 -52861.160021              
*  2025  5  1 15  6   0.00000000                            
PL51  -8489.305117   8867.636237    996.841231              
VL51  17342.053136  22831.359602 -53198.458856              
*  2025  5  1 15  8   0.00000000                            
PL51  -8266.281497   9126.285987    357.254314              
VL51  19811.588982  20259.153891 -53372.024899              
*  2025  5  1 15 10   0.00000000                            
PL51  -8014.252072   9353.448523   -283.430914              
VL51  22174.868792  17585.110830 -53381.490495              
*  2025  5  1 15 12   0.00000000                            
PL51  -7734.544365   9547.960980   -923.245505              
VL51  24423.236370  14819.164638 -53226.980504              
*  2025  5  1 15 14   0.00000000                            
PL51  -7428.586632   9708.782161  -1560.224954              
VL51  26548.563950  11971.652458 -52909.110069              
*  2025  5  1 15 16   0.00000000                            
PL51  -7097.901349   9834.997131  -2192.415063              
VL51  28543.281072   9053.274537 -52428.980994              
*  2025  5  1 15 18   0.00000000                            
PL51  -6744.098356   9925.821335  -2817.877750              
VL51  30400.401018   6075.053114 -51788.176778              
*  2025  5  1 15 20   0.00000000                            
PL51  -6368.867713   9980.604204  -3434.696794              
VL51  32113.544740   3048.290170 -50988.756345              
*  2025  5  1 15 22   0.00000000                            
PL51  -5973.972273   9998.832257  -4040.983499              
VL51  33676.962221    -15.475770 -50033.246496              
*  2025  5  1 15 24   0.00000000                            
PL51  -5561.240021   9980.131672  -4634.882252              
VL51  35085.551203  -3104.513635 -48924.633163              
*  2025  5  1 15 26   0.00000000                            
PL51  -5132.556202   9924.270337  -5214.575978              
VL51  36334.873271  -6206.944421 -47666.351493              
*  2025  5  1 15 28   0.00000000                            
PL51  -4689.855267   9831.159346  -5778.291466              
VL51  37421.167243  -9310.786273 -46262.274826              
*  2025  5  1 15 30   0.00000000                            
PL51  -4235.112686   9700.853969  -6324.304552              
VL51  38341.359882 -12403.999866 -44716.702622              
*  2025  5  1 15 32   0.00000000                            
PL51  -3770.336638   9533.554063  -6850.945158              
VL51  39093.073912 -15474.533953 -43034.347384              
*  2025  5  1 15 34   0.00000000                            
PL51  -3297.559625   9329.603943  -7356.602166              
VL51  39674.633349 -18510.370907 -41220.320633              
*  2025  5  1 15 36   0.00000000                            
PL51  -2818.830038   9089.491709  -7839.728115              
VL51  40085.066174 -21499.572145 -39280.117975              
*  2025  5  1 15 38   0.00000000                            
PL51  -2336.203709   8813.848022  -8298.843717              
VL51  40324.104362 -24430.323272 -37219.603302              
*  2025  5  1 15 40   0.00000000                            
PL51  -1851.735472   8503.444348  -8732.542177              
VL51  40392.181291 -27290.978830 -35044.992178              
*  2025  5  1 15 42   0.00000000                            
PL51  -1367.470777   8159.190662  -9139.493313              
VL51  40290.426574 -30070.106508 -32762.834427              
*  2025  5  1 15 44   0.00000000                            
PL51   -885.437380   7782.132632  -9518.447454              
VL51  40020.658347 -32756.530686 -30379.995981              
*  2025  5  1 15 46   0.00000000                            
PL51   -407.637136   7373.448275  -9868.239122              
VL51  39585.373046 -35339.375178 -27903.640011              
*  2025  5  1 15 48   0.00000000                            
PL51     63.962065   6934.444121 -10187.790484              
VL51  38987.732739 -37808.105058 -25341.207376              
*  2025  5  1 15 50   0.00000000                            
PL51    527.434194   6466.550864 -10476.114565              
VL51  38231.550054 -40152.567444 -22700.396432              
*  2025  5  1 15 52   0.00000000                            
PL51    980.902796   5971.318543 -10732.318207              
VL51  37321.270762 -42363.031108 -19989.142231              
*  2025  5  1 15 54   0.00000000                            
PL51   1422.548462   5450.411247 -10955.604790              
VL51  36261.954086 -44430.224818 -17215.595135              
*  2025  5  1 15 56   0.00000000                            
PL51   1850.616069   4905.601378 -11145.276680              
VL51  35059.250800 -46345.374272 -14388.098885              
*  2025  5  1 15 58   0.00000000                            
PL51   2263.421733   4338.763468 -11300.737414              
VL51  33719.379178 -48100.237538 -11515.168140              
*  2025  5  1 16  0   0.00000000                            
PL51   2659.359463   3751.867587 -11421.493619              
VL51  32249.098883 -49687.138873  -8605.465527              
*  2025  5  1 16  2   0.00000000                            
PL51   3036.907495   3146.972358 -11507.156641              
VL51  30655.682862 -51099.000811  -5667.778200              
*  2025  5  1 16  4   0.00000000                            
PL51   3394.634270   2526.217591 -11557.443903              
VL51  28946.887331 -52329.374420  -2710.993967              
*  2025  5  1 16  6   0.00000000                            
PL51   3731.204044   1891.816567 -11572.179963              
VL51  27130.919930 -53372.467612    255.923024              
*  2025  5  1 16  8   0.00000000                            
PL51   4045.382108   1246.048002 -11551.297284              
VL51  25216.406136 -54223.171390   3223.956992              
*  2025  5  1 16 10   0.00000000                            
PL51   4336.039588    591.247698 -11494.836700              
VL51  23212.354033 -54877.083932   6184.065598              
*  2025  5  1 16 12   0.00000000                            
PL51   4602.157822    -70.200074 -11402.947590              
VL51  21128.117525 -55330.532401   9127.205373              
*  2025  5  1 16 14   0.00000000                            
PL51   4842.832277   -735.871441 -11275.887731              
VL51  18973.358101 -55580.592364  12044.357450              
*  2025  5  1 16 16   0.00000000                            
PL51   5057.276007  -1403.312014 -11114.022846              
VL51  16758.005256 -55625.104722  14926.553574              
*  2025  5  1 16 18   0.00000000                            
PL51   5244.822626  -2070.046158 -10917.825848              
VL51  14492.215672 -55462.690018  17764.902350              
*  2025  5  1 16 20   0.00000000                            
PL51   5404.928781  -2733.586423 -10687.875748              
VL51  12186.331299 -55092.760048  20550.615684              
*  2025  5  1 16 22   0.00000000                            
PL51   5537.176117  -3391.443094 -10424.856265              
VL51   9850.836431 -54515.526621  23275.035360              
*  2025  5  1 16 24   0.00000000                            
PL51   5641.272732  -4041.133827 -10129.554103              
VL51   7496.313944 -53732.007404  25929.659688              
*  2025  5  1 16 26   0.00000000                            
PL51   5717.054083  -4680.193342  -9802.856913              
VL51   5133.400822 -52744.028709  28506.170163              
*  2025  5  1 16 28   0.00000000                            
PL51   5764.483373  -5306.183125  -9445.750937              
VL51   2772.743134 -51554.225172  30996.458045              
*  2025  5  1 16 30   0.00000000                            
PL51   5783.651385  -5916.701112  -9059.318330              
VL51    424.950624 -50166.036199  33392.650764              
*  2025  5  1 16 32   0.00000000                            
PL51   5774.775772  -6509.391310  -8644.734172              
VL51  -1899.448892 -48583.699148  35687.138081              
*  2025  5  1 16 34   0.00000000                            
PL51   5738.199803  -7081.953310  -8203.263162              
VL51  -4190.055169 -46812.239158  37872.597874              
*  2025  5  1 16 36   0.00000000                            
PL51   5674.390554  -7632.151667  -7736.256006              
VL51  -6436.640993 -44857.455601  39942.021472              
*  2025  5  1 16 38   0.00000000                            
PL51   5583.936567  -8157.825090  -7245.145513              
VL51  -8629.197276 -42725.905118  41888.738407              
*  2025  5  1 16 40   0.00000000                            
PL51   5467.544960  -8656.895412  -6731.442386              
VL51 -10757.977577 -40424.881225  43706.440484              
*  2025  5  1 16 42   0.00000000                            
PL51   5326.038012  -9127.376291  -6196.730737              
VL51 -12813.541826 -37962.390489  45389.205024              
*  2025  5  1 16 44   0.00000000                            
PL51   5160.349232  -9567.381608  -5642.663322              
VL51 -14786.799054 -35347.125300  46931.517184              
*  2025  5  1 16 46   0.00000000                            
PL51   4971.518917  -9975.133516  -5070.956526              
VL51 -16669.048875 -32588.433288  48328.291189              
*  2025  5  1 16 48   0.00000000                            
PL51   4760.689226 -10348.970105  -4483.385084              
VL51 -18452.021514 -29696.283442  49574.890366              
*  2025  5  1 16 50   0.00000000                            
PL51   4529.098777 -10687.352635  -3881.776585              
VL51 -20127.916156 -26681.229046  50667.145836              
*  2025  5  1 16 52   0.00000000                            
PL51   4278.076801 -10988.872313  -3268.005749              
VL51 -21689.437370 -23554.367536  51601.373742              
*  2025  5  1 16 54   0.00000000                            
PL51   4009.036870 -11252.256566  -2643.988514              
VL51 -23129.829408 -20327.297440  52374.390881              
*  2025  5  1 16 56   0.00000000                            
PL51   3723.470226 -11476.374782  -2011.675942              
VL51 -24442.908159 -17012.072569  52983.528620              
*  2025  5  1 16 58   0.00000000                            
PL51   3422.938741 -11660.243487  -1373.047971              
VL51 -25623.090544 -13621.153658  53426.645005              
*  2025  5  1 17  0   0.00000000                            
PL51   3109.067545 -11803.030923   -730.107027              
VL51 -26665.421177 -10167.357680  53702.134936              
*  2025  5  1 17  2   0.00000000                            
PL51   2783.537344 -11904.061013    -84.871537              
VL51 -27565.596099  -6663.805078  53808.938343              
*  2025  5  1 17  4   0.00000000                            
PL51   2448.076480 -11962.816670    560.630652              
VL51 -28319.983436  -3123.865171  53746.546281              
*  2025  5  1 17  6   0.00000000                            
PL51   2104.452755 -11978.942457   1204.368916              
VL51 -28925.640828    438.899976  53515.004878              
*  2025  5  1 17  8   0.00000000                            
PL51   1754.465070 -11952.246548   1844.316524              
VL51 -29380.329511   4010.792937  53114.917094              
*  2025  5  1 17 10   0.00000000                            
PL51   1399.934916 -11882.702008   2478.457320              
VL51 -29682.524948   7578.039243  52547.442252              
*  2025  5  1 17 12   0.00000000                            
PL51   1042.697755 -11770.447365   3104.792384              
VL51 -29831.423934  11126.846320  51814.293339              
*  2025  5  1 17 14   0.00000000                            
PL51    684.594339 -11615.786469   3721.346653              
VL51 -29826.948107  14643.462729  50917.732058              
*  2025  5  1 17 16   0.00000000                            
PL51    327.462012 -11419.187643   4326.175461              
VL51 -29669.743853  18114.237364  49860.561661              
*  2025  5  1 17 18   0.00000000                            
PL51    -26.873971 -11181.282130   4917.370984              
VL51 -29361.178581  21525.678297  48646.117598              
*  2025  5  1 17 20   0.00000000                            
PL51   -376.609057 -10902.861827   5493.068561              
VL51 -28903.333399  24864.510927  47278.256025              
*  2025  5  1 17 22   0.00000000                            
PL51   -719.967893 -10584.876338   6051.452861              
VL51 -28298.992227  28117.735135  45761.340240              
*  2025  5  1 17 24   0.00000000                            
PL51  -1055.212682 -10228.429340   6590.763880              
VL51 -27551.627430  31272.681113  44100.225127              
*  2025  5  1 17 26   0.00000000                            
PL51  -1380.651338  -9834.774295   7109.302736              
VL51 -26665.382039  34317.063602  42300.239700              
*  2025  5  1 17 28   0.00000000                            
PL51  -1694.645411  -9405.309517   7605.437244              
VL51 -25645.048703  37239.034226  40367.167837              
*  2025  5  1 17 30   0.00000000                            
PL51  -1995.617741  -8941.572627   8077.607249              
VL51 -24496.045469  40027.231688  38307.227330              
*  2025  5  1 17 32   0.00000000                            
PL51  -2282.059805  -8445.234421   8524.329703              
VL51 -23224.388581  42670.829557  36127.047361              
*  2025  5  1 17 34   0.00000000                            
PL51  -2552.538712  -7918.092174   8944.203459              
VL51 -21836.662433  45159.581439  33833.644528              
*  2025  5  1 17 36   0.00000000                            
PL51  -2805.703831  -7362.062424   9335.913763              
VL51 -20339.986878  47483.863311  31434.397554              
*  2025  5  1 17 38   0.00000000                            
PL51  -3040.293010  -6779.173265   9698.236452              
VL51 -18741.982079  49634.712845  28937.020819              
*  2025  5  1 17 40   0.00000000                            
PL51  -3255.138352  -6171.556188  10030.041808              
VL51 -17050.731122  51603.865558  26349.536848              
*  2025  5  1 17 42   0.00000000                            
PL51  -3449.171539  -5541.437503  10330.298093              
VL51 -15274.740590  53383.787654  23680.247897              
*  2025  5  1 17 44   0.00000000                            
PL51  -3621.428668  -4891.129393  10598.074729              
VL51 -13422.899332  54967.705444  20937.706765              
*  2025  5  1 17 46   0.00000000                            
PL51  -3771.054584  -4223.020634  10832.545125              
VL51 -11504.435646  56349.631260  18130.686977              
*  2025  5  1 17 48   0.00000000                            
PL51  -3897.306685  -3539.567025  11032.989145              
VL51  -9528.873109  57524.385775  15268.152454              
*  2025  5  1 17 50   0.00000000                            
PL51  -3999.558199  -2843.281569  11198.795211              
VL51  -7505.985281  58487.616697  12359.226801              
*  2025  5  1 17 52   0.00000000                            
PL51  -4077.300908  -2136.724459  11329.462028              
VL51  -5445.749503  59235.813778   9413.162335              
*  2025  5  1 17 54   0.00000000                            
PL51  -4130.147307  -1422.492902  11424.599949              
VL51  -3358.300050  59766.320136   6439.308981              
*  2025  5  1 17 56   0.00000000                            
PL51  -4157.832210   -703.210824  11483.931955              
VL51  -1253.880823  60077.339887   3447.083142              
*  2025  5  1 17 58   0.00000000                            
PL51  -4160.213778     18.481484  11507.294266              
VL51    857.202146  60167.942102    445.936667              
*  2025  5  1 18  0   0.00000000                            
PL51  -4137.273978    739.937752  11494.636586              
VL51   2964.628194  60038.061141  -2554.673978              
*  2025  5  1 18  2   0.00000000                            
PL51  -4089.118479   1458.516103  11446.021967              
VL51   5058.109296  59688.493395  -5545.318246              
*  2025  5  1 18  4   0.00000000                            
PL51  -4015.975974   2171.589354  11361.626325              
VL51   7127.436896  59120.890529  -8516.621651              
*  2025  5  1 18  6   0.00000000                            
PL51  -3918.196950   2876.555225  11241.737583              
VL51   9162.528106  58337.749272 -11459.295425              
*  2025  5  1 18  8   0.00000000                            
PL51  -3796.251908   3570.846400  11086.754470              
VL51  11153.471071  57342.397866 -14364.165625              
*  2025  5  1 18 10   0.00000000                            
PL51  -3650.729045   4251.940411  10897.184968              
VL51  13090.569310  56138.979247 -17222.201598              
*  2025  5  1 18 12   0.00000000                            
PL51  -3482.331403   4917.369294  10673.644432              
VL51  14964.384854  54732.431081 -20024.543730              
*  2025  5  1 18 14   0.00000000                            
PL51  -3291.873523   5564.728989  10416.853369              
VL51  16765.780014  53128.462757 -22762.530413              
*  2025  5  1 18 16   0.00000000                            
PL51  -3080.277592   6191.688456  10127.634905              
VL51  18485.957599  51333.529467 -25427.724164              
*  2025  5  1 18 18   0.00000000                            
PL51  -2848.569127   6795.998446   9806.911947              
VL51  20116.499443  49354.803504 -28011.936813              
*  2025  5  1 18 20   0.00000000                            
PL51  -2597.872206   7375.499925   9455.704040              
VL51  21649.403073  47200.142917 -30507.253727              
*  2025  5  1 18 22   0.00000000                            
PL51  -2329.404267   7928.132105   9075.123950              
VL51  23077.116406  44878.057668 -32906.056984              
*  2025  5  1 18 24   0.00000000                            
PL51  -2044.470507   8451.940046   8666.373963              
VL51  24392.570315  42397.673460 -35201.047453              
*  2025  5  1 18 26   0.00000000                            
PL51  -1744.457902   8945.081822   8230.741941              
VL51  25589.208974  39768.693386 -37385.265739              
*  2025  5  1 18 28   0.00000000                            
PL51  -1430.828876   9405.835207   7769.597117              
VL51  26661.017849  37001.357575 -39452.111926              
*  2025  5  1 18 30   0.00000000                            
PL51  -1105.114652   9832.603869   7284.385676              
VL51  27602.549258  34106.401004 -41395.364097              
*  2025  5  1 18 32   0.00000000                            
PL51   -768.908307  10223.923045   6776.626108              
VL51  28408.945393  31095.009659 -43209.195576              
*  2025  5  1 18 34   0.00000000                            
PL51   -423.857569  10578.464687   6247.904374              
VL51  29075.958738  27978.775214 -44888.190874              
*  2025  5  1 18 36   0.00000000                            
PL51    -71.657383  10895.042046   5699.868879              
VL51  29599.969817  24769.648413 -46427.360285              
*  2025  5  1 18 38   0.00000000                            
PL51    285.957713  11172.613699   5134.225283              
VL51  29978.002192  21479.891353 -47822.153106              
*  2025  5  1 18 40   0.00000000                            
PL51    647.221388  11410.286993   4552.731161              
VL51  30207.734694  18122.028845 -49068.469456              
*  2025  5  1 18 42   0.00000000                            
PL51   1010.343437  11607.320904   3957.190528              
VL51  30287.510818  14708.799073 -50162.670655              
*  2025  5  1 18 44   0.00000000                            
PL51   1373.517797  11763.128297   3349.448252              
VL51  30216.345300  11253.103737 -51101.588148              
*  2025  5  1 18 46   0.00000000                            
PL51   1734.930631  11877.277587   2731.384363              
VL51  29993.927828   7767.957901 -51882.530971              
*  2025  5  1 18 48   0.00000000                            
PL51   2092.768434  11949.493798   2104.908288              
VL51  29620.623934   4266.439743 -52503.291739              
*  2025  5  1 18 50   0.00000000                            
PL51   2445.226132  11979.659022   1471.953018              
VL51  29097.473046    761.640403 -52962.151163              
*  2025  5  1 18 52   0.00000000                            
PL51   2790.515148  11967.812273    834.469230              
VL51  28426.183772  -2733.385870 -53257.881116              
*  2025  5  1 18 54   0.00000000                            
PL51   3126.871386  11914.148744    194.419382              
VL51  27609.126431  -6205.671071 -53389.746242              
*  2025  5  1 18 56   0.00000000                            
PL51   3452.563114  11819.018488   -446.228200              
VL51  26649.322891  -9642.382136 -53357.504153              
*  2025  5  1 18 58   0.00000000                            
PL51   3765.898710  11682.924501  -1085.505235              
VL51  25550.433794 -13030.868770 -53161.404212              
*  2025  5  1 19  0   0.00000000                            
PL51   4065.234238  11506.520253  -1721.449374              
VL51  24316.743209 -16358.710279 -52802.184955              
*  2025  5  1 19  2   0.00000000                            
PL51   4348.980820  11290.606657  -2352.110043              
VL51  22953.140820 -19613.761214 -52281.070159              
*  2025  5  1 19  4   0.00000000                            
PL51   4615.611793  11036.128496  -2975.554243              
VL51  21465.101717 -22784.195692 -51599.763605              
*  2025  5  1 19  6   0.00000000                            
PL51   4863.669592  10744.170331  -3589.872265              
VL51  19858.663891 -25858.550235 -50760.442558              
*  2025  5  1 19  8   0.00000000                            
PL51   5091.772364  10415.951905  -4193.183332              
VL51  18140.403537 -28825.765000 -49765.750008              
*  2025  5  1 19 10   0.00000000                            
PL51   5298.620268  10052.823058  -4783.641134              
VL51  16317.408259 -31675.223258 -48618.785712              
*  2025  5  1 19 12   0.00000000                            
PL51   5483.001437   9656.258182  -5359.439245              
VL51  14397.248318 -34396.789001 -47323.096073              
*  2025  5  1 19 14   0.00000000                            
PL51   5643.797595   9227.850239  -5918.816424              
VL51  12387.946013 -36980.842573 -45882.662914              
*  2025  5  1 19 16   0.00000000                            
PL51   5779.989281   8769.304361  -6460.061761              
VL51  10297.943342 -39418.314204 -44301.891185              
*  2025  5  1 19 18   0.00000000                            
PL51   5890.660690   8282.431056  -6981.519679              
VL51   8136.068067 -41700.715386 -42585.595666              
*  2025  5  1 19 20   0.00000000                            
PL51   5975.004086   7769.139065  -7481.594767              
VL51   5911.498299 -43820.167984 -40738.986692              
*  2025  5  1 19 22   0.00000000                            
PL51   6032.323791   7231.427865  -7958.756434              
VL51   3633.725754 -45769.431027 -38767.654979              
*  2025  5  1 19 24   0.00000000                            
PL51   6062.039720   6671.379881  -8411.543383              
VL51   1312.517793 -47541.925116 -36677.555568              
*  2025  5  1 19 26   0.00000000                            
PL51   6063.690455   6091.152409  -8838.567877              
VL51  -1042.121607 -49131.754397 -34474.990955              
*  2025  5  1 19 28   0.00000000                            
PL51   6036.935845   5492.969296  -9238.519806              
VL51  -3419.991831 -50533.726057 -32166.593433              
*  2025  5  1 19 30   0.00000000                            
PL51   5981.559125   4879.112397  -9610.170535              
VL51  -5810.736407 -51743.367291 -29759.306700              
*  2025  5  1 19 32   0.00000000                            
PL51   5897.468534   4251.912849  -9952.376529              
VL51  -8203.884468 -52756.939727 -27260.366767              
*  2025  5  1 19 34   0.00000000                            
PL51   5784.698439   3613.742181 -10264.082737              
VL51 -10588.892763 -53571.451281 -24677.282207              
*  2025  5  1 19 36   0.00000000                            
PL51   5643.409947   2967.003302 -10544.325746              
VL51 -12955.188070 -54184.665418 -22017.813780              
*  2025  5  1 19 38   0.00000000                            
PL51   5473.891012   2314.121393 -10792.236682              
VL51 -15292.209902 -54595.107818 -19289.953466              
*  2025  5  1 19 40   0.00000000                            
PL51   5276.556020   1657.534729 -11007.043853              
VL51 -17589.453364 -54802.070432 -16501.902936              
*  2025  5  1 19 42   0.00000000                            
PL51   5051.944873    999.685478 -11188.075136              
VL51 -19836.512025 -54805.612930 -13662.051490              
*  2025  5  1 19 44   0.00000000                            
PL51   4800.721540    343.010489 -11334.760092              
VL51 -22023.120690 -54606.561535 -10778.953478              
*  2025  5  1 19 46   0.00000000                            
PL51   4523.672115   -310.067885 -11446.631810              
VL51 -24139.197929 -54206.505253  -7861.305241              
*  2025  5  1 19 48   0.00000000                            
PL51   4221.702356   -957.150906 -11523.328470              
VL51 -26174.888226 -53607.789489  -4917.921582              
*  2025  5  1 19 50   0.00000000                            
PL51   3895.834721  -1595.872475 -11564.594620              
VL51 -28120.603628 -52813.507074  -1957.711790              
*  2025  5  1 19 52   0.00000000                            
PL51   3547.204915  -2223.908034 -11570.282165              
VL51 -29967.064745 -51827.486694   1010.344746              
*  2025  5  1 19 54   0.00000000                            
PL51   3177.057941  -2838.983317 -11540.351059              
VL51 -31705.340958 -50654.278748   3977.223327              
*  2025  5  1 19 56   0.00000000                            
PL51   2786.743681  -3438.882910 -11474.869700              
VL51 -33326.889705 -49299.138635   6933.879100              
*  2025  5  1 19 58   0.00000000                            
PL51   2377.712007  -4021.458598 -11374.015017              
VL51 -34823.594694 -47768.007505   9871.272555              
*  2025  5  1 20  0   0.00000000                            
PL51   1951.507445  -4584.637467 -11238.072251              
VL51 -36187.802883 -46067.490486  12780.395330              
*  2025  5  1 20  2   0.00000000                            
PL51   1509.763396  -5126.429729 -11067.434428              
VL51 -37412.360094 -44204.832406  15652.296286              
*  2025  5  1 20  4   0.00000000                            
PL51   1054.195949  -5644.936239 -10862.601512              
VL51 -38490.645084 -42187.891071  18478.107808              
*  2025  5  1 20  6   0.00000000                            
PL51    586.597289  -6138.355679 -10624.179246              
VL51 -39416.601928 -40025.108099  21249.072287              
*  2025  5  1 20  8   0.00000000                            
PL51    108.828723  -6604.991378 -10352.877670              
VL51 -40184.770541 -37725.477407  23956.568712              
*  2025  5  1 20 10   0.00000000                            
PL51   -377.186638  -7043.257735 -10049.509323              
VL51 -40790.315190 -35298.511364  26592.139327              
*  2025  5  1 20 12   0.00000000                            
PL51   -869.471532  -7451.686233  -9714.987126              
VL51 -41229.050819 -32754.204722  29147.516260              
*  2025  5  1 20 14   0.00000000                            
PL51  -1366.002503  -7828.930992  -9350.321941              
VL51 -41497.467039 -30102.996367  31614.648075              
*  2025  5  1 20 16   0.00000000                            
PL51  -1864.718126  -8173.773865  -8956.619818              
VL51 -41592.749613 -27355.729021  33985.726124              
*  2025  5  1 20 18   0.00000000                            
PL51  -2363.527479  -8485.129030  -8535.078922              
VL51 -41512.799281 -24523.606963  36253.210634              
*  2025  5  1 20 20   0.00000000                            
PL51  -2860.318819  -8762.047067  -8086.986154              
VL51 -41256.247777 -21618.151936  38409.856410              
*  2025  5  1 20 22   0.00000000                            
PL51  -3352.968436  -9003.718491  -7613.713463              
VL51 -40822.470890 -18651.157332  40448.738050              
*  2025  5  1 20 24   0.00000000                            
PL51  -3839.349649  -9209.476734  -7116.713862              
VL51 -40211.598438 -15634.640850  42363.274552              
*  2025  5  1 20 26   0.00000000                            
PL51  -4317.341889  -9378.800542  -6597.517149              
VL51 -39424.521024 -12580.795770  44147.253196              
*  2025  5  1 20 28   0.00000000                            
PL51  -4784.839862  -9511.315786  -6057.725348              
VL51 -38462.893470  -9501.941049  45794.852578              
*  2025  5  1 20 30   0.00000000                            
PL51  -5239.762717  -9606.796662  -5499.007884              
VL51 -37329.134831  -6410.470422  47300.664657              
*  2025  5  1 20 32   0.00000000                            
PL51  -5680.063201  -9665.166285  -4923.096490              
VL51 -36026.424906  -3318.800746  48659.715698              
*  2025  5  1 20 34   0.00000000                            
PL51  -6103.736752  -9686.496647  -4331.779882              
VL51 -34558.697192   -239.319799  49867.485967              
*  2025  5  1 20 36   0.00000000                            
PL51  -6508.830479  -9671.007958  -3726.898193              
VL51 -32930.628240   2815.666201  50919.928061              
*  2025  5  1 20 38   0.00000000                            
PL51  -6893.451998  -9619.067351  -3110.337209              
VL51 -31147.623393   5833.985117  51813.483733              
*  2025  5  1 20 40   0.00000000                            
PL51  -7255.778076  -9531.186959  -2484.022401              
VL51 -29215.798919   8803.651176  52545.099097              
*  2025  5  1 20 42   0.00000000                            
PL51  -7594.063033  -9408.021364  -1849.912793              
VL51 -27141.960571  11712.916746  53112.238099              
*  2025  5  1 20 44   0.00000000                            
PL51  -7906.646874  -9250.364438  -1209.994676              
VL51 -24933.578630  14550.323320  53512.894136              
*  2025  5  1 20 46   0.00000000                            
PL51  -8191.963093  -9059.145569   -566.275194              
VL51 -22598.759523  17304.751433  53745.599750              
*  2025  5  1 20 48   0.00000000                            
PL51  -8448.546122  -8835.425302     79.224174              
VL51 -20146.214111  19965.469227  53809.434276              
*  2025  5  1 20 50   0.00000000                            
PL51  -8675.038377  -8580.390402    724.474212              
VL51 -17585.222797  22522.179386  53704.029411              
*  2025  5  1 20 52   0.00000000                            
PL51  -8870.196868  -8295.348368   1367.444613              
VL51 -14925.597614  24965.064162  53429.572605              
*  2025  5  1 20 54   0.00000000                            
PL51  -9032.899335  -7981.721419   2006.110665              
VL51 -12177.641457  27284.828245  52986.808268              
*  2025  5  1 20 56   0.00000000                            
PL51  -9162.149884  -7641.039982   2638.459924              
VL51  -9352.104698  29472.739196  52377.036735              
*  2025  5  1 20 58   0.00000000                            
PL51  -9257.084082  -7274.935702   3262.498872              
VL51  -6460.139380  31520.665232  51602.110992              
*  2025  5  1 21  0   0.00000000                            
PL51  -9316.973493  -6885.134029   3876.259515              
VL51  -3513.251255  33421.110130  50664.431169              
*  2025  5  1 21  2   0.00000000                            
PL51  -9341.229620  -6473.446391   4477.805907              
VL51   -523.249916  35167.245037  49566.936820              
*  2025  5  1 21  4   0.00000000                            
PL51  -9329.407252  -6041.762015   5065.240563              
VL51   2497.802702  36752.937039  48313.097024              
*  2025  5  1 21  6   0.00000000                            
PL51  -9281.207169  -5592.039420   5636.710748              
VL51   5537.645163  38172.774288  46906.898363              
*  2025  5  1 21  8   0.00000000                            
PL51  -9196.478216  -5126.297629   6190.414599              
VL51   8583.870433  39422.087598  45352.830848              
*  2025  5  1 21 10   0.00000000                            
PL51  -9075.218725  -4646.607150   6724.607075              
VL51  11623.980534  40496.968366  43655.871861              
*  2025  5  1 21 12   0.00000000                            
PL51  -8917.577271  -4155.080758   7237.605699              
VL51  14645.441667  41394.282763  41821.468228              
*  2025  5  1 21 14   0.00000000                            
PL51  -8723.852776  -3653.864130   7727.796077              
VL51  17635.739492  42111.682120  39855.516507              
*  2025  5  1 21 16   0.00000000                            
PL51  -8494.493940  -3145.126381   8193.637163              
VL51  20582.434281  42647.609503  37764.341621              
*  2025  5  1 21 18   0.00000000                            
PL51  -8230.098019  -2631.050545   8633.666267              
VL51  23473.215662  43001.302453  35554.673952              
*  2025  5  1 21 20   0.00000000                            
PL51  -7931.408944  -2113.824041   9046.503778              
VL51  26295.956668  43172.791929  33233.625018              
*  2025  5  1 21 22   0.00000000                            
PL51  -7599.314806  -1595.629179   9430.857580              
VL51  29038.766824  43162.897491  30808.661878              
*  2025  5  1 21 24   0.00000000                            
PL51  -7234.844702  -1078.633741   9785.527161              
VL51  31690.044024  42973.218790  28287.580373              
*  2025  5  1 21 26   0.00000000                            
PL51  -6839.164971   -564.981695  10109.407398              
VL51  34238.524943  42606.123464  25678.477371              
*  2025  5  1 21 28   0.00000000                            
PL51  -6413.574834    -56.784063  10401.491988              
VL51  36673.333754  42064.731526  22989.722127              
*  2025  5  1 21 30   0.00000000                            
PL51  -5959.501462    443.889993  10660.876551              
VL51  38984.028939  41352.896395  20229.926902              
*  2025  5  1 21 32   0.00000000                            
PL51  -5478.494496    935.021843  10886.761360              
VL51  41160.647992  40475.182692  17407.916988              
*  2025  5  1 21 34   0.00000000                            
PL51  -4972.220037   1414.651776  11078.453720              
VL51  43193.749825  39436.840968  14532.700244              
*  2025  5  1 21 36   0.00000000                            
PL51  -4442.454150   1880.887062  11235.369969              
VL51  45074.454726  38243.779528  11613.436299              
*  2025  5  1 21 38   0.00000000                            
PL51  -3891.075902   2331.909665  11357.037119              
VL51  46794.481693  36902.533524   8659.405515              
*  2025  5  1 21 40   0.00000000                            
PL51  -3320.059963   2765.983566  11443.094113              
VL51  48346.183036  35420.231507   5679.977856              
*  2025  5  1 21 42   0.00000000                            
PL51  -2731.468816   3181.461671  11493.292716              
VL51  49722.576101  33804.559627   2684.581765              
*  2025  5  1 21 44   0.00000000                            
PL51  -2127.444602   3576.792275  11507.498031              
VL51  50917.372024  32063.723683   -317.326841              
*  2025  5  1 21 46   0.00000000                            
PL51  -1510.200634   3950.525064  11485.688641              
VL51  51925.001437  30206.409233  -3316.295340              
*  2025  5  1 21 48   0.00000000                            
PL51   -882.012626   4301.316622  11427.956390              
VL51  52740.637030  28241.739960  -6302.904850              
*  2025  5  1 21 50   0.00000000                            
PL51   -245.209670   4627.935429  11334.505796              
VL51  53360.212939  26179.234526  -9267.800248              
*  2025  5  1 21 52   0.00000000                            
PL51    397.835005   4929.266338  11205.653106              
VL51  53780.440900  24028.762106 -12201.719682              
*  2025  5  1 21 54   0.00000000                            
PL51   1044.713440   5204.314510  11041.825007              
VL51  53998.823144  21800.496827 -15095.523494              
*  2025  5  1 21 56   0.00000000                            
PL51   1692.992497   5452.208790  10843.556985              
VL51  54013.662023  19504.871319 -17940.222478              
*  2025  5  1 21 58   0.00000000                            
PL51   2340.223500   5672.204532  10611.491358              
VL51  53824.066340  17152.529582 -20727.005405              
*  2025  5  1 22  0   0.00000000                            
PL51   2983.951933   5863.685847  10346.374975              
VL51  53429.954410  14754.279383 -23447.265750              
*  2025  5  1 22  2   0.00000000                            
PL51   3621.727160   6026.167285  10049.056606              
VL51  52832.053848  12321.044376 -26092.627541              
*  2025  5  1 22  4   0.00000000                            
PL51   4251.112114   6159.294933   9720.484024              
VL51  52031.898115   9863.816159 -28654.970297              
*  2025  5  1 22  6   0.00000000                            
PL51   4869.692934   6262.846947   9361.700795              
VL51  51031.819863   7393.606459 -31126.452966              
*  2025  5  1 22  8   0.00000000                            
PL51   5475.088500   6336.733506   8973.842786              
VL51  49834.941115   4921.399636 -33499.536825              
*  2025  5  1 22 10   0.00000000                            
PL51   6064.959826   6380.996202   8558.134405              
VL51  48445.160356   2458.105710 -35767.007283              
*  2025  5  1 22 12   0.00000000                            
PL51   6637.019291   6395.806870   8115.884586              
VL51  46867.136584     14.514087 -37921.994533              
*  2025  5  1 22 14   0.00000000                            
PL51   7189.039651   6381.465867   7648.482534              
VL51  45106.270410  -2398.751832 -39957.993020              
*  2025  5  1 22 16   0.00000000                            
PL51   7718.862812   6338.399812   7157.393245              
VL51  43168.682302  -4771.278984 -41868.879655              
*  2025  5  1 22 18   0.00000000                            
PL51   8224.408324   6267.158801   6644.152811              
VL51  41061.188056  -7092.907730 -43648.930749              
*  2025  5  1 22 20   0.00000000                            
PL51   8703.681562   6168.413119   6110.363532              
VL51  38791.271619  -9353.773560 -45292.837623              
*  2025  5  1 22 22   0.00000000                            
PL51   9154.781572   6042.949451   5557.688851              
VL51  36367.055390 -11544.347213 -46795.720853              
*  2025  5  1 22 24   0.00000000                            
PL51   9575.908539   5891.666629   4987.848125              
VL51  33797.268120 -13655.473104 -48153.143122              
*  2025  5  1 22 26   0.00000000                            
PL51   9965.370862   5715.570926   4402.611245              
VL51  31091.210570 -15678.405875 -49361.120664              
*  2025  5  1 22 28   0.00000000                            
PL51  10321.591798   5515.770924   3803.793139              
VL51  28258.719063 -17604.844971 -50416.133265              
*  2025  5  1 22 30   0.00000000                            
PL51  10643.115663   5293.471980   3193.248150              
VL51  25310.127093 -19426.967087 -51315.132821              
*  2025  5  1 22 32   0.00000000                            
PL51  10928.613558   5049.970315   2572.864331              
VL51  22256.225163 -21137.456401 -52055.550435              
*  2025  5  1 22 34   0.00000000                            
PL51  11176.888604   4786.646753   1944.557655              
VL51  19108.219010 -22729.532461 -52635.302053              
*  2025  5  1 22 36   0.00000000                            
PL51  11386.880667   4504.960144   1310.266177              
VL51  15877.686390 -24196.975666 -53052.792628              
*  2025  5  1 22 38   0.00000000                            
PL51  11557.670557   4206.440491    671.944141              
VL51  12576.532625 -25534.150229 -53306.918847              
*  2025  5  1 22 40   0.00000000                            
PL51  11688.483685   3892.681822     31.556074              
VL51   9216.945069 -26736.024582 -53397.070401              
*  2025  5  1 22 42   0.00000000                            
PL51  11778.693170   3565.334825   -608.929130              
VL51   5811.346687 -27798.189146 -53323.129839              
*  2025  5  1 22 44   0.00000000                            
PL51  11827.822388   3226.099298  -1247.544119              
VL51   2372.348932 -28716.871435 -53085.471025              
*  2025  5  1 22 46   0.00000000                            
PL51  11835.546942   2876.716420  -1882.328961              
VL51  -1087.295914 -29488.948458 -52684.956215              
*  2025  5  1 22 48   0.00000000                            
PL51  11801.696070   2518.960901  -2511.336981              
VL51  -4554.742735 -30111.956392 -52122.931790              
*  2025  5  1 22 50   0.00000000                            
PL51  11726.253465   2154.633025  -3132.640538              
VL51  -8017.101747 -30584.097525 -51401.222679              
*  2025  5  1 22 52   0.00000000                            
PL51  11609.357526   1785.550629  -3744.336727              
VL51 -11461.486658 -30904.244460 -50522.125508              
*  2025  5  1 22 54   0.00000000                            
PL51  11451.301028   1413.541049  -4344.552994              
VL51 -14875.062634 -31071.941589 -49488.400508              
*  2025  5  1 22 56   0.00000000                            
PL51  11252.530215   1040.433062  -4931.452643              
VL51 -18245.093921 -31087.403876 -48303.262231              
*  2025  5  1 22 58   0.00000000                            
PL51  11013.643330    668.048861  -5503.240226              
VL51 -21558.990940 -30951.512956 -46970.369126              
*  2025  5  1 23  0   0.00000000                            
PL51  10735.388582    298.196088  -6058.166805              
VL51 -24804.356705 -30665.810614 -45493.812007              
*  2025  5  1 23  2   0.00000000                            
PL51  10418.661558    -67.340030  -6594.535061              
VL51 -27969.032416 -30232.489685 -43878.101485              
*  2025  5  1 23  4   0.00000000                            
PL51  10064.502102   -426.804431  -7110.704257              
VL51 -31041.142076 -29654.382434 -42128.154399              
*  2025  5  1 23  6   0.00000000                            
PL51   9674.090651   -778.479807  -7605.095019              
VL51 -34009.136001 -28934.946491 -40249.279304              
*  2025  5  1 23  8   0.00000000                            
PL51   9248.744069  -1120.694014  -8076.193954              
VL51 -36861.833110 -28078.248406 -38247.161061              
*  2025  5  1 23 10   0.00000000                            
PL51   8789.910978  -1451.827265  -8522.558060              
VL51 -39588.461843 -27088.944907 -36127.844579              
*  2025  5  1 23 12   0.00000000                            
PL51   8299.166602  -1770.319094  -8942.818952              
VL51 -42178.699640 -25972.261939 -33897.717749              
*  2025  5  1 23 14   0.00000000                            
PL51   7778.207150  -2074.675046  -9335.686869              
VL51 -44622.710837 -24733.971578 -31563.493614              
*  2025  5  1 23 16   0.00000000                            
PL51   7228.843760  -2363.473082  -9699.954462              
VL51 -46911.182884 -23380.366901 -29132.191821              
*  2025  5  1 23 18   0.00000000                            
PL51   6652.996003  -2635.369672 -10034.500366              
VL51 -49035.360805 -21918.234917 -26611.119378              
*  2025  5  1 23 20   0.00000000                            
PL51   6052.685005  -2889.105552 -10338.292521              
VL51 -50987.079803 -20354.827640 -24007.850767              
*  2025  5  1 23 22   0.00000000                            
PL51   5430.026172  -3123.511118 -10610.391266              
VL51 -52758.795911 -18697.831427 -21330.207443              
*  2025  5  1 23 24   0.00000000                            
PL51   4787.221569  -3337.511446 -10849.952173              
VL51 -54343.614635 -16955.334663 -18586.236738              
*  2025  5  1 23 26   0.00000000                            
PL51   4126.551963  -3530.130920 -11056.228629              
VL51 -55735.317484 -15135.793906 -15784.190209              
*  2025  5  1 23 28   0.00000000                            
PL51   3450.368567  -3700.497433 -11228.574156              
VL51 -56928.386330 -13247.998593 -12932.501442              
*  2025  5  1 23 30   0.00000000                            
PL51   2761.084494  -3847.846166 -11366.444456              
VL51 -57918.025506 -11301.034422 -10039.763345              
*  2025  5  1 23 32   0.00000000                            
PL51   2061.165973  -3971.522920 -11469.399188              
VL51 -58700.181584  -9304.245515  -7114.704947              
*  2025  5  1 23 34   0.00000000                            
PL51   1353.123332  -4070.986980 -11537.103454              
VL51 -59271.560741  -7267.195473  -4166.167733              
*  2025  5  1 23 36   0.00000000                            
PL51    639.501790  -4145.813511 -11569.329014              
VL51 -59629.643650  -5199.627458  -1203.081532              
*  2025  5  1 23 38   0.00000000                            
PL51    -77.127909  -4195.695471 -11565.955189              
VL51 -59772.697832  -3111.423401   1765.560000              
*  2025  5  1 23 40   0.00000000                            
PL51   -794.179007  -4220.445027 -11526.969485              
VL51 -59699.787397  -1012.562477   4730.724290              
*  2025  5  1 23 42   0.00000000                            
PL51  -1509.058326  -4219.994468 -11452.467905              
VL51 -59410.780103   1086.921020   7683.365107              
*  2025  5  1 23 44   0.00000000                            
PL51  -2219.175951  -4194.396612 -11342.654961              
VL51 -58906.351695   3176.980279  10614.448146              
*  2025  5  1 23 46   0.00000000                            
PL51  -2921.954930  -4143.824702 -11197.843376              
VL51 -58187.987437   5247.598907  13514.976907              
*  2025  5  1 23 48   0.00000000                            
PL51  -3614.840987  -4068.571777 -11018.453475              
VL51 -57257.980799   7288.834049  16376.018820              
*  2025  5  1 23 50   0.00000000                            
PL51  -4295.312197  -3969.049534 -10805.012256              
VL51 -56119.429231   9290.859549  19188.731587              
*  2025  5  1 23 52   0.00000000                            
PL51  -4960.888594  -3845.786669 -10558.152153              
VL51 -54776.226981  11244.008993  21944.389679              
*  2025  5  1 23 54   0.00000000                            
PL51  -5609.141675  -3699.426701 -10278.609472              
VL51 -53233.054907  13138.818477  24634.410942              
*  2025  5  1 23 56   0.00000000                            
PL51  -6237.703761  -3530.725289  -9967.222509              
VL51 -51495.367235  14966.068922  27250.383240              
*  2025  5  1 23 58   0.00000000                            
PL51  -6844.277185  -3340.547046  -9624.929357              
VL51 -49569.375250  16716.827768  29784.091066              
*  2025  5  2  0  0   0.00000000                            
PL51  -7426.643225  -3129.861936  -9252.765380              
VL51 -47462.028103  18382.489317  32227.542034              
*  2025  5  2  0  2   0.00000000                            
PL51  -7982.671010  -2899.740666  -8851.860379              
VL51 -45180.989202  19954.817441  34572.993176              
*  2025  5  2  0  4   0.00000000                            
PL51  -8510.325576  -2651.350940  -8423.435447              
VL51 -42734.612816  21425.978608  36812.976930              
*  2025  5  2  0  6   0.00000000                            
PL51  -9007.676351  -2385.951454  -7968.799505              
VL51 -40131.913155  22788.584998  38940.326732              
*  2025  5  2  0  8   0.00000000                            
PL51  -9472.904703  -2104.886817  -7489.345542              
VL51 -37382.533776  24035.727350  40948.202087              
*  2025  5  2  0 10   0.00000000                            
PL51  -9904.311329  -1809.581503  -6986.546554              
VL51 -34496.712665  25161.009560  42830.113016              
*  2025  5  2  0 12   0.00000000                            
PL51 -10300.323158  -1501.533501  -6461.951194              
VL51 -31485.244632  26158.580714  44579.943745              
*  2025  5  2  0 14   0.00000000                            
PL51 -10659.499801  -1182.307587  -5917.179145              
VL51 -28359.440916  27023.164957  46191.975514              
*  2025  5  2  0 16   0.00000000                            
PL51 -10980.539486   -853.528260  -5353.916225              
VL51 -25131.086095  27750.089012  47660.908376              
*  2025  5  2  0 18   0.00000000                            
PL51 -11262.284468   -516.872355  -4773.909232              
VL51 -21812.392469  28335.307158  48981.881857              
*  2025  5  2  0 20   0.00000000                            
PL51 -11503.725879   -174.061380  -4178.960556              
VL51 -18415.952059  28775.423490  50150.494335              
*  2025  5  2  0 22   0.00000000                            
PL51 -11704.007984    173.146407  -3570.922564              
VL51 -14954.686424  29067.711296  51162.821018              
*  2025  5  2  0 24   0.00000000                            
PL51 -11862.431822    522.964123  -2951.691776              
VL51 -11441.794500  29210.129405  52015.430382              
*  2025  5  2  0 26   0.00000000                            
PL51 -11978.458217    873.584573  -2323.202854              
VL51  -7890.698710  29201.335352  52705.398965              
*  2025  5  2  0 28   0.00000000                            
PL51 -12051.710125   1223.188694  -1687.422431              
VL51  -4314.989573  29040.695260  53230.324371              
*  2025  5  2  0 30   0.00000000                            
PL51 -12081.974316   1569.954106  -1046.342781              
VL51   -728.369112  28728.290319  53588.336415              
*  2025  5  2  0 32   0.00000000                            
PL51 -12069.202365   1912.063705   -401.975384              
VL51   2855.406667  28264.919801  53778.106292              
*  2025  5  2  0 34   0.00000000                            
PL51 -12013.510951   2247.714291    243.655621              
VL51   6422.585922  27652.100538  53798.853696              
*  2025  5  2  0 36   0.00000000                            
PL51 -11915.181461   2575.125149    888.520048              
VL51   9959.479432  26892.062846  53650.351832              
*  2025  5  2  0 38   0.00000000                            
PL51 -11774.658883   2892.546576   1530.588327              
VL51  13452.519063  25987.742862  53332.930245              
*  2025  5  2  0 40   0.00000000                            
PL51 -11592.550005   3198.268279   2167.838183              
VL51  16888.315904  24942.771334  52847.475451              
*  2025  5  2  0 42   0.00000000                            
PL51 -11369.620919   3490.627633   2798.261315              
VL51  20253.717756  23761.458880  52195.429327              
*  2025  5  2  0 44   0.00000000                            
PL51 -11106.793839   3768.017728   3419.870038              
VL51  23535.865660  22448.777790  51378.785260              
*  2025  5  2  0 46   0.00000000                            
PL51 -10805.143251   4028.895188   4030.703868              
VL51  26722.249121  21010.340464  50400.082065              
*  2025  5  2  0 48   0.00000000                            
PL51 -10465.891408   4271.787702   4628.836020              
VL51  29800.759750  19452.374583  49262.395695              
*  2025  5  2  0 50   0.00000000                            
PL51 -10090.403189   4495.301244   5212.379789              
VL51  32759.742998  17781.695167  47969.328790              
*  2025  5  2  0 52   0.00000000                            
PL51  -9680.180359   4698.126941   5779.494804              
VL51  35588.047716  16005.673660  46524.998115              
*  2025  5  2  0 54   0.00000000                            
PL51  -9236.855235   4879.047547   6328.393105              
VL51  38275.073266  14132.204225  44934.019970              
*  2025  5  2  0 56   0.00000000                            
PL51  -8762.183819   5036.943504   6857.345043              
VL51  40810.813955  12169.667435  43201.493651              
*  2025  5  2  0 58   0.00000000                            
PL51  -8258.038400   5170.798546   7364.684970              
VL51  43185.900536  10126.891571  41332.983051              
*  2025  5  2  1  0   0.00000000                            
PL51  -7726.399688   5279.704828   7848.816691              
VL51  45391.638611   8013.111738  39334.496519              
*  2025  5  2  1  2   0.00000000                            
PL51  -7169.348498   5362.867555   8308.218668              
VL51  47420.043727   5837.927036  37212.465075              
*  2025  5  2  1  4   0.00000000                            
PL51  -6589.057038   5419.609084   8741.448958              
VL51  49263.873017   3611.256015  34973.719116              
*  2025  5  2  1  6   0.00000000                            
PL51  -5987.779840   5449.372480   9147.149855              
VL51  50916.653263   1343.290672  32625.463725              
*  2025  5  2  1  8   0.00000000                            
PL51  -5367.844374   5451.724520   9524.052234              
VL51  52372.705246   -955.550769  30175.252727              
*  2025  5  2  1 10   0.00000000                            
PL51  -4731.641389   5426.358113   9870.979573              
VL51  53627.164330  -3274.672036  27630.961633              
*  2025  5  2  1 12   0.00000000                            
PL51  -4081.615039   5373.094150  10186.851645              
VL51  54675.997191  -5603.347685  25000.759598              
*  2025  5  2  1 14   0.00000000                            
PL51  -3420.252823   5291.882754  10470.687874              
VL51  55516.014696  -7930.772424  22293.080557              
*  2025  5  2  1 16   0.00000000                            
PL51  -2750.075398   5182.803946  10721.610330              
VL51  56144.880891 -10246.110638  19516.593665              
*  2025  5  2  1 18   0.00000000                            
PL51  -2073.626304   5046.067705  10938.846374              
VL51  56561.118152 -12538.545863  16680.173188              
*  2025  5  2  1 20   0.00000000                            
PL51  -1393.461656   4882.013450  11121.730937              
VL51  56764.108510 -14797.329978  13792.867968              
*  2025  5  2  1 22   0.00000000                            
PL51   -712.139835   4691.108922  11269.708429              
VL51  56754.091238 -17011.831897  10863.870594              
*  2025  5  2  1 24   0.00000000                            
PL51    -32.211239   4473.948491  11382.334280              
VL51  56532.156744 -19171.585529   7902.486394              
*  2025  5  2  1 26   0.00000000                            
PL51    643.791883   4231.250897  11459.276102              
VL51  56100.236878 -21266.336802   4918.102352              
*  2025  5  2  1 28   0.00000000                            
PL51   1313.365445   3963.856426  11500.314490              
VL51  55461.091746 -23286.089555   1920.156080              
*  2025  5  2  1 30   0.00000000                            
PL51   1974.043374   3672.723547  11505.343435              
VL51  54618.293136 -25221.150103  -1081.895085              
*  2025  5  2  1 32   0.00000000                            
PL51   2623.407227   3358.925021  11474.370383              
VL51  53576.204685 -27062.170287  -4078.604727              
*  2025  5  2  1 34   0.00000000                            
PL51   3259.095566   3023.643508  11407.515920              
VL51  52339.958910 -28800.188848  -7060.567673              
*  2025  5  2  1 36   0.00000000                            
PL51   3878.813026   2668.166681  11305.013097              
VL51  50915.431255 -30426.670946 -10018.449875              
*  2025  5  2  1 38   0.00000000                            
PL51   4480.339063   2293.881885  11167.206399              
VL51  49309.211290 -31933.545694 -12943.017797              
*  2025  5  2  1 40   0.00000000                            
PL51   5061.536337   1902.270355  10994.550365              
VL51  47528.571231 -33313.241534 -15825.167194              
*  2025  5  2  1 42   0.00000000                            
PL51   5620.358701   1494.901020  10787.607872              
VL51  45581.431936 -34558.719358 -18655.951221              
*  2025  5  2  1 44   0.00000000                            
PL51   6154.858770   1073.423930  10547.048073              
VL51  43476.326553 -35663.503221 -21426.607804              
*  2025  5  2  1 46   0.00000000                            
PL51   6663.195037    639.563325  10273.644026              
VL51  41222.361987 -36621.708561 -24128.586186              
*  2025  5  2  1 48   0.00000000                            
PL51   7143.638522    195.110380   9968.270004              
VL51  38829.178384 -37428.067809 -26753.572596              
*  2025  5  2  1 50   0.00000000                            
PL51   7594.578913   -258.084334   9631.898494              
VL51  36306.906788 -38077.953312 -29293.514963              
*  2025  5  2  1 52   0.00000000                            
PL51   8014.530197   -718.118657   9265.596923              
VL51  33666.125191 -38567.397486 -31740.646638              
*  2025  5  2  1 54   0.00000000                            
PL51   8402.135754  -1183.046868   8870.524090              
VL51  30917.813142 -38893.110137 -34087.509034              
*  2025  5  2  1 56   0.00000000                            
PL51   8756.172893  -1650.887900   8447.926340              
VL51  28073.305130 -39052.492895 -36326.973160              
*  2025  5  2  1 58   0.00000000                            
PL51   9075.556831  -2119.633715   7999.133486              
VL51  25144.242917 -39043.650716 -38452.259980              
*  2025  5  2  2  0   0.00000000                            
PL51   9359.344085  -2587.257800   7525.554493              
VL51  22142.527047 -38865.400430 -40456.959559              
*  2025  5  2  2  2   0.00000000                            
PL51   9606.735289  -3051.723744   7028.672942              
VL51  19080.267700 -38517.276307 -42335.048949              
*  2025  5  2  2  4   0.00000000                            
PL51   9817.077406  -3510.993867   6510.042283              
VL51  15969.735119 -37999.532637 -44080.908771              
*  2025  5  2  2  6   0.00000000                            
PL51   9989.865356  -3963.037859   5971.280899              
VL51  12823.309792 -37313.143337 -45689.338469              
*  2025  5  2  2  8   0.00000000                            
PL51  10124.743035  -4405.841399   5414.067000              
VL51   9653.432598 -36459.798590 -47155.570187              
*  2025  5  2  2 10   0.00000000                            
PL51  10221.503745  -4837.414718   4840.133347              
VL51   6472.555114 -35441.898560 -48475.281255              
*  2025  5  2  2 12   0.00000000                            
PL51  10280.090023  -5255.801062   4251.261848              
VL51   3293.090280 -34262.544208 -49644.605256              
*  2025  5  2  2 14   0.00000000                            
PL51  10300.592885  -5659.085036   3649.278022              
VL51    127.363614 -32925.525284 -50660.141648              
*  2025  5  2  2 16   0.00000000                            
PL51  10283.250489  -6045.400783   3036.045356              
VL51  -3012.434837 -31435.305544 -51518.963945              
*  2025  5  2  2 18   0.00000000                            
PL51  10228.446223  -6412.939967   2413.459578              
VL51  -6114.297620 -29797.005274 -52218.626433              
*  2025  5  2  2 20   0.00000000                            
PL51  10136.706242  -6759.959536   1783.442851              
VL51  -9166.445891 -28016.381218 -52757.169423              
*  2025  5  2  2 22   0.00000000                            
PL51  10008.696445  -7084.789227   1147.937920              
VL51 -12157.374169 -26099.803991 -53133.123049              
*  2025  5  2  2 24   0.00000000                            
PL51   9845.218945  -7385.838783    508.902217              
VL51 -15075.893653 -24054.233098 -53345.509609              
*  2025  5  2  2 26   0.00000000                            
PL51   9647.208008  -7661.604861   -131.698053              
VL51 -17911.173937 -21887.189675 -53393.844483              
*  2025  5  2  2 28   0.00000000                            
PL51   9415.725514  -7910.677592   -771.893825              
VL51 -20652.783003 -19606.727069 -53278.135614              
*  2025  5  2  2 30   0.00000000                            
PL51   9151.955946  -8131.746786  -1409.719077              
VL51 -23290.725337 -17221.399383 -52998.881615              
*  2025  5  2  2 32   0.00000000                            
PL51   8857.200932  -8323.607742  -2043.216698              
VL51 -25815.478050 -14740.228144 -52557.068498              
*  2025  5  2  2 34   0.00000000                            
PL51   8532.873368  -8485.166647  -2670.444312              
VL51 -28218.024899 -12172.667202 -51954.165074              
*  2025  5  2  2 36   0.00000000                            
PL51   8180.491144  -8615.445542  -3289.480035              
VL51 -30489.888081  -9528.566030 -51192.117051              
*  2025  5  2  2 38   0.00000000                            
PL51   7801.670506  -8713.586851  -3898.428159              
VL51 -32623.157741  -6818.131561 -50273.339871              
*  2025  5  2  2 40   0.00000000                            
PL51   7398.119073  -8778.857423  -4495.424737              
VL51 -34610.519072  -4051.888709 -49200.710331              
*  2025  5  2  2 42   0.00000000                            
PL51   6971.628547  -8810.652117  -5078.643068              
VL51 -36445.276974  -1240.639736 -47977.557012              
*  2025  5  2  2 44   0.00000000                            
PL51   6524.067140  -8808.496871  -5646.299047              
VL51 -38121.378182   1604.577393 -46607.649591              
*  2025  5  2  2 46   0.00000000                            
PL51   6057.371754  -8772.051282  -6196.656397              
VL51 -39633.430824   4472.531506 -45095.187050              
*  2025  5  2  2 48   0.00000000                            
PL51   5573.539939  -8701.110667  -6728.031739              
VL51 -40976.721370   7351.841419 -43444.784856              
*  2025  5  2  2 50   0.00000000                            
PL51   5074.621666  -8595.607596  -7238.799511              
VL51 -42147.228935  10231.019679 -41661.461143              
*  2025  5  2  2 52   0.00000000                            
PL51   4562.710937  -8455.612907  -7727.396709              
VL51 -43141.636930  13098.516704 -39750.621971              
*  2025  5  2  2 54   0.00000000                            
PL51   4039.937285  -8281.336181  -8192.327456              
VL51 -43957.342031  15942.765174 -37718.045679              
*  2025  5  2  2 56   0.00000000                            
PL51   3508.457170  -8073.125696  -8632.167362              
VL51 -44592.460500  18752.224522 -35569.866411              
*  2025  5  2  2 58   0.00000000                            
PL51   2970.445317  -7831.467829  -9045.567699              
VL51 -45045.831834  21515.425412 -33312.556839              
*  2025  5  2  3  0   0.00000000                            
PL51   2428.086034  -7556.985943  -9431.259350              
VL51 -45317.019785  24221.014023 -30952.910143              
*  2025  5  2  3  2   0.00000000                            
PL51   1883.564525  -7250.438731  -9788.056548              
VL51 -45406.310748  26857.796049 -28498.021269              
*  2025  5  2  3  4   0.00000000                            
PL51   1339.058238  -6912.718047 -10114.860377              
VL51 -45314.709571  29414.780263 -25955.267509              
*  2025  5  2  3  6   0.00000000                            
PL51    796.728290  -6544.846200 -10410.662045              
VL51 -45043.932798  31881.221519 -23332.288447              
*  2025  5  2  3  8   0.00000000                            
PL51    258.710969  -6147.972757 -10674.545904              
VL51 -44596.399389  34246.663065 -20636.965281              
*  2025  5  2  3 10   0.00000000                            
PL51   -272.890619  -5723.370826 -10905.692225              
VL51 -43975.218961  36500.978046 -17877.399578              
*  2025  5  2  3 12   0.00000000                            
PL51   -796.014756  -5272.432854 -11103.379709              
VL51 -43184.177585  38634.410062 -15061.891459              
*  2025  5  2  3 14   0.00000000                            
PL51  -1308.649136  -4796.665945 -11266.987743              
VL51 -42227.721200  40637.612676 -12198.917280              
*  2025  5  2  3 16   0.00000000                            
PL51  -1808.838670  -4297.686707 -11395.998369              
VL51 -41110.936687  42501.687734  -9297.106790              
*  2025  5  2  3 18   0.00000000                            
PL51  -2294.693052  -3777.215653 -11489.997992              
VL51 -39839.530658  44218.222387  -6365.219825              
*  2025  5  2  3 20   0.00000000                            
PL51  -2764.394056  -3237.071156 -11548.678798              
VL51 -38419.806019  45779.324685  -3412.122545              
*  2025  5  2  3 22   0.00000000                            
PL51  -3216.202544  -2679.162999 -11571.839882              
VL51 -36858.636373  47177.657625   -446.763236              
*  2025  5  2  3 24   0.00000000                            
PL51  -3648.465147  -2105.485514 -11559.388090              
VL51 -35163.438314  48406.471535   2521.852290              
*  2025  5  2  3 26   0.00000000                            
PL51  -4059.620605  -1518.110354 -11511.338558              
VL51 -33342.141693  49459.634652   5484.685672              
*  2025  5  2  3 28   0.00000000                            
PL51  -4448.205740   -919.178899 -11427.814950              
VL51 -31403.157925  50331.661789   8432.691339              
*  2025  5  2  3 30   0.00000000                            
PL51  -4812.861030   -310.894339 -11309.049393              
VL51 -29355.346411  51017.740955  11356.842151              
*  2025  5  2  3 32   0.00000000                            
PL51  -5152.335780    304.486556 -11155.382099              
VL51 -27207.979159  51513.757793  14248.155348              
*  2025  5  2  3 34   0.00000000                            
PL51  -5465.492851    924.661939 -10967.260676              
VL51 -24970.703699  51816.317727  17097.718728              
*  2025  5  2  3 36   0.00000000                            
PL51  -5751.312934   1547.293649 -10745.239125              
VL51 -22653.504374  51922.765665  19896.717041              
*  2025  5  2  3 38   0.00000000                            
PL51  -6008.898350   2170.016186 -10489.976512              
VL51 -20266.662122  51831.203145  22636.458533              
*  2025  5  2  3 40   0.00000000                            
PL51  -6237.476367   2790.445884 -10202.235334              
VL51 -17820.712846  51540.502783  25308.401579              
*  2025  5  2  3 42   0.00000000                            
PL51  -6436.401999   3406.190233  -9882.879551              
VL51 -15326.404510  51050.319905  27904.181357              
*  2025  5  2  3 44   0.00000000                            
PL51  -6605.160286   4014.857327  -9532.872307              
VL51 -12794.653072  50361.101221  30415.636458              
*  2025  5  2  3 46   0.00000000                            
PL51  -6743.368045   4614.065402  -9153.273329              
VL51 -10236.497417  49474.090449  32834.835369              
*  2025  5  2  3 48   0.00000000                            
PL51  -6850.775066   5201.452410  -8745.236015              
VL51  -7663.053431  48391.330758  35154.102726              
*  2025  5  2  3 50   0.00000000                            
PL51  -6927.264760   5774.685618  -8310.004197              
VL51  -5085.467396  47115.663948  37366.045228              
*  2025  5  2  3 52   0.00000000                            
PL51  -6972.854241   6331.471168  -7848.908609              
VL51  -2514.868881  45650.726281  39463.577118              
*  2025  5  2  3 54   0.00000000                            
PL51  -6987.693839   6869.563566  -7363.363041              
VL51     37.676680  44000.940883  41439.945103              
*  2025  5  2  3 56   0.00000000                            
PL51  -6972.066047   7386.775064  -6854.860210              
VL51   2561.215522  42171.506682  43288.752616              
*  2025  5  2  3 58   0.00000000                            
PL51  -6926.383898   7880.984883  -6324.967330              
VL51   5044.952975  40168.383829  45003.983265              
*  2025  5  2  4  0   0.00000000                            
PL51  -6851.188768   8350.148247  -5775.321420              
VL51   7478.300578  37998.275592  46580.023380              
*  2025  5  2  4  2   0.00000000                            
PL51  -6747.147625   8792.305171  -5207.624337              
VL51   9850.922642  35668.606726  48011.683503              
*  2025  5  2  4  4   0.00000000                            
PL51  -6615.049720   9205.588969  -4623.637565              
VL51  12152.782032  33187.498340  49294.218710              
*  2025  5  2  4  6   0.00000000                            
PL51  -6455.802733   9588.234450  -4025.176765              
VL51  14374.184937  30563.739312  50423.347624              
*  2025  5  2  4  8   0.00000000                            
PL51  -6270.428392   9938.585735  -3414.106102              
VL51  16505.824377  27806.754310  51395.270003              
*  2025  5  2  4 10   0.00000000                            
PL51  -6060.057576  10255.103681  -2792.332378              
VL51  18538.822217  24926.568538  52206.682758              
*  2025  5  2  4 12   0.00000000                            
PL51  -5825.924928  10536.372860  -2161.798977              
VL51  20464.769438  21933.769300  52854.794314              
*  2025  5  2  4 14   0.00000000                            
PL51  -5569.362990  10781.108061  -1524.479647              
VL51  22275.764427  18839.464559  53337.337162              
*  2025  5  2  4 16   0.00000000                            
PL51  -5291.795900  10988.160270   -882.372149              
VL51  23964.449066  15655.238637  53652.578534              
*  2025  5  2  4 18   0.00000000                            
PL51  -4994.732659  11156.522110   -237.491784              
VL51  25524.042384  12393.105275  53799.329080              
*  2025  5  2  4 20   0.00000000                            
PL51  -4679.760024  11285.332699    408.135169              
VL51  26948.371561   9065.458261  53776.949477              
*  2025  5  2  4 22   0.00000000                            
PL51  -4348.535032  11373.881905   1052.478084              
VL51  28231.900095   5685.019871  53585.354886              
*  2025  5  2  4 24   0.00000000                            
PL51  -4002.777216  11421.613968   1693.508655              
VL51  29369.752926   2264.787413  53225.017222              
*  2025  5  2  4 26   0.00000000                            
PL51  -3644.260526  11428.130471   2329.207581              
VL51  30357.738369  -1182.021861  52696.965179              
*  2025  5  2  4 28   0.00000000                            
PL51  -3274.805020  11393.192642   2957.571237              
VL51  31192.366702  -4642.027159  52002.782013              
*  2025  5  2  4 30   0.00000000                            
PL51  -2896.268342  11316.722973   3576.618301              
VL51  31870.865302  -8101.741551  51144.601074              
*  2025  5  2  4 32   0.00000000                            
PL51  -2510.537047  11198.806145   4184.396322              
VL51  32391.190226 -11547.630066  50125.099124              
*  2025  5  2  4 34   0.00000000                            
PL51  -2119.517801  11039.689256   4778.988186              
VL51  32752.034181 -14966.168151  48947.487463              
*  2025  5  2  4 36   0.00000000                            
PL51  -1725.128516  10839.781343   5358.518469              
VL51  32952.830835 -18343.900188  47615.500921              
*  2025  5  2  4 38   0.00000000                            
PL51  -1329.289450  10599.652206   5921.159639              
VL51  32993.755455 -21667.497743  46133.384771              
*  2025  5  2  4 40   0.00000000                            
PL51   -933.914318  10320.030534   6465.138098              
VL51  32875.721883 -24923.817251  44505.879647              
*  2025  5  2  4 42   0.00000000                            
PL51   -540.901473  10001.801343   6988.740023              
VL51  32600.375863 -28099.956817  42738.204529              
*  2025  5  2  4 44   0.00000000                            
PL51   -152.125175   9646.002745   7490.316996              
VL51  32170.084795 -31183.311838  40836.037907              
*  2025  5  2  4 46   0.00000000                            
PL51    230.572988   9253.822053   7968.291395              
VL51  31587.923962 -34161.629166  38805.497222              
*  2025  5  2  4 48   0.00000000                            
PL51    605.392492   8826.591243   8421.161531              
VL51  30857.659357 -37023.059519  36653.116701              
*  2025  5  2  4 50   0.00000000                            
PL51    970.582052   8365.781807   8847.506509              
VL51  29983.727196 -39756.207891  34385.823717              
*  2025  5  2  4 52   0.00000000                            
PL51   1324.447519   7872.999012   9245.990799              
VL51  28971.210291 -42350.181725  32010.913795              
*  2025  5  2  4 54   0.00000000                            
PL51   1665.359488   7349.975588   9615.368492              
VL51  27825.811405 -44794.636615  29536.024420              
*  2025  5  2  4 56   0.00000000                            
PL51   1991.760559   6798.564893   9954.487248              
VL51  26553.823782 -47079.819359  26969.107759              
*  2025  5  2  4 58   0.00000000                            
PL51   2302.172235   6220.733574  10262.291900              
VL51  25162.099027 -49196.608164  24318.402455              
*  2025  5  2  5  0   0.00000000                            
PL51   2595.201418   5618.553765  10537.827716              
VL51  23658.012531 -51136.549866  21592.404609              
*  2025  5  2  5  2   0.00000000                            
PL51   2869.546473   4994.194851  10780.243319              
VL51  22049.426643 -52891.894009  18799.838105              
*  2025  5  2  5  4   0.00000000                            
PL51   3124.002842   4349.914853  10988.793228              
VL51  20344.651800 -54455.623673  15949.624387              
*  2025  5  2  5  6   0.00000000                            
PL51   3357.468177   3688.051454  11162.840058              
VL51  18552.405836 -55821.482955  13050.851835              
*  2025  5  2  5  8   0.00000000                            
PL51   3568.946980   3011.012720  11301.856328              
VL51  16681.771680 -56984.001014  10112.744859              
*  2025  5  2  5 10   0.00000000                            
PL51   3757.554719   2321.267550  11405.425911              
VL51  14742.153677 -57938.512634   7144.632828              
*  2025  5  2  5 12   0.00000000                            
PL51   3922.521419   1621.335908  11473.245108              
VL51  12743.232753 -58681.175246   4155.918960              
*  2025  5  2  5 14   0.00000000                            
PL51   4063.194709    913.778863  11505.123345              
VL51  10694.920642 -59208.982404   1156.049272              
*  2025  5  2  5 16   0.00000000                            
PL51   4179.042309    201.188493  11500.983505              
VL51   8607.313406 -59519.773689  -1845.518292              
*  2025  5  2  5 18   0.00000000                            
PL51   4269.653965   -513.822311  11460.861881              
VL51   6490.644467 -59612.241063  -4839.344480              
*  2025  5  2  5 20   0.00000000                            
PL51   4334.742810  -1228.630087  11384.907777              
VL51   4355.237356 -59485.931672  -7816.038978              
*  2025  5  2  5 22   0.00000000                            
PL51   4374.146167  -1940.611072  11273.382734              
VL51   2211.458405 -59141.247141 -10766.290222              
*  2025  5  2  5 24   0.00000000                            
PL51   4387.825772  -2647.151428  11126.659417              
VL51     69.669598 -58579.439396 -13680.894657              
*  2025  5  2  5 26   0.00000000                            
PL51   4375.867447  -3345.657407  10945.220139              
VL51  -2059.818238 -57802.603065 -16550.785400              
*  2025  5  2  5 28   0.00000000                            
PL51   4338.480204  -4033.565398  10729.655056              
VL51  -4166.791672 -56813.664543 -19367.060182              
*  2025  5  2  5 30   0.00000000                            
PL51   4275.994804  -4708.351830  10480.660027              
VL51  -6241.180163 -55616.367766 -22121.008537              
*  2025  5  2  5 32   0.00000000                            
PL51   4188.861775  -5367.542877  10199.034155              
VL51  -8273.100603 -54215.256823 -24804.138126              
*  2025  5  2  5 34   0.00000000                            
PL51   4077.648900  -6008.723944   9885.677014              
VL51 -10252.900747 -52615.655488 -27408.200164              
*  2025  5  2  5 36   0.00000000                            
PL51   3943.038190  -6629.548883   9541.585579              
VL51 -12171.201334 -50823.643783 -29925.213854              
*  2025  5  2  5 38   0.00000000                            
PL51   3785.822368  -7227.748912   9167.850869              
VL51 -14018.936754 -48846.031713 -32347.489795              
*  2025  5  2  5 40   0.00000000                            
PL51   3606.900865  -7801.141209   8765.654316              
VL51 -15787.394091 -46690.330285 -34667.652304              
*  2025  5  2  5 42   0.00000000                            
PL51   3407.275364  -8347.637130   8336.263871              
VL51 -17468.250407 -44364.719960 -36878.660590              
*  2025  5  2  5 44   0.00000000                            
PL51   3188.044905  -8865.250047   7881.029864              
VL51 -19053.608117 -41878.016671 -38973.828757              
*  2025  5  2  5 46   0.00000000                            
PL51   2950.400578  -9352.102754   7401.380634              
VL51 -20536.028329 -39239.635577 -40946.844576              
*  2025  5  2  5 48   0.00000000                            
PL51   2695.619834  -9806.434433   6898.817933              
VL51 -21908.562040 -36459.552681 -42791.786995              
*  2025  5  2  5 50   0.00000000                            
PL51   2425.060423 -10226.607142   6374.912141              
VL51 -23164.779059 -33548.264503 -44503.142345              
*  2025  5  2  5 52   0.00000000                            
PL51   2140.154013 -10611.111809   5831.297278              
VL51 -24298.794562 -30516.745957 -46075.819222              
*  2025  5  2  5 54   0.00000000                            
PL51   1842.399495 -10958.573717   5269.665864              
VL51 -25305.293194 -27376.406619 -47505.162000              
*  2025  5  2  5 56   0.00000000                            
PL51   1533.356018 -11267.757442   4691.763607              
VL51 -26179.550631 -24139.045547 -48786.962968              
*  2025  5  2  5 58   0.00000000                            
PL51   1214.635781 -11537.571258   4099.383967              
VL51 -26917.452525 -20816.804855 -49917.473052              
*  2025  5  2  6  0   0.00000000                            
PL51    887.896613 -11767.070963   3494.362593              
VL51 -27515.510783 -17422.122208 -50893.411118              
*  2025  5  2  6  2   0.00000000                            
PL51    554.834373 -11955.463140   2878.571661              
VL51 -27970.877122 -13967.682427 -51711.971828              
*  2025  5  2  6  4   0.00000000                            
PL51    217.175205 -12102.107828   2253.914123              
VL51 -28281.353861 -10466.368419 -52370.832039              
*  2025  5  2  6  6   0.00000000                            
PL51   -123.332319 -12206.520600   1622.317890              
VL51 -28445.401929  -6931.211607 -52868.155741              
*  2025  5  2  6  8   0.00000000                            
PL51   -464.925139 -12268.374051    985.729964              
VL51 -28462.146067  -3375.342064 -53202.597520              
*  2025  5  2  6 10   0.00000000                            
PL51   -805.833686 -12287.498675    346.110540              
VL51 -28331.377238    188.061433 -53373.304566              
*  2025  5  2  6 12   0.00000000                            
PL51  -1144.289880 -12263.883158   -294.572917              
VL51 -28053.552243   3745.821233 -53379.917231              
*  2025  5  2  6 14   0.00000000                            
PL51  -1478.535106 -12197.674061   -934.351576              
VL51 -27629.790586   7284.810348 -53222.568167              
*  2025  5  2  6 16   0.00000000                            
PL51  -1806.828127 -12089.174920  -1571.261147              
VL51 -27061.868621  10792.001487 -52901.880066              
*  2025  5  2  6 18   0.00000000                            
PL51  -2127.452925 -11938.844758  -2203.347729              
VL51 -26352.211024  14254.515421 -52418.962036              
*  2025  5  2  6 20   0.00000000                            
PL51  -2438.726412 -11747.296023  -2828.673630              
VL51 -25503.879657  17659.668516 -51775.404653              
*  2025  5  2  6 22   0.00000000                            
PL51  -2739.006000 -11515.291959  -3445.323099              
VL51 -24520.559883  20995.019254 -50973.273720              
*  2025  5  2  6 24   0.00000000                            
PL51  -3026.696985 -11243.743427  -4051.407993              
VL51 -23406.544417  24248.413600 -50015.102773              
*  2025  5  2  6 26   0.00000000                            
PL51  -3300.259730 -10933.705193  -4645.073331              
VL51 -22166.714773  27408.029062 -48903.884381              
*  2025  5  2  6 28   0.00000000                            
PL51  -3558.216605 -10586.371689  -5224.502751              
VL51 -20806.520422  30462.417298 -47643.060272              
*  2025  5  2  6 30   0.00000000                            
PL51  -3799.158666 -10203.072274  -5787.923832              
VL51 -19331.955737  33400.545143 -46236.510345              
*  2025  5  2  6 32   0.00000000                            
PL51  -4021.752047  -9785.266021  -6333.613279              
VL51 -17749.534836  36211.833921 -44688.540609              
*  2025  5  2  6 34   0.00000000                            
PL51  -4224.744036  -9334.536027  -6859.901964              
VL51 -16066.264439  38886.196944 -43003.870097              
*  2025  5  2  6 36   0.00000000                            
PL51  -4406.968813  -8852.583301  -7365.179793              
VL51 -14289.614828  41414.075080 -41187.616816              
*  2025  5  2  6 38   0.00000000                            
PL51  -4567.352828  -8341.220228  -7847.900409              
VL51 -12427.489050  43786.470303 -39245.282771              
*  2025  5  2  6 40   0.00000000                            
PL51  -4704.919803  -7802.363642  -8306.585703              
VL51 -10488.190468  45994.977138 -37182.738120              
*  2025  5  2  6 42   0.00000000                            
PL51  -4818.795335  -7238.027543  -8739.830136              
VL51  -8480.388778  48031.811942 -35006.204497              
*  2025  5  2  6 44   0.00000000                            
PL51  -4908.211076  -6650.315464  -9146.304848              
VL51  -6413.084621  49889.839926 -32722.237554              
*  2025  5  2  6 46   0.00000000                            
PL51  -4972.508492  -6041.412540  -9524.761561              
VL51  -4295.572903  51562.599875 -30337.708756              
*  2025  5  2  6 48   0.00000000                            
PL51  -5011.142163  -5413.577286  -9874.036258              
VL51  -2137.404956  53044.326505 -27859.786471              
*  2025  5  2  6 50   0.00000000                            
PL51  -5023.682628  -4769.133123 -10193.052622              
VL51     51.650346  54329.970418 -25295.916387              
*  2025  5  2  6 52   0.00000000                            
PL51  -5009.818763  -4110.459681 -10480.825249              
VL51   2261.646382  55415.215588 -22653.801291              
*  2025  5  2  6 54   0.00000000                            
PL51  -4969.359664  -3439.983905 -10736.462609              
VL51   4482.499364  56296.494366 -19941.380251              
*  2025  5  2  6 56   0.00000000                            
PL51  -4902.236051  -2760.171001 -10959.169750              
VL51   6704.029581  56970.999943 -17166.807220              
*  2025  5  2  6 58   0.00000000                            
PL51  -4808.501167  -2073.515237 -11148.250747              
VL51   8916.003172  57436.696272 -14338.429092              
*  2025  5  2  7  0   0.00000000                            
PL51  -4688.331177  -1382.530653 -11303.110885              
VL51  11108.174300  57692.325385 -11464.763253              
*  2025  5  2  7  2   0.00000000                            
PL51  -4542.025053   -689.741691 -11423.258564              
VL51  13270.327600  57737.412127  -8554.474629              
*  2025  5  2  7  4   0.00000000                            
PL51  -4370.003958      2.326213 -11508.306933              
VL51  15392.320773  57572.266249  -5616.352273              
*  2025  5  2  7  6   0.00000000                            
PL51  -4172.810110    691.156051 -11557.975235              
VL51  17464.127178  57197.981869  -2659.285504              
*  2025  5  2  7  8   0.00000000                            
PL51  -3951.105141   1374.248632 -11572.089866              
VL51  19475.878312  56616.434273    307.760381              
*  2025  5  2  7 10   0.00000000                            
PL51  -3705.667944   2049.131931 -11550.585136              
VL51  21417.906016  55830.274049   3275.768794              
*  2025  5  2  7 12   0.00000000                            
PL51  -3437.392019   2713.370338 -11493.503738              
VL51  23280.784283  54842.918530   6235.696925              
*  2025  5  2  7 14   0.00000000                            
PL51  -3147.282320   3364.573797 -11400.996910              
VL51  25055.370515  53658.540548   9178.501163              
*  2025  5  2  7 16   0.00000000                            
PL51  -2836.451605   4000.406791 -11273.324288              
VL51  26732.846076  52282.054481  12095.162839              
*  2025  5  2  7 18   0.00000000                            
PL51  -2506.116317   4618.597144 -11110.853453              
VL51  28304.755991  50719.099589  14976.714247              
*  2025  5  2  7 20   0.00000000                            
PL51  -2157.591980   5216.944603 -10914.059162              
VL51  29763.047632  48976.020647  17814.264912              
*  2025  5  2  7 22   0.00000000                            
PL51  -1792.288149   5793.329178 -10683.522261              
VL51  31100.108222  47059.845879  20599.028049              
*  2025  5  2  7 24   0.00000000                            
PL51  -1411.702909   6345.719193 -10419.928283              
VL51  32308.800992  44978.262206  23322.347153              
*  2025  5  2  7 26   0.00000000                            
PL51  -1017.416960   6872.179036 -10124.065725              
VL51  33382.499826  42739.587846  25975.722671              
*  2025  5  2  7 28   0.00000000                            
PL51   -611.087284   7370.876549  -9796.824001              
VL51  34315.122206  40352.742283  28550.838666              
*  2025  5  2  7 30   0.00000000                            
PL51   -194.440433   7840.090055  -9439.191085              
VL51  35101.160297  37827.213670  31039.589415              
*  2025  5  2  7 32   0.00000000                            
PL51    230.734538   8278.214973  -9052.250822              
VL51  35735.709994  35173.023719  33434.105839              
*  2025  5  2  7 34   0.00000000                            
PL51    662.593483   8683.769995  -8637.179939              
VL51  36214.497745  32400.690153  35726.781683              
*  2025  5  2  7 36   0.00000000                            
PL51   1099.244882   9055.402808  -8195.244729              
VL51  36533.904990  29521.186803  37910.299340              
*  2025  5  2  7 38   0.00000000                            
PL51   1538.757832   9391.895307  -7727.797439              
VL51  36690.990043  26545.901471  39977.655208              
*  2025  5  2  7 40   0.00000000                            
PL51   1979.170287   9692.168308  -7236.272350              
VL51  36683.507251  23486.591667  41922.184468              
*  2025  5  2  7 42   0.00000000                            
PL51   2418.497514   9955.285701  -6722.181569              
VL51  36509.923276  20355.338368  43737.585168              
*  2025  5  2  7 44   0.00000000                            
PL51   2854.740721  10180.458054  -6187.110529              
VL51  36169.430356  17164.497957  45417.941472              
*  2025  5  2  7 46   0.00000000                            
PL51   3285.895828  10367.045613  -5632.713228              
VL51  35661.956404  13926.652524  46957.745957              
*  2025  5  2  7 48   0.00000000                            
PL51   3709.962340  10514.560708  -5060.707193              
VL51  34988.171832  10654.558717  48351.920831              
*  2025  5  2  7 50   0.00000000                            
PL51   4124.952283  10622.669538  -4472.868210              
VL51  34149.492990   7361.095364  49595.837917              
*  2025  5  2  7 52   0.00000000                            
PL51   4528.899152  10691.193310  -3871.024807              
VL51  33148.082134   4059.210102  50685.337297              
*  2025  5  2  7 54   0.00000000                            
PL51   4919.866852  10720.108749  -3257.052538              
VL51  31986.843860    761.865253  51616.744473              
*  2025  5  2  7 56   0.00000000                            
PL51   5295.958562  10709.547941  -2632.868059              
VL51  30669.417960  -2518.016782  52386.885924              
*  2025  5  2  7 58   0.00000000                            
PL51   5655.325499  10659.797529  -2000.423031              
VL51  29200.168671  -5767.608340  52993.102955              
*  2025  5  2  8  0   0.00000000                            
PL51   5996.175525  10571.297244  -1361.697871              
VL51  27584.170341  -8974.231240  53433.263713              
*  2025  5  2  8  2   0.00000000                            
PL51   6316.781570  10444.637786   -718.695365              
VL51  25827.189509 -12125.411152  53705.773294              
*  2025  5  2  8  4   0.00000000                            
PL51   6615.489809  10280.558056    -73.434176              
VL51  23935.663484 -15208.931322  53809.581850              
*  2025  5  2  8  6   0.00000000                            
PL51   6890.727565  10079.941746    572.057740              
VL51  21916.675476 -18212.885329  53744.190621              
*  2025  5  2  8  8   0.00000000                            
PL51   7141.010898   9843.813305   1215.749765              
VL51  19777.926382 -21125.728602  53509.655834              
*  2025  5  2  8 10   0.00000000                            
PL51   7364.951828   9573.333294   1855.615298              
VL51  17527.703366 -23936.328399  53106.590438              
*  2025  5  2  8 12   0.00000000                            
PL51   7561.265169   9269.793154   2489.638430              
VL51  15174.845357 -26634.011964  52536.163610              
*  2025  5  2  8 14   0.00000000                            
PL51   7728.774925   8934.609410   3115.820611              
VL51  12728.705652 -29208.612596  51800.098048              
*  2025  5  2  8 16   0.00000000                            
PL51   7866.420227   8569.317328   3732.187256              
VL51  10199.111802 -31650.513351  50900.665022              
*  2025  5  2  8 18   0.00000000                            
PL51   7973.260773   8175.564074   4336.794295              
VL51   7596.323007 -33950.688138  49840.677207              
*  2025  5  2  8 20   0.00000000                            
PL51   8048.481733   7755.101390   4927.734613              
VL51   4930.985239 -36100.739960  48623.479321              
*  2025  5  2  8 22   0.00000000                            
PL51   8091.398121   7309.777828   5503.144366              
VL51   2214.084347 -38092.936106  47252.936623              
*  2025  5  2  8 24   0.00000000                            
PL51   8101.458575   6841.530585   6061.209150              
VL51   -543.102594 -39920.240067  45733.421326              
*  2025  5  2  8 26   0.00000000                            
PL51   8078.248555   6352.376978   6600.169993              
VL51  -3329.057423 -41576.340049  44069.797014              
*  2025  5  2  8 28   0.00000000                            
PL51   8021.492931   5844.405588   7118.329145              
VL51  -6132.072233 -43055.673905  42267.401139              
*  2025  5  2  8 30   0.00000000                            
PL51   7931.057943   5319.767135   7614.055657              
VL51  -8940.301642 -44353.450396  40332.025726              
*  2025  5  2  8 32   0.00000000                            
PL51   7806.952539   4780.665122   8085.790704              
VL51 -11741.815711 -45465.666677  38269.896370              
*  2025  5  2  8 34   0.00000000                            
PL51   7649.329065   4229.346283   8532.052661              
VL51 -14524.653203 -46389.121959  36087.649674              
*  2025  5  2  8 36   0.00000000                            
PL51   7458.483325   3668.090900   8951.441885              
VL51 -17276.874939 -47121.427301  33792.309232              
*  2025  5  2  8 38   0.00000000                            
PL51   7234.853991   3099.203018   9342.645215              
VL51 -19986.616950 -47661.011532  31391.260307              
*  2025  5  2  8 40   0.00000000                            
PL51   6979.021393   2525.000618   9704.440150              
VL51 -22642.143164 -48007.123308  28892.223331              
*  2025  5  2  8 42   0.00000000                            
PL51   6691.705662   1947.805785  10035.698708              
VL51 -25231.897382 -48159.829351  26303.226362              
*  2025  5  2  8 44   0.00000000                            
PL51   6373.764269   1369.934922  10335.390948              
VL51 -27744.554275 -48120.008925  23632.576642              
*  2025  5  2  8 46   0.00000000                            
PL51   6026.188957    793.689048  10602.588145              
VL51 -30169.069191 -47889.344636  20888.831395              
*  2025  5  2  8 48   0.00000000                            
PL51   5650.102075    221.344233  10836.465612              
VL51 -32494.726525 -47470.309647  18080.767984              
*  2025  5  2  8 50   0.00000000                            
PL51   5246.752352   -344.857794  11036.305159              
VL51 -34711.186463 -46866.151434  15217.353571              
*  2025  5  2  8 52   0.00000000                            
PL51   4817.510113   -902.718824  11201.497188              
VL51 -36808.529897 -46080.872199  12307.714392              
*  2025  5  2  8 54   0.00000000                            
PL51   4363.861975  -1450.093089  11331.542416              
VL51 -38777.301312 -45119.206090   9361.104774              
*  2025  5  2  8 56   0.00000000                            
PL51   3887.405032  -1984.895897  11426.053223              
VL51 -40608.549496 -43986.593380   6386.876014              
*  2025  5  2  8 58   0.00000000                            
PL51   3389.840575  -2505.111932  11484.754632              
VL51 -42293.865891 -42689.151752   3394.445225              
*  2025  5  2  9  0   0.00000000                            
PL51   2872.967363  -3008.803199  11507.484911              
VL51 -43825.420445 -41233.644886    393.264280              
*  2025  5  2  9  2   0.00000000                            
PL51   2338.674475  -3494.116577  11494.195804              
VL51 -45195.994837 -39627.448512  -2607.211040              
*  2025  5  2  9  4   0.00000000                            
PL51   1788.933786  -3959.290943  11444.952395              
VL51 -46399.012954 -37878.514135  -5597.551596              
*  2025  5  2  9  6   0.00000000                            
PL51   1225.792091  -4402.663856  11359.932607              
VL51 -47428.568532 -35995.330626  -8568.385026              
*  2025  5  2  9  8   0.00000000                            
PL51    651.362918  -4822.677767  11239.426343              
VL51 -48279.449869 -33986.883886 -11510.425370              
*  2025  5  2  9 10   0.00000000                            
PL51     67.818055  -5217.885728  11083.834272              
VL51 -48947.161552 -31862.614802 -14414.502127              
*  2025  5  2  9 12   0.00000000                            
PL51   -522.621155  -5586.956595  10893.666275              
VL51 -49427.943147 -29632.375676 -17271.588635              
*  2025  5  2  9 14   0.00000000                            
PL51  -1117.692734  -5928.679698  10669.539551              
VL51 -49718.784805 -27306.385362 -20072.829741              
*  2025  5  2  9 16   0.00000000                            
PL51  -1715.103155  -6241.968962  10412.176397              
VL51 -49817.439756 -24895.183285 -22809.568686              
*  2025  5  2  9 18   0.00000000                            
PL51  -2312.536555  -6525.866473  10122.401671              
VL51 -49722.433651 -22409.582558 -25473.373147              
*  2025  5  2  9 20   0.00000000                            
PL51  -2907.664046  -6779.545483   9801.139943              
VL51 -49433.070755 -19860.622382 -28056.060388              
*  2025  5  2  9 22   0.00000000                            
PL51  -3498.153080  -7002.312825   9449.412361              
VL51 -48949.436948 -17259.519922 -30549.721449              
*  2025  5  2  9 24   0.00000000                            
PL51  -4081.676829  -7193.610768   9068.333218              
VL51 -48272.399565 -14617.621876 -32946.744318              
*  2025  5  2  9 26   0.00000000                            
PL51  -4655.923547  -7353.018275   8659.106261              
VL51 -47403.604069 -11946.355912 -35239.836015              
*  2025  5  2  9 28   0.00000000                            
PL51  -5218.605873  -7480.251681   8223.020731              
VL51 -46345.467588  -9257.182194 -37422.043543              
*  2025  5  2  9 30   0.00000000                            
PL51  -5767.470035  -7575.164803   7761.447168              
VL51 -45101.169378  -6561.545193 -39486.773636              
*  2025  5  2  9 32   0.00000000                            
PL51  -6300.304920  -7637.748452   7275.832978              
VL51 -43674.638250  -3870.825971 -41427.811259              
*  2025  5  2  9 34   0.00000000                            
PL51  -6814.950988  -7668.129400   6767.697792              
VL51 -42070.537048  -1196.295148 -43239.336826              
*  2025  5  2  9 36   0.00000000                            
PL51  -7309.308961  -7666.568771   6238.628623              
VL51 -40294.244258   1450.933280 -44915.942097              
*  2025  5  2  9 38   0.00000000                            
PL51  -7781.348295  -7633.459892   5690.274841              
VL51 -38351.832833   4059.947082 -46452.644715              
*  2025  5  2  9 40   0.00000000                            
PL51  -8229.115371  -7569.325604   5124.342983              
VL51 -36250.046350   6620.079730 -47844.901382              
*  2025  5  2  9 42   0.00000000                            
PL51  -8650.741384  -7474.815059   4542.591411              
VL51 -33996.272585   9120.952959 -49088.619619              
*  2025  5  2  9 44   0.00000000                            
PL51  -9044.449906  -7350.700014   3946.824842              
VL51 -31598.514644  11552.517813 -50180.168127              
*  2025  5  2  9 46   0.00000000                            
PL51  -9408.564081  -7197.870639   3338.888752              
VL51 -29065.359756  13905.093996 -51116.385697              
*  2025  5  2  9 48   0.00000000                            
PL51  -9741.513441  -7017.330867   2720.663695              
VL51 -26405.945875  16169.407417 -51894.588686              
*  2025  5  2  9 50   0.00000000                            
PL51 -10041.840300  -6810.193304   2094.059534              
VL51 -23629.926232  18336.625772 -52512.577031              
*  2025  5  2  9 52   0.00000000                            
PL51 -10308.205717  -6577.673723   1461.009605              
VL51 -20747.431981  20398.392042 -52968.638807              
*  2025  5  2  9 54   0.00000000                            
PL51 -10539.394998  -6321.085175    823.464843              
VL51 -17769.033095  22346.855809 -53261.553322              
*  2025  5  2  9 56   0.00000000                            
PL51 -10734.322719  -6041.831727    183.387877              
VL51 -14705.697696  24174.702240 -53390.592769              
*  2025  5  2  9 58   0.00000000                            
PL51 -10892.037253  -5741.401878   -457.252893              
VL51 -11568.749972  25875.178696 -53355.522433              
*  2025  5  2 10  0   0.00000000                            
PL51 -11011.724782  -5421.361663  -1096.489200              
VL51  -8369.826859  27442.118848 -53156.599485              
*  2025  5  2 10  2   0.00000000                            
PL51 -11092.712787  -5083.347487  -1732.358805              
VL51  -5120.833674  28869.964231 -52794.570384              
*  2025  5  2 10  4   0.00000000                            
PL51 -11134.472998  -4729.058712  -2362.911342              
VL51  -1833.898871  30153.783205 -52270.666913              
*  2025  5  2 10  6   0.00000000                            
PL51 -11136.623795  -4360.250037  -2986.214113              
VL51   1478.671900  31289.287241 -51586.600903              
*  2025  5  2 10  8   0.00000000                            
PL51 -11098.932059  -3978.723694  -3600.357808              
VL51   4804.442259  32272.844535 -50744.557666              
*  2025  5  2 10 10   0.00000000                            
PL51 -11021.314455  -3586.321501  -4203.462145              
VL51   8130.891915  33101.490903 -49747.188193              
*  2025  5  2 10 12   0.00000000                            
PL51 -10903.838161  -3184.916800  -4793.681405              
VL51  11445.463662  33772.937969 -48597.600157              
*  2025  5  2 10 14   0.00000000                            
PL51 -10746.721028  -2776.406306  -5369.209848              
VL51  14735.610411  34285.578631 -47299.347766              
*  2025  5  2 10 16   0.00000000                            
PL51 -10550.331178  -2362.701921  -5928.287010              
VL51  17988.842071  34638.489829 -45856.420504              
*  2025  5  2 10 18   0.00000000                            
PL51 -10315.186037  -1945.722515  -6469.202850              
VL51  21192.772147  34831.432619 -44273.230824              
*  2025  5  2 10 20   0.00000000                            
PL51 -10041.950817  -1527.385732  -6990.302749              
VL51  24335.163879  34864.849594 -42554.600812              
*  2025  5  2 10 22   0.00000000                            
PL51  -9731.436446  -1109.599842  -7489.992340              
VL51  27403.975800  34739.859672 -40705.747896              
*  2025  5  2 10 24   0.00000000                            
PL51  -9384.596951   -694.255667  -7966.742162              
VL51  30387.406538  34458.250316 -38732.269622              
*  2025  5  2 10 26   0.00000000                            
PL51  -9002.526316   -283.218617  -8419.092123              
VL51  33273.938756  34022.467207 -36640.127571              
*  2025  5  2 10 28   0.00000000                            
PL51  -8586.454814    121.679131  -8845.655771              
VL51  36052.382068  33435.601462 -34435.630441              
*  2025  5  2 10 30   0.00000000                            
PL51  -8137.744831    518.646290  -9245.124356              
VL51  38711.914828  32701.374436 -32125.416363              
*  2025  5  2 10 32   0.00000000                            
PL51  -7657.886197    905.939927  -9616.270665              
VL51  41242.124658  31824.120194 -29716.434475              
*  2025  5  2 10 34   0.00000000                            
PL51  -7148.491038   1281.872696  -9957.952650              
VL51  43633.047612  30808.765728 -27215.925814              
*  2025  5  2 10 36   0.00000000                            
PL51  -6611.288169   1644.819820 -10269.116807              
VL51  45875.205867  29660.808995 -24631.403558              
*  2025  5  2 10 38   0.00000000                            
PL51  -6048.117039   1993.225810 -10548.801320              
VL51  47959.643844  28386.294866 -21970.632648              
*  2025  5  2 10 40   0.00000000                            
PL51  -5460.921258   2325.610862 -10796.138960              
VL51  49877.962656  26991.789070 -19241.608827              
*  2025  5  2 10 42   0.00000000                            
PL51  -4851.741718   2640.576950 -11010.359723              
VL51  51622.352794  25484.350219 -16452.537128              
*  2025  5  2 10 44   0.00000000                            
PL51  -4222.709334   2936.813561 -11190.793214              
VL51  53185.624964  23871.500007 -13611.809826              
*  2025  5  2 10 46   0.00000000                            
PL51  -3576.037426   3213.103061 -11336.870752              
VL51  54561.238967  22161.191679 -10727.983889              
*  2025  5  2 10 48   0.00000000                            
PL51  -2914.013766   3468.325683 -11448.127217              
VL51  55743.330560  20361.776859  -7809.757936              
*  2025  5  2 10 50   0.00000000                            
PL51  -2238.992317   3701.464093 -11524.202603              
VL51  56726.736189  18481.970838  -4865.948737              
*  2025  5  2 10 52   0.00000000                            
PL51  -1553.384686   3911.607546 -11564.843293              
VL51  57507.015513  16530.816415  -1905.467266              
*  2025  5  2 10 54   0.00000000                            
PL51   -859.651323   4097.955587 -11569.903049              
VL51  58080.471635  14517.646415   1062.705679              
*  2025  5  2 10 56   0.00000000                            
PL51   -160.292490   4259.821301 -11539.343694              
VL51  58444.168935  12452.044951   4029.544253              
*  2025  5  2 10 58   0.00000000                            
PL51    542.160970   4396.634094 -11473.235510              
VL51  58595.948428  10343.807584   6986.002740              
*  2025  5  2 11  0   0.00000000                            
PL51   1245.157032   4507.941982 -11371.757315              
VL51  58534.440537   8202.900465   9923.041062              
*  2025  5  2 11  2   0.00000000                            
PL51   1946.132021   4593.413389 -11235.196247              
VL51  58259.075195   6039.418597  12831.650628              
*  2025  5  2 11  4   0.00000000                            
PL51   2642.520261   4652.838443 -11063.947229              
VL51  57770.089189   3863.543348  15702.880441              
*  2025  5  2 11  6   0.00000000                            
PL51   3331.763778   4686.129749 -10858.512118              
VL51  57068.530652   1685.499341  18527.863453              
*  2025  5  2 11  8   0.00000000                            
PL51   4011.322057   4693.322650 -10619.498536              
VL51  56156.260623   -484.489118  21297.843077              
*  2025  5  2 11 10   0.00000000                            
PL51   4678.681784   4674.574959 -10347.618394              
VL51  55035.951602  -2636.241929  24004.199834              
*  2025  5  2 11 12   0.00000000                            
PL51   5331.366564   4630.166165 -10043.686076              
VL51  53711.083031  -4759.667254  26638.478032              
*  2025  5  2 11 14   0.00000000                            
PL51   5966.946562   4560.496111  -9708.616321              
VL51  52185.933639  -6844.805552  29192.412442              
*  2025  5  2 11 16   0.00000000                            
PL51   6583.048027   4466.083137  -9343.421773              
VL51  50465.570594  -8881.873441  31657.954852              
*  2025  5  2 11 18   0.00000000                            
PL51   7177.362679   4347.561714  -8949.210222              
VL51  48555.835427 -10861.307187  34027.300454              
*  2025  5  2 11 20   0.00000000                            
PL51   7747.656896   4205.679541  -8527.181523              
VL51  46463.326691 -12773.805648  36292.913922              
*  2025  5  2 11 22   0.00000000                            
PL51   8291.780681   4041.294145  -8078.624212              
VL51  44195.379345 -14610.372467  38447.555123              
*  2025  5  2 11 24   0.00000000                            
PL51   8807.676355   3855.368976  -7604.911806              
VL51  41760.040862 -16362.357315  40484.304313              
*  2025  5  2 11 26   0.00000000                            
PL51   9293.386952   3648.969006  -7107.498815              
VL51  39166.044084 -18021.495988  42396.586732              
*  2025  5  2 11 28   0.00000000                            
PL51   9747.064258   3423.255870  -6587.916458              
VL51  36422.776852 -19579.949143  44178.196458              
*  2025  5  2 11 30   0.00000000                            
PL51  10166.976482   3179.482539  -6047.768093              
VL51  33540.248485 -21030.339464  45823.319410              
*  2025  5  2 11 32   0.00000000                            
PL51  10551.515489   2918.987560  -5488.724387              
VL51  30529.053165 -22365.787054  47326.555368              
*  2025  5  2 11 34   0.00000000                            
PL51  10899.203588   2643.188888  -4912.518223              
VL51  27400.330351 -23579.942850  48682.938874              
*  2025  5  2 11 36   0.00000000                            
PL51  11208.699822   2353.577322  -4320.939359              
VL51  24165.722329 -24667.019834  49887.958889              
*  2025  5  2 11 38   0.00000000                            
PL51  11478.805734   2051.709590  -3715.828869              
VL51  20837.329057 -25621.821875  50937.577081              
*  2025  5  2 11 40   0.00000000                            
PL51  11708.470575   1739.201094  -3099.073366              
VL51  17427.660481 -26439.769980  51828.244600              
*  2025  5  2 11 42   0.00000000                            
PL51  11896.795927   1417.718365  -2472.599034              
VL51  13949.586513 -27116.925800  52556.917237              
*  2025  5  2 11 44   0.00000000                            
PL51  12043.039710   1088.971241  -1838.365494              
VL51  10416.284900 -27650.012199  53121.068840              
*  2025  5  2 11 46   0.00000000                            
PL51  12146.619556    754.704833  -1198.359510              
VL51   6841.187223 -28036.430764  53518.702891              
*  2025  5  2 11 48   0.00000000                            
PL51  12207.115521    416.691287   -554.588582              
VL51   3237.923282 -28274.276096  53748.362142              
*  2025  5  2 11 50   0.00000000                            
PL51  12224.272124     76.721399     90.925581              
VL51   -379.735846 -28362.346776  53809.136235              
*  2025  5  2 11 52   0.00000000                            
PL51  12197.999694   -263.403883    736.153656              
VL51  -3997.935802 -28300.152919  53700.667224              
*  2025  5  2 11 54   0.00000000                            
PL51  12128.375021   -601.882021   1379.065354              
VL51  -7602.797666 -28087.920219  53423.152941              
*  2025  5  2 11 56   0.00000000                            
PL51  12015.641291   -936.917485   2017.636105              
VL51 -11180.477104 -27726.590452  52977.348165              
*  2025  5  2 11 58   0.00000000                            
PL51  11860.207320  -1266.730328   2649.853732              
VL51 -14717.223610 -27217.818402  52364.563562              
*  2025  5  2 12  0   0.00000000                            
PL51  11662.646071  -1589.564708   3273.725107              
VL51 -18199.439506 -26563.965196  51586.662372              
*  2025  5  2 12  2   0.00000000                            
PL51  11423.692471  -1903.697304   3887.282747              
VL51 -21613.738384 -25768.088096  50646.054873              
*  2025  5  2 12  4   0.00000000                            
PL51  11144.240527  -2207.445594   4488.591341              
VL51 -24947.002644 -24833.926764  49545.690614              
*  2025  5  2 12  6   0.00000000                            
PL51  10825.339762  -2499.175941   5075.754156              
VL51 -28186.439821 -23765.886094  48289.048482              
*  2025  5  2 12  8   0.00000000                            
PL51  10468.190982  -2777.311456   5646.919325              
VL51 -31319.637389 -22569.015703  46880.124639              
*  2025  5  2 12 10   0.00000000                            
PL51  10074.141399  -3040.339598   6200.285967              
VL51 -34334.615738 -21248.986188  45323.418416              
*  2025  5  2 12 12   0.00000000                            
PL51   9644.679128  -3286.819467   6734.110135              
VL51 -37219.879050 -19812.062297  43623.916224              
*  2025  5  2 12 14   0.00000000                            
PL51   9181.427085  -3515.388757   7246.710549              
VL51 -39964.463814 -18265.073175  41787.073594              
*  2025  5  2 12 16   0.00000000                            
PL51   8686.136326  -3724.770335   7736.474115              
VL51 -42557.984721 -16615.379840  39818.795444              
*  2025  5  2 12 18   0.00000000                            
PL51   8160.678842  -3913.778420   8201.861188              
VL51 -44990.677733 -14870.840105  37725.414674              
*  2025  5  2 12 20   0.00000000                            
PL51   7607.039866  -4081.324318   8641.410570              
VL51 -47253.440113 -13039.771133  35513.669225              
*  2025  5  2 12 22   0.00000000                            
PL51   7027.309708  -4226.421701   9053.744230              
VL51 -49337.867235 -11130.909838  33190.677713              
*  2025  5  2 12 24   0.00000000                            
PL51   6423.675177  -4348.191394   9437.571714              
VL51 -51236.286025  -9153.371366  30763.913779              
*  2025  5  2 12 26   0.00000000                            
PL51   5798.410618  -4445.865659   9791.694249              
VL51 -52941.784884  -7116.605891  28241.179290              
*  2025  5  2 12 28   0.00000000                            
PL51   5153.868612  -4518.791948  10115.008518              
VL51 -54448.240005  -5030.353943  25630.576528              
*  2025  5  2 12 30   0.00000000                            
PL51   4492.470385  -4566.436113  10406.510086              
VL51 -55750.337988  -2904.600543  22940.479506              
*  2025  5  2 12 32   0.00000000                            
PL51   3816.695966  -4588.385057  10665.296495              
VL51 -56843.594693   -749.528353  20179.504552              
*  2025  5  2 12 34   0.00000000                            
PL51   3129.074139  -4584.348826  10890.569982              
VL51 -57724.370302   1424.529882  17356.480299              
*  2025  5  2 12 36   0.00000000                            
PL51   2432.172243  -4554.162118  11081.639854              
VL51 -58389.880569   3607.139390  14480.417209              
*  2025  5  2 12 38   0.00000000                            
PL51   1728.585855  -4497.785219  11237.924477              
VL51 -58838.204267   5787.811661  11560.476773              
*  2025  5  2 12 40   0.00000000                            
PL51   1020.928409  -4415.304358  11358.952908              
VL51 -59068.286871   7956.052759   8605.940500              
*  2025  5  2 12 42   0.00000000                            
PL51    311.820789  -4306.931483  11444.366145              
VL51 -59079.940495  10101.411413   5626.178824              
*  2025  5  2 12 44   0.00000000                            
PL51   -396.119046  -4173.003465  11493.918012              
VL51 -58873.840186  12213.526681   2630.620037              
*  2025  5  2 12 46   0.00000000                            
PL51  -1100.286382  -4013.980724  11507.475662              
VL51 -58451.516616  14282.174975   -371.280650              
*  2025  5  2 12 48   0.00000000                            
PL51  -1798.099955  -3830.445313  11485.019722              
VL51 -57815.345275  16297.316236  -3370.071818              
*  2025  5  2 12 50   0.00000000                            
PL51  -2487.012005  -3623.098433  11426.644056              
VL51 -56968.532270  18249.139078  -6356.336228              
*  2025  5  2 12 52   0.00000000                            
PL51  -3164.518146  -3392.757434  11332.555185              
VL51 -55915.096818  20128.104710  -9320.720811              
*  2025  5  2 12 54   0.00000000                            
PL51  -3828.166995  -3140.352280  11203.071330              
VL51 -54659.850553  21924.989453 -12253.966162              
*  2025  5  2 12 56   0.00000000                            
PL51  -4475.569549  -2866.921522  11038.621121              
VL51 -53208.373780  23630.925688 -15146.935460              
*  2025  5  2 12 58   0.00000000                            
PL51  -5104.408249  -2573.607793  10839.741950              
VL51 -51566.988797  25237.441071 -17990.642739              
*  2025  5  2 13  0   0.00000000                            
PL51  -5712.445707  -2261.652830  10607.077998              
VL51 -49742.730429  26736.495856 -20776.280432              
*  2025  5  2 13  2   0.00000000                            
PL51  -6297.533071  -1932.392077  10341.377935              
VL51 -47743.313929  28120.518201 -23495.246104              
*  2025  5  2 13  4   0.00000000                            
PL51  -6857.617982  -1587.248866  10043.492296              
VL51 -45577.100402  29382.437292 -26139.168325              
*  2025  5  2 13  6   0.00000000                            
PL51  -7390.752107  -1227.728215   9714.370563              
VL51 -43253.059915  30515.714201 -28699.931598              
*  2025  5  2 13  8   0.00000000                            
PL51  -7895.098211   -855.410275   9355.057950              
VL51 -40780.732475  31514.370329 -31169.700295              
*  2025  5  2 13 10   0.00000000                            
PL51  -8368.936758   -471.943450   8966.691903              
VL51 -38170.187032  32373.013364 -33540.941538              
*  2025  5  2 13 12   0.00000000                            
PL51  -8810.671998    -79.037212   8550.498335              
VL51 -35431.978717  33086.860632 -35806.446968              
*  2025  5  2 13 14   0.00000000                            
PL51  -9218.837539    321.545336   8107.787612              
VL51 -32577.104469  33651.759798 -37959.353365              
*  2025  5  2 13 16   0.00000000                            
PL51  -9592.101374    727.995136   7639.950288              
VL51 -29616.957266  34064.206814 -39993.162055              
*  2025  5  2 13 18   0.00000000                            
PL51  -9929.270356   1138.465048   7148.452621              
VL51 -26563.279138  34321.361083 -41901.757080              
*  2025  5  2 13 20   0.00000000                            
PL51 -10229.294095   1551.077889   6634.831883              
VL51 -23428.113160  34421.057775 -43679.422073              
*  2025  5  2 13 22   0.00000000                            
PL51 -10491.268280   1963.934601   6100.691463              
VL51 -20223.754620  34361.817284 -45320.855820              
*  2025  5  2 13 24   0.00000000                            
PL51 -10714.437412   2375.122518   5547.695803              
VL51 -16962.701562  34142.851775 -46821.186465              
*  2025  5  2 13 26   0.00000000                            
PL51 -10898.196934   2782.723688   4977.565168              
VL51 -13657.604901  33764.068845 -48175.984332              
*  2025  5  2 13 28   0.00000000                            
PL51 -11042.094767   3184.823230   4392.070264              
VL51 -10321.218299  33226.072265 -49381.273348              
*  2025  5  2 13 30   0.00000000                            
PL51 -11145.832242   3579.517673   3793.026742              
VL51  -6966.348019  32530.159850 -50433.541032              
*  2025  5  2 13 32   0.00000000                            
PL51 -11209.264430   3964.923264   3182.289576              
VL51  -3605.802933  31678.318453 -51329.747050              
*  2025  5  2 13 34   0.00000000                            
PL51 -11232.399876   4339.184187   2561.747355              
VL51   -252.344888  30673.216147 -52067.330314              
*  2025  5  2 13 36   0.00000000                            
PL51 -11215.399739   4700.480679   1933.316496              
VL51   3081.360372  29518.191626 -52644.214629              
*  2025  5  2 13 38   0.00000000                            
PL51 -11158.576350   5047.036999   1298.935399              
VL51   6382.791567  28217.240882 -53058.812880              
*  2025  5  2 13 40   0.00000000                            
PL51 -11062.391188   5377.129224    660.558563              
VL51   9639.619308  26775.001252 -53310.029762              
*  2025  5  2 13 42   0.00000000                            
PL51 -10927.452303   5689.092835     20.150670              
VL51  12839.752444  25196.732891 -53397.263084              
*  2025  5  2 13 44   0.00000000                            
PL51 -10754.511183   5981.330070   -620.319330              
VL51  15971.383153  23488.297772 -53320.403631              
*  2025  5  2 13 46   0.00000000                            
PL51 -10544.459089   6252.317003  -1258.884126              
VL51  19023.030604  21656.136316 -53079.833626              
*  2025  5  2 13 48   0.00000000                            
PL51 -10298.322881   6500.610338  -1893.583929              
VL51  21983.583055  19707.241741 -52676.423806              
*  2025  5  2 13 50   0.00000000                            
PL51 -10017.260343   6724.853877  -2522.472310              
VL51  24842.338234  17649.132273 -52111.529134              
*  2025  5  2 13 52   0.00000000                            
PL51  -9702.555032   6923.784642  -3143.621976              
VL51  27589.041857  15489.821316 -51386.983184              
*  2025  5  2 13 54   0.00000000                            
PL51  -9355.610690   7096.238630  -3755.130476              
VL51  30213.924165  13237.785729 -50505.091240              
*  2025  5  2 13 56   0.00000000                            
PL51  -8977.945211   7241.156172  -4355.125812              
VL51  32707.734361  10901.932344 -49468.622142              
*  2025  5  2 13 58   0.00000000                            
PL51  -8571.184226   7357.586889  -4941.771947              
VL51  35061.772839   8491.562859 -48280.798939              
*  2025  5  2 14  0   0.00000000                            
PL51  -8137.054301   7444.694208  -5513.274194              
VL51  37267.921116   6016.337258 -46945.288385              
*  2025  5  2 14  2   0.00000000                            
PL51  -7677.375799   7501.759436  -6067.884473              
VL51  39318.669392   3486.235900 -45466.189351              
*  2025  5  2 14  4   0.00000000                            
PL51  -7194.055422   7528.185374  -6603.906419              
VL51  41207.141670    911.520424 -43848.020190              
*  2025  5  2 14  6   0.00000000                            
PL51  -6689.078467   7523.499446  -7119.700336              
VL51  42927.118374  -1697.306394 -42095.705119              
*  2025  5  2 14  8   0.00000000                            
PL51  -6164.500823   7487.356357  -7613.687984              
VL51  44473.056449  -4329.541671 -40214.559671              
*  2025  5  2 14 10   0.00000000                            
PL51  -5622.440752   7419.540233  -8084.357178              
VL51  45840.106882  -6974.324221 -38210.275263              
*  2025  5  2 14 12   0.00000000                            
PL51  -5065.070459   7319.966275  -8530.266206              
VL51  47024.129643  -9620.676962 -36088.902926              
*  2025  5  2 14 14   0.00000000                            
PL51  -4494.607517   7188.681891  -8950.048040              
VL51  48021.706018 -12257.549829 -33856.836253              
*  2025  5  2 14 16   0.00000000                            
PL51  -3913.306143   7025.867308  -9342.414343              
VL51  48830.148351 -14873.863028 -31520.793584              
*  2025  5  2 14 18   0.00000000                            
PL51  -3323.448384   6831.835677  -9706.159254              
VL51  49447.507139 -17458.550507 -29087.799480              
*  2025  5  2 14 20   0.00000000                            
PL51  -2727.335227   6607.032635 -10040.162946              
VL51  49872.575541 -20000.603523 -26565.165510              
*  2025  5  2 14 22   0.00000000                            
PL51  -2127.277675   6352.035368 -10343.394958              
VL51  50104.891269 -22489.114160 -23960.470391              
*  2025  5  2 14 24   0.00000000                            
PL51  -1525.587813   6067.551132 -10614.917272              
VL51  50144.735875 -24913.318677 -21281.539498              
*  2025  5  2 14 26   0.00000000                            
PL51   -924.569901   5754.415267 -10853.887149              
VL51  49993.131464 -27262.640547 -18536.423787              
*  2025  5  2 14 28   0.00000000                            
PL51   -326.511517   5413.588698 -11059.559707              
VL51  49651.834830 -29526.733064 -15733.378149              
*  2025  5  2 14 30   0.00000000                            
PL51    266.325209   5046.154918 -11231.290237              
VL51  49123.329047 -31695.521391 -12880.839219              
*  2025  5  2 14 32   0.00000000                            
PL51    851.712250   4653.316481 -11368.536246              
VL51  48410.812543 -33759.243906  -9987.402671              
*  2025  5  2 14 34   0.00000000                            
PL51   1427.464184   4236.390997 -11470.859227              
VL51  47518.185674 -35708.492736  -7061.800022              
*  2025  5  2 14 36   0.00000000                            
PL51   1991.446527   3796.806650 -11537.926150              
VL51  46450.034835 -37534.253321  -4112.874958              
*  2025  5  2 14 38   0.00000000                            
PL51   2541.583860   3336.097248 -11569.510659              
VL51  45211.614144 -39227.942910  -1149.559223              
*  2025  5  2 14 40   0.00000000                            
PL51   3075.867715   2855.896811 -11565.493988              
VL51  43808.824735 -40781.447808   1819.151921              
*  2025  5  2 14 42   0.00000000                            
PL51   3592.364205   2357.933731 -11525.865567              
VL51  42248.191695 -42187.159284   4784.224616              
*  2025  5  2 14 44   0.00000000                            
PL51   4089.221365   1844.024500 -11450.723342              
VL51  40536.838712 -43438.007964   7736.611705              
*  2025  5  2 14 46   0.00000000                            
PL51   4564.676166   1316.067045 -11340.273774              
VL51  38682.460459 -44527.496590  10667.278342              
*  2025  5  2 14 48   0.00000000                            
PL51   5017.061196    776.033668 -11194.831539              
VL51  36693.292802 -45449.730999  13567.227910              
*  2025  5  2 14 50   0.00000000                            
PL51   5444.810958    225.963638 -11014.818912              
VL51  34578.080872 -46199.449174  16427.528179              
*  2025  5  2 14 52   0.00000000                            
PL51   5846.467787   -332.044560 -10800.764839              
VL51  32346.045082 -46772.048230  19239.337681              
*  2025  5  2 14 54   0.00000000                            
PL51   6220.687335   -895.841287 -10553.303684              
VL51  30006.845171 -47163.609190  21993.932240              
*  2025  5  2 14 56   0.00000000                            
PL51   6566.243616  -1463.234095 -10273.173665              
VL51  27570.542344 -47370.919396  24682.731605              
*  2025  5  2 14 58   0.00000000                            
PL51   6882.033593  -2031.996319  -9961.214966              
VL51  25047.559617 -47391.492419  27297.326118              
*  2025  5  2 15  0   0.00000000                            
PL51   7167.081268  -2599.875905  -9618.367532              
VL51  22448.640462 -47223.585318  29829.503354              
*  2025  5  2 15  2   0.00000000                            
PL51   7420.541274  -3164.604417  -9245.668537              
VL51  19784.805876 -46866.213105  32271.274634              
*  2025  5  2 15  4   0.00000000                            
PL51   7641.701942  -3723.906206  -8844.249549              
VL51  17067.309997 -46319.160280  34614.901339              
*  2025  5  2 15  6   0.00000000                            
PL51   7829.987820  -4275.507699  -8415.333366              
VL51  14307.594417 -45582.989312  36852.920904              
*  2025  5  2 15  8   0.00000000                            
PL51   7984.961648  -4817.146767  -7960.230554              
VL51  11517.241347 -44659.045941  38978.172408              
*  2025  5  2 15 10   0.00000000                            
PL51   8106.325759  -5346.582143  -7480.335675              
VL51   8707.925814 -43549.461206  40983.821631              
*  2025  5  2 15 12   0.00000000                            
PL51   8193.922898  -5861.602838  -6977.123217              
VL51   5891.367058 -42257.150087  42863.385472              
*  2025  5  2 15 14   0.00000000                            
PL51   8247.736462  -6360.037523  -6452.143241              
VL51   3079.279348 -40785.806710  44610.755604              
*  2025  5  2 15 16   0.00000000                            
PL51   8267.890141  -6839.763837  -5907.016745              
VL51    283.322401 -39139.896029  46220.221233              
*  2025  5  2 15 18   0.00000000                            
PL51   8254.646966  -7298.717564  -5343.430762              
VL51  -2484.948350 -37324.641951  47686.490859              
*  2025  5  2 15 20   0.00000000                            
PL51   8208.407759  -7734.901651  -4763.133204              
VL51  -5214.131434 -35346.011880  49004.712873              
*  2025  5  2 15 22   0.00000000                            
PL51   8129.708989  -8146.395026  -4167.927464              
VL51  -7893.028706 -33210.697673  50170.494898              
*  2025  5  2 15 24   0.00000000                            
PL51   8019.220038  -8531.361150  -3559.666799              
VL51 -10510.694167 -30926.093025  51179.921710              
*  2025  5  2 15 26   0.00000000                            
PL51   7877.739887  -8888.056293  -2940.248504              
VL51 -13056.481960 -28500.267333  52029.571640              
*  2025  5  2 15 28   0.00000000                            
PL51   7706.193229  -9214.837466  -2311.607896              
VL51 -15520.093307 -25941.936102  52716.531319              
*  2025  5  2 15 30   0.00000000                            
PL51   7505.626036  -9510.169979  -1675.712139              
VL51 -17891.622112 -23260.428002  53238.408649              
*  2025  5  2 15 32   0.00000000                            
PL51   7277.200570  -9772.634584  -1034.553915              
VL51 -20161.598965 -20465.648683  53593.343907              
*  2025  5  2 15 34   0.00000000                            
PL51   7022.189899 -10000.934172   -390.144984              
VL51 -22321.033296 -17568.041521  53780.018880              
*  2025  5  2 15 36   0.00000000                            
PL51   6741.971902 -10193.899966    255.490360              
VL51 -24361.453435 -14578.545445  53797.663942              
*  2025  5  2 15 38   0.00000000                            
PL51   6438.022813 -10350.497211    900.321908              
VL51 -26274.944311 -11508.550074  53646.063016              
*  2025  5  2 15 40   0.00000000                            
PL51   6111.910331 -10469.830294   1542.320191              
VL51 -28054.182598  -8369.848358  53325.556366              
*  2025  5  2 15 42   0.00000000                            
PL51   5765.286324 -10551.147291   2179.463167              
VL51 -29692.469060  -5174.586991  52837.041166              
*  2025  5  2 15 44   0.00000000                            
PL51   5399.879154 -10593.843903   2809.742896              
VL51 -31183.757917  -1935.214836  52181.969850              
*  2025  5  2 15 46   0.00000000                            
PL51   5017.485682 -10597.466765   3431.172177              
VL51 -32522.683051   1335.570350  51362.346202              
*  2025  5  2 15 48   0.00000000                            
PL51   4619.962965 -10561.716107   4041.791135              
VL51 -33704.580890   4624.876596  50380.719235              
*  2025  5  2 15 50   0.00000000                            
PL51   4209.219713 -10486.447748   4639.673714              
VL51 -34725.509836   7919.673524  49240.174855              
*  2025  5  2 15 52   0.00000000                            
PL51   3787.207519 -10371.674419   5222.934058              
VL51 -35582.266139  11206.848951  47944.325367              
*  2025  5  2 15 54   0.00000000                            
PL51   3355.911932 -10217.566404   5789.732755              
VL51 -36272.396111  14473.265992  46497.296881              
*  2025  5  2 15 56   0.00000000                            
PL51   2917.343399 -10024.451490   6338.282918              
VL51 -36794.204645  17705.820342  44903.714679              
*  2025  5  2 15 58   0.00000000                            
PL51   2473.528134  -9792.814236   6866.856076              
VL51 -37146.759979  20891.497446  43168.686641              
*  2025  5  2 16  0   0.00000000                            
PL51   2026.498943  -9523.294550   7373.787857              
VL51 -37329.894722  24017.429219  41297.784812              
*  2025  5  2 16  2   0.00000000                            
PL51   1578.286066  -9216.685602   7857.483438              
VL51 -37344.203138  27070.950051  39297.025219              
*  2025  5  2 16  4   0.00000000                            
PL51   1130.908074  -8873.931056   8316.422744              
VL51 -37191.034732  30039.651781  37172.846065              
*  2025  5  2 16  6   0.00000000                            
PL51    686.362858  -8496.121661   8749.165376              
VL51 -36872.484213  32911.437371  34932.084399              
*  2025  5  2 16  8   0.00000000                            
PL51    246.618771  -8084.491202   9154.355249              
VL51 -36391.377913  35674.573017  32581.951423              
*  2025  5  2 16 10   0.00000000                            
PL51   -186.394060  -7640.411839   9530.724930              
VL51 -35751.256762  38317.738436  30130.006539              
*  2025  5  2 16 12   0.00000000                            
PL51   -610.792184  -7165.388849   9877.099652              
VL51 -34956.355966  40830.075109  27584.130302              
*  2025  5  2 16 14   0.00000000                            
PL51  -1024.747022  -6661.054814  10192.401002              
VL51 -34011.581518  43201.232257  24952.496398              
*  2025  5  2 16 16   0.00000000                            
PL51  -1426.492764  -6129.163256  10475.650265              
VL51 -32922.483706  45421.410360  22243.542799              
*  2025  5  2 16 18   0.00000000                            
PL51  -1814.333921  -5571.581780  10725.971422              
VL51 -31695.227793  47481.402044  19465.942216              
*  2025  5  2 16 20   0.00000000                            
PL51  -2186.652518  -4990.284735  10942.593784              
VL51 -30336.562058  49372.630181  16628.572007              
*  2025  5  2 16 22   0.00000000                            
PL51  -2541.914889  -4387.345435  11124.854266              
VL51 -28853.783377  51087.183065  13740.483636              
*  2025  5  2 16 24   0.00000000                            
PL51  -2878.678039  -3764.927981  11272.199289              
VL51 -27254.700557  52617.846536  10810.871834              
*  2025  5  2 16 26   0.00000000                            
PL51  -3195.595555  -3125.278711  11384.186319              
VL51 -25547.595627  53958.132959   7849.043563              
*  2025  5  2 16 28   0.00000000                            
PL51  -3491.423051  -2470.717327  11460.485019              
VL51 -23741.183288  55102.306964   4864.386904              
*  2025  5  2 16 30   0.00000000                            
PL51  -3765.023098  -1803.627726  11500.878045              
VL51 -21844.568740  56045.407870   1866.339980              
*  2025  5  2 16 32   0.00000000                            
PL51  -4015.369658  -1126.448590  11505.261451              
VL51 -19867.204111  56783.268738  -1135.639979              
*  2025  5  2 16 34   0.00000000                            
PL51  -4241.551977   -441.663760  11473.644743              
VL51 -17818.843695  57312.532011  -4132.107314              
*  2025  5  2 16 36   0.00000000                            
PL51  -4442.777936    248.207549  11406.150552              
VL51 -15709.498217  57630.661726  -7113.658282              
*  2025  5  2 16 38   0.00000000                            
PL51  -4618.376853    940.620669  11303.013952              
VL51 -13549.388363  57735.952281 -10070.960943              
*  2025  5  2 16 40   0.00000000                            
PL51  -4767.801716   1633.015472  11164.581423              
VL51 -11348.897767  57627.533761 -12994.784528              
*  2025  5  2 16 42   0.00000000                            
PL51  -4890.630862   2322.826417  10991.309463              
VL51  -9118.525681  57305.373863 -15876.028199              
*  2025  5  2 16 44   0.00000000                            
PL51  -4986.569071   3007.492598  10783.762860              
VL51  -6868.839537  56770.276418 -18705.749116              
*  2025  5  2 16 46   0.00000000                            
PL51  -5055.448108   3684.467747  10542.612630              
VL51  -4610.427597  56023.876582 -21475.189762              
*  2025  5  2 16 48   0.00000000                            
PL51  -5097.226685   4351.230166  10268.633637              
VL51  -2353.851897  55068.632731 -24175.804435              
*  2025  5  2 16 50   0.00000000                            
PL51  -5111.989869   5005.292545   9962.701891              
VL51   -109.601685  53907.815114 -26799.284864              
*  2025  5  2 16 52   0.00000000                            
PL51  -5099.947929   5644.211614   9625.791555              
VL51   2111.952474  52545.491357 -29337.584875              
*  2025  5  2 16 54   0.00000000                            
PL51  -5061.434646   6265.597615   9258.971653              
VL51   4300.603716  50986.508880 -31782.944050              
*  2025  5  2 16 56   0.00000000                            
PL51  -4996.905078   6867.123534   8863.402506              
VL51   6446.352869  49236.474322 -34127.910335              
*  2025  5  2 16 58   0.00000000                            
PL51  -4906.932816   7446.534077   8440.331904              
VL51   8539.451217  47301.730079 -36365.361521              
*  2025  5  2 17  0   0.00000000                            
PL51  -4792.206721   8001.654345   7991.091019              
VL51  10570.441881  45189.328061 -38488.525575              
*  2025  5  2 17  2   0.00000000                            
PL51  -4653.527189   8530.398174   7517.090092              
VL51  12530.199669  42907.000797 -40490.999746              
*  2025  5  2 17  4   0.00000000                            
PL51  -4491.801933   9030.776118   7019.813891              
VL51  14409.969217  40463.130006 -42366.768421              
*  2025  5  2 17  6   0.00000000                            
PL51  -4308.041333   9500.903041   6500.816965              
VL51  16201.401302  37866.712786 -44110.219683              
*  2025  5  2 17  8   0.00000000                            
PL51  -4103.353347   9939.005282   5961.718707              
VL51  17896.587179  35127.325566 -45716.160541              
*  2025  5  2 17 10   0.00000000                            
PL51  -3878.938034  10343.427386   5404.198243              
VL51  19488.090824  32255.085973 -47179.830790              
*  2025  5  2 17 12   0.00000000                            
PL51  -3636.081697  10712.638357   4829.989159              
VL51  20968.978961  29260.612776 -48496.915489              
*  2025  5  2 17 14   0.00000000                            
PL51  -3376.150684  11045.237422   4240.874097              
VL51  22332.848780  26154.984079 -49663.556026              
*  2025  5  2 17 16   0.00000000                            
PL51  -3100.584863  11339.959285   3638.679212              
VL51  23573.853235  22949.693921 -50676.359753              
*  2025  5  2 17 18   0.00000000                            
PL51  -2810.890819  11595.678852   3025.268535              
VL51  24686.723844  19656.607478 -51532.408163              
*  2025  5  2 17 20   0.00000000                            
PL51  -2508.634785  11811.415408   2402.538239              
VL51  25666.790918  16287.915046 -52229.263621              
*  2025  5  2 17 22   0.00000000                            
PL51  -2195.435347  11986.336235   1772.410837              
VL51  26510.001150  12856.084991 -52764.974623              
*  2025  5  2 17 24   0.00000000                            
PL51  -1872.955957  12119.759669   1136.829324              
VL51  27212.932514   9373.815841 -53138.079578              
*  2025  5  2 17 26   0.00000000                            
PL51  -1542.897283  12211.157564    497.751280              
VL51  27772.806434   5853.987769 -53347.609146              
*  2025  5  2 17 28   0.00000000                            
PL51  -1206.989423  12260.157181   -142.857039              
VL51  28187.497202   2309.613603 -53393.087107              
*  2025  5  2 17 30   0.00000000                            
PL51   -866.984035  12266.542486   -783.026619              
VL51  28455.538625  -1246.210397 -53274.529813              
*  2025  5  2 17 32   0.00000000                            
PL51   -524.646393  12230.254855  -1420.791591              
VL51  28576.127906  -4800.353824 -52992.444224              
*  2025  5  2 17 34   0.00000000                            
PL51   -181.747415  12151.393185  -2054.195095              
VL51  28549.126774  -8339.701262 -52547.824581              
*  2025  5  2 17 36   0.00000000                            
PL51    159.944299  12030.213427  -2681.295104              
VL51  28375.059886 -11851.201113 -51942.147737              
*  2025  5  2 17 38   0.00000000                            
PL51    498.670404  11867.127525  -3300.170179              
VL51  28055.110538 -15321.913932 -51177.367209              
*  2025  5  2 17 40   0.00000000                            
PL51    832.690675  11662.701783  -3908.925148              
VL51  27591.113734 -18739.060106 -50255.905978              
*  2025  5  2 17 42   0.00000000                            
PL51   1160.290767  11417.654669  -4505.696690              
VL51  26985.546660 -22090.066722 -49180.648081              
*  2025  5  2 17 44   0.00000000                            
PL51   1479.789859  11132.854055  -5088.658813              
VL51  26241.516624 -25362.613483 -47954.929049              
*  2025  5  2 17 46   0.00000000                            
PL51   1789.548124  10809.313915  -5656.028206              
VL51  25362.746535 -28544.677514 -46582.525218              
*  2025  5  2 17 48   0.00000000                            
PL51   2087.974022  10448.190497  -6206.069460              
VL51  24353.557983 -31624.576927 -45067.641972              
*  2025  5  2 17 50   0.00000000                            
PL51   2373.531368  10050.777971  -6737.100142              
VL51  23218.852003 -34591.013021 -43414.900938              
*  2025  5  2 17 52   0.00000000                            
PL51   2644.746161   9618.503591  -7247.495709              
VL51  21964.087612 -37433.110967 -41629.326209              
*  2025  5  2 17 54   0.00000000                            
PL51   2900.213139   9152.922366  -7735.694247              
VL51  20595.258211 -40140.458879 -39716.329612              
*  2025  5  2 17 56   0.00000000                            
PL51   3138.602038   8655.711286  -8200.201034              
VL51  19118.865945 -42703.145154 -37681.695087              
*  2025  5  2 17 58   0.00000000                            
PL51   3358.663538   8128.663098  -8639.592903              
VL51  17541.894129 -45111.793967 -35531.562221              
*  2025  5  2 18  0   0.00000000                            
PL51   3559.234858   7573.679676  -9052.522415              
VL51  15871.777841 -47357.598856 -33272.408964              
*  2025  5  2 18  2   0.00000000                            
PL51   3739.244994   6992.764997  -9437.721801              
VL51  14116.372801 -49432.354275 -30911.033603              
*  2025  5  2 18  4   0.00000000                            
PL51   3897.719571   6388.017749  -9794.006705              
VL51  12283.922637 -51328.485050 -28454.536005              
*  2025  5  2 18  6   0.00000000                            
PL51   4033.785297   5761.623603 -10120.279680              
VL51  10383.024656 -53039.073685 -25910.298180              
*  2025  5  2 18  8   0.00000000                            
PL51   4146.673989   5115.847170 -10415.533454              
VL51   8422.594245 -54557.885422 -23285.964200              
*  2025  5  2 18 10   0.00000000                            
PL51   4235.726176   4453.023662 -10678.853957              
VL51   6411.827998 -55879.391000 -20589.419505              
*  2025  5  2 18 12   0.00000000                            
PL51   4300.394242   3775.550310 -10909.423084              
VL51   4360.165712 -56998.787076 -17828.769627              
*  2025  5  2 18 14   0.00000000                            
PL51   4340.245115   3085.877537 -11106.521207              
VL51   2277.251355 -57912.014223 -15012.318366              
*  2025  5  2 18 16   0.00000000                            
PL51   4354.962475   2386.499935 -11269.529424              
VL51    172.893133 -58615.772481 -12148.545438              
*  2025  5  2 18 18   0.00000000                            
PL51   4344.348482   1679.947074 -11397.931530              
VL51  -1942.977217 -59107.534400  -9246.083628              
*  2025  5  2 18 20   0.00000000                            
PL51   4308.325015    968.774165 -11491.315717              
VL51  -4060.345794 -59385.555539  -6313.695458              
*  2025  5  2 18 22   0.00000000                            
PL51   4246.934398    255.552611 -11549.375983              
VL51  -6169.158412 -59448.882371  -3360.249417              
*  2025  5  2 18 24   0.00000000                            
PL51   4160.339642   -457.139512 -11571.913268              
VL51  -8259.362885 -59297.357559   -394.695749              
*  2025  5  2 18 26   0.00000000                            
PL51   4048.824155  -1166.727036 -11558.836279              
VL51 -10320.951569 -58931.622561   2573.958163              
*  2025  5  2 18 28   0.00000000                            
PL51   3912.790957  -1870.647280 -11510.162031              
VL51 -12344.004025 -58353.117529   5536.672790              
*  2025  5  2 18 30   0.00000000                            
PL51   3752.761379  -2566.359628 -11426.016078              
VL51 -14318.729671 -57564.078455   8484.401809              
*  2025  5  2 18 32   0.00000000                            
PL51   3569.373244  -3251.355040 -11306.632446              
VL51 -16235.510271 -56567.531551  11408.117780              
*  2025  5  2 18 34   0.00000000                            
PL51   3363.378552  -3923.165495 -11152.353243              
VL51 -18084.942113 -55367.284802  14298.838107              
*  2025  5  2 18 36   0.00000000                            
PL51   3135.640649  -4579.373301 -10963.627971              
VL51 -19857.877723 -53967.916693  17147.651253              
*  2025  5  2 18 38   0.00000000                            
PL51   2887.130908  -5217.620263 -10741.012512              
VL51 -21545.466949 -52374.762061  19945.743153              
*  2025  5  2 18 40   0.00000000                            
PL51   2618.924918  -5835.616657 -10485.167798              
VL51 -23139.197261 -50593.895080  22684.423773              
*  2025  5  2 18 42   0.00000000                            
PL51   2332.198197  -6431.149988 -10196.858164              
VL51 -24630.933072 -48632.109349  25355.153757              
*  2025  5  2 18 44   0.00000000                            
PL51   2028.221435  -7002.093488  -9876.949381              
VL51 -26012.953937 -46496.895103  27949.571087              
*  2025  5  2 18 46   0.00000000                            
PL51   1708.355292  -7546.414326  -9526.406366              
VL51 -27277.991424 -44196.413553  30459.517693              
*  2025  5  2 18 48   0.00000000                            
PL51   1374.044759  -8062.181487  -9146.290578              
VL51 -28419.264481 -41739.468370  32877.065914              
*  2025  5  2 18 50   0.00000000                            
PL51   1026.813107  -8547.573304  -8737.757093              
VL51 -29430.513131 -39135.474373  35194.544740              
*  2025  5  2 18 52   0.00000000                            
PL51    668.255439  -9000.884581  -8302.051369              
VL51 -30306.030278 -36394.423443  37404.565719              
*  2025  5  2 18 54   0.00000000                            
PL51    300.031877  -9420.533309  -7840.505704              
VL51 -31040.691474 -33526.847752  39500.048429              
*  2025  5  2 18 56   0.00000000                            
PL51    -76.139598  -9805.066907  -7354.535388              
VL51 -31629.982426 -30543.780385  41474.245402              
*  2025  5  2 18 58   0.00000000                            
PL51   -458.490623 -10153.167992  -6845.634560              
VL51 -32070.024096 -27456.713459  43320.766377              
*  2025  5  2 19  0   0.00000000                            
PL51   -845.210211 -10463.659617  -6315.371781              
VL51 -32357.595197 -24277.553873  45033.601757              
*  2025  5  2 19  2   0.00000000                            
PL51  -1234.452765 -10735.509978  -5765.385331              
VL51 -32490.151932 -21018.576824  46607.145143              
*  2025  5  2 19  4   0.00000000                            
PL51  -1624.346314 -10967.836540  -5197.378240              
VL51 -32465.844814 -17692.377265  48036.214822              
*  2025  5  2 19  6   0.00000000                            
PL51  -2013.000929 -11159.909575  -4613.113067              
VL51 -32283.532417 -14311.819479  49316.074063              
*  2025  5  2 19  8   0.00000000                            
PL51  -2398.517288 -11311.155083  -4014.406447              
VL51 -31942.791944 -10889.984993  50442.450109              
*  2025  5  2 19 10   0.00000000                            
PL51  -2778.995343 -11421.157078  -3403.123416              
VL51 -31443.926475  -7440.119033  51411.551722              
*  2025  5  2 19 12   0.00000000                            
PL51  -3152.543061 -11489.659227  -2781.171534              
VL51 -30787.968811  -3975.575778  52220.085166              
*  2025  5  2 19 14   0.00000000                            
PL51  -3517.285184 -11516.565820  -2150.494829              
VL51 -29976.681826   -509.762678  52865.268508              
*  2025  5  2 19 16   0.00000000                            
PL51  -3871.371973 -11501.942079  -1513.067578              
VL51 -29012.555283   2943.915907  53344.844116              
*  2025  5  2 19 18   0.00000000                            
PL51  -4212.987899 -11446.013772   -870.887950              
VL51 -27898.799058   6372.115445  53657.089271              
*  2025  5  2 19 20   0.00000000                            
PL51  -4540.360219 -11349.166160   -225.971533              
VL51 -26639.332783   9761.608048  53800.824776              
*  2025  5  2 19 22   0.00000000                            
PL51  -4851.767418 -11211.942255    419.655230              
VL51 -25238.771903  13099.339064  53775.421505              
*  2025  5  2 19 24   0.00000000                            
PL51  -5145.547454 -11035.040407   1063.961670              
VL51 -23702.410206  16372.483129  53580.804814              
*  2025  5  2 19 26   0.00000000                            
PL51  -5420.105779 -10819.311215   1704.919561              
VL51 -22036.198866  19568.499366  53217.456763              
*  2025  5  2 19 28   0.00000000                            
PL51  -5673.923083 -10565.753794   2340.509803              
VL51 -20246.722124  22675.185414  52686.416125              
*  2025  5  2 19 30   0.00000000                            
PL51  -5905.562729 -10275.511388   2968.729092              
VL51 -18341.169683  25680.729988  51989.276148              
*  2025  5  2 19 32   0.00000000                            
PL51  -6113.677836  -9949.866380   3587.596549              
VL51 -16327.305993  28573.763663  51128.180083              
*  2025  5  2 19 34   0.00000000                            
PL51  -6297.017979  -9590.234688   4195.160280              
VL51 -14213.436558  31343.407596  50105.814488              
*  2025  5  2 19 36   0.00000000                            
PL51  -6454.435464  -9198.159598   4789.503847              
VL51 -12008.371465  33979.319922  48925.400338              
*  2025  5  2 19 38   0.00000000                            
PL51  -6584.891152  -8775.305059   5368.752617              
VL51  -9721.386323  36471.739555  47590.681986              
*  2025  5  2 19 40   0.00000000                            
PL51  -6687.459798  -8323.448460   5931.079965              
VL51  -7362.180834  38811.527173  46105.914046              
*  2025  5  2 19 42   0.00000000                            
PL51  -6761.334881  -7844.472941   6474.713305              
VL51  -4940.835221  40990.203148  44475.846258              
*  2025  5  2 19 44   0.00000000                            
PL51  -6805.832899  -7340.359264   6997.939939              
VL51  -2467.764755  42999.982257  42705.706427              
*  2025  5  2 19 46   0.00000000                            
PL51  -6820.397109  -6813.177287   7499.112674              
VL51     46.327354  44833.804977  40801.181539              
*  2025  5  2 19 48   0.00000000                            
PL51  -6804.600693  -6265.077092   7976.655215              
VL51   2590.498462  46485.365226  38768.397161              
*  2025  5  2 19 50   0.00000000                            
PL51  -6758.149332  -5698.279786   8429.067296              
VL51   5153.616108  47949.134443  36613.895238              
*  2025  5  2 19 52   0.00000000                            
PL51  -6680.883186  -5115.068054   8854.929532              
VL51   7724.408486  49220.381895  34344.610419              
*  2025  5  2 19 54   0.00000000                            
PL51  -6572.778255  -4517.776477   9252.907990              
VL51  10291.515499  50295.191166  31967.845041              
*  2025  5  2 19 56   0.00000000                            
PL51  -6433.947135  -3908.781682   9621.758435              
VL51  12843.540135  51170.472768  29491.242901              
*  2025  5  2 19 58   0.00000000                            
PL51  -6264.639149  -3290.492362   9960.330276              
VL51  15369.099903  51843.972874  26922.761955              
*  2025  5  2 20  0   0.00000000                            
PL51  -6065.239868  -2665.339217  10267.570158              
VL51  17856.878067  52314.278164  24270.646071              
*  2025  5  2 20  2   0.00000000                            
PL51  -5836.270013  -2035.764857  10542.525224              
VL51  20295.674436  52580.816821  21543.395984              
*  2025  5  2 20  4   0.00000000                            
PL51  -5578.383759  -1404.213716  10784.346018              
VL51  22674.455457  52643.855722  18749.739586              
*  2025  5  2 20  6   0.00000000                            
PL51  -5292.366436   -773.122025  10992.289033              
VL51  24982.403389  52504.493893  15898.601678              
*  2025  5  2 20  8   0.00000000                            
PL51  -4979.131654   -144.907882  11165.718886              
VL51  27208.964330  52164.652327  12999.073331              
*  2025  5  2 20 10   0.00000000                            
PL51  -4639.717848    478.038531  11304.110129              
VL51  29343.894889  51627.060255  10060.380966              
*  2025  5  2 20 12   0.00000000                            
PL51  -4275.284288   1093.364548  11407.048691              
VL51  31377.307311  50895.238015   7091.855289              
*  2025  5  2 20 14   0.00000000                            
PL51  -3887.106545   1698.764394  11474.232937              
VL51  33299.712861  49973.476628   4102.900169              
*  2025  5  2 20 16   0.00000000                            
PL51  -3476.571450   2291.988294  11505.474364              
VL51  35102.063309  48866.814239   1102.961600              
*  2025  5  2 20 18   0.00000000                            
PL51  -3045.171574   2870.851281  11500.697917              
VL51  36775.790334  47581.009568  -1898.503186              
*  2025  5  2 20 20   0.00000000                            
PL51  -2594.499239   3433.241673  11459.941943              
VL51  38312.842707  46122.512530  -4892.056322              
*  2025  5  2 20 22   0.00000000                            
PL51  -2126.240108   3977.129172  11383.357776              
VL51  39705.721114  44498.432200  -7868.309549              
*  2025  5  2 20 24   0.00000000                            
PL51  -1642.166356   4500.572575  11271.208964              
VL51  40947.510486  42716.502286 -10817.953993              
*  2025  5  2 20 26   0.00000000                            
PL51  -1144.129488   5001.727048  11123.870135              
VL51  42031.909737  40785.044316 -13731.789395              
*  2025  5  2 20 28   0.00000000                            
PL51   -634.052798   5478.850946  10941.825527              
VL51  42953.258787  38712.928708 -16600.752711              
*  2025  5  2 20 30   0.00000000                            
PL51   -113.923534   5930.312164  10725.667173              
VL51  43706.562811  36509.533930 -19415.945999              
*  2025  5  2 20 32   0.00000000                            
PL51    414.215217   6354.593969  10476.092753              
VL51  44287.513627  34184.703942 -22168.663531              
*  2025  5  2 20 34   0.00000000                            
PL51    948.272885   6750.300334  10193.903129              
VL51  44692.508153  31748.704111 -24850.418057              
*  2025  5  2 20 36   0.00000000                            
PL51   1486.119973   7116.160715   9879.999576              
VL51  44918.663895  29212.175815 -27452.966165              
*  2025  5  2 20 38   0.00000000                            
PL51   2025.596780   7451.034290   9535.380701              
VL51  44963.831421  26586.089911 -29968.332676              
*  2025  5  2 20 40   0.00000000                            
PL51   2564.522259   7753.913627   9161.139088              
VL51  44826.603784  23881.699285 -32388.834017              
*  2025  5  2 20 42   0.00000000                            
PL51   3100.702969   8023.927780   8758.457662              
VL51  44506.322882  21110.490672 -34707.100532              
*  2025  5  2 20 44   0.00000000                            
PL51   3631.942083   8260.344805   8328.605793              
VL51  44003.082741  18284.135947 -36916.097657              
*  2025  5  2 20 46   0.00000000                            
PL51   4156.048415   8462.573682   7872.935155              
VL51  43317.729725  15414.443087 -39009.145934              
*  2025  5  2 20 48   0.00000000                            
PL51   4670.845439   8630.165664   7392.875351              
VL51  42451.859685  12513.306994 -40979.939813              
*  2025  5  2 20 50   0.00000000                            
PL51   5174.180249   8762.815013   6889.929318              
VL51  41407.812072   9592.660382 -42822.565178              
*  2025  5  2 20 52   0.00000000                            
PL51   5663.932429   8860.359168   6365.668533              
VL51  40188.661060   6664.424921 -44531.515581              
*  2025  5  2 20 54   0.00000000                            
PL51   6138.022803   8922.778321   5821.728027              
VL51  38798.203711   3740.462833 -46101.707132              
*  2025  5  2 20 56   0.00000000                            
PL51   6594.422029   8950.194412   5259.801237              
VL51  37240.945266    832.529122 -47528.492009              
*  2025  5  2 20 58   0.00000000                            
PL51   7031.158987   8942.869565   4681.634693              
VL51  35522.081625  -2047.775353 -48807.670567              
*  2025  5  2 21  0   0.00000000                            
PL51   7446.328953   8901.203958   4089.022581              
VL51  33647.479112  -4889.049798 -49935.502018              
*  2025  5  2 21  2   0.00000000                            
PL51   7838.101509   8825.733153   3483.801175              
VL51  31623.651607  -7680.138221 -50908.713677              
*  2025  5  2 21  4   0.00000000                            
PL51   8204.728162   8717.124901   2867.843170              
VL51  29457.735180 -10410.172801 -51724.508748              
*  2025  5  2 21  6   0.00000000                            
PL51   8544.549648   8576.175423   2243.051941              
VL51  27157.460308 -13068.615750 -52380.572654              
*  2025  5  2 21  8   0.00000000                            
PL51   8856.002887   8403.805214   1611.355713              
VL51  24731.121838 -15645.299496 -52875.077916              
*  2025  5  2 21 10   0.00000000                            
PL51   9137.627562   8201.054367    974.701704              
VL51  22187.546791 -18130.465062 -53206.687560              
*  2025  5  2 21 12   0.00000000                            
PL51   9388.072304   7969.077445    335.050223              
VL51  19536.060168 -20514.798495 -53374.557087              
*  2025  5  2 21 14   0.00000000                            
PL51   9606.100452   7709.137938   -305.631249              
VL51  16786.448922 -22789.465211 -53378.335006              
*  2025  5  2 21 16   0.00000000                            
PL51   9790.595372   7422.602311   -945.373963              
VL51  13948.924207 -24946.142169 -53218.161955              
*  2025  5  2 21 18   0.00000000                            
PL51   9940.565316   7110.933687  -1582.213804              
VL51  11034.082111 -26977.047737 -52894.668432              
*  2025  5  2 21 20   0.00000000                            
PL51  10055.147793   6775.685180  -2214.197142              
VL51   8052.862993 -28874.969197 -52408.971171              
*  2025  5  2 21 22   0.00000000                            
PL51  10133.613454   6418.492919  -2839.386641              
VL51   5016.509615 -30633.287782 -51762.668195              
*  2025  5  2 21 24   0.00000000                            
PL51  10175.369463   6041.068778  -3455.867000              
VL51   1936.524211 -32246.001192 -50957.832574              
*  2025  5  2 21 26   0.00000000                            
PL51  10179.962351   5645.192861  -4061.750609              
VL51  -1175.375325 -33707.743535 -49997.004945              
*  2025  5  2 21 28   0.00000000                            
PL51  10147.080333   5232.705754  -4655.183104              
VL51  -4307.299988 -35013.802641 -48883.184813              
*  2025  5  2 21 30   0.00000000                            
PL51  10076.555094   4805.500595  -5234.348825              
VL51  -7447.234765 -36160.134719 -47619.820693              
*  2025  5  2 21 32   0.00000000                            
PL51   9968.363028   4365.514974  -5797.476129              
VL51 -10583.084147 -37143.376338 -46210.799126              
*  2025  5  2 21 34   0.00000000                            
PL51   9822.625930   3914.722712  -6342.842583              
VL51 -13702.717881 -37960.853700 -44660.432619              
*  2025  5  2 21 36   0.00000000                            
PL51   9639.611137   3455.125544  -6868.779994              
VL51 -16794.016807 -38610.589223 -42973.446561              
*  2025  5  2 21 38   0.00000000                            
PL51   9419.731120   2988.744740  -7373.679282              
VL51 -19844.918621 -39091.305420 -41154.965162              
*  2025  5  2 21 40   0.00000000                            
PL51   9163.542528   2517.612688  -7855.995173              
VL51 -22843.463416 -39402.426109 -39210.496455              
*  2025  5  2 21 42   0.00000000                            
PL51   8871.744690   2043.764492  -8314.250717              
VL51 -25777.838863 -39544.074960 -37145.916439              
*  2025  5  2 21 44   0.00000000                            
PL51   8545.177573   1569.229590  -8747.041600              
VL51 -28636.424875 -39517.071427 -34967.452380              
*  2025  5  2 21 46   0.00000000                            
PL51   8184.819211   1096.023443  -9153.040252              
VL51 -31407.837655 -39322.924116 -32681.665330              
*  2025  5  2 21 48   0.00000000                            
PL51   7791.782610    626.139320  -9530.999754              
VL51 -34080.972951 -38963.821599 -30295.431914              
*  2025  5  2 21 50   0.00000000                            
PL51   7367.312135    161.540204  -9879.757500              
VL51 -36645.048439 -38442.620769 -27815.925403              
*  2025  5  2 21 52   0.00000000                            
PL51   6912.779403   -295.849145 -10198.238648              
VL51 -39089.645097 -37762.832769 -25250.596132              
*  2025  5  2 21 54   0.00000000                            
PL51   6429.678675   -744.149947 -10485.459323              
VL51 -41404.747444 -36928.606553 -22607.151273              
*  2025  5  2 21 56   0.00000000                            
PL51   5919.621783  -1181.536943 -10740.529570              
VL51 -43580.782541 -35944.710157 -19893.534014              
*  2025  5  2 21 58   0.00000000                            
PL51   5384.332588  -1606.245699 -10962.656063              
VL51 -45608.657646 -34816.509731 -17117.902164              
*  2025  5  2 22  0   0.00000000                            
PL51   4825.641003  -2016.579651 -11151.144550              
VL51 -47479.796390 -33549.946419 -14288.606209              
*  2025  5  2 22  2   0.00000000                            
PL51   4245.476584  -2410.916855 -11305.402026              
VL51 -49186.173401 -32151.511145 -11414.166853              
*  2025  5  2 22  4   0.00000000                            
PL51   3645.861720  -2787.716419 -11424.938642              
VL51 -50720.347235 -30628.217389  -8503.252056              
*  2025  5  2 22  6   0.00000000                            
PL51   3028.904438  -3145.524604 -11509.369332              
VL51 -52075.491532 -28987.572038  -5564.653594              
*  2025  5  2 22  8   0.00000000                            
PL51   2396.790843  -3482.980561 -11558.415155              
VL51 -53245.424264 -27237.544380  -2607.263168              
*  2025  5  2 22 10   0.00000000                            
PL51   1751.777221  -3798.821682 -11571.904346              
VL51 -54224.634998 -25386.533334    359.951921              
*  2025  5  2 22 12   0.00000000                            
PL51   1096.181826  -4091.888555 -11549.773082              
VL51 -55008.310025 -23443.333014   3327.973505              
*  2025  5  2 22 14   0.00000000                            
PL51    432.376382  -4361.129487 -11492.065934              
VL51 -55592.355276 -21417.096701   6287.757658              
*  2025  5  2 22 16   0.00000000                            
PL51   -237.222681  -4605.604593 -11398.936029              
VL51 -55973.416904 -19317.299338   9230.260150              
*  2025  5  2 22 18   0.00000000                            
PL51   -910.163220  -4824.489424 -11270.644899              
VL51 -56148.899420 -17153.698658  12146.462215              
*  2025  5  2 22 20   0.00000000                            
PL51  -1583.966575  -5017.078121 -11107.562016              
VL51 -56116.981281 -14936.295033  15027.396586              
*  2025  5  2 22 22   0.00000000                            
PL51  -2256.136938  -5182.786078 -10910.164022              
VL51 -55876.627833 -12675.290193  17864.173762              
*  2025  5  2 22 24   0.00000000                            
PL51  -2924.170859  -5321.152107 -10679.033631              
VL51 -55427.601485 -10381.044910  20648.008456              
*  2025  5  2 22 26   0.00000000                            
PL51  -3585.566856  -5431.840089 -10414.858225              
VL51 -54770.469042  -8064.035804  23370.246172              
*  2025  5  2 22 28   0.00000000                            
PL51  -4237.835100  -5514.640099 -10118.428119              
VL51 -53906.606063  -5734.811386  26022.389858              
*  2025  5  2 22 30   0.00000000                            
PL51  -4878.507128  -5569.469005  -9790.634519              
VL51 -52838.198175  -3403.947506  28596.126556              
*  2025  5  2 22 32   0.00000000                            
PL51  -5505.145559  -5596.370521  -9432.467145              
VL51 -51568.239247  -1082.002343  31083.353982              
*  2025  5  2 22 34   0.00000000                            
PL51  -6115.353761  -5595.514729  -9045.011550              
VL51 -50100.526338   1220.528869  33476.206941              
*  2025  5  2 22 36   0.00000000                            
PL51  -6706.785450  -5567.197050  -8629.446116              
VL51 -48439.651349   3493.259237  35767.083494              
*  2025  5  2 22 38   0.00000000                            
PL51  -7277.154155  -5511.836669  -8187.038737              
VL51 -46590.989339   5725.955507  37948.670762              
*  2025  5  2 22 40   0.00000000                            
PL51  -7824.242530  -5429.974423  -7719.143205              
VL51 -44560.683448   7908.583089  40013.970271              
*  2025  5  2 22 42   0.00000000                            
PL51  -8345.911467  -5322.270151  -7227.195278              
VL51 -42355.626400  10031.350607  41956.322715              
*  2025  5  2 22 44   0.00000000                            
PL51  -8840.108957  -5189.499508  -6712.708474              
VL51 -39983.438604  12084.753748  43769.432017              
*  2025  5  2 22 46   0.00000000                            
PL51  -9304.878680  -5032.550263  -6177.269565              
VL51 -37452.442830  14059.618214  45447.388571              
*  2025  5  2 22 48   0.00000000                            
PL51  -9738.368262  -4852.418089  -5622.533809              
VL51 -34771.635523  15947.141546  46984.691529              
*  2025  5  2 22 50   0.00000000                            
PL51 -10138.837166  -4650.201850  -5050.219914              
VL51 -31950.654802  17738.933600  48376.270003              
*  2025  5  2 22 52   0.00000000                            
PL51 -10504.664192  -4427.098427  -4462.104761              
VL51 -28999.745215  19427.055449  49617.503054              
*  2025  5  2 22 54   0.00000000                            
PL51 -10834.354522  -4184.397071  -3860.017884              
VL51 -25929.719369  21004.056496  50704.238342              
*  2025  5  2 22 56   0.00000000                            
PL51 -11126.546290  -3923.473335  -3245.835751              
VL51 -22751.916557  22463.009569  51632.809296              
*  2025  5  2 22 58   0.00000000                            
PL51 -11380.016645  -3645.782594  -2621.475834              
VL51 -19478.158533  23797.543783  52400.050697              
*  2025  5  2 23  0   0.00000000                            
PL51 -11593.687256  -3352.853178  -1988.890509              
VL51 -16120.702618  25001.874971  53003.312542              
*  2025  5  2 23  2   0.00000000                            
PL51 -11766.629248  -3046.279170  -1350.060800              
VL51 -12692.192340  26070.833472  53440.472083              
*  2025  5  2 23  4   0.00000000                            
PL51 -11898.067531  -2727.712874   -706.989988              
VL51  -9205.605842  26999.889107  53709.943945              
*  2025  5  2 23  6   0.00000000                            
PL51 -11987.384491  -2398.857008    -61.697114              
VL51  -5674.202292  27785.173151  53810.688226              
*  2025  5  2 23  8   0.00000000                            
PL51 -12034.123035  -2061.456651    583.789606              
VL51  -2111.466586  28423.497165  53742.216504              
*  2025  5  2 23 10   0.00000000                            
PL51 -12037.988960  -1717.290981   1227.439426              
VL51   1468.947383  28912.368545  53504.595702              
*  2025  5  2 23 12   0.00000000                            
PL51 -11998.852636  -1368.164851   1867.225743              
VL51   5053.274578  29250.002677  53098.449748              
*  2025  5  2 23 14   0.00000000                            
PL51 -11916.749986  -1015.900235   2501.132782              
VL51   8627.697497  29435.331606  52524.959009              
*  2025  5  2 23 16   0.00000000                            
PL51 -11791.882762   -662.327595   3127.162258              
VL51  12178.405333  29468.009156  51785.857491              
*  2025  5  2 23 18   0.00000000                            
PL51 -11624.618110   -309.277210   3743.339992              
VL51  15691.653313  29348.412448  50883.427790              
*  2025  5  2 23 20   0.00000000                            
PL51 -11415.487420     41.429502   4347.722452              
VL51  19153.821867  29077.639806  49820.493832              
*  2025  5  2 23 22   0.00000000                            
PL51 -11165.184472    387.988601   4938.403196              
VL51  22551.475318  28657.505052  48600.411418              
*  2025  5  2 23 24   0.00000000                            
PL51 -10874.562882    728.622161   5513.519184              
VL51  25871.419744  28090.528227  47227.056631              
*  2025  5  2 23 26   0.00000000                            
PL51 -10544.632856   1061.586671   6071.256945              
VL51  29100.759720  27379.922777  45704.812182              
*  2025  5  2 23 28   0.00000000                            
PL51 -10176.557280   1385.181264   6609.858563              
VL51  32226.953614  26529.579315  44038.551761              
*  2025  5  2 23 30   0.00000000                            
PL51  -9771.647144   1697.755727   7127.627465              
VL51  35237.867159  25544.046025  42233.622491              
*  2025  5  2 23 32   0.00000000                            
PL51  -9331.356349   1997.718256   7622.933988              
VL51  38121.825022  24428.505860  40295.825588              
*  2025  5  2 23 34   0.00000000                            
PL51  -8857.275899   2283.542926   8094.220704              
VL51  40867.660120  23188.750667  38231.395348              
*  2025  5  2 23 36   0.00000000                            
PL51  -8351.127515   2553.776822   8540.007483              
VL51  43464.760434  21831.152381  36046.976557              
*  2025  5  2 23 38   0.00000000                            
PL51  -7814.756714   2807.046819   8958.896276              
VL51  45903.113117  20362.631500  33749.600471              
*  2025  5  2 23 40   0.00000000                            
PL51  -7250.125360   3042.065959   9349.575602              
VL51  48173.345686  18790.622986  31346.659464              
*  2025  5  2 23 42   0.00000000                            
PL51  -6659.303757   3257.639408   9710.824721              
VL51  50266.764134  17123.039820  28845.880511              
*  2025  5  2 23 44   0.00000000                            
PL51  -6044.462287   3452.669967  10041.517491              
VL51  52175.387786  15368.234416  26255.297605              
*  2025  5  2 23 46   0.00000000                            
PL51  -5407.862664   3626.163097  10340.625874              
VL51  53891.980772  13534.958100  23583.223266              
*  2025  5  2 23 48   0.00000000                            
PL51  -4751.848818   3777.231462  10607.223111              
VL51  55410.080009  11632.318902  20838.219275              
*  2025  5  2 23 50   0.00000000                            
PL51  -4078.837478   3905.098941  10840.486526              
VL51  56724.019591   9669.737872  18029.066785              
*  2025  5  2 23 52   0.00000000                            
PL51  -3391.308476   4009.104123  11039.699986              
VL51  57828.951523   7656.904174  15164.735921              
*  2025  5  2 23 54   0.00000000                            
PL51  -2691.794824   4088.703246  11204.255978              
VL51  58720.862776   5603.729181  12254.355047              
*  2025  5  2 23 56   0.00000000                            
PL51  -1982.872612   4143.472582  11333.657323              
VL51  59396.588624   3520.299814   9307.179783              
*  2025  5  2 23 58   0.00000000                            
PL51  -1267.150767   4173.110267  11427.518519              
VL51  59853.822280   1416.831352   6332.561925              
*  2025  5  3  0  0   0.00000000                            
PL51   -547.260778   4177.437543  11485.566706              
VL51  60091.120855   -696.379219   3339.918372              
*  2025  5  3  0  2   0.00000000                            
PL51    174.153979   4156.399486  11507.642264              
VL51  60107.907608  -2809.004908    338.700155              
*  2025  5  3  0  4   0.00000000                            
PL51    894.448063   4110.065040  11493.699035              
VL51  59904.470727  -4910.728028  -2661.638325              
*  2025  5  3  0  6   0.00000000                            
PL51   1610.984875   4038.626643  11443.804182              
VL51  59481.958384  -6991.295273  -5651.669755              
*  2025  5  3  0  8   0.00000000                            
PL51   2321.146663   3942.399174  11358.137682              
VL51  58842.370432  -9040.560331  -8622.023982              
*  2025  5  3  0 10   0.00000000                            
PL51   3022.344725   3821.818393  11236.991464              
VL51  57988.546663 -11048.530447 -11563.417611              
*  2025  5  3  0 12   0.00000000                            
PL51   3712.029404   3677.438825  11080.768191              
VL51  56924.151741 -13005.411275 -14466.683043              
*  2025  5  3  0 14   0.00000000                            
PL51   4387.699875   3509.931118  10889.979699              
VL51  55653.656937 -14901.650602 -17322.796884              
*  2025  5  3  0 16   0.00000000                            
PL51   5046.913708   3320.078883  10665.245102              
VL51  54182.318749 -16727.980781 -20122.907637              
*  2025  5  3  0 18   0.00000000                            
PL51   5687.296136   3108.775026  10407.288565              
VL51  52516.154537 -18475.459681 -22858.362621              
*  2025  5  3  0 20   0.00000000                            
PL51   6306.549034   2877.017610  10116.936763              
VL51  50661.915310 -20135.510014 -25520.734033              
*  2025  5  3  0 22   0.00000000                            
PL51   6902.459544   2625.905250   9795.116025              
VL51  48627.055771 -21699.956875 -28101.844105              
*  2025  5  3  0 24   0.00000000                            
PL51   7472.908321   2356.632062   9442.849198              
VL51  46419.701805 -23161.063350 -30593.789279              
*  2025  5  3  0 26   0.00000000                            
PL51   8015.877388   2070.482212   9061.252203              
VL51  44048.615519 -24511.564070 -32988.963358              
*  2025  5  3  0 28   0.00000000                            
PL51   8529.457544   1768.824061   8651.530347              
VL51  41523.158019 -25744.696568 -35280.079563              
*  2025  5  3  0 30   0.00000000                            
PL51   9011.855319   1453.103957   8214.974351              
VL51  38853.250078 -26854.230332 -37460.191451              
*  2025  5  3  0 32   0.00000000                            
PL51   9461.399447   1124.839687   7752.956156              
VL51  36049.330862 -27834.493455 -39522.712635              
*  2025  5  3  0 34   0.00000000                            
PL51   9876.546824    785.613628   7266.924485              
VL51  33122.314907 -28680.396771 -41461.435272              
*  2025  5  3  0 36   0.00000000                            
PL51  10255.887955    437.065621   6758.400197              
VL51  30083.547513 -29387.455412 -43270.547261              
*  2025  5  3  0 38   0.00000000                            
PL51  10598.151841     80.885604   6228.971442              
VL51  26944.758762 -29951.807701 -44944.648126              
*  2025  5  3  0 40   0.00000000                            
PL51  10902.210319   -281.193967   5680.288631              
VL51  23718.016332 -30370.231321 -46478.763551              
*  2025  5  3  0 42   0.00000000                            
PL51  11167.081821   -647.405871   5114.059247              
VL51  20415.677319 -30640.156728 -47868.358523              
*  2025  5  3  0 44   0.00000000                            
PL51  11391.934558  -1015.956026   4532.042494              
VL51  17050.339251 -30759.677741 -49109.349078              
*  2025  5  3  0 46   0.00000000                            
PL51  11576.089106  -1385.031493   3936.043827              
VL51  13634.790495 -30727.559317 -50198.112620              
*  2025  5  3  0 48   0.00000000                            
PL51  11719.020396  -1752.808568   3327.909359              
VL51  10181.960262 -30543.242472 -51131.496798              
*  2025  5  3  0 50   0.00000000                            
PL51  11820.359104  -2117.460907   2709.520171              
VL51   6704.868390 -30206.846360 -51906.826930              
*  2025  5  3  0 52   0.00000000                            
PL51  11879.892436  -2477.167662   2082.786544              
VL51   3216.575126 -29719.167520 -52521.911972              
*  2025  5  3  0 54   0.00000000                            
PL51  11897.564314  -2830.121591   1449.642126              
VL51   -269.868909 -29081.676305 -52975.049026              
*  2025  5  3  0 56   0.00000000                            
PL51  11873.474960  -3174.537108    812.038057              
VL51  -3741.472400 -28296.510541 -53265.026387              
*  2025  5  3  0 58   0.00000000                            
PL51  11807.879892  -3508.658245    171.937059              
VL51  -7185.352424 -27366.466441 -53391.125151              
*  2025  5  3  1  0   0.00000000                            
PL51  11701.188328  -3830.766476   -468.692478              
VL51 -10588.782808 -26294.986857 -53353.119383              
*  2025  5  3  1  2   0.00000000                            
PL51  11553.961024  -4139.188405  -1107.882402              
VL51 -13939.241540 -25086.146920 -53151.274876              
*  2025  5  3  1  4   0.00000000                            
PL51  11366.907543  -4432.303242  -1743.670690              
VL51 -17224.457085 -23744.637145 -52786.346527              
*  2025  5  3  1  6   0.00000000                            
PL51  11140.882975  -4708.550085  -2374.107294              
VL51 -20432.453438 -22275.744104 -52259.574357              
*  2025  5  3  1  8   0.00000000                            
PL51  10876.884133  -4966.434935  -2997.259931              
VL51 -23551.593749 -20685.328749 -51572.678209              
*  2025  5  3  1 10   0.00000000                            
PL51  10576.045225  -5204.537458  -3611.219801              
VL51 -26570.622386 -18979.802487 -50727.851171              
*  2025  5  3  1 12   0.00000000                            
PL51  10239.633037  -5421.517425  -4214.107224              
VL51 -29478.705301 -17166.101125 -49727.751759              
*  2025  5  3  1 14   0.00000000                            
PL51   9869.041639  -5616.120846  -4804.077169              
VL51 -32265.468574 -15251.656793 -48575.494906              
*  2025  5  3  1 16   0.00000000                            
PL51   9465.786645  -5787.185747  -5379.324673              
VL51 -34921.035011 -13244.367969 -47274.641804              
*  2025  5  3  1 18   0.00000000                            
PL51   9031.499040  -5933.647572  -5938.090130              
VL51 -37436.058713 -11152.567710 -45829.188642              
*  2025  5  3  1 20   0.00000000                            
PL51   8567.918610  -6054.544208  -6478.664435              
VL51 -39801.757501  -8984.990251 -44243.554291              
*  2025  5  3  1 22   0.00000000                            
PL51   8076.886990  -6149.020580  -6999.393982              
VL51 -42009.943127  -6750.736060 -42522.566981              
*  2025  5  3  1 24   0.00000000                            
PL51   7560.340373  -6216.332841  -7498.685487              
VL51 -44053.049183  -4459.235508 -40671.450012              
*  2025  5  3  1 26   0.00000000                            
PL51   7020.301887  -6255.852096  -7975.010641              
VL51 -45924.156649  -2120.211279 -38695.806565              
*  2025  5  3  1 28   0.00000000                            
PL51   6458.873687  -6267.067685  -8426.910573              
VL51 -47617.017026    256.360353 -36601.603635              
*  2025  5  3  1 30   0.00000000                            
PL51   5878.228784  -6249.589986  -8853.000114              
VL51 -49126.073004   2660.289237 -34395.155152              
*  2025  5  3  1 32   0.00000000                            
PL51   5280.602634  -6203.152741  -9251.971857              
VL51 -50446.476627   5081.211930 -32083.104322              
*  2025  5  3  1 34   0.00000000                            
PL51   4668.284537  -6127.614885  -9622.599997              
VL51 -51574.104904   7508.632995 -29672.405237              
*  2025  5  3  1 36   0.00000000                            
PL51   4043.608850  -6022.961881  -9963.743948              
VL51 -52505.572891   9931.966913 -27170.303778              
*  2025  5  3  1 38   0.00000000                            
PL51   3408.946067  -5889.306549 -10274.351726              
VL51 -53238.244163  12340.580461 -24584.317863              
*  2025  5  3  1 40   0.00000000                            
PL51   2766.693790  -5726.889378 -10553.463095              
VL51 -53770.238701  14723.835417 -21922.217056              
*  2025  5  3  1 42   0.00000000                            
PL51   2119.267612  -5536.078334 -10800.212457              
VL51 -54100.438170  17071.131476 -19192.001578              
*  2025  5  3  1 44   0.00000000                            
PL51   1469.091964  -5317.368141 -11013.831494              
VL51 -54228.488576  19371.949235 -16401.880752              
*  2025  5  3  1 46   0.00000000                            
PL51    818.590934  -5071.379057 -11193.651544              
VL51 -54154.800309  21615.893117 -13560.250903              
*  2025  5  3  1 48   0.00000000                            
PL51    170.179115  -4798.855133 -11339.105710              
VL51 -53880.545573  23792.734093 -10675.672741              
*  2025  5  3  1 50   0.00000000                            
PL51   -473.747517  -4500.661952 -11449.730695              
VL51 -53407.653202  25892.452090  -7756.848263              
*  2025  5  3  1 52   0.00000000                            
PL51  -1110.820632  -4177.783878 -11525.168354              
VL51 -52738.800889  27905.277921  -4812.597185              
*  2025  5  3  1 54   0.00000000                            
PL51  -1738.708475  -3831.320790 -11565.166969              
VL51 -51877.404814  29821.734633  -1851.832934              
*  2025  5  3  1 56   0.00000000                            
PL51  -2355.124654  -3462.484336 -11569.582220              
VL51 -50827.606718  31632.678110   1116.461776              
*  2025  5  3  1 58   0.00000000                            
PL51  -2957.836752  -3072.593696 -11538.377873              
VL51 -49594.258405  33329.336807   4083.259768              
*  2025  5  3  2  0   0.00000000                            
PL51  -3544.674748  -2663.070880 -11471.626160              
VL51 -48182.903720  34903.350468   7039.514585              
*  2025  5  3  2  2   0.00000000                            
PL51  -4113.539199  -2235.435563 -11369.507861              
VL51 -46599.758011  36346.807681   9976.186010              
*  2025  5  3  2  4   0.00000000                            
PL51  -4662.409157  -1791.299483 -11232.312070              
VL51 -44851.685115  37652.282122  12884.265896              
*  2025  5  3  2  6   0.00000000                            
PL51  -5189.349808  -1332.360410 -11060.435656              
VL51 -42946.171887  38812.867335  15754.804245              
*  2025  5  3  2  8   0.00000000                            
PL51  -5692.519781   -860.395703 -10854.382409              
VL51 -40891.300330  39822.209905  18578.935526              
*  2025  5  3  2 10   0.00000000                            
PL51  -6170.178107   -377.255488 -10614.761865              
VL51 -38695.717360  40674.540852  21347.905154              
*  2025  5  3  2 12   0.00000000                            
PL51  -6620.690810    115.144537 -10342.287818              
VL51 -36368.602259  41364.705096  24053.096091              
*  2025  5  3  2 14   0.00000000                            
PL51  -7042.537085    614.830635 -10037.776506              
VL51 -33919.631892  41888.188838  26686.055502              
*  2025  5  3  2 16   0.00000000                            
PL51  -7434.315054   1119.778877  -9702.144484              
VL51 -31358.943748  42241.144685  29238.521401              
*  2025  5  3  2 18   0.00000000                            
PL51  -7794.747056   1627.923279  -9336.406172              
VL51 -28697.096892  42420.414360  31702.449201              
*  2025  5  3  2 20   0.00000000                            
PL51  -8122.684464   2137.164195  -8941.671088              
VL51 -25945.030931  42423.548853  34070.038088              
*  2025  5  3  2 22   0.00000000                            
PL51  -8417.111997   2645.376933  -8519.140769              
VL51 -23114.023098  42248.825827  36333.757114              
*  2025  5  3  2 24   0.00000000                            
PL51  -8677.151504   3150.420570  -8070.105373              
VL51 -20215.643593  41895.264165  38486.370914              
*  2025  5  3  2 26   0.00000000                            
PL51  -8902.065203   3650.146913  -7595.939983              
VL51 -17261.709308  41362.635483  40520.964923              
*  2025  5  3  2 28   0.00000000                            
PL51  -9091.258356   4142.409591  -7098.100610              
VL51 -14264.236120  40651.472509  42430.969985              
*  2025  5  3  2 30   0.00000000                            
PL51  -9244.281368   4625.073217  -6578.119901              
VL51 -11235.389909  39763.074188  44210.186221              
*  2025  5  3  2 32   0.00000000                            
PL51  -9360.831283   5096.022603  -6037.602571              
VL51  -8187.436505  38699.507423  45852.806047              
*  2025  5  3  2 34   0.00000000                            
PL51  -9440.752679   5553.171960  -5478.220561              
VL51  -5132.690766  37463.605360  47353.436189              
*  2025  5  3  2 36   0.00000000                            
PL51  -9484.037952   5994.474073  -4901.707942              
VL51  -2083.465014  36058.962150  48707.118589              
*  2025  5  3  2 38   0.00000000                            
PL51  -9490.826968   6417.929379  -4309.855569              
VL51    947.982951  34489.924130  49909.350060              
*  2025  5  3  2 40   0.00000000                            
PL51  -9461.406100   6821.594925  -3704.505517              
VL51   3949.501990  32761.577404  50956.100564              
*  2025  5  3  2 42   0.00000000                            
PL51  -9396.206636   7203.593151  -3087.545294              
VL51   6909.099689  30879.731805  51843.829984              
*  2025  5  3  2 44   0.00000000                            
PL51  -9295.802558   7562.120461  -2460.901877              
VL51   9814.994053  28850.901265  52569.503278              
*  2025  5  3  2 46   0.00000000                            
PL51  -9160.907717   7895.455537  -1826.535563              
VL51  12655.664583  26682.280627  53130.603888              
*  2025  5  3  2 48   0.00000000                            
PL51  -8992.372388   8201.967351  -1186.433679              
VL51  15419.902441  24381.718967  53525.145298              
*  2025  5  3  2 50   0.00000000                            
PL51  -8791.179237   8480.122843   -542.604159              
VL51  18096.859432  21957.689518  53751.680657              
*  2025  5  3  2 52   0.00000000                            
PL51  -8558.438706   8728.494211    102.930976              
VL51  20676.095519  19419.256323  53809.310353              
*  2025  5  3  2 54   0.00000000                            
PL51  -8295.383839   8945.765784    748.142220              
VL51  23147.624604  16776.037754  53697.687501              
*  2025  5  3  2 56   0.00000000                            
PL51  -8003.364569   9130.740444   1390.999242              
VL51  25501.958298  14038.167065  53417.021246              
*  2025  5  3  2 58   0.00000000                            
PL51  -7683.841495   9282.345550   2029.477562              
VL51  27730.147424  11216.250182  52968.077871              
*  2025  5  3  3  0   0.00000000                            
PL51  -7338.379175   9399.638345   2661.565233              
VL51  29823.821009   8321.320942  52352.179654              
*  2025  5  3  3  2   0.00000000                            
PL51  -6968.638965   9481.810813   3285.269496              
VL51  31775.222519   5364.794006  51571.201486              
*  2025  5  3  3  4   0.00000000                            
PL51  -6576.371448   9528.193954   3898.623379              
VL51  33577.243145   2358.415720  50627.565233              
*  2025  5  3  3  6   0.00000000                            
PL51  -6163.408470   9538.261458   4499.692217              
VL51  35223.451915   -685.786821  49524.231888              
*  2025  5  3  3  8   0.00000000                            
PL51  -5731.654850   9511.632766   5086.580062              
VL51  36708.122489  -3755.558212  48264.691542              
*  2025  5  3  3 10   0.00000000                            
PL51  -5283.079775   9448.075483   5657.435962              
VL51  38026.256470  -6838.468406  46852.951234              
*  2025  5  3  3 12   0.00000000                            
PL51  -4819.707945   9347.507153   6210.460080              
VL51  39173.603124  -9921.967290  45293.520756              
*  2025  5  3  3 14   0.00000000                            
PL51  -4343.610499   9209.996364   6743.909636              
VL51  40146.675414 -12993.439899  43591.396493              
*  2025  5  3  3 16   0.00000000                            
PL51  -3856.895779   9035.763195   7256.104634              
VL51  40942.762267 -16040.261951  41752.043395              
*  2025  5  3  3 18   0.00000000                            
PL51  -3361.699957   8825.178995   7745.433373              
VL51  41559.937058 -19049.855407  39781.375176              
*  2025  5  3  3 20   0.00000000                            
PL51  -2860.177592   8578.765496   8210.357700              
VL51  41997.062265 -22009.743777  37685.732873              
*  2025  5  3  3 22   0.00000000                            
PL51  -2354.492154   8297.193263   8649.418008              
VL51  42253.790323 -24907.606863  35471.861858              
*  2025  5  3  3 24   0.00000000                            
PL51  -1846.806557   7981.279496   9061.237936              
VL51  42330.560697 -27731.334688  33146.887463              
*  2025  5  3  3 26   0.00000000                            
PL51  -1339.273749   7631.985190   9444.528779              
VL51  42228.593241 -30469.080320  30718.289318              
*  2025  5  3  3 28   0.00000000                            
PL51   -834.027409   7250.411664   9798.093583              
VL51  41949.877904 -33109.311350  28193.874563              
*  2025  5  3  3 30   0.00000000                            
PL51   -333.172782   6837.796490  10120.830903              
VL51  41497.160904 -35640.859786  25581.750068              
*  2025  5  3  3 32   0.00000000                            
PL51    161.222293   6395.508829  10411.738234              
VL51  40873.927467 -38052.970135  22890.293778              
*  2025  5  3  3 34   0.00000000                            
PL51    647.136135   5925.044200  10669.915085              
VL51  40084.381273 -40335.345470  20128.125349              
*  2025  5  3  3 36   0.00000000                            
PL51   1122.601700   5428.018715  10894.565703              
VL51  39133.420759 -42478.191284  17304.076177              
*  2025  5  3  3 38   0.00000000                            
PL51   1585.714759   4906.162794  11085.001428              
VL51  38026.612434 -44472.256962  14427.158970              
*  2025  5  3  3 40   0.00000000                            
PL51   2034.641748   4361.314408  11240.642689              
VL51  36770.161384 -46308.874705  11506.536977              
*  2025  5  3  3 42   0.00000000                            
PL51   2467.627234   3795.411860  11361.020621              
VL51  35370.879137 -47979.995770   8551.493003              
*  2025  5  3  3 44   0.00000000                            
PL51   2883.000987   3210.486157  11445.778315              
VL51  33836.149092 -49478.223884   5571.398320              
*  2025  5  3  3 46   0.00000000                            
PL51   3279.184630   2608.652992  11494.671693              
VL51  32173.889698 -50796.845732   2575.681592              
*  2025  5  3  3 48   0.00000000                            
PL51   3654.697822   1992.104380  11507.570009              
VL51  30392.515592 -51929.858419   -426.202081              
*  2025  5  3  3 50   0.00000000                            
PL51   4008.163972   1363.099985  11484.455985              
VL51  28500.896888 -52871.993819  -3424.801891              
*  2025  5  3  3 52   0.00000000                            
PL51   4338.315454    723.958174  11425.425573              
VL51  26508.316848 -53618.739751  -6410.701736              
*  2025  5  3  3 54   0.00000000                            
PL51   4643.998300     77.046833  11330.687362              
VL51  24424.428127 -54166.357932  -9374.550224              
*  2025  5  3  3 56   0.00000000                            
PL51   4924.176367   -575.226014  11200.561618              
VL51  22259.207805 -54511.898649 -12307.090171              
*  2025  5  3  3 58   0.00000000                            
PL51   5177.934954  -1230.421733  11035.478987              
VL51  20022.911428 -54653.212148 -15199.187529              
*  2025  5  3  4  0   0.00000000                            
PL51   5404.483863  -1886.080736  10835.978840              
VL51  17726.026254 -54588.956700 -18041.859653              
*  2025  5  3  4  2   0.00000000                            
PL51   5603.159898  -2539.732207  10602.707295              
VL51  15379.223924 -54318.603360 -20826.302833              
*  2025  5  3  4  4   0.00000000                            
PL51   5773.428791  -3188.903871  10336.414907              
VL51  12993.312760 -53842.437415 -23543.919019              
*  2025  5  3  4  6   0.00000000                            
PL51   5914.886553  -3831.131751  10037.954043              
VL51  10579.189902 -53161.556546 -26186.341684              
*  2025  5  3  4  8   0.00000000                            
PL51   6027.260256  -4463.969895   9708.275953              
VL51   8147.793479 -52277.865745 -28745.460736              
*  2025  5  3  4 10   0.00000000                            
PL51   6110.408236  -5085.000013   9348.427553              
VL51   5710.055021 -51194.069014 -31213.446447              
*  2025  5  3  4 12   0.00000000                            
PL51   6164.319733  -5691.841002   8959.547914              
VL51   3276.852299 -49913.657923 -33582.772311              
*  2025  5  3  4 14   0.00000000                            
PL51   6189.113964  -6282.158314   8542.864501              
VL51    858.962801 -48440.897079 -35846.236807              
*  2025  5  3  4 16   0.00000000                            
PL51   6185.038645  -6853.673127   8099.689141              
VL51  -1532.981993 -46780.806586 -37996.983986              
*  2025  5  3  4 18   0.00000000                            
PL51   6152.467969  -7404.171290   7631.413761              
VL51  -3888.541336 -44939.141592 -40028.522859              
*  2025  5  3  4 20   0.00000000                            
PL51   6091.900057  -7931.512013   7139.505901              
VL51  -6197.508774 -42922.369025 -41934.745524              
*  2025  5  3  4 22   0.00000000                            
PL51   6003.953889  -8433.636248   6625.504010              
VL51  -8449.954370 -40737.641612 -43709.943996              
*  2025  5  3  4 24   0.00000000                            
PL51   5889.365738  -8908.574757   6091.012558              
VL51 -10636.265428 -38392.769326 -45348.825716              
*  2025  5  3  4 26   0.00000000                            
PL51   5748.985135  -9354.455806   5537.696960              
VL51 -12747.185568 -35896.188376 -46846.527688              
*  2025  5  3  4 28   0.00000000                            
PL51   5583.770357  -9769.512492   4967.278344              
VL51 -14773.852012 -33256.927880 -48198.629239              
*  2025  5  3  4 30   0.00000000                            
PL51   5394.783498 -10152.089640   4381.528178              
VL51 -16707.830929 -30484.574376 -49401.163365              
*  2025  5  3  4 32   0.00000000                            
PL51   5183.185117 -10500.650272   3782.262757              
VL51 -18541.150741 -27589.234312 -50450.626666              
*  2025  5  3  4 34   0.00000000                            
PL51   4950.228499 -10813.781612   3171.337597              
VL51 -20266.333245 -24581.494681 -51343.987835              
*  2025  5  3  4 36   0.00000000                            
PL51   4697.253565 -11090.200603   2550.641717              
VL51 -21876.422479 -21472.381953 -52078.694725              
*  2025  5  3  4 38   0.00000000                            
PL51   4425.680438 -11328.758936   1922.091861              
VL51 -23365.011210 -18273.319490 -52652.679959              
*  2025  5  3  4 40   0.00000000                            
PL51   4137.002715 -11528.447539   1287.626650              
VL51 -24726.264971 -14996.083571 -53064.365106              
*  2025  5  3  4 42   0.00000000                            
PL51   3832.780461 -11688.400550    649.200698              
VL51 -25954.943578 -11652.758244 -53312.663398              
*  2025  5  3  4 44   0.00000000                            
PL51   3514.632962 -11807.898734      8.778703              
VL51 -27046.420035  -8255.689172 -53396.981023              
*  2025  5  3  4 46   0.00000000                            
PL51   3184.231266 -11886.372334   -631.670469              
VL51 -27996.696801  -4817.436639 -53317.216973              
*  2025  5  3  4 48   0.00000000                            
PL51   2843.290544 -11923.403371  -1270.179689              
VL51 -28802.419353  -1350.727941 -53073.761485              
*  2025  5  3  4 50   0.00000000                            
PL51   2493.562309 -11918.727354  -1904.789443              
VL51 -29460.887020   2131.590679 -52667.493091              
*  2025  5  3  4 52   0.00000000                            
PL51   2136.826519 -11872.234418  -2533.553672              
VL51 -29970.061075   5616.602345 -52099.774314              
*  2025  5  3  4 54   0.00000000                            
PL51   1774.883594 -11783.969882  -3154.545541              
VL51 -30328.570080   9091.367925 -51372.446032              
*  2025  5  3  4 56   0.00000000                            
PL51   1409.546394 -11654.134230  -3765.863141              
VL51 -30535.712482  12542.974304 -50487.820581              
*  2025  5  3  4 58   0.00000000                            
PL51   1042.632178 -11483.082504  -4365.635102              
VL51 -30591.456503  15958.582361 -49448.673610              
*  2025  5  3  5  0   0.00000000                            
PL51    675.954580 -11271.323134  -4952.026095              
VL51 -30496.437332  19325.474503 -48258.234759              
*  2025  5  3  5  2   0.00000000                            
PL51    311.315636 -11019.516198  -5523.242218              
VL51 -30251.951671  22631.101580 -46920.177196              
*  2025  5  3  5  4   0.00000000                            
PL51    -49.502107 -10728.471122  -6077.536251              
VL51 -29859.949691  25863.129040 -45438.606065              
*  2025  5  3  5  6   0.00000000                            
PL51   -404.743377 -10399.143831  -6613.212767              
VL51 -29323.024427  29009.482177 -43818.045889              
*  2025  5  3  5  8   0.00000000                            
PL51   -752.687808 -10032.633368  -7128.633079              
VL51 -28644.398711  32058.390324 -42063.426981              
*  2025  5  3  5 10   0.00000000                            
PL51  -1091.657411  -9630.177981  -7622.220028              
VL51 -27827.909679  34998.429870 -40180.070917              
*  2025  5  3  5 12   0.00000000                            
PL51  -1420.023842  -9193.150713  -8092.462586              
VL51 -26877.990951  37818.565972 -38173.675096              
*  2025  5  3  5 14   0.00000000                            
PL51  -1736.215439  -8723.054487  -8537.920266              
VL51 -25799.652554  40508.192833 -36050.296468              
*  2025  5  3  5 16   0.00000000                            
PL51  -2038.724008  -8221.516730  -8957.227336              
VL51 -24598.458673  43057.172469 -33816.334436              
*  2025  5  3  5 18   0.00000000                            
PL51  -2326.111331  -7690.283530  -9349.096824              
VL51 -23280.503331  45455.871808 -31478.513014              
*  2025  5  3  5 20   0.00000000                            
PL51  -2597.015366  -7131.213364  -9712.324303              
VL51 -21852.384080  47695.198071 -29043.862247              
*  2025  5  3  5 22   0.00000000                            
PL51  -2850.156123  -6546.270413 -10045.791442              
VL51 -20321.173805  49766.632318 -26519.698947              
*  2025  5  3  5 24   0.00000000                            
PL51  -3084.341188  -5937.517483 -10348.469338              
VL51 -18694.390743  51662.261082 -23913.606784              
*  2025  5  3  5 26   0.00000000                            
PL51  -3298.470883  -5307.108559 -10619.421588              
VL51 -16979.966815  53374.805994 -21233.415742              
*  2025  5  3  5 28   0.00000000                            
PL51  -3491.543027  -4657.281016 -10857.807122              
VL51 -15186.214376  54897.651332 -18487.181006              
*  2025  5  3  5 30   0.00000000                            
PL51  -3662.657301  -3990.347517 -11062.882775              
VL51 -13321.791498  56224.869414 -15683.161268              
*  2025  5  3  5 32   0.00000000                            
PL51  -3811.019172  -3308.687610 -11234.005597              
VL51 -11395.665883  57351.243754 -12829.796514              
*  2025  5  3  5 34   0.00000000                            
PL51  -3935.943395  -2614.739067 -11370.634893              
VL51  -9417.077528  58272.289928  -9935.685299              
*  2025  5  3  5 36   0.00000000                            
PL51  -4036.857046  -1910.988988 -11472.333984              
VL51  -7395.500254  58984.274058  -7009.561537              
*  2025  5  3  5 38   0.00000000                            
PL51  -4113.302093  -1199.964697 -11538.771694              
VL51  -5340.602214  59484.228874  -4060.270841              
*  2025  5  3  5 40   0.00000000                            
PL51  -4164.937485   -484.224453 -11569.723544              
VL51  -3262.205500  59769.967274  -1096.746416              
*  2025  5  3  5 42   0.00000000                            
PL51  -4191.540756    233.651975 -11565.072655              
VL51  -1170.244978  59840.093323   1872.015449              
*  2025  5  3  5 44   0.00000000                            
PL51  -4193.009124    951.072858 -11524.810361              
VL51    925.273540  59694.010634   4836.980282              
*  2025  5  3  5 46   0.00000000                            
PL51  -4169.360093   1665.444137 -11449.036509              
VL51   3014.315631  59331.928065   7789.100699              
*  2025  5  3  5 48   0.00000000                            
PL51  -4120.731538   2374.179106 -11337.959466              
VL51   5086.860998  58754.862670  10719.341995              
*  2025  5  3  5 50   0.00000000                            
PL51  -4047.381277   3074.708117 -11191.895809              
VL51   7132.946446  57964.639843  13618.708060              
*  2025  5  3  5 52   0.00000000                            
PL51  -3949.686129   3764.488263 -11011.269709              
VL51   9142.708965  56963.890603  16478.267535              
*  2025  5  3  5 54   0.00000000                            
PL51  -3828.140452   4441.013017 -10796.611989              
VL51  11106.428757  55756.045951  19289.180206              
*  2025  5  3  5 56   0.00000000                            
PL51  -3683.354170   5101.821782 -10548.558877              
VL51  13014.572063  54345.328264  22042.723556              
*  2025  5  3  5 58   0.00000000                            
PL51  -3516.050281   5744.509322 -10267.850432              
VL51  14857.833601  52736.739675  24730.319417              
*  2025  5  3  6  0   0.00000000                            
PL51  -3327.061867   6366.735032  -9955.328651              
VL51  16627.178466  50936.047404  27343.560666              
*  2025  5  3  6  2   0.00000000                            
PL51  -3117.328600   6966.232017  -9611.935257              
VL51  18313.883304  48949.766027  29874.237881              
*  2025  5  3  6  4   0.00000000                            
PL51  -2887.892761   7540.815941  -9238.709166              
VL51  19909.576568  46785.136658  32314.365869              
*  2025  5  3  6  6   0.00000000                            
PL51  -2639.894783   8088.393600  -8836.783641              
VL51  21406.277683  44450.103052  34656.209988              
*  2025  5  3  6  8   0.00000000                            
PL51  -2374.568329   8606.971199  -8407.383127              
VL51  22796.434924  41953.284650  36892.312151              
*  2025  5  3  6 10   0.00000000                            
PL51  -2093.234928   9094.662281  -7951.819777              
VL51  24072.961804  39303.946578  39015.516424              
*  2025  5  3  6 12   0.00000000                            
PL51  -1797.298180   9549.695282  -7471.489677              
VL51  25229.271787  36511.966679  41018.994088              
*  2025  5  3  6 14   0.00000000                            
PL51  -1488.237559   9970.420669  -6967.868774              
VL51  26259.311125  33587.799605  42896.268067              
*  2025  5  3  6 16   0.00000000                            
PL51  -1167.601831  10355.317636  -6442.508508              
VL51  27157.589623  30542.438096  44641.236589              
*  2025  5  3  6 18   0.00000000                            
PL51   -837.002122  10703.000310  -5897.031178              
VL51  27919.209147  27387.371513  46248.195951              
*  2025  5  3  6 20   0.00000000                            
PL51   -498.104650  11012.223452  -5333.125025              
VL51  28539.889676  24134.541785  47711.862274              
*  2025  5  3  6 22   0.00000000                            
PL51   -152.623165  11281.887610  -4752.539079              
VL51  29015.992736  20796.296900  49027.392098              
*  2025  5  3  6 24   0.00000000                            
PL51    197.688873  11511.043702  -4157.077747              
VL51  29344.542023  17385.342112  50190.401698              
*  2025  5  3  6 26   0.00000000                            
PL51    551.046352  11698.896998  -3548.595197              
VL51  29523.241078  13914.689078  51196.984981              
*  2025  5  3  6 28   0.00000000                            
PL51    905.640758  11844.810485  -2928.989517              
VL51  29550.487851  10397.603113  52043.729845              
*  2025  5  3  6 30   0.00000000                            
PL51   1259.648573  11948.307584  -2300.196704              
VL51  29425.386036   6847.548834  52727.732868              
*  2025  5  3  6 32   0.00000000                            
PL51   1611.239804  12009.074208  -1664.184480              
VL51  29147.753054   3278.134428  53246.612222              
*  2025  5  3  6 34   0.00000000                            
PL51   1958.586570  12026.960147  -1022.945961              
VL51  28718.124610   -296.945164  53598.518696              
*  2025  5  3  6 36   0.00000000                            
PL51   2299.871738  12001.979764   -378.493213              
VL51  28137.755738  -3863.965857  53782.144748              
*  2025  5  3  6 38   0.00000000                            
PL51   2633.297539  11934.311995    267.149296              
VL51  27408.618306  -7409.232515  53796.731499              
*  2025  5  3  6 40   0.00000000                            
PL51   2957.094140  11824.299651    911.951305              
VL51  26533.394950 -10919.137230  53642.073612              
*  2025  5  3  6 42   0.00000000                            
PL51   3269.528117  11672.448025   1553.883427              
VL51  25515.469452 -14380.217454  53318.522007              
*  2025  5  3  6 44   0.00000000                            
PL51   3568.910795  11479.422801   2190.923829              
VL51  24358.913570 -17779.213676  52826.984380              
*  2025  5  3  6 46   0.00000000                            
PL51   3853.606405  11246.047271   2821.064900              
VL51  23068.470399 -21103.126327  52168.923499              
*  2025  5  3  6 48   0.00000000                            
PL51   4122.040027  10973.298885   3442.319897              
VL51  21649.534304 -24339.271611  51346.353283              
*  2025  5  3  6 50   0.00000000                            
PL51   4372.705263  10662.305129   4052.729519              
VL51  20108.127539 -27475.335931  50361.832657              
*  2025  5  3  6 52   0.00000000                            
PL51   4604.171621  10314.338768   4650.368405              
VL51  18450.873670 -30499.428630  49218.457216              
*  2025  5  3  6 54   0.00000000                            
PL51   4815.091549   9930.812462   5233.351505              
VL51  16684.967934 -33400.132748  47919.848718              
*  2025  5  3  6 56   0.00000000                            
PL51   5004.207110   9513.272786   5799.840330              
VL51  14818.144696 -36166.553505  46470.142479              
*  2025  5  3  6 58   0.00000000                            
PL51   5170.356238   9063.393693   6348.049019              
VL51  12858.642198 -38788.364258  44873.972717              
*  2025  5  3  7  0   0.00000000                            
PL51   5312.478562   8582.969426   6876.250237              
VL51  10815.164786 -41255.849672  43136.455941              
*  2025  5  3  7  2   0.00000000                            
PL51   5429.620759   8073.906943   7382.780848              
VL51   8696.842847 -43559.945893  41263.172481              
*  2025  5  3  7  4   0.00000000                            
PL51   5520.941418   7538.217873   7866.047361              
VL51   6513.190665 -45692.277515  39260.146266              
*  2025  5  3  7  6   0.00000000                            
PL51   5585.715386   6978.010048   8324.531128              
VL51   4274.062465 -47645.191179  37133.822977              
*  2025  5  3  7  8   0.00000000                            
PL51   5623.337569   6395.478657   8756.793262              
VL51   1989.606854 -49411.785648  34891.046689              
*  2025  5  3  7 10   0.00000000                            
PL51   5633.326192   5792.897058   9161.479272              
VL51   -329.780059 -50985.938251  32539.035148              
*  2025  5  3  7 12   0.00000000                            
PL51   5615.325477   5172.607293   9537.323393              
VL51  -2673.502626 -52362.327592  30085.353802              
*  2025  5  3  7 14   0.00000000                            
PL51   5569.107750   4537.010356   9883.152598              
VL51  -5030.814460 -53536.452463  27537.888737              
*  2025  5  3  7 16   0.00000000                            
PL51   5494.574950   3888.556259  10197.890276              
VL51  -7390.867793 -54504.646915  24904.818638              
*  2025  5  3  7 18   0.00000000                            
PL51   5391.759547   3229.733935  10480.559572              
VL51  -9742.763172 -55264.091452  22194.585931              
*  2025  5  3  7 20   0.00000000                            
PL51   5260.824869   2563.061032  10730.286375              
VL51 -12075.599222 -55812.820377  19415.867226              
*  2025  5  3  7 22   0.00000000                            
PL51   5102.064822   1891.073647  10946.301947              
VL51 -14378.522242 -56149.725282  16577.543204              
*  2025  5  3  7 24   0.00000000                            
PL51   4915.903024   1216.316031  11127.945194              
VL51 -16640.775410 -56274.554756  13688.668073              
*  2025  5  3  7 26   0.00000000                            
PL51   4702.891353    541.330331  11274.664555              
VL51 -18851.747354 -56187.910341  10758.438723              
*  2025  5  3  7 28   0.00000000                            
PL51   4463.707908   -131.353607  11386.019534              
VL51 -21001.019888 -55891.238846   7796.163681              
*  2025  5  3  7 30   0.00000000                            
PL51   4199.154415   -799.228317  11461.681854              
VL51 -23078.414694 -55386.821082   4811.232001              
*  2025  5  3  7 32   0.00000000                            
PL51   3910.153072  -1459.818631  11501.436230              
VL51 -25074.038757 -54677.757134   1813.082183              
*  2025  5  3  7 34   0.00000000                            
PL51   3597.742862  -2110.691414  11505.180785              
VL51 -26978.328353 -53767.948273  -1188.828773              
*  2025  5  3  7 36   0.00000000                            
PL51   3263.075343  -2749.465044  11472.927081              
VL51 -28782.091408 -52662.075642  -4185.056070              
*  2025  5  3  7 38   0.00000000                            
PL51   2907.409944  -3373.818633  11404.799793              
VL51 -30476.548063 -51365.575854  -7166.197467              
*  2025  5  3  7 40   0.00000000                            
PL51   2532.108786  -3981.500931  11301.036018              
VL51 -32053.369274 -49884.613634 -10122.923194              
*  2025  5  3  7 42   0.00000000                            
PL51   2138.631050  -4570.338882  11161.984228              
VL51 -33504.713298 -48226.051695 -13046.005327              
*  2025  5  3  7 44   0.00000000                            
PL51   1728.526920  -5138.245809  10988.102874              
VL51 -34823.259938 -46397.417994 -15926.346540              
*  2025  5  3  7 46   0.00000000                            
PL51   1303.431135  -5683.229188  10779.958652              
VL51 -36002.242426 -44406.870563 -18755.008146              
*  2025  5  3  7 48   0.00000000                            
PL51    865.056165  -6203.397985  10538.224433              
VL51 -37035.476824 -42263.160096 -21523.237371              
*  2025  5  3  7 50   0.00000000                            
PL51    415.185056  -6696.969534  10263.676874              
VL51 -37917.388865 -39975.590468 -24222.493778              
*  2025  5  3  7 52   0.00000000                            
PL51    -44.336039  -7162.275928   9957.193714              
VL51 -38643.038138 -37553.977390 -26844.474809              
*  2025  5  3  7 54   0.00000000                            
PL51   -511.605588  -7597.769906   9619.750773              
VL51 -39208.139547 -35008.605363 -29381.140368              
*  2025  5  3  7 56   0.00000000                            
PL51   -984.674669  -8002.030212   9252.418658              
VL51 -39609.081967 -32350.183131 -31824.736427              
*  2025  5  3  7 58   0.00000000                            
PL51  -1461.555149  -8373.766411   8856.359196              
VL51 -39842.944044 -29589.797803 -34167.817562              
*  2025  5  3  8  0   0.00000000                            
PL51  -1940.228044  -8711.823149   8432.821597              
VL51 -39907.507079 -26738.867846 -36403.268415              
*  2025  5  3  8  2   0.00000000                            
PL51  -2418.652011  -9015.183843   7983.138376              
VL51 -39801.264967 -23809.095121 -38524.323985              
*  2025  5  3  8  4   0.00000000                            
PL51  -2894.771948  -9282.973788   7508.721028              
VL51 -39523.431143 -20812.416181 -40524.588728              
*  2025  5  3  8  6   0.00000000                            
PL51  -3366.527650  -9514.462681   7011.055488              
VL51 -39073.942535 -17760.953013 -42398.054401              
*  2025  5  3  8  8   0.00000000                            
PL51  -3831.862506  -9709.066548   6491.697382              
VL51 -38453.460519 -14666.963433 -44139.116608              
*  2025  5  3  8 10   0.00000000                            
PL51  -4288.732175  -9866.349073   5952.267092              
VL51 -37663.368881 -11542.791343 -45742.590014              
*  2025  5  3  8 12   0.00000000                            
PL51  -4735.113237  -9986.022337   5394.444635              
VL51 -36705.768821  -8400.817046 -47203.722183              
*  2025  5  3  8 14   0.00000000                            
PL51  -5169.011749 -10067.946954   4819.964402              
VL51 -35583.471037  -5253.407813 -48518.206024              
*  2025  5  3  8 16   0.00000000                            
PL51  -5588.471702 -10112.131623   4230.609738              
VL51 -34299.984933  -2112.868915 -49682.190814              
*  2025  5  3  8 18   0.00000000                            
PL51  -5991.583327 -10118.732093   3628.207409              
VL51 -32859.505026   1008.604708 -50692.291785              
*  2025  5  3  8 20   0.00000000                            
PL51  -6376.491218 -10088.049549   3014.621965              
VL51 -31266.894604   4098.975948 -51545.598268              
*  2025  5  3  8 22   0.00000000                            
PL51  -6741.402248 -10020.528445   2391.750000              
VL51 -29527.666751   7146.412020 -52239.680378              
*  2025  5  3  8 24   0.00000000                            
PL51  -7084.593238  -9916.753774   1761.514361              
VL51 -27647.962798  10139.329768 -52772.594260              
*  2025  5  3  8 26   0.00000000                            
PL51  -7404.418358  -9777.447808   1125.858280              
VL51 -25634.528307  13066.439648 -53142.885859              
*  2025  5  3  8 28   0.00000000                            
PL51  -7699.316217  -9603.466319    486.739489              
VL51 -23494.686718  15916.788189 -53349.593270              
*  2025  5  3  8 30   0.00000000                            
PL51  -7967.816633  -9395.794299   -153.875694              
VL51 -21236.310745  18679.798805 -53392.247634              
*  2025  5  3  8 32   0.00000000                            
PL51  -8208.547038  -9155.541202   -794.018285              
VL51 -18867.791675  21345.310820 -53270.872624              
*  2025  5  3  8 34   0.00000000                            
PL51  -8420.238509  -8883.935728  -1431.722526              
VL51 -16398.006680  23903.616553 -52985.982527              
*  2025  5  3  8 36   0.00000000                            
PL51  -8601.731393  -8582.320176  -2065.031761              
VL51 -13836.284296  26345.496352 -52538.578949              
*  2025  5  3  8 38   0.00000000                            
PL51  -8751.980506  -8252.144387  -2692.004254              
VL51 -11192.368220  28662.251455 -51930.146174              
*  2025  5  3  8 40   0.00000000                            
PL51  -8870.059892  -7894.959305  -3310.718947              
VL51  -8476.379560  30845.734582 -51162.645219              
*  2025  5  3  8 42   0.00000000                            
PL51  -8955.167120  -7512.410193  -3919.281140              
VL51  -5698.777713  32888.378156 -50238.506614              
*  2025  5  3  8 44   0.00000000                            
PL51  -9006.627096  -7106.229517  -4515.828075              
VL51  -2870.320005  34783.220088 -49160.621970              
*  2025  5  3  8 46   0.00000000                            
PL51  -9023.895399  -6678.229535  -5098.534410              
VL51     -2.020273  36523.927059 -47932.334366              
*  2025  5  3  8 48   0.00000000                            
PL51  -9006.561099  -6230.294629  -5665.617578              
VL51   2894.893474  38104.815238 -46557.427609              
*  2025  5  3  8 50   0.00000000                            
PL51  -8954.349073  -5764.373397  -6215.343004              
VL51   5809.022156  39520.868410 -45040.114425              
*  2025  5  3  8 52   0.00000000                            
PL51  -8867.121795  -5282.470549  -6746.029173              
VL51   8728.839337  40767.753473 -43385.023614              
*  2025  5  3  8 54   0.00000000                            
PL51  -8744.880601  -4786.638625  -7256.052545              
VL51  11642.735394  41841.833279 -41597.186229              
*  2025  5  3  8 56   0.00000000                            
PL51  -8587.766417  -4278.969586  -7743.852292              
VL51  14539.062006  42740.176823 -39682.020817              
*  2025  5  3  8 58   0.00000000                            
PL51  -8396.059959  -3761.586288  -8207.934858              
VL51  17406.176815  43460.566758 -37645.317769              
*  2025  5  3  9  0   0.00000000                            
PL51  -8170.181392  -3236.633886  -8646.878317              
VL51  20232.488101  44001.504247 -35493.222831              
*  2025  5  3  9  2   0.00000000                            
PL51  -7910.689454  -2706.271200  -9059.336541              
VL51  23006.499355  44362.211163 -33232.219800              
*  2025  5  3  9  4   0.00000000                            
PL51  -7618.280050  -2172.662063  -9444.043144              
VL51  25716.853594  44542.629648 -30869.112467              
*  2025  5  3  9  6   0.00000000                            
PL51  -7293.784310  -1637.966695  -9799.815214              
VL51  28352.377276  44543.419062 -28411.005848              
*  2025  5  3  9  8   0.00000000                            
PL51  -6938.166130  -1104.333128 -10125.556808              
VL51  30902.123704  44365.950344 -25865.286719              
*  2025  5  3  9 10   0.00000000                            
PL51  -6552.519189   -573.888710 -10420.262215              
VL51  33355.415775  44012.297838 -23239.603527              
*  2025  5  3  9 12   0.00000000                            
PL51  -6138.063466    -48.731733 -10683.018973              
VL51  35701.887951  43485.228610 -20541.845683              
*  2025  5  3  9 14   0.00000000                            
PL51  -5696.141250    469.076812 -10913.010630              
VL51  37931.527332  42788.189310 -17780.122294              
*  2025  5  3  9 16   0.00000000                            
PL51  -5228.212668    977.521291 -11109.519256              
VL51  40034.713710  41925.290637 -14962.740337              
*  2025  5  3  9 18   0.00000000                            
PL51  -4735.850738   1474.639298 -11271.927679              
VL51  42002.258488  40901.289451 -12098.182328              
*  2025  5  3  9 20   0.00000000                            
PL51  -4220.735962   1958.529283 -11399.721456              
VL51  43825.442348  39721.568592  -9195.083487              
*  2025  5  3  9 22   0.00000000                            
PL51  -3684.650479   2427.357938 -11492.490568              
VL51  45496.051543  38392.114465  -6262.208432              
*  2025  5  3  9 24   0.00000000                            
PL51  -3129.471781   2879.367289 -11549.930827              
VL51  47006.412705  36919.492455  -3308.427419              
*  2025  5  3  9 26   0.00000000                            
PL51  -2557.166033   3312.881490 -11571.845004              
VL51  48349.426048  35310.820224   -342.692147              
*  2025  5  3  9 28   0.00000000                            
PL51  -1969.780998   3726.313276 -11558.143653              
VL51  49518.596833  33573.738970   2625.988842              
*  2025  5  3  9 30   0.00000000                            
PL51  -1369.438595   4118.170067 -11508.845651              
VL51  50508.064988  31716.382710   5588.575158              
*  2025  5  3  9 32   0.00000000                            
PL51   -758.327118   4487.059684 -11424.078419              
VL51  51312.632752  29747.345656   8536.019916              
*  2025  5  3  9 34   0.00000000                            
PL51   -138.693131   4831.695671 -11304.077855              
VL51  51927.790204  27675.647777  11459.295425              
*  2025  5  3  9 36   0.00000000                            
PL51    487.166926   5150.902182 -11149.187944              
VL51  52349.738567  25510.698610  14349.419169              
*  2025  5  3  9 38   0.00000000                            
PL51   1116.915404   5443.618438 -10959.860058              
VL51  52575.411133  23262.259436  17197.480055              
*  2025  5  3  9 40   0.00000000                            
PL51   1748.182336   5708.902709 -10736.651941              
VL51  52602.491692  20940.403896  19994.664852              
*  2025  5  3  9 42   0.00000000                            
PL51   2378.574545   5945.935819 -10480.226378              
VL51  52429.430342  18555.477178  22732.284793              
*  2025  5  3  9 44   0.00000000                            
PL51   3005.684921   6154.024153 -10191.349536              
VL51  52055.456529  16118.053880  25401.802257              
*  2025  5  3  9 46   0.00000000                            
PL51   3627.101834   6332.602152  -9870.888995              
VL51  51480.589224  13638.894681  27994.857476              
*  2025  5  3  9 48   0.00000000                            
PL51   4240.418656   6481.234280  -9519.811452              
VL51  50705.644102  11128.901960  30503.295168              
*  2025  5  3  9 50   0.00000000                            
PL51   4843.243351   6599.616455  -9139.180106              
VL51  49732.237629   8599.074513  32919.191044              
*  2025  5  3  9 52   0.00000000                            
PL51   5433.208091   6687.576927  -8730.151733              
VL51  48562.787935   6060.461523  35234.878060              
*  2025  5  3  9 54   0.00000000                            
PL51   6007.978863   6745.076608  -8293.973438              
VL51  47200.512408   3524.115956  37442.972341              
*  2025  5  3  9 56   0.00000000                            
PL51   6565.265034   6772.208832  -7831.979105              
VL51  45649.421905   1001.047575  39536.398661              
*  2025  5  3  9 58   0.00000000                            
PL51   7102.828816   6769.198555  -7345.585547              
VL51  43914.311541  -1497.824260  41508.415359              
*  2025  5  3 10  0   0.00000000                            
PL51   7618.494606   6736.400988  -6836.288352              
VL51  42000.747982  -3961.717768  43352.638576              
*  2025  5  3 10  2   0.00000000                            
PL51   8110.158153   6674.299662  -6305.657450              
VL51  39915.053229  -6380.035719  45063.065696              
*  2025  5  3 10  4   0.00000000                            
PL51   8575.795502   6583.503935  -5755.332402              
VL51  37664.284888  -8742.411954  46634.097844              
*  2025  5  3 10  6   0.00000000                            
PL51   9013.471691   6464.745942  -5187.017425              
VL51  35256.212923 -11038.757236  48060.561334              
*  2025  5  3 10  8   0.00000000                            
PL51   9421.349139   6318.877003  -4602.476168              
VL51  32699.292935 -13259.304212  49337.727919              
*  2025  5  3 10 10   0.00000000                            
PL51   9797.695697   6146.863495  -4003.526251              
VL51  30002.636032 -15394.651215  50461.333732              
*  2025  5  3 10 12   0.00000000                            
PL51  10140.892316   5949.782207  -3392.033585              
VL51  27175.975353 -17435.804704  51427.596776              
*  2025  5  3 10 14   0.00000000                            
PL51  10449.440296   5728.815199  -2769.906492              
VL51  24229.629379 -19374.220081  52233.232847              
*  2025  5  3 10 16   0.00000000                            
PL51  10721.968072   5485.244174  -2139.089650              
VL51  21174.462135 -21201.840654  52875.469777              
*  2025  5  3 10 18   0.00000000                            
PL51  10957.237511   5220.444404  -1501.557864              
VL51  18021.840463 -22911.134517  53352.059880              
*  2025  5  3 10 20   0.00000000                            
PL51  11154.149670   4935.878221   -859.309711              
VL51  14783.588539 -24495.129117  53661.290503              
*  2025  5  3 10 22   0.00000000                            
PL51  11311.750002   4633.088109   -214.361066              
VL51  11471.939838 -25947.443297  53801.992597              
*  2025  5  3 10 24   0.00000000                            
PL51  11429.232968   4313.689431    431.261461              
VL51   8099.486788 -27262.316617  53773.547219              
*  2025  5  3 10 26   0.00000000                            
PL51  11505.946030   3979.362816   1075.527159              
VL51   4679.128344 -28434.635749  53575.889914              
*  2025  5  3 10 28   0.00000000                            
PL51  11541.393005   3631.846253   1716.407879              
VL51   1224.015770 -29459.957801  53209.512914              
*  2025  5  3 10 30   0.00000000                            
PL51  11535.236763   3272.926920   2351.884725              
VL51  -2252.503104 -30334.530394  52675.465124              
*  2025  5  3 10 32   0.00000000                            
PL51  11487.301241   2904.432797   2979.954712              
VL51  -5736.940839 -31055.308379  51975.349875              
*  2025  5  3 10 34   0.00000000                            
PL51  11397.572777   2528.224093   3598.637406              
VL51  -9215.728257 -31619.967070  51111.320428              
*  2025  5  3 10 36   0.00000000                            
PL51  11266.200735   2146.184540   4205.981474              
VL51 -12675.272898 -32026.911914  50086.073261              
*  2025  5  3 10 38   0.00000000                            
PL51  11093.497435   1760.212594   4800.071159              
VL51 -16102.017740 -32275.284533  48902.839142              
*  2025  5  3 10 40   0.00000000                            
PL51  10879.937375   1372.212578   5379.032626              
VL51 -19482.499858 -32364.965108  47565.372062              
*  2025  5  3 10 42   0.00000000                            
PL51  10626.155753    984.085827   5941.040160              
VL51 -22803.408698 -32296.571081  46077.936067              
*  2025  5  3 10 44   0.00000000                            
PL51  10332.946291    597.721867   6484.322200              
VL51 -26051.643643 -32071.452206  44445.290087              
*  2025  5  3 10 46   0.00000000                            
PL51  10001.258373    214.989674   7007.167179              
VL51 -29214.370576 -31691.681986  42672.670830              
*  2025  5  3 10 48   0.00000000                            
PL51   9632.193520   -162.270943   7507.929142              
VL51 -32279.077129 -31160.045547  40765.773858              
*  2025  5  3 10 50   0.00000000                            
PL51   9227.001200   -532.257788   7985.033132              
VL51 -35233.626340 -30480.024062  38730.732949              
*  2025  5  3 10 52   0.00000000                            
PL51   8787.074011   -893.214525   8436.980315              
VL51 -38066.308446 -29655.775804  36574.097852              
*  2025  5  3 10 54   0.00000000                            
PL51   8313.942257  -1243.438669   8862.352833              
VL51 -40765.890570 -28692.113977  34302.810581              
*  2025  5  3 10 56   0.00000000                            
PL51   7809.267937  -1581.289297   9259.818361              
VL51 -43321.664048 -27594.481467  31924.180355              
*  2025  5  3 10 58   0.00000000                            
PL51   7274.838184  -1905.194442   9628.134358              
VL51 -45723.489200 -26368.922668  29445.857340              
*  2025  5  3 11  0   0.00000000                            
PL51   6712.558180  -2213.658123   9966.151992              
VL51 -47961.837348 -25022.052572  26875.805307              
*  2025  5  3 11  2   0.00000000                            
PL51   6124.443590  -2505.266999  10272.819739              
VL51 -50027.829893 -23561.023296  24222.273355              
*  2025  5  3 11  4   0.00000000                            
PL51   5512.612539  -2778.696596  10547.186631              
VL51 -51913.274327 -21993.488260  21493.766837              
*  2025  5  3 11  6   0.00000000                            
PL51   4879.277181  -3032.717103  10788.405153              
VL51 -53610.697008 -20327.564214  18699.017609              
*  2025  5  3 11  8   0.00000000                            
PL51   4226.734890  -3266.198689  10995.733780              
VL51 -55113.372617 -18571.791326  15846.953756              
*  2025  5  3 11 10   0.00000000                            
PL51   3557.359124  -3478.116340  11168.539147              
VL51 -56415.350188 -16735.091565  12946.668910              
*  2025  5  3 11 12   0.00000000                            
PL51   2873.589990  -3667.554180  11306.297854              
VL51 -57511.475636 -14826.725593  10007.391305              
*  2025  5  3 11 14   0.00000000                            
PL51   2177.924567  -3833.709274  11408.597889              
VL51 -58397.410744 -12856.248395   7038.452688              
*  2025  5  3 11 16   0.00000000                            
PL51   1472.907020  -3975.894883  11475.139688              
VL51 -59069.648569 -10833.463890   4049.257201              
*  2025  5  3 11 18   0.00000000                            
PL51    761.118547  -4093.543181  11505.736817              
VL51 -59525.525258  -8768.378726   1049.250363              
*  2025  5  3 11 20   0.00000000                            
PL51     45.167209  -4186.207403  11500.316281              
VL51 -59763.228286  -6671.155515  -1952.111761              
*  2025  5  3 11 22   0.00000000                            
PL51   -672.322311  -4253.563435  11458.918466              
VL51 -59781.801131  -4552.065702  -4945.393094              
*  2025  5  3 11 24   0.00000000                            
PL51  -1388.718999  -4295.410840  11381.696724              
VL51 -59581.144421  -2421.442292  -7921.207703              
*  2025  5  3 11 26   0.00000000                            
PL51  -2101.395780  -4311.673307  11268.916587              
VL51 -59162.013606   -289.632654 -10870.249498              
*  2025  5  3 11 28   0.00000000                            
PL51  -2807.739748  -4302.398545  11120.954633              
VL51 -58526.013188   1833.048418 -13783.321385              
*  2025  5  3 11 30   0.00000000                            
PL51  -3505.162298  -4267.757615  10938.297012              
VL51 -57675.587585   3936.365164 -16651.363823              
*  2025  5  3 11 32   0.00000000                            
PL51  -4191.109141  -4208.043701  10721.537619              
VL51 -56614.008683   6010.206664 -19465.482684              
*  2025  5  3 11 34   0.00000000                            
PL51  -4863.070135  -4123.670345  10471.375954              
VL51 -55345.360164   8044.631789 -22216.976365              
*  2025  5  3 11 36   0.00000000                            
PL51  -5518.588922  -4015.169144  10188.614647              
VL51 -53874.518693  10029.913122 -24897.362064              
*  2025  5  3 11 38   0.00000000                            
PL51  -6155.272315  -3883.186925   9874.156682              
VL51 -52207.132059  11956.579664 -27498.401161              
*  2025  5  3 11 40   0.00000000                            
PL51  -6770.799403  -3728.482425   9529.002319              
VL51 -50349.594410  13815.458153 -30012.123628              
*  2025  5  3 11 42   0.00000000                            
PL51  -7362.930347  -3551.922471   9154.245729              
VL51 -48309.018670  15597.712848 -32430.851411              
*  2025  5  3 11 44   0.00000000                            
PL51  -7929.514827  -3354.477704   8751.071357              
VL51 -46093.206315  17294.883595 -34747.220723              
*  2025  5  3 11 46   0.00000000                            
PL51  -8468.500109  -3137.217850   8320.750019              
VL51 -43710.614614  18898.922061 -36954.203212              
*  2025  5  3 11 48   0.00000000                            
PL51  -8977.938704  -2901.306572   7864.634760              
VL51 -41170.321504  20402.225974 -39045.125930              
*  2025  5  3 11 50   0.00000000                            
PL51  -9455.995600  -2647.995925   7384.156474              
VL51 -38481.988258  21797.671264 -41013.690094              
*  2025  5  3 11 52   0.00000000                            
PL51  -9900.955024  -2378.620428   6880.819306              
VL51 -35655.820090  23078.641967 -42853.988568              
*  2025  5  3 11 54   0.00000000                            
PL51 -10311.226721  -2094.590808   6356.195855              
VL51 -32702.524881  24239.057804 -44560.522052              
*  2025  5  3 11 56   0.00000000                            
PL51 -10685.351735  -1797.387413   5811.922191              
VL51 -29633.270182  25273.399330 -46128.213934              
*  2025  5  3 11 58   0.00000000                            
PL51 -11022.007655  -1488.553343   5249.692698              
VL51 -26459.638690  26176.730565 -47552.423777              
*  2025  5  3 12  0   0.00000000                            
PL51 -11320.013327  -1169.687330   4671.254767              
VL51 -23193.582361  26944.719034 -48828.959409              
*  2025  5  3 12  2   0.00000000                            
PL51 -11578.332998   -842.436386   4078.403352              
VL51 -19847.375356  27573.653150 -49954.087602              
*  2025  5  3 12  4   0.00000000                            
PL51 -11796.079900   -508.488260   3472.975406              
VL51 -16433.566020  28060.456893 -50924.543306              
*  2025  5  3 12  6   0.00000000                            
PL51 -11972.519248   -169.563741   2856.844211              
VL51 -12964.928069  28402.701732 -51737.537437              
*  2025  5  3 12  8   0.00000000                            
PL51 -12107.070645    172.591172   2231.913633              
VL51  -9454.411220  28598.615773 -52390.763207              
*  2025  5  3 12 10   0.00000000                            
PL51 -12199.309898    516.213192   1600.112299              
VL51  -5915.091408  28647.090119 -52882.400994              
*  2025  5  3 12 12   0.00000000                            
PL51 -12248.970233    859.529719    963.387730              
VL51  -2360.120832  28547.682417 -53211.121746              
*  2025  5  3 12 14   0.00000000                            
PL51 -12255.942913   1200.766854    323.700443              
VL51   1197.321984  28300.617637 -53376.088958              
*  2025  5  3 12 16   0.00000000                            
PL51 -12220.277247   1538.157388   -316.981965              
VL51   4744.081949  27906.786062 -53376.959199              
*  2025  5  3 12 18   0.00000000                            
PL51 -12142.180022   1869.948769   -956.690733              
VL51   8267.076765  27367.738552 -53213.881242              
*  2025  5  3 12 20   0.00000000                            
PL51 -12022.014330   2194.410980  -1593.461826              
VL51  11753.345727  26685.679106 -52887.493802              
*  2025  5  3 12 22   0.00000000                            
PL51 -11860.297820   2509.844324  -2225.341796              
VL51  15190.097786  25863.454773 -52398.921910              
*  2025  5  3 12 24   0.00000000                            
PL51 -11657.700380   2814.587062  -2850.393590              
VL51  18564.758701  24904.542982 -51749.771965              
*  2025  5  3 12 26   0.00000000                            
PL51 -11415.041259   3107.022895  -3466.702288              
VL51  21865.017116  23813.036346 -50942.125479              
*  2025  5  3 12 28   0.00000000                            
PL51 -11133.285637   3385.588237  -4072.380764              
VL51  25078.869408  22593.625023 -49978.531559              
*  2025  5  3 12 30   0.00000000                            
PL51 -10813.540675   3648.779272  -4665.575241              
VL51  28194.663146  21251.576732 -48861.998175              
*  2025  5  3 12 32   0.00000000                            
PL51 -10457.051046   3895.158750  -5244.470745              
VL51  31201.139026  19792.714495 -47595.982236              
*  2025  5  3 12 34   0.00000000                            
PL51 -10065.193971   4123.362510  -5807.296420              
VL51  34087.471132  18223.392232 -46184.378549              
*  2025  5  3 12 36   0.00000000                            
PL51  -9639.473792   4332.105691  -6352.330719              
VL51  36843.305423  16550.468305 -44631.507691              
*  2025  5  3 12 38   0.00000000                            
PL51  -9181.516080   4520.188617  -6877.906428              
VL51  39458.796309  14781.277124 -42942.102860              
*  2025  5  3 12 40   0.00000000                            
PL51  -8693.061334   4686.502334  -7382.415539              
VL51  41924.641229  12923.598941 -41121.295759              
*  2025  5  3 12 42   0.00000000                            
PL51  -8175.958256   4830.033766  -7864.313940              
VL51  44232.113148  10985.627945 -39174.601552              
*  2025  5  3 12 44   0.00000000                            
PL51  -7632.156671   4949.870482  -8322.125923              
VL51  46373.090878   8975.938780 -37107.902968              
*  2025  5  3 12 46   0.00000000                            
PL51  -7063.700080   5045.205058  -8754.448495              
VL51  48340.087166   6903.451618 -34927.433570              
*  2025  5  3 12 48   0.00000000                            
PL51  -6472.717897   5115.339005  -9159.955482              
VL51  50126.274495   4777.395895 -32639.760269              
*  2025  5  3 12 50   0.00000000                            
PL51  -5861.417390   5159.686254  -9537.401424              
VL51  51725.508521   2607.272851 -30251.765094              
*  2025  5  3 12 52   0.00000000                            
PL51  -5232.075354   5177.776190  -9885.625242              
VL51  53132.349124    402.816991 -27770.626283              
*  2025  5  3 12 54   0.00000000                            
PL51  -4587.029543   5169.256216 -10203.553674              
VL51  54342.079030  -1826.043420 -25203.798702              
*  2025  5  3 12 56   0.00000000                            
PL51  -3928.669903   5133.893835 -10490.204477              
VL51  55350.719950  -4069.226680 -22558.993649              
*  2025  5  3 12 58   0.00000000                            
PL51  -3259.429614   5071.578244 -10744.689378              
VL51  56155.046223  -6316.538683 -19844.158057              
*  2025  5  3 13  0   0.00000000                            
PL51  -2581.775993   4982.321440 -10966.216774              
VL51  56752.595924  -8557.714537 -17067.453128              
*  2025  5  3 13  2   0.00000000                            
PL51  -1898.201270   4866.258809 -11154.094173              
VL51  57141.679417 -10782.460625 -14237.232418              
*  2025  5  3 13  4   0.00000000                            
PL51  -1211.213291   4723.649223 -11307.730368              
VL51  57321.385319 -12980.497000 -11362.019399              
*  2025  5  3 13  6   0.00000000                            
PL51   -523.326146   4554.874619 -11426.637339              
VL51  57291.583872 -15141.599977  -8450.484520              
*  2025  5  3 13  8   0.00000000                            
PL51    162.949210   4360.439067 -11510.431876              
VL51  57052.927682 -17255.644786  -5511.421776              
*  2025  5  3 13 10   0.00000000                            
PL51    845.114339   4140.967326 -11558.836918              
VL51  56606.849818 -19312.648162  -2553.724819              
*  2025  5  3 13 12   0.00000000                            
PL51   1520.692663   3897.202896 -11571.682606              
VL51  55955.559246 -21302.810727    413.637373              
*  2025  5  3 13 14   0.00000000                            
PL51   2187.238731   3630.005553 -11548.907037              
VL51  55102.033594 -23216.559028   3381.645243              
*  2025  5  3 13 16   0.00000000                            
PL51   2842.347386   3340.348392 -11490.556719              
VL51  54050.009212 -25044.587073   6341.253790              
*  2025  5  3 13 18   0.00000000                            
PL51   3483.662799   3029.314372 -11396.786726              
VL51  52803.968555 -26777.897230   9283.418054              
*  2025  5  3 13 20   0.00000000                            
PL51   4108.887334   2698.092370 -11267.860545              
VL51  51369.124859 -28407.840328  12199.118919              
*  2025  5  3 13 22   0.00000000                            
PL51   4715.790206   2347.972766 -11104.149604              
VL51  49751.404123 -29926.154805  15079.389194              
*  2025  5  3 13 24   0.00000000                            
PL51   5302.215918   1980.342565 -10906.132494              
VL51  47957.424422 -31325.004737  17915.339920              
*  2025  5  3 13 26   0.00000000                            
PL51   5866.092427   1596.680063 -10674.393875              
VL51  45994.472547 -32597.016601  20698.186861              
*  2025  5  3 13 28   0.00000000                            
PL51   6405.439016   1198.549085 -10409.623054              
VL51  43870.478011 -33735.314590  23419.277121              
*  2025  5  3 13 30   0.00000000                            
PL51   6918.373834    787.592812 -10112.612250              
VL51  41593.984457 -34733.554316  26070.115821              
*  2025  5  3 13 32   0.00000000                            
PL51   7403.121088    365.527209  -9784.254544              
VL51  39174.118494 -35585.954745  28642.392775              
*  2025  5  3 13 34   0.00000000                            
PL51   7858.017832    -65.865920  -9425.541492              
VL51  36620.556033 -36287.328166  31128.009081              
*  2025  5  3 13 36   0.00000000                            
PL51   8281.520348   -504.746215  -9037.560442              
VL51  33943.486180 -36833.108043  33519.103546              
*  2025  5  3 13 38   0.00000000                            
PL51   8672.210076   -949.222378  -8621.491515              
VL51  31153.572765 -37219.374565  35808.078853              
*  2025  5  3 13 40   0.00000000                            
PL51   9028.799066  -1397.360067  -8178.604290              
VL51  28261.913605 -37442.877736  37987.627368              
*  2025  5  3 13 42   0.00000000                            
PL51   9350.134936  -1847.190064  -7710.254173              
VL51  25279.997608 -37501.057822  40050.756470              
*  2025  5  3 13 44   0.00000000                            
PL51   9635.205288  -2296.716665  -7217.878463              
VL51  22219.659857 -37392.063016  41990.813305              
*  2025  5  3 13 46   0.00000000                            
PL51   9883.141595  -2743.926269  -6702.992140              
VL51  19093.034808 -37114.764155  43801.508832              
*  2025  5  3 13 48   0.00000000                            
PL51  10093.222494  -3186.796117  -6167.183349              
VL51  15912.507776 -36668.766358  45476.941034              
*  2025  5  3 13 50   0.00000000                            
PL51  10264.876503  -3623.303163  -5612.108626              
VL51  12690.664891 -36054.417449  47011.617176              
*  2025  5  3 13 52   0.00000000                            
PL51  10397.684122  -4051.433019  -5039.487859              
VL51   9440.241719 -35272.813070  48400.474967              
*  2025  5  3 13 54   0.00000000                            
PL51  10491.379311  -4469.188940  -4451.098999              
VL51   6174.070773 -34325.798356  49638.902506              
*  2025  5  3 13 56   0.00000000                            
PL51  10545.850338  -4874.600815  -3848.772544              
VL51   2905.028145 -33215.966132  50722.756878              
*  2025  5  3 13 58   0.00000000                            
PL51  10561.139974  -5265.734104  -3234.385808              
VL51   -354.020493 -31946.651541  51648.381278              
*  2025  5  3 14  0   0.00000000                            
PL51  10537.445044  -5640.698703  -2609.856990              
VL51  -3590.274266 -30521.923086  52412.620535              
*  2025  5  3 14  2   0.00000000                            
PL51  10475.115323  -5997.657669  -1977.139072              
VL51  -6791.051557 -28946.570059  53012.834925              
*  2025  5  3 14  4   0.00000000                            
PL51  10374.651776  -6334.835773  -1338.213559              
VL51  -9943.844302 -27226.086374  53446.912165              
*  2025  5  3 14  6   0.00000000                            
PL51  10236.704159  -6650.527847   -695.084087              
VL51 -13036.371794 -25366.650828  53713.277483              
*  2025  5  3 14  8   0.00000000                            
PL51  10062.067960  -6943.106863    -49.769924              
VL51 -16056.633731 -23375.103865  53810.901676              
*  2025  5  3 14 10   0.00000000                            
PL51   9851.680734  -7211.031716    595.700618              
VL51 -18992.962196 -21258.920907  53739.307077              
*  2025  5  3 14 12   0.00000000                            
PL51   9606.617798  -7452.854666   1239.296821              
VL51 -21834.072261 -19026.182386  53498.571378              
*  2025  5  3 14 14   0.00000000                            
PL51   9328.087348  -7667.228408   1878.992245              
VL51 -24569.110953 -16685.540601  53089.329242              
*  2025  5  3 14 16   0.00000000                            
PL51   9017.424985  -7852.912712   2512.771401              
VL51 -27187.704266 -14246.183572  52512.771699              
*  2025  5  3 14 18   0.00000000                            
PL51   8676.087701  -8008.780629   3138.636422              
VL51 -29680.001959 -11717.796067  51770.643291              
*  2025  5  3 14 20   0.00000000                            
PL51   8305.647336  -8133.824198   3754.613670              
VL51 -32036.719895  -9110.518015  50865.236987              
*  2025  5  3 14 22   0.00000000                            
PL51   7907.783540  -8227.159651   4358.760277              
VL51 -34249.179653  -6434.900524  49799.386874              
*  2025  5  3 14 24   0.00000000                            
PL51   7484.276288  -8288.032071   4949.170587              
VL51 -36309.345217  -3701.859745  48576.458675              
*  2025  5  3 14 26   0.00000000                            
PL51   7036.997962  -8315.819484   5523.982462              
VL51 -38209.856523   -922.628830  47200.338127              
*  2025  5  3 14 28   0.00000000                            
PL51   6567.905058  -8310.036370   6081.383448              
VL51 -39944.059694   1891.291747  45675.417293              
*  2025  5  3 14 30   0.00000000                            
PL51   6079.029542  -8270.336563   6619.616756              
VL51 -41506.033802   4728.185238  44006.578888              
*  2025  5  3 14 32   0.00000000                            
PL51   5572.469921  -8196.515535   7136.987046              
VL51 -42890.614032   7576.170744  42199.178697              
*  2025  5  3 14 34   0.00000000                            
PL51   5050.382039  -8088.512051   7631.865989              
VL51 -44093.411131  10423.256150  40259.026199              
*  2025  5  3 14 36   0.00000000                            
PL51   4514.969680  -7946.409180   8102.697590              
VL51 -45110.827076  13257.391564  38192.363500              
*  2025  5  3 14 38   0.00000000                            
PL51   3968.474997  -7770.434668   8548.003240              
VL51 -45940.066905  16066.522993  36005.842702              
*  2025  5  3 14 40   0.00000000                            
PL51   3413.168818  -7560.960667   8966.386497              
VL51 -46579.146672  18838.645961  33706.501822              
*  2025  5  3 14 42   0.00000000                            
PL51   2851.340895  -7318.502817   9356.537563              
VL51 -47026.897546  21561.858803  31301.739409              
*  2025  5  3 14 44   0.00000000                            
PL51   2285.290109  -7043.718699   9717.237455              
VL51 -47282.966057  24224.415361  28799.287981              
*  2025  5  3 14 46   0.00000000                            
PL51   1717.314708  -6737.405653  10047.361845              
VL51 -47347.810539  26814.776831  26207.186428              
*  2025  5  3 14 48   0.00000000                            
PL51   1149.702601  -6400.497989  10345.884571              
VL51 -47222.693850  29321.662504  23533.751525              
*  2025  5  3 14 50   0.00000000                            
PL51    584.721772  -6034.063586  10611.880788              
VL51 -46909.672445  31734.099169  20787.548684              
*  2025  5  3 14 52   0.00000000                            
PL51     24.610834  -5639.299919  10844.529785              
VL51 -46411.581922  34041.468973  17977.362092              
*  2025  5  3 14 54   0.00000000                            
PL51   -528.430212  -5217.529512  11043.117419              
VL51 -45732.019157  36233.555514  15112.164360              
*  2025  5  3 14 56   0.00000000                            
PL51  -1072.248995  -4770.194856  11207.038195              
VL51 -44875.321182  38300.587990  12201.085816              
*  2025  5  3 14 58   0.00000000                            
PL51  -1604.749506  -4298.852807  11335.796975              
VL51 -43846.540936  40233.283223   9253.383558              
*  2025  5  3 15  0   0.00000000                            
PL51  -2123.900533  -3805.168494  11429.010312              
VL51 -42651.420074  42022.885403   6278.410382              
*  2025  5  3 15  2   0.00000000                            
PL51  -2627.743749  -3290.908762  11486.407409              
VL51 -41296.358985  43661.203389   3285.583706              
*  2025  5  3 15  4   0.00000000                            
PL51  -3114.401421  -2757.935189  11507.830713              
VL51 -39788.384212  45140.645456    284.354581              
*  2025  5  3 15  6   0.00000000                            
PL51  -3582.083718  -2208.196692  11493.236130              
VL51 -38135.113439  46454.251332  -2715.823092              
*  2025  5  3 15  8   0.00000000                            
PL51  -4029.095583  -1643.721779  11442.692878              
VL51 -36344.718260  47595.721450  -5705.523057              
*  2025  5  3 15 10   0.00000000                            
PL51  -4453.843146  -1066.610453  11356.382973              
VL51 -34425.884908  48559.443294  -8675.376799              
*  2025  5  3 15 12   0.00000000                            
PL51  -4854.839655   -479.025826  11234.600359              
VL51 -32387.773146  49340.514769 -11616.103167              
*  2025  5  3 15 14   0.00000000                            
PL51  -5230.710903    116.814527  11077.749683              
VL51 -30239.973530  49934.764526 -14518.537421              
*  2025  5  3 15 16   0.00000000                            
PL51  -5580.200136    718.647452  10886.344729              
VL51 -27992.463250  50338.769190 -17373.659637              
*  2025  5  3 15 18   0.00000000                            
PL51  -5902.172418   1324.173271  10661.006513              
VL51 -25655.560750  50549.867437 -20172.622384              
*  2025  5  3 15 20   0.00000000                            
PL51  -6195.618450   1931.064999  10402.461048              
VL51 -23239.879332  50566.170918 -22906.777614              
*  2025  5  3 15 22   0.00000000                            
PL51  -6459.657828   2536.977670  10111.536800              
VL51 -20756.279961  50386.571984 -25567.702681              
*  2025  5  3 15 24   0.00000000                            
PL51  -6693.541724   3139.557734   9789.161824              
VL51 -18215.823464  50010.748227 -28147.225452              
*  2025  5  3 15 26   0.00000000                            
PL51  -6896.655002   3736.452491   9436.360622              
VL51 -15629.722328  49439.163832 -30637.448421              
*  2025  5  3 15 28   0.00000000                            
PL51  -7068.517741   4325.319526   9054.250696              
VL51 -13009.292305  48673.067759 -33030.771806              
*  2025  5  3 15 30   0.00000000                            
PL51  -7208.786187   4903.836093   8644.038855              
VL51 -10365.904008  47714.488784 -35319.915536              
*  2025  5  3 15 32   0.00000000                            
PL51  -7317.253122   5469.708435   8207.017240              
VL51  -7710.934712  46566.227434 -37497.940116              
*  2025  5  3 15 34   0.00000000                            
PL51  -7393.847655   6020.680976   7744.559127              
VL51  -5055.720538  45231.844868 -39558.266296              
*  2025  5  3 15 36   0.00000000                            
PL51  -7438.634447   6554.545369   7258.114488              
VL51  -2411.509213  43715.648759 -41494.693518              
*  2025  5  3 15 38   0.00000000                            
PL51  -7451.812366   7069.149355   6749.205343              
VL51    210.586405  42022.676252 -43301.417081              
*  2025  5  3 15 40   0.00000000                            
PL51  -7433.712598   7562.405397   6219.420911              
VL51   2799.633858  40158.674082 -44973.044008              
*  2025  5  3 15 42   0.00000000                            
PL51  -7384.796214   8032.299068   5670.412588              
VL51   5344.925504  38130.075936 -46504.607559              
*  2025  5  3 15 44   0.00000000                            
PL51  -7305.651211   8476.897139   5103.888742              
VL51   7836.021637  35943.977172 -47891.580373              
*  2025  5  3 15 46   0.00000000                            
PL51  -7196.989045   8894.355359   4521.609377              
VL51  10262.792158  33608.107006 -49129.886206              
*  2025  5  3 15 48   0.00000000                            
PL51  -7059.640676   9282.925882   3925.380651              
VL51  12615.456635  31130.798296 -50215.910243              
*  2025  5  3 15 50   0.00000000                            
PL51  -6894.552137   9640.964313   3317.049287              
VL51  14884.622606  28520.955049 -51146.507985              
*  2025  5  3 15 52   0.00000000                            
PL51  -6702.779662   9966.936364   2698.496883              
VL51  17061.321994  25788.017800 -51919.012670              
*  2025  5  3 15 54   0.00000000                            
PL51  -6485.484379  10259.424068   2071.634139              
VL51  19137.045490  22941.926997 -52531.241252              
*  2025  5  3 15 56   0.00000000                            
PL51  -6243.926617  10517.131552   1438.395029              
VL51  21103.774797  19993.084573 -52981.498919              
*  2025  5  3 15 58   0.00000000                            
PL51  -5979.459823  10738.890335    800.730915              
VL51  22954.012629  16952.313817 -53268.582151              
*  2025  5  3 16  0   0.00000000                            
PL51  -5693.524151  10923.664138    160.604650              
VL51  24680.810344  13830.817763 -53391.780323              
*  2025  5  3 16  2   0.00000000                            
PL51  -5387.639714  11070.553181   -480.015350              
VL51  26277.793142  10640.136239 -53350.875875              
*  2025  5  3 16  4   0.00000000                            
PL51  -5063.399570  11178.797963  -1119.161006              
VL51  27739.182730   7392.101767 -53146.143046              
*  2025  5  3 16  6   0.00000000                            
PL51  -4722.462432  11247.782504  -1754.870472              
VL51  29059.817405   4098.794488 -52778.345220              
*  2025  5  3 16  8   0.00000000                            
PL51  -4366.545169  11277.037044  -2385.193975              
VL51  30235.169481    772.496308 -52248.730890              
*  2025  5  3 16 10   0.00000000                            
PL51  -3997.415098  11266.240184  -3008.199611              
VL51  31261.360038  -2574.355557 -51559.028300              
*  2025  5  3 16 12   0.00000000                            
PL51  -3616.882135  11215.220467  -3621.979059              
VL51  32135.170956  -5929.215462 -50711.438796              
*  2025  5  3 16 14   0.00000000                            
PL51  -3226.790796  11123.957402  -4224.653213              
VL51  32854.054219  -9279.476452 -49708.628947              
*  2025  5  3 16 16   0.00000000                            
PL51  -2829.012120  10992.581912  -4814.377716              
VL51  33416.138499 -12612.517454 -48553.721468              
*  2025  5  3 16 18   0.00000000                            
PL51  -2425.435521  10821.376221  -5389.348368              
VL51  33820.233026 -15915.750388 -47250.285028              
*  2025  5  3 16 20   0.00000000                            
PL51  -2017.960612  10610.773179  -5947.806411              
VL51  34065.828764 -19176.667032 -45802.322951              
*  2025  5  3 16 22   0.00000000                            
PL51  -1608.489030  10361.355021  -6488.043677              
VL51  34153.096923 -22382.885504 -44214.260904              
*  2025  5  3 16 24   0.00000000                            
PL51  -1198.916295  10073.851579  -7008.407571              
VL51  34082.884848 -25522.196202 -42490.933576              
*  2025  5  3 16 26   0.00000000                            
PL51   -791.123734   9749.137938  -7507.305900              
VL51  33856.709322 -28582.607086 -40637.570419              
*  2025  5  3 16 28   0.00000000                            
PL51   -386.970503   9388.231561  -7983.211517              
VL51  33476.747324 -31552.388146 -38659.780480              
*  2025  5  3 16 30   0.00000000                            
PL51     11.714273   8992.288877  -8434.666780              
VL51  32945.824306 -34420.114935 -36563.536368              
*  2025  5  3 16 32   0.00000000                            
PL51    403.139194   8562.601367  -8860.287816              
VL51  32267.400048 -37174.711041 -34355.157391              
*  2025  5  3 16 34   0.00000000                            
PL51    785.558101   8100.591130  -9258.768579              
VL51  31445.552144 -39805.489370 -32041.291912              
*  2025  5  3 16 36   0.00000000                            
PL51   1157.277381   7607.805976  -9628.884683              
VL51  30484.957194 -42302.192103 -29628.898963              
*  2025  5  3 16 38   0.00000000                            
PL51   1516.663030   7085.914039  -9969.497019              
VL51  29390.869785 -44655.029257 -27125.229142              
*  2025  5  3 16 40   0.00000000                            
PL51   1862.147454   6536.697938 -10279.555139              
VL51  28169.099337 -46854.715687 -24537.804850              
*  2025  5  3 16 42   0.00000000                            
PL51   2192.235972   5962.048509 -10558.100390              
VL51  26825.984892 -48892.506468 -21874.399894              
*  2025  5  3 16 44   0.00000000                            
PL51   2505.513018   5363.958118 -10804.268809              
VL51  25368.367951 -50760.230540 -19143.018487              
*  2025  5  3 16 46   0.00000000                            
PL51   2800.647994   4744.513577 -11017.293761              
VL51  23803.563435 -52450.322512 -16351.873676              
*  2025  5  3 16 48   0.00000000                            
PL51   3076.400766   4105.888701 -11196.508307              
VL51  22139.328867 -53955.852554 -13509.365238              
*  2025  5  3 16 50   0.00000000                            
PL51   3331.626787   3450.336508 -11341.347314              
VL51  20383.831883 -55270.554275 -10624.057046              
*  2025  5  3 16 52   0.00000000                            
PL51   3565.281810   2780.181103 -11451.349284              
VL51  18545.616155 -56388.850489  -7704.653955              
*  2025  5  3 16 54   0.00000000                            
PL51   3776.426195   2097.809261 -11526.157909              
VL51  16633.565841 -57305.876803  -4759.978218              
*  2025  5  3 16 56   0.00000000                            
PL51   3964.228767   1405.661748 -11565.523327              
VL51  14656.868661 -58017.502923  -1798.945453              
*  2025  5  3 16 58   0.00000000                            
PL51   4127.970237    706.224390 -11569.303106              
VL51  12624.977711 -58520.351597   1169.459797              
*  2025  5  3 17  0   0.00000000                            
PL51   4267.046149      2.018941 -11537.462915              
VL51  10547.572122 -58811.815121   4136.208900              
*  2025  5  3 17  2   0.00000000                            
PL51   4380.969349   -704.406243 -11470.076908              
VL51   8434.516699 -58890.069310   7092.254343              
*  2025  5  3 17  4   0.00000000                            
PL51   4469.371972  -1410.485674 -11367.327793              
VL51   6295.820630 -58754.084855  10028.555272              
*  2025  5  3 17  6   0.00000000                            
PL51   4532.006919  -2113.646327 -11229.506599              
VL51   4141.595424 -58403.635993  12936.103335              
*  2025  5  3 17  8   0.00000000                            
PL51   4568.748827  -2811.317319 -11057.012132              
VL51   1982.012187 -57839.306392  15805.948800              
*  2025  5  3 17 10   0.00000000                            
PL51   4579.594531  -3500.939646 -10850.350110              
VL51   -172.741623 -57062.492179  18629.226899              
*  2025  5  3 17 12   0.00000000                            
PL51   4564.662995  -4179.975932 -10610.131984              
VL51  -2312.505803 -56075.402025  21397.184343              
*  2025  5  3 17 14   0.00000000                            
PL51   4524.194721  -4845.920169 -10337.073447              
VL51  -4427.191240 -54881.054227  24101.205960              
*  2025  5  3 17 16   0.00000000                            
PL51   4458.550636  -5496.307396 -10031.992607              
VL51  -6506.823798 -53483.270694  26732.841379              
*  2025  5  3 17 18   0.00000000                            
PL51   4368.210448  -6128.723295  -9695.807857              
VL51  -8541.588096 -51886.667814  29283.831694              
*  2025  5  3 17 20   0.00000000                            
PL51   4253.770479  -6740.813649  -9329.535416              
VL51 -10521.870998 -50096.644126  31746.136014              
*  2025  5  3 17 22   0.00000000                            
PL51   4115.940978  -7330.293642  -8934.286552              
VL51 -12438.304631 -48119.364783  34111.957830              
*  2025  5  3 17 24   0.00000000                            
PL51   3955.542928  -7894.956946  -8511.264495              
VL51 -14281.808742 -45961.742774  36373.771082              
*  2025  5  3 17 26   0.00000000                            
PL51   3773.504339  -8432.684569  -8061.761035              
VL51 -16043.632200 -43631.416900  38524.345853              
*  2025  5  3 17 28   0.00000000                            
PL51   3570.856057  -8941.453413  -7587.152820              
VL51 -17715.393454 -41136.726508  40556.773561              
*  2025  5  3 17 30   0.00000000                            
PL51   3348.727094  -9419.344516  -7088.897348              
VL51 -19289.119722 -38486.682999  42464.491545              
*  2025  5  3 17 32   0.00000000                            
PL51   3108.339491  -9864.550927  -6568.528676              
VL51 -20757.284726 -35690.938162  44241.306922              
*  2025  5  3 17 34   0.00000000                            
PL51   2851.002748 -10275.385188  -6027.652838              
VL51 -22112.844749 -32759.749382  45881.419587              
*  2025  5  3 17 36   0.00000000                            
PL51   2578.107817 -10650.286373  -5467.943005              
VL51 -23349.272817 -29703.941821  47379.444222              
*  2025  5  3 17 38   0.00000000                            
PL51   2291.120716 -10987.826666  -4891.134377              
VL51 -24460.590789 -26534.867674  48730.431181              
*  2025  5  3 17 40   0.00000000                            
PL51   1991.575756 -11286.717421  -4299.018837              
VL51 -25441.399163 -23264.362637  49929.886130              
*  2025  5  3 17 42   0.00000000                            
PL51   1681.068432 -11545.814691  -3693.439375              
VL51 -26286.904403 -19904.699746  50973.788287              
*  2025  5  3 17 44   0.00000000                            
PL51   1361.248000 -11764.124190  -3076.284306              
VL51 -26992.943596 -16468.540772  51858.607164              
*  2025  5  3 17 46   0.00000000                            
PL51   1033.809780 -11940.805649  -2449.481293              
VL51 -27556.006277 -12968.885366  52581.317665              
*  2025  5  3 17 48   0.00000000                            
PL51    700.487203 -12075.176563  -1814.991199              
VL51 -27973.253251  -9419.018205  53139.413441              
*  2025  5  3 17 50   0.00000000                            
PL51    363.043666 -12166.715278  -1174.801793              
VL51 -28242.532282  -5832.454360  53530.918390              
*  2025  5  3 17 52   0.00000000                            
PL51     23.264206 -12215.063424   -530.921326              
VL51 -28362.390506  -2222.883171  53754.396212              
*  2025  5  3 17 54   0.00000000                            
PL51   -317.052950 -12220.027663    114.627991              
VL51 -28332.083480   1395.889092  53808.957929              
*  2025  5  3 17 56   0.00000000                            
PL51   -656.104920 -12181.580741    759.816594              
VL51 -28151.580769   5009.997492  53694.267304              
*  2025  5  3 17 58   0.00000000                            
PL51   -992.092753 -12099.861844   1402.614215              
VL51 -27821.568004   8605.577298  53410.544095              
*  2025  5  3 18  0   0.00000000                            
PL51  -1323.230017 -11975.176236   2040.996568              
VL51 -27343.445386  12168.823137  52958.565104              
*  2025  5  3 18  2   0.00000000                            
PL51  -1647.751347 -11807.994194   2672.952025              
VL51 -26719.322598  15686.048122  52339.662995              
*  2025  5  3 18  4   0.00000000                            
PL51  -1963.920908 -11598.949232   3296.488268              
VL51 -25952.010154  19143.742602  51555.722862              
*  2025  5  3 18  6   0.00000000                            
PL51  -2270.040738 -11348.835627   3909.638890              
VL51 -25045.007205  22528.632218  50609.176560              
*  2025  5  3 18  8   0.00000000                            
PL51  -2564.458919 -11058.605249   4510.469906              
VL51 -24002.485866  25827.734928  49502.994828              
*  2025  5  3 18 10   0.00000000                            
PL51  -2845.577543 -10729.363721   5097.086166              
VL51 -22829.272157  29028.416700  48240.677235              
*  2025  5  3 18 12   0.00000000                            
PL51  -3111.860429 -10362.365915   5667.637626              
VL51 -21530.823640  32118.445550  46826.240006              
*  2025  5  3 18 14   0.00000000                            
PL51  -3361.840547  -9959.010812   6220.325469              
VL51 -20113.203915  35086.043646  45264.201815              
*  2025  5  3 18 16   0.00000000                            
PL51  -3594.127127  -9520.835753   6753.408035              
VL51 -18583.054088  37919.937197  43559.567599              
*  2025  5  3 18 18   0.00000000                            
PL51  -3807.412402  -9049.510099   7265.206552              
VL51 -16947.561407  40609.403877  41717.810515              
*  2025  5  3 18 20   0.00000000                            
PL51  -4000.477960  -8546.828349   7754.110636              
VL51 -15214.425226  43144.317538  39744.852124              
*  2025  5  3 18 22   0.00000000                            
PL51  -4172.200672  -8014.702726   8218.583548              
VL51 -13391.820508  45515.189999  37647.040923              
*  2025  5  3 18 24   0.00000000                            
PL51  -4321.558169  -7455.155287   8657.167176              
VL51 -11488.359076  47713.209726  35431.129344              
*  2025  5  3 18 26   0.00000000                            
PL51  -4447.633843  -6870.309591   9068.486741              
VL51  -9513.048823  49730.277207  33104.249349              
*  2025  5  3 18 28   0.00000000                            
PL51  -4549.621346  -6262.381959   9451.255196              
VL51  -7475.251133  51559.036905  30673.886752              
*  2025  5  3 18 30   0.00000000                            
PL51  -4626.828564  -5633.672366   9804.277313              
VL51  -5384.636724  53192.905649  28147.854410              
*  2025  5  3 18 32   0.00000000                            
PL51  -4678.681065  -4986.555031  10126.453443              
VL51  -3251.140175  54626.097372  25534.264415              
*  2025  5  3 18 34   0.00000000                            
PL51  -4704.724979  -4323.468711  10416.782934              
VL51  -1084.913362  55853.644137  22841.499417              
*  2025  5  3 18 36   0.00000000                            
PL51  -4704.629330  -3646.906784  10674.367202              
VL51   1103.721943  56871.413383  20078.183234              
*  2025  5  3 18 38   0.00000000                            
PL51  -4678.187778  -2959.407138  10898.412448              
VL51   3304.322076  57676.121368  17253.150843              
*  2025  5  3 18 40   0.00000000                            
PL51  -4625.319800  -2263.541922  11088.232006              
VL51   5506.369851  58265.342807  14375.417928              
*  2025  5  3 18 42   0.00000000                            
PL51  -4546.071277  -1561.907206  11243.248328              
VL51   7699.323048  58637.516702  11454.150068              
*  2025  5  3 18 44   0.00000000                            
PL51  -4440.614504   -857.112594  11362.994598              
VL51   9872.662806  58791.948397   8498.631733              
*  2025  5  3 18 46   0.00000000                            
PL51  -4309.247623   -151.770837  11447.115972              
VL51  12015.941672  58728.807924   5518.235175              
*  2025  5  3 18 48   0.00000000                            
PL51  -4152.393478    551.512522  11495.370444              
VL51  14118.831111  58449.124675   2522.389349              
*  2025  5  3 18 50   0.00000000                            
PL51  -3970.597907   1250.149403  11507.629341              
VL51  16171.168259  57954.778521   -479.451034              
*  2025  5  3 18 52   0.00000000                            
PL51  -3764.527482   1941.579328  11483.877446              
VL51  18163.001707  57248.487438  -3477.836233              
*  2025  5  3 18 54   0.00000000                            
PL51  -3534.966696   2623.279387  11424.212759              
VL51  20084.636144  56333.791762  -6463.351872              
*  2025  5  3 18 56   0.00000000                            
PL51  -3282.814633   3292.773993  11328.845888              
VL51  21926.675656  55215.035184  -9426.648919              
*  2025  5  3 18 58   0.00000000                            
PL51  -3009.081122   3947.644397  11198.099091              
VL51  23680.065520  53897.342601 -12358.473173              
*  2025  5  3 19  0   0.00000000                            
PL51  -2714.882402   4585.537909  11032.404963              
VL51  25336.132308  52386.594962 -15249.694157              
*  2025  5  3 19  2   0.00000000                            
PL51  -2401.436309   5204.176809  10832.304780              
VL51  26886.622164  50689.401254 -18091.333352              
*  2025  5  3 19  4   0.00000000                            
PL51  -2070.057028   5801.366901  10598.446510              
VL51  28323.737092  48813.067766 -20874.591691              
*  2025  5  3 19  6   0.00000000                            
PL51  -1722.149413   6375.005683  10331.582501              
VL51  29640.169129  46765.564801 -23590.876243              
*  2025  5  3 19  8   0.00000000                            
PL51  -1359.202911   6923.090104  10032.566849              
VL51  30829.132267  44555.490993 -26231.826013              
*  2025  5  3 19 10   0.00000000                            
PL51   -982.785122   7443.723876   9702.352465              
VL51  31884.392020  42192.035403 -28789.336805              
*  2025  5  3 19 12   0.00000000                            
PL51   -594.535014   7935.124325   9341.987850              
VL51  32800.292524  39684.937568 -31255.585089              
*  2025  5  3 19 14   0.00000000                            
PL51   -196.155827   8395.628747   8952.613590              
VL51  33571.781083  37044.445681 -33623.050799              
*  2025  5  3 19 16   0.00000000                            
PL51    210.592294   8823.700251   8535.458580              
VL51  34194.430071  34281.273094 -35884.539043              
*  2025  5  3 19 18   0.00000000                            
PL51    623.899921   9217.933070   8091.836000              
VL51  34664.456127  31406.553310 -38033.200651              
*  2025  5  3 19 20   0.00000000                            
PL51   1041.916175   9577.057334   7623.139050              
VL51  34978.736571  28431.793677 -40062.551531              
*  2025  5  3 19 22   0.00000000                            
PL51   1462.756737   9899.943264   7130.836455              
VL51  35134.823004  25368.827948 -41966.490795              
*  2025  5  3 19 24   0.00000000                            
PL51   1884.512010  10185.604803   6616.467767              
VL51  35130.952024  22229.767909 -43739.317602              
*  2025  5  3 19 26   0.00000000                            
PL51   2305.255385  10433.202661   6081.638470              
VL51  34966.053060  19026.954265 -45375.746688              
*  2025  5  3 19 28   0.00000000                            
PL51   2723.051591  10642.046759   5528.014908              
VL51  34639.753271  15772.906988 -46870.922541              
*  2025  5  3 19 30   0.00000000                            
PL51   3135.965079  10811.598085   4957.319044              
VL51  34152.379535  12480.275320 -48220.432179              
*  2025  5  3 19 32   0.00000000                            
PL51   3542.068418  10941.469943   4371.323087              
VL51  33504.957514   9161.787641 -49420.316516              
*  2025  5  3 19 34   0.00000000                            
PL51   3939.450660  11031.428600   3771.843981              
VL51  32699.207832   5830.201407 -50467.080286              
*  2025  5  3 19 36   0.00000000                            
PL51   4326.225643  11081.393342   3160.737787              
VL51  31737.539397   2498.253355 -51357.700509              
*  2025  5  3 19 38   0.00000000                            
PL51   4700.540195  11091.435919   2539.893970              
VL51  30623.039915   -821.389829 -52089.633500              
*  2025  5  3 19 40   0.00000000                            
PL51   5060.582209  11061.779421   1911.229620              
VL51  29359.463660  -4116.180175 -52660.820419              
*  2025  5  3 19 42   0.00000000                            
PL51   5404.588557  10992.796562   1276.683597              
VL51  27951.216564  -7373.736266 -53069.691363              
*  2025  5  3 19 44   0.00000000                            
PL51   5730.852803  10885.007395    638.210657              
VL51  26403.338697 -10581.890068 -53315.168013              
*  2025  5  3 19 46   0.00000000                            
PL51   6037.732701  10739.076486     -2.224463              
VL51  24721.484251 -13728.732554 -53396.664846              
*  2025  5  3 19 48   0.00000000                            
PL51   6323.657426  10555.809528   -642.652956              
VL51  22911.899091 -16802.658006 -53314.088939              
*  2025  5  3 19 50   0.00000000                            
PL51   6587.134535  10336.149452  -1281.107847              
VL51  20981.395995 -19792.406803 -53067.838373              
*  2025  5  3 19 52   0.00000000                            
PL51   6826.756600  10081.172017  -1915.629871              
VL51  18937.327694 -22687.106569 -52658.799267              
*  2025  5  3 19 54   0.00000000                            
PL51   7041.207527   9792.080934  -2544.273304              
VL51  16787.557817 -25476.311536 -52088.341478              
*  2025  5  3 19 56   0.00000000                            
PL51   7229.268494   9470.202511  -3165.111734              
VL51  14540.429888 -28150.039995 -51358.312984              
*  2025  5  3 19 58   0.00000000                            
PL51   7389.823517   9116.979877  -3776.243761              
VL51  12204.734485 -30698.809713 -50471.033003              
*  2025  5  3 20  0   0.00000000                            
PL51   7521.864611   8733.966783  -4375.798602              
VL51   9789.674711 -33113.671214 -49429.283877              
*  2025  5  3 20  2   0.00000000                            
PL51   7624.496522   8322.821020  -4961.941596              
VL51   7304.830115 -35386.238827 -48236.301771              
*  2025  5  3 20  4   0.00000000                            
PL51   7696.941024   7885.297478  -5532.879585              
VL51   4760.119197 -37508.719403 -46895.766231              
*  2025  5  3 20  6   0.00000000                            
PL51   7738.540753   7423.240881  -6086.866173              
VL51   2165.760654 -39473.938652 -45411.788647              
*  2025  5  3 20  8   0.00000000                            
PL51   7748.762571   6938.578207  -6622.206825              
VL51   -467.766499 -41275.365013 -43788.899666              
*  2025  5  3 20 10   0.00000000                            
PL51   7727.200447   6433.310849  -7137.263824              
VL51  -3129.763790 -42907.131020 -42032.035618              
*  2025  5  3 20 12   0.00000000                            
PL51   7673.577840   5909.506530  -7630.461051              
VL51  -5809.354975 -44364.052109 -40146.523973              
*  2025  5  3 20 14   0.00000000                            
PL51   7587.749580   5369.291009  -8100.288585              
VL51  -8495.528422 -45641.642846 -38138.067909              
*  2025  5  3 20 16   0.00000000                            
PL51   7469.703232   4814.839605  -8545.307118              
VL51 -11177.180041 -46736.130529 -36012.730012              
*  2025  5  3 20 18   0.00000000                            
PL51   7319.559951   4248.368577  -8964.152164              
VL51 -13843.156619 -47644.466176 -33776.915165              
*  2025  5  3 20 20   0.00000000                            
PL51   7137.574805   3672.126385  -9355.538060              
VL51 -16482.299418 -48364.332851 -31437.352674              
*  2025  5  3 20 22   0.00000000                            
PL51   6924.136584   3088.384874  -9718.261748              
VL51 -19083.487903 -48894.151364 -29001.077662              
*  2025  5  3 20 24   0.00000000                            
PL51   6679.767075   2499.430391 -10051.206333              
VL51 -21635.683473 -49233.083336 -26475.411785              
*  2025  5  3 20 26   0.00000000                            
PL51   6405.119818   1907.554901 -10353.344396              
VL51 -24127.973033 -49381.031637 -23867.943294              
*  2025  5  3 20 28   0.00000000                            
PL51   6100.978342   1315.047091 -10623.741076              
VL51 -26549.612322 -49338.638227 -21186.506487              
*  2025  5  3 20 30   0.00000000                            
PL51   5768.253878    724.183535 -10861.556894              
VL51 -28890.068826 -49107.279411 -18439.160571              
*  2025  5  3 20 32   0.00000000                            
PL51   5407.982564    137.219922 -11066.050324              
VL51 -31139.064176 -48689.058541 -15634.167968              
*  2025  5  3 20 34   0.00000000                            
PL51   5021.322147   -443.617616 -11236.580096              
VL51 -33286.615886 -48086.796188 -12779.972093              
*  2025  5  3 20 36   0.00000000                            
PL51   4609.548180  -1016.141037 -11372.607235              
VL51 -35323.078319 -47304.017813  -9885.174616              
*  2025  5  3 20 38   0.00000000                            
PL51   4174.049744  -1578.208759 -11473.696817              
VL51 -37239.182737 -46344.938980  -6958.512245              
*  2025  5  3 20 40   0.00000000                            
PL51   3716.324687  -2127.733844 -11539.519453              
VL51 -39026.076321 -45214.448139  -4008.833039              
*  2025  5  3 20 42   0.00000000                            
PL51   3237.974406  -2662.691955 -11569.852477              
VL51 -40675.360015 -43918.087018  -1045.072296              
*  2025  5  3 20 44   0.00000000                            
PL51   2740.698180  -3181.129069 -11564.580850              
VL51 -42179.125073 -42462.028677   1923.771997              
*  2025  5  3 20 46   0.00000000                            
PL51   2226.287075  -3681.168904 -11523.697758              
VL51 -43529.988176 -40853.053265   4888.664082              
*  2025  5  3 20 48   0.00000000                            
PL51   1696.617437  -4161.020054 -11447.304916              
VL51 -44721.124973 -39098.521521   7840.555731              
*  2025  5  3 20 50   0.00000000                            
PL51   1153.643987  -4618.982782 -11335.612567              
VL51 -45746.301908 -37206.346097  10770.411876              
*  2025  5  3 20 52   0.00000000                            
PL51    599.392557  -5053.455461 -11188.939164              
VL51 -46599.906206 -35184.960733  13669.236528              
*  2025  5  3 20 54   0.00000000                            
PL51     35.952463  -5462.940633 -11007.710749              
VL51 -47276.973856 -33043.287375  16528.098968              
*  2025  5  3 20 56   0.00000000                            
PL51   -534.531430  -5846.050658 -10792.460007              
VL51 -47773.215449 -30790.701301  19338.160131              
*  2025  5  3 20 58   0.00000000                            
PL51  -1109.866953  -6201.512936 -10543.825011              
VL51 -48085.039752 -28436.994335  22090.699164              
*  2025  5  3 21  0   0.00000000                            
PL51  -1687.823139  -6528.174677 -10262.547639              
VL51 -48209.574837 -25992.336244  24777.140063              
*  2025  5  3 21  2   0.00000000                            
PL51  -2266.138966  -6825.007196  -9949.471681              
VL51 -48144.686661 -23467.234421  27389.078361              
*  2025  5  3 21  4   0.00000000                            
PL51  -2842.532312  -7091.109711  -9605.540618              
VL51 -47888.994929 -20872.491952  29918.307764              
*  2025  5  3 21  6   0.00000000                            
PL51  -3414.709082  -7325.712638  -9231.795084              
VL51 -47441.886118 -18219.164210  32356.846672              
*  2025  5  3 21  8   0.00000000                            
PL51  -3980.372469  -7528.180345  -8829.370013              
VL51 -46803.523531 -15518.514080  34696.964490              
*  2025  5  3 21 10   0.00000000                            
PL51  -4537.232324  -7698.013373  -8399.491468              
VL51 -45974.854246 -12781.965992  36931.207629              
*  2025  5  3 21 12   0.00000000                            
PL51  -5083.014586  -7834.850088  -7943.473168              
VL51 -44957.612857 -10021.058901  39052.425095              
*  2025  5  3 21 14   0.00000000                            
PL51  -5615.470738  -7938.467774  -7462.712700              
VL51 -43754.321901  -7247.398396  41053.793549              
*  2025  5  3 21 16   0.00000000                            
PL51  -6132.387247  -8008.783137  -6958.687445              
VL51 -42368.288875  -4472.608132  42928.841728              
*  2025  5  3 21 18   0.00000000                            
PL51  -6631.594951  -8045.852234  -6432.950206              
VL51 -40803.599782  -1708.280773  44671.474093              
*  2025  5  3 21 20   0.00000000                            
PL51  -7110.978342  -8049.869797  -5887.124564              
VL51 -39065.109137   1034.071334  46275.993588              
*  2025  5  3 21 22   0.00000000                            
PL51  -7568.484710  -8021.167980  -5322.899967              
VL51 -37158.426404   3743.065531  47737.123368              
*  2025  5  3 21 24   0.00000000                            
PL51  -8002.133106  -7960.214503  -4742.026557              
VL51 -35089.898848   6407.498030  49050.027380              
*  2025  5  3 21 26   0.00000000                            
PL51  -8410.023073  -7867.610217  -4146.309769              
VL51 -32866.590807   9016.392673  50210.329649              
*  2025  5  3 21 28   0.00000000                            
PL51  -8790.343108  -7744.086077  -3537.604699              
VL51 -30496.259412  11559.049003  51214.132154              
*  2025  5  3 21 30   0.00000000                            
PL51  -9141.378813  -7590.499555  -2917.810267              
VL51 -27987.326816  14025.089405  52058.031161              
*  2025  5  3 21 32   0.00000000                            
PL51  -9461.520694  -7407.830486  -2288.863201              
VL51 -25348.849015  16404.505055  52739.131902              
*  2025  5  3 21 34   0.00000000                            
PL51  -9749.271558  -7197.176376  -1652.731845              
VL51 -22590.481356  18687.700422  53255.061475              
*  2025  5  3 21 36   0.00000000                            
PL51 -10003.253487  -6959.747182  -1011.409830              
VL51 -19722.440878  20865.536066  53603.979871              
*  2025  5  3 21 38   0.00000000                            
PL51 -10222.214337  -6696.859591   -366.909625              
VL51 -16755.465632  22929.369476  53784.589034              
*  2025  5  3 21 40   0.00000000                            
PL51 -10405.033729  -6409.930827    278.744012              
VL51 -13700.771174  24871.093716  53796.139860              
*  2025  5  3 21 42   0.00000000                            
PL51 -10550.728505  -6100.472000    923.520656              
VL51 -10570.004427  26683.173629  53638.437078              
*  2025  5  3 21 44   0.00000000                            
PL51 -10658.457619  -5770.081041   1565.390872              
VL51  -7375.195154  28358.679390  53311.841953              
*  2025  5  3 21 46   0.00000000                            
PL51 -10727.526427  -5420.435255   2202.332905              
VL51  -4128.705279  29891.317185  52817.272768              
*  2025  5  3 21 48   0.00000000                            
PL51 -10757.390357  -5053.283513   2832.339356              
VL51   -843.176342  31275.456848  52156.203072              
*  2025  5  3 21 50   0.00000000                            
PL51 -10747.657945  -4670.438145   3453.423817              
VL51   2468.524642  32506.156264  51330.657680              
*  2025  5  3 21 52   0.00000000                            
PL51 -10698.093207  -4273.766552   4063.627458              
VL51   5793.360625  33579.182411  50343.206449              
*  2025  5  3 21 54   0.00000000                            
PL51 -10608.617341  -3865.182584   4661.025516              
VL51   9118.180952  34491.028902  49196.955837              
*  2025  5  3 21 56   0.00000000                            
PL51 -10479.309750  -3446.637739   5243.733674              
VL51  12429.778471  35238.929939  47895.538311              
*  2025  5  3 21 58   0.00000000                            
PL51 -10310.408376  -3020.112207   5809.914297              
VL51  15714.947015  35820.870595  46443.099642              
*  2025  5  3 22  0   0.00000000                            
PL51 -10102.309338  -2587.605816   6357.782506              
VL51  18960.538920  36235.593376  44844.284176              
*  2025  5  3 22  2   0.00000000                            
PL51  -9855.565892  -2151.128926   6885.612065              
VL51  22153.522296  36482.601055  43104.218152              
*  2025  5  3 22  4   0.00000000                            
PL51  -9570.886697  -1712.693302   7391.741050              
VL51  25281.037715  36562.155752  41228.491185              
*  2025  5  3 22  6   0.00000000                            
PL51  -9249.133413  -1274.303031   7874.577295              
VL51  28330.454043  36475.274321  39223.136007              
*  2025  5  3 22  8   0.00000000                            
PL51  -8891.317625   -837.945507   8332.603575              
VL51  31289.423119  36223.720075  37094.606590              
*  2025  5  3 22 10   0.00000000                            
PL51  -8498.597137   -405.582543   8764.382524              
VL51  34145.933010  35809.990934  34849.754778              
*  2025  5  3 22 12   0.00000000                            
PL51  -8072.271615     20.858353   9168.561263              
VL51  36888.359587  35237.304089  32495.805547              
*  2025  5  3 22 14   0.00000000                            
PL51  -7613.777641    439.492506   9543.875722              
VL51  39505.516178  34509.577299  30040.331025              
*  2025  5  3 22 16   0.00000000                            
PL51  -7124.683174    848.486348   9889.154644              
VL51  41986.701067  33631.406952  27491.223412              
*  2025  5  3 22 18   0.00000000                            
PL51  -6606.681454   1246.065416  10203.323261              
VL51  44321.742640  32608.043048  24856.666926              
*  2025  5  3 22 20   0.00000000                            
PL51  -6061.584390   1630.522031  10485.406621              
VL51  46501.041964  31445.361256  22145.108921              
*  2025  5  3 22 22   0.00000000                            
PL51  -5491.315437   2000.222623  10734.532572              
VL51  48515.612653  30149.832231  19365.230296              
*  2025  5  3 22 24   0.00000000                            
PL51  -4897.902027   2353.614676  10949.934385              
VL51  50357.117844  28728.488381  16525.915342              
*  2025  5  3 22 26   0.00000000                            
PL51  -4283.467567   2689.233255  11130.953010              
VL51  52017.904156  27188.888269  13636.221155              
*  2025  5  3 22 28   0.00000000                            
PL51  -3650.223046   3005.707098  11277.038962              
VL51  53491.032507  25539.078870  10705.346747              
*  2025  5  3 22 30   0.00000000                            
PL51  -3000.458297   3301.764240  11387.753844              
VL51  54770.305706  23787.555883   7742.601973              
*  2025  5  3 22 32   0.00000000                            
PL51  -2336.532946   3576.237149  11462.771483              
VL51  55850.292723  21943.222326   4757.376409              
*  2025  5  3 22 34   0.00000000                            
PL51  -1660.867087   3828.067361  11501.878707              
VL51  56726.349601  20015.345622   1759.108288              
*  2025  5  3 22 36   0.00000000                            
PL51   -975.931730   4056.309585  11504.975739              
VL51  57394.636943  18013.513412  -1242.746398              
*  2025  5  3 22 38   0.00000000                            
PL51   -284.239059   4260.135281  11472.076227              
VL51  57852.133978  15947.588297  -4238.744524              
*  2025  5  3 22 40   0.00000000                            
PL51    411.667459   4438.835675  11403.306907              
VL51  58096.649169  13827.661747  -7219.486105              
*  2025  5  3 22 42   0.00000000                            
PL51   1109.223073   4591.824233  11298.906908              
VL51  58126.827379  11664.007378 -10175.644111              
*  2025  5  3 22 44   0.00000000                            
PL51   1805.851809   4718.638563  11159.226698              
VL51  57942.153603   9467.033815 -13097.993769              
*  2025  5  3 22 46   0.00000000                            
PL51   2498.976555   4818.941748  10984.726685              
VL51  57542.953288   7247.237356 -15977.441246              
*  2025  5  3 22 48   0.00000000                            
PL51   3186.029134   4892.523115  10775.975478              
VL51  56930.389279   5015.154633 -18805.051659              
*  2025  5  3 22 50   0.00000000                            
PL51   3864.460320   4939.298440  10533.647813              
VL51  56106.455421   2781.315473 -21572.076338              
*  2025  5  3 22 52   0.00000000                            
PL51   4531.749750   4959.309579  10258.522161              
VL51  55073.966899    556.196168 -24269.979269              
*  2025  5  3 22 54   0.00000000                            
PL51   5185.415707   4952.723553   9951.478019              
VL51  53836.547355  -1649.826669 -26890.462650              
*  2025  5  3 22 56   0.00000000                            
PL51   5823.024734   4919.831076   9613.492908              
VL51  52398.612875  -3826.521464 -29425.491508              
*  2025  5  3 22 58   0.00000000                            
PL51   6442.201025   4861.044549   9245.639070              
VL51  50765.352930  -5963.846079 -31867.317312              
*  2025  5  3 23  0   0.00000000                            
PL51   7040.635580   4776.895524   8849.079900              
VL51  48942.708368  -8051.991072 -34208.500527              
*  2025  5  3 23  2   0.00000000                            
PL51   7616.095073   4668.031662   8425.066104              
VL51  46937.346554 -10081.421651 -36441.932060              
*  2025  5  3 23  4   0.00000000                            
PL51   8166.430413   4535.213187   7974.931612              
VL51  44756.633784 -12042.918156 -38560.853543              
*  2025  5  3 23  6   0.00000000                            
PL51   8689.584945   4379.308876   7500.089256              
VL51  42408.605090 -13927.614915 -40558.876409              
*  2025  5  3 23  8   0.00000000                            
PL51   9183.602284   4201.291583   7002.026222              
VL51  39901.931565 -15727.037330 -42429.999705              
*  2025  5  3 23 10   0.00000000                            
PL51   9646.633744   4002.233332   6482.299295              
VL51  37245.885366 -17433.137041 -44168.626610              
*  2025  5  3 23 12   0.00000000                            
PL51  10076.945323   3783.300005   5942.529926              
VL51  34450.302540 -19038.325047 -45769.579614              
*  2025  5  3 23 14   0.00000000                            
PL51  10472.924243   3545.745641   5384.399107              
VL51  31525.543840 -20535.502663 -47228.114327              
*  2025  5  3 23 16   0.00000000                            
PL51  10833.084997   3290.906374   4809.642101              
VL51  28482.453690 -21918.090188 -48539.931891              
*  2025  5  3 23 18   0.00000000                            
PL51  11156.074900   3020.194049   4220.043030              
VL51  25332.317494 -23180.053211 -49701.189980              
*  2025  5  3 23 20   0.00000000                            
PL51  11440.679119   2735.089534   3617.429336              
VL51  22086.817437 -24315.926436 -50708.512360              
*  2025  5  3 23 22   0.00000000                            
PL51  11685.825160   2437.135754   3003.666136              
VL51  18757.986990 -25320.834978 -51558.996998              
*  2025  5  3 23 24   0.00000000                            
PL51  11890.586807   2127.930499   2380.650496              
VL51  15358.164283 -26190.513035 -52250.222728              
*  2025  5  3 23 26   0.00000000                            
PL51  12054.187490   1809.119011   1750.305620              
VL51  11899.944564 -26921.319909 -52780.254447              
*  2025  5  3 23 28   0.00000000                            
PL51  12176.003085   1482.386402   1114.574999              
VL51   8396.131890 -27510.253313 -53147.646860              
*  2025  5  3 23 30   0.00000000                            
PL51  12255.564126   1149.449926    475.416518              
VL51   4859.690285 -27954.959947 -53351.446779              
*  2025  5  3 23 32   0.00000000                            
PL51  12292.557428    812.051145   -165.203460              
VL51   1303.694539 -28253.743308 -53391.193987              
*  2025  5  3 23 34   0.00000000                            
PL51  12286.827121    471.948008   -805.316004              
VL51  -2258.719172 -28405.568753 -53266.920683              
*  2025  5  3 23 36   0.00000000                            
PL51  12238.375093    130.906897  -1442.955514              
VL51  -5814.402638 -28410.065777 -52979.149535              
*  2025  5  3 23 38   0.00000000                            
PL51  12147.360833   -209.305341  -2076.165589              
VL51  -9350.244768 -28267.527572 -52528.890356              
*  2025  5  3 23 40   0.00000000                            
PL51  12014.100700   -546.929350  -2703.004849              
VL51 -12853.220360 -27978.907844 -51917.635454              
*  2025  5  3 23 42   0.00000000                            
PL51  11839.066596   -880.221150  -3321.552683              
VL51 -16310.438295 -27545.814963 -51147.353663              
*  2025  5  3 23 44   0.00000000                            
PL51  11622.884077  -1207.459949  -3929.914933              
VL51 -19709.189018 -26970.503470 -50220.483128              
*  2025  5  3 23 46   0.00000000                            
PL51  11366.329887  -1526.955833  -4526.229472              
VL51 -23036.991102 -26255.863012 -49139.922858              
*  2025  5  3 23 48   0.00000000                            
PL51  11070.328953  -1837.057308  -5108.671678              
VL51 -26281.636775 -25405.404764 -47909.023105              
*  2025  5  3 23 50   0.00000000                            
PL51  10735.950832  -2136.158663  -5675.459787              
VL51 -29431.236239 -24423.245413 -46531.574623              
*  2025  5  3 23 52   0.00000000                            
PL51  10364.405631  -2422.707131  -6224.860109              
VL51 -32474.260655 -23314.088794 -45011.796843              
*  2025  5  3 23 54   0.00000000                            
PL51   9957.039434  -2695.209811  -6755.192093              
VL51 -35399.583664 -22083.205253 -43354.325021              
*  2025  5  3 23 56   0.00000000                            
PL51   9515.329222  -2952.240334  -7264.833242              
VL51 -38196.521320 -20736.408840 -41564.196410              
*  2025  5  3 23 58   0.00000000                            
PL51   9040.877338  -3192.445235  -7752.223840              
VL51 -40854.870329 -19280.032423 -39646.835493              
EOF                                                         
